filepath,label,group_id,subject_ids,socofing_files,sha256,split
data/datasets/A+/cluster_0_2609.BMP,A+,SUBJECT_GROUP_0376,382,382__M_Left_index_finger.BMP,0d10fd8c2bc15733acf633f6653211c93530c389a10772b21531eaca52d5a828,validation
data/datasets/A+/cluster_0_262.BMP,A+,SUBJECT_GROUP_0415,422,422__M_Left_index_finger.BMP,1e7da0df80591dfaf585af3ff54c8831195c0ff1d6521df49512e5265d771218,train
data/datasets/A+/cluster_0_2640.BMP,A+,SUBJECT_GROUP_0511,519,519__M_Left_thumb_finger.BMP,81ac76721e44eef38e5576dcfd6037017d6bc94ca21e3312b2e2237b122b121a,train
data/datasets/A+/cluster_0_2642.BMP,A+,SUBJECT_GROUP_0250,254,254__M_Left_index_finger.BMP,4ec4221dec651087513fa949bd3855619d409f66fa063f68f6b8247d28eb8c34,validation
data/datasets/A+/cluster_0_2670.BMP,A+,SUBJECT_GROUP_0453,460,460__M_Left_thumb_finger.BMP,245989a6affd0c1d332be9884748979d757ea2f118f38162b991fd5839a66912,test
data/datasets/A+/cluster_0_2672.BMP,A+,SUBJECT_GROUP_0026,26,26__M_Left_thumb_finger.BMP,dcd18ab29eebfa2592036a930eae222e57f90982578916cafbc929e927b811f4,train
data/datasets/A+/cluster_0_2678.BMP,A+,SUBJECT_GROUP_0478,485,485__M_Left_thumb_finger.BMP,bacb005c2b8242e63798e7a380f188c237e47eaf11c0b9531285a90e5ed702c3,validation
data/datasets/A+/cluster_0_2679.BMP,A+,SUBJECT_GROUP_0086,86,86__M_Left_index_finger.BMP,eb49264683394f9f3fa465ebc447ffab84c764b28f4918358be68c065ecc72b4,test
data/datasets/A+/cluster_0_2693.BMP,A+,SUBJECT_GROUP_0016,16,16__M_Left_index_finger.BMP,480c2a4bb2089639f5c986515d503379702f4ec05fd6c1e81233ff044998b1a6,train
data/datasets/A+/cluster_0_271.BMP,A+,SUBJECT_GROUP_0188,188,188__M_Left_thumb_finger.BMP,d40e5f3cfa5a57d97c594a4f44a61b6e100aa43786649194f16fa9d2f734b916,train
data/datasets/A+/cluster_0_2716.BMP,A+,SUBJECT_GROUP_0155,155,155__M_Right_ring_finger.BMP,630093d2bbc1f6cb9345833236da479e7918de3c5e0a7d14808cf313a2bcf990,train
data/datasets/A+/cluster_0_2719.BMP,A+,SUBJECT_GROUP_0089,89,89__M_Left_thumb_finger.BMP,372e457d0c551f5c624b50035ce8d09ab6751da50f8a8ad024f5ac4190162e53,validation
data/datasets/A+/cluster_0_273.BMP,A+,SUBJECT_GROUP_0083,83,83__M_Left_index_finger.BMP,4a0320ce92aa50fcd1d2b3c9c6e38356a7dc1776d9eb3ee61286a17e5fbfd2d6,train
data/datasets/A+/cluster_0_2737.BMP,A+,SUBJECT_GROUP_0107,107,107__M_Left_middle_finger.BMP,0654d397adc656c14145f02350fb80aff98a2b4e3b091cc2fe10599029dfc782,validation
data/datasets/A+/cluster_0_2782.BMP,A+,SUBJECT_GROUP_0133,133,133__M_Left_middle_finger.BMP,cee558615d1e879ba7a8f69dc945ea6f5485644814a19a3a826886573127af45,train
data/datasets/A+/cluster_0_2784.BMP,A+,SUBJECT_GROUP_0199,199,199__M_Left_thumb_finger.BMP,7c0ab8768720e2f542eceb8d3f61969198de4b2c57e927fc2d71e3132a244ea0,train
data/datasets/A+/cluster_0_2812.BMP,A+,SUBJECT_GROUP_0392,398,398__M_Right_ring_finger.BMP,7a7c220556baa7fa6d23d124c38b5d75c902ea47661187f4f2c641657c78dcfb,train
data/datasets/A+/cluster_0_2821.BMP,A+,SUBJECT_GROUP_0502,509,509__M_Left_middle_finger.BMP,9905277ec786f1129ec345b15f7b1e907a4de0415273b5332398f057b29d6579,train
data/datasets/A+/cluster_0_2849.BMP,A+,SUBJECT_GROUP_0035,35,35__M_Left_thumb_finger.BMP,6f007816c48c8dca7471840f277b4a43d558f785182ab314669fd3cad44a2882,validation
data/datasets/A+/cluster_0_2860.BMP,A+,SUBJECT_GROUP_0294,299,299__M_Left_index_finger.BMP,cee3a35ec43a64502532b719323e46893b2b9f54d1d6b7d8f865ee8c081569d2,validation
data/datasets/A+/cluster_0_2871.BMP,A+,SUBJECT_GROUP_0507,515,515__M_Left_thumb_finger.BMP,abb93e1577393e5ae620552b36b0541f06f9403713822c8f5d33d074a06e396f,train
data/datasets/A+/cluster_0_2872.BMP,A+,SUBJECT_GROUP_0034,34,34__M_Left_index_finger.BMP,316b38f7ad75827d8c580efab72cdfeb0851f7c6772819a426d308b80c295aed,test
data/datasets/A+/cluster_0_2895.BMP,A+,SUBJECT_GROUP_0130,130,130__F_Left_thumb_finger.BMP,fde0f02edf1618f6e1b5252f7cf0f3cb72a1d9bab6025f7aabf91d288e558816,train
data/datasets/A+/cluster_0_2902.BMP,A+,SUBJECT_GROUP_0116,116,116__M_Left_thumb_finger.BMP,f32eaddf476b5fe06ed3fb5dd23ceaa34a57c38bbaea23149521c96f6965e001,test
data/datasets/A+/cluster_0_291.BMP,A+,SUBJECT_GROUP_0357,362,362__M_Left_thumb_finger.BMP,2ca2df98660953ce88cf346ac3987a4ba925fe2b433c2400a9b6c33bb1045bed,train
data/datasets/A+/cluster_0_2913.BMP,A+,SUBJECT_GROUP_0138,138,138__M_Left_middle_finger.BMP,1a8ebca397c6c53fae399752c80754c3107b5ff50b83fd13cd0b17802893b9f6,train
data/datasets/A+/cluster_0_2922.BMP,A+,SUBJECT_GROUP_0280,285,285__M_Left_index_finger.BMP,c852b500a4aa2be12dc70afdebe5cc4cc62b015956c6e687e583dc07094ae77e,train
data/datasets/A+/cluster_0_2927.BMP,A+,SUBJECT_GROUP_0518,526,526__F_Right_ring_finger.BMP,82d3f16c77cf21280ece06513abb0d70d8316fb6f77721e4f00fae3d15c120a2,train
data/datasets/A+/cluster_0_2930.BMP,A+,SUBJECT_GROUP_0413,420,420__M_Left_thumb_finger.BMP,e45dc657a842c4612bd147aa250042fd41ab43611a8a3c4a4f23f339309a178b,train
data/datasets/A+/cluster_0_2951.BMP,A+,SUBJECT_GROUP_0366,371,371__M_Left_thumb_finger.BMP,345cb9afd5e925e2f34951464bded3b10045bf1e621a14874c7cfa47c9f109da,train
data/datasets/A+/cluster_0_2959.BMP,A+,SUBJECT_GROUP_0150,150,150__M_Left_index_finger.BMP,e36ffa108f19eac9b4bbae2278ee9120f8d99b84da678fb66468257f056cec2c,train
data/datasets/A+/cluster_0_2970.BMP,A+,SUBJECT_GROUP_0057,57,57__M_Left_index_finger.BMP,25b414056b56a65882b6b207527c11a7c79ae0ca335d84fb1040017cedcf7ce1,train
data/datasets/A+/cluster_0_2983.BMP,A+,SUBJECT_GROUP_0327,332,332__M_Left_thumb_finger.BMP,92267e8607030ee58e597d871949df04c60964077a2521f80d434a6d1b2c8ef2,train
data/datasets/A+/cluster_0_2984.BMP,A+,SUBJECT_GROUP_0325,330,330__M_Left_index_finger.BMP,196cbbacad1fa4cd58e48fa5be9efb7b8e82587d5d87820c0921dafdea25d227,train
data/datasets/A+/cluster_0_3006.BMP,A+,SUBJECT_GROUP_0152,152,152__M_Right_middle_finger.BMP,f29e6f375a7ba852b167816c89f631556abf70628c0de0266641adcf0ace567d,train
data/datasets/A+/cluster_0_3013.BMP,A+,SUBJECT_GROUP_0537,545,545__M_Left_thumb_finger.BMP,d4a26686be5c4a3f220e4b2ca2bb67ceae945381aee1cb8719d4c3fb4ce0f737,validation
data/datasets/A+/cluster_0_3028.BMP,A+,SUBJECT_GROUP_0071,71,71__M_Left_thumb_finger.BMP,8c8ce4658f64ba28974445f89c869d5cba02ed16c0852014f5942186b9021c3b,train
data/datasets/A+/cluster_0_303.BMP,A+,SUBJECT_GROUP_0481,488,488__M_Left_middle_finger.BMP,29dfc558edde8aa716691f8de0cf93a5f79f82f5be91e0ab39e9cfa5d6f7f938,train
data/datasets/A+/cluster_0_3044.BMP,A+,SUBJECT_GROUP_0390,396,396__M_Left_ring_finger.BMP,a97454c09a2a61c81369b282f72a427efff67d3eba354ef8df9d950ec0069462,train
data/datasets/A+/cluster_0_3056.BMP,A+,SUBJECT_GROUP_0250,254,254__M_Right_ring_finger.BMP,00f7ff44319222696ee1708c6e29644ff1d0d8f05025d5c27d261513c3ce2f3b,validation
data/datasets/A+/cluster_0_3064.BMP,A+,SUBJECT_GROUP_0037,37,37__M_Left_thumb_finger.BMP,c1b06f2bd7d4e6856f2824e14573e9826b4b77ccf003c3909f042ee5f2b1c7c1,train
data/datasets/A+/cluster_0_3067.BMP,A+,SUBJECT_GROUP_0466,473,473__M_Left_middle_finger.BMP,6c674a6bb34bb60ff9512db69bbdd2c704e64a2f166856d364e83926becd2cd7,train
data/datasets/A+/cluster_0_3085.BMP,A+,SUBJECT_GROUP_0243,246,246__M_Left_index_finger.BMP,c4bed2d035c9f8fa47ee1aa5d990a9ca71bf3d4f5baa94b42d0891f5323cc0de,train
data/datasets/A+/cluster_0_3089.BMP,A+,SUBJECT_GROUP_0322,327,327__M_Right_middle_finger.BMP,d46d9caaac60b1919a969b2cdb0585abba90319fed8fdf2315d49693bbec6ac2,train
data/datasets/A+/cluster_0_3092.BMP,A+,SUBJECT_GROUP_0070,70,70__M_Right_ring_finger.BMP,d9e51590258b214b717a54e950d9a1955fb6a2855f965d8169d4a504e0d949a8,validation
data/datasets/A+/cluster_0_3100.BMP,A+,SUBJECT_GROUP_0064,203,203__M_Left_thumb_finger.BMP,71c2c2be9f48043f45f0fc4a3b9a802d2ab5aa54b682e03ad8e2c4593621fcff,validation
data/datasets/A+/cluster_0_3102.BMP,A+,SUBJECT_GROUP_0443,450,450__M_Right_ring_finger.BMP,91a40e766d140a06380a3fbeecfc08912551e54d1f65cb290e2cc61a33b6685e,test
data/datasets/A+/cluster_0_3104.BMP,A+,SUBJECT_GROUP_0457,464,464__M_Left_middle_finger.BMP,51e19a1b7f2ccce6d5f2be893bbb2af44311f89c7f249e6e7dc517404fbf9c4e,train
data/datasets/A+/cluster_0_3109.BMP,A+,SUBJECT_GROUP_0377,383,383__M_Left_ring_finger.BMP,c186b52bf21629c8f6551b3f3f14cc17a1d95ce2256b13701b80f27e3f0d12b6,train
data/datasets/A+/cluster_0_3117.BMP,A+,SUBJECT_GROUP_0160,160,160__M_Left_index_finger.BMP,09ee115de06f1d949c2100b7fc0186c4bd0f91bc3ca7d3a368980849a735fb72,train
data/datasets/A+/cluster_0_3127.BMP,A+,SUBJECT_GROUP_0581,594,594__M_Left_index_finger.BMP,a8cd2570832094526732ac37b8bdb3692a8865a48e00cee8880fb62794f4f0e1,test
data/datasets/A+/cluster_0_3134.BMP,A+,SUBJECT_GROUP_0227,230,230__M_Left_thumb_finger.BMP,15afc874cbf48bb172e315f0261a8742d8c2d95909687c7fb0f8285143696d02,validation
data/datasets/A+/cluster_0_3136.BMP,A+,SUBJECT_GROUP_0279,284,284__M_Left_index_finger.BMP,d659af814b1c053ac830e3e253917e7ad307d2097a37c941d956933775c109a7,train
data/datasets/A+/cluster_0_3152.BMP,A+,SUBJECT_GROUP_0209,211,211__M_Left_thumb_finger.BMP,1eefbdf766b59ef88b3f9042b226b1fd8ffee9b087dda7fab90dfc6b29c84fd7,train
data/datasets/A+/cluster_0_3163.BMP,A+,SUBJECT_GROUP_0008,8,8__M_Left_ring_finger.BMP,1d8df9a81fa9dddbec3262506bf71d0f844cd82bdd85660311c1158a78860a38,train
data/datasets/A+/cluster_0_3179.BMP,A+,SUBJECT_GROUP_0212,214,214__M_Left_index_finger.BMP,60ffb9c2aa7d06b292175ffe3a703257ca90be39015e509df22ea8d36a5d5b41,train
data/datasets/A+/cluster_0_3187.BMP,A+,SUBJECT_GROUP_0129,129,129__M_Right_thumb_finger.BMP,479808bf640dd3c65fc25fba9c8948abe0741be1685776ffb905b2cc90bedca9,train
data/datasets/A+/cluster_0_3189.BMP,A+,SUBJECT_GROUP_0091,91,91__F_Left_index_finger.BMP,dfde85e28bbeb0b13bec4fb96d8d7455fb2518edfe25bb1d958474ae53f92845,train
data/datasets/A+/cluster_0_3198.BMP,A+,SUBJECT_GROUP_0111,111,111__M_Left_thumb_finger.BMP,fcd73d2c5f5b203372aec8097667f8a7ba33853537709e34424a11cd327d63e8,train
data/datasets/A+/cluster_0_3199.BMP,A+,SUBJECT_GROUP_0131,131,131__M_Left_middle_finger.BMP,4af13727164182b880f7e18ecb379f414632b9de9c88a3cf00c38e24100c6f39,train
data/datasets/A+/cluster_0_32.BMP,A+,SUBJECT_GROUP_0064,203,203__M_Right_thumb_finger.BMP,330bcca04b84c2bf4cda97204c1392fd0e2647691c80812a63eb8b767d19b922,validation
data/datasets/A+/cluster_0_320.BMP,A+,SUBJECT_GROUP_0547,557,557__M_Left_thumb_finger.BMP,be1833c7684df37693652b7715499124f26a68fcde42d0367e52dd83fb852c85,test
data/datasets/A+/cluster_0_3207.BMP,A+,SUBJECT_GROUP_0497,504,504__M_Left_thumb_finger.BMP,5d7fa27bfa37d953d876329d682c94749c7984a3a9913860d56a2a25bbc2815d,train
data/datasets/A+/cluster_0_3209.BMP,A+,SUBJECT_GROUP_0238,241,241__M_Left_index_finger.BMP,a0f686d0c057b2e96e5ae254b1b0835b4345069aaea3a1574d14837c57e9243a,train
data/datasets/A+/cluster_0_3256.BMP,A+,SUBJECT_GROUP_0323,328,328__M_Left_thumb_finger.BMP,e6d1f4c5085555f90ee4d833f85348f0708c660068f93673c40ca2d2376584bb,train
data/datasets/A+/cluster_0_3261.BMP,A+,SUBJECT_GROUP_0476,483,483__M_Left_index_finger.BMP,9cf691de4c7d9f5561725b14101d5d882baeaf1abd950db657a004d94fc9003c,train
data/datasets/A+/cluster_0_3263.BMP,A+,SUBJECT_GROUP_0036,36,36__M_Left_thumb_finger.BMP,853c34aecb3a96ff49e0691a28620b2b7382fee8a2dbde7efefec2c71f239bd5,train
data/datasets/A+/cluster_0_3270.BMP,A+,SUBJECT_GROUP_0178,178,178__M_Right_ring_finger.BMP,962809adafc48ace2bd5f559f1bf632d1a988b0b9add2c362fc439ccfe18fc90,train
data/datasets/A+/cluster_0_3274.BMP,A+,SUBJECT_GROUP_0024,24,24__F_Left_index_finger.BMP,131cd640319d0c7c64befe72d7b8309bce3557942fa374d9bed635812fb7f94e,test
data/datasets/A+/cluster_0_3275.BMP,A+,SUBJECT_GROUP_0309,314,314__M_Left_index_finger.BMP,ef65c00c17bebdfe9facd7275bbc296d018c52b2298249e30e47915c24d54d51,validation
data/datasets/A+/cluster_0_3284.BMP,A+,SUBJECT_GROUP_0175,175,175__M_Left_middle_finger.BMP,9b933fb805e73cc9c21cc39501c77523ab346b1717d81d255393b8306d596971,train
data/datasets/A+/cluster_0_3289.BMP,A+,SUBJECT_GROUP_0456,463,463__F_Left_index_finger.BMP,88299a67566a845683f0d046886ece2c5d0dce78a817668688f16ee6055aa9be,test
data/datasets/A+/cluster_0_3291.BMP,A+,SUBJECT_GROUP_0245,248,248__M_Left_index_finger.BMP,1d24c45981887c930627ea64ff550583699eb2b4e4421df156d582436256eb85,train
data/datasets/A+/cluster_0_3293.BMP,A+,SUBJECT_GROUP_0584,597,597__M_Left_thumb_finger.BMP,78cdfbc3826cc02225d9f338c3d1e24706f7041495fe7dfa7ddccf4d548cafd0,train
data/datasets/A+/cluster_0_3295.BMP,A+,SUBJECT_GROUP_0340,345,345__M_Left_ring_finger.BMP,a58a9f9f896778fb2c851b4d314e6b3cee47547da3f66f9d6b85f7ecf1fe9e99,test
data/datasets/A+/cluster_0_3299.BMP,A+,SUBJECT_GROUP_0574,586,586__M_Right_ring_finger.BMP,09b220460aba40584b38072424d1736fc10ecec4e45dba9dea887ef88b17fa6c,test
data/datasets/A+/cluster_0_3321.BMP,A+,SUBJECT_GROUP_0137,137,137__M_Left_little_finger.BMP,291c6f91d59f254bb2e383ebad1350b5727d49c54ab1cae8435d5734c9435632,validation
data/datasets/A+/cluster_0_3323.BMP,A+,SUBJECT_GROUP_0434,441,441__M_Left_middle_finger.BMP,7d0adc11c2089f65fb174f39928880170d88e743e29e8e6c66bd0f522796923b,train
data/datasets/A+/cluster_0_3331.BMP,A+,SUBJECT_GROUP_0107,107,107__M_Left_ring_finger.BMP,db0605c98d0ca742e7a613d3943d3dabd5558c5fca96d846c733fd0302803c08,validation
data/datasets/A+/cluster_0_3334.BMP,A+,SUBJECT_GROUP_0064,219,219__M_Left_thumb_finger.BMP,da6ed033cb48c731f614bab65dd6088e3046c5bcf15c93812632eb84f39725ae,validation
data/datasets/A+/cluster_0_3338.BMP,A+,SUBJECT_GROUP_0571,582,582__M_Left_thumb_finger.BMP,ded1e54940838f5fdb84d9af583fd52b184ecdf3008fd84925d39ad083282dac,validation
data/datasets/A+/cluster_0_3339.BMP,A+,SUBJECT_GROUP_0421,428,428__M_Left_index_finger.BMP,d55b752f81aaa2d52322ab083919b4b094a693e08d098feb2dd459c6a5844bc0,train
data/datasets/A+/cluster_0_3359.BMP,A+,SUBJECT_GROUP_0264,269,269__M_Left_thumb_finger.BMP,35e7182f56d78876b8f7e475e03d43f2c38aaadd747a8996697cab15cecee86c,train
data/datasets/A+/cluster_0_3360.BMP,A+,SUBJECT_GROUP_0004,4,4__M_Left_ring_finger.BMP,e894a2e5e51894e606e273d1397862ba18bdd7ec05750dd467e9916c156ed413,train
data/datasets/A+/cluster_0_3371.BMP,A+,SUBJECT_GROUP_0320,325,325__M_Left_index_finger.BMP,b28a0433103f5582ceaf4994c2fb957a41522c28445cec55ddb302cc967160b0,train
data/datasets/A+/cluster_0_339.BMP,A+,SUBJECT_GROUP_0160,160,160__M_Left_thumb_finger.BMP,f15e350095dda71dd5438ca2ea884571c9fab2e8f44a96640a3ba37e549696b6,train
data/datasets/A+/cluster_0_3395.BMP,A+,SUBJECT_GROUP_0101,101,101__M_Right_thumb_finger.BMP,34a22749153954f816b3aafbca1bcea019dffc21e64c355618657ce928b4ddd6,train
data/datasets/A+/cluster_0_3400.BMP,A+,SUBJECT_GROUP_0095,95,95__M_Right_little_finger.BMP,7a22aad488955e5bb1ba5590c0d6b57546a4f6e3c54cf942cf6007220310b961,train
data/datasets/A+/cluster_0_3403.BMP,A+,SUBJECT_GROUP_0464,471,471__M_Right_little_finger.BMP,d4bd5b72eb420cf4013e0ddaee89f0777916e8fd72d3af982cf7a7877317f465,train
data/datasets/A+/cluster_0_3407.BMP,A+,SUBJECT_GROUP_0567,578,578__M_Left_thumb_finger.BMP,f8255ee84f4601699de8774acb76e33ac5bbac349f8d0d16414989105a95e522,validation
data/datasets/A+/cluster_0_3410.BMP,A+,SUBJECT_GROUP_0393,399,399__M_Left_index_finger.BMP,0fc6de06a71231f7c4350f0ee491b431bc5f22babd7ad565c3b14f55f81832ef,validation
data/datasets/A+/cluster_0_343.BMP,A+,SUBJECT_GROUP_0007,7,7__M_Left_thumb_finger.BMP,1caa6b0e0e0314c7271884cdbd7367f0772371df4fb3b5ab296c346444d535a5,test
data/datasets/A+/cluster_0_3433.BMP,A+,SUBJECT_GROUP_0324,329,329__M_Left_thumb_finger.BMP,8a74f339f0525ab755fea2b3d521a7e67c5a4990b9f2fe2e49eee873dbf75cc9,train
data/datasets/A+/cluster_0_3442.BMP,A+,SUBJECT_GROUP_0010,10,10__M_Right_ring_finger.BMP,4b1af210b031ac011def7823b83b2a92b3364bcee5f0a3501ecd5df60b3614bd,train
data/datasets/A+/cluster_0_3445.BMP,A+,SUBJECT_GROUP_0433,440,440__M_Right_little_finger.BMP,265a8274619d72de041e35cc95d4af33611c720156436b344559186defce02fe,train
data/datasets/A+/cluster_0_3447.BMP,A+,SUBJECT_GROUP_0394,400,400__M_Left_thumb_finger.BMP,e74969f5e5a9247e5ec57b01cf06b7ab65d08f433584a112f25afc7279716fd8,test
data/datasets/A+/cluster_0_3450.BMP,A+,SUBJECT_GROUP_0424,431,431__M_Left_index_finger.BMP,fb3ca65a3eb9d7259fe9ff214aec0afc1f64244e7cf5ac440b6ea79be4024e23,validation
data/datasets/A+/cluster_0_3461.BMP,A+,SUBJECT_GROUP_0252,256,256__M_Left_little_finger.BMP,edbb8b3bd12e59112a654af860e09b357ea1541b8fac78ed8cdf31a32503731e,test
data/datasets/A+/cluster_0_3472.BMP,A+,SUBJECT_GROUP_0348,353,353__M_Left_thumb_finger.BMP,671d34c54cb5203ca77bbdc36de6ea55c62b4d1f98588dadaa3c2272d83314e3,train
data/datasets/A+/cluster_0_3475.BMP,A+,SUBJECT_GROUP_0387,393,393__M_Left_middle_finger.BMP,d979452e713c05f938c55c9bc9e0a644cf693b8905c85e874662c21749248946,train
data/datasets/A+/cluster_0_3485.BMP,A+,SUBJECT_GROUP_0202,202,202__M_Left_index_finger.BMP,50e250c88930d26dab05e73d7f28d0d8e5c75a64ccb709881d633a9ab7cfd142,test
data/datasets/A+/cluster_0_3486.BMP,A+,SUBJECT_GROUP_0491,498,498__M_Left_thumb_finger.BMP,47db25bac007dab04d77a9c138d87d18873ff64ac1de8168d1e9984f6b705172,train
data/datasets/A+/cluster_0_3493.BMP,A+,SUBJECT_GROUP_0198,198,198__M_Left_thumb_finger.BMP,6387bf5598a7de2e636a31a420112d76a91f04cd4e26c2cbe2e95ce6826ed1bb,train
data/datasets/A+/cluster_0_3495.BMP,A+,SUBJECT_GROUP_0103,103,103__F_Left_thumb_finger.BMP,d283bc3ca902ea02c6319d4ef1acea8ae9a18d2d865593ef1a5bcbb3ec65bac5,train
data/datasets/A+/cluster_0_3500.BMP,A+,SUBJECT_GROUP_0363,368,368__M_Left_index_finger.BMP,719c9d4ca4b909ca5aa26a239aa900ac32d3c7ee88458badaf877a6bf48adfa2,train
data/datasets/A+/cluster_0_3523.BMP,A+,SUBJECT_GROUP_0278,283,283__M_Left_thumb_finger.BMP,2b5db0bb144911aeba09647287998e030bb5048be0d216c66a56bfd78f309cdd,validation
data/datasets/A+/cluster_0_3526.BMP,A+,SUBJECT_GROUP_0522,530,530__M_Left_index_finger.BMP,75092984a7e1008c7afe91e4fa09aa0c46d462f96773a501f3fef7bfd0359154,test
data/datasets/A+/cluster_0_3528.BMP,A+,SUBJECT_GROUP_0421,428,428__M_Left_thumb_finger.BMP,56f2dd82afe48ec80abf400a869591d3d40c3c20f11b6fd584b82811776a863f,train
data/datasets/A+/cluster_0_3532.BMP,A+,SUBJECT_GROUP_0275,280,280__M_Right_ring_finger.BMP,516de4da5b094cdd7c2d02e00a26067ef448493b6638798ae879ff356e90c387,train
data/datasets/A+/cluster_0_354.BMP,A+,SUBJECT_GROUP_0317,322,322__M_Left_thumb_finger.BMP,d34e0e32ad4dab24f15ecb56417d02b64e3e350e4d7aec4d79279fbfbace7405,train
data/datasets/A+/cluster_0_3540.BMP,A+,SUBJECT_GROUP_0560,570,570__M_Left_thumb_finger.BMP,5c002b24bcf5d63c70812a415f9a5deb7968e9b6dad86037325154f2bbfd59c4,train
data/datasets/A+/cluster_0_3544.BMP,A+,SUBJECT_GROUP_0331,336,336__M_Left_index_finger.BMP,72bab85c5115792795936251a663227c7e8dbd3dba98c9afa09bbfe3b7611cba,train
data/datasets/A+/cluster_0_3552.BMP,A+,SUBJECT_GROUP_0059,59,59__F_Left_thumb_finger.BMP,508875e4821e4b41f97ca9207139f885dacd710281cd0f51005d37583ea05746,train
data/datasets/A+/cluster_0_3556.BMP,A+,SUBJECT_GROUP_0471,478,478__M_Left_middle_finger.BMP,00b20db916795852744bd72eec4d66e636b11411247355da6b215c972b64dc7a,train
data/datasets/A+/cluster_0_3560.BMP,A+,SUBJECT_GROUP_0191,191,191__F_Left_index_finger.BMP,66d4057b87969e4a9b99fb367f3168b66537592f3d9dee901f6891f4807bbfae,train
data/datasets/A+/cluster_0_3564.BMP,A+,SUBJECT_GROUP_0205,207,207__M_Left_index_finger.BMP,b0d9a51064006156189b93c088b01b135c9ded53c0f2c60569b97c30b628bb0e,validation
data/datasets/A+/cluster_0_3574.BMP,A+,SUBJECT_GROUP_0159,159,159__M_Left_index_finger.BMP,03da10812f8ea802247f626668e8405a5714be236954adf999cd7fde49835534,train
data/datasets/A+/cluster_0_3590.BMP,A+,SUBJECT_GROUP_0189,189,189__F_Left_thumb_finger.BMP,e24196fcef751d8cea12b1c2dd5a9fa13b7f0efdd54fdd83ddfb17b69762985f,train
data/datasets/A+/cluster_0_3592.BMP,A+,SUBJECT_GROUP_0135,135,135__F_Left_thumb_finger.BMP,5140dc76c53229a2316e9b05353757a025379903f9de44ac5e91b68385132503,train
data/datasets/A+/cluster_0_3599.BMP,A+,SUBJECT_GROUP_0462,469,469__M_Right_ring_finger.BMP,30689cb3073c774005b20838f70ac998e36b48b281ab48724a01bc8b283b533c,train
data/datasets/A+/cluster_0_3605.BMP,A+,SUBJECT_GROUP_0167,167,167__M_Left_index_finger.BMP,bd18beb99d5038098be31ce81b59a4e8c1976d50243ea37f3771a144f16bf81b,train
data/datasets/A+/cluster_0_3606.BMP,A+,SUBJECT_GROUP_0260,265,265__M_Right_little_finger.BMP,fb94a51ac1c3ff0de9ee5ea6b5081cebeef46cffdade3dc001e8b8e5cf56dea5,test
data/datasets/A+/cluster_0_3608.BMP,A+,SUBJECT_GROUP_0134,134,134__M_Left_thumb_finger.BMP,2bbe7ef353f8314a71776f1f8d2945fe61c2fed3c87a85e5737f8536b28ffea8,validation
data/datasets/A+/cluster_0_3618.BMP,A+,SUBJECT_GROUP_0182,182,182__M_Right_little_finger.BMP,c3aab2425568e69cf1d14fa89a8809de092844a50bcc3198f1b3ffe3a435d36f,train
data/datasets/A+/cluster_0_3629.BMP,A+,SUBJECT_GROUP_0528,536,536__F_Left_thumb_finger.BMP,71d2ff8c3a38f4c8eeca74c6c0a6a5146fc1278dc52acddaa9b7cd055102efaa,test
data/datasets/A+/cluster_0_3647.BMP,A+,SUBJECT_GROUP_0245,248,248__M_Left_thumb_finger.BMP,98ef216423efca696e44ea6f66888e4baf4aeab29874142381feab06eebb85f8,train
data/datasets/A+/cluster_0_3689.BMP,A+,SUBJECT_GROUP_0339,344,344__M_Left_little_finger.BMP,c911fdf92fbf05e0d6720a2ca6b5a0746fccdb5987c3e113ce6724dd79c731c9,train
data/datasets/A+/cluster_0_3699.BMP,A+,SUBJECT_GROUP_0069,69,69__M_Left_thumb_finger.BMP,3d3e09c3252e9295cf6b695cf1b765b830786433e298fb25e0a89e2d422e3025,train
data/datasets/A+/cluster_0_3703.BMP,A+,SUBJECT_GROUP_0010,10,10__M_Left_thumb_finger.BMP,828ceacbbda768c5915bfaf40149de88de2e6cd7f0e2d468f0b3695f7c282715,train
data/datasets/A+/cluster_0_3708.BMP,A+,SUBJECT_GROUP_0044,44,44__M_Left_index_finger.BMP,1dd2b758c72dcc0672153c7b57e390190a5d11f7b7431254143096fd39987f67,train
data/datasets/A+/cluster_0_3716.BMP,A+,SUBJECT_GROUP_0252,256,256__M_Left_thumb_finger.BMP,5e74d4ff8d2c23cefb0a0ab9ad4d84a70cbf5b9bbcf8f498f619239c065eae40,test
data/datasets/A+/cluster_0_3741.BMP,A+,SUBJECT_GROUP_0139,139,139__M_Left_thumb_finger.BMP,b2f4860df162e37c2c230ce76ca3211e78b393ca4476d2568ee6d44b9d72bbe0,train
data/datasets/A+/cluster_0_3750.BMP,A+,SUBJECT_GROUP_0292,511,511__M_Left_thumb_finger.BMP,2ebf782ce7d1972f0631ff7250a390b038beb887f638d6483d6a4c2f07922b1f,test
data/datasets/A+/cluster_0_3756.BMP,A+,SUBJECT_GROUP_0418,425,425__M_Left_index_finger.BMP,5c2d4c0452d68bc69e069212634adf1216e09c13e34aad0478abcd670feb5874,train
data/datasets/A+/cluster_0_3759.BMP,A+,SUBJECT_GROUP_0067,67,67__F_Left_index_finger.BMP,940b1db8fde63ab45a9eed915761f6dd206d4a803b27af1d937618e20f4194b7,train
data/datasets/A+/cluster_0_3761.BMP,A+,SUBJECT_GROUP_0393,399,399__M_Left_middle_finger.BMP,3562e08f33eb09d1a8464b9281d127f9b23be922ad51ec623a74ccfe20715ebc,validation
data/datasets/A+/cluster_0_3783.BMP,A+,SUBJECT_GROUP_0317,322,322__M_Left_middle_finger.BMP,d287dbdfb9866d43c20abfda11f4b11cbdcd988aea17bb6815da67a126d31ee3,train
data/datasets/A+/cluster_0_3785.BMP,A+,SUBJECT_GROUP_0008,8,8__M_Left_index_finger.BMP,f42f2f88274dc7052a4790c07fdb8578b6c977da6cba5f3c0159231d16a02e92,train
data/datasets/A+/cluster_0_3787.BMP,A+,SUBJECT_GROUP_0079,79,79__M_Left_thumb_finger.BMP,7b5cb0ff14975ddc3def5425ebbd68994394d20b6d167dd98cb41d8e50c1e774,train
data/datasets/A+/cluster_0_3798.BMP,A+,SUBJECT_GROUP_0533,541,541__M_Left_thumb_finger.BMP,1f07d08435c1794862d95a1794ffbc152f8e5bd3df268bc8d078b48935677a8a,validation
data/datasets/A+/cluster_0_381.BMP,A+,SUBJECT_GROUP_0438,445,445__M_Left_thumb_finger.BMP,32c9f9efc274b5a4581d1ef3f29b3d71b2e5b1c03747a7a7b2ea2e9c4344c994,train
data/datasets/A+/cluster_0_3814.BMP,A+,SUBJECT_GROUP_0106,106,106__M_Left_middle_finger.BMP,33591cb6d9f0df7bd6f312a7d256b0613130568989fcedb9bc549519b9d4ccc4,test
data/datasets/A+/cluster_0_3822.BMP,A+,SUBJECT_GROUP_0299,304,304__M_Right_ring_finger.BMP,abf3813c07e764dcd5b14df216d57e625e309c81479eaf6b0d501a2a775ff80f,train
data/datasets/A+/cluster_0_3840.BMP,A+,SUBJECT_GROUP_0478,485,485__M_Left_index_finger.BMP,7c6c15c18343dccbdf18302adb875e1d974faadda152de04bab6b1f9e740fddd,validation
data/datasets/A+/cluster_0_3868.BMP,A+,SUBJECT_GROUP_0023,23,23__M_Left_thumb_finger.BMP,6cd23d2bf598207b22a49abf8e124c008eb857d7c349e42df61a202622518a8e,train
data/datasets/A+/cluster_0_3872.BMP,A+,SUBJECT_GROUP_0019,19,19__M_Left_thumb_finger.BMP,f965bdb1aaa07b6eadf39a7bf43eb95b164045617792d0cd2789be6c3ea225f4,train
data/datasets/A+/cluster_0_3873.BMP,A+,SUBJECT_GROUP_0144,144,144__M_Left_index_finger.BMP,c27994396c291491667a5be613f00e0bff9196e90295f19b59a33600b9225832,test
data/datasets/A+/cluster_0_3895.BMP,A+,SUBJECT_GROUP_0183,183,183__M_Right_ring_finger.BMP,b89b7b478af329dc2ce5f6fbea1282ee68a18a2a3a525a1c47ec4654ed5806e8,train
data/datasets/A+/cluster_0_3918.BMP,A+,SUBJECT_GROUP_0037,37,37__M_Right_little_finger.BMP,54ae1e4b7506389269b1f491bfdcdf54f071a7a4a118688e31124b5ed0b27708,train
data/datasets/A+/cluster_0_3921.BMP,A+,SUBJECT_GROUP_0454,461,461__F_Left_thumb_finger.BMP,7e06e743e105a0ccfa4b6c257d9707ca6f1812bbe7c1a970671265b6c29b56ea,train
data/datasets/A+/cluster_0_3931.BMP,A+,SUBJECT_GROUP_0223,226,226__M_Left_thumb_finger.BMP,498a09254bc417166130e8fe76b940561f38a38e24b59fd65a76e51df1384c97,validation
data/datasets/A+/cluster_0_3946.BMP,A+,SUBJECT_GROUP_0099,99,99__M_Left_index_finger.BMP,f704a9304a3ae724ad0c955a518a1f4455193b9aca7617e3545b7f5cf3144c6c,train
data/datasets/A+/cluster_0_3960.BMP,A+,SUBJECT_GROUP_0235,238,238__M_Left_thumb_finger.BMP,856f6e54d9e735650f59a4eb4c4e2a59c426a5040f328f997b9a4f27c65f6f74,train
data/datasets/A+/cluster_0_3974.BMP,A+,SUBJECT_GROUP_0292,554,554__M_Left_thumb_finger.BMP,fc1f0a5ab3df001072bb2e1437ff922c6df25364847abbe24abb7793b7370f69,test
data/datasets/A+/cluster_0_3986.BMP,A+,SUBJECT_GROUP_0282,287,287__M_Left_thumb_finger.BMP,74d17517c35917733f4c4480c909666db97c77ac198bd81ad8c14e4b39fc00d0,train
data/datasets/A+/cluster_0_400.BMP,A+,SUBJECT_GROUP_0547,557,557__M_Right_ring_finger.BMP,93fec6739c48f34c2e4593c34e173c45cfd0b298ac8e1989a2b5a033574ffab9,test
data/datasets/A+/cluster_0_4007.BMP,A+,SUBJECT_GROUP_0294,299,299__M_Right_ring_finger.BMP,cce72925d1b212f11e4a98da8418756b1de86686dcb34b1e1d188d81aef69ee3,validation
data/datasets/A+/cluster_0_401.BMP,A+,SUBJECT_GROUP_0314,319,319__M_Left_thumb_finger.BMP,65f27ce45add2611e040dd4d7152180e992056e3f851a8bfd8d89eef985d9941,test
data/datasets/A+/cluster_0_4018.BMP,A+,SUBJECT_GROUP_0178,178,178__M_Left_thumb_finger.BMP,d742f76c473c5a73d6a5459e0a1304e9bdc34952f525f5bdd371cc1927596b33,train
data/datasets/A+/cluster_0_4023.BMP,A+,SUBJECT_GROUP_0348,353,353__M_Left_middle_finger.BMP,ec1edbb6d3d2836818d9b980d75386f7cd71428c3675d0d0a77bfb1f4034288f,train
data/datasets/A+/cluster_0_4024.BMP,A+,SUBJECT_GROUP_0260,265,265__M_Left_thumb_finger.BMP,60728b54ac75ffd2df807ae9674cc058994be255535eb3c25247696f51992a7a,test
data/datasets/A+/cluster_0_4038.BMP,A+,SUBJECT_GROUP_0583,596,596__M_Right_ring_finger.BMP,8133ec314efa9c8fdab025e3bfb1e7849e046fbc73f7941794e897bfea6e5809,train
data/datasets/A+/cluster_0_4047.BMP,A+,SUBJECT_GROUP_0300,305,305__M_Left_thumb_finger.BMP,fdbcf759db35853ba374d1e5c2f1c71f7da859ff74b07e346f4ac4824a7b90c2,test
data/datasets/A+/cluster_0_405.BMP,A+,SUBJECT_GROUP_0505,513,513__M_Left_thumb_finger.BMP,550bf252e855577fee3e1c96ec66db832d19dd51fd6472c898cb00adf415bc40,train
data/datasets/A+/cluster_0_4050.BMP,A+,SUBJECT_GROUP_0274,279,279__M_Left_thumb_finger.BMP,789cd092c0f9b72a9da8855ce6acd38e0e9bcdf186875231a1640158dcfd9661,train
data/datasets/A+/cluster_0_4055.BMP,A+,SUBJECT_GROUP_0291,296,296__M_Left_thumb_finger.BMP,981c11ebccc49a0d0d94df697cc829ac7e5c72a6f4745680a4064e41e829183e,train
data/datasets/A+/cluster_0_4057.BMP,A+,SUBJECT_GROUP_0443,450,450__M_Left_index_finger.BMP,5ce45688da895c734d7abc8e11f760ed6ddb6144705763d376940a284356e112,test
data/datasets/A+/cluster_0_4071.BMP,A+,SUBJECT_GROUP_0387,393,393__M_Right_ring_finger.BMP,58fe30a3663fadd7e4deeb8ab4dbd1f857cc17adf07a04fe2bad380a97877d9c,train
data/datasets/A+/cluster_0_4079.BMP,A+,SUBJECT_GROUP_0061,61,61__M_Left_index_finger.BMP,8316015a83902806e5d56781d1d58a75048bc99856eaec3667ec5c2a8957711b,train
data/datasets/A+/cluster_0_408.BMP,A+,SUBJECT_GROUP_0031,31,31__F_Left_thumb_finger.BMP,d73d71c4996f1b9fe190df4b57e633529cec00797e97cd484f6d326ffb4ad45a,train
data/datasets/A+/cluster_0_410.BMP,A+,SUBJECT_GROUP_0017,17,17__M_Left_thumb_finger.BMP,3feef24c607924d91fee009335fec26f7e81b063040657de33355c0b3eb6feb4,test
data/datasets/A+/cluster_0_4110.BMP,A+,SUBJECT_GROUP_0549,559,559__M_Left_middle_finger.BMP,a7ba75a21b6a8c76b254e992381d8492e9b1d75831a17f670b2230be3013613e,train
data/datasets/A+/cluster_0_4120.BMP,A+,SUBJECT_GROUP_0347,352,352__M_Right_little_finger.BMP,d2618c16cf4cfe3ab609c6a290dfd19b70a73054d485c6a7063df9e80dbc8f59,train
data/datasets/A+/cluster_0_4138.BMP,A+,SUBJECT_GROUP_0409,415,415__M_Left_index_finger.BMP,aac6dcd71e565f4f6c8d8e694c55a2e57697d652cafef9da1905d4f38cbb6280,train
data/datasets/A+/cluster_0_4146.BMP,A+,SUBJECT_GROUP_0039,39,39__M_Left_index_finger.BMP,246b0b1e290144e08fbdee27ce60a655e56a27adfcab684b2871ae557726e074,train
data/datasets/A+/cluster_0_4175.BMP,A+,SUBJECT_GROUP_0006,6,6__M_Left_thumb_finger.BMP,9b56cc594517b1c27db62929307ed23a603e22d51d05afabc671457ecd36b11e,train
data/datasets/A+/cluster_0_4187.BMP,A+,SUBJECT_GROUP_0253,257,257__M_Left_ring_finger.BMP,4e28a2d795f247612972849a624694bcb6a54d4f56b1141d7e8ae0f679ec6076,train
data/datasets/A+/cluster_0_4189.BMP,A+,SUBJECT_GROUP_0060,60,60__M_Left_thumb_finger.BMP,61da286aba38455b7d71bc2b4e27959974c72edb8ece26179950f94ebdef02e0,train
data/datasets/A+/cluster_0_4196.BMP,A+,SUBJECT_GROUP_0432,439,439__M_Left_thumb_finger.BMP,23c481add34e2e3a13c70a9f754aedb17942f6169ede95bbe9f6b9e66b9e23a1,train
data/datasets/A+/cluster_0_4210.BMP,A+,SUBJECT_GROUP_0520,528,528__F_Left_middle_finger.BMP,d963715eb51bd139b49b29776e21789c2499cd23937a6a07bd679cca358e73be,train
data/datasets/A+/cluster_0_4217.BMP,A+,SUBJECT_GROUP_0452,459,459__M_Left_thumb_finger.BMP,1b199587d90eaa3e48ae90c3c10c970b8402de2bd9e4f46f8dd1854440ee6afe,train
data/datasets/A+/cluster_0_4233.BMP,A+,SUBJECT_GROUP_0025,25,25__F_Left_thumb_finger.BMP,8deae611df11f33dcccb651895ea64735d13db8dfb35147f983ff761cebc85b9,train
data/datasets/A+/cluster_0_4242.BMP,A+,SUBJECT_GROUP_0218,221,221__M_Left_thumb_finger.BMP,4621e381d1842e038dd36dd0afc17b947470a35cce77514646616eb55b54beff,test
data/datasets/A+/cluster_0_4248.BMP,A+,SUBJECT_GROUP_0580,593,593__M_Right_middle_finger.BMP,f2fd2d3ef2225c7763dfb08244b15a1353a50a400bfc507e45b4aad051651e31,test
data/datasets/A+/cluster_0_4260.BMP,A+,SUBJECT_GROUP_0462,469,469__M_Left_thumb_finger.BMP,94bfdec76fd36cbb8c1f08ff2fb0a88fb74451bcdc5f610438ef88ebd03e6499,train
data/datasets/A+/cluster_0_4264.BMP,A+,SUBJECT_GROUP_0530,538,538__M_Left_thumb_finger.BMP,7a83b1137b6fd4de0c95bc1042005a6fd2f4ddaabf91565968387edc261cb6eb,train
data/datasets/A+/cluster_0_4270.BMP,A+,SUBJECT_GROUP_0221,224,224__M_Right_ring_finger.BMP,4838de9154450aa51b5f9a34b54446a345cc86aab944160128827f02b8f2a72c,train
data/datasets/A+/cluster_0_4280.BMP,A+,SUBJECT_GROUP_0193,193,193__M_Left_index_finger.BMP,e117af6c8face61da4197304208a4faba9d88847dcc793a47a2d0ee9104fcf84,validation
data/datasets/A+/cluster_0_4305.BMP,A+,SUBJECT_GROUP_0327,332,332__M_Right_ring_finger.BMP,bbaa2509fe9c4751fc3375b1403613424591cb41e57b03e0f6f1a06b922a984c,train
data/datasets/A+/cluster_0_4322.BMP,A+,SUBJECT_GROUP_0124,124,124__M_Left_thumb_finger.BMP,950edc91ed6f4c37baf2e8921d8aa76562be0dfff45407b743429a6128b437fc,train
data/datasets/A+/cluster_0_4336.BMP,A+,SUBJECT_GROUP_0396,402,402__M_Left_thumb_finger.BMP,c4d117ab8aecd62c5132ac63f2ea562f14b96b899b11d1ee58f0fd636c4238be,train
data/datasets/A+/cluster_0_4338.BMP,A+,SUBJECT_GROUP_0451,458,458__M_Left_index_finger.BMP,83c0592d3ccf5866d9c172f959da364aac7b7f2420791496d9f9491211f18a02,train
data/datasets/A+/cluster_0_4358.BMP,A+,SUBJECT_GROUP_0228,231,231__M_Right_little_finger.BMP,18666985765bba5c82561fb4c60d7941e74b7205cbfb55d90b4bb484785218cc,train
data/datasets/A+/cluster_0_4381.BMP,A+,SUBJECT_GROUP_0524,532,532__M_Left_little_finger.BMP,c51cf33ca13f9f0501e9802d2b0039fb995085c7b3c9f0e0564e24a19b03084f,test
data/datasets/A+/cluster_0_4386.BMP,A+,SUBJECT_GROUP_0310,315,315__F_Left_index_finger.BMP,47ecbaf5a7fe4562168590480f417bab74598431336be0322ffc5ec87791ee8c,train
data/datasets/A+/cluster_0_4396.BMP,A+,SUBJECT_GROUP_0535,543,543__M_Left_middle_finger.BMP,e336ef3675de2b269e20da9d5eef571c875a5cfe329161115fd53dfee8978039,train
data/datasets/A+/cluster_0_4399.BMP,A+,SUBJECT_GROUP_0167,167,167__M_Left_thumb_finger.BMP,091aba41453675f2ff4db30d109636985b967c9a919e75551d5a934abbdfa567,train
data/datasets/A+/cluster_0_4401.BMP,A+,SUBJECT_GROUP_0172,172,172__M_Left_index_finger.BMP,7d9613a6453f53a69a74c31f62d36c4abb8fdb36b5e16e1d0196594df6611a53,train
data/datasets/A+/cluster_0_4403.BMP,A+,SUBJECT_GROUP_0171,171,171__M_Left_thumb_finger.BMP,2fe4fc500f2017b28b695b3a5b149f415a15759dd3b19897a30cdee4495bcbf5,train
data/datasets/A+/cluster_0_4411.BMP,A+,SUBJECT_GROUP_0559,569,569__M_Left_middle_finger.BMP,65cc6ad060b5d456a20ef885e9889d1c896bb602ea373663ddc3fe085e95908b,train
data/datasets/A+/cluster_0_4412.BMP,A+,SUBJECT_GROUP_0247,251,251__M_Left_ring_finger.BMP,689e7b50f701d5f4660bf19ae6841ec31a7947ed5fb991ef78ba302027395ea9,validation
data/datasets/A+/cluster_0_4417.BMP,A+,SUBJECT_GROUP_0364,369,369__F_Left_index_finger.BMP,6084517691ede9e995674c5c010ade57d7c9469f0cc5064886c7417b3d2f0120,validation
data/datasets/A+/cluster_0_4423.BMP,A+,SUBJECT_GROUP_0113,113,113__M_Right_ring_finger.BMP,e71ead9c73e094d157bceb7bfeb62e13a9249108d5ced5be839501a93b123c2e,train
data/datasets/A+/cluster_0_4432.BMP,A+,SUBJECT_GROUP_0506,514,514__F_Left_thumb_finger.BMP,d9fd0a7c304ab10dc50bb92da39f5c31ef1e4ba6c822cd9b8080e84a7b36d095,train
data/datasets/A+/cluster_0_4442.BMP,A+,SUBJECT_GROUP_0224,227,227__M_Left_index_finger.BMP,cd1cad33c1c1ec447fef2b84e961af6bf7ae679e639185fff11ceba007dbfd8c,train
data/datasets/A+/cluster_0_4468.BMP,A+,SUBJECT_GROUP_0434,441,441__M_Left_thumb_finger.BMP,b214caa647552f6115c09882834b487d1e0ddbb9af2a9e46b9790a035d65fca8,train
data/datasets/A+/cluster_0_4474.BMP,A+,SUBJECT_GROUP_0322,327,327__M_Left_thumb_finger.BMP,165de4f7c23507faf951f24d0f1d5ef22b9e3f32a522438c4f84e2d61786cc66,train
data/datasets/A+/cluster_0_4484.BMP,A+,SUBJECT_GROUP_0572,583,583__M_Left_little_finger.BMP,36a97151068f8f4c9386fb8b8eb0481e2e8da859e9958d5cf936a4915507fa96,test
data/datasets/A+/cluster_0_4491.BMP,A+,SUBJECT_GROUP_0276,281,281__M_Left_thumb_finger.BMP,026cd1c4191842b4d9b8c8c749ecabe09d6f717052862bb9716a78ce4f3b763f,train
data/datasets/A+/cluster_0_4493.BMP,A+,SUBJECT_GROUP_0555,565,565__M_Left_thumb_finger.BMP,8d1893155d6f66506a28d8406dc287493a5bc62c77f27555196a9d91da2a0ebb,train
data/datasets/A+/cluster_0_4502.BMP,A+,SUBJECT_GROUP_0170,170,170__M_Left_thumb_finger.BMP,66bb7547ffd0c84259abb3ac54b8d7135fbe45473227c7641e00df577c6a867d,validation
data/datasets/A+/cluster_0_4528.BMP,A+,SUBJECT_GROUP_0133,133,133__M_Left_thumb_finger.BMP,642074ddc55864b382e2a821ae9ef6af58404681ca975018294953efa4cf561e,train
data/datasets/A+/cluster_0_4529.BMP,A+,SUBJECT_GROUP_0088,88,88__F_Left_thumb_finger.BMP,1980e47e84815a79bb51ec5fb5dcce07bb394c23e323ac8a54ecf9c1a343029e,validation
data/datasets/A+/cluster_0_4543.BMP,A+,SUBJECT_GROUP_0254,258,258__M_Left_thumb_finger.BMP,3f4db944a20029ea9aaa1681dfed8763d7da93648a9e01dcd00687a4f6151c8c,train
data/datasets/A+/cluster_0_4552.BMP,A+,SUBJECT_GROUP_0275,280,280__M_Left_thumb_finger.BMP,990d5895716f466688bc0bd9a87abed5c6ff0678ceba490f3f838c05fdd2ac7b,train
data/datasets/A+/cluster_0_4562.BMP,A+,SUBJECT_GROUP_0033,33,33__M_Right_little_finger.BMP,67597bde5fc1bf9a9f224cdd84a54da8d49c62c3b73f47784f38daf8dbdf18e8,validation
data/datasets/A+/cluster_0_4579.BMP,A+,SUBJECT_GROUP_0080,80,80__M_Left_index_finger.BMP,d890dea060174b60c44de7c8556d4c78eb269b5d59f2bd805fbc62c7d10c92ab,train
data/datasets/A+/cluster_0_4580.BMP,A+,SUBJECT_GROUP_0064,203,203__M_Left_index_finger.BMP,4814da688417b6fe69b51625cd90bc4bcc465e35530575009f1ead8ec6168fdf,validation
data/datasets/A+/cluster_0_4593.BMP,A+,SUBJECT_GROUP_0233,236,236__M_Left_thumb_finger.BMP,d7ba7d67c51e9e7fdf2cb02d19400266245f2dd5ac8b1dd6194629a9e6109118,train
data/datasets/A+/cluster_0_4598.BMP,A+,SUBJECT_GROUP_0020,20,20__M_Left_thumb_finger.BMP,a80c432b8cb0cb50299386224966dc48e15d0dfd9721c1a54cb4f22850fe0165,train
data/datasets/A+/cluster_0_4608.BMP,A+,SUBJECT_GROUP_0552,562,562__F_Left_thumb_finger.BMP,320c84d686797df3fe440594436d072297e16617aa0209607a1314cacea93d73,train
data/datasets/A+/cluster_0_4617.BMP,A+,SUBJECT_GROUP_0087,87,87__M_Left_thumb_finger.BMP,f05523eedadf7e538b46700dde2c16a94dd69f577f499c3832548eb92e7ffd70,train
data/datasets/A+/cluster_0_4646.BMP,A+,SUBJECT_GROUP_0040,40,40__F_Left_thumb_finger.BMP,0b6ffa979779b080d108b60a85c4b0c403e5842abaefc61bdcf6f9b9a99d6a55,train
data/datasets/A+/cluster_0_4649.BMP,A+,SUBJECT_GROUP_0064,64,64__M_Right_ring_finger.BMP,f151fe5657d44bcf34fb2e4b42aa74acaf618917bdad7974bdcd25238a6a9248,validation
data/datasets/A+/cluster_0_4653.BMP,A+,SUBJECT_GROUP_0102,102,102__M_Left_thumb_finger.BMP,1f2196d86ca8a0ed3f696900d439815060634e435f5c30cf35375f963f6e27a0,train
data/datasets/A+/cluster_0_468.BMP,A+,SUBJECT_GROUP_0460,467,467__M_Left_index_finger.BMP,dd1046dc2051e79d57e0b31c4ffd7b32b4ce3fcb11249a9b0fba6f3f4a5bcd41,train
data/datasets/A+/cluster_0_4689.BMP,A+,SUBJECT_GROUP_0508,516,516__M_Left_thumb_finger.BMP,b1ea05c72537bcab5baaa899002e1af74ec720ced87eb84d1cbcfc0188565cbe,train
data/datasets/A+/cluster_0_4690.BMP,A+,SUBJECT_GROUP_0241,244,244__M_Left_thumb_finger.BMP,db5693811b0b97b0010fd9b73695ab01bb8e7277974b880a7898e923f16da052,train
data/datasets/A+/cluster_0_4692.BMP,A+,SUBJECT_GROUP_0496,503,503__M_Left_little_finger.BMP,1065e9116217e52506fea7b7b78f75002af55a11d229f220bedd83c2d5d58ddb,train
data/datasets/A+/cluster_0_4693.BMP,A+,SUBJECT_GROUP_0128,128,128__M_Left_thumb_finger.BMP,98916f41cd3948858597a7c6a09a4caad492dc37ff3e67fdd364403909871cba,train
data/datasets/A+/cluster_0_4695.BMP,A+,SUBJECT_GROUP_0523,531,531__M_Left_index_finger.BMP,07c916c71a0f7100f1d35f1bb1a7bae5e15f0769acaa4dcd6dda14dfe091e2dd,validation
data/datasets/A+/cluster_0_4700.BMP,A+,SUBJECT_GROUP_0137,137,137__M_Left_middle_finger.BMP,6433d063e6acaf7e705e14adcc40908992ce829f7fcf377a1877d977560c13db,validation
data/datasets/A+/cluster_0_4743.BMP,A+,SUBJECT_GROUP_0142,142,142__F_Left_index_finger.BMP,fa590f761481589c380e949b6ec552ef9549a8790a5ddcdd8388939916919a73,train
data/datasets/A+/cluster_0_4768.BMP,A+,SUBJECT_GROUP_0541,549,549__M_Left_thumb_finger.BMP,4fb85699a461b9683c9e1b84d5d0611d4bbb6d704914ca8d7e18e770043a6fbe,train
data/datasets/A+/cluster_0_4780.BMP,A+,SUBJECT_GROUP_0044,44,44__M_Left_thumb_finger.BMP,f606b42552dec89cc6bbee1a0dc9365c2776bf9c1941169913ea758301e7494b,train
data/datasets/A+/cluster_0_4786.BMP,A+,SUBJECT_GROUP_0051,51,51__M_Left_index_finger.BMP,d8d4d8acff6e3bc5d08274d9232832981352bb047de8975960cf8092103d6cad,train
data/datasets/A+/cluster_0_4802.BMP,A+,SUBJECT_GROUP_0424,431,431__M_Left_thumb_finger.BMP,63c035abdb89c6eb3d1f56040b04c6d8b31667ee6196b60fe01c885442c56ae4,validation
data/datasets/A+/cluster_0_4803.BMP,A+,SUBJECT_GROUP_0081,81,81__F_Left_thumb_finger.BMP,5e17ad6e381c3ca55f8a05b60b53c2cd2366f86ca4cdb07845225891842c8941,test
data/datasets/A+/cluster_0_4821.BMP,A+,SUBJECT_GROUP_0118,118,118__F_Left_thumb_finger.BMP,bd905d4fb6c9fc31ca9fcc552ffdb0ea8178e0f42c05c8e90b8e64f98e8a36a4,train
data/datasets/A+/cluster_0_4827.BMP,A+,SUBJECT_GROUP_0538,546,546__M_Left_thumb_finger.BMP,d79127c362c730774673f6c6c2d7f71b32e8873f34f6b022540161cd83481966,test
data/datasets/A+/cluster_0_4831.BMP,A+,SUBJECT_GROUP_0216,218,218__M_Left_index_finger.BMP,772d22ac85c3f4daed3df10e18d7a6a9cbd64f700d0aa32c636f56517c384310,train
data/datasets/A+/cluster_0_4840.BMP,A+,SUBJECT_GROUP_0137,137,137__M_Left_thumb_finger.BMP,6650b64ca13a70a789fb4cbe610228719520abe70e04727dd99c7c7701ef0ee0,validation
data/datasets/A+/cluster_0_4846.BMP,A+,SUBJECT_GROUP_0339,344,344__M_Left_index_finger.BMP,281edb4445a5a94dce66098e2204603ebd3a14e2812dafd641b0d6b3d0958681,train
data/datasets/A+/cluster_0_4855.BMP,A+,SUBJECT_GROUP_0153,153,153__M_Left_thumb_finger.BMP,6993513b08546cc5b6a84736200ceecf2beba0f19adab49046eb2791737e7ecc,test
data/datasets/A+/cluster_0_486.BMP,A+,SUBJECT_GROUP_0430,437,437__M_Left_thumb_finger.BMP,af181d859505e3f0d21a506002e6273b8b00ad98af566894a8caa54a1e0f3a97,test
data/datasets/A+/cluster_0_4865.BMP,A+,SUBJECT_GROUP_0522,530,530__M_Left_thumb_finger.BMP,a1b59a1691860e561efdcf79d4d0a28625c0709fa167e347221bae895f6b834e,test
data/datasets/A+/cluster_0_4871.BMP,A+,SUBJECT_GROUP_0426,433,433__M_Left_thumb_finger.BMP,fdfc6ee1ababb03544cc461bb4b5274863b30a663ace972452a6f786cc47dd0a,validation
data/datasets/A+/cluster_0_4881.BMP,A+,SUBJECT_GROUP_0498,505,505__M_Left_index_finger.BMP,5dd4bc78244bd8445265fd7c1055583effa9f77f8de5fa35bd196fd20f826be4,train
data/datasets/A+/cluster_0_4892.BMP,A+,SUBJECT_GROUP_0490,497,497__M_Left_index_finger.BMP,a933722e005a4606f8cff1daceae86bd2a90cdec0c451633f816cff8e2a390b9,train
data/datasets/A+/cluster_0_4905.BMP,A+,SUBJECT_GROUP_0280,285,285__M_Left_little_finger.BMP,b3d8cfe1b13f7662705a38f39aa8ac90e6e381b56efd78a7b3b76d6c1016a5b4,train
data/datasets/A+/cluster_0_4910.BMP,A+,SUBJECT_GROUP_0108,108,108__M_Left_thumb_finger.BMP,92fece194827e963892b259ae97d7a20cb8d0bb4ba9a0d60b85fec5507787c3a,validation
data/datasets/A+/cluster_0_4924.BMP,A+,SUBJECT_GROUP_0024,24,24__F_Left_thumb_finger.BMP,7b2355d369d62bfd065a8d731e5822a9c624ed98db9701ec237ab5e022e043ca,test
data/datasets/A+/cluster_0_4928.BMP,A+,SUBJECT_GROUP_0416,423,423__M_Left_thumb_finger.BMP,56922f8bbadf45af04341d689accb130e40aed31bb9526d552082a971d931b57,train
data/datasets/A+/cluster_0_4949.BMP,A+,SUBJECT_GROUP_0427,434,434__M_Left_thumb_finger.BMP,774ad334fa73062d6620bb601169757f4cf1e944bbeed290a7a8fd1cdbd1b257,train
data/datasets/A+/cluster_0_4959.BMP,A+,SUBJECT_GROUP_0048,48,48__F_Left_thumb_finger.BMP,c77d358d591bffbdfcd1d2cfb263c0b5192194bbb5e87c172fb9c5a6ba19e7c8,test
data/datasets/A+/cluster_0_497.BMP,A+,SUBJECT_GROUP_0383,389,389__F_Left_thumb_finger.BMP,67541c8326015acbe4ab05898f36a8a2826c465d78bca721c20be3d1b813e16f,train
data/datasets/A+/cluster_0_4970.BMP,A+,SUBJECT_GROUP_0003,3,3__M_Left_thumb_finger.BMP,ed57564c220551f5aff07366c7ee795631e44ccb3692376efec764dee34c7bc0,validation
data/datasets/A+/cluster_0_4973.BMP,A+,SUBJECT_GROUP_0280,285,285__M_Left_thumb_finger.BMP,3fd4082256cafb9296ccdad9c6b5a20a0837b64c70dcec1b22da1ac6684cbda9,train
data/datasets/A+/cluster_0_4978.BMP,A+,SUBJECT_GROUP_0003,3,3__M_Right_ring_finger.BMP,c44f7707e432f1024a4418c7f43599e4fe73f14e64c4da4f6e7bf9ff02cf5542,validation
data/datasets/A+/cluster_0_4998.BMP,A+,SUBJECT_GROUP_0053,53,53__M_Left_thumb_finger.BMP,cee63dafb04871b1e3ed38e6a892956b39e019f9d82f764bf785565916af1e30,train
data/datasets/A+/cluster_0_5004.BMP,A+,SUBJECT_GROUP_0267,272,272__M_Left_middle_finger.BMP,059802de33b2e76e12595117abdc7a9a245441a67060585650f447a2099d08fc,train
data/datasets/A+/cluster_0_502.BMP,A+,SUBJECT_GROUP_0380,386,386__M_Right_ring_finger.BMP,bcd9b6e25614d242cc3098562e37c9c804c1c8f3484360fee423b3c973d25ec4,train
data/datasets/A+/cluster_0_5038.BMP,A+,SUBJECT_GROUP_0342,347,347__M_Left_index_finger.BMP,c62102bd2c1fef9a2d7d9c5b073be4e79dd4ff1e7eceb7e4f74889b45af27192,train
data/datasets/A+/cluster_0_5046.BMP,A+,SUBJECT_GROUP_0462,469,469__M_Left_middle_finger.BMP,7e04ca0d68e2e6e39eba711178cc9d52bfa33627aeb21d7c275fa968425b0a76,train
data/datasets/A+/cluster_0_5051.BMP,A+,SUBJECT_GROUP_0374,380,380__M_Left_thumb_finger.BMP,2f486a966e133afaac633a20ae5e47a374c89abd27fb83bf27a563c13d52a192,validation
data/datasets/A+/cluster_0_5083.BMP,A+,SUBJECT_GROUP_0566,576,576__M_Left_index_finger.BMP,298693032d5cc839fa9631ed9b2f8a0ed9d211fe0a5eb1a88ae8ce4516e33740,train
data/datasets/A+/cluster_0_5087.BMP,A+,SUBJECT_GROUP_0009,9,9__M_Left_thumb_finger.BMP,cb0540b2ad9661503be54c31f9b4220680f3fc652e56f77d80ebef945d087ccc,train
data/datasets/A+/cluster_0_5095.BMP,A+,SUBJECT_GROUP_0041,41,41__M_Left_index_finger.BMP,158804f8fdf6e8c73c0febc2c18a63eac3dc3b6a8e3faa6e1e9835d328fa6939,train
data/datasets/A+/cluster_0_5105.BMP,A+,SUBJECT_GROUP_0486,493,493__M_Left_thumb_finger.BMP,6242b5ca04a02e99846e8360f1e5cf4ed0346676e31887de3a2f5bbec730bbc5,train
data/datasets/A+/cluster_0_5118.BMP,A+,SUBJECT_GROUP_0421,428,428__M_Left_little_finger.BMP,d95aa1964d0ecc69f029c86b53685a9069d6d190f095ee3edf5ca7a68239e216,train
data/datasets/A+/cluster_0_5123.BMP,A+,SUBJECT_GROUP_0362,367,367__M_Left_thumb_finger.BMP,e07701814cf6430343a13c9cf17125ec1c78849d2926bfbed30b4a58afbcd83f,train
data/datasets/A+/cluster_0_5124.BMP,A+,SUBJECT_GROUP_0474,481,481__F_Right_ring_finger.BMP,f58179dc4c57165fbc5d35d4ff424920e72caf181b48c6dcd81714a753c4a064,test
data/datasets/A+/cluster_0_5140.BMP,A+,SUBJECT_GROUP_0392,398,398__M_Left_ring_finger.BMP,2fe6a26d32b695264f9a1123c2fd47dffec992be62f8d1a9bf8f8825bdc41c6b,train
data/datasets/A+/cluster_0_5170.BMP,A+,SUBJECT_GROUP_0225,228,228__M_Left_thumb_finger.BMP,c658b1d96c2e6e009dbd1683f54c4208f1093e9af9677f106460f1fb0d2f2fc0,train
data/datasets/A+/cluster_0_5178.BMP,A+,SUBJECT_GROUP_0045,45,45__M_Left_thumb_finger.BMP,0582d9d105a093233459c3d09dfa00b3f1cdb6cf6c13c91b424f6f293bd91272,train
data/datasets/A+/cluster_0_5184.BMP,A+,SUBJECT_GROUP_0008,8,8__M_Left_thumb_finger.BMP,07cfdf7b69577bf3c59b6024d49db24b26d5d35b1f0d10ce3570dd8ab3f99cfc,train
data/datasets/A+/cluster_0_5187.BMP,A+,SUBJECT_GROUP_0178,178,178__M_Left_index_finger.BMP,fd82320d1da6368ffca45085c33d3464fd1e53244241469d262087075a9b96c6,train
data/datasets/A+/cluster_0_5197.BMP,A+,SUBJECT_GROUP_0521,529,529__M_Left_index_finger.BMP,a86d36f0e8ad908557848b9cb57bbc7469a24b7ce71d82c3f7905c5fe670290e,train
data/datasets/A+/cluster_0_5203.BMP,A+,SUBJECT_GROUP_0572,583,583__M_Left_thumb_finger.BMP,eb69a40efffa8d90fb9e4133f69961d67c7dfe5820fd4e64ea31241e04e9ef4c,test
data/datasets/A+/cluster_0_5209.BMP,A+,SUBJECT_GROUP_0392,398,398__M_Left_thumb_finger.BMP,6368c576c1f7e6b72782aa682a6e3ac472b02c9774196fe94c48e8930d5af0bd,train
data/datasets/A+/cluster_0_5223.BMP,A+,SUBJECT_GROUP_0375,381,381__M_Left_thumb_finger.BMP,3db445fc33ed44265952bc3a8f9203631b3202e416ed7d2e8c788d0e74a04f6b,train
data/datasets/A+/cluster_0_5226.BMP,A+,SUBJECT_GROUP_0042,42,42__F_Left_thumb_finger.BMP,18026abaccddcc5d38823a854d98e02d79ec886ed09d64046f2ae37aa86cb70f,train
data/datasets/A+/cluster_0_5235.BMP,A+,SUBJECT_GROUP_0156,156,156__F_Left_thumb_finger.BMP,6a43aea64f16e4e3661c10a99596dc94d85fcfa64b0fa1eed8e90fc0d1314842,train
data/datasets/A+/cluster_0_5251.BMP,A+,SUBJECT_GROUP_0533,541,541__M_Left_middle_finger.BMP,eb9abbc4c87f2b5ec496e45446ad4fdcc528d814bff67b39ff2964a33ba81391,validation
data/datasets/A+/cluster_0_5253.BMP,A+,SUBJECT_GROUP_0295,300,300__F_Left_thumb_finger.BMP,fde46fe1d81ca2dcb1a37463eec3fd126340e4bf6ba1e112c3d135a9a42047ee,test
data/datasets/A+/cluster_0_5256.BMP,A+,SUBJECT_GROUP_0174,174,174__F_Left_thumb_finger.BMP,0c749a9bc906e98bdf725e02f3aa8d334477255c5391dd9396f040a4762edc44,train
data/datasets/A+/cluster_0_5270.BMP,A+,SUBJECT_GROUP_0340,345,345__M_Left_index_finger.BMP,3d4eb5272f6d79048f01db915dbaec7814b44e6cd8198ef7c05715c0f35e2047,test
data/datasets/A+/cluster_0_5278.BMP,A+,SUBJECT_GROUP_0320,325,325__M_Left_thumb_finger.BMP,dfb366745e38a353d9dbb22c2d7efbd7bf63afc58784698ba3a0bba37a17f194,train
data/datasets/A+/cluster_0_5286.BMP,A+,SUBJECT_GROUP_0182,182,182__M_Right_thumb_finger.BMP,758769b06d05d1ed74bab6d64586f7591b7b29631d4859df2b0d74751782fe63,train
data/datasets/A+/cluster_0_5298.BMP,A+,SUBJECT_GROUP_0185,185,185__M_Left_index_finger.BMP,a65efd0cfd2220f8765122597ac50196b4c39a2511bd235a88b7812fb777d1cb,train
data/datasets/A+/cluster_0_5301.BMP,A+,SUBJECT_GROUP_0550,560,560__F_Left_ring_finger.BMP,a46e9bfea3858d9f1e6d2d806ba6c8872f2c32667f4308192f74dd15f20979fb,test
data/datasets/A+/cluster_0_5302.BMP,A+,SUBJECT_GROUP_0521,529,529__M_Left_thumb_finger.BMP,9acbf3aedbca36e6daf67ac81a17d794b8b7076c6aa0609a76016b1b31089825,train
data/datasets/A+/cluster_0_5305.BMP,A+,SUBJECT_GROUP_0217,220,220__F_Left_thumb_finger.BMP,4c6ee48b28309b034e201c57a9c803f2ed1c825252579b2ea3994979eb54ec19,validation
data/datasets/A+/cluster_0_5307.BMP,A+,SUBJECT_GROUP_0232,235,235__M_Left_thumb_finger.BMP,334990b41c4550af945320ac056e4c06ecf762e34d18d7043382aa3936b27705,train
data/datasets/A+/cluster_0_532.BMP,A+,SUBJECT_GROUP_0270,275,275__F_Left_thumb_finger.BMP,64d082fd9ab1cea668667844b0772d584f728df87913e464db0d709ad182b79f,validation
data/datasets/A+/cluster_0_5343.BMP,A+,SUBJECT_GROUP_0191,191,191__F_Left_thumb_finger.BMP,dbcf379afd0c61c13176e9c7f95987ade0a6fd7b8d86b04addcde4917f558f81,train
data/datasets/A+/cluster_0_535.BMP,A+,SUBJECT_GROUP_0394,400,400__M_Left_little_finger.BMP,728df163229919c7220a233f74cad5af51a354434d2e50df8bd9a21ffed26789,test
data/datasets/A+/cluster_0_5362.BMP,A+,SUBJECT_GROUP_0313,318,318__F_Left_index_finger.BMP,d58240ee804bfe8dc8daa336abb8e82c300631f314335f12e798f8a5a528b227,test
data/datasets/A+/cluster_0_5366.BMP,A+,SUBJECT_GROUP_0426,433,433__M_Left_index_finger.BMP,a46029dc8408fedafb086bd6608b57d1bfe8c76d72faad353fb050d4a0a88e9f,validation
data/datasets/A+/cluster_0_5369.BMP,A+,SUBJECT_GROUP_0277,282,282__M_Right_little_finger.BMP,2b85da0be387eb1fcb90b368ac56c3f5e77fc819d86472710de4aa8563928796,train
data/datasets/A+/cluster_0_5383.BMP,A+,SUBJECT_GROUP_0073,73,73__M_Left_thumb_finger.BMP,bf16995f7ad2eb97b3cb62df29036e268d0d74148dfff6b501b7c83f99c5ee91,train
data/datasets/A+/cluster_0_539.BMP,A+,SUBJECT_GROUP_0015,15,15__F_Left_little_finger.BMP,b58f79827bf53944c2ee0139728a90750a90da33d0bbbd8177ce06e46bc4725c,train
data/datasets/A+/cluster_0_5392.BMP,A+,SUBJECT_GROUP_0286,291,291__M_Left_thumb_finger.BMP,f7be819c61fffc76010ec09ac85abd80553e6be3c28d8500e40c58937b94d521,train
data/datasets/A+/cluster_0_5395.BMP,A+,SUBJECT_GROUP_0349,354,354__M_Left_middle_finger.BMP,75c865a9e34a20940eb29e04387e08735c0b6ea8d2871265545f2e8c91ac991b,train
data/datasets/A+/cluster_0_5418.BMP,A+,SUBJECT_GROUP_0237,240,240__F_Left_thumb_finger.BMP,8c51cf5ece667425ca85de30e44bacea27c259fd203c981b458bc2848d3b4c45,train
data/datasets/A+/cluster_0_5445.BMP,A+,SUBJECT_GROUP_0181,181,181__M_Left_thumb_finger.BMP,72f3d89c8296b2f8e19d34be4be90387ade7669796fccfb3e5c68bbb8466ec2d,train
data/datasets/A+/cluster_0_5448.BMP,A+,SUBJECT_GROUP_0444,451,451__M_Right_little_finger.BMP,11bf675dec98c8c36aa20e7b3892821493300cffdee68ed193d9be70a7f3df54,train
data/datasets/A+/cluster_0_5451.BMP,A+,SUBJECT_GROUP_0345,350,350__M_Left_thumb_finger.BMP,99e60adb7e1bfe992ed8f222fba4acf1c38044a84488aa0bd3fdf11215492440,train
data/datasets/A+/cluster_0_5461.BMP,A+,SUBJECT_GROUP_0420,427,427__M_Left_middle_finger.BMP,4198a025b86f787394faab7e342e9bc67c0ae0ec3f29045e7b2bac50190294ee,train
data/datasets/A+/cluster_0_5466.BMP,A+,SUBJECT_GROUP_0138,138,138__M_Left_thumb_finger.BMP,62592321567aa02fa732de420ab01bbf8f5581239e4e3aa176554a8632eb4f21,train
data/datasets/A+/cluster_0_5481.BMP,A+,SUBJECT_GROUP_0492,499,499__M_Left_index_finger.BMP,abb9f99ce1b97cb304756dbb008284efb30eb221cad812b2326b992daeb3fdfb,train
data/datasets/A+/cluster_0_5493.BMP,A+,SUBJECT_GROUP_0245,248,248__M_Right_ring_finger.BMP,3a57eb434ebd5ffc1635fa9f9b172d5987f8e8e795a037fbed1c09ab0237388a,train
data/datasets/A+/cluster_0_5505.BMP,A+,SUBJECT_GROUP_0141,141,141__F_Left_thumb_finger.BMP,0d67ac6c8adfdc8dbc6c99cbcb50dda3a71258365e7a268cd643eda3114fe13f,test
data/datasets/A+/cluster_0_551.BMP,A+,SUBJECT_GROUP_0071,71,71__M_Left_middle_finger.BMP,00559b207742ad5b293be6256f194c6705a33619c7d8ae8b5a6a3598ec76998b,train
data/datasets/A+/cluster_0_5514.BMP,A+,SUBJECT_GROUP_0011,11,11__M_Left_thumb_finger.BMP,57fb5b973364e8bc6cbe1611c52f8ebee3f5101183b59705dde437c5fef897b8,train
data/datasets/A+/cluster_0_5521.BMP,A+,SUBJECT_GROUP_0434,441,441__M_Right_little_finger.BMP,09de3a68c8f2e941d217789cd38849fe2f9baa2170eec67d8b897b5fddf8f8c4,train
data/datasets/A+/cluster_0_5567.BMP,A+,SUBJECT_GROUP_0210,212,212__M_Left_thumb_finger.BMP,84893345828bcce17f4ce444b6fe43bee76b09175e4db3fe011c16d9cce59974,train
data/datasets/A+/cluster_0_5574.BMP,A+,SUBJECT_GROUP_0471,478,478__M_Left_thumb_finger.BMP,f18bf45e5a7af4a6d88d23824d7a61efe88d6c0e0bcb5303d8468740406d7048,train
data/datasets/A+/cluster_0_5591.BMP,A+,SUBJECT_GROUP_0296,301,301__F_Left_thumb_finger.BMP,056cbfa814f2ab614b983c1b83b0392cc4c88104cccc7ec7ecde16b17944a440,train
data/datasets/A+/cluster_0_560.BMP,A+,SUBJECT_GROUP_0033,33,33__M_Left_thumb_finger.BMP,e61321a8ce8994a03211cd660004b3572ab0d898b1bd425717f4230ef0056807,validation
data/datasets/A+/cluster_0_5600.BMP,A+,SUBJECT_GROUP_0091,91,91__F_Left_thumb_finger.BMP,2e33ccb52dad8ce1c20d863b440325ea2dc1d3b0ea80b3a066bd4f7e73e8a606,train
data/datasets/A+/cluster_0_5601.BMP,A+,SUBJECT_GROUP_0361,366,366__M_Left_thumb_finger.BMP,ffcc00387c5474775c8d5b794b8f58f0fb213c26443e82a33a763d42ed1e87eb,train
data/datasets/A+/cluster_0_5606.BMP,A+,SUBJECT_GROUP_0483,490,490__M_Left_thumb_finger.BMP,aebf92cf8ed8f4e22160902f500e2792b1683da6984f380df785e2358b9cc3c4,validation
data/datasets/A+/cluster_0_5616.BMP,A+,SUBJECT_GROUP_0420,427,427__M_Left_thumb_finger.BMP,8ce71b0f932a59687fa24af12f5f5d6a2042812d1da0cb5f92b6cd4f1e0ec206,train
data/datasets/A+/cluster_0_5630.BMP,A+,SUBJECT_GROUP_0015,15,15__F_Left_index_finger.BMP,411834a6aa25c07668fcaa8e6e1c25e51d9ffcd476f411af1c12405b70e7e71d,train
data/datasets/A+/cluster_0_5631.BMP,A+,SUBJECT_GROUP_0513,521,521__M_Left_thumb_finger.BMP,5931fbfb58b87c51277b2c50e92aa1a8b9074bb9db37843411f41d8e946ae577,train
data/datasets/A+/cluster_0_5636.BMP,A+,SUBJECT_GROUP_0056,56,56__F_Left_thumb_finger.BMP,f93e920e5e42bcae307b0f9e1c64bb584745e4be7a87aef5da68d99c1e71f082,validation
data/datasets/A+/cluster_0_564.BMP,A+,SUBJECT_GROUP_0143,143,143__M_Left_thumb_finger.BMP,c39de7db412e6369ed16480ad1bf3eb7c5887aabc5ee890437429892f49829b7,train
data/datasets/A+/cluster_0_5647.BMP,A+,SUBJECT_GROUP_0049,49,49__M_Left_index_finger.BMP,63d0619eb588208162ef77eeb0dfb720beb794a5de1099c43f2f6153a42b9ac0,train
data/datasets/A+/cluster_0_5652.BMP,A+,SUBJECT_GROUP_0262,267,267__M_Left_thumb_finger.BMP,9faedb9a14548da4674a376dc69b8b3ca208a03ae6e043ba45b83066fc97d900,test
data/datasets/A+/cluster_0_5653.BMP,A+,SUBJECT_GROUP_0462,469,469__M_Left_index_finger.BMP,467cef806edd376ecfbc7604008624750d3b9aa50649f1707560543324818fc7,train
data/datasets/A+/cluster_0_5660.BMP,A+,SUBJECT_GROUP_0222,225,225__M_Left_thumb_finger.BMP,e8af4ce9e447b73522b0af51bc4221e53cd64c7cce87e4cd7c95a37d3ad9e32e,validation
data/datasets/A+/cluster_0_5687.BMP,A+,SUBJECT_GROUP_0366,371,371__M_Left_middle_finger.BMP,3239053b2e9abd63f6f5d305b822e86461bd458aa395e9fb0fc2cc2541b95ff0,train
data/datasets/A+/cluster_0_5691.BMP,A+,SUBJECT_GROUP_0005,5,5__M_Left_middle_finger.BMP,9af0347f308f7a36ffa66f8a6bb65658126a2fd9fd242a9c96d5220c16ab41b9,train
data/datasets/A+/cluster_0_5715.BMP,A+,SUBJECT_GROUP_0064,249,249__M_Left_thumb_finger.BMP,22fe16ad123b0e797cdc806b6249c2815f4cef4d575de85b9e883285cdf018fd,validation
data/datasets/A+/cluster_0_5730.BMP,A+,SUBJECT_GROUP_0403,409,409__M_Right_little_finger.BMP,ff40a43a82e870bbde783d0e74dcb4d5105f1dc6631ea4fb2ba462d2907e7822,train
data/datasets/A+/cluster_0_5734.BMP,A+,SUBJECT_GROUP_0575,587,587__M_Left_index_finger.BMP,316d24e5b5641b11680adbe347ef60b8490eaa1cfbe37caa1595ddaa4edc76cc,test
data/datasets/A+/cluster_0_5740.BMP,A+,SUBJECT_GROUP_0044,44,44__M_Right_ring_finger.BMP,e675815411a3ed072f1b92423615fc3b1558d509e6a4483b08a721f9d82da09c,train
data/datasets/A+/cluster_0_576.BMP,A+,SUBJECT_GROUP_0084,84,84__M_Left_thumb_finger.BMP,abc8420e972769750274f5d74c08e65e0846891bc9873673c797d415d28d5fc2,test
data/datasets/A+/cluster_0_5780.BMP,A+,SUBJECT_GROUP_0455,462,462__M_Left_thumb_finger.BMP,5d9b0c0a936f9bc500f64225186af54c4a3e0e31f109b1373e73b0dca2cb7676,train
data/datasets/A+/cluster_0_5786.BMP,A+,SUBJECT_GROUP_0554,564,564__M_Left_thumb_finger.BMP,6790e50af8b4c39f1881ae17b0c68ad595436c2ebe10f50a7c10dc8c9a379251,train
data/datasets/A+/cluster_0_5799.BMP,A+,SUBJECT_GROUP_0580,593,593__M_Left_little_finger.BMP,6c5916a6c4cdea1b6aae8c6a00b98d3b143ee35136cafab38341abfc973968b1,test
data/datasets/A+/cluster_0_5800.BMP,A+,SUBJECT_GROUP_0047,47,47__F_Left_thumb_finger.BMP,7d12e3734e99730ebd30f33726b332a2c65e5bd15a1610339a696d4a9c67c6bc,train
data/datasets/A+/cluster_0_581.BMP,A+,SUBJECT_GROUP_0431,438,438__M_Left_index_finger.BMP,d45e93bd9ddfc93e4032ac8ec540a6a9a9d0f5eae0e2d43c7e05b017df729cf8,train
data/datasets/A+/cluster_0_5812.BMP,A+,SUBJECT_GROUP_0542,550,550__F_Left_index_finger.BMP,a42bdf32dedf18497a4b99f2339ab23c60ee89143eb405298dd8b154087719dd,train
data/datasets/A+/cluster_0_5813.BMP,A+,SUBJECT_GROUP_0097,97,97__M_Left_thumb_finger.BMP,cf88d367d843f3a1e3dfc943df4699cc761314bac3d3e0ff9a4b1037104a59d2,train
data/datasets/A+/cluster_0_5827.BMP,A+,SUBJECT_GROUP_0422,429,429__M_Left_thumb_finger.BMP,04297904643bf6df01685818a5c4648239eb107c195397a29a06add0e41f6e99,train
data/datasets/A+/cluster_0_5860.BMP,A+,SUBJECT_GROUP_0063,63,63__M_Left_thumb_finger.BMP,14741dda3042d83436e85a520a68574becfaa3a6b1cdf044909435ef7d648ddc,train
data/datasets/A+/cluster_0_5871.BMP,A+,SUBJECT_GROUP_0509,517,517__M_Left_index_finger.BMP,efb858f6b15740bd4f00f92c95c289b5806cfab304b5221ad84513fc54dc3fb2,train
data/datasets/A+/cluster_0_5875.BMP,A+,SUBJECT_GROUP_0409,415,415__M_Left_thumb_finger.BMP,702c96bc8b3840262826b2a383384ae1a6b928da20a4be96330dca1df2de3bb1,train
data/datasets/A+/cluster_0_5880.BMP,A+,SUBJECT_GROUP_0324,329,329__M_Left_index_finger.BMP,360a0086dfb7f7f02c9fe8d38a058e985190f8b2650064728138f7a93ce0c283,train
data/datasets/A+/cluster_0_5884.BMP,A+,SUBJECT_GROUP_0054,54,54__M_Left_thumb_finger.BMP,538e0807ce92d52e1891b54d5e6daddf7e30d687c3b3b7b79bc69fc7dcf98d03,train
data/datasets/A+/cluster_0_5885.BMP,A+,SUBJECT_GROUP_0353,358,358__M_Left_thumb_finger.BMP,babff47cf132c97949f31ff29df99d12842301f0da4a4fa5d28623b8ca213e65,train
data/datasets/A+/cluster_0_589.BMP,A+,SUBJECT_GROUP_0156,156,156__F_Left_index_finger.BMP,fb606c52d2b7735a4a2bba62e959bb8067c227ed9e7818f3b41a32996ffb6c71,train
data/datasets/A+/cluster_0_5903.BMP,A+,SUBJECT_GROUP_0309,314,314__M_Left_thumb_finger.BMP,bcbc0f147c836b0b346986118fa965ad7c1f7407a01bab95924c110e78bdc7fe,validation
data/datasets/A+/cluster_0_5913.BMP,A+,SUBJECT_GROUP_0255,259,259__M_Left_thumb_finger.BMP,2a533d08c098e04aa6045b03be7ded4ce35f014a3620d0ee3d8e12e8faa80d0f,train
data/datasets/A+/cluster_0_5917.BMP,A+,SUBJECT_GROUP_0440,447,447__M_Left_ring_finger.BMP,5d8afc15fe840300117c1fe3d80e7ad2e968a0ac46c3e5ac8e0352c65d8d6404,train
data/datasets/A+/cluster_0_5918.BMP,A+,SUBJECT_GROUP_0298,303,303__F_Left_thumb_finger.BMP,6a327ead6d2d4b587587e067e4997caff3cba9096a4cc7ba1bf5dcb00180ef27,train
data/datasets/A+/cluster_0_5922.BMP,A+,SUBJECT_GROUP_0256,261,261__M_Left_thumb_finger.BMP,0972f65aab1c7a375d3dfd1a51edbdb3d74014d0d998f9397a97aeb09bfb92a1,validation
data/datasets/A+/cluster_0_5928.BMP,A+,SUBJECT_GROUP_0492,499,499__M_Left_thumb_finger.BMP,c4a0c00bebee38ea54ea0e02699aba9c5284e46b83bd26aba83ca5ad589c2ce8,train
data/datasets/A+/cluster_0_5946.BMP,A+,SUBJECT_GROUP_0472,479,479__F_Right_ring_finger.BMP,3729b6dded960e2d8b6770a896bbb416b446127dc632938286d883aef657ee03,train
data/datasets/A+/cluster_0_5947.BMP,A+,SUBJECT_GROUP_0159,159,159__M_Left_little_finger.BMP,7a7b4aaedd5065fa94ba1c5420106559bf4508816e421c266bef9e3493b05290,train
data/datasets/A+/cluster_0_5951.BMP,A+,SUBJECT_GROUP_0472,479,479__F_Left_index_finger.BMP,2c17d8c2009103b6280889ce6923ac9ffe701470d549e3b64010ddcbb7c11c85,train
data/datasets/A+/cluster_0_5978.BMP,A+,SUBJECT_GROUP_0212,214,214__M_Left_thumb_finger.BMP,69e46319d735bce6a3a42c75d4bdf360c5195e352e16bd1d90878122eecd8338,train
data/datasets/A+/cluster_0_5993.BMP,A+,SUBJECT_GROUP_0578,591,591__M_Left_index_finger.BMP,b59ed6bf86ca0a602468ae1b9b35edb289e905a15011ef6c88147bfeaa2bb11e,test
data/datasets/A+/cluster_0_608.BMP,A+,SUBJECT_GROUP_0207,209,209__F_Left_thumb_finger.BMP,6d7be5c32ccee4a1bc272c5fc3ae94ae4e4662ac48de57ffed491751c9a57ac5,train
data/datasets/A+/cluster_0_614.BMP,A+,SUBJECT_GROUP_0575,587,587__M_Left_thumb_finger.BMP,2098136938533cf208615c44cb8c34e8dd9e78343cc3a724bb50257e26b6bb9d,test
data/datasets/A+/cluster_0_62.BMP,A+,SUBJECT_GROUP_0498,505,505__M_Left_thumb_finger.BMP,f2969d9799c4757b1cd0f8609f222a7a644a530659d73f120ece7cce382e0d30,train
data/datasets/A+/cluster_0_635.BMP,A+,SUBJECT_GROUP_0315,320,320__M_Left_thumb_finger.BMP,0fac4d86c5f42a7c0fc5999bb501a54294dc5ed3307b182e48b1e6de42dec42d,train
data/datasets/A+/cluster_0_638.BMP,A+,SUBJECT_GROUP_0145,145,145__M_Left_thumb_finger.BMP,6242fcbbb19ba438577a68c9c7a44955422c969bf1813ec8ecc6f71d9f78cde2,train
data/datasets/A+/cluster_0_644.BMP,A+,SUBJECT_GROUP_0251,255,255__M_Left_thumb_finger.BMP,7cbeedfec84ce1916ea4f442193344540a5f6d116cc012edc3b0445b441acc7b,train
data/datasets/A+/cluster_0_660.BMP,A+,SUBJECT_GROUP_0408,414,414__M_Left_thumb_finger.BMP,0f06ffc78c9a07d13afec8c9512f7690067effb75462525de16042e6ea7496a2,train
data/datasets/A+/cluster_0_678.BMP,A+,SUBJECT_GROUP_0021,21,21__M_Left_thumb_finger.BMP,b9ff5dfff593111b74a62119527c44f3d05c8e1be31770c96c90bba84b1eed7c,test
data/datasets/A+/cluster_0_686.BMP,A+,SUBJECT_GROUP_0236,239,239__M_Left_thumb_finger.BMP,4a85466f7a85b2ebc8240e353c2b1f08037a94408086a0a0cfc1e0c97e14732b,train
data/datasets/A+/cluster_0_694.BMP,A+,SUBJECT_GROUP_0087,87,87__M_Left_middle_finger.BMP,c60ceea66a1560ec324767a8afeffd75aab0e34b0ccbdc17e02423588779a359,train
data/datasets/A+/cluster_0_696.BMP,A+,SUBJECT_GROUP_0067,67,67__F_Left_thumb_finger.BMP,b1825b3f8fcccdffb7353452fc09d286d8a5312a8a90983dddf102a0e3c8eace,train
data/datasets/A+/cluster_0_707.BMP,A+,SUBJECT_GROUP_0249,253,253__F_Left_index_finger.BMP,b3acd87d5b751fa24588aba23ea85153bb977f8798579eb71f37726facaef4b6,train
data/datasets/A+/cluster_0_713.BMP,A+,SUBJECT_GROUP_0567,578,578__M_Left_index_finger.BMP,1f226d28fa672f888ad71f01f5095b82933fae38afb09e96b780ceec3b642991,validation
data/datasets/A+/cluster_0_714.BMP,A+,SUBJECT_GROUP_0443,450,450__M_Left_thumb_finger.BMP,816f2abf15d45cf0c0a092a3c4f81369b5c2be7e5e15f068c6c294050e438782,test
data/datasets/A+/cluster_0_730.BMP,A+,SUBJECT_GROUP_0098,98,98__M_Left_thumb_finger.BMP,4880fb3ae66876fd6b1ac9026acfe5998858a4826a5c985639b208c0931fafc5,test
data/datasets/A+/cluster_0_733.BMP,A+,SUBJECT_GROUP_0212,214,214__M_Left_middle_finger.BMP,1aba2061900cfff0e6ca70a2fe36c84f0fee3dfa43a79f3771fa30aac610bd71,train
data/datasets/A+/cluster_0_746.BMP,A+,SUBJECT_GROUP_0441,448,448__M_Left_index_finger.BMP,5bfca546a2751f4776825ea0662912d435f2daaba1c7e23763e659bda664ddaa,train
data/datasets/A+/cluster_0_755.BMP,A+,SUBJECT_GROUP_0311,316,316__M_Left_thumb_finger.BMP,fb088187dfde35c166bf2c365e3cf2573b8b8761231f4de9f1f19f366158a848,train
data/datasets/A+/cluster_0_768.BMP,A+,SUBJECT_GROUP_0467,474,474__M_Left_thumb_finger.BMP,66ba90622439cf038cec1290c92bd67064797c94ed56a4474d93b0a4e40b27a7,train
data/datasets/A+/cluster_0_77.BMP,A+,SUBJECT_GROUP_0338,343,343__M_Left_thumb_finger.BMP,a97501b2f184b822069bcc28e7d6a1e659f81929c54cbdf336b4afb94453937c,train
data/datasets/A+/cluster_0_777.BMP,A+,SUBJECT_GROUP_0464,471,471__M_Left_index_finger.BMP,e6581823c33cda1ce5c589d3ec6b27a9e73c5689dc5cd948fbaaee04ebe9508d,train
data/datasets/A+/cluster_0_798.BMP,A+,SUBJECT_GROUP_0360,365,365__M_Left_little_finger.BMP,1ec6cf30ceb0993830fb68ad2d25b00fb6ae15c8a211b666902f3c603df40002,test
data/datasets/A+/cluster_0_826.BMP,A+,SUBJECT_GROUP_0342,347,347__M_Left_thumb_finger.BMP,7f3ad307de964a23692b179b3c1e1a0e546d3fb4369885ea3976ead025366993,train
data/datasets/A+/cluster_0_836.BMP,A+,SUBJECT_GROUP_0146,146,146__M_Left_index_finger.BMP,0181ad83933af7e222327aac3880464ddae9b494dcaca208ec69ddc0f8b9703f,test
data/datasets/A+/cluster_0_868.BMP,A+,SUBJECT_GROUP_0064,64,64__M_Left_index_finger.BMP,52c5c730a5a52af97217f8a3a252d0241362e0d40e80d9003b135ffce372ea2f,validation
data/datasets/A+/cluster_0_872.BMP,A+,SUBJECT_GROUP_0001,1,1__M_Left_thumb_finger.BMP,fb2f979d55ab7161e291c019fea2b6b90662dabf666582e2a283cee2a6f7386e,train
data/datasets/A+/cluster_0_875.BMP,A+,SUBJECT_GROUP_0071,71,71__M_Left_ring_finger.BMP,3d64c66c8efa790b5b78a3aae2e0b936329e3e42f5299b398a1020b4edb9f1e6,train
data/datasets/A+/cluster_0_878.BMP,A+,SUBJECT_GROUP_0327,332,332__M_Left_index_finger.BMP,7ed33ab48ee8512e2d73a4259c43b8b69462090424bdf2fa43636ef7389c74a5,train
data/datasets/A+/cluster_0_880.BMP,A+,SUBJECT_GROUP_0496,503,503__M_Left_thumb_finger.BMP,8073e46eb9cef593897303292202739d6d4eb231b7940148504d4adcbc875064,train
data/datasets/A+/cluster_0_881.BMP,A+,SUBJECT_GROUP_0151,151,151__M_Left_ring_finger.BMP,0f2a458897e7e823062ed15c6cd1c1727b21eb70f2ae9739890f1f238d563cdc,validation
data/datasets/A+/cluster_0_908.BMP,A+,SUBJECT_GROUP_0511,519,519__M_Left_middle_finger.BMP,1579cdb4f81f1ba83b97d9d827063f7a26fe73faaf294e157af2b4d70fabb044,train
data/datasets/A+/cluster_0_940.BMP,A+,SUBJECT_GROUP_0152,152,152__M_Left_index_finger.BMP,388ac00aaa88787fedd8f662f3820eecb098da9f5e6a263dd4312810e004d3e8,train
data/datasets/A+/cluster_0_956.BMP,A+,SUBJECT_GROUP_0549,559,559__M_Left_thumb_finger.BMP,90f4df1f4e2d4250d00c2d87a7b2b1b96eed013e101f71eb08ec072de2ff22ae,train
data/datasets/A+/cluster_0_965.BMP,A+,SUBJECT_GROUP_0034,34,34__M_Left_thumb_finger.BMP,68fdf57f6f2784c973af62233740c15774724e636b97580f71f27c3cd10db3d9,test
data/datasets/A+/cluster_0_983.BMP,A+,SUBJECT_GROUP_0409,415,415__M_Left_middle_finger.BMP,37476995af3a6c78c868575b05cfda905dfaf50daa75807185a25dec3ae9f44d,train
data/datasets/A+/cluster_0_987.BMP,A+,SUBJECT_GROUP_0162,162,162__M_Left_thumb_finger.BMP,819a5f221d0e3fbfcb1a99514b1144f24ec511585b0bed551509f0b3bc06b3f2,train
data/datasets/A+/cluster_0_994.BMP,A+,SUBJECT_GROUP_0356,361,361__M_Left_thumb_finger.BMP,43aad2c4f61c7af962a24143d951e6e5111e7f8e85602884159a43feb8b57a54,train
data/datasets/A-/cluster_1_0.BMP,A-,SUBJECT_GROUP_0318,323,323__M_Right_ring_finger.BMP,70178342f62f0746726515c93b78fb658267299fd840184792914e955c4ff6f2,train
data/datasets/A-/cluster_1_1.BMP,A-,SUBJECT_GROUP_0097,97,97__M_Right_ring_finger.BMP,a0fa938a811037adac350b026b027ba852732851e6bfff9652df81cd09c7fec6,train
data/datasets/A-/cluster_1_1000.BMP,A-,SUBJECT_GROUP_0219,222,222__M_Right_middle_finger.BMP,73ab09a3a3209a5e63e659fb47ec6519a3eac4bf0bef54048094990c4ba78298,train
data/datasets/A-/cluster_1_1007.BMP,A-,SUBJECT_GROUP_0432,439,439__M_Left_middle_finger.BMP,bb266bbaa71a35ad4edeebae893f39a0800fc83b47dd95f75727fbfb4b9930f1,train
data/datasets/A-/cluster_1_1008.BMP,A-,SUBJECT_GROUP_0033,33,33__M_Left_middle_finger.BMP,676c9291a8aa75f14010341f2a54a982807a1667175dfe1fe84e19d7ca05d102,validation
data/datasets/A-/cluster_1_101.BMP,A-,SUBJECT_GROUP_0062,62,62__M_Right_middle_finger.BMP,00a30a33ee3f513797e51d78d90fe1a20dfbc484d0b7b4601ff743213fde520a,train
data/datasets/A-/cluster_1_1010.BMP,A-,SUBJECT_GROUP_0128,128,128__M_Right_index_finger.BMP,05c3307bfb82399958c91802789a14f7ce463cad83b5cc4f5f4f4f39785296c8,train
data/datasets/A-/cluster_1_1011.BMP,A-,SUBJECT_GROUP_0032,32,32__M_Right_thumb_finger.BMP,c37bf62b856c3512fc37dfd21c1287004cf1c9ae5e7d3cc62e083c9c79f70367,train
data/datasets/A-/cluster_1_1015.BMP,A-,SUBJECT_GROUP_0005,5,5__M_Right_middle_finger.BMP,138385b6c1ce956b9f45bac933eebba8d88abbfe8cb0dd940fe52c1315d9739b,train
data/datasets/A-/cluster_1_1020.BMP,A-,SUBJECT_GROUP_0370,375,375__M_Right_middle_finger.BMP,4cba9bfaf1ad24ac345325f6475ca56df7835f772f293659dfd7da0c07c65163,train
data/datasets/A-/cluster_1_1022.BMP,A-,SUBJECT_GROUP_0425,432,432__M_Left_ring_finger.BMP,1c26c72cd30d490c2c3d4943bed1af09d9f3d2f18a641b1ac418fc628893e284,train
data/datasets/A-/cluster_1_1025.BMP,A-,SUBJECT_GROUP_0043,43,43__F_Left_ring_finger.BMP,7d71e4e6be899a9f043aedfb28df1932245353587dcf7589bf5e5055aa5efcf7,train
data/datasets/A-/cluster_1_1027.BMP,A-,SUBJECT_GROUP_0329,334,334__F_Right_ring_finger.BMP,c7a42b479eca74ed29eb74dde85f0f9f98b9cd22cef7e4d73aa6c9edaf200c8f,train
data/datasets/A-/cluster_1_1031.BMP,A-,SUBJECT_GROUP_0092,204,204__F_Left_thumb_finger.BMP,d038d97d21c17645f08b029188cd6c219be01d859a6128e1e6cbd5252f459787,validation
data/datasets/A-/cluster_1_1034.BMP,A-,SUBJECT_GROUP_0149,149,149__F_Left_index_finger.BMP,bb477f2ab5ab6a92369307a553bdce11e57e5e577e9d4e46b42b1062099b374e,train
data/datasets/A-/cluster_1_1049.BMP,A-,SUBJECT_GROUP_0136,136,136__F_Right_thumb_finger.BMP,69d8e7edca43ed0212c479903a6d4b726553e632834217f1937bf2413d9536a3,train
data/datasets/A-/cluster_1_1058.BMP,A-,SUBJECT_GROUP_0483,490,490__M_Right_middle_finger.BMP,791ff27990fc219bc1f8e075a3b8f13baa5cdddec097cbe4a8635fa70d9ff335,validation
data/datasets/A-/cluster_1_1060.BMP,A-,SUBJECT_GROUP_0159,159,159__M_Right_ring_finger.BMP,d1d81c87adc8d1568323fafad13ee3ddd1042c9d71d1f0d08968641415ada9d2,train
data/datasets/A-/cluster_1_1068.BMP,A-,SUBJECT_GROUP_0105,105,105__M_Right_thumb_finger.BMP,5a903eff184802c935b3ad1700077c164a49f3cc0922207c552685394ba3fce0,train
data/datasets/A-/cluster_1_1072.BMP,A-,SUBJECT_GROUP_0124,124,124__M_Left_middle_finger.BMP,c178c5c789674d35ae1a43db19451d5cc974735f58c2f7db3d3fb12df2057d79,train
data/datasets/A-/cluster_1_1080.BMP,A-,SUBJECT_GROUP_0376,382,382__M_Left_thumb_finger.BMP,5638925be8e35ce3bcb3acea86b5528a153c3fd96545590918ef363ec11ab819,validation
data/datasets/A-/cluster_1_1085.BMP,A-,SUBJECT_GROUP_0448,455,455__M_Right_middle_finger.BMP,fec77b5796d1c4d559a0a376dc7947dcc63119133d41814284bc5ded5a9ea306,train
data/datasets/A-/cluster_1_1086.BMP,A-,SUBJECT_GROUP_0444,451,451__M_Left_ring_finger.BMP,b20bba49efdb2c447f72c0a2eb035b82e5b8508e959a49201959d379a25b98bc,train
data/datasets/A-/cluster_1_1092.BMP,A-,SUBJECT_GROUP_0230,233,233__M_Left_ring_finger.BMP,a708ce30a6b9d517be21a9688b12088946f1367a2bbae40803fec9309ba47fdf,test
data/datasets/A-/cluster_1_1095.BMP,A-,SUBJECT_GROUP_0253,257,257__M_Right_ring_finger.BMP,a7e8e3e96cee221f31b2bb46bd79dd07c6e98fca40b6ff9ad6ead7fe4180e7f9,train
data/datasets/A-/cluster_1_11.BMP,A-,SUBJECT_GROUP_0042,42,42__F_Right_thumb_finger.BMP,8a051ee1275b7214f40c893fb611a87f5f8b6b1fa5b3efebcb3ce094cca620e2,train
data/datasets/A-/cluster_1_1106.BMP,A-,SUBJECT_GROUP_0563,573,573__F_Right_ring_finger.BMP,832ad0601a1380048de1ca7131b6314baadcae91be0c62dd5f91dd603c35081e,test
data/datasets/A-/cluster_1_1107.BMP,A-,SUBJECT_GROUP_0498,505,505__M_Right_index_finger.BMP,d756b2bb386c4690b6d72eed69edd7e6f58dd0bd684778cd7c4bc00d239b5d10,train
data/datasets/A-/cluster_1_1109.BMP,A-,SUBJECT_GROUP_0167,167,167__M_Left_little_finger.BMP,ebd977b70308e0d6fe1d71f43970c4556412f42609d059c0f27633e4582469ce,train
data/datasets/A-/cluster_1_1110.BMP,A-,SUBJECT_GROUP_0308,313,313__M_Right_ring_finger.BMP,d9555a8be7da75d015df8e43fc5cec2d47393536c089375f650aed523f940fe8,train
data/datasets/A-/cluster_1_1113.BMP,A-,SUBJECT_GROUP_0169,169,169__F_Right_middle_finger.BMP,90df05d50a4d08756ffc662390c4c6a7d2f89233d61b0f97e811123f34e7bd49,train
data/datasets/A-/cluster_1_1115.BMP,A-,SUBJECT_GROUP_0247,251,251__M_Right_little_finger.BMP,0323727a0b704ff96e2ebd94c7c930554d0490baf57b6661ff9841618585cc58,validation
data/datasets/A-/cluster_1_1117.BMP,A-,SUBJECT_GROUP_0054,54,54__M_Right_index_finger.BMP,1001e193177f4fff588a0b4b10b38889e34d96af0cfa2b41846d297c31adda5a,train
data/datasets/A-/cluster_1_1128.BMP,A-,SUBJECT_GROUP_0204,206,206__M_Left_ring_finger.BMP,371e722addbb8c2cc1a604195d371a0a05dc1cbfc79e3bf33ccf00ef7bc71fda,validation
data/datasets/A-/cluster_1_1133.BMP,A-,SUBJECT_GROUP_0315,320,320__M_Left_middle_finger.BMP,765f950aaf7f4015cf189f5234b2def498a4d6002ba8e54083b3c32f285c3f87,train
data/datasets/A-/cluster_1_1139.BMP,A-,SUBJECT_GROUP_0023,23,23__M_Right_middle_finger.BMP,beb3d6c17b6de87a41e61a53cd15abe2d85bfb3b1f16119b96a9e3ecd9f12b75,train
data/datasets/A-/cluster_1_1143.BMP,A-,SUBJECT_GROUP_0047,47,47__F_Right_little_finger.BMP,ee54324c20b17256b6eca8883647d3169d4b6ab41b141ad163d5d5d5cb66cde4,train
data/datasets/A-/cluster_1_1149.BMP,A-,SUBJECT_GROUP_0290,295,295__M_Left_index_finger.BMP,b0c650c10ca971f5b6100efaa4a94e46e2b73c70879b76e4e33d2ee32b6536fb,train
data/datasets/A-/cluster_1_115.BMP,A-,SUBJECT_GROUP_0348,353,353__M_Right_middle_finger.BMP,2b1bc82afb06adc11672f5ac733bac4b3c284bdf7cffd737b531ce4b65dd007f,train
data/datasets/A-/cluster_1_1155.BMP,A-,SUBJECT_GROUP_0333,338,338__M_Right_ring_finger.BMP,7c690bf8f7090e8ba093682db7b89d17ced236c0cf21c9f856d13be00151b309,validation
data/datasets/A-/cluster_1_1163.BMP,A-,SUBJECT_GROUP_0479,486,486__M_Left_thumb_finger.BMP,ddb2606adf5efb6b01b5a706b13d65654c2733180b4d78ef3d0865dd112364e6,train
data/datasets/A-/cluster_1_1165.BMP,A-,SUBJECT_GROUP_0283,288,288__M_Left_ring_finger.BMP,013e3148de29cb70634fdfe97d384b407c8c6e3892c4f5e6c7149a0aefb01c58,train
data/datasets/A-/cluster_1_1172.BMP,A-,SUBJECT_GROUP_0480,487,487__M_Right_index_finger.BMP,85d0d3287252d0aa5ba686dfea292d199af99f443d71764e6c853ea9952cd632,train
data/datasets/A-/cluster_1_1178.BMP,A-,SUBJECT_GROUP_0497,504,504__M_Right_middle_finger.BMP,00b89880ee104701e6bab2578cd6f83d96c559dc060c79d216cdc9bde03e91b5,train
data/datasets/A-/cluster_1_1187.BMP,A-,SUBJECT_GROUP_0291,296,296__M_Left_middle_finger.BMP,53ecb18e77fb787ef03e84bfeb0cf3789e5d320411dc5bf154f78f0138421a37,train
data/datasets/A-/cluster_1_1194.BMP,A-,SUBJECT_GROUP_0276,281,281__M_Left_middle_finger.BMP,7dcc6f1bbeff752894cc4529db2dd7ff506f86f5b75b966ec38b18d26f844719,train
data/datasets/A-/cluster_1_1197.BMP,A-,SUBJECT_GROUP_0127,127,127__F_Right_middle_finger.BMP,91098cc3f5c35b803d3853d8ef49964f0c3fbedffde62c5b0b7c76e6227a702f,validation
data/datasets/A-/cluster_1_120.BMP,A-,SUBJECT_GROUP_0292,511;590,511__M_Left_little_finger.BMP;590__M_Right_ring_finger.BMP,5035f4ad8b527ff1b0e1e8e679ca3edbcfd8cd90d8535dab17eba363a66cbefd,test
data/datasets/A-/cluster_1_1208.BMP,A-,SUBJECT_GROUP_0255,259,259__M_Right_middle_finger.BMP,f74a7141925ebcf0b3a0224ff3e7bd9a3869e03419907bfdb171fc321ff14793,train
data/datasets/A-/cluster_1_1211.BMP,A-,SUBJECT_GROUP_0546,556,556__F_Left_middle_finger.BMP,45153dae9556a8d5757e10d2f05a6f6b9880fd39f16661d745197fff0c915e76,train
data/datasets/A-/cluster_1_1213.BMP,A-,SUBJECT_GROUP_0320,325,325__M_Left_middle_finger.BMP,5632434e10103d2f86f7634842d18bf58a70b2ca8aa47f42664cdb55f0771eff,train
data/datasets/A-/cluster_1_1227.BMP,A-,SUBJECT_GROUP_0082,82,82__M_Right_little_finger.BMP,09a3b02fc81738c4713b203cd15409b5e085b135e7ce6f8970438af2f3a452ed,validation
data/datasets/A-/cluster_1_1230.BMP,A-,SUBJECT_GROUP_0477,484,484__M_Right_middle_finger.BMP,4cb7348296861f8d82f678f1a64714f342aee35047017352e7356e1ab3d3f765,train
data/datasets/A-/cluster_1_1239.BMP,A-,SUBJECT_GROUP_0520,528,528__F_Right_index_finger.BMP,1a5f59ba9fb88964901300dbf8bd8bd1382a542e26def34517d583af46a90f81,train
data/datasets/A-/cluster_1_124.BMP,A-,SUBJECT_GROUP_0521,529,529__M_Right_ring_finger.BMP,eb8712c3655f7dc6faedc5f0701a13303f11b86140cd3c2c3206133fa11c7f3a,train
data/datasets/A-/cluster_1_1240.BMP,A-,SUBJECT_GROUP_0521,529,529__M_Right_middle_finger.BMP,2d3cdc4ced13707b1e8cdbda4359945e60564c01ec53d380eee2d45a12b27e5e,train
data/datasets/A-/cluster_1_1241.BMP,A-,SUBJECT_GROUP_0082,82,82__M_Right_index_finger.BMP,cc56bb95fe8fb0466fdbd016bee3b339cce0d53537af2003dfe0529ee414bf5e,validation
data/datasets/A-/cluster_1_1246.BMP,A-,SUBJECT_GROUP_0011,11,11__M_Right_middle_finger.BMP,3b0b7bc606109782b1a040a35dc1227f04e9edc67537b84d43bebc9046d47608,train
data/datasets/A-/cluster_1_1253.BMP,A-,SUBJECT_GROUP_0100,100,100__M_Right_middle_finger.BMP,15f958cf7a2e9c481062063e2dd923a60b3cd4e47dfdd246c0058e9694817b3a,train
data/datasets/A-/cluster_1_1269.BMP,A-,SUBJECT_GROUP_0549,559,559__M_Right_middle_finger.BMP,ccaa04d486425079860b12a41dd9b69e8624e91a26c632b75ae531fac3255dda,train
data/datasets/A-/cluster_1_1271.BMP,A-,SUBJECT_GROUP_0242,245,245__M_Right_thumb_finger.BMP,db529abed14369339c7f6973206193734095f7310a9d290b0d1cb5a2eba8d7c5,train
data/datasets/A-/cluster_1_1275.BMP,A-,SUBJECT_GROUP_0226,229,229__M_Right_thumb_finger.BMP,a30a13da633e67b8e0b454df2cb800a54c4f4aca74460a60ce84b7102d95705c,train
data/datasets/A-/cluster_1_1287.BMP,A-,SUBJECT_GROUP_0450,457,457__M_Left_thumb_finger.BMP,e6a44a3657f849d2048b0b491e29bb8caab19819df1aaed101dc9393d7e50348,validation
data/datasets/A-/cluster_1_1289.BMP,A-,SUBJECT_GROUP_0319,324,324__M_Right_thumb_finger.BMP,2a1c9d47f48781e18f1f21d74f7f08d1c5721de8b6e59473bcde490f8583b126,train
data/datasets/A-/cluster_1_129.BMP,A-,SUBJECT_GROUP_0386,392,392__M_Right_middle_finger.BMP,a5d5958ff8ab31e1ab4b85b89a6b00547cfd4c3883921cfc9d1e9023deaedd7b,train
data/datasets/A-/cluster_1_1297.BMP,A-,SUBJECT_GROUP_0583,596,596__M_Right_index_finger.BMP,e26f786bdbc5cc260525bf1246eaede7c07999525815852754f77e406582abed,train
data/datasets/A-/cluster_1_1305.BMP,A-,SUBJECT_GROUP_0057,57,57__M_Right_index_finger.BMP,7bb1aaa6010e5fd29c22a0e6c778df94970327acd26b0dc9bb28576ae0eba1f5,train
data/datasets/A-/cluster_1_131.BMP,A-,SUBJECT_GROUP_0085,85,85__M_Left_ring_finger.BMP,efa0857513b90efc2c3873f2066e848d1a4e5dd89a7f707375d7c1a9caea631b,train
data/datasets/A-/cluster_1_1314.BMP,A-,SUBJECT_GROUP_0197,197,197__M_Left_index_finger.BMP,11fed351c408aea1a50a9d9923535828d7da6e0972f9152c4965e56b31c2a582,train
data/datasets/A-/cluster_1_1317.BMP,A-,SUBJECT_GROUP_0415,422,422__M_Left_thumb_finger.BMP,2c2c27a1f05368fe0735e40f53f78e6f929e3395ae9aad926735c81acf5d11a7,train
data/datasets/A-/cluster_1_132.BMP,A-,SUBJECT_GROUP_0448,455,455__M_Right_thumb_finger.BMP,8d6a04e6981aca82d45b38c493ae00dfdea0963728c01c60adfc029bcf9f807d,train
data/datasets/A-/cluster_1_1324.BMP,A-,SUBJECT_GROUP_0275,280,280__M_Right_index_finger.BMP,d7d08ecc41ced638081640bb5dadeae517e1dc0b49c17d8b2663e7dce8d7cb54,train
data/datasets/A-/cluster_1_1351.BMP,A-,SUBJECT_GROUP_0243,246,246__M_Right_ring_finger.BMP,a5c99b544efdaf0fa01cf21a7fe1679bea2a4728986d054cdf1fa4346bedb801,train
data/datasets/A-/cluster_1_136.BMP,A-,SUBJECT_GROUP_0206,208,208__M_Right_thumb_finger.BMP,b1de5debace2656fb3b4c1637a9792f3c15507eea507029495dc2d42969dbff1,train
data/datasets/A-/cluster_1_1364.BMP,A-,SUBJECT_GROUP_0543,551,551__F_Right_middle_finger.BMP,9258cc8861d5ea08c304ddc7f4fd43fa555293b30dce82e5295c20a56cbdac33,validation
data/datasets/A-/cluster_1_1368.BMP,A-,SUBJECT_GROUP_0139,139,139__M_Left_ring_finger.BMP,b60b06dab6986639c43698d16781dcaab1af6f8316fea11612f87ccaf8c64bf3,train
data/datasets/A-/cluster_1_1370.BMP,A-,SUBJECT_GROUP_0183,183,183__M_Left_index_finger.BMP,940341825285fe9294ef836db28518d325fb602469d8d5bbcf28a8e12f8a9f86,train
data/datasets/A-/cluster_1_1371.BMP,A-,SUBJECT_GROUP_0029,29,29__F_Right_thumb_finger.BMP,a6eeb0f3ef174514638e12b2d2a72d2df3c8f55505d2945fca756afb1a823764,train
data/datasets/A-/cluster_1_138.BMP,A-,SUBJECT_GROUP_0257,262,262__M_Right_middle_finger.BMP,2967341597b297d721847873e773fd58b692bb1e0a049da53d1af590be968784,train
data/datasets/A-/cluster_1_1383.BMP,A-,SUBJECT_GROUP_0315,320,320__M_Right_middle_finger.BMP,aa63106f8eb6698cd50b2492155decbbdab159d859b65b211b9a04964503a616,train
data/datasets/A-/cluster_1_1386.BMP,A-,SUBJECT_GROUP_0567,578,578__M_Right_thumb_finger.BMP,762589f0aa1c59afcc3e934b27ed53a29c147486301654bb164ec0447998d524,validation
data/datasets/A-/cluster_1_1401.BMP,A-,SUBJECT_GROUP_0425,432,432__M_Right_index_finger.BMP,2c2791a9c6701c36e0f127b95525d21518b9e8bcaa6c79f84c42421bf5ce05eb,train
data/datasets/A-/cluster_1_1403.BMP,A-,SUBJECT_GROUP_0050,50,50__M_Right_thumb_finger.BMP,5a4febe45c43c0852c2feca4cb4dafbe353cac334965d42e82636edf7332029a,train
data/datasets/A-/cluster_1_1409.BMP,A-,SUBJECT_GROUP_0226,229,229__M_Left_ring_finger.BMP,bd818eeeb4136a28c492cbd482694ce7d5366982336b8f999f3ea253756791e8,train
data/datasets/A-/cluster_1_1411.BMP,A-,SUBJECT_GROUP_0053,53,53__M_Right_middle_finger.BMP,40746ba417e538dd67a92b7b51efc50720f03f0357a8a1b5bcc14a82ec05c081,train
data/datasets/A-/cluster_1_1416.BMP,A-,SUBJECT_GROUP_0158,158,158__M_Right_middle_finger.BMP,d1f601f130dc9d9766a597400123fe3ee5d7cfb641c611a0055b88b885ad5144,train
data/datasets/A-/cluster_1_1421.BMP,A-,SUBJECT_GROUP_0300,305,305__M_Left_middle_finger.BMP,a059ce549dbdb056f4f326ca511c0af122a455a72ca55d93fa26816f8c6b14b6,test
data/datasets/A-/cluster_1_1424.BMP,A-,SUBJECT_GROUP_0129,129,129__M_Right_index_finger.BMP,ce5642674d90405c9b7af92cf4586fbe725e7d806d224b7747437ab3d2f4a32a,train
data/datasets/A-/cluster_1_1429.BMP,A-,SUBJECT_GROUP_0068,68,68__M_Right_thumb_finger.BMP,545cf8ab658d2aee62375b5f8d20050cef2823ce7a18b6d00e0e3b7d556470c5,test
data/datasets/A-/cluster_1_1437.BMP,A-,SUBJECT_GROUP_0075,75,75__F_Right_ring_finger.BMP,49c19f3fd7ba3893ad3ccfb2211ef7e36f3f2818b658595aad1953e362973eec,train
data/datasets/A-/cluster_1_1449.BMP,A-,SUBJECT_GROUP_0541,549,549__M_Right_ring_finger.BMP,c4173ef595ae27f52b3a52e6d4f351d260da1e3455ed2649d77ad309d0a470c1,train
data/datasets/A-/cluster_1_1451.BMP,A-,SUBJECT_GROUP_0505,513,513__M_Right_index_finger.BMP,5556f1582583db12c16507dae54a84d7e16beccb58f13bd15877038d305dca85,train
data/datasets/A-/cluster_1_1452.BMP,A-,SUBJECT_GROUP_0527,535,535__M_Right_thumb_finger.BMP,95c7c3f5f24d931e31fb2c8d527fed5dda0fd266171b3194e8b3669511bcc8e7,train
data/datasets/A-/cluster_1_1455.BMP,A-,SUBJECT_GROUP_0093,93,93__M_Right_index_finger.BMP,05a499a7becb2206e409777c4f2c66b9332dae40492f2fef53991a1d686fd3db,train
data/datasets/A-/cluster_1_1466.BMP,A-,SUBJECT_GROUP_0120,120,120__M_Right_middle_finger.BMP,1d06e523a7478f6d12cae1f3be6eedebcb6e9e1b52b81f52a3d6fc67263665cd,train
data/datasets/A-/cluster_1_1469.BMP,A-,SUBJECT_GROUP_0440,447,447__M_Right_thumb_finger.BMP,7b4b91768f28d49e20ee06af366ef402b4d90bdbabb62bcfa101452a8d701cb7,train
data/datasets/A-/cluster_1_1474.BMP,A-,SUBJECT_GROUP_0205,207,207__M_Right_index_finger.BMP,111f7a2326e798e9784f3bb473b74779ceaaeff853ddf6b4b50150046dd9a2dc,validation
data/datasets/A-/cluster_1_1479.BMP,A-,SUBJECT_GROUP_0481,488,488__M_Left_little_finger.BMP,c272637faf6c6de26978877fcc589c4f681cebcfcfd8d2828799179bfee66427,train
data/datasets/A-/cluster_1_1485.BMP,A-,SUBJECT_GROUP_0487,494,494__F_Right_middle_finger.BMP,330602011b2e11d3a234dde35817c1521347db7b4befda850a81077106badf10,train
data/datasets/A-/cluster_1_1488.BMP,A-,SUBJECT_GROUP_0535,543,543__M_Right_thumb_finger.BMP,7bce10ceea252a33726fd5e90db350f04f10ec292ca24816b9927b504a20b394,train
data/datasets/A-/cluster_1_1506.BMP,A-,SUBJECT_GROUP_0172,172,172__M_Right_little_finger.BMP,c9d41de39ea3badeee92e741b6f625fcc569f8e5c589df307a5ba5b647a80136,train
data/datasets/A-/cluster_1_1509.BMP,A-,SUBJECT_GROUP_0549,559,559__M_Left_ring_finger.BMP,dcb14bc6a0a6da557670c6c09ba327ec8005ea9fe6af4bb4ab8d07754ad7f7f8,train
data/datasets/A-/cluster_1_1511.BMP,A-,SUBJECT_GROUP_0551,561,561__M_Right_index_finger.BMP,86be8603ec80e43e7cff3745de450c2995dc082c0d070c56c75b22ca3accc284,train
data/datasets/A-/cluster_1_1516.BMP,A-,SUBJECT_GROUP_0251,255,255__M_Right_ring_finger.BMP,0cf74615558b4840880bf958ec6efa387ac1aad5689d5a984c6ddef676c6c573,train
data/datasets/A-/cluster_1_1518.BMP,A-,SUBJECT_GROUP_0401,407,407__M_Right_index_finger.BMP,95b3d4a591db013b1e236ed1174d02096a0a5054a5f689a919e1dc0f74d24c3c,train
data/datasets/A-/cluster_1_1519.BMP,A-,SUBJECT_GROUP_0547,557,557__M_Right_middle_finger.BMP,e9b09898e727971ed7cdc04f0f64e598b9999b83b8e9e7f84ba9dc4d97d10281,test
data/datasets/A-/cluster_1_1525.BMP,A-,SUBJECT_GROUP_0530,538,538__M_Left_ring_finger.BMP,a297906cc968bb586948c6b685d26b03d1ac2633db2e730167d7278579753b91,train
data/datasets/A-/cluster_1_1526.BMP,A-,SUBJECT_GROUP_0310,315,315__F_Right_middle_finger.BMP,0875370716e685ab7c14ba0c4c862d80c4ab23e6e08b16740df03c5e2b71f0ca,train
data/datasets/A-/cluster_1_1532.BMP,A-,SUBJECT_GROUP_0197,197,197__M_Left_ring_finger.BMP,aeacbaa2fbf0a8f377954578b325f82b5fe5c62e1ff4e894183c2500eddc4a95,train
data/datasets/A-/cluster_1_1539.BMP,A-,SUBJECT_GROUP_0262,267,267__M_Left_index_finger.BMP,ef054d8de3c386f5814be16bc22999efbe8fea62056065d774e0ccc19589c35f,test
data/datasets/A-/cluster_1_1558.BMP,A-,SUBJECT_GROUP_0493,500,500__M_Left_thumb_finger.BMP,3ba8a919b231b4a8fa91c1ac4095182843000cb6bff13008353a2a270cd22916,validation
data/datasets/A-/cluster_1_1572.BMP,A-,SUBJECT_GROUP_0289,294,294__M_Left_middle_finger.BMP,56cde68fb2a9b6e1777911d948f305a98d47d29e93fea90c5f3b1d6762bbe91e,train
data/datasets/A-/cluster_1_1583.BMP,A-,SUBJECT_GROUP_0267,272,272__M_Right_middle_finger.BMP,c7aed8f657c132cf4c0788cce62c42fd85bfcf438e46eef24cf3f491fe5ccb9e,train
data/datasets/A-/cluster_1_1585.BMP,A-,SUBJECT_GROUP_0269,274,274__M_Left_little_finger.BMP,2c3698e4e0ed132fd8d0451e31d441bc1b568a2e5dcd26d3b2486e35a9e9a798,test
data/datasets/A-/cluster_1_1597.BMP,A-,SUBJECT_GROUP_0387,393,393__M_Right_little_finger.BMP,b3a2393cfaa2c832b13ec374109c97cf2d157b00322fc80f06ad8cae5a7d649f,train
data/datasets/A-/cluster_1_1606.BMP,A-,SUBJECT_GROUP_0053,53,53__M_Right_ring_finger.BMP,325dc53a50d64f4fab1c271e5c884ddf65a819a067bcd4348c74540d0a59e65d,train
data/datasets/A-/cluster_1_1621.BMP,A-,SUBJECT_GROUP_0213,215,215__M_Left_thumb_finger.BMP,f72f86e0f5feff363c093d67e8c4c8c5ad023d79b195cb4a6156544a33318690,train
data/datasets/A-/cluster_1_1623.BMP,A-,SUBJECT_GROUP_0108,108,108__M_Right_ring_finger.BMP,df40772a633a08254c9b2914b20aff4971472113e15a1df99badc69b5dc9b79c,validation
data/datasets/A-/cluster_1_1624.BMP,A-,SUBJECT_GROUP_0507,515,515__M_Right_little_finger.BMP,82d17aab929bb4b07ff704ea6020fd03ddcd8ab8d605fa54b9add69ef1435d35,train
data/datasets/A-/cluster_1_1626.BMP,A-,SUBJECT_GROUP_0269,274,274__M_Right_thumb_finger.BMP,232a115f74b0697baf8961509944ef0a5a987769a3cbf053abf468f0530498cb,test
data/datasets/A-/cluster_1_1627.BMP,A-,SUBJECT_GROUP_0347,352,352__M_Right_index_finger.BMP,d3f9ccf887fc00288945376439e21277ad99b3cf289962d8e12aee9126ccb19e,train
data/datasets/A-/cluster_1_1630.BMP,A-,SUBJECT_GROUP_0041,41,41__M_Right_little_finger.BMP,d0cee348a5b95762ed522b852f431b46b904a85d98a4a8f8984fd4ec37acf7ff,train
data/datasets/A-/cluster_1_1640.BMP,A-,SUBJECT_GROUP_0283,288,288__M_Left_index_finger.BMP,3f69ce56a4c6d545c5f96a8332c6a2434695140fc5b6a3d673bf5454680e84b8,train
data/datasets/A-/cluster_1_1645.BMP,A-,SUBJECT_GROUP_0237,240,240__F_Left_middle_finger.BMP,f586400161bb66860e7356c9344777d110e452f093127755b5a8988f3b0ae6fe,train
data/datasets/A-/cluster_1_1648.BMP,A-,SUBJECT_GROUP_0511,519,519__M_Right_little_finger.BMP,f3a606fcf1fb7d8f5bde628ca7d17026a32fc4bdb5c31a91e803747d41f2c74d,train
data/datasets/A-/cluster_1_1650.BMP,A-,SUBJECT_GROUP_0275,280,280__M_Left_little_finger.BMP,43e3e0192a337cd1f6665b7ea384efbd24bf50af6c4e7a10353467a5a248f593,train
data/datasets/A-/cluster_1_1652.BMP,A-,SUBJECT_GROUP_0358,363,363__M_Left_thumb_finger.BMP,a87369e8687f4969a1a5918a97149aa35d9c700aa6fcb965057a9aa103d685f5,test
data/datasets/A-/cluster_1_1663.BMP,A-,SUBJECT_GROUP_0489,496,496__M_Right_middle_finger.BMP,39d46e12a370bfb40069814c260bc656156648bc14ffff0bb3b6676090ceedfd,train
data/datasets/A-/cluster_1_1684.BMP,A-,SUBJECT_GROUP_0205,207,207__M_Right_middle_finger.BMP,d22b92cae2140dd49875fcc9e197b7ebd717a24cb0d08d495069d6abf3e9f6e3,validation
data/datasets/A-/cluster_1_1692.BMP,A-,SUBJECT_GROUP_0575,587,587__M_Right_index_finger.BMP,b5338af35e3d6169d8ad184fc4aaedd6dbe1617f2c3416ae45ea11ccbd76e958,test
data/datasets/A-/cluster_1_1694.BMP,A-,SUBJECT_GROUP_0292,511;590,511__M_Left_little_finger.BMP;590__M_Right_ring_finger.BMP,5035f4ad8b527ff1b0e1e8e679ca3edbcfd8cd90d8535dab17eba363a66cbefd,test
data/datasets/A-/cluster_1_1697.BMP,A-,SUBJECT_GROUP_0220,223,223__M_Right_index_finger.BMP,ba90a04aacf07af8ca6d5cf856b9a46047e72a58fb69cee169ee0e9442dae579,train
data/datasets/A-/cluster_1_17.BMP,A-,SUBJECT_GROUP_0360,365,365__M_Right_thumb_finger.BMP,2d15f4bdf9e4c959caa7862c1e73d3ee8419abe0265ba2664b52e7c804fe2da0,test
data/datasets/A-/cluster_1_1709.BMP,A-,SUBJECT_GROUP_0226,229,229__M_Right_middle_finger.BMP,321a1c8a547aea32f77f4d4de39c9de8a151e96da9cb125664ea6164e44cb324,train
data/datasets/A-/cluster_1_171.BMP,A-,SUBJECT_GROUP_0408,414,414__M_Right_thumb_finger.BMP,8868a04ff11377b26d3e2c546b67669fce1e6f6f3e62517e1d2b36dfb8f0a650,train
data/datasets/A-/cluster_1_1717.BMP,A-,SUBJECT_GROUP_0077,77,77__M_Left_middle_finger.BMP,f60ced3165c10e5cf50541fd25647e3623408661b125d6f4f4334f4845762957,validation
data/datasets/A-/cluster_1_1718.BMP,A-,SUBJECT_GROUP_0572,583,583__M_Left_ring_finger.BMP,631d8fdf5927898b2911b7db23cb3ed3c8b2f4fe245f677d174eacbedbdca098,test
data/datasets/A-/cluster_1_1719.BMP,A-,SUBJECT_GROUP_0586,599,599__M_Right_ring_finger.BMP,914b67b76d266e4d2bccccf04a32600afaaff1bee94f1279020ac538b201f7fe,validation
data/datasets/A-/cluster_1_172.BMP,A-,SUBJECT_GROUP_0418,425,425__M_Right_index_finger.BMP,1b82f9f8125452795eb472a08f08ae0db4e5c158bc968f20746000ac10d01713,train
data/datasets/A-/cluster_1_1721.BMP,A-,SUBJECT_GROUP_0269,274,274__M_Left_ring_finger.BMP,dc8a340a86c2ed0ec0a5adb41230425916d7dd46374ee25a310316a651ca9bae,test
data/datasets/A-/cluster_1_1724.BMP,A-,SUBJECT_GROUP_0123,123,123__M_Right_middle_finger.BMP,1ab506cc987e1e3c527f02c33a99b8f37f016576820c0ebcf26500501d5c32b1,train
data/datasets/A-/cluster_1_1738.BMP,A-,SUBJECT_GROUP_0507,515,515__M_Right_ring_finger.BMP,b28ef5ecc1a6849aa6c0dad2f5e5b829bebe40c2c02d143a69880e2d84eee279,train
data/datasets/A-/cluster_1_1744.BMP,A-,SUBJECT_GROUP_0309,314,314__M_Left_middle_finger.BMP,00ff44cf1f8fec08b7260b40ac0add22f7a431ab57c752bd8962ef965d53ea40,validation
data/datasets/A-/cluster_1_1751.BMP,A-,SUBJECT_GROUP_0493,500,500__M_Right_little_finger.BMP,16e4ef39ca986fb4236fc9ba20b9f34c1276b6fe2d1e715ac21ebdd76ebd6c3c,validation
data/datasets/A-/cluster_1_1752.BMP,A-,SUBJECT_GROUP_0512,520,520__M_Left_thumb_finger.BMP,5c1770a5ad6842ba3face49e5bd41c4e2262ede2ff5834b3c7f2ae17fc718833,train
data/datasets/A-/cluster_1_176.BMP,A-,SUBJECT_GROUP_0070,70,70__M_Right_thumb_finger.BMP,81af74b117f9dd5703089cbe96282907f8e945b91155dd8b4a139b5d3bde30c7,validation
data/datasets/A-/cluster_1_178.BMP,A-,SUBJECT_GROUP_0581,594,594__M_Right_ring_finger.BMP,443f287590bbc8f76299c494e2e722808af3b45f6b57c1108a74a5cf08e7004b,test
data/datasets/A-/cluster_1_1789.BMP,A-,SUBJECT_GROUP_0281,286,286__M_Right_middle_finger.BMP,c57113338bf61307cb412c6fe89f358e7a1593274d38b26fd92aab52a0f1a06e,train
data/datasets/A-/cluster_1_1791.BMP,A-,SUBJECT_GROUP_0053,53,53__M_Left_index_finger.BMP,035c212967c40818e727627c5695e9942c77439fde6ac13bad7ea732596b7587,train
data/datasets/A-/cluster_1_1804.BMP,A-,SUBJECT_GROUP_0528,536,536__F_Left_ring_finger.BMP,f454c95d7dffe14e7085042e56e99c91506dbbe03922f087214ecc038b82f02c,test
data/datasets/A-/cluster_1_1806.BMP,A-,SUBJECT_GROUP_0452,459,459__M_Right_thumb_finger.BMP,d40950af4c01d43447d62514d25d22c73917a8d1adb778b88ec9d7ddbb06bffa,train
data/datasets/A-/cluster_1_1807.BMP,A-,SUBJECT_GROUP_0174,174,174__F_Right_middle_finger.BMP,c245be19da395406f5d0b13d1488b93764deca875c2fb702eed787812341ddf9,train
data/datasets/A-/cluster_1_1813.BMP,A-,SUBJECT_GROUP_0521,529,529__M_Right_index_finger.BMP,adf4983bc3b5b65aaad717edbee069bf416712ee86b326227bfa5942e8535790,train
data/datasets/A-/cluster_1_1814.BMP,A-,SUBJECT_GROUP_0560,570,570__M_Right_middle_finger.BMP,96804ed905a0680539a38eb151bf19afd9129f6c88933def6683f8dceae651a8,train
data/datasets/A-/cluster_1_1817.BMP,A-,SUBJECT_GROUP_0541,549,549__M_Right_thumb_finger.BMP,7722efdab0f6193307fb448ee706cd45cc5d42d19867ead93d44b997c6c81d25,train
data/datasets/A-/cluster_1_1818.BMP,A-,SUBJECT_GROUP_0353,358,358__M_Right_index_finger.BMP,0deaa51d3a7b94caa31f312b3da08808b64131c7616ec0a34b5860cd72c37773,train
data/datasets/A-/cluster_1_1826.BMP,A-,SUBJECT_GROUP_0581,594,594__M_Left_middle_finger.BMP,882e9f2dbe9e84fae48011192b5914efd54f70d8206b1b790b09b74604bd7569,test
data/datasets/A-/cluster_1_1827.BMP,A-,SUBJECT_GROUP_0135,135,135__F_Left_middle_finger.BMP,0b8fb8f3225ecaf7352cf101ab07567df7c1ce56e5f17999a831ac08ec75cbfa,train
data/datasets/A-/cluster_1_1838.BMP,A-,SUBJECT_GROUP_0107,107,107__M_Right_middle_finger.BMP,b15b7375cde943fe2963c68eec8aac10c71a16673c0c90b8650ca71099765100,validation
data/datasets/A-/cluster_1_1839.BMP,A-,SUBJECT_GROUP_0470,477,477__M_Right_index_finger.BMP,8937ffacef3701ca13ebe2a4f394aeefe510caaa9fde23c9ccf50b7f6d7be4b1,train
data/datasets/A-/cluster_1_1853.BMP,A-,SUBJECT_GROUP_0244,247,247__M_Left_thumb_finger.BMP,741f6b60569500c9b127630df606d56369611215530e2bb53dd6ec3db3a29960,train
data/datasets/A-/cluster_1_1863.BMP,A-,SUBJECT_GROUP_0145,145,145__M_Left_index_finger.BMP,60620fb0a3e77a23f8a2bf59dd3563f856895ef77465ec511ee068e9d74e7818,train
data/datasets/A-/cluster_1_1875.BMP,A-,SUBJECT_GROUP_0293,298,298__M_Left_ring_finger.BMP,99305e4b4a1560f65e63a2130719789b49087b20232b1196d888d55fe92b03ac,train
data/datasets/A-/cluster_1_1885.BMP,A-,SUBJECT_GROUP_0530,538,538__M_Right_thumb_finger.BMP,b07fe0c7fe077bd5983209c65e3c936ea3e2bf5c379b03dd111436423bb61ed5,train
data/datasets/A-/cluster_1_1891.BMP,A-,SUBJECT_GROUP_0089,89,89__M_Right_middle_finger.BMP,aecd6dd9aec1928c046209f8e6524f69257a032645364f6c230c1b3c441642b8,validation
data/datasets/A-/cluster_1_1892.BMP,A-,SUBJECT_GROUP_0531,539,539__F_Right_middle_finger.BMP,a2d1043ee09e8e7d7144eb43e8fd7c6739da25935f7689d091bc040cfd9023aa,test
data/datasets/A-/cluster_1_1893.BMP,A-,SUBJECT_GROUP_0491,498,498__M_Right_index_finger.BMP,d56b44b6c7d13992d24c8e3541bfa4819fdc0062e88781baa456ebd68579c357,train
data/datasets/A-/cluster_1_1897.BMP,A-,SUBJECT_GROUP_0329,334,334__F_Left_middle_finger.BMP,8ce817ee18a67dc9c03dfb495bde0a16adbb3e055e811248dfa11dd1485a0fd8,train
data/datasets/A-/cluster_1_1905.BMP,A-,SUBJECT_GROUP_0586,599,599__M_Left_ring_finger.BMP,f95ee3b7d610239b6b48a2809112e1fce91c546165e6df67272709a7a1355378,validation
data/datasets/A-/cluster_1_1909.BMP,A-,SUBJECT_GROUP_0374,380,380__M_Right_middle_finger.BMP,bc50ebc8a7feb7902170c3452969f6f27930059e6aaf393421a6d5a452211769,validation
data/datasets/A-/cluster_1_1924.BMP,A-,SUBJECT_GROUP_0017,17,17__M_Left_middle_finger.BMP,0c172cb2c74f193a74035c84e07609712bdd1cbd30413b95a3de3c8ff85d19d8,test
data/datasets/A-/cluster_1_1925.BMP,A-,SUBJECT_GROUP_0505,513,513__M_Left_ring_finger.BMP,dddd2a000e7a5458a267509da1fe700b52a625965dc35ca8ff3f9a9a89228222,train
data/datasets/A-/cluster_1_1926.BMP,A-,SUBJECT_GROUP_0429,436,436__M_Right_index_finger.BMP,d313d850b72816a0cefe19fcf11c795418442a78a66d3e01f990a5a983c07e28,train
data/datasets/A-/cluster_1_1930.BMP,A-,SUBJECT_GROUP_0359,364,364__M_Right_middle_finger.BMP,28f81bfeab65026b0e93db64b9c6c2100245a9b4800466d3e0f0f46a024eebc7,train
data/datasets/A-/cluster_1_1934.BMP,A-,SUBJECT_GROUP_0363,368,368__M_Right_ring_finger.BMP,88efa94384b02a12242b400bece9d9412d8082484fdd02e8333c3b19b2d8a7b6,train
data/datasets/A-/cluster_1_1938.BMP,A-,SUBJECT_GROUP_0350,355,355__M_Left_little_finger.BMP,9a02903cfb88aa4568b81fe4585ec59fbbbfd962d552055f559f7d28d15cd6a0,train
data/datasets/A-/cluster_1_1939.BMP,A-,SUBJECT_GROUP_0564,574,574__F_Right_index_finger.BMP,c95b824c8bd173ccddb23162227a1876a1b84b1410c5e255eb0f44e579e5014c,train
data/datasets/A-/cluster_1_1943.BMP,A-,SUBJECT_GROUP_0576,588,588__M_Left_ring_finger.BMP,3595f2ea2398d0b31c9e447b04e557a815a43a4f161693f1c722d969cfa473ea,train
data/datasets/A-/cluster_1_1953.BMP,A-,SUBJECT_GROUP_0480,487,487__M_Right_ring_finger.BMP,1e72eb0ecf189ece8441d240d5ed0ee82ef173e3a90ea527620b5be1d94f7cf0,train
data/datasets/A-/cluster_1_1954.BMP,A-,SUBJECT_GROUP_0005,5,5__M_Right_little_finger.BMP,7f87614f316ef543e6993a380da000c46394e41643538796ddfa99047a63b38e,train
data/datasets/A-/cluster_1_1965.BMP,A-,SUBJECT_GROUP_0203,205,205__F_Right_thumb_finger.BMP,121d673c8659345952fc3d63f9a08f4106e40082c9ffe00fe6381a6fc4afe402,test
data/datasets/A-/cluster_1_1969.BMP,A-,SUBJECT_GROUP_0267,272,272__M_Right_little_finger.BMP,1496c0ac9561b2646a09228408e4df3fdc3c26a2ee98254d55db3ad68b831396,train
data/datasets/A-/cluster_1_1971.BMP,A-,SUBJECT_GROUP_0481,488,488__M_Right_thumb_finger.BMP,019a5addda684d4f7a0523334b2f43b0b70af8993984219fb9e756b0984f606c,train
data/datasets/A-/cluster_1_1973.BMP,A-,SUBJECT_GROUP_0449,456,456__M_Right_little_finger.BMP,e8c477773cc05e481c34192d83e908b394379e81b92b579f98e9b59117b4a8f3,train
data/datasets/A-/cluster_1_1989.BMP,A-,SUBJECT_GROUP_0292,553,553__M_Right_ring_finger.BMP,0b6f6f702030e2edea03a2e1846944fe92557db044054bef29719ae5a58aaa39,test
data/datasets/A-/cluster_1_1997.BMP,A-,SUBJECT_GROUP_0547,557,557__M_Right_index_finger.BMP,10d7197c36894c853df82e7cb4beba9b77dace2b78b521042d3fe2c6b9e1bc44,test
data/datasets/A-/cluster_1_1998.BMP,A-,SUBJECT_GROUP_0500,507,507__M_Right_middle_finger.BMP,4556716bf0ce98dfe4b6618fbf09ae6d7a53b8628fd1aa60e714ec5d2d051b2f,train
data/datasets/A-/cluster_1_200.BMP,A-,SUBJECT_GROUP_0243,246,246__M_Right_middle_finger.BMP,0dbab77a3cc64de33d86a3bbd79bb2e2566b6096d77a44faafdef644b5dfb3f5,train
data/datasets/A-/cluster_1_2000.BMP,A-,SUBJECT_GROUP_0270,275,275__F_Right_middle_finger.BMP,a03f56f035dd01bc0066e17ad092392c896fa4a461e274247743e82c4b026cbd,validation
data/datasets/A-/cluster_1_2002.BMP,A-,SUBJECT_GROUP_0503,510,510__M_Left_thumb_finger.BMP,3199acdb44a21bc3fd4d09cbd10d641ac0359e61ce896f9874690e461a280d1b,train
data/datasets/A-/cluster_1_2011.BMP,A-,SUBJECT_GROUP_0289,294,294__M_Right_thumb_finger.BMP,a192057e86a9849b1cfac5dfd8b8d5aca1a83f20f6ded8a74863f963e11cdd5b,train
data/datasets/A-/cluster_1_2013.BMP,A-,SUBJECT_GROUP_0190,190,190__M_Left_index_finger.BMP,7e6d94bbf896f98e440f19946d8ae8795abefe2c7814c1d1118820780f431059,train
data/datasets/A-/cluster_1_2017.BMP,A-,SUBJECT_GROUP_0076,76,76__F_Left_ring_finger.BMP,745970db59c586e45121375f057e51935dcb0834a93baae0dbc38aa88591111e,train
data/datasets/A-/cluster_1_202.BMP,A-,SUBJECT_GROUP_0195,195,195__M_Left_index_finger.BMP,51dbea6a681c0cb0f9a9e2989fe5bc3de049cd1e9fcea5cbaeed85cd960e499e,train
data/datasets/A-/cluster_1_2028.BMP,A-,SUBJECT_GROUP_0096,96,96__M_Right_little_finger.BMP,00abba65ef89077387c43c031e27af4c77ffd8e19a493534adcbf947c142a6e7,test
data/datasets/A-/cluster_1_2030.BMP,A-,SUBJECT_GROUP_0425,432,432__M_Right_ring_finger.BMP,9ce6db4d9a3c2302fe620f41825ad4010f2dbbe63775135a43acb4f892dd05a3,train
data/datasets/A-/cluster_1_2032.BMP,A-,SUBJECT_GROUP_0387,393,393__M_Left_index_finger.BMP,3ca36300985dbd0c56904dfe5f89ef680220faf8721c49ddd33e6dd513cff7da,train
data/datasets/A-/cluster_1_2037.BMP,A-,SUBJECT_GROUP_0242,245,245__M_Left_middle_finger.BMP,a948b7fe7fb04d1bb6fcc7d2179be42d2c79002dc87ee78fb19d3fe9bed4de3c,train
data/datasets/A-/cluster_1_2039.BMP,A-,SUBJECT_GROUP_0428,435,435__F_Right_index_finger.BMP,d24fc84a4d762b4d22c238168f0de80e121a8a6a318e1f5d7cef1188c1329e59,test
data/datasets/A-/cluster_1_204.BMP,A-,SUBJECT_GROUP_0039,39,39__M_Left_ring_finger.BMP,1a2b38d99d195103fab20ed552875fa74d5397eb671800d0a626e27922937481,train
data/datasets/A-/cluster_1_2043.BMP,A-,SUBJECT_GROUP_0371,377,377__M_Left_little_finger.BMP,be16402fb6240f3fe6530a14d9281691154af3af83d1122d09538106c73666eb,test
data/datasets/A-/cluster_1_2045.BMP,A-,SUBJECT_GROUP_0336,341,341__M_Left_thumb_finger.BMP,16bc3e0c2a58c8a0518e1948485fb4aac1d5884c622729e71dc23393ad2edea4,validation
data/datasets/A-/cluster_1_2046.BMP,A-,SUBJECT_GROUP_0195,195,195__M_Right_ring_finger.BMP,c0bd51defb6bb619d11f70a4bf6c56f258c42ec3f59e1399a6542a4f1035fcce,train
data/datasets/A-/cluster_1_2049.BMP,A-,SUBJECT_GROUP_0401,407,407__M_Left_little_finger.BMP,7274ba37ade6886e37e46ec0966888e6aa5f4989a06b5fbd221dd391c6ebdc44,train
data/datasets/A-/cluster_1_2057.BMP,A-,SUBJECT_GROUP_0412,419,419__F_Right_middle_finger.BMP,6cbc6dc018c905bd13ec7e3e7f6af04154e7b61dbf5d5b4a8a328b1122614421,train
data/datasets/A-/cluster_1_2063.BMP,A-,SUBJECT_GROUP_0563,573,573__F_Right_thumb_finger.BMP,5096a51e9567c60aec5ddadc1f486bd4ebd38156b13847220cb1e4f4d2096896,test
data/datasets/A-/cluster_1_2068.BMP,A-,SUBJECT_GROUP_0561,571,571__F_Left_index_finger.BMP,787b0161aef29d3c93106f09ba70453d77318ce4d3ff2761e794888fb597b8c7,train
data/datasets/A-/cluster_1_2073.BMP,A-,SUBJECT_GROUP_0096,96,96__M_Left_middle_finger.BMP,c826a8a975face9bd94997e0a62ae7bd6fe332cd5cf1fe1c7090630b3d63bbc8,test
data/datasets/A-/cluster_1_2077.BMP,A-,SUBJECT_GROUP_0254,258,258__M_Right_index_finger.BMP,da08fdb54cfa17d746a21151250986f33fdfd9ca024c255a30a8ab603803b4f8,train
data/datasets/A-/cluster_1_2079.BMP,A-,SUBJECT_GROUP_0396,402,402__M_Right_little_finger.BMP,a6a3a1e87d6634de64fb3c109b53ffd6cda08e59b07b254bcd7b03fcb1ef14ad,train
data/datasets/A-/cluster_1_2084.BMP,A-,SUBJECT_GROUP_0366,371,371__M_Right_middle_finger.BMP,98eb87f04cbf0757aebb67aabbb08b1bf3ce41b5b0bd0be7a18c5a2ec0f91f07,train
data/datasets/A-/cluster_1_2089.BMP,A-,SUBJECT_GROUP_0293,298,298__M_Left_middle_finger.BMP,953421d0a0265641a75d069fddbc20915962b89ba413c28fcc293dbe2b068834,train
data/datasets/A-/cluster_1_2093.BMP,A-,SUBJECT_GROUP_0375,381,381__M_Left_index_finger.BMP,29fbf6f35f9e3de3e3a890b3a0cc449cf6d55ee4da307712fe46f9aa2f67fad1,train
data/datasets/A-/cluster_1_2095.BMP,A-,SUBJECT_GROUP_0122,122,122__M_Right_thumb_finger.BMP,ee5311ccf68a4d985caf2cfda55d6623c000b359527e6338e8e402d291635940,test
data/datasets/A-/cluster_1_2098.BMP,A-,SUBJECT_GROUP_0266,271,271__M_Left_middle_finger.BMP,01344e2f3bd29abc5f8b33f8e5cbcbf890c4fc9112bbd087eea8df0764afaa35,train
data/datasets/A-/cluster_1_2099.BMP,A-,SUBJECT_GROUP_0268,273,273__M_Left_middle_finger.BMP,f2f279e2c7dcac792aff44c163479e86b71e4485692fc315b18bb1a4a0f5bc31,train
data/datasets/A-/cluster_1_2102.BMP,A-,SUBJECT_GROUP_0308,313,313__M_Right_middle_finger.BMP,0238f418d33a877e6ae24ec73189802ee1a5cb1fe2f62a44e077bc3e0a20532d,train
data/datasets/A-/cluster_1_2103.BMP,A-,SUBJECT_GROUP_0093,93,93__M_Right_middle_finger.BMP,049b390f54965dfde74e31801e0ae34fbc21b40f26f024618371907610c4b463,train
data/datasets/A-/cluster_1_2106.BMP,A-,SUBJECT_GROUP_0412,419,419__F_Left_index_finger.BMP,b914efdfdde1d551fdb365ab51e1135856e03c10f5f89bc8edfe84cce12f088b,train
data/datasets/A-/cluster_1_2107.BMP,A-,SUBJECT_GROUP_0019,19,19__M_Right_index_finger.BMP,132b53cfdc04b97beea62889c7a23f70e0f78468dbd785c5b0471eac22163be1,train
data/datasets/A-/cluster_1_2109.BMP,A-,SUBJECT_GROUP_0493,500,500__M_Right_thumb_finger.BMP,f1ead688f79ca4162db13e04b63147dae2cd54b71b1ec67c41ffa00bebeb85d3,validation
data/datasets/A-/cluster_1_2110.BMP,A-,SUBJECT_GROUP_0068,68,68__M_Right_little_finger.BMP,726f5c804bf9b0c239becfb6b0577bf52691bd9bd095cab09c08e6ea482d8ad7,test
data/datasets/A-/cluster_1_2111.BMP,A-,SUBJECT_GROUP_0305,310,310__M_Left_thumb_finger.BMP,53f5aba402f3146b2f680824867303864a0d350653b7e27ecc65e9c4a27f7939,train
data/datasets/A-/cluster_1_2124.BMP,A-,SUBJECT_GROUP_0130,130,130__F_Left_little_finger.BMP,8b60db6c6a61efff930322782baa8b3fb01071ffbc0297f0d66b563c081d40a8,train
data/datasets/A-/cluster_1_2143.BMP,A-,SUBJECT_GROUP_0358,363,363__M_Left_ring_finger.BMP,fe63d35d7fd4f1fee64e5917d26b0375be6fa7e1d7d22dbb90bdd0a7f6f910f3,test
data/datasets/A-/cluster_1_2145.BMP,A-,SUBJECT_GROUP_0375,381,381__M_Left_ring_finger.BMP,5757e1c8bda525d0590ab7a85d7a9ae8eb25348d14e3a792115990d863869cb0,train
data/datasets/A-/cluster_1_2147.BMP,A-,SUBJECT_GROUP_0141,141,141__F_Left_index_finger.BMP,7d858f9e94d1204ea39d5843dedfb94d16c2c9972ce11c476651b471aec9ea8b,test
data/datasets/A-/cluster_1_2148.BMP,A-,SUBJECT_GROUP_0300,305,305__M_Left_ring_finger.BMP,41ac34813acfff4303d6a87bb22ba4e944a7358e2dcce5261a0fb8c6263f5db9,test
data/datasets/A-/cluster_1_2152.BMP,A-,SUBJECT_GROUP_0132,132,132__M_Right_middle_finger.BMP,62c35817fed64c26d29971e7b83ad08d66448dba3ff1386389202bce826f0738,test
data/datasets/A-/cluster_1_2171.BMP,A-,SUBJECT_GROUP_0328,333,333__M_Right_middle_finger.BMP,b3cad0545ed8f757e8798e03f14b4c5113ab7196cd52686acc5ee98f193be39a,train
data/datasets/A-/cluster_1_2176.BMP,A-,SUBJECT_GROUP_0472,479,479__F_Right_middle_finger.BMP,4f7f1a3e1eecc74069ee65ac7d38bf5c4a1b0abcb20b8ff3a36f99bd57f1d4f0,train
data/datasets/A-/cluster_1_2180.BMP,A-,SUBJECT_GROUP_0269,274,274__M_Left_index_finger.BMP,a5995578d9313fae48861d68d717171a33c9cf2f3181022886d03eaf285ea0f3,test
data/datasets/A-/cluster_1_2184.BMP,A-,SUBJECT_GROUP_0014,14,14__M_Right_index_finger.BMP,98280efaa33e815fbe5fd8a14d7d85c8a774133dc93cda23755f90d01c093b1f,train
data/datasets/A-/cluster_1_2188.BMP,A-,SUBJECT_GROUP_0425,432,432__M_Right_thumb_finger.BMP,84343897f5a0057e864b4380bc1498e2ce6e08291e46a901641c829de120b874,train
data/datasets/A-/cluster_1_2191.BMP,A-,SUBJECT_GROUP_0422,429,429__M_Right_ring_finger.BMP,1ba6fa043eb8bedd30caf7dbd8f726b6fd5d9d81c91fd460c732d4041d64a0aa,train
data/datasets/A-/cluster_1_2192.BMP,A-,SUBJECT_GROUP_0140,140,140__F_Right_thumb_finger.BMP,560a0e7427a591da9fa3c67c632fd0948ced8948f42297221fd0c86c3d58ea74,train
data/datasets/A-/cluster_1_2194.BMP,A-,SUBJECT_GROUP_0401,407,407__M_Right_little_finger.BMP,fa241e415af508ba184e8dd52100e555d83e36a4198aee95557c617ad4535856,train
data/datasets/A-/cluster_1_2199.BMP,A-,SUBJECT_GROUP_0092,204,204__F_Right_ring_finger.BMP,8361b78eb5af33e23b14e95a0b82b4220e0d026a813aa3165d3415d573baa2b4,validation
data/datasets/A-/cluster_1_22.BMP,A-,SUBJECT_GROUP_0499,506,506__M_Right_thumb_finger.BMP,c660ab9a01a761b7c55429dbd733ff5121a0468240e30ecaa1de8ddddb238320,test
data/datasets/A-/cluster_1_221.BMP,A-,SUBJECT_GROUP_0304,309,309__M_Left_middle_finger.BMP,5c7c3fa3bf7f7b8d16e5e08e82d24e05c32feb90817120aab5ad89430a40c143,validation
data/datasets/A-/cluster_1_2214.BMP,A-,SUBJECT_GROUP_0250,254,254__M_Right_index_finger.BMP,8c6b5433f5e6291d284af75db0bc0d1593caab225a30715f4e46cbd9fcc67a35,validation
data/datasets/A-/cluster_1_2218.BMP,A-,SUBJECT_GROUP_0482,489,489__M_Right_middle_finger.BMP,0006dfde199c8d14457afbb9112aeb13b4dc4c58c9d32e0a4fac4cc06eb3ab84,train
data/datasets/A-/cluster_1_2222.BMP,A-,SUBJECT_GROUP_0481,488,488__M_Right_middle_finger.BMP,774bf7eb8f59ae7ad817966362de3fd774ce09d9070986e6e11072798442cbfd,train
data/datasets/A-/cluster_1_2223.BMP,A-,SUBJECT_GROUP_0160,160,160__M_Right_ring_finger.BMP,e19949957f26ff9d972e2b83babb8f5dd0ca859d1e271c30066f488a12f793dc,train
data/datasets/A-/cluster_1_2227.BMP,A-,SUBJECT_GROUP_0379,385,385__M_Right_thumb_finger.BMP,e24320bf4c6c774f99bfdf29e2e509ae32d24435cca0319cbad17eee2db30cab,train
data/datasets/A-/cluster_1_2230.BMP,A-,SUBJECT_GROUP_0314,319,319__M_Right_little_finger.BMP,0e023052a445a7ecf9f52ae27df453a3eb1856b858c4215beed3700485430fb5,test
data/datasets/A-/cluster_1_2242.BMP,A-,SUBJECT_GROUP_0229,232,232__M_Right_middle_finger.BMP,e02abca860e9474191d7777fb48f6c38090bfbdbcd130f54adc2164c13ab1e7a,train
data/datasets/A-/cluster_1_2253.BMP,A-,SUBJECT_GROUP_0355,360,360__M_Right_index_finger.BMP,df1e6c57be3611ec4676b8c42956926e129f144eae5e07782dc3a5682d4c8043,test
data/datasets/A-/cluster_1_2258.BMP,A-,SUBJECT_GROUP_0370,375,375__M_Right_little_finger.BMP,f2f2b2dfbadab83eae148be646a3324f1cbff9eb07a51467f7d64a2cccd4728b,train
data/datasets/A-/cluster_1_2261.BMP,A-,SUBJECT_GROUP_0221,224,224__M_Right_thumb_finger.BMP,afa0139f7b87de94540ec6a9853077ff6df4c0f698875467f64a2f59a30ab485,train
data/datasets/A-/cluster_1_2263.BMP,A-,SUBJECT_GROUP_0142,142,142__F_Right_index_finger.BMP,516c79162e259af7dda15654e0626332d1f8d5eba51a61f9ffe3eef868b51986,train
data/datasets/A-/cluster_1_2267.BMP,A-,SUBJECT_GROUP_0345,350,350__M_Right_little_finger.BMP,8dc8882f7a4126c6798d9126c566c32e3bff7f6b7fcae9c4a51cb1cb8653e242,train
data/datasets/A-/cluster_1_2279.BMP,A-,SUBJECT_GROUP_0498,505,505__M_Right_little_finger.BMP,b26723d327e33c44e604b5ec987f427a5d62c1fb01ac3c5a4afa29c0bf1d57a9,train
data/datasets/A-/cluster_1_2284.BMP,A-,SUBJECT_GROUP_0062,62,62__M_Right_ring_finger.BMP,ea648379c576411f08d23d83f9580a132d09ddc6a5547680e1e2372ff5f83b44,train
data/datasets/A-/cluster_1_2287.BMP,A-,SUBJECT_GROUP_0063,63,63__M_Left_index_finger.BMP,6e4bc0502850d25b0ada36f54ac61475dabcba7652f3aa90b4453beb540d00db,train
data/datasets/A-/cluster_1_2294.BMP,A-,SUBJECT_GROUP_0253,257,257__M_Left_middle_finger.BMP,28d5cc5c9714c9cdb9e28c2c805db375c9d47d94de3e48a04eb6066078e2cd79,train
data/datasets/A-/cluster_1_2303.BMP,A-,SUBJECT_GROUP_0020,20,20__M_Right_middle_finger.BMP,e3113b4ba21a888dd2024f64c7c9389205b83d1330052410c7b2fe2471c10e6f,train
data/datasets/A-/cluster_1_2313.BMP,A-,SUBJECT_GROUP_0574,586,586__M_Left_ring_finger.BMP,d53a0bd9ee17a105f5ae01adc7997318e93890b090add3b5d1702fb4c3d75d7c,test
data/datasets/A-/cluster_1_2315.BMP,A-,SUBJECT_GROUP_0260,265,265__M_Left_ring_finger.BMP,abad368d55d012a1d80da758c3dabb960bcb58fdd37f7d5d5998ff21ed5738e7,test
data/datasets/A-/cluster_1_2318.BMP,A-,SUBJECT_GROUP_0334,339,339__M_Right_index_finger.BMP,c7dc9efd62bef08f4492febd41a88a01644ec2c00aa884a25563172e13979007,validation
data/datasets/A-/cluster_1_2324.BMP,A-,SUBJECT_GROUP_0184,184,184__M_Right_little_finger.BMP,39bf6efe03f2517abd5bcb793b8b11cae3e54faca53c7610ef132a6ecf2cd39b,train
data/datasets/A-/cluster_1_2326.BMP,A-,SUBJECT_GROUP_0262,267,267__M_Left_ring_finger.BMP,cdff9b385023ed997ee1be7d0d2424d5b48f448d7c862aa563d4313fbdd46d53,test
data/datasets/A-/cluster_1_2328.BMP,A-,SUBJECT_GROUP_0207,209,209__F_Right_middle_finger.BMP,025d09cb32bb63aaf17691c953e69680f33517059409787d2e72e3247c7b9ea5,train
data/datasets/A-/cluster_1_2334.BMP,A-,SUBJECT_GROUP_0282,287,287__M_Right_index_finger.BMP,c6854c289d17bee80951697e8ab32147364740dac398b9d877371a6ec52686ab,train
data/datasets/A-/cluster_1_2339.BMP,A-,SUBJECT_GROUP_0445,452,452__F_Right_thumb_finger.BMP,e472f5536dffd420adf8562d567d3bad30281f6985169a031b8fe50accde7092,train
data/datasets/A-/cluster_1_2341.BMP,A-,SUBJECT_GROUP_0011,11,11__M_Right_little_finger.BMP,4c13b1c073ac5accf093d179d2e8c8f632854db9f83a9776f1dd8e5596fc79c1,train
data/datasets/A-/cluster_1_2350.BMP,A-,SUBJECT_GROUP_0547,557,557__M_Left_middle_finger.BMP,8adb21e5651bba5db86d4fb6e3b0b4b99912383f94a925ef2ae1a75e6a299a45,test
data/datasets/A-/cluster_1_2356.BMP,A-,SUBJECT_GROUP_0530,538,538__M_Right_ring_finger.BMP,ce24944112940b73ed3b4f67b3c7d31298bb4ff556db691b1c4cee5385617c98,train
data/datasets/A-/cluster_1_2357.BMP,A-,SUBJECT_GROUP_0195,195,195__M_Right_index_finger.BMP,03e04b2aab2e625fd42405d6d69683d677c74be905f8430fec7fc53708baa3ff,train
data/datasets/A-/cluster_1_237.BMP,A-,SUBJECT_GROUP_0012,12,12__M_Left_ring_finger.BMP,d6b732a5ab960c9406e7d3bc44cb5f470366b6b4369819dedccdb3d394d178c3,train
data/datasets/A-/cluster_1_2370.BMP,A-,SUBJECT_GROUP_0248,252,252__F_Left_thumb_finger.BMP,b574d027f0bcf55f3b3e822cc90c6820cea12020d556c8266ec83478fc0def0b,test
data/datasets/A-/cluster_1_2371.BMP,A-,SUBJECT_GROUP_0426,433,433__M_Left_middle_finger.BMP,e6cc4115671b583a5936078c78585c76116157361b0c60bd4bcc2c32d69fa27c,validation
data/datasets/A-/cluster_1_2376.BMP,A-,SUBJECT_GROUP_0281,286,286__M_Left_thumb_finger.BMP,f8d96a03498013fe864e63b03c80980a6b43ca3523874f9f6055412aa5b8b952,train
data/datasets/A-/cluster_1_2378.BMP,A-,SUBJECT_GROUP_0367,372,372__M_Right_middle_finger.BMP,1df95e6e49ac02cc081ec1d3292e068e68d8e98ae7b30035e654df21027ef140,train
data/datasets/A-/cluster_1_2380.BMP,A-,SUBJECT_GROUP_0146,146,146__M_Right_middle_finger.BMP,3e973b01863c57a54f56175cd093f70cec6829ee0635025d73dad58be83d1334,test
data/datasets/A-/cluster_1_2386.BMP,A-,SUBJECT_GROUP_0167,167,167__M_Right_middle_finger.BMP,11b6dd79cce326c577624265259cde09d1e4a1acd08b5f3f82006cd0f1ea3661,train
data/datasets/A-/cluster_1_2396.BMP,A-,SUBJECT_GROUP_0011,11,11__M_Right_index_finger.BMP,38fd23ce47001da915e7e38ab4045c5a7cf0235b44ccfe91ccba2ea6f06b668e,train
data/datasets/A-/cluster_1_2400.BMP,A-,SUBJECT_GROUP_0003,3,3__M_Right_middle_finger.BMP,9a7bbc77540eebff2cd9c74f32ffae2a078b1c934bd03a2f832aef40505bb3c0,validation
data/datasets/A-/cluster_1_2401.BMP,A-,SUBJECT_GROUP_0204,206,206__M_Right_middle_finger.BMP,8f8719b5f5293ccb84274bd3db55eb463bf2da63fd53bdf1d4caea13b443184d,validation
data/datasets/A-/cluster_1_2403.BMP,A-,SUBJECT_GROUP_0438,445,445__M_Right_little_finger.BMP,cdcdc611ba38f0158923a056be5b7eb94642e7b26bd24254911f223544f4bbca,train
data/datasets/A-/cluster_1_2405.BMP,A-,SUBJECT_GROUP_0569,580,580__M_Right_ring_finger.BMP,ac350e02d6e13f70d291dbed0b58c4d8d51a5c259f2905dc225d54e7239fb620,test
data/datasets/A-/cluster_1_2422.BMP,A-,SUBJECT_GROUP_0380,386,386__M_Right_index_finger.BMP,8064bc37792513eb5cdedea0add61f74dbc8a8b45578cdecc387235396d6e106,train
data/datasets/A-/cluster_1_2439.BMP,A-,SUBJECT_GROUP_0055,55,55__M_Right_little_finger.BMP,c11bf9cb6b89c5a13f6c05cce0986daff3fe2d94460c33fecd33b59a75304d14,train
data/datasets/A-/cluster_1_2441.BMP,A-,SUBJECT_GROUP_0510,518,518__M_Left_middle_finger.BMP,f1fec59ecac9f8550831951f487f757de40082edaa3d92e509879cb25e684987,train
data/datasets/A-/cluster_1_2454.BMP,A-,SUBJECT_GROUP_0317,322,322__M_Left_index_finger.BMP,23c44a127557fd0223eb65124e0f041360869d5190ea02325415fd83a1092725,train
data/datasets/A-/cluster_1_246.BMP,A-,SUBJECT_GROUP_0281,286,286__M_Left_index_finger.BMP,17a5459964b188004337be1062462e4dcd34104259284f141dc10f3539090cb6,train
data/datasets/A-/cluster_1_2479.BMP,A-,SUBJECT_GROUP_0036,36,36__M_Right_middle_finger.BMP,ac0635d19222b63a5f5e4325814609f122652d8e98f83c0d258bbb71f3abfbd3,train
data/datasets/A-/cluster_1_2480.BMP,A-,SUBJECT_GROUP_0334,339,339__M_Right_ring_finger.BMP,427d09762a0350696e38511b2e7fc476176379200aed026a98d25693d0f463c5,validation
data/datasets/A-/cluster_1_2483.BMP,A-,SUBJECT_GROUP_0553,563,563__M_Right_middle_finger.BMP,d0395dd3c4432a47df1a4944b627a1730994838aea2bec97540c90a115331e5d,train
data/datasets/A-/cluster_1_2486.BMP,A-,SUBJECT_GROUP_0415,422,422__M_Right_index_finger.BMP,601afd3e52ed53f04d686923bca919f8ea77c24b3288f2cae2149769852095d5,train
data/datasets/A-/cluster_1_2489.BMP,A-,SUBJECT_GROUP_0109,109,109__F_Right_ring_finger.BMP,27c3f0b3ee8d8f3148b1f3b1e3ed0508cfcf640c151f8b6f7d880fcd388bb3d9,train
data/datasets/A-/cluster_1_2490.BMP,A-,SUBJECT_GROUP_0270,275,275__F_Right_index_finger.BMP,94c34702bd91f94f913de339622b09880158212d66e4f766a08a72844da987eb,validation
data/datasets/A-/cluster_1_2491.BMP,A-,SUBJECT_GROUP_0208,210,210__M_Right_thumb_finger.BMP,4146bca6ec89f48e39887776b1c134db8aea15fad25974ac4816fbdf01016a43,train
data/datasets/A-/cluster_1_2493.BMP,A-,SUBJECT_GROUP_0313,318,318__F_Right_thumb_finger.BMP,c2a915a7012fe104075d5ce9838d8636325b4e70c253130600aa7b453afb865f,test
data/datasets/A-/cluster_1_2495.BMP,A-,SUBJECT_GROUP_0364,369,369__F_Left_thumb_finger.BMP,24002f58b827f30b463233ca6e860df2503a0efaa4118075cbb12c63882d0b64,validation
data/datasets/A-/cluster_1_2497.BMP,A-,SUBJECT_GROUP_0083,83,83__M_Right_little_finger.BMP,9dcfa7627fb1fe0becbc82b7e08c105e1e17679be1d42e670e6841683f1efacf,train
data/datasets/A-/cluster_1_2506.BMP,A-,SUBJECT_GROUP_0016,16,16__M_Left_middle_finger.BMP,e03b5e0ffab48f716acafc1b8a28ebad461c9b7d5f513acb5465d527ea39e775,train
data/datasets/A-/cluster_1_2508.BMP,A-,SUBJECT_GROUP_0292,553,553__M_Left_middle_finger.BMP,67f68c1f69370d90fb6da3646218da41bb0529e47ca097a886fe0cd02d4800fe,test
data/datasets/A-/cluster_1_2518.BMP,A-,SUBJECT_GROUP_0479,486,486__M_Right_thumb_finger.BMP,83d051214f14387c4274640770c70c972e1640167889b242d42f7d6e537e71c6,train
data/datasets/A-/cluster_1_2523.BMP,A-,SUBJECT_GROUP_0544,552,552__M_Right_ring_finger.BMP,28b3907ea84f5e9e5a960724e2122d34225c7f8fb5845aa2f86558011eb5326b,train
data/datasets/A-/cluster_1_2531.BMP,A-,SUBJECT_GROUP_0431,438,438__M_Left_middle_finger.BMP,7c337302cf2b20409316aeba2d126e1d24d805c4929d2ea76fd5eb1cf2dd1a1b,train
data/datasets/A-/cluster_1_2534.BMP,A-,SUBJECT_GROUP_0536,544,544__M_Left_index_finger.BMP,791001b18b0a433663ddd70ec0c13b42697a1c14db9664c95bf45c39f4affb46,train
data/datasets/A-/cluster_1_2538.BMP,A-,SUBJECT_GROUP_0260,265,265__M_Left_index_finger.BMP,7d7e9c60ce3a6ef3dbcce541dba60f7506186f7c06f9afd56e9f86d2fdb98a36,test
data/datasets/A-/cluster_1_2554.BMP,A-,SUBJECT_GROUP_0264,269,269__M_Right_little_finger.BMP,90acee9e27e8ed0caf5cf6789e51d8b66445ec48063d2336da7c5060805efccd,train
data/datasets/A-/cluster_1_2557.BMP,A-,SUBJECT_GROUP_0182,182,182__M_Left_middle_finger.BMP,809bc1a6ca2ce4bfad0d41bef4e3706b7b5b79482454e6aa0c9e5659e6eb79b5,train
data/datasets/A-/cluster_1_2565.BMP,A-,SUBJECT_GROUP_0341,346,346__M_Left_ring_finger.BMP,5bf8f004798c5e2ebe591ebd17972ce7d85b46fbe14f8a26290946bcfd519402,train
data/datasets/A-/cluster_1_2573.BMP,A-,SUBJECT_GROUP_0341,346,346__M_Left_thumb_finger.BMP,132aa06218de1280639c035c2acf5d595425bbd9ece4e83d7b9594fe0083b4a3,train
data/datasets/A-/cluster_1_2575.BMP,A-,SUBJECT_GROUP_0078,78,78__F_Right_middle_finger.BMP,950b92116f6ecf10854937e9f80159dbff111dff8893e103aadbe658aa165637,train
data/datasets/A-/cluster_1_2592.BMP,A-,SUBJECT_GROUP_0338,343,343__M_Left_middle_finger.BMP,f15178088b69deabd04b66c9b5d4ff21be3335dae0dd813c607c20b2f460eb73,train
data/datasets/A-/cluster_1_2593.BMP,A-,SUBJECT_GROUP_0130,130,130__F_Right_middle_finger.BMP,fb7772e867441bf7c7dd67fa880507dc122b4ba6ae1585680ad09e5f6c32e39a,train
data/datasets/A-/cluster_1_2604.BMP,A-,SUBJECT_GROUP_0175,175,175__M_Right_middle_finger.BMP,d87cc2215fd9588c74f23eda6c7a58792e21f3afcbfeb9efa80419c217e43dbb,train
data/datasets/A-/cluster_1_2612.BMP,A-,SUBJECT_GROUP_0577,589,589__M_Right_ring_finger.BMP,7118b0e305d5063653c034d882974e6777519adc8be5afed14a43776ff80340b,validation
data/datasets/A-/cluster_1_2613.BMP,A-,SUBJECT_GROUP_0325,330,330__M_Right_index_finger.BMP,557b91064eff4a09e4849ba2430e32fa29b9ce6c892855a68a03d42d0c593b62,train
data/datasets/A-/cluster_1_2615.BMP,A-,SUBJECT_GROUP_0578,591,591__M_Right_middle_finger.BMP,36eddb887eaf60f40d204c4d08adc0c0200267e10e2e949b3a16715f847c5f99,test
data/datasets/A-/cluster_1_2627.BMP,A-,SUBJECT_GROUP_0536,544,544__M_Right_middle_finger.BMP,99173f81736969818502314cae22a8bc17bd1ee693f0960df91e578afe8cd088,train
data/datasets/A-/cluster_1_2638.BMP,A-,SUBJECT_GROUP_0281,286,286__M_Left_middle_finger.BMP,b7dde043aea89bb06e9e9622ccf767d996f3f121dc3be1f90f75ff99c7fbf4e7,train
data/datasets/A-/cluster_1_2647.BMP,A-,SUBJECT_GROUP_0065,65,65__M_Right_thumb_finger.BMP,b91aa77fb2c60aeb5d7ae1f62011fad008a6e0ff7563e70a7d8c4c27f422419b,train
data/datasets/A-/cluster_1_2650.BMP,A-,SUBJECT_GROUP_0014,14,14__M_Right_middle_finger.BMP,3835a5481e6860f944e919a5de302e4a4b7cf7ed0384fbf546928f97ceab61bb,train
data/datasets/A-/cluster_1_2654.BMP,A-,SUBJECT_GROUP_0546,556,556__F_Right_ring_finger.BMP,035b19c091232f77acd37f58b46b143cc7f4fd5332447de479c36bcdbe3745c7,train
data/datasets/A-/cluster_1_2661.BMP,A-,SUBJECT_GROUP_0542,550,550__F_Left_ring_finger.BMP,358be8db89a5bf0cf803ec35efd741dbee66928cbe7fe4e5f18641941c9b2f4d,train
data/datasets/A-/cluster_1_2663.BMP,A-,SUBJECT_GROUP_0251,255,255__M_Left_index_finger.BMP,cc59747c3c8aec9a7a17729c14820ed65d0967a360c5ee3a918535958dc10d8f,train
data/datasets/A-/cluster_1_2681.BMP,A-,SUBJECT_GROUP_0503,510,510__M_Right_index_finger.BMP,6cf40d96273556815585576133150c237a2e4fa1717830fdfecccb23f2c41a77,train
data/datasets/A-/cluster_1_2694.BMP,A-,SUBJECT_GROUP_0568,579,579__M_Right_middle_finger.BMP,d0b66c49f16014abc817182bf1f41a3199535956d4f0168d2d838e7fa7c07a9e,train
data/datasets/A-/cluster_1_270.BMP,A-,SUBJECT_GROUP_0063,63,63__M_Right_thumb_finger.BMP,fceb7a2181cecb9b147739f4f66ad120148e48b7a7be76e0f69a0127a3240f0f,train
data/datasets/A-/cluster_1_2707.BMP,A-,SUBJECT_GROUP_0430,437,437__M_Right_thumb_finger.BMP,d8ccf229dc9b66818a85bb5c8d98504fffd043399afd329c82e41f461e1c842b,test
data/datasets/A-/cluster_1_2718.BMP,A-,SUBJECT_GROUP_0396,402,402__M_Left_index_finger.BMP,1ef43a59cef465a17059791bfb74c5ed35e7172670f30961b769f9bf6f6face5,train
data/datasets/A-/cluster_1_2741.BMP,A-,SUBJECT_GROUP_0202,202,202__M_Right_thumb_finger.BMP,35e16d219b31713c245049ce6a9447f8eed9d47302fa6dfd5818a7f4f5024bf1,test
data/datasets/A-/cluster_1_2745.BMP,A-,SUBJECT_GROUP_0318,323,323__M_Right_index_finger.BMP,136d00b86b5a4ed579f58553bdf3f9ea11201fbee7fadf48e90cffc2d6807e69,train
data/datasets/A-/cluster_1_2746.BMP,A-,SUBJECT_GROUP_0433,440,440__M_Right_index_finger.BMP,628e9794a5b2b362abf9ae4c7067320c33c9573c993f5a999ea006a3d9d1740b,train
data/datasets/A-/cluster_1_2747.BMP,A-,SUBJECT_GROUP_0131,131,131__M_Right_thumb_finger.BMP,c327cfda1d5ab2d8efb4435c4a3d107708fe450df7f091420a759136dc7d1cb3,train
data/datasets/A-/cluster_1_2752.BMP,A-,SUBJECT_GROUP_0299,304,304__M_Right_thumb_finger.BMP,68b2adca98742d36e922ae49ac859852a08dbfe04a9adbaa679bb7679ace7c95,train
data/datasets/A-/cluster_1_2754.BMP,A-,SUBJECT_GROUP_0499,506,506__M_Right_index_finger.BMP,9915d291cf51276efb538a0195fc099cad0bcbcd7397151e6f7308e01f730cf7,test
data/datasets/A-/cluster_1_2757.BMP,A-,SUBJECT_GROUP_0438,445,445__M_Right_index_finger.BMP,07baf2c9aa56de870e4780fa9bf61378ca397aa2f21beaec572322eb82d75ec4,train
data/datasets/A-/cluster_1_2768.BMP,A-,SUBJECT_GROUP_0148,148,148__M_Right_ring_finger.BMP,f3477cd446236f4183858c1fe2da387f77ba69652e59250ba7c29fdea5e373bf,train
data/datasets/A-/cluster_1_2776.BMP,A-,SUBJECT_GROUP_0237,240,240__F_Right_index_finger.BMP,cd70e8646630a8190fd73de4178502f7a9a825c32248f48d26db87c27a6869be,train
data/datasets/A-/cluster_1_278.BMP,A-,SUBJECT_GROUP_0245,248,248__M_Right_index_finger.BMP,b7f14b8a55695b5e6b471467c7fd8da4c70e189fda9556b7e195147e7536f5e6,train
data/datasets/A-/cluster_1_2781.BMP,A-,SUBJECT_GROUP_0380,386,386__M_Right_little_finger.BMP,64061f0333f83edafc8df91668602aa43a180e2c4a9c7df6c0d3e5fe065c2a00,train
data/datasets/A-/cluster_1_2785.BMP,A-,SUBJECT_GROUP_0497,504,504__M_Left_ring_finger.BMP,62528c649b96c31a898bde8c37ebdf8426c5b3dc88a4910f824ceea91a7bcea4,train
data/datasets/A-/cluster_1_2788.BMP,A-,SUBJECT_GROUP_0261,266,266__M_Right_ring_finger.BMP,3f7261d6842638895168295b795eb1f5b320288b599b9eed860db62c0edecdb2,train
data/datasets/A-/cluster_1_2790.BMP,A-,SUBJECT_GROUP_0323,328,328__M_Right_ring_finger.BMP,289209025a32ebc00a72d7a92fd4c078f36230b840d47cb9508affa21be2cc97,train
data/datasets/A-/cluster_1_2794.BMP,A-,SUBJECT_GROUP_0147,147,147__M_Right_little_finger.BMP,c70ac41a281e9e575ddd5a255d409e494b98075c1a88cff9ea9b3d2b87566c2c,train
data/datasets/A-/cluster_1_2797.BMP,A-,SUBJECT_GROUP_0527,535,535__M_Right_ring_finger.BMP,5168ed5f119b4b9a6ec04dcd6ee4c5408d14ca04d86b1cfb3528625e57c6a958,train
data/datasets/A-/cluster_1_2799.BMP,A-,SUBJECT_GROUP_0281,286,286__M_Right_thumb_finger.BMP,b8dea28f237a92632f451982f9aa176528af823596a963044660416ab37b40f9,train
data/datasets/A-/cluster_1_2807.BMP,A-,SUBJECT_GROUP_0527,535,535__M_Left_thumb_finger.BMP,170087478efca6a36c293f83a12743d0f7effc14961d3b63ed7f8aac4c39c63e,train
data/datasets/A-/cluster_1_2815.BMP,A-,SUBJECT_GROUP_0025,25,25__F_Right_ring_finger.BMP,d70623419d2260fa730cb8e4e10523ee81504ce13c364fcfc2baf31b1d31626d,train
data/datasets/A-/cluster_1_2820.BMP,A-,SUBJECT_GROUP_0205,207,207__M_Left_thumb_finger.BMP,f9514737b89bdd0673f93a6e3bddb85cf79c0c34f160a31e1e8451504c5f538e,validation
data/datasets/A-/cluster_1_2826.BMP,A-,SUBJECT_GROUP_0361,366,366__M_Left_index_finger.BMP,6cdb0ca14982f3faa1268d5b141fc17518bed5cc02356cb4c0b8e52d49c1aaf5,train
data/datasets/A-/cluster_1_2834.BMP,A-,SUBJECT_GROUP_0037,37,37__M_Right_thumb_finger.BMP,e4eca8d642188e177c9b3c8d5bb5d14e96ea8c93682402520be1a8ad71fde80b,train
data/datasets/A-/cluster_1_2836.BMP,A-,SUBJECT_GROUP_0309,314,314__M_Right_little_finger.BMP,298f7fc50db1fc0394e0d8683176f42adf6f5c422278e192dde9471e9942a3e1,validation
data/datasets/A-/cluster_1_2840.BMP,A-,SUBJECT_GROUP_0117,117,117__F_Right_little_finger.BMP,ca96a1e45d6f6f6b081c7ca3421da4216882790d2b5fa035f07c5e531596dbb2,test
data/datasets/A-/cluster_1_2841.BMP,A-,SUBJECT_GROUP_0212,214,214__M_Right_thumb_finger.BMP,2f126023f8dd9816996a3063e9f65d56bc3d5f7b7d42147b0a2fb44fc565e94b,train
data/datasets/A-/cluster_1_2843.BMP,A-,SUBJECT_GROUP_0568,579,579__M_Left_ring_finger.BMP,b14595595744306180edb391059789a56c0bc3dff685687065d57ca6e46e6211,train
data/datasets/A-/cluster_1_2848.BMP,A-,SUBJECT_GROUP_0260,265,265__M_Right_ring_finger.BMP,bb1987fda0ee77021211d4fcfc72db240c11f6db7949649fcf97b3240dd410ac,test
data/datasets/A-/cluster_1_2853.BMP,A-,SUBJECT_GROUP_0516,524,524__M_Left_ring_finger.BMP,783423f9618a3e966a13a1c8a2ee89c1d75323b18adef74a4c7fe638572b75eb,test
data/datasets/A-/cluster_1_2867.BMP,A-,SUBJECT_GROUP_0359,364,364__M_Right_ring_finger.BMP,bb0c73f53ac293da690371edf52d3c8ca6ccef0a3d016c5221e4cf63546977be,train
data/datasets/A-/cluster_1_2868.BMP,A-,SUBJECT_GROUP_0449,456,456__M_Left_ring_finger.BMP,eccc37fa9d699bccff86e7d3acd3c1488fa2c189eb549fd8be897d87017ff65c,train
data/datasets/A-/cluster_1_2875.BMP,A-,SUBJECT_GROUP_0487,494,494__F_Left_thumb_finger.BMP,71d8b8239378bf00bc477174b6a602321caa987ad1d08030cb60741b9cf21da8,train
data/datasets/A-/cluster_1_2877.BMP,A-,SUBJECT_GROUP_0277,282,282__M_Left_thumb_finger.BMP,b1ad03e9f87b5f9e0cc014cc274a6f993ea89f3ecf0daf2f34ab8ec803610511,train
data/datasets/A-/cluster_1_2879.BMP,A-,SUBJECT_GROUP_0250,254,254__M_Right_middle_finger.BMP,1509d5844642003c5edc72467c8763bf20a79b41be6a99efe357c6ca004baead,validation
data/datasets/A-/cluster_1_288.BMP,A-,SUBJECT_GROUP_0556,566,566__M_Left_index_finger.BMP,ed47042a5f78d3eb9156c70b38dd0527a9194f5652227f85e255fae3c9fa4ce2,train
data/datasets/A-/cluster_1_2883.BMP,A-,SUBJECT_GROUP_0384,390,390__F_Right_ring_finger.BMP,23446ef933c373d25616ab6d7b534fd4ce2d7307cd57b8a335314c17e162440e,train
data/datasets/A-/cluster_1_2885.BMP,A-,SUBJECT_GROUP_0273,278,278__M_Right_index_finger.BMP,150690c6eadc63fb361a1eb0bfd5d44b53f656dfe06ec7c8324a68f207c1291e,train
data/datasets/A-/cluster_1_2888.BMP,A-,SUBJECT_GROUP_0505,513,513__M_Left_middle_finger.BMP,39c2e2b540557d7e0f290ba17409f6f3d8e965d97d75b172c6162410a5223b1c,train
data/datasets/A-/cluster_1_289.BMP,A-,SUBJECT_GROUP_0217,220,220__F_Left_middle_finger.BMP,7e84c76ac19288cb295f6210f62860c805145b175e5a8c0a05a1af56d0b87bf1,validation
data/datasets/A-/cluster_1_2912.BMP,A-,SUBJECT_GROUP_0566,576,576__M_Left_thumb_finger.BMP,fa0fd338f011e03484d47e3edcd1a9d12c8e0c142c17072d5bb25ddd8d0343bf,train
data/datasets/A-/cluster_1_2915.BMP,A-,SUBJECT_GROUP_0316,321,321__M_Right_index_finger.BMP,1b3db023825757fc06392d59adb97d0c405d9f1db8076ed94ab85d4f9c41d020,train
data/datasets/A-/cluster_1_2933.BMP,A-,SUBJECT_GROUP_0075,75,75__F_Right_middle_finger.BMP,ac2fe26d8bcf2b83dda798892e75c1f848a4cb97d30b3f6cc9338c967ed98c5a,train
data/datasets/A-/cluster_1_2938.BMP,A-,SUBJECT_GROUP_0239,242,242__M_Right_middle_finger.BMP,94673cde27d4a20dc991c3dd78e6f49c0a38617e436d08ddba52133a4ac21a8e,test
data/datasets/A-/cluster_1_2944.BMP,A-,SUBJECT_GROUP_0530,538,538__M_Right_little_finger.BMP,d3c354f07892cd85dc9c99f21eccbc57cb85525a1127f8ec5b92286ee672056c,train
data/datasets/A-/cluster_1_2950.BMP,A-,SUBJECT_GROUP_0337,342,342__M_Right_ring_finger.BMP,4fff37b798d68e8741eb602a39b10e1917ac5d4323c7b2d8061cce2e3ba929c4,validation
data/datasets/A-/cluster_1_2955.BMP,A-,SUBJECT_GROUP_0108,108,108__M_Right_thumb_finger.BMP,8da175bd509b743e67f3ad6ae2173ffa05ef03ade16eb1b7b9ba2f00d64de6ba,validation
data/datasets/A-/cluster_1_2966.BMP,A-,SUBJECT_GROUP_0228,231,231__M_Right_index_finger.BMP,6029e1f55d9da416adcde3a90dfb5a18d9bb1ea08281894f424cab63c706091c,train
data/datasets/A-/cluster_1_2971.BMP,A-,SUBJECT_GROUP_0476,483,483__M_Right_middle_finger.BMP,df2a419043e8cf52275294f67f66a195294fad8b21fae2f0a417d1150a9628bf,train
data/datasets/A-/cluster_1_2972.BMP,A-,SUBJECT_GROUP_0140,140,140__F_Right_ring_finger.BMP,729936737242b56441ea585e866838f640aec153ffb41478d41622d49dab444b,train
data/datasets/A-/cluster_1_2977.BMP,A-,SUBJECT_GROUP_0358,376,376__F_Right_thumb_finger.BMP,a6a12256fb9d11144766498b8dfafc5b5175da0df93aa955e3262a2f04f7c753,test
data/datasets/A-/cluster_1_2980.BMP,A-,SUBJECT_GROUP_0437,444,444__M_Right_middle_finger.BMP,7239b3e2a5cff085055db38b3cd043e4ea6286ce085f3d2b6817455d8a897e2f,train
data/datasets/A-/cluster_1_2996.BMP,A-,SUBJECT_GROUP_0010,10,10__M_Left_middle_finger.BMP,47ce6b59cc3dded2cafe712f103bf28fd52098096f2d7de439a75b205b4f0701,train
data/datasets/A-/cluster_1_3002.BMP,A-,SUBJECT_GROUP_0066,66,66__F_Left_thumb_finger.BMP,90b491c571013ff66cb7c99e2ebe5b8e1db3a24a72ae7ae9cda997c8c73f240b,train
data/datasets/A-/cluster_1_3029.BMP,A-,SUBJECT_GROUP_0327,332,332__M_Right_index_finger.BMP,f2e5b1de4f0b1a4bc078f3d77f60bdb20078ae071fc61f39d477a6eb0ae11962,train
data/datasets/A-/cluster_1_3039.BMP,A-,SUBJECT_GROUP_0437,444,444__M_Left_index_finger.BMP,ff0c0363e9b5ec0dcdd8c7b914fc0741cb1ae13a138acd49aa86070123fad72f,train
data/datasets/A-/cluster_1_3042.BMP,A-,SUBJECT_GROUP_0114,114,114__F_Right_index_finger.BMP,7594a4d14c7c26fb22d502bde8654775e8987ce924f41f1e23636f12a846d84c,test
data/datasets/A-/cluster_1_3043.BMP,A-,SUBJECT_GROUP_0073,73,73__M_Left_middle_finger.BMP,49436d385e67dc7b1e3f0d84f053fe8b4dccea2abee39ccf99b7c979158b46b3,train
data/datasets/A-/cluster_1_3047.BMP,A-,SUBJECT_GROUP_0096,96,96__M_Left_thumb_finger.BMP,a72bfcc5b5da073623cd182ae547c91812b7fbd373414287ae6398a2fe02967b,test
data/datasets/A-/cluster_1_3052.BMP,A-,SUBJECT_GROUP_0297,302,302__M_Left_thumb_finger.BMP,7739750174ff4f5fe47cf1b0fbd1084854f8492ff222e4e27dab770a39a4331e,train
data/datasets/A-/cluster_1_3058.BMP,A-,SUBJECT_GROUP_0108,108,108__M_Left_little_finger.BMP,f248b852006cc4c0b777111bf598e8f7b07a5a3a176c43639910ff29e1d638a5,validation
data/datasets/A-/cluster_1_3059.BMP,A-,SUBJECT_GROUP_0170,170,170__M_Right_middle_finger.BMP,c6618312a37daf8e547a8325820dddf402ea5a00dff08917765d230166dfeaf9,validation
data/datasets/A-/cluster_1_3060.BMP,A-,SUBJECT_GROUP_0224,227,227__M_Left_little_finger.BMP,0eee40d2f900b19e6a1cb77ef0cbb81926aee30348720f331069f761bf348820,train
data/datasets/A-/cluster_1_3062.BMP,A-,SUBJECT_GROUP_0077,77,77__M_Right_ring_finger.BMP,5606e823001c510cc3bc1476d67844e2b3e2ea263a808d6bf879df7329317419,validation
data/datasets/A-/cluster_1_3066.BMP,A-,SUBJECT_GROUP_0505,513,513__M_Right_little_finger.BMP,61fa69abfad7598825fc19d933935ee69fb63d6f3fc3c07a7de19f75ae72c932,train
data/datasets/A-/cluster_1_3069.BMP,A-,SUBJECT_GROUP_0567,578,578__M_Right_middle_finger.BMP,d9fef5db1124ed82f2ba3175d6997ac0e4422341050ce139b57e0200e3d70fb7,validation
data/datasets/A-/cluster_1_307.BMP,A-,SUBJECT_GROUP_0456,463,463__F_Right_ring_finger.BMP,2da5eb517b0c66d3eec5149fd6ddbd81500771471ce5655fb610b9dc92d5a534,test
data/datasets/A-/cluster_1_3073.BMP,A-,SUBJECT_GROUP_0387,393,393__M_Left_ring_finger.BMP,148a2dfb987c866b14ebdfc627931aa82be26dabf2f6cc619c6beef4108c083c,train
data/datasets/A-/cluster_1_3075.BMP,A-,SUBJECT_GROUP_0507,515,515__M_Right_thumb_finger.BMP,7534ef5ff4046695b0d1afeb84f827450bee3cdb7d902bc430f5d448e396714b,train
data/datasets/A-/cluster_1_308.BMP,A-,SUBJECT_GROUP_0130,130,130__F_Left_ring_finger.BMP,2b319f06332d9ebfe83dfd4df36abe7e684e689181dca61926dc4fa58da4c7fd,train
data/datasets/A-/cluster_1_3083.BMP,A-,SUBJECT_GROUP_0057,57,57__M_Right_little_finger.BMP,831d895ad390a53fe43a44789cce454b00aa538a451a947a16e9f99d0377440c,train
data/datasets/A-/cluster_1_3087.BMP,A-,SUBJECT_GROUP_0356,361,361__M_Right_middle_finger.BMP,eea3a35bc27c73e31e02c005a59aa0482ec05a6d87a7e8df2b63f27abfd10a57,train
data/datasets/A-/cluster_1_3088.BMP,A-,SUBJECT_GROUP_0239,242,242__M_Right_little_finger.BMP,dadd5b5c33578a21bdcebb94c5f0622336766002d16392428ef95b5531f47166,test
data/datasets/A-/cluster_1_3094.BMP,A-,SUBJECT_GROUP_0064,260,260__M_Right_thumb_finger.BMP,63a031ef9313ebfe8bd15d39d054261c381afb0beac087925d959326eac6b8e6,validation
data/datasets/A-/cluster_1_3095.BMP,A-,SUBJECT_GROUP_0024,24,24__F_Right_index_finger.BMP,35f99669c420a073a35768a731e8f1494c2be7c34420d9c0d015c3d1a2b777d7,test
data/datasets/A-/cluster_1_310.BMP,A-,SUBJECT_GROUP_0282,287,287__M_Left_little_finger.BMP,8c99a715a54ef1820a614fb9dbda5b3a54b108b3d0f04d291399ccf59d23113f,train
data/datasets/A-/cluster_1_3105.BMP,A-,SUBJECT_GROUP_0364,369,369__F_Right_index_finger.BMP,b2c59c7732fd1171521fc40f6b3ca270929f7dad8600ffb716981892a8d441b5,validation
data/datasets/A-/cluster_1_3110.BMP,A-,SUBJECT_GROUP_0498,505,505__M_Right_ring_finger.BMP,06b078a7bdf648b30cf6574da56ce5376d326e7957caf71eee41c983fb92ff3f,train
data/datasets/A-/cluster_1_3116.BMP,A-,SUBJECT_GROUP_0064,249,249__M_Right_ring_finger.BMP,02f24724403b8102459b27c5c306e83ef7c6f4c730d8be49052f67f9997d8fca,validation
data/datasets/A-/cluster_1_3131.BMP,A-,SUBJECT_GROUP_0331,336,336__M_Right_little_finger.BMP,e441c001bcc9c72f440ab8d77f3cd1274a129e86b8abd1e476a65f6e77fd24fa,train
data/datasets/A-/cluster_1_3141.BMP,A-,SUBJECT_GROUP_0562,572,572__F_Right_thumb_finger.BMP,c7f8cb459a52577a46170d0bdc8a15332859f5876b18896b2ae0454b54af4394,validation
data/datasets/A-/cluster_1_3144.BMP,A-,SUBJECT_GROUP_0415,422,422__M_Right_middle_finger.BMP,cf32c9c10d03d02fc53405ea8037fa42606cc48a335b1d0c54e85b1243279b26,train
data/datasets/A-/cluster_1_3148.BMP,A-,SUBJECT_GROUP_0461,468,468__F_Right_middle_finger.BMP,95f9fd5d9d6981fa7bc8aecf6a6a8ef1bd4cb7805d76672e73e6a53fd348129a,train
data/datasets/A-/cluster_1_3149.BMP,A-,SUBJECT_GROUP_0189,189,189__F_Right_index_finger.BMP,79e557403266ac72d70bada92c88a607f9acd08e6c355a60ef43d160e028e9b7,train
data/datasets/A-/cluster_1_3159.BMP,A-,SUBJECT_GROUP_0466,473,473__M_Right_thumb_finger.BMP,ea54ffdc4b4e15aa156b8be91bfb3dc7ee22b2124ef52f8b246afec95ac68774,train
data/datasets/A-/cluster_1_3160.BMP,A-,SUBJECT_GROUP_0412,419,419__F_Right_thumb_finger.BMP,83eacc7571d097e60e80766d2f04ead40f43c30c6cf491b503dcae6ab258e097,train
data/datasets/A-/cluster_1_3164.BMP,A-,SUBJECT_GROUP_0425,432,432__M_Left_thumb_finger.BMP,2676d0d8ebf934171ee49097f896ddd979e3663521d162bc7a57eb614ca3800a,train
data/datasets/A-/cluster_1_3165.BMP,A-,SUBJECT_GROUP_0109,109,109__F_Right_thumb_finger.BMP,2fb85d26868b2ff2da49d1484f36a34487a9eab5851dbcea5b0d8fd1fca2f67c,train
data/datasets/A-/cluster_1_3169.BMP,A-,SUBJECT_GROUP_0127,127,127__F_Right_thumb_finger.BMP,76f82724c7e68aeeb2624043836695a65a97a9b1c490512a59026b55f5d5ad2c,validation
data/datasets/A-/cluster_1_3172.BMP,A-,SUBJECT_GROUP_0283,288,288__M_Right_index_finger.BMP,84b602eea76e0e671addda22f6ffd7d9bdd0c4b27784a6f012f054fbd707a67a,train
data/datasets/A-/cluster_1_3194.BMP,A-,SUBJECT_GROUP_0456,463,463__F_Right_middle_finger.BMP,1852173998d1958e6902ff4e5716af7d94ad952b4995cc96056ebb4d8e674f71,test
data/datasets/A-/cluster_1_3205.BMP,A-,SUBJECT_GROUP_0219,222,222__M_Right_index_finger.BMP,78ccc835632c64ba14a893b63d50597c7457a53e326a9718d5f4add83323e5b9,train
data/datasets/A-/cluster_1_3212.BMP,A-,SUBJECT_GROUP_0235,238,238__M_Right_index_finger.BMP,e2100a0a072903663e0d34a62cf5867c40c56a9e3515df38001d8cf3f7c26247,train
data/datasets/A-/cluster_1_3213.BMP,A-,SUBJECT_GROUP_0036,36,36__M_Right_index_finger.BMP,1b03214e3bf796a27849f47dbb0c844cbdb99b89234ea4dd4f9e302728aec96e,train
data/datasets/A-/cluster_1_3226.BMP,A-,SUBJECT_GROUP_0450,457,457__M_Right_middle_finger.BMP,1a4d335d02678a6e64382105517d74d8da2ef19b0fe8a3831068255d252c3904,validation
data/datasets/A-/cluster_1_3227.BMP,A-,SUBJECT_GROUP_0228,231,231__M_Right_middle_finger.BMP,dd8e78252c64f50a3ea13c779bd259d8c369bb8a43005324c19e9a1c4751cb66,train
data/datasets/A-/cluster_1_3230.BMP,A-,SUBJECT_GROUP_0347,352,352__M_Left_middle_finger.BMP,4442ea2cec46e4b9e25f7037e89dad6fd87242c952d48948a0a1f62347238332,train
data/datasets/A-/cluster_1_324.BMP,A-,SUBJECT_GROUP_0516,524,524__M_Right_middle_finger.BMP,1825943cda36515fcee80d3d152fe89564b1a9c21d97bc57e8ba2ffc8f918c3e,test
data/datasets/A-/cluster_1_3242.BMP,A-,SUBJECT_GROUP_0245,248,248__M_Left_middle_finger.BMP,a62cb184dceefb10a3a756494da0d30770170d19602292e1e0e26d5149fe6606,train
data/datasets/A-/cluster_1_3260.BMP,A-,SUBJECT_GROUP_0227,230,230__M_Left_index_finger.BMP,f3eebc69fbe66069a3b6c9c62936b2233da62d46949c89ca55b0e09abc7e733d,validation
data/datasets/A-/cluster_1_327.BMP,A-,SUBJECT_GROUP_0144,144,144__M_Right_index_finger.BMP,ef609fa7537ab51d40fbef3e1a8cc13953acd8af4397de114a5c6dc5ed8d3c72,test
data/datasets/A-/cluster_1_3272.BMP,A-,SUBJECT_GROUP_0455,462,462__M_Left_index_finger.BMP,9a57167713387bc1cdd7ebe93379b3e4018d0658a8263299abeffa25eeabd86b,train
data/datasets/A-/cluster_1_3278.BMP,A-,SUBJECT_GROUP_0585,598,598__M_Right_middle_finger.BMP,cab21b4976bba1e38a40f8a6d0e9b9f22dce3fa4349056b45d41b853d17dfda3,train
data/datasets/A-/cluster_1_3286.BMP,A-,SUBJECT_GROUP_0252,256,256__M_Left_ring_finger.BMP,928f2f7e5e02907f6ffc521f5ad5f1d6e8252a4e4aaab485df28d834672a8296,test
data/datasets/A-/cluster_1_3290.BMP,A-,SUBJECT_GROUP_0450,457,457__M_Right_thumb_finger.BMP,72437941c3a709a830ee2a54303aec4e440898bc94c38c99d060ecd7b1c50325,validation
data/datasets/A-/cluster_1_3301.BMP,A-,SUBJECT_GROUP_0064,249,249__M_Right_index_finger.BMP,32c0c7eea4a6675450d4f2e11468cb410578a5a433f937e8951bd8709f6b58f0,validation
data/datasets/A-/cluster_1_331.BMP,A-,SUBJECT_GROUP_0069,69,69__M_Right_thumb_finger.BMP,f6a5436af9d91c29887a71bdee4da0fbaefae4977c163ed28bb35781d41d6963,train
data/datasets/A-/cluster_1_3311.BMP,A-,SUBJECT_GROUP_0262,267,267__M_Right_ring_finger.BMP,4fc5e33fe2ee9715f20804c52e621b6db6b292b24c33bc13421fef519ec7fbc8,test
data/datasets/A-/cluster_1_3314.BMP,A-,SUBJECT_GROUP_0555,565,565__M_Right_index_finger.BMP,50165c8c7878b5141f381892a0bba62bc9c565f3e8641b64854c5528a3b7140c,train
data/datasets/A-/cluster_1_3316.BMP,A-,SUBJECT_GROUP_0167,167,167__M_Right_ring_finger.BMP,4f5e7080c9eef7a173058a89db9b3f255242174c29b347af214388a8a5668c03,train
data/datasets/A-/cluster_1_3317.BMP,A-,SUBJECT_GROUP_0222,225,225__M_Right_index_finger.BMP,c387ee1760c9239d8899f37e75b39353e9c2369e7cffc24e0af30613e4977d79,validation
data/datasets/A-/cluster_1_3319.BMP,A-,SUBJECT_GROUP_0289,294,294__M_Right_index_finger.BMP,9d88e8d49cbfcb5f3cc12acbe04e7274c5072ee5313f6d74fb62c22008ddc259,train
data/datasets/A-/cluster_1_3326.BMP,A-,SUBJECT_GROUP_0219,222,222__M_Left_middle_finger.BMP,9aa7ab3bd45fe169c8cd511afac878356839d31b33a39962c4a776d8d9bee51d,train
data/datasets/A-/cluster_1_3329.BMP,A-,SUBJECT_GROUP_0385,391,391__M_Left_middle_finger.BMP,907b0edae747821e46d12c6820bbafae4e22d11e0d7fca791a3cf6f79359a976,train
data/datasets/A-/cluster_1_3350.BMP,A-,SUBJECT_GROUP_0552,562,562__F_Right_middle_finger.BMP,84aa62ed3edb249f0faa5c54bfe1bec25dcab53921c902e0aee9874547ea7431,train
data/datasets/A-/cluster_1_3353.BMP,A-,SUBJECT_GROUP_0058,58,58__M_Left_index_finger.BMP,b00e11ca7562b2be90f02d3dac5b8d372b5065aa03145baaf57a2629ae3ae3d4,validation
data/datasets/A-/cluster_1_3356.BMP,A-,SUBJECT_GROUP_0260,265,265__M_Right_index_finger.BMP,19a0b1bb4ddf562dce18e45e206aa13b1fa09498268b5f72d65338657c54d919,test
data/datasets/A-/cluster_1_3372.BMP,A-,SUBJECT_GROUP_0566,576,576__M_Left_middle_finger.BMP,1f19f1773f8a1c89f4da0bfc9191a998be6507f34f4a3ce6f09bcfb7a9509944,train
data/datasets/A-/cluster_1_3381.BMP,A-,SUBJECT_GROUP_0001,1,1__M_Right_middle_finger.BMP,bd07a68591725640e4237331ac76f386eab875ca77aa48a2bd19ffcf3956317f,train
data/datasets/A-/cluster_1_3394.BMP,A-,SUBJECT_GROUP_0230,233,233__M_Left_middle_finger.BMP,243dc9de490030f8b0bfff66f9b5aad479229c3cb3cdadfe56b27fa9d8b01da7,test
data/datasets/A-/cluster_1_3404.BMP,A-,SUBJECT_GROUP_0231,234,234__M_Left_little_finger.BMP,2a5f7cce4851b636606cce81a9fb3660c6776c986275bad440952f7944c6aedc,train
data/datasets/A-/cluster_1_3409.BMP,A-,SUBJECT_GROUP_0566,576,576__M_Right_index_finger.BMP,7b69a18002e73a40e3e8931cd10fa97f7b4110b22cce0bb420e879deacf5616e,train
data/datasets/A-/cluster_1_3414.BMP,A-,SUBJECT_GROUP_0501,508,508__F_Right_ring_finger.BMP,c122b1abfc10c998a64029cc5febdebd63829c6dc6495854e56cf1bc76e9cd2a,train
data/datasets/A-/cluster_1_3416.BMP,A-,SUBJECT_GROUP_0555,565,565__M_Left_index_finger.BMP,df7f6c43fa9ca863e8dfbdf25774b29644f8d311f3cd6c7f8e5d0a12b6935d63,train
data/datasets/A-/cluster_1_3421.BMP,A-,SUBJECT_GROUP_0286,291,291__M_Right_thumb_finger.BMP,446fb50a88a401d302a2138deedcf6f3ae25cb07409975f6325f0c3f81a5e893,train
data/datasets/A-/cluster_1_3423.BMP,A-,SUBJECT_GROUP_0027,27,27__M_Right_thumb_finger.BMP,5f16dd60315d31a6d014cc9c7d4ae4771749fa3d0ea615354e6e38f05c193fb4,train
data/datasets/A-/cluster_1_3424.BMP,A-,SUBJECT_GROUP_0162,162,162__M_Left_middle_finger.BMP,15bed8b850ac0ad0973b3577766a4f2929fff1cc014865a2c62cefe772354d52,train
data/datasets/A-/cluster_1_3435.BMP,A-,SUBJECT_GROUP_0090,90,90__M_Left_thumb_finger.BMP,88cd3687c4d1e53372bfa657699a0b5579cd58c4a7a6b3aa4ff9b89cda8eeed0,train
data/datasets/A-/cluster_1_3438.BMP,A-,SUBJECT_GROUP_0195,195,195__M_Left_ring_finger.BMP,e9fe020fe2d03b85f41d82c407407e40b3abef5a52118b34a29bd38a4799b0e9,train
data/datasets/A-/cluster_1_3444.BMP,A-,SUBJECT_GROUP_0029,29,29__F_Right_little_finger.BMP,3a1b3e9c4da9aec1d782bbb798ae58fc6b83c4962243869d90e3066a97870808,train
data/datasets/A-/cluster_1_3451.BMP,A-,SUBJECT_GROUP_0584,597,597__M_Right_index_finger.BMP,63127dc48df7995f09c0795e78c28fa7c9e9f5ac001678cb43668282680b3fc8,train
data/datasets/A-/cluster_1_3453.BMP,A-,SUBJECT_GROUP_0262,267,267__M_Right_middle_finger.BMP,3ccf5422cf1925a8c892a7ffc5cfcae00ec8d2b5f346af216a9c0c248016f6ae,test
data/datasets/A-/cluster_1_3457.BMP,A-,SUBJECT_GROUP_0522,530,530__M_Right_index_finger.BMP,963828712e3c26aa0902f8808738c4ee9fb9e8361a84b760cfc280999509785e,test
data/datasets/A-/cluster_1_3467.BMP,A-,SUBJECT_GROUP_0504,512,512__M_Right_little_finger.BMP,83c68dde63902b8464d155c120530c71ee05d5d012aae969e16e76104c7375ca,train
data/datasets/A-/cluster_1_3471.BMP,A-,SUBJECT_GROUP_0355,360,360__M_Left_ring_finger.BMP,0abcc478278ce40b5ab7f670fb7ddffc47ab34f1aeaea76c453b41c619427169,test
data/datasets/A-/cluster_1_3473.BMP,A-,SUBJECT_GROUP_0231,234,234__M_Right_index_finger.BMP,ec22dc09de2a3bb4d4b535308c9a3b6e72cdc3ab28e035a5fb64743406da633d,train
data/datasets/A-/cluster_1_3474.BMP,A-,SUBJECT_GROUP_0415,422,422__M_Right_thumb_finger.BMP,49df7e8a6909e3966cf80525061944488cec23e97ba18fbe623fbb696c9f50c3,train
data/datasets/A-/cluster_1_3477.BMP,A-,SUBJECT_GROUP_0576,588,588__M_Right_middle_finger.BMP,cd0508c5fa56915a76b225646798c70686902720b91bc592f726592e0dc07368,train
data/datasets/A-/cluster_1_3478.BMP,A-,SUBJECT_GROUP_0586,599,599__M_Right_thumb_finger.BMP,c20e47d00b19bb9211a579b0b514370b84ce4069edaf5122395c6d2044e2b056,validation
data/datasets/A-/cluster_1_3483.BMP,A-,SUBJECT_GROUP_0353,358,358__M_Left_index_finger.BMP,58f6ede8a8ba384c2c77baa732b42be058dc25b16b0271f05fdb60a4b8ffd498,train
data/datasets/A-/cluster_1_3499.BMP,A-,SUBJECT_GROUP_0105,105,105__M_Left_thumb_finger.BMP,ffa8f3664a2071a5b2bb1bbc25f138710a2d4b26103e7a8f8cd462ac9e3241bc,train
data/datasets/A-/cluster_1_3501.BMP,A-,SUBJECT_GROUP_0277,282,282__M_Left_little_finger.BMP,3b4a4ee37ab78d7fa575b0452fc5c9d3529dea124dbc4b7525df45e46b30894a,train
data/datasets/A-/cluster_1_3502.BMP,A-,SUBJECT_GROUP_0188,188,188__M_Right_middle_finger.BMP,5502fb8db393a2862c728af5f97ca3319378a1f53beae512087ea8c842ea1e02,train
data/datasets/A-/cluster_1_3506.BMP,A-,SUBJECT_GROUP_0548,558,558__M_Right_index_finger.BMP,f67c35cdc1d8fee3113cb2fd7dd0f870468942a00bf1a1de8df09d3999f90653,train
data/datasets/A-/cluster_1_3518.BMP,A-,SUBJECT_GROUP_0173,173,173__F_Right_thumb_finger.BMP,cfb1b260e9828e7f87bc1448f78f32d2b690deaea2f9bed80af01053dbf18254,train
data/datasets/A-/cluster_1_3529.BMP,A-,SUBJECT_GROUP_0446,453,453__F_Right_thumb_finger.BMP,39c820391242106242a512e3359cd353eaa111f816459e8f255b4b62b8772cc4,train
data/datasets/A-/cluster_1_3530.BMP,A-,SUBJECT_GROUP_0482,489,489__M_Right_thumb_finger.BMP,e161a3a0d0d89013f8b3605f594d0c4c70c6adf325c66144d76faf8b71289944,train
data/datasets/A-/cluster_1_3535.BMP,A-,SUBJECT_GROUP_0011,11,11__M_Right_ring_finger.BMP,29dbb1bf490802ec6937e063104dbf6921f2ddb0da8bcb5ba8b126b1d524c1ce,train
data/datasets/A-/cluster_1_3547.BMP,A-,SUBJECT_GROUP_0013,13,13__F_Right_index_finger.BMP,9352052322910dc346d2c51fa026b285980ea2485d8ce435e12d6251671366a2,train
data/datasets/A-/cluster_1_3551.BMP,A-,SUBJECT_GROUP_0224,227,227__M_Left_middle_finger.BMP,9974250360c127b42623dabd8c2d52eb1c2378d91a274c62194224eb80c94c9f,train
data/datasets/A-/cluster_1_3553.BMP,A-,SUBJECT_GROUP_0172,172,172__M_Left_ring_finger.BMP,242a346b194d9c0cd2f29595088d80f056400ae0025fcc382946a6a6b51c782f,train
data/datasets/A-/cluster_1_3559.BMP,A-,SUBJECT_GROUP_0373,379,379__F_Right_thumb_finger.BMP,bc9174293c91ff0f0be8481c0f2697c7c7efcd4b5f6900bc977dff54a5fe455e,train
data/datasets/A-/cluster_1_356.BMP,A-,SUBJECT_GROUP_0132,132,132__M_Left_ring_finger.BMP,f061c996150e995ed79244b3e98390331abcd80989862dcd0a2d7417052b6da5,test
data/datasets/A-/cluster_1_3561.BMP,A-,SUBJECT_GROUP_0474,481,481__F_Right_thumb_finger.BMP,4a14dd52cb98d603deab1655de4d92a7c76fb711ab435f2ad6798818602c63e6,test
data/datasets/A-/cluster_1_3572.BMP,A-,SUBJECT_GROUP_0327,332,332__M_Right_middle_finger.BMP,93ac0267e10c0db3a77b22a663599d5b2916135a3d1cda4488a3ee45903a298d,train
data/datasets/A-/cluster_1_3582.BMP,A-,SUBJECT_GROUP_0149,149,149__F_Left_ring_finger.BMP,f8455af1a75a9779b49bc8bd36beaccbd2bbc31f2abad698fb65e61280975b77,train
data/datasets/A-/cluster_1_3585.BMP,A-,SUBJECT_GROUP_0417,424,424__M_Right_ring_finger.BMP,f1fcc166108ce934d40861575856c0f37038869daf971497fb3be59c1d6b40ab,validation
data/datasets/A-/cluster_1_3586.BMP,A-,SUBJECT_GROUP_0503,510,510__M_Left_middle_finger.BMP,bc80d5ec959d6efab4238e0112d39b2c31b1eba539383e33968737350b498005,train
data/datasets/A-/cluster_1_3587.BMP,A-,SUBJECT_GROUP_0505,513,513__M_Right_middle_finger.BMP,299a96a7a0be195ecf8a4c9cf4a38ce17faa25b48eda3da043d34ec4752c9fee,train
data/datasets/A-/cluster_1_3615.BMP,A-,SUBJECT_GROUP_0491,498,498__M_Right_thumb_finger.BMP,6507e026410a01f64d62278dc60ad24f71fe3ac103f09f71823621f7186b943a,train
data/datasets/A-/cluster_1_3619.BMP,A-,SUBJECT_GROUP_0473,480,480__M_Right_index_finger.BMP,4e9aa21ffe6b40a9f2b5d836e437e2efbf99adb71ccbdae3792281a56d834915,validation
data/datasets/A-/cluster_1_3625.BMP,A-,SUBJECT_GROUP_0509,517,517__M_Left_ring_finger.BMP,a3c1605b8bc6a8d74ca8835684abf4de96d49f48dce5a38d625db57a73e724f1,train
data/datasets/A-/cluster_1_3633.BMP,A-,SUBJECT_GROUP_0581,594,594__M_Right_middle_finger.BMP,59f779dfbc55bb62d20fbb5eb6393ed46d0db536ba3d2738e32b2c97b5f94797,test
data/datasets/A-/cluster_1_364.BMP,A-,SUBJECT_GROUP_0014,14,14__M_Right_thumb_finger.BMP,dc56fc0869d35fbf82574c0e0508c2166ced1c29b8bdedf7b0b0e31775be3a65,train
data/datasets/A-/cluster_1_3643.BMP,A-,SUBJECT_GROUP_0182,182,182__M_Right_index_finger.BMP,016bf5e6baba5dfdd1df895a13ec177ccb8bcd297c7f96b716d2f9df4cff9577,train
data/datasets/A-/cluster_1_3648.BMP,A-,SUBJECT_GROUP_0104,104,104__M_Right_little_finger.BMP,c1c5051cb02056352b60428ad09dedcc6f14027a0436f9432fe340834a615b78,validation
data/datasets/A-/cluster_1_3656.BMP,A-,SUBJECT_GROUP_0028,28,28__M_Right_middle_finger.BMP,97448b1ca4e9308cd4e58978ae3595c2960188b5108ec40ea1eec1b35a992b31,train
data/datasets/A-/cluster_1_3660.BMP,A-,SUBJECT_GROUP_0077,77,77__M_Right_middle_finger.BMP,0e16dbcb5980498b0df81ac4b5795d87a3f3e45c1e6eb7e6374c3eb4442ebe87,validation
data/datasets/A-/cluster_1_3661.BMP,A-,SUBJECT_GROUP_0348,353,353__M_Right_ring_finger.BMP,d6f8a80a387a2ad7b33a7424fca7382497aa2a4836822a7a35927eb7bbbdb20e,train
data/datasets/A-/cluster_1_3663.BMP,A-,SUBJECT_GROUP_0101,101,101__M_Left_little_finger.BMP,b7b693febca14b6ab67078c84bdc6336263de5cdbf48de1d6af6105a5e329a13,train
data/datasets/A-/cluster_1_3674.BMP,A-,SUBJECT_GROUP_0380,386,386__M_Left_ring_finger.BMP,2bf4b60ec1fec2f966afb18defcb42069144ec7bc772510ec554746183b172c8,train
data/datasets/A-/cluster_1_3675.BMP,A-,SUBJECT_GROUP_0105,105,105__M_Left_middle_finger.BMP,093a06d23bb7242137e6b5dd3cd4e40fcf797d1474e186d25dcc440f2ba61b97,train
data/datasets/A-/cluster_1_3679.BMP,A-,SUBJECT_GROUP_0508,516,516__M_Right_index_finger.BMP,75313b4d25ee7b92a8ecf50c4ee0cd44d50064742de4393818ee36783bb8b295,train
data/datasets/A-/cluster_1_3685.BMP,A-,SUBJECT_GROUP_0068,68,68__M_Right_index_finger.BMP,9713432af847a7a3441c93cf448c2927a585c3ce7d06b200d23424903ad170e0,test
data/datasets/A-/cluster_1_3687.BMP,A-,SUBJECT_GROUP_0048,48,48__F_Right_thumb_finger.BMP,9bb25d6f2105d5a9b26eab811e705d05641e79960d77ec561f3c2300d0e07f94,test
data/datasets/A-/cluster_1_369.BMP,A-,SUBJECT_GROUP_0498,505,505__M_Left_little_finger.BMP,1b18351e91a4f4f699fd0abfc9f40636dad645590ebaf63779fe2a31f21225b3,train
data/datasets/A-/cluster_1_3690.BMP,A-,SUBJECT_GROUP_0351,356,356__M_Right_middle_finger.BMP,33d5f24c215d78c037abde0942a7e211e78f060d0c7c211890ce705f3297c17e,train
data/datasets/A-/cluster_1_3698.BMP,A-,SUBJECT_GROUP_0515,523,523__F_Right_middle_finger.BMP,ce1407efb951b865353f20beefae8a4b319aba8d8e4c2df066784a595eb0e200,train
data/datasets/A-/cluster_1_3702.BMP,A-,SUBJECT_GROUP_0155,155,155__M_Left_middle_finger.BMP,f622ac2c4253447a71fed8c3b89c559790b445f3680a1e45d3c41c9634faa267,train
data/datasets/A-/cluster_1_3704.BMP,A-,SUBJECT_GROUP_0048,48,48__F_Right_middle_finger.BMP,a4b94bd289235d5351fd30bf04e0a4a9a70e855aeb3c8a51b7b8f20e0221b607,test
data/datasets/A-/cluster_1_3712.BMP,A-,SUBJECT_GROUP_0514,522,522__M_Right_thumb_finger.BMP,0d16cce62eec4cd7c8b435cad5f7d39b564a672cb1d925e8ebc1916d54cac2f8,train
data/datasets/A-/cluster_1_3715.BMP,A-,SUBJECT_GROUP_0130,130,130__F_Right_index_finger.BMP,7d968fba614324af52274ea7db4bcf7e64bac091aca791997c277a5af7d9f5ca,train
data/datasets/A-/cluster_1_3723.BMP,A-,SUBJECT_GROUP_0358,363,363__M_Left_index_finger.BMP,82f3f2cfc103217e6421b503a1511e45b4f8111c053a07c4e82639ebc2c081df,test
data/datasets/A-/cluster_1_3728.BMP,A-,SUBJECT_GROUP_0484,491,491__M_Right_index_finger.BMP,178af8a90d884693bcf76ede585595852ec272a9ceb564ad461f9964e068dd74,train
data/datasets/A-/cluster_1_3729.BMP,A-,SUBJECT_GROUP_0418,425,425__M_Right_little_finger.BMP,6ac079c5e8cf7e4f12c9916eb67ff03588c80d6e348624d6de0237d5bf730963,train
data/datasets/A-/cluster_1_3731.BMP,A-,SUBJECT_GROUP_0015,15,15__F_Right_thumb_finger.BMP,7c24cee830ff8e5e13306183c0ea4f873b2630d519db0983b106f398594b2cd5,train
data/datasets/A-/cluster_1_374.BMP,A-,SUBJECT_GROUP_0303,308,308__M_Right_thumb_finger.BMP,3638502c2220d95dd77c3c9b093b396bf5b59e34aaafadbf4be867c84b26bf1f,train
data/datasets/A-/cluster_1_3746.BMP,A-,SUBJECT_GROUP_0304,309,309__M_Right_index_finger.BMP,c8e1245dad50ed6b2540ea85af2ad54594cb867452ae84e01c6f10d15a8b4bd3,validation
data/datasets/A-/cluster_1_3749.BMP,A-,SUBJECT_GROUP_0040,40,40__F_Left_index_finger.BMP,2efba066116d816840c70e8d57137f77991a5d68615cce05059f5dba1d19d3e4,train
data/datasets/A-/cluster_1_3752.BMP,A-,SUBJECT_GROUP_0461,468,468__F_Right_index_finger.BMP,372ffee5b626f87bd80ad60b55a07103e7595c139af1d2cce519b470070f6a94,train
data/datasets/A-/cluster_1_3764.BMP,A-,SUBJECT_GROUP_0469,476,476__M_Left_ring_finger.BMP,b63fc697c8ecf4a8753bce62aebcee2a4689c00d32fb325ffe05748bb2fb38cf,validation
data/datasets/A-/cluster_1_3767.BMP,A-,SUBJECT_GROUP_0181,181,181__M_Right_middle_finger.BMP,aba84a2c04f895c592ff2c6e94cd1ded7604635bbff0f6d26158d121e6a5d1f3,train
data/datasets/A-/cluster_1_3772.BMP,A-,SUBJECT_GROUP_0055,55,55__M_Right_ring_finger.BMP,a3e3ae0b0e06177556e9a58db24477ccacd91fdde841226d65a066793b5dc95c,train
data/datasets/A-/cluster_1_3778.BMP,A-,SUBJECT_GROUP_0572,583,583__M_Right_index_finger.BMP,feb4a40080117973e92399ca2dee044724d90cc02e180bb5056c0dc3960320b0,test
data/datasets/A-/cluster_1_3780.BMP,A-,SUBJECT_GROUP_0299,304,304__M_Left_index_finger.BMP,b4741b0a705a088ab5308a28bcf6f2a344c1fd96c382fb2b1fd0c722b0c7c85a,train
data/datasets/A-/cluster_1_3786.BMP,A-,SUBJECT_GROUP_0277,282,282__M_Right_middle_finger.BMP,b32f8f04e0574e536a3cc35c68702a7e0e983c1b4df490384ce289e35ba0bfeb,train
data/datasets/A-/cluster_1_3793.BMP,A-,SUBJECT_GROUP_0330,335,335__M_Right_thumb_finger.BMP,789aeea2ce09959419808ea6b464157fe166e224c1c199dd15ed737166c0b067,train
data/datasets/A-/cluster_1_3802.BMP,A-,SUBJECT_GROUP_0083,83,83__M_Left_thumb_finger.BMP,3eebcab82ddbffca91d372369909f8f1386ad4c3ad2218370780045ebf397391,train
data/datasets/A-/cluster_1_3805.BMP,A-,SUBJECT_GROUP_0082,82,82__M_Left_thumb_finger.BMP,0e1c6d013e3e8196bd33735df7c945ed8c0373951480b618d8d3e0486eae11f6,validation
data/datasets/A-/cluster_1_3806.BMP,A-,SUBJECT_GROUP_0275,280,280__M_Right_little_finger.BMP,ccc1e2ce0d3119aa56633ff153c8c704b25b9e978cfc0c9e65528ae5e1805527,train
data/datasets/A-/cluster_1_3816.BMP,A-,SUBJECT_GROUP_0525,533,533__M_Left_little_finger.BMP,8d92dfadf61ae01d002c060c5d774fb12595d786901a10a11446b89808664e13,train
data/datasets/A-/cluster_1_3825.BMP,A-,SUBJECT_GROUP_0520,528,528__F_Right_ring_finger.BMP,fdb3964c7b07bd1ae2e379f998a5d1af477a630c792b581aac46bf237779d12b,train
data/datasets/A-/cluster_1_3828.BMP,A-,SUBJECT_GROUP_0158,158,158__M_Left_thumb_finger.BMP,ac075c977e878a24e7996816bb1fc5f4039572f3d280491017168822044be384,train
data/datasets/A-/cluster_1_3829.BMP,A-,SUBJECT_GROUP_0265,270,270__M_Left_ring_finger.BMP,9ccd3a8bc2b2cede2575f39624825d25b3056b536f19fb03b8e6cdd9e0ca2ddb,train
data/datasets/A-/cluster_1_383.BMP,A-,SUBJECT_GROUP_0028,28,28__M_Right_index_finger.BMP,01a7707c334e0cf42d28db0cc6acdfd191a65dd4a0e7dc246e79df118ec0e893,train
data/datasets/A-/cluster_1_3832.BMP,A-,SUBJECT_GROUP_0176,176,176__M_Right_index_finger.BMP,212d135d519dc4b3e4af91cb0e593c0ed9c60c2491139db39a64af046e825302,test
data/datasets/A-/cluster_1_3833.BMP,A-,SUBJECT_GROUP_0318,323,323__M_Right_thumb_finger.BMP,acb07e456506bb75b3c37e5e8664d8a826d0f536825716e7d291af133ee84a49,train
data/datasets/A-/cluster_1_3841.BMP,A-,SUBJECT_GROUP_0337,342,342__M_Right_middle_finger.BMP,8e7585cbac52d62e75c78560aa05a1e0257fa572daa8155f8d3c6228f30792db,validation
data/datasets/A-/cluster_1_3846.BMP,A-,SUBJECT_GROUP_0562,572,572__F_Right_index_finger.BMP,9a239d01cc2ad44ed753ebf98051b036b1047e9805d181e7c060cb984ac72057,validation
data/datasets/A-/cluster_1_3849.BMP,A-,SUBJECT_GROUP_0055,55,55__M_Left_little_finger.BMP,c4d13357c749ed9e0a2f0eef713dfabe9adc89c5ea08d04fe2b1b51809746961,train
data/datasets/A-/cluster_1_3850.BMP,A-,SUBJECT_GROUP_0250,254,254__M_Right_thumb_finger.BMP,0782bbe56afbeff29bf323f548281657b4a74cc3e03a70f69d7267e1e0895fa8,validation
data/datasets/A-/cluster_1_3851.BMP,A-,SUBJECT_GROUP_0244,247,247__M_Right_thumb_finger.BMP,5ce20843fa0061b8863c19e2a77b341ae525386d9238cabb27de8e932d76218c,train
data/datasets/A-/cluster_1_3856.BMP,A-,SUBJECT_GROUP_0039,39,39__M_Right_ring_finger.BMP,10872652a6be09021ae899271ae04b56e86fc3f7bd3e252c93b6ce3e9b58f945,train
data/datasets/A-/cluster_1_3858.BMP,A-,SUBJECT_GROUP_0250,254,254__M_Left_ring_finger.BMP,e0f753358288e7871bb31f43c372b77ceed56fd056e5ffe5423b01ac6e661b33,validation
data/datasets/A-/cluster_1_3862.BMP,A-,SUBJECT_GROUP_0109,109,109__F_Left_thumb_finger.BMP,8ac9ffc3a1a25e6ecd1c91845c06d7623c01ca5b8c3e093ca47a3ef6010eb3c0,train
data/datasets/A-/cluster_1_3877.BMP,A-,SUBJECT_GROUP_0355,360,360__M_Right_middle_finger.BMP,27b4b2a8ce405df74fc3ba94d985f5d21dcb75f76eca257040ee06292c2e903a,test
data/datasets/A-/cluster_1_389.BMP,A-,SUBJECT_GROUP_0346,351,351__M_Right_ring_finger.BMP,c5d636ebd6b2ea068920ebdbe353f3002ff0dbb86f09ba4105ac548b8b81c40e,train
data/datasets/A-/cluster_1_3915.BMP,A-,SUBJECT_GROUP_0100,100,100__M_Right_index_finger.BMP,ae74b7068280a0a739789b129e2f2a41bff3180229e6ed279612b2027c3ef3ba,train
data/datasets/A-/cluster_1_3922.BMP,A-,SUBJECT_GROUP_0315,320,320__M_Left_ring_finger.BMP,c79aeac19328809656dbd09d9b81724c7e19443c640fed23543aa759a8dae26a,train
data/datasets/A-/cluster_1_3923.BMP,A-,SUBJECT_GROUP_0361,366,366__M_Right_thumb_finger.BMP,b057b9fc3b75fe1044a6b892f824181cafce1ce1988bf315efacdbc4c4b9ecb5,train
data/datasets/A-/cluster_1_3927.BMP,A-,SUBJECT_GROUP_0233,236,236__M_Right_little_finger.BMP,6717e0f679b616f844b3e9c958c0e3f5d4c91504f32607d1ceea8aec590549ae,train
data/datasets/A-/cluster_1_393.BMP,A-,SUBJECT_GROUP_0010,10,10__M_Right_middle_finger.BMP,60aeec7f6c74d99d09d5f54ef829260b46d62f3d70b4dc86c000fda77e8010a5,train
data/datasets/A-/cluster_1_3936.BMP,A-,SUBJECT_GROUP_0271,276,276__M_Right_middle_finger.BMP,a0dffa1eb32183f92f5b363ddc3b8f1f7444969697d9e15875db8a30ff053e6d,train
data/datasets/A-/cluster_1_3941.BMP,A-,SUBJECT_GROUP_0406,412,412__M_Left_index_finger.BMP,38801d8049edc13b43685ee9a5465125d0255ba657ff1970fc8c9dce15f93908,train
data/datasets/A-/cluster_1_3945.BMP,A-,SUBJECT_GROUP_0197,197,197__M_Right_middle_finger.BMP,4d3634a807610ae3c772fce0ff45c810629c0715dbb482c55b0e041c2917b6aa,train
data/datasets/A-/cluster_1_3952.BMP,A-,SUBJECT_GROUP_0161,161,161__F_Left_middle_finger.BMP,215ea9e1e8b24a24232a7ccc9515658af2679127037eb08d62384cef0e4072cf,train
data/datasets/A-/cluster_1_3959.BMP,A-,SUBJECT_GROUP_0181,181,181__M_Right_thumb_finger.BMP,ea2f6ba8b56849dd775630357b6f6bf613903d6b15eeda74224e1d90d6ddf72f,train
data/datasets/A-/cluster_1_3961.BMP,A-,SUBJECT_GROUP_0225,228,228__M_Right_little_finger.BMP,737ebf2fbcaeea477e78ff12fcefce462abc382c8dfcbfb66c082cd4d9c7efb6,train
data/datasets/A-/cluster_1_3964.BMP,A-,SUBJECT_GROUP_0512,520,520__M_Right_thumb_finger.BMP,e77c06778db9cab2b9f09adb0a51e361a2400500b2d39e3dc3bcfc68eb429080,train
data/datasets/A-/cluster_1_3970.BMP,A-,SUBJECT_GROUP_0049,49,49__M_Right_middle_finger.BMP,c71bf36e5fbafea1e323101fc00fe081f0c8fd8f07c4d9b65480fe4fa3e8b162,train
data/datasets/A-/cluster_1_3980.BMP,A-,SUBJECT_GROUP_0165,165,165__M_Left_ring_finger.BMP,cae1b60c55ec29f947cb781f9f48fa4540f37d7a3b0ee62af30e5cbb1c723ae3,train
data/datasets/A-/cluster_1_3983.BMP,A-,SUBJECT_GROUP_0358,363,363__M_Right_index_finger.BMP,5618ef8daa6e39927ac7790e8d1d2e64107012d2bfa73c8f0a8d1e3ef1128f81,test
data/datasets/A-/cluster_1_3990.BMP,A-,SUBJECT_GROUP_0231,234,234__M_Right_middle_finger.BMP,bec1fe492b0c7c7e3908ed4a7f2bcfa3c8f5fd8e7102614a3121ed05b186a249,train
data/datasets/A-/cluster_1_3992.BMP,A-,SUBJECT_GROUP_0057,57,57__M_Right_middle_finger.BMP,0eda7f446d23044e4b4f18dc8a6c74169d75ec176c0668b3613da261bef5e190,train
data/datasets/A-/cluster_1_40.BMP,A-,SUBJECT_GROUP_0271,276,276__M_Left_thumb_finger.BMP,036ec10ba6292c2ddb1652c0e3f2e04695729286866f2b66e829e3ad7c4b46c1,train
data/datasets/A-/cluster_1_4000.BMP,A-,SUBJECT_GROUP_0257,262,262__M_Right_index_finger.BMP,5ed4b0342d1751e50b132b6915af8814976a25ab51c786779e9cb821b272018a,train
data/datasets/A-/cluster_1_4003.BMP,A-,SUBJECT_GROUP_0104,104,104__M_Left_ring_finger.BMP,4c7df9286e91c245e2236f4efc139e05b4bb50f1fa9a803802a669d71ba7868c,validation
data/datasets/A-/cluster_1_4016.BMP,A-,SUBJECT_GROUP_0509,517,517__M_Right_middle_finger.BMP,801ba8bd906ca48183e67390923b3f4ad22665bec57f8637a93fc9646b9f4466,train
data/datasets/A-/cluster_1_4017.BMP,A-,SUBJECT_GROUP_0556,566,566__M_Right_ring_finger.BMP,59eca763207bc4025693fd44ee48d39c2d0a1c7fb5ee0c84211274a7cb14aa2a,train
data/datasets/A-/cluster_1_402.BMP,A-,SUBJECT_GROUP_0356,361,361__M_Left_middle_finger.BMP,7eea0bee2741cae0184e3b02310fb72f85f2394ebe8b7e07cd4e62dd4180d780,train
data/datasets/A-/cluster_1_4025.BMP,A-,SUBJECT_GROUP_0542,550,550__F_Left_middle_finger.BMP,fc8d8e41909ed151c05a0f35208c0107d15e989506afe35c082c998682fcbaac,train
data/datasets/A-/cluster_1_4027.BMP,A-,SUBJECT_GROUP_0326,331,331__M_Left_thumb_finger.BMP,6ff465686c7bd7d89f49d9dd5027d56bad387124ac0be7e6f66509e968e4aa4c,train
data/datasets/A-/cluster_1_4028.BMP,A-,SUBJECT_GROUP_0259,264,264__M_Left_thumb_finger.BMP,ff5184cced3b5bf4cdcb07fd28912932c2edc6480e315cf0f8120c395f72a8cc,train
data/datasets/A-/cluster_1_4040.BMP,A-,SUBJECT_GROUP_0488,495,495__M_Left_middle_finger.BMP,82902c52fba7844d349e3e4ac34c049ff2e1721d7ce30edc5bb4eb72db7c5606,validation
data/datasets/A-/cluster_1_4043.BMP,A-,SUBJECT_GROUP_0261,266,266__M_Right_thumb_finger.BMP,18b38d09519031bc7a9b7dcc506fee1f2defa3d0aba8b1d41b38666c730cb11d,train
data/datasets/A-/cluster_1_4054.BMP,A-,SUBJECT_GROUP_0328,333,333__M_Right_index_finger.BMP,d34ed7670ea62ca49041c10cb0baedbd6eb46f4cf0b046b1b53548d3f4ff3d69,train
data/datasets/A-/cluster_1_4068.BMP,A-,SUBJECT_GROUP_0155,155,155__M_Right_index_finger.BMP,c9548e0b56bbf5217ebfc54f2063d2e24ce1d997b7433abe3486b3694c395968,train
data/datasets/A-/cluster_1_4077.BMP,A-,SUBJECT_GROUP_0022,22,22__M_Left_middle_finger.BMP,ed39ba655c9bd3229f270ed1c530855ed528024998ba72c06a69752b5f41040c,test
data/datasets/A-/cluster_1_4078.BMP,A-,SUBJECT_GROUP_0061,61,61__M_Right_index_finger.BMP,cd10ede6b5127953e03fd60dd9ede2f502836e9150969455b6abe1770d57eb37,train
data/datasets/A-/cluster_1_4083.BMP,A-,SUBJECT_GROUP_0055,55,55__M_Right_index_finger.BMP,471eee3145083713887413452fc15d429af3df21322b90e1e3aa1f11da62861d,train
data/datasets/A-/cluster_1_4085.BMP,A-,SUBJECT_GROUP_0504,512,512__M_Left_index_finger.BMP,a1060e7e9ded28db76811b16d079545af1de1c841790a716add982ccff9c4b2b,train
data/datasets/A-/cluster_1_4097.BMP,A-,SUBJECT_GROUP_0556,566,566__M_Right_index_finger.BMP,92a505682e797a40c9e1131fb86dcbcf2ad4ca550984f433c0ab7c2ad11e2713,train
data/datasets/A-/cluster_1_4108.BMP,A-,SUBJECT_GROUP_0014,14,14__M_Left_ring_finger.BMP,20a590d907275cb272456bfda7068e37357308248a0a258af70f63dbde563f4e,train
data/datasets/A-/cluster_1_4116.BMP,A-,SUBJECT_GROUP_0397,403,403__M_Right_ring_finger.BMP,67a3599c1d0c16c9516d309c188fae7e78d2d082f39f6f13759b532551f51751,test
data/datasets/A-/cluster_1_4123.BMP,A-,SUBJECT_GROUP_0058,58,58__M_Right_middle_finger.BMP,33f85cf762f22ed170b2ac66e6ec052eed91ce6d79aa2113fc845da0a2a9a801,validation
data/datasets/A-/cluster_1_4125.BMP,A-,SUBJECT_GROUP_0223,226,226__M_Right_index_finger.BMP,3f7075f4c1cffe63aa8d06eef6b482f206fda49dda0288777f7228234f30a658,validation
data/datasets/A-/cluster_1_4126.BMP,A-,SUBJECT_GROUP_0046,46,46__M_Right_middle_finger.BMP,c06d6eee70b729b9e3545c3f958ada2ce11cc240a195fdb37de3adbcf74bbc86,train
data/datasets/A-/cluster_1_4136.BMP,A-,SUBJECT_GROUP_0294,299,299__M_Right_middle_finger.BMP,b05182e7bf6ea7e0ba9e114de90ae9b061eef3028f70761f9bef9e3c241c9ccb,validation
data/datasets/A-/cluster_1_4137.BMP,A-,SUBJECT_GROUP_0409,415,415__M_Right_ring_finger.BMP,bfd6c7c079acc5d0b4536e95abf0b7726ad50012c691a54318957178e53f81e0,train
data/datasets/A-/cluster_1_4140.BMP,A-,SUBJECT_GROUP_0188,188,188__M_Left_middle_finger.BMP,96d39593d4e710afa8dcd8acb7e8256454144a9411a1305c3a2429f4fde0b311,train
data/datasets/A-/cluster_1_4142.BMP,A-,SUBJECT_GROUP_0016,16,16__M_Left_thumb_finger.BMP,6bcfa756165253c0a7809db9cb59b0419cca31c2004c00de48f3921bf8d5ad23,train
data/datasets/A-/cluster_1_4154.BMP,A-,SUBJECT_GROUP_0085,85,85__M_Right_index_finger.BMP,5f74bda8d103d11656e30f3cd49c3af9526c100490f3d83c6d92994814109bb0,train
data/datasets/A-/cluster_1_4163.BMP,A-,SUBJECT_GROUP_0171,171,171__M_Right_middle_finger.BMP,fda8321f7cc184564ed2a92a51fa9ae63f568110811c21acaefdba4c689a1a36,train
data/datasets/A-/cluster_1_4164.BMP,A-,SUBJECT_GROUP_0576,588,588__M_Left_index_finger.BMP,312fa4bfb41c17970e08bb16311504f4ff3983bff6889df2eaf8adeaf5219fe6,train
data/datasets/A-/cluster_1_4165.BMP,A-,SUBJECT_GROUP_0046,46,46__M_Right_ring_finger.BMP,4dd6999a8eeae30dc46939082e24ebcbcc7c220d0f92122c3b862d7e48e860a8,train
data/datasets/A-/cluster_1_4170.BMP,A-,SUBJECT_GROUP_0384,390,390__F_Right_index_finger.BMP,6f00461fb45ac146332ca6254df0b4de9b982c6da89bcdc6c93976de9ce2dce7,train
data/datasets/A-/cluster_1_4172.BMP,A-,SUBJECT_GROUP_0104,104,104__M_Left_little_finger.BMP,4d410e461e04d363503c37cb980db5d85ba1b1729e557937d9f83dbcf1bc3240,validation
data/datasets/A-/cluster_1_4174.BMP,A-,SUBJECT_GROUP_0102,102,102__M_Left_middle_finger.BMP,60f293c090c9b6276334d8405d078eef40add94c21cd5eee9fe474a451efd201,train
data/datasets/A-/cluster_1_4177.BMP,A-,SUBJECT_GROUP_0418,425,425__M_Right_middle_finger.BMP,27e6d9b969bd5801ce59b24519caac1dea7b8d60c6960c7e3091153213906c4c,train
data/datasets/A-/cluster_1_418.BMP,A-,SUBJECT_GROUP_0092,204,204__F_Left_index_finger.BMP,85bd684f71f96ea1bd4341a786542fae3a6452ee4f59f0f475485752c8b45c2d,validation
data/datasets/A-/cluster_1_4184.BMP,A-,SUBJECT_GROUP_0037,37,37__M_Right_ring_finger.BMP,1bdc0b6296a295a4fada527836ad5fc6a2af5b7851d1eb87fef9887a6a4e38d4,train
data/datasets/A-/cluster_1_4226.BMP,A-,SUBJECT_GROUP_0441,448,448__M_Left_little_finger.BMP,51c820a9acc1eb7df41900069c0a4737058d01127a3b678829ce5b6c9e1d8e52,train
data/datasets/A-/cluster_1_4227.BMP,A-,SUBJECT_GROUP_0503,510,510__M_Right_middle_finger.BMP,c2ee344cab75833c1d1763ecf949a04eb07ee2cf1750e1bf64abcf2b0ae61f6d,train
data/datasets/A-/cluster_1_4230.BMP,A-,SUBJECT_GROUP_0258,263,263__F_Right_thumb_finger.BMP,7e2fd2f019101b4df1bac9978584ad02d4462ace1bf9895015525ce36ede7939,train
data/datasets/A-/cluster_1_4234.BMP,A-,SUBJECT_GROUP_0176,176,176__M_Right_middle_finger.BMP,337221c1434a740c686b09d7e6940ec98845b7dd967da2a6d998f420a81f0620,test
data/datasets/A-/cluster_1_4243.BMP,A-,SUBJECT_GROUP_0001,1,1__M_Left_middle_finger.BMP,eafc188a949ccc3ee1969a162837a0afae4eb14f29c7f1532ebd956bf0607c20,train
data/datasets/A-/cluster_1_4244.BMP,A-,SUBJECT_GROUP_0052,52,52__M_Left_thumb_finger.BMP,e8cb495bc1734800bf58069b81f9f35a78720592490acce9d9e0d5f3a5ad4cbc,train
data/datasets/A-/cluster_1_4245.BMP,A-,SUBJECT_GROUP_0144,144,144__M_Right_ring_finger.BMP,91c2b10c09f127737b7f41b35f7da89a38aab10c07ba639699fe06f3c7b81a56,test
data/datasets/A-/cluster_1_4255.BMP,A-,SUBJECT_GROUP_0511,519,519__M_Right_middle_finger.BMP,e851783969267f01a49caa9f8b9574aead49fc5b7dbeb6daab0123e0ff89d6c5,train
data/datasets/A-/cluster_1_4256.BMP,A-,SUBJECT_GROUP_0406,412,412__M_Right_little_finger.BMP,0b4b165173c24ea6a3bb43143c339fb7ef1ad45642b9c7d102985e3fb2b2e260,train
data/datasets/A-/cluster_1_4261.BMP,A-,SUBJECT_GROUP_0510,518,518__M_Right_ring_finger.BMP,e8775d576ca1d94f16301e1555657e6248e9af682bf05aef3be94ffe63171c7c,train
data/datasets/A-/cluster_1_4262.BMP,A-,SUBJECT_GROUP_0581,594,594__M_Right_thumb_finger.BMP,c7f197489434132a79d006b82208fce69b431ffd888aeb9e6b17cb94112c6738,test
data/datasets/A-/cluster_1_4266.BMP,A-,SUBJECT_GROUP_0465,472,472__M_Left_index_finger.BMP,1cf71cdc9e8d6d43b5752928891b86a0ef65b026569d07cbad11ab47635dd58f,validation
data/datasets/A-/cluster_1_4267.BMP,A-,SUBJECT_GROUP_0348,353,353__M_Right_index_finger.BMP,be4f99be5a215717ca207999437dd0f1b17782f8bf687c77e3595ec99da1f92e,train
data/datasets/A-/cluster_1_4269.BMP,A-,SUBJECT_GROUP_0357,362,362__M_Right_little_finger.BMP,cb68a0d78baa5a3c4dfe8130897fcdb529e346368aaa92c5a571b811bf4d0411,train
data/datasets/A-/cluster_1_4272.BMP,A-,SUBJECT_GROUP_0063,63,63__M_Right_index_finger.BMP,19b3a4e759197fc7f7674588f783d6c91da87e1eed9d83cf0ebfb96f0498be24,train
data/datasets/A-/cluster_1_4274.BMP,A-,SUBJECT_GROUP_0563,573,573__F_Right_index_finger.BMP,8b630a455bc827018b071260bf756b78617d721459efc60a1474e6dd33fcd9ef,test
data/datasets/A-/cluster_1_4277.BMP,A-,SUBJECT_GROUP_0385,391,391__M_Right_index_finger.BMP,cec07e01e68b2d4bb43bdccad91254c1ecd3ae8b8bdcf458e2843c5cb0429e2e,train
data/datasets/A-/cluster_1_428.BMP,A-,SUBJECT_GROUP_0402,408,408__M_Right_index_finger.BMP,aa3076e83f659c27beb2b1e294faf29018ef2d6547864cf308f996914c0814b8,train
data/datasets/A-/cluster_1_4297.BMP,A-,SUBJECT_GROUP_0517,525,525__M_Right_middle_finger.BMP,ea05f95c224ba76707c41fd7ca5d1a7669aa2fe19be86bb3690005da4d679e5e,train
data/datasets/A-/cluster_1_4298.BMP,A-,SUBJECT_GROUP_0244,247,247__M_Right_index_finger.BMP,d8c891b5737978a83a20a5f62009931def290fdeecefa757df6d26e2199c1c52,train
data/datasets/A-/cluster_1_4299.BMP,A-,SUBJECT_GROUP_0428,435,435__F_Right_middle_finger.BMP,6cc70ed365058e2be035a8661e3233477419af4f941706a4756cf64fb5774efc,test
data/datasets/A-/cluster_1_4304.BMP,A-,SUBJECT_GROUP_0001,1,1__M_Left_index_finger.BMP,e3ff69156a88f489ebfea6b4e80409b839fa6b8bd9848c79e412efe930977fe1,train
data/datasets/A-/cluster_1_4312.BMP,A-,SUBJECT_GROUP_0095,95,95__M_Right_middle_finger.BMP,a52625a8fc9151e977da1b343b1240fc6f8c6d3c338272204eb9be7f5f9ad4e7,train
data/datasets/A-/cluster_1_4317.BMP,A-,SUBJECT_GROUP_0235,238,238__M_Right_middle_finger.BMP,6bd71a889602f7b62af16b799030d5ee5a009409de551d03f40a9538aa3a355e,train
data/datasets/A-/cluster_1_4320.BMP,A-,SUBJECT_GROUP_0383,389,389__F_Right_thumb_finger.BMP,3d68d0285baac684d9c08a6097edb68c3345d24f16b6cbf80382fb729a76c708,train
data/datasets/A-/cluster_1_4326.BMP,A-,SUBJECT_GROUP_0449,456,456__M_Right_ring_finger.BMP,c0d46c79a4cd3cb63f463c5a6648b28df197ff3d9b88c3595d2cbf261c65c00d,train
data/datasets/A-/cluster_1_4329.BMP,A-,SUBJECT_GROUP_0055,55,55__M_Left_index_finger.BMP,5a0f308a8e2f0f964d73710a479c08400f974f8e9d8d709d65834e1bdf0b1a26,train
data/datasets/A-/cluster_1_4333.BMP,A-,SUBJECT_GROUP_0268,273,273__M_Left_index_finger.BMP,48cb184cc1f6d0267d13779c4d39507167670d6d93d2219e513cd77eecfb25aa,train
data/datasets/A-/cluster_1_4334.BMP,A-,SUBJECT_GROUP_0450,457,457__M_Right_ring_finger.BMP,8cbe6cc24677617d8f06c571c59daa2a4cc00a68abacba1c72947af710454f04,validation
data/datasets/A-/cluster_1_4339.BMP,A-,SUBJECT_GROUP_0553,563,563__M_Left_index_finger.BMP,aec3dcd6170128f5e3ff4a16fea1fffe51c3d621f2752c9a68d752e25be05d00,train
data/datasets/A-/cluster_1_4349.BMP,A-,SUBJECT_GROUP_0394,400,400__M_Right_index_finger.BMP,11dbfbfe586d5fb193d5348269e09d70fe601b10627bcc9f7ce94614819f37ad,test
data/datasets/A-/cluster_1_4350.BMP,A-,SUBJECT_GROUP_0266,271,271__M_Right_index_finger.BMP,31bf08bb3a7535fb5e55d661b891de9c097a12bb1ea9cbddefa4fec597cf68e5,train
data/datasets/A-/cluster_1_4355.BMP,A-,SUBJECT_GROUP_0357,362,362__M_Right_middle_finger.BMP,e582ed83ab3752673c81ac718608bf938b886fa656ab9311ae8d8e14c2459634,train
data/datasets/A-/cluster_1_4360.BMP,A-,SUBJECT_GROUP_0079,79,79__M_Right_index_finger.BMP,da631d9ce1cd868b85aaa65a4bed9f18eabe66a68664d00014515192597a5a3f,train
data/datasets/A-/cluster_1_4368.BMP,A-,SUBJECT_GROUP_0022,22,22__M_Right_index_finger.BMP,ca18263b5172b6c5a4cb3ea1215c07069cf1f32d84d95a0456df7ea3707055a7,test
data/datasets/A-/cluster_1_4376.BMP,A-,SUBJECT_GROUP_0431,438,438__M_Right_index_finger.BMP,870c0965697f030fc666dd07075410da415a3fad62fedcb02b41fe8eb7b887bd,train
data/datasets/A-/cluster_1_4382.BMP,A-,SUBJECT_GROUP_0462,469,469__M_Right_middle_finger.BMP,a1ef8f5bef084bff02aedbdf3a8aaf445be121a8bceb196e0931b23ae426bbd9,train
data/datasets/A-/cluster_1_4384.BMP,A-,SUBJECT_GROUP_0488,495,495__M_Right_index_finger.BMP,524945645b3eea3d7652ba61cd86053e35f0f09a53ab4fa5fbbdfc2ee2e3c06e,validation
data/datasets/A-/cluster_1_4385.BMP,A-,SUBJECT_GROUP_0329,334,334__F_Right_middle_finger.BMP,d9a382047c74cb0d7cf8a17483c68bb2a803daf895a6344614a94551c3e708e6,train
data/datasets/A-/cluster_1_4392.BMP,A-,SUBJECT_GROUP_0345,350,350__M_Right_index_finger.BMP,31f18d90101e955cf09498885fe9d2a3f3d3020f0eae967dc62c18d24f7fe208,train
data/datasets/A-/cluster_1_4415.BMP,A-,SUBJECT_GROUP_0138,138,138__M_Left_ring_finger.BMP,33bd70db6de07ddb13f09bd979688b170a5c9ebae3bcfacb2bac34b8df34a6ec,train
data/datasets/A-/cluster_1_4419.BMP,A-,SUBJECT_GROUP_0035,35,35__M_Left_ring_finger.BMP,7f55f4af649aa462299c8449a62eeaf44e94b8582e6005b669e6703573c87654,validation
data/datasets/A-/cluster_1_4424.BMP,A-,SUBJECT_GROUP_0292,553,553__M_Right_index_finger.BMP,b052cf50a4e4f1999ffef997d5c1b1427d3e60133ff4859292f7a6cd18e7c7bd,test
data/datasets/A-/cluster_1_4434.BMP,A-,SUBJECT_GROUP_0267,272,272__M_Right_index_finger.BMP,6f1236e204550405407640d471062413b9e3966a1560d3633316d5d9cc2ed3bd,train
data/datasets/A-/cluster_1_4435.BMP,A-,SUBJECT_GROUP_0497,504,504__M_Left_little_finger.BMP,e879d0f76a268d0cca2d74f922845d9579791ab00d32938315530f6b3c313488,train
data/datasets/A-/cluster_1_4440.BMP,A-,SUBJECT_GROUP_0305,310,310__M_Right_index_finger.BMP,b4ca5474bfc8d1ab3f530734e43df4a258aae430046c968c6ed87977a6726fa5,train
data/datasets/A-/cluster_1_4451.BMP,A-,SUBJECT_GROUP_0365,370,370__M_Right_index_finger.BMP,3fa18eb6c1f85be16b39bdbadadae7c412518a03b725b20efbb920bfd2836377,train
data/datasets/A-/cluster_1_4455.BMP,A-,SUBJECT_GROUP_0176,176,176__M_Left_thumb_finger.BMP,d4a755a4b46094b8852685f63ba884fe84a9fb690b24535dca7be3060aa4da92,test
data/datasets/A-/cluster_1_4461.BMP,A-,SUBJECT_GROUP_0326,331,331__M_Right_index_finger.BMP,6868e4b3ac0a82adb8d00518202bbb173e8dbf1017b2bdac322722bb58a3a434,train
data/datasets/A-/cluster_1_448.BMP,A-,SUBJECT_GROUP_0493,500,500__M_Right_ring_finger.BMP,4c9504a622e569a37a998675a9e0f5c409aaeb7662c0aef24e27dd01e0b7e44a,validation
data/datasets/A-/cluster_1_4486.BMP,A-,SUBJECT_GROUP_0139,139,139__M_Right_little_finger.BMP,a4c328d40a5cd6b1bd63def231b09a332a7dd50ed3ed7591f673c6735fd0dc1b,train
data/datasets/A-/cluster_1_4494.BMP,A-,SUBJECT_GROUP_0387,393,393__M_Right_thumb_finger.BMP,520437d8b8407796e2af36c47ffbfd18d9691ca75a1caa5a2750bfddf30e16b0,train
data/datasets/A-/cluster_1_4498.BMP,A-,SUBJECT_GROUP_0273,278,278__M_Left_thumb_finger.BMP,3721cf6dc755bb912a09e0617c28ae65654ae477668b70ff896081b20c22e241,train
data/datasets/A-/cluster_1_45.BMP,A-,SUBJECT_GROUP_0472,479,479__F_Right_index_finger.BMP,daec2eb188ca124e89f0cf62090cb85917c599bf00daf570f256d52bf90ce97f,train
data/datasets/A-/cluster_1_4500.BMP,A-,SUBJECT_GROUP_0034,34,34__M_Right_thumb_finger.BMP,2ee3ae3f41ba03014c266d6fa0aa30ae2b238e4b90a8e800f27b509710117003,test
data/datasets/A-/cluster_1_4504.BMP,A-,SUBJECT_GROUP_0365,370,370__M_Right_middle_finger.BMP,f51c7d547744cafadf18bdad74e540efd835546fec1a7bae721aa3195c3b2b33,train
data/datasets/A-/cluster_1_4505.BMP,A-,SUBJECT_GROUP_0022,22,22__M_Right_middle_finger.BMP,8959d21a17c510c09d5410cb5cd5065a3a1f14eed81d732340e4ca9510e2cbd3,test
data/datasets/A-/cluster_1_4509.BMP,A-,SUBJECT_GROUP_0514,522,522__M_Right_ring_finger.BMP,e80d1d2be9a20cdc2182ac62016e802497c4df1cff80ef0e92e3df9d2777bed1,train
data/datasets/A-/cluster_1_4510.BMP,A-,SUBJECT_GROUP_0062,62,62__M_Left_index_finger.BMP,eecf1c7c7f935e17f1a50aa603c36bbdbbd430a92340f6b2d705ea2e0582e2e5,train
data/datasets/A-/cluster_1_4514.BMP,A-,SUBJECT_GROUP_0197,197,197__M_Left_middle_finger.BMP,ffdc4f3452af576e72cbb7540cfa097e6ddc414f20689d0d07407b59155f2bc1,train
data/datasets/A-/cluster_1_4521.BMP,A-,SUBJECT_GROUP_0057,57,57__M_Left_little_finger.BMP,23cb635fa6f6f8799106a6077eddd442eec4a784936c522d73411cef1e488a9c,train
data/datasets/A-/cluster_1_453.BMP,A-,SUBJECT_GROUP_0568,579,579__M_Right_ring_finger.BMP,00a0f2b04b74f62a8b6dbacad546fc8a7e8d97df2288fcbf6de1b2673b2ae4bf,train
data/datasets/A-/cluster_1_454.BMP,A-,SUBJECT_GROUP_0503,510,510__M_Left_ring_finger.BMP,e576e48a4459265074e82ce4e7c975d4da8d39bd532faa0f125973025338bd73,train
data/datasets/A-/cluster_1_4550.BMP,A-,SUBJECT_GROUP_0309,314,314__M_Left_ring_finger.BMP,a192e094f1585756d4ba54e33b012293d287a053b6af8515bf4a3d031e916303,validation
data/datasets/A-/cluster_1_4551.BMP,A-,SUBJECT_GROUP_0152,152,152__M_Left_ring_finger.BMP,06e27bbd25bc19019929be946d11c6ac37a4ff59430e5b7e39f4a741077d0964,train
data/datasets/A-/cluster_1_4553.BMP,A-,SUBJECT_GROUP_0502,509,509__M_Right_thumb_finger.BMP,2d3962b5f17388c241540c831dc892cd410485908c03310ba8f49b9d12b6b351,train
data/datasets/A-/cluster_1_4555.BMP,A-,SUBJECT_GROUP_0468,475,475__M_Left_index_finger.BMP,7b56b71116307f982586789c37b2b6425f3852e076439712f627c347939a2ba9,validation
data/datasets/A-/cluster_1_4559.BMP,A-,SUBJECT_GROUP_0151,151,151__M_Left_thumb_finger.BMP,a27232d405f30c7fd1664357730821f37a5d04060ec6c8bd81f62d020656be13,validation
data/datasets/A-/cluster_1_4564.BMP,A-,SUBJECT_GROUP_0576,588,588__M_Left_thumb_finger.BMP,75113f65961f3c372ad8cbbf93fe4a7cc7d72cf7b599be461b2c1f02cce2fef3,train
data/datasets/A-/cluster_1_4570.BMP,A-,SUBJECT_GROUP_0036,36,36__M_Left_ring_finger.BMP,b58a5f3c90d5139c7aab674a1ac54957e958dd75e2c8ff2a844736e21ee6d4a3,train
data/datasets/A-/cluster_1_4571.BMP,A-,SUBJECT_GROUP_0454,461,461__F_Right_thumb_finger.BMP,b1cd3bc0fd3e967e73cd042f55069914aff88220ffce50ae513e3a4a2e944203,train
data/datasets/A-/cluster_1_4582.BMP,A-,SUBJECT_GROUP_0084,84,84__M_Right_middle_finger.BMP,94a7524d24f7005caef4dbbcb4190245c64e53da2ce9c7ef1049dd0db3f2605d,test
data/datasets/A-/cluster_1_4585.BMP,A-,SUBJECT_GROUP_0284,289,289__F_Right_middle_finger.BMP,dbb8cf95f45bbbf11c223f0124f1b0208aafeab546fb81b591b375f8ec9f9954,validation
data/datasets/A-/cluster_1_4589.BMP,A-,SUBJECT_GROUP_0312,317,317__M_Left_middle_finger.BMP,9a6f97166f23cb5f7a66916b0fe5a0b27970eacb40f9ee6cdfedf7f17b77dd5d,validation
data/datasets/A-/cluster_1_4603.BMP,A-,SUBJECT_GROUP_0458,465,465__F_Right_thumb_finger.BMP,3271c0be3481c07b9e74f2b58b92c15ff1181e7b3f689535e759df0616c1bf75,train
data/datasets/A-/cluster_1_4609.BMP,A-,SUBJECT_GROUP_0012,12,12__M_Left_middle_finger.BMP,3ac3a5be84703cb8c1b56e9fb29866d7a69f4a7eb24610f098c9863e12fd32dd,train
data/datasets/A-/cluster_1_4624.BMP,A-,SUBJECT_GROUP_0033,33,33__M_Right_index_finger.BMP,9d9df0308c02cfa09c2d1ed0b537ba0053e5847fb62d3758d2c210c8ba32513a,validation
data/datasets/A-/cluster_1_4628.BMP,A-,SUBJECT_GROUP_0545,555,555__M_Right_index_finger.BMP,2e73cca788d01241a3894878f539f0996d2b220f4f8da40f0119dbee4d4ed54a,train
data/datasets/A-/cluster_1_4629.BMP,A-,SUBJECT_GROUP_0338,343,343__M_Right_ring_finger.BMP,1038933d7b55a84e9be3197a355bab52faf6a9fcc633b74b3f63804ed8fdce55,train
data/datasets/A-/cluster_1_464.BMP,A-,SUBJECT_GROUP_0233,236,236__M_Left_ring_finger.BMP,44214a06ba54e4a83d1fd762674ccb962014b44bce430bc2745239799e44c37d,train
data/datasets/A-/cluster_1_4641.BMP,A-,SUBJECT_GROUP_0542,550,550__F_Right_ring_finger.BMP,03862b08cd22aab56455512c8477ae4630b5d03515a76e726d175ca74179faca,train
data/datasets/A-/cluster_1_4650.BMP,A-,SUBJECT_GROUP_0108,108,108__M_Right_middle_finger.BMP,1b20823cd48eb49e8247d346fd5ebefc65ed3b04deed2c350d11cb35097ff752,validation
data/datasets/A-/cluster_1_4651.BMP,A-,SUBJECT_GROUP_0580,593,593__M_Left_middle_finger.BMP,7297e96e487bfd8538ea045410f6a408b04362ff6e288c14ef3bcf4ffee28e17,test
data/datasets/A-/cluster_1_4654.BMP,A-,SUBJECT_GROUP_0359,364,364__M_Right_index_finger.BMP,0cb95f7aae4c14140955780214f7bbc6a54ef1104e148e951d61140dea1546f9,train
data/datasets/A-/cluster_1_4661.BMP,A-,SUBJECT_GROUP_0143,143,143__M_Left_middle_finger.BMP,9976f6e187071a31a2ce269b8ffa86e26dc38ab348dbd1a367017b5e7341f4cf,train
data/datasets/A-/cluster_1_4665.BMP,A-,SUBJECT_GROUP_0524,532,532__M_Left_index_finger.BMP,e846cc9357bf1d248d5bbb2a59e2d3c03e67a7d18dd9390e0fd8449e59ca81a0,test
data/datasets/A-/cluster_1_4672.BMP,A-,SUBJECT_GROUP_0524,532,532__M_Right_thumb_finger.BMP,4a8e1fa1577da05b9bcf2984b49255a5fe56e934b8786296239d29a40b1fca23,test
data/datasets/A-/cluster_1_4676.BMP,A-,SUBJECT_GROUP_0092,204,204__F_Right_index_finger.BMP,350cc09dd90607e77e9dadeb54f4b5e850a692a1082e9c616dfdcce5e554a14a,validation
data/datasets/A-/cluster_1_4682.BMP,A-,SUBJECT_GROUP_0071,71,71__M_Left_index_finger.BMP,7340ead44b14e9bedb6d4baa532960c137d32b3c0c776097eef68bb4c7e5bdad,train
data/datasets/A-/cluster_1_4684.BMP,A-,SUBJECT_GROUP_0205,207,207__M_Right_thumb_finger.BMP,ffc4aae26d7e2cdba4fc69dcdc21277a70e70d810bc0c5ba24c3fc3baa3959e9,validation
data/datasets/A-/cluster_1_4686.BMP,A-,SUBJECT_GROUP_0269,274,274__M_Right_middle_finger.BMP,a1eb32c737d2d5d27bc24f8195fd879011512136dd39acdc7b7f50d65625640a,test
data/datasets/A-/cluster_1_4688.BMP,A-,SUBJECT_GROUP_0077,77,77__M_Right_index_finger.BMP,382a182080e9bb67c1b393ad5d9da6d109e80f28174dbad78ca5c52cb3bf5038,validation
data/datasets/A-/cluster_1_469.BMP,A-,SUBJECT_GROUP_0420,427,427__M_Right_little_finger.BMP,6c484b553d506fdeb49c0b6f484edacd69381bc1b7ecf99068a5f0ee436bc911,train
data/datasets/A-/cluster_1_4691.BMP,A-,SUBJECT_GROUP_0146,146,146__M_Right_thumb_finger.BMP,be1ac88f9b57bfff883185d8807facfa174aa9c43b3288dcc1eae0b09a353840,test
data/datasets/A-/cluster_1_4696.BMP,A-,SUBJECT_GROUP_0081,81,81__F_Right_thumb_finger.BMP,2ef50bbe3690e2d086f7c95a90ac4ccb2dc10cd34240f13285e006e6efccb5b3,test
data/datasets/A-/cluster_1_47.BMP,A-,SUBJECT_GROUP_0121,121,121__F_Left_thumb_finger.BMP,2cd94d1ca9dfb6c9cf93b42fe5dd9c5b1b58132b413e7294e0df49ed60c2eb02,train
data/datasets/A-/cluster_1_4713.BMP,A-,SUBJECT_GROUP_0105,105,105__M_Right_ring_finger.BMP,61729dddb180d31488cd196eb531ac593003c9bc6ca08edb2d650f94ccbe3a55,train
data/datasets/A-/cluster_1_4716.BMP,A-,SUBJECT_GROUP_0510,518,518__M_Right_middle_finger.BMP,52235d29ca3f252d1f2c0cf38eb9e56dbae3504bda851bdffe3a716849dd2894,train
data/datasets/A-/cluster_1_4717.BMP,A-,SUBJECT_GROUP_0360,365,365__M_Left_middle_finger.BMP,0b3b94d44454ca1ab0400b92c52bea0357e13739b671d078474535a57aa73c4e,test
data/datasets/A-/cluster_1_4720.BMP,A-,SUBJECT_GROUP_0241,244,244__M_Right_index_finger.BMP,49dd4eb2634c47f3afa0a9a4b92388758edc65b98ea7344eb7aaeb23b529db8f,train
data/datasets/A-/cluster_1_4721.BMP,A-,SUBJECT_GROUP_0436,443,443__M_Left_index_finger.BMP,56d0932634bced4422670ddb905d74536fb8aaeb37aeeea59cb3eef3f8744fba,validation
data/datasets/A-/cluster_1_4723.BMP,A-,SUBJECT_GROUP_0300,305,305__M_Right_middle_finger.BMP,231a1238602f96403bfa9f1c4f57bf9310093e536ae179ab1a5343074eee3059,test
data/datasets/A-/cluster_1_4729.BMP,A-,SUBJECT_GROUP_0160,160,160__M_Right_middle_finger.BMP,38bf7df48248b053ce9676703d763ad47b96536f6dc34c4970b315ea9b5c358d,train
data/datasets/A-/cluster_1_4738.BMP,A-,SUBJECT_GROUP_0464,471,471__M_Left_middle_finger.BMP,b33fa9e530ce1b9843c20700e0976f1b5fadbcec070b3474ca6187f9b1fe9529,train
data/datasets/A-/cluster_1_4742.BMP,A-,SUBJECT_GROUP_0065,65,65__M_Right_middle_finger.BMP,162b75f9af97b929dcc33bf420802836276e2c6cc3ac6ee4996c79f5de260b60,train
data/datasets/A-/cluster_1_4744.BMP,A-,SUBJECT_GROUP_0557,567,567__M_Right_index_finger.BMP,0d34f78c7d0205b06b213be82eae8bd374ca94691160e7f80bb735ba3990fca7,test
data/datasets/A-/cluster_1_4745.BMP,A-,SUBJECT_GROUP_0010,10,10__M_Left_ring_finger.BMP,c7445dd62597d7273e267b7dfa60789c6a52e2c724338528de38820b9819f2bd,train
data/datasets/A-/cluster_1_4755.BMP,A-,SUBJECT_GROUP_0464,471,471__M_Right_middle_finger.BMP,a23ae2d1fcc1132bda82c68773ee4cbb75f25e78f5bd60dd47027fc1460ff7b8,train
data/datasets/A-/cluster_1_4764.BMP,A-,SUBJECT_GROUP_0376,382,382__M_Left_little_finger.BMP,822fe5c32c9d33bbd60b270cb1650d429827c45d4e65ac3ecc1d059772a9239a,validation
data/datasets/A-/cluster_1_4766.BMP,A-,SUBJECT_GROUP_0318,323,323__M_Right_little_finger.BMP,7ab955478af7e9b1799183a2159703392917c717ca46b774e947cdc4e0023e19,train
data/datasets/A-/cluster_1_4772.BMP,A-,SUBJECT_GROUP_0291,296,296__M_Right_ring_finger.BMP,05d0a676fc33ba91612bef47812c5725034340c7e5d396ec50c09305307469c0,train
data/datasets/A-/cluster_1_4775.BMP,A-,SUBJECT_GROUP_0096,96,96__M_Right_ring_finger.BMP,5befa5b9fe85c23b4cc0430d512acb0d9e5df05e861f3d2f977770b29a2a4353,test
data/datasets/A-/cluster_1_4782.BMP,A-,SUBJECT_GROUP_0391,397,397__M_Left_index_finger.BMP,202a9557ffa6ba323830f1394c996454f14ea71e8ededd4c27ab37c5230c2611,train
data/datasets/A-/cluster_1_4787.BMP,A-,SUBJECT_GROUP_0039,39,39__M_Right_index_finger.BMP,a7bd3affb05771d29a0ef58ab0030c17fee6a266ed92a3bdc69c265497d162ea,train
data/datasets/A-/cluster_1_4792.BMP,A-,SUBJECT_GROUP_0168,168,168__M_Right_ring_finger.BMP,b5010efb655209d3e7934b7d273590cd96db43583546b2aa5d8f7f26326ba7ce,train
data/datasets/A-/cluster_1_4801.BMP,A-,SUBJECT_GROUP_0289,294,294__M_Left_thumb_finger.BMP,c9c47427c4ec01ae4087acfd5b481dd1e100f275be31aa0cfa91081d3fcc4d63,train
data/datasets/A-/cluster_1_4804.BMP,A-,SUBJECT_GROUP_0503,510,510__M_Right_ring_finger.BMP,3ee92d0fdfc550c80b55c3a02cb1950d042550ae1b99e3719e19f3fa80a3466e,train
data/datasets/A-/cluster_1_4806.BMP,A-,SUBJECT_GROUP_0077,77,77__M_Left_index_finger.BMP,6a8d6ec77d8eccdc4a1121b84a5e44b942858ec72db5c0dffbe335fc15bb85ca,validation
data/datasets/A-/cluster_1_4808.BMP,A-,SUBJECT_GROUP_0108,108,108__M_Right_index_finger.BMP,3e5f8621e0d2f07847b4f4e62d6c7a91924015421376e088a09129574feb210c,validation
data/datasets/A-/cluster_1_481.BMP,A-,SUBJECT_GROUP_0232,235,235__M_Right_middle_finger.BMP,09e60d6b1998f95d36646237ebf1d8f0abaf92fea5d3c96a33b45622bc68ef3d,train
data/datasets/A-/cluster_1_4820.BMP,A-,SUBJECT_GROUP_0568,579,579__M_Right_index_finger.BMP,d0f3fec8bc3e382117931db13d42cdce3596dc94381e82d5f078ffb3fe62a971,train
data/datasets/A-/cluster_1_4822.BMP,A-,SUBJECT_GROUP_0219,222,222__M_Right_ring_finger.BMP,63db6ceaf682ea1bef7b318ff2392d4e1420a0b47ddf09277c55a5bb4de74b2f,train
data/datasets/A-/cluster_1_4833.BMP,A-,SUBJECT_GROUP_0509,517,517__M_Right_index_finger.BMP,b8999e750abb68ef4d9d13d0eabc23c8be94630cb043c1fa5a14c653dfc35123,train
data/datasets/A-/cluster_1_4835.BMP,A-,SUBJECT_GROUP_0566,576,576__M_Right_middle_finger.BMP,04ed9cd4e9c676a3d33fa39db46811902077c65090e1e95b1431a952e568bbd9,train
data/datasets/A-/cluster_1_4844.BMP,A-,SUBJECT_GROUP_0540,548,548__F_Right_thumb_finger.BMP,dffe9a2bf31965290a3b4f3e761b03cc0b9d682d9728cf9b88f1bb1502ccc5e6,train
data/datasets/A-/cluster_1_4851.BMP,A-,SUBJECT_GROUP_0411,417,417__M_Right_middle_finger.BMP,0c80c56b8792fa5e7b150467ca17b0497e0e6003a34ff61b14366ff41817a040,train
data/datasets/A-/cluster_1_4860.BMP,A-,SUBJECT_GROUP_0530,538,538__M_Right_middle_finger.BMP,48d6f1e202c9b2567d9bd16449310ffe11edf9f0ed4bab7ef886755b605cbae1,train
data/datasets/A-/cluster_1_4862.BMP,A-,SUBJECT_GROUP_0276,281,281__M_Right_middle_finger.BMP,58588c5cdec892a16dbe994155b20deb584b162521a27365adfe199cf20dcd75,train
data/datasets/A-/cluster_1_4878.BMP,A-,SUBJECT_GROUP_0012,12,12__M_Right_index_finger.BMP,256c540e47fbf43b3d54e0dc8c75fdb3d2f80edd21a570432f237a4ecf526646,train
data/datasets/A-/cluster_1_4887.BMP,A-,SUBJECT_GROUP_0500,507,507__M_Right_index_finger.BMP,ccd304b64fe35c0b0038945633cc22ee409d1c32d99052365f5f938849418e45,train
data/datasets/A-/cluster_1_4895.BMP,A-,SUBJECT_GROUP_0532,540,540__F_Right_thumb_finger.BMP,bc7c483e317b607c126a5402d5a35d93cd58aaf8ea75848c84f7971c42aa1727,validation
data/datasets/A-/cluster_1_4899.BMP,A-,SUBJECT_GROUP_0182,182,182__M_Left_little_finger.BMP,4b94ea1f31624ac1b5e8302611ec5fe740174e551e44b26e4a501e0ccedd4be3,train
data/datasets/A-/cluster_1_4900.BMP,A-,SUBJECT_GROUP_0287,292,292__M_Right_thumb_finger.BMP,07b09ae3e31fc42f0c2cafb3ba03c2979c60275350b8f11dceba5c36822b2594,validation
data/datasets/A-/cluster_1_4902.BMP,A-,SUBJECT_GROUP_0331,336,336__M_Right_ring_finger.BMP,15b24af54a6db33057d44b261767683dadacfd2ab7d5e40049c116ee92a4ee5e,train
data/datasets/A-/cluster_1_4903.BMP,A-,SUBJECT_GROUP_0121,121,121__F_Right_index_finger.BMP,ffaace6cdd43f8b39115f93c1fbd970b6b22bc5ab35e13963d57da48800fbc6f,train
data/datasets/A-/cluster_1_4904.BMP,A-,SUBJECT_GROUP_0227,230,230__M_Right_index_finger.BMP,1608e9ae7af055c7a554d249e3a70e7e73736e316bef4e04affcabad4a82118e,validation
data/datasets/A-/cluster_1_491.BMP,A-,SUBJECT_GROUP_0114,114,114__F_Right_ring_finger.BMP,08174982a7d0d4d9d810e534c35ccfc9e6c0d5dc8cbddfd6949dd5ebef9155a2,test
data/datasets/A-/cluster_1_4914.BMP,A-,SUBJECT_GROUP_0048,48,48__F_Right_ring_finger.BMP,b2cc69106af20f031b9b341db462fcd5e903b960a2f2ce85c857a232423268e1,test
data/datasets/A-/cluster_1_4922.BMP,A-,SUBJECT_GROUP_0542,550,550__F_Right_middle_finger.BMP,e4b8efca1524a8f2788f8af1255939763b3cb0849fcaacc2b0d61e4da0499857,train
data/datasets/A-/cluster_1_4934.BMP,A-,SUBJECT_GROUP_0278,283,283__M_Right_middle_finger.BMP,8f2b06fe6faf87517882e0e708947ad6a6b10a56bc611d228ec7ebec5fc54123,validation
data/datasets/A-/cluster_1_494.BMP,A-,SUBJECT_GROUP_0324,329,329__M_Right_ring_finger.BMP,1b8d513c08bf978d95d73481dc4c966b48371c60116851a5783839d976cb0f83,train
data/datasets/A-/cluster_1_4943.BMP,A-,SUBJECT_GROUP_0241,244,244__M_Left_middle_finger.BMP,d7284534bf9062f17fef959b55829c01efae40936664f5474e5ed3325b3925de,train
data/datasets/A-/cluster_1_4972.BMP,A-,SUBJECT_GROUP_0036,36,36__M_Right_little_finger.BMP,c411fadd11a49cadc532feb267f6c427940bc1000d4216d807cf103fa288d99b,train
data/datasets/A-/cluster_1_4989.BMP,A-,SUBJECT_GROUP_0436,443,443__M_Right_middle_finger.BMP,8721a7943b27de9a287ed1a7523228dd5c253c2527324c7aaae8bd0787b7c6d8,validation
data/datasets/A-/cluster_1_4991.BMP,A-,SUBJECT_GROUP_0404,410,410__M_Right_ring_finger.BMP,8fde337bdbf6c633dd0c1938435a00d2d506aa901265b33d3039ac9087b16d00,train
data/datasets/A-/cluster_1_4993.BMP,A-,SUBJECT_GROUP_0026,26,26__M_Left_middle_finger.BMP,475170068fd885a7444b23329d746c033097c5f8d35cbb6ee95293aa77a1eef6,train
data/datasets/A-/cluster_1_4996.BMP,A-,SUBJECT_GROUP_0074,74,74__F_Right_index_finger.BMP,7680cda74a2d30bf9c9d1f59c45519beae7433284a239d31f86c896acb771909,test
data/datasets/A-/cluster_1_5.BMP,A-,SUBJECT_GROUP_0377,383,383__M_Right_thumb_finger.BMP,5f958efd2c3d8cdf184b6c6aab22619d8c36cc9131ad2f513c64ffb835d54b9b,train
data/datasets/A-/cluster_1_5003.BMP,A-,SUBJECT_GROUP_0102,102,102__M_Left_ring_finger.BMP,7f40431415e4890a7084685be655b9910241a29a6a02b80fd5725d621dd50d5c,train
data/datasets/A-/cluster_1_5006.BMP,A-,SUBJECT_GROUP_0280,285,285__M_Right_thumb_finger.BMP,1c0ead5960a99425b93f8f2d2aab9b6076a8a00b2305efbf7501e69a1c36165a,train
data/datasets/A-/cluster_1_5007.BMP,A-,SUBJECT_GROUP_0415,422,422__M_Right_little_finger.BMP,e353330a2557e48123290d6f8b63c4979ce0e540cfea71a7ce22aeda0e2a4cb8,train
data/datasets/A-/cluster_1_5014.BMP,A-,SUBJECT_GROUP_0371,377,377__M_Left_middle_finger.BMP,b1bfef8a1259897c5aeb69669861c63cbc0062056711856b6bed417247568d30,test
data/datasets/A-/cluster_1_5015.BMP,A-,SUBJECT_GROUP_0134,134,134__M_Right_middle_finger.BMP,2116dbfe7f1d189d0337bd66c9dd36efa88527ff29a833c25db77a525f90c029,validation
data/datasets/A-/cluster_1_5037.BMP,A-,SUBJECT_GROUP_0462,469,469__M_Right_index_finger.BMP,381297c60feed37131a48532288984d87ad9dfdd20cd86359918985db1760516,train
data/datasets/A-/cluster_1_5039.BMP,A-,SUBJECT_GROUP_0145,145,145__M_Right_little_finger.BMP,05f1379be0534921dcdfc2b79c9798246495bf5fc510cea7ab295a43eceefa5f,train
data/datasets/A-/cluster_1_5048.BMP,A-,SUBJECT_GROUP_0584,597,597__M_Right_thumb_finger.BMP,188fb6cd76480f602157bf63c290d733992c856199d6bc5224450be93585d62f,train
data/datasets/A-/cluster_1_5063.BMP,A-,SUBJECT_GROUP_0509,517,517__M_Left_little_finger.BMP,db932873af6e5cd24745ecd49d9b983fbd701ba284e1280065c6f4b00bcf95a9,train
data/datasets/A-/cluster_1_5072.BMP,A-,SUBJECT_GROUP_0160,160,160__M_Right_index_finger.BMP,869165eb24f16250021c404e581f6cf02df4de7f11d1599297b2f80407114400,train
data/datasets/A-/cluster_1_5085.BMP,A-,SUBJECT_GROUP_0393,399,399__M_Right_index_finger.BMP,2b3392162b4062e29f6b8b87f18318f1aebb618aac9840a03637e6b56a79c37a,validation
data/datasets/A-/cluster_1_5086.BMP,A-,SUBJECT_GROUP_0187,187,187__M_Left_ring_finger.BMP,e063f7634d288cace9731846cebc2e26bd2fda48afdc6c886a5daec3cc0f494e,train
data/datasets/A-/cluster_1_5088.BMP,A-,SUBJECT_GROUP_0290,295,295__M_Right_ring_finger.BMP,5ea53c896929ea1478a97d948607ad35e5e367176cc2e3a8950f3ea2c04c6774,train
data/datasets/A-/cluster_1_509.BMP,A-,SUBJECT_GROUP_0391,397,397__M_Left_middle_finger.BMP,d166d20e76b0ff304cfe7125e31a98ce769e357ca13112a40bac74d0860317a4,train
data/datasets/A-/cluster_1_5091.BMP,A-,SUBJECT_GROUP_0203,205,205__F_Right_middle_finger.BMP,594906716bc58c4edc305fe108ccffcf9c4db5d895d026af1949b956eb9e9e66,test
data/datasets/A-/cluster_1_5102.BMP,A-,SUBJECT_GROUP_0363,368,368__M_Right_thumb_finger.BMP,f9081674d1be537fc9c630064468f82166fca601bf2e28e21cc24c6dda5c306e,train
data/datasets/A-/cluster_1_5108.BMP,A-,SUBJECT_GROUP_0497,504,504__M_Left_index_finger.BMP,1d9cd0b30a082ed2e48dae62641b133a4ab3dbc1f7cabb838cee35ff599ebbda,train
data/datasets/A-/cluster_1_512.BMP,A-,SUBJECT_GROUP_0523,531,531__M_Right_index_finger.BMP,57b7c3d2801b8704a622f229d66720d1ee4c3df2a721808270f9c9a542287904,validation
data/datasets/A-/cluster_1_5126.BMP,A-,SUBJECT_GROUP_0359,364,364__M_Right_thumb_finger.BMP,3ece14fdef5ee517d660b02db11a9a4f9eebf5beeb0b4401fc475fbd0f8c1086,train
data/datasets/A-/cluster_1_5128.BMP,A-,SUBJECT_GROUP_0327,332,332__M_Left_middle_finger.BMP,6002a8cafab09993673dc5fe86eb9dd1a2d1979d194938a6d6b0172da22c0401,train
data/datasets/A-/cluster_1_5137.BMP,A-,SUBJECT_GROUP_0374,380,380__M_Right_index_finger.BMP,0b5fab515730a73fb35c10450b5ffdae8188e08d6af6964e3c8894b2d9e91e7b,validation
data/datasets/A-/cluster_1_5143.BMP,A-,SUBJECT_GROUP_0064,249,249__M_Right_thumb_finger.BMP,3251abe7690665679e0cf5487b4e21614c23340a43a3cf4febcae96d0eeb859b,validation
data/datasets/A-/cluster_1_5174.BMP,A-,SUBJECT_GROUP_0275,280,280__M_Right_middle_finger.BMP,617b670d853f0a818b4d199385e24851fbf5889aabb014ca4a0c57e8c1bc9a68,train
data/datasets/A-/cluster_1_5175.BMP,A-,SUBJECT_GROUP_0325,330,330__M_Right_middle_finger.BMP,27bdb20fc52212464c830f3487db7704ff484ef42099aaae2a3d147715df7652,train
data/datasets/A-/cluster_1_5177.BMP,A-,SUBJECT_GROUP_0514,522,522__M_Right_index_finger.BMP,9453fcff805d295d40cc28558f647973212fcba90e095805127e540e8699c0a9,train
data/datasets/A-/cluster_1_5181.BMP,A-,SUBJECT_GROUP_0441,448,448__M_Right_middle_finger.BMP,9ba03ffc5f862b2aaa5f2db13b2a86cca71edb3c5c961a2e09cff8aa1b5e4644,train
data/datasets/A-/cluster_1_5182.BMP,A-,SUBJECT_GROUP_0377,383,383__M_Left_middle_finger.BMP,d0dcac8c81e375d9ba21d56bd311095bc441a90f364c7418b47b7ed5b6a3d3ca,train
data/datasets/A-/cluster_1_5185.BMP,A-,SUBJECT_GROUP_0573,584,584__M_Right_ring_finger.BMP,9256dcf250800dfbb65d291ab358cac3cddaa6293d8afe5d8a918a594ec53249,train
data/datasets/A-/cluster_1_5191.BMP,A-,SUBJECT_GROUP_0350,355,355__M_Right_index_finger.BMP,1409b933f1319dd0bd49d48ffe466086991742cdee520ea75721917794935f01,train
data/datasets/A-/cluster_1_5195.BMP,A-,SUBJECT_GROUP_0167,167,167__M_Left_middle_finger.BMP,4c14862979ad68c6f081dc2ec3e19ed9a1e8cbf0c7e5d5af6d7f9be1b879966d,train
data/datasets/A-/cluster_1_5201.BMP,A-,SUBJECT_GROUP_0003,3,3__M_Right_index_finger.BMP,ce9d2fc2a4d616a79847231bea9b5be8e6b872face3713e043959a231e32fc02,validation
data/datasets/A-/cluster_1_5216.BMP,A-,SUBJECT_GROUP_0575,587,587__M_Left_middle_finger.BMP,865d7f0e488f2dbd82ee082e47ed248e6527b0cc6fe7504e34d1e4498e14b467,test
data/datasets/A-/cluster_1_5218.BMP,A-,SUBJECT_GROUP_0486,493,493__M_Right_thumb_finger.BMP,ed1b29e711d21148db6cf1d229cc2fbbcba65a55abf60c09b1e5bc1a98baa8ae,train
data/datasets/A-/cluster_1_5221.BMP,A-,SUBJECT_GROUP_0431,438,438__M_Right_middle_finger.BMP,00863e09b5ed23e5d984187ed207f7013dc75e52314186f273122beaf67a5372,train
data/datasets/A-/cluster_1_5222.BMP,A-,SUBJECT_GROUP_0550,560,560__F_Left_thumb_finger.BMP,8e171c8cabf19edc242e0a30989e9fa3005e7cb07611a5037e41b4a46df1c980,test
data/datasets/A-/cluster_1_5224.BMP,A-,SUBJECT_GROUP_0573,584,584__M_Left_thumb_finger.BMP,13ca247fe46b8b7fc3ef5656b00d153424464029fb04eb47539591fc060f889f,train
data/datasets/A-/cluster_1_5227.BMP,A-,SUBJECT_GROUP_0039,39,39__M_Right_little_finger.BMP,06f6ac3d6c612691662cdac7dd674961c65f00d0bf8d688ed51f86a75e148df0,train
data/datasets/A-/cluster_1_5228.BMP,A-,SUBJECT_GROUP_0294,299,299__M_Right_thumb_finger.BMP,191f686ecfc818fd09b2db430e277505219e8872ba75ae672c5bc61e0223f824,validation
data/datasets/A-/cluster_1_5243.BMP,A-,SUBJECT_GROUP_0278,283,283__M_Right_index_finger.BMP,984aa03e8fc92cd06153737bb71226db052cdcf79421ee779b7e4e38759f40dd,validation
data/datasets/A-/cluster_1_5245.BMP,A-,SUBJECT_GROUP_0006,6,6__M_Right_middle_finger.BMP,514b179716d4982754c4c0dba1b2cb1d7d2a208330ce2087f35d469881aabf89,train
data/datasets/A-/cluster_1_5252.BMP,A-,SUBJECT_GROUP_0159,159,159__M_Left_middle_finger.BMP,9ec764bd721cf861b05a4289c44306a6c249413b785e5a81784fef6b8f0d98b9,train
data/datasets/A-/cluster_1_5255.BMP,A-,SUBJECT_GROUP_0339,344,344__M_Right_middle_finger.BMP,f778959bacfefda3af72ac10cf18501932fd25e18f20a6daf23cf7843621b5d2,train
data/datasets/A-/cluster_1_526.BMP,A-,SUBJECT_GROUP_0525,533,533__M_Right_middle_finger.BMP,9c4c7cd7158fa75ae7cee21f93d5933c7d188579a6969226b2ccd2f3ad899a95,train
data/datasets/A-/cluster_1_5263.BMP,A-,SUBJECT_GROUP_0347,352,352__M_Right_middle_finger.BMP,78cc71d967cc6db5823288d04d8a1bf85b05bf8c74e37fd6e594d0d4f886e0f9,train
data/datasets/A-/cluster_1_5275.BMP,A-,SUBJECT_GROUP_0321,326,326__M_Right_index_finger.BMP,76803a57aa682ca4d7e080c58aa996303129d17b84a0ff3e99353311ff6c49cb,train
data/datasets/A-/cluster_1_5279.BMP,A-,SUBJECT_GROUP_0274,279,279__M_Right_little_finger.BMP,4fc3207711c7352089968418da0a1b83f5ee84707e316cef2de031835e71f6ac,train
data/datasets/A-/cluster_1_528.BMP,A-,SUBJECT_GROUP_0390,396,396__M_Left_thumb_finger.BMP,3beb1b406edcad855b7ab3371b99d5691c51ce29d72a7028668b5901e8ede189,train
data/datasets/A-/cluster_1_5280.BMP,A-,SUBJECT_GROUP_0085,85,85__M_Left_little_finger.BMP,37883a476d331abee240f6382cb203c85dc34a444785ddef4e781c0b16981bbd,train
data/datasets/A-/cluster_1_5281.BMP,A-,SUBJECT_GROUP_0368,373,373__M_Left_ring_finger.BMP,a861d7008ccb059170070f2004a8276b41627c858f233730c256a820fccedfaf,validation
data/datasets/A-/cluster_1_5287.BMP,A-,SUBJECT_GROUP_0151,151,151__M_Left_index_finger.BMP,bbfeab3b10b9d594b86c234197dd7de67419253cd537cd2cffdbdfd783c6bc0f,validation
data/datasets/A-/cluster_1_5294.BMP,A-,SUBJECT_GROUP_0283,288,288__M_Left_middle_finger.BMP,f86920bf21d0c54b7ae7217fd36d3bdfdcc544d29db4c634b13d90e19d9df5af,train
data/datasets/A-/cluster_1_5296.BMP,A-,SUBJECT_GROUP_0098,98,98__M_Left_index_finger.BMP,3f5af75071dae160f00ddd8ef46f0bc199a0306011aef74da62479abb232e5f9,test
data/datasets/A-/cluster_1_530.BMP,A-,SUBJECT_GROUP_0353,358,358__M_Right_little_finger.BMP,b62fc1bfeb1ea3a2f9ddcc9a357f0cdd85765f61784cde79bcb5fe0902826d90,train
data/datasets/A-/cluster_1_5306.BMP,A-,SUBJECT_GROUP_0337,342,342__M_Left_middle_finger.BMP,81fbee3569be15633e63b5c47fa3adbd22d844e39058bec8b84e68814ed99589,validation
data/datasets/A-/cluster_1_5310.BMP,A-,SUBJECT_GROUP_0042,42,42__F_Right_index_finger.BMP,9f04bfcb084e0ae30250804738ab3a728cfd6c7c06e484118883ff7f13707ee2,train
data/datasets/A-/cluster_1_5318.BMP,A-,SUBJECT_GROUP_0377,383,383__M_Right_index_finger.BMP,cdd3cd8f096a650514817c763ace4f3df05286521a0d431b5700cae7fc308484,train
data/datasets/A-/cluster_1_5322.BMP,A-,SUBJECT_GROUP_0378,384,384__F_Right_thumb_finger.BMP,ddf42669166ac48ecba36b7b3d4fcb1c371a3beba5f0f3553cf38fdc61cac25d,train
data/datasets/A-/cluster_1_5323.BMP,A-,SUBJECT_GROUP_0377,383,383__M_Right_ring_finger.BMP,356a3b76bef3f3451da39d5c5a1a51989aee0286e551867ac313bf8f72dc9007,train
data/datasets/A-/cluster_1_5334.BMP,A-,SUBJECT_GROUP_0126,126,126__F_Right_middle_finger.BMP,2b102db9afe0172b47e0765f9bb5252a6cb35c6958a10337a7c78d4a1cab95f3,train
data/datasets/A-/cluster_1_5339.BMP,A-,SUBJECT_GROUP_0322,327,327__M_Right_little_finger.BMP,6702d9118eda606b26ff2cf07d19364ec45402bbd5c9a42f5ed5ff8904e8f33b,train
data/datasets/A-/cluster_1_5355.BMP,A-,SUBJECT_GROUP_0068,68,68__M_Right_middle_finger.BMP,9bcfa7829ff616f94a0e220d3b279e6610ae0d49b94c4ed164de874f3e0ddf11,test
data/datasets/A-/cluster_1_5359.BMP,A-,SUBJECT_GROUP_0510,518,518__M_Right_index_finger.BMP,7cc6157a62716c122cda7e229b184345e31f57b90023a76f5ec2985cecec84e5,train
data/datasets/A-/cluster_1_5361.BMP,A-,SUBJECT_GROUP_0043,43,43__F_Right_index_finger.BMP,5070d7065e3f61e1220cfe882c5767aebb790b91de3b9464ebbdd939afebab22,train
data/datasets/A-/cluster_1_5373.BMP,A-,SUBJECT_GROUP_0531,539,539__F_Right_thumb_finger.BMP,47b6591436c32d89862bdb042f24147a00dcaad2e8a8c4c06a91382e195de863,test
data/datasets/A-/cluster_1_5377.BMP,A-,SUBJECT_GROUP_0308,313,313__M_Left_index_finger.BMP,d1898ff55b02a3003e8ea4643bc1212e9957dcdeb9bd8742da8c40ce1106aa6b,train
data/datasets/A-/cluster_1_5378.BMP,A-,SUBJECT_GROUP_0525,533,533__M_Left_index_finger.BMP,7152e8608194dd076bf11ef21e9c20fd0eaaf4cdf353b3a4482fb54e2f5094b0,train
data/datasets/A-/cluster_1_5379.BMP,A-,SUBJECT_GROUP_0278,283,283__M_Right_little_finger.BMP,d637e9eade99dde895dcc6b8265effee3db1632fd4b2f21ae716fa4f5cbd7e66,validation
data/datasets/A-/cluster_1_5385.BMP,A-,SUBJECT_GROUP_0386,392,392__M_Left_ring_finger.BMP,08ae27f5e332d3f20ffd37f171bcce81d10c5ceaedadbf4e7e1b67f1e18fdf04,train
data/datasets/A-/cluster_1_5393.BMP,A-,SUBJECT_GROUP_0028,28,28__M_Left_index_finger.BMP,880a0359f1fbb1032ae48702c257d81018515ba09c79a1a0790ecdb6f4eb66e3,train
data/datasets/A-/cluster_1_5397.BMP,A-,SUBJECT_GROUP_0381,387,387__F_Right_thumb_finger.BMP,f7fb00f086732f6dc47022a0598319caed61b2832ef76d4047edeb363a3b45ba,validation
data/datasets/A-/cluster_1_5398.BMP,A-,SUBJECT_GROUP_0500,507,507__M_Right_thumb_finger.BMP,44d374ad7fa4377dbac93774d742180cfc89fbe25c97baf50b22f82db281c6e2,train
data/datasets/A-/cluster_1_5407.BMP,A-,SUBJECT_GROUP_0435,442,442__F_Left_thumb_finger.BMP,ce80edde16e488da66f8fb28031cb1e4b556979ae72e5119eb5c3cab1bf0054f,validation
data/datasets/A-/cluster_1_5410.BMP,A-,SUBJECT_GROUP_0198,198,198__M_Right_thumb_finger.BMP,f087ac6bd2336979127fe2fee98da613cced76de6ec1297a3ccc51265826e298,train
data/datasets/A-/cluster_1_5425.BMP,A-,SUBJECT_GROUP_0338,343,343__M_Left_index_finger.BMP,565f1ed75931e69f396a42495bb03c7963d9a69e6444daaf8034095331ac6750,train
data/datasets/A-/cluster_1_5428.BMP,A-,SUBJECT_GROUP_0563,573,573__F_Right_middle_finger.BMP,f32c38050af4a48d5dad5be97e92b6246f6762086f2c0b2128409d18b6ee0b5f,test
data/datasets/A-/cluster_1_5434.BMP,A-,SUBJECT_GROUP_0092,92,92__F_Right_thumb_finger.BMP,4f4eb31224cbbf804b17ed784eff33b6f199caf193efd49221cbee40e53c2562,validation
data/datasets/A-/cluster_1_5442.BMP,A-,SUBJECT_GROUP_0203,205,205__F_Left_middle_finger.BMP,f321a692f7013b555cce62e5743d4ee8204f88a23ea396bc8ea7f74da105c68e,test
data/datasets/A-/cluster_1_5444.BMP,A-,SUBJECT_GROUP_0477,484,484__M_Right_thumb_finger.BMP,6d62b1a401fa563c800975ad85a837d87a39ced74fbc93f008cec2403420ebc5,train
data/datasets/A-/cluster_1_5446.BMP,A-,SUBJECT_GROUP_0480,487,487__M_Left_index_finger.BMP,8dee4b5d22c4b5293c3db163be084909087fac54efe9921993db811f15f643ef,train
data/datasets/A-/cluster_1_545.BMP,A-,SUBJECT_GROUP_0135,135,135__F_Right_middle_finger.BMP,52df20841dfbc84b6528c1cf29b7af4c58eaa1998c2c33415a69c8b11ad392b6,train
data/datasets/A-/cluster_1_5454.BMP,A-,SUBJECT_GROUP_0045,45,45__M_Right_middle_finger.BMP,c48c23cfca79a19a28cef3374306103fe67c3bd8502787421e72791156b92ed4,train
data/datasets/A-/cluster_1_5463.BMP,A-,SUBJECT_GROUP_0580,593,593__M_Right_index_finger.BMP,a0c7a2389a97a64a2d8696ccc2deaa8599fddf64d032dcb2be3b591bfb6edd2e,test
data/datasets/A-/cluster_1_5467.BMP,A-,SUBJECT_GROUP_0334,339,339__M_Right_thumb_finger.BMP,2af85236e8bb0f307a717f5320597e86637024cc5385960c357e08071c1812b9,validation
data/datasets/A-/cluster_1_5469.BMP,A-,SUBJECT_GROUP_0438,445,445__M_Right_thumb_finger.BMP,3b30982922e3a12840529ad256bd643b2814bba3eda01c8656a5e94ec720bd10,train
data/datasets/A-/cluster_1_547.BMP,A-,SUBJECT_GROUP_0530,538,538__M_Right_index_finger.BMP,9b1b301651f52062709960418981db643f562e28e87b56ccb9f6622f4d6c0c51,train
data/datasets/A-/cluster_1_5475.BMP,A-,SUBJECT_GROUP_0018,18,18__M_Right_index_finger.BMP,3bbbbc5f9cbebe8eaa988cb755056ae8fa059d41b7611777b1161dcb38bfd69a,validation
data/datasets/A-/cluster_1_548.BMP,A-,SUBJECT_GROUP_0083,83,83__M_Right_index_finger.BMP,968b9f58b165ebf50e45f73ce8a2117c89cfa83c4857369b0139b0e0490a2ee0,train
data/datasets/A-/cluster_1_5482.BMP,A-,SUBJECT_GROUP_0190,190,190__M_Right_ring_finger.BMP,2d205d951ec0587f77355d32cbb5f83b3cbebebed8453269fa5822e645003985,train
data/datasets/A-/cluster_1_5489.BMP,A-,SUBJECT_GROUP_0538,546,546__M_Right_middle_finger.BMP,77e306d0ef7e9d030b51d973fcc74fd24ad865221f0eac253d8414b2a07259e2,test
data/datasets/A-/cluster_1_5490.BMP,A-,SUBJECT_GROUP_0328,333,333__M_Left_ring_finger.BMP,ed73b677ef58ab1bb85c2a3248079f7ce886087ebca02413766d6aedeba9b1bb,train
data/datasets/A-/cluster_1_5496.BMP,A-,SUBJECT_GROUP_0178,178,178__M_Right_thumb_finger.BMP,b10c17d4a9f9ed3b759726018b3da220c3051e91da7aa836307aa11e7709f835,train
data/datasets/A-/cluster_1_550.BMP,A-,SUBJECT_GROUP_0312,317,317__M_Right_ring_finger.BMP,0dfb0579eba0bbe23a299a9672ae25da97316571ccacca23666d2ec6cf1326ff,validation
data/datasets/A-/cluster_1_5501.BMP,A-,SUBJECT_GROUP_0427,434,434__M_Left_middle_finger.BMP,295ccf9f5fef2e6892f5498ac24c28e8f74a1c2ad3a6ea5c4d052ef503be0f44,train
data/datasets/A-/cluster_1_5511.BMP,A-,SUBJECT_GROUP_0359,364,364__M_Right_little_finger.BMP,42671820b50d413bb3e0e98d6cdaf0a281af0748a3d489e5202407db9a0051bf,train
data/datasets/A-/cluster_1_5523.BMP,A-,SUBJECT_GROUP_0125,125,125__M_Left_thumb_finger.BMP,3517e670467cb1f851862790b05c05a3670f94c05e69864194976ac1357fa996,test
data/datasets/A-/cluster_1_5530.BMP,A-,SUBJECT_GROUP_0022,22,22__M_Right_thumb_finger.BMP,8fc7d0c917a3be4d3f3093e0dc282dd8fade1b5b0a22fe7b7ca91372d7c3efed,test
data/datasets/A-/cluster_1_5533.BMP,A-,SUBJECT_GROUP_0134,134,134__M_Left_ring_finger.BMP,1a124eaaa6e86bc73016ddcd1e49ec0366e6c04a094afa275a8cfb9b7c926e53,validation
data/datasets/A-/cluster_1_5536.BMP,A-,SUBJECT_GROUP_0294,299,299__M_Left_ring_finger.BMP,8f0e2b4ed9b438bed8827f667088bd01573a74481595ae345a2e5fa8ff54bcb1,validation
data/datasets/A-/cluster_1_5545.BMP,A-,SUBJECT_GROUP_0239,242,242__M_Right_index_finger.BMP,8947c4c1168c8db3b84a8f815baa6dbb36f1d72a7d97be6e361c7fee664805a7,test
data/datasets/A-/cluster_1_555.BMP,A-,SUBJECT_GROUP_0529,537,537__M_Right_thumb_finger.BMP,09fc735fd6dbbba5969291b4c7d4f6cb89191f9e852f02fd87a3cbd697d710c3,validation
data/datasets/A-/cluster_1_5550.BMP,A-,SUBJECT_GROUP_0511,519,519__M_Left_little_finger.BMP,a84a4ef4c6056c0fcfad763af08121f58bd6907a7553a260de3130d3cc9979d0,train
data/datasets/A-/cluster_1_5556.BMP,A-,SUBJECT_GROUP_0112,112,112__M_Right_thumb_finger.BMP,aa4cc553fc94cd3dec4e94bbf13795290ed2d19e85283d49af6ff1ef4be12f9e,train
data/datasets/A-/cluster_1_5559.BMP,A-,SUBJECT_GROUP_0112,112,112__M_Right_index_finger.BMP,9d646870473c55c750d525e74d2ded2df19c605826d454d70f06b9a67e2b447d,train
data/datasets/A-/cluster_1_5568.BMP,A-,SUBJECT_GROUP_0294,299,299__M_Left_middle_finger.BMP,c9ecadf07fb1d8de2b03f5db1f2dbe3b09634fa1c9c868f135c99660e31094d3,validation
data/datasets/A-/cluster_1_5569.BMP,A-,SUBJECT_GROUP_0444,451,451__M_Right_middle_finger.BMP,bcf11a9b815c1b164e0fabf618a2d661d49e75ad482b48d5c138534de05d64db,train
data/datasets/A-/cluster_1_5573.BMP,A-,SUBJECT_GROUP_0082,82,82__M_Right_middle_finger.BMP,de7558813936b095947e3ca77be162f3722d38e0ec903060d679b00eb7deb5f7,validation
data/datasets/A-/cluster_1_558.BMP,A-,SUBJECT_GROUP_0489,496,496__M_Right_index_finger.BMP,acd515fddc3f78b904f75767df7f352545d6047bddda98b7a2f230d15235f278,train
data/datasets/A-/cluster_1_5582.BMP,A-,SUBJECT_GROUP_0227,230,230__M_Right_middle_finger.BMP,e03afb6dc8798a14e0c0b3e90737abbdf0f52c098d0dff0f1e6f4f1a022b4236,validation
data/datasets/A-/cluster_1_5587.BMP,A-,SUBJECT_GROUP_0534,542,542__M_Right_thumb_finger.BMP,ca017b1cc5fcda39d7a593736e7f89a9f4a8f307451c4acc4a194c74191e458c,train
data/datasets/A-/cluster_1_5590.BMP,A-,SUBJECT_GROUP_0258,263,263__F_Right_index_finger.BMP,dd66bf8d6484c98d6fb909f42e24c432fa3656eb328560b61f1268210e2f9dfe,train
data/datasets/A-/cluster_1_5595.BMP,A-,SUBJECT_GROUP_0270,275,275__F_Left_middle_finger.BMP,1acf278a117d9c9e4283dde75f7c442feb59b3b5ecc0bc0e2368e872e567897e,validation
data/datasets/A-/cluster_1_5596.BMP,A-,SUBJECT_GROUP_0268,273,273__M_Right_index_finger.BMP,dc1e4d5cb7a3fd899ad84ffca3928d6088d189972a126c9edcbe4fe7a82f9d38,train
data/datasets/A-/cluster_1_56.BMP,A-,SUBJECT_GROUP_0018,18,18__M_Right_thumb_finger.BMP,75fb4a1dc68264c6d890cb021bb1009c6c32192bd7201b84dc24279d01d8ba09,validation
data/datasets/A-/cluster_1_5602.BMP,A-,SUBJECT_GROUP_0456,463,463__F_Left_middle_finger.BMP,433c3ce17bdd1aa02659b38f9f162bdb904aa63dd396019fe74a07e6221e4dfa,test
data/datasets/A-/cluster_1_5605.BMP,A-,SUBJECT_GROUP_0133,133,133__M_Right_middle_finger.BMP,8321f996fe2afbd0d84fec86e231d53168641973b72ac821f751db8012aed939,train
data/datasets/A-/cluster_1_5611.BMP,A-,SUBJECT_GROUP_0219,222,222__M_Left_little_finger.BMP,16e60b8744ebed662c6c218f559c80c797a8d0043779f221eb420f910f1065be,train
data/datasets/A-/cluster_1_5613.BMP,A-,SUBJECT_GROUP_0030,30,30__F_Left_middle_finger.BMP,7ff68adb46c743cc7b24eaabb71b03278b856b79ba07c5b4143fcd6b74311a05,train
data/datasets/A-/cluster_1_5614.BMP,A-,SUBJECT_GROUP_0329,334,334__F_Right_index_finger.BMP,f92a645a93652325d3a705857bc41da31f9aa66288d1209ea4c737b48253e276,train
data/datasets/A-/cluster_1_5624.BMP,A-,SUBJECT_GROUP_0260,265,265__M_Right_middle_finger.BMP,4123482c5dd4f773cb48d0ec61677ebae0852d8bc960cb205b8fd2b48ed7d429,test
data/datasets/A-/cluster_1_5628.BMP,A-,SUBJECT_GROUP_0407,413,413__M_Right_index_finger.BMP,5888790e084c4c92fc81c7eedced885e2e9ef2ee6ace1cdfad902b9028a69cf5,train
data/datasets/A-/cluster_1_563.BMP,A-,SUBJECT_GROUP_0406,412,412__M_Left_middle_finger.BMP,382261c2518b1d4ab0da4fcca1cadff5b6644f92af4b199c96e758b76ddf61bb,train
data/datasets/A-/cluster_1_5654.BMP,A-,SUBJECT_GROUP_0124,124,124__M_Right_index_finger.BMP,ed1b258ad13a2c6e7bec40a9a2057a875877f6655e3b84922f5e9be06497a343,train
data/datasets/A-/cluster_1_5658.BMP,A-,SUBJECT_GROUP_0547,557,557__M_Left_index_finger.BMP,c48ef97e4d8658fcd21403818f991cfd612f8a9585e5281ebdc4f104e5e01260,test
data/datasets/A-/cluster_1_5659.BMP,A-,SUBJECT_GROUP_0036,36,36__M_Right_ring_finger.BMP,6d2f4c8b6c596040bed3d0ebc5080c62754740481d825f9920d6954282df2eb9,train
data/datasets/A-/cluster_1_5662.BMP,A-,SUBJECT_GROUP_0265,270,270__M_Left_middle_finger.BMP,94741d980a9e8c74f67459aa7a4da8cc0b1a55bf52f8f7eb7c102a8ee00cd95c,train
data/datasets/A-/cluster_1_5666.BMP,A-,SUBJECT_GROUP_0229,232,232__M_Left_thumb_finger.BMP,a789d3cdaa826fe31431d2c976bd433881a548ad1582da5bd2353705487639c9,train
data/datasets/A-/cluster_1_5669.BMP,A-,SUBJECT_GROUP_0053,53,53__M_Left_middle_finger.BMP,298c37edd4e35ed4a79b30809468eeac7823c892d25e41cb1f091ca53e6fabd5,train
data/datasets/A-/cluster_1_5674.BMP,A-,SUBJECT_GROUP_0583,596,596__M_Left_ring_finger.BMP,0ad6b393f62dffd03ac0c418881cb3d5fe2eb4b4d14812e62e4cc70626a4941d,train
data/datasets/A-/cluster_1_5676.BMP,A-,SUBJECT_GROUP_0497,504,504__M_Right_thumb_finger.BMP,6b3def1c9e1bb8d13f9d610659405a8e2390426d9a94f6a43660ec881446d3a3,train
data/datasets/A-/cluster_1_5688.BMP,A-,SUBJECT_GROUP_0286,291,291__M_Left_index_finger.BMP,8c5f160cadb6b8817a9b846615e9aff30d3417838379665b9ee0301504d0e372,train
data/datasets/A-/cluster_1_5695.BMP,A-,SUBJECT_GROUP_0108,108,108__M_Right_little_finger.BMP,89a3ec1494a0b5de06f4b73b7352f612a8cd6a3575871fb87540c06692ad633a,validation
data/datasets/A-/cluster_1_5710.BMP,A-,SUBJECT_GROUP_0086,86,86__M_Right_middle_finger.BMP,b8d43b73e53d15590cbed2599722748e0d0d71ad172f0e78854619796e07b8f6,test
data/datasets/A-/cluster_1_5713.BMP,A-,SUBJECT_GROUP_0318,323,323__M_Right_middle_finger.BMP,20c58ab07141f5d28ebaa01a9f677f01bb24756a76cbbf2095ceff1f3763caf0,train
data/datasets/A-/cluster_1_5724.BMP,A-,SUBJECT_GROUP_0274,279,279__M_Right_middle_finger.BMP,2d57177b398459440b459fb5e79e2085a8f779e2870efdd13fcfa2e8050dda85,train
data/datasets/A-/cluster_1_5725.BMP,A-,SUBJECT_GROUP_0365,370,370__M_Right_ring_finger.BMP,eb42d8154639ab821cb931e1b0d5629a6af475e47098f4e97c87e5dd3d7a3c94,train
data/datasets/A-/cluster_1_5733.BMP,A-,SUBJECT_GROUP_0565,575,575__M_Right_thumb_finger.BMP,c89377d6fb9de038ba463a02c7ad9f6916288cd9ba0be4a4707686a274f65410,validation
data/datasets/A-/cluster_1_5738.BMP,A-,SUBJECT_GROUP_0398,404,404__M_Right_index_finger.BMP,8885098a29176a498ebf8f8a1851acb1358ef1ba0661f3262d07a790b57187bd,validation
data/datasets/A-/cluster_1_5743.BMP,A-,SUBJECT_GROUP_0309,314,314__M_Right_ring_finger.BMP,b756c8066da55a3d008325e44327405549920fa93467b4a0e74e771b86ea8425,validation
data/datasets/A-/cluster_1_5754.BMP,A-,SUBJECT_GROUP_0539,547,547__M_Left_index_finger.BMP,46e6f84712903c8cb840faa4f31b280f266c74f4650827133632566fafaad08e,train
data/datasets/A-/cluster_1_5757.BMP,A-,SUBJECT_GROUP_0016,16,16__M_Right_thumb_finger.BMP,75859acd97dd2b5e90c3a957418c2f9ca2b8b11f4eeb9a871b85a7ef7206da4a,train
data/datasets/A-/cluster_1_5778.BMP,A-,SUBJECT_GROUP_0090,90,90__M_Right_thumb_finger.BMP,c9edff77386d438e51b04c883034d09b231f05631e596a0b6251de75b0ae1d7c,train
data/datasets/A-/cluster_1_5779.BMP,A-,SUBJECT_GROUP_0358,363,363__M_Right_ring_finger.BMP,d3a906035a71dd66033d332c0a618f49ba9e237e7b7d2e9f9aa5f70216153d44,test
data/datasets/A-/cluster_1_5782.BMP,A-,SUBJECT_GROUP_0161,161,161__F_Right_middle_finger.BMP,6be60f9d0f251acabca6027d010bbdde4276405394367863234adff0a6a2cd75,train
data/datasets/A-/cluster_1_5784.BMP,A-,SUBJECT_GROUP_0147,147,147__M_Right_middle_finger.BMP,8e71719c8ceb602c456004f1f00a024deaf7a145d1293abb33ca42b76589047f,train
data/datasets/A-/cluster_1_5787.BMP,A-,SUBJECT_GROUP_0375,381,381__M_Right_middle_finger.BMP,7590efc7f4c0c65e153caa999cf858d3520fea07c8c493a04e68797ef3d237ce,train
data/datasets/A-/cluster_1_5789.BMP,A-,SUBJECT_GROUP_0086,86,86__M_Right_ring_finger.BMP,dd2f3bb1401e667e4757ba398d33dac9fa1e4103056b0a86397c6e9b9079d70f,test
data/datasets/A-/cluster_1_579.BMP,A-,SUBJECT_GROUP_0049,49,49__M_Left_middle_finger.BMP,365ac14f2b20c0980d22cc842441cc3811a6ae077267b74e135959d12b23081c,train
data/datasets/A-/cluster_1_5794.BMP,A-,SUBJECT_GROUP_0166,166,166__M_Right_index_finger.BMP,cf6fcc7cfafddfb8c9d943c5869ee550d22dc2e6ca3c4ff1f93c9600c0d6aea4,train
data/datasets/A-/cluster_1_5797.BMP,A-,SUBJECT_GROUP_0104,104,104__M_Left_middle_finger.BMP,df5a7b6413f0096752e7fbb4266d03b7c0569e2445484a3e87d45dd38784253c,validation
data/datasets/A-/cluster_1_5801.BMP,A-,SUBJECT_GROUP_0172,172,172__M_Right_middle_finger.BMP,8f1db6ed68563b13997cd475b2d391ed2e9fb1d3624a4fa1ae210bb3438ded76,train
data/datasets/A-/cluster_1_5802.BMP,A-,SUBJECT_GROUP_0203,205,205__F_Right_index_finger.BMP,03b818f77ba2722e0695ee159244d36fa6ea877e61f7f43f0c6eac4db27a5ae3,test
data/datasets/A-/cluster_1_5816.BMP,A-,SUBJECT_GROUP_0345,350,350__M_Right_middle_finger.BMP,6ffee112b1ee5d52a028ee0dcd77b64a8f2c1f49ae52b50963be4a64fb9aeede,train
data/datasets/A-/cluster_1_5819.BMP,A-,SUBJECT_GROUP_0054,54,54__M_Left_little_finger.BMP,299030340d52c5709029c062c6d75fbc8244a24681ae4efe383a1ad9502ee101,train
data/datasets/A-/cluster_1_5821.BMP,A-,SUBJECT_GROUP_0387,393,393__M_Left_thumb_finger.BMP,f4f72573e51f75f6babd694b8c47fe78fceef8d7473184db29691599b205e131,train
data/datasets/A-/cluster_1_5838.BMP,A-,SUBJECT_GROUP_0217,220,220__F_Right_index_finger.BMP,9d791de6944bab8a3ab62f0970a4c8c72f84e465b0f93d3c5b06a7ec8a46c73a,validation
data/datasets/A-/cluster_1_584.BMP,A-,SUBJECT_GROUP_0030,30,30__F_Right_middle_finger.BMP,57c7cad75cac328aa0b03ea6243f8d8e82243404543024cd5a6559857dd4f1a4,train
data/datasets/A-/cluster_1_5840.BMP,A-,SUBJECT_GROUP_0032,32,32__M_Right_index_finger.BMP,b737232b567bd0eb3d38378a3915ffdd3517189829ee20581066b7b5776e7e25,train
data/datasets/A-/cluster_1_5848.BMP,A-,SUBJECT_GROUP_0460,467,467__M_Right_middle_finger.BMP,618349e84cdc09032081892180ef634bf8ea9190b9c22fd52a119cefdbe999d0,train
data/datasets/A-/cluster_1_5857.BMP,A-,SUBJECT_GROUP_0190,190,190__M_Left_middle_finger.BMP,013720424d5b28120ca31b07801f37eae64c5d147219f231ff4cc122bfe08251,train
data/datasets/A-/cluster_1_5878.BMP,A-,SUBJECT_GROUP_0387,393,393__M_Right_middle_finger.BMP,404c219e8093e52938e459e611d1769d06d54a4e4347d84fbb1df8a7b4708660,train
data/datasets/A-/cluster_1_5882.BMP,A-,SUBJECT_GROUP_0506,514,514__F_Right_index_finger.BMP,faa64c2e84ab7caefc7b7488d4bd8f9234cd58ca4d30c707c6aa921afcadca86,train
data/datasets/A-/cluster_1_5891.BMP,A-,SUBJECT_GROUP_0110,110,110__F_Left_middle_finger.BMP,0a9950d4f615342e3b81986615c35759b0f40567f886eb326b81b458822058e0,train
data/datasets/A-/cluster_1_5898.BMP,A-,SUBJECT_GROUP_0532,540,540__F_Right_middle_finger.BMP,ffd1037842b2f4651a5d5e7bca6263283b12c555a6d01b10ef6692c192e947d7,validation
data/datasets/A-/cluster_1_5901.BMP,A-,SUBJECT_GROUP_0048,48,48__F_Right_index_finger.BMP,cd126c0058786493dc6062f9e7b9f8f92f6d4ce1f754c675879976e1f5a74e2f,test
data/datasets/A-/cluster_1_5907.BMP,A-,SUBJECT_GROUP_0242,245,245__M_Left_ring_finger.BMP,8207cbd582d8e55d5aa85a2cfe9a20919877af8ae4d1685e15cb057417fb3d58,train
data/datasets/A-/cluster_1_5920.BMP,A-,SUBJECT_GROUP_0450,457,457__M_Left_index_finger.BMP,de2015ace3dd668891409e8dd0c3f6217bfae6d52e7169ffc3d377bff23085de,validation
data/datasets/A-/cluster_1_5927.BMP,A-,SUBJECT_GROUP_0395,401,401__M_Right_middle_finger.BMP,ea3280c75e94492a2912cc9e385297b98b33711196fa19e8a9d05c9183406a9d,train
data/datasets/A-/cluster_1_5935.BMP,A-,SUBJECT_GROUP_0006,6,6__M_Right_ring_finger.BMP,6aafd8609fff4ab413e8eb0ce338534c58f3a1b7360297494126ff186eef7b18,train
data/datasets/A-/cluster_1_5945.BMP,A-,SUBJECT_GROUP_0159,159,159__M_Right_middle_finger.BMP,457063e8bd3622b2fcc58abd8d139bb3778d9bb3f4b1ac261935cec93335bed9,train
data/datasets/A-/cluster_1_5949.BMP,A-,SUBJECT_GROUP_0073,73,73__M_Right_index_finger.BMP,d258c29b1d01d9b0734f59618d70ed157b3c1b8a3a1d91a2e55a300ec73ca526,train
data/datasets/A-/cluster_1_5953.BMP,A-,SUBJECT_GROUP_0079,79,79__M_Right_middle_finger.BMP,09424775ec4087f7a7da14be18f22082e39986f1355b24b4f2ded8ef86286030,train
data/datasets/A-/cluster_1_5955.BMP,A-,SUBJECT_GROUP_0569,580,580__M_Right_middle_finger.BMP,a4f94a5a31bf4592334413d9be56a11326664236b7284925bb44c30d8a976509,test
data/datasets/A-/cluster_1_596.BMP,A-,SUBJECT_GROUP_0324,329,329__M_Right_thumb_finger.BMP,2f6b2326e4c816c6425ac69886c262cc7a11788284c46dee9a208f4088d00abc,train
data/datasets/A-/cluster_1_5972.BMP,A-,SUBJECT_GROUP_0519,527,527__M_Right_index_finger.BMP,15c688b21a45ac040962150df67fe23bf53189374a2e417d3c3ea9b864545c4f,train
data/datasets/A-/cluster_1_5982.BMP,A-,SUBJECT_GROUP_0528,536,536__F_Right_middle_finger.BMP,5cac2bef0e3ee197451c4678fc5dabb19c1a6c61c239d9c2b06b6cebdebc1917,test
data/datasets/A-/cluster_1_5984.BMP,A-,SUBJECT_GROUP_0017,17,17__M_Right_ring_finger.BMP,ced720bae926098865cb154cd88fec986a458ea7f90b204d32414225de88ca11,test
data/datasets/A-/cluster_1_599.BMP,A-,SUBJECT_GROUP_0068,68,68__M_Right_ring_finger.BMP,d7e11ce6a79d49902f05460f83f5af9beb86bb9beb8f90383f9a947f53f168b9,test
data/datasets/A-/cluster_1_5991.BMP,A-,SUBJECT_GROUP_0081,81,81__F_Right_middle_finger.BMP,6f014d84d23027b175d27007cd9fae5ca06d2b03e1331251b2f06ffdb56f3e54,test
data/datasets/A-/cluster_1_5996.BMP,A-,SUBJECT_GROUP_0324,329,329__M_Right_middle_finger.BMP,01ea28441ff3f93109c3122239e713aa252d4f3987c67cc5770ae012bdcf3043,train
data/datasets/A-/cluster_1_5997.BMP,A-,SUBJECT_GROUP_0457,464,464__M_Right_index_finger.BMP,6fa589cec6bf95de65bff688a7b7424603c7a996ae97c338995f67224f9d40f6,train
data/datasets/A-/cluster_1_5998.BMP,A-,SUBJECT_GROUP_0204,206,206__M_Right_index_finger.BMP,3f35b9a265352ebcdc3284256960a130e18f6a12b24f2e375e25388b1d52423f,validation
data/datasets/A-/cluster_1_600.BMP,A-,SUBJECT_GROUP_0230,233,233__M_Right_ring_finger.BMP,d855bf91c07d64280bb90452eb55f565965ecc1b04d65ecbafd96454630357c4,test
data/datasets/A-/cluster_1_603.BMP,A-,SUBJECT_GROUP_0409,415,415__M_Right_middle_finger.BMP,2a2cee34f53b79bf9d699dd6ffd4f7c8fdbc1cefbc24054c54b757a4dc372553,train
data/datasets/A-/cluster_1_605.BMP,A-,SUBJECT_GROUP_0163,163,163__M_Right_thumb_finger.BMP,7c6cc10b18c0b338582cf5f9854ae791ef721eb85d6167f76204a8ae8c9e857b,train
data/datasets/A-/cluster_1_606.BMP,A-,SUBJECT_GROUP_0406,412,412__M_Right_index_finger.BMP,fae005479b829895ca372a57f343ab09179510ac8e5c2a6dfeda84feee9738cd,train
data/datasets/A-/cluster_1_611.BMP,A-,SUBJECT_GROUP_0520,528,528__F_Right_thumb_finger.BMP,c9f89e72b1f8e3c101459a8b1227f6221b27e4da4f3081c912eafd4b6f3495b1,train
data/datasets/A-/cluster_1_613.BMP,A-,SUBJECT_GROUP_0446,453,453__F_Right_index_finger.BMP,6f0e18254e8685198ad40bf49580d0b744bd3f6cc1bd96313dfef2c606638013,train
data/datasets/A-/cluster_1_615.BMP,A-,SUBJECT_GROUP_0078,78,78__F_Left_middle_finger.BMP,65a1b619df325d91c8c390c10a03e0b64d4773a06d6944ab67cb8c633bc9daad,train
data/datasets/A-/cluster_1_618.BMP,A-,SUBJECT_GROUP_0312,317,317__M_Left_thumb_finger.BMP,75a14b0fb4a949c5ff60a92d7ab4bf546817cd4f6fb175ec0ddb48ff607879ce,validation
data/datasets/A-/cluster_1_621.BMP,A-,SUBJECT_GROUP_0428,435,435__F_Left_index_finger.BMP,35c0bcd5e92ad919d26eedc1b866446fccc078e8151dd694862154e6bbaff867,test
data/datasets/A-/cluster_1_627.BMP,A-,SUBJECT_GROUP_0055,55,55__M_Left_middle_finger.BMP,518c6000ead5b2715448df3d0ba4d3642757d9bf1f744c466c1b693b0e4a4ffc,train
data/datasets/A-/cluster_1_629.BMP,A-,SUBJECT_GROUP_0486,493,493__M_Left_ring_finger.BMP,4d078e596fee0a3cf983c8aea033a4160b1810d3aa37573f0811cd2e33e2a8fc,train
data/datasets/A-/cluster_1_63.BMP,A-,SUBJECT_GROUP_0145,145,145__M_Left_ring_finger.BMP,4ee79c03024ea86e30340c105f4cd83ceae366650d453caf139cab79d53d24ee,train
data/datasets/A-/cluster_1_637.BMP,A-,SUBJECT_GROUP_0294,299,299__M_Right_index_finger.BMP,9cd86cf4bedf4fe4f37130beb700e821c22736de86d589860a71844412a97c6f,validation
data/datasets/A-/cluster_1_640.BMP,A-,SUBJECT_GROUP_0446,453,453__F_Right_middle_finger.BMP,7b78db07bc65fd2971394237b290b53bf1cb5912b12db2849c65db4687ce75df,train
data/datasets/A-/cluster_1_652.BMP,A-,SUBJECT_GROUP_0300,305,305__M_Right_thumb_finger.BMP,c4d189276d7464ecce1215b269344d9abefc721434f40b4d9ee286c0010d9831,test
data/datasets/A-/cluster_1_658.BMP,A-,SUBJECT_GROUP_0501,508,508__F_Right_index_finger.BMP,18fc0e191edd6a95ae45101d9d7047477718c0e4d09427031eebd0139bedd4e6,train
data/datasets/A-/cluster_1_659.BMP,A-,SUBJECT_GROUP_0085,85,85__M_Right_ring_finger.BMP,6dbea9a31e5c126b8365f02d848ec3945d1a77e379369b73315f317cdabaf372,train
data/datasets/A-/cluster_1_66.BMP,A-,SUBJECT_GROUP_0582,595,595__M_Right_index_finger.BMP,0b18ff79cac483bdb711ea8f058dc45a91c35aad68fc6909caef1972fb94f0e3,validation
data/datasets/A-/cluster_1_67.BMP,A-,SUBJECT_GROUP_0215,217,217__M_Right_little_finger.BMP,b8568dcacd636811516607f9fd8b9e9a704781e155567a5c8842b78621e8c82b,test
data/datasets/A-/cluster_1_673.BMP,A-,SUBJECT_GROUP_0482,489,489__M_Right_little_finger.BMP,f7100e93eb9567cc6901a889c9c73072cff05bbc7e690eab25dcfc1b243a032f,train
data/datasets/A-/cluster_1_675.BMP,A-,SUBJECT_GROUP_0580,593,593__M_Left_index_finger.BMP,bb910da97132f9f145c710fa605bd47557d3f628b3c89e0d8927298ed4e26a82,test
data/datasets/A-/cluster_1_680.BMP,A-,SUBJECT_GROUP_0097,97,97__M_Right_middle_finger.BMP,3126d9ae74503c331da703b8f65245343d6256c44d71ae14fcce3f65d31c8f5e,train
data/datasets/A-/cluster_1_685.BMP,A-,SUBJECT_GROUP_0104,104,104__M_Right_index_finger.BMP,80c639a7a5ba20a77d17d5a9e096e1aafbe98840cfa6d2d188465b62db8c1935,validation
data/datasets/A-/cluster_1_690.BMP,A-,SUBJECT_GROUP_0423,430,430__F_Right_thumb_finger.BMP,df0c04a3c830bde1458a4dc6c2efd16f7179578de98ab3996dbe51231e3c4025,test
data/datasets/A-/cluster_1_699.BMP,A-,SUBJECT_GROUP_0191,191,191__F_Right_middle_finger.BMP,e4e65b72e156089c32632994ce0db6c6db6f62b33a7723433d985e46424d336a,train
data/datasets/A-/cluster_1_704.BMP,A-,SUBJECT_GROUP_0351,356,356__M_Left_index_finger.BMP,5d959a80969a81de7cae39e80d23bfbfbf596e71e547300475fdf70adab85001,train
data/datasets/A-/cluster_1_708.BMP,A-,SUBJECT_GROUP_0216,218,218__M_Right_ring_finger.BMP,cf25df10ba19791f670f1fb42355e883347c2f8cfecbe32c13614c9beda79198,train
data/datasets/A-/cluster_1_711.BMP,A-,SUBJECT_GROUP_0152,152,152__M_Left_middle_finger.BMP,8855d39c336d9c22ed64dbc58addd1c160cb86bbe2d76fb4b14456cbf89312b0,train
data/datasets/A-/cluster_1_727.BMP,A-,SUBJECT_GROUP_0046,46,46__M_Left_thumb_finger.BMP,bce53f0ba5ae602093a88dbadc02f9b350e11b8dde6eb7d5fcf571bc9e58d967,train
data/datasets/A-/cluster_1_73.BMP,A-,SUBJECT_GROUP_0468,475,475__M_Right_ring_finger.BMP,772f716d7c543493571ff1a4b0f00699c59f3b316975373afc7a30f5e770ce57,validation
data/datasets/A-/cluster_1_731.BMP,A-,SUBJECT_GROUP_0217,220,220__F_Right_middle_finger.BMP,6627039099f093acfb7a3e316322f535ab992bcc6342e1a52f07df71d0d7a8f1,validation
data/datasets/A-/cluster_1_738.BMP,A-,SUBJECT_GROUP_0196,196,196__M_Left_middle_finger.BMP,fc04bfda7e1c2e7e92bbb6dfac417d0ac23a7e62f265a1e25bf90e992c3cfc7b,train
data/datasets/A-/cluster_1_739.BMP,A-,SUBJECT_GROUP_0458,465,465__F_Right_little_finger.BMP,6e3192a8b3c6055f43ef07c75c69d6ab5f8142460a2889ca7f3b3187c21121b7,train
data/datasets/A-/cluster_1_74.BMP,A-,SUBJECT_GROUP_0265,270,270__M_Right_middle_finger.BMP,aa467a2e6c344a4459517624519e95488219e5a6707ed1896ad34d1ca47bc2c0,train
data/datasets/A-/cluster_1_741.BMP,A-,SUBJECT_GROUP_0230,233,233__M_Right_little_finger.BMP,30395161ec9ec88a89accc5d65a6157112de22d1c7f7740d917ed18db979f426,test
data/datasets/A-/cluster_1_743.BMP,A-,SUBJECT_GROUP_0261,266,266__M_Right_middle_finger.BMP,0e28333fcb4f243a0f7fb09cf2d281de14e0610c644fb3998b8df9be5ceb3728,train
data/datasets/A-/cluster_1_757.BMP,A-,SUBJECT_GROUP_0351,356,356__M_Left_middle_finger.BMP,7b0f9a3a3cf162e4df0d3ba8277c1aba26b768a05a6c8589412ae7bbf94266cb,train
data/datasets/A-/cluster_1_765.BMP,A-,SUBJECT_GROUP_0196,196,196__M_Right_middle_finger.BMP,51d63fa8001885cdacc3aaf657417e44299b511f74114d392218bc3a5f7e8f48,train
data/datasets/A-/cluster_1_767.BMP,A-,SUBJECT_GROUP_0125,125,125__M_Right_middle_finger.BMP,b43462b33b767e61dfb2c3f787bc60b42346b886274e9eeb935b1a9fe6df4cb3,test
data/datasets/A-/cluster_1_770.BMP,A-,SUBJECT_GROUP_0036,36,36__M_Left_middle_finger.BMP,ca9860b8f4a521837c3236ddc27f9d3013b4c04b34e20435e5c66335a898631e,train
data/datasets/A-/cluster_1_782.BMP,A-,SUBJECT_GROUP_0417,424,424__M_Right_little_finger.BMP,f845e8cf6d17f9983cd52b329560bdf72cf9daea330cce3c470f55a79dd9a44a,validation
data/datasets/A-/cluster_1_791.BMP,A-,SUBJECT_GROUP_0137,137,137__M_Right_index_finger.BMP,bc5af3e99a5acd588673eb32401944e97115d79dd99d70a75c70f5c751c6c9e2,validation
data/datasets/A-/cluster_1_793.BMP,A-,SUBJECT_GROUP_0574,586,586__M_Left_thumb_finger.BMP,018ed20a6257efc034596d341eecfbc8b6559e16d2f1fd92b0ba28d9fbdd2eb4,test
data/datasets/A-/cluster_1_795.BMP,A-,SUBJECT_GROUP_0190,190,190__M_Right_thumb_finger.BMP,30f6ca7b038dba189f90d98669812657fb624a431763c462901f3ce45b01c05d,train
data/datasets/A-/cluster_1_805.BMP,A-,SUBJECT_GROUP_0347,352,352__M_Left_ring_finger.BMP,ef45ed55272bb931f7f184c35e2e6d35d95853e35ffe2a6457df2384e181ebf6,train
data/datasets/A-/cluster_1_806.BMP,A-,SUBJECT_GROUP_0062,62,62__M_Left_middle_finger.BMP,4416589fb12bc572dd6ba77aa9a6e0e5e0cb1170bbae2584afca82022a15248d,train
data/datasets/A-/cluster_1_810.BMP,A-,SUBJECT_GROUP_0261,266,266__M_Left_ring_finger.BMP,a0a338931187ea3eaddd85295d115e955e0d1302ae7dfc12a1c6f6b0a4c0eaf9,train
data/datasets/A-/cluster_1_811.BMP,A-,SUBJECT_GROUP_0429,436,436__M_Left_index_finger.BMP,0f9280beb064cab30e1a1acac52a0a4473d524a06335efd23ffaa47c64d16d06,train
data/datasets/A-/cluster_1_821.BMP,A-,SUBJECT_GROUP_0310,315,315__F_Right_index_finger.BMP,d3e9b3cd23c63cfa0756ea5bb7ddff46d4b5e56f0a79bb45a1317782be8a8175,train
data/datasets/A-/cluster_1_824.BMP,A-,SUBJECT_GROUP_0346,351,351__M_Right_middle_finger.BMP,3e0fd6de933111aea43d3dcb9b5cc4f99dcf5c25dedbe15f452429d464c79574,train
data/datasets/A-/cluster_1_83.BMP,A-,SUBJECT_GROUP_0193,193,193__M_Left_little_finger.BMP,f9784fcc5f0ea88a36261b8331bcaa1e273fc7904a718ecfc332577c0a7c36ae,validation
data/datasets/A-/cluster_1_830.BMP,A-,SUBJECT_GROUP_0165,165,165__M_Right_index_finger.BMP,a2586e8bcba16eef1912d8f11c1d5ee8dd7c1292935159997bf361026d3585a0,train
data/datasets/A-/cluster_1_835.BMP,A-,SUBJECT_GROUP_0227,230,230__M_Right_little_finger.BMP,a2c9647b205f591e09da6ba7e65a7db8d922d203f0be7576e90b6bf7a272df9b,validation
data/datasets/A-/cluster_1_84.BMP,A-,SUBJECT_GROUP_0276,281,281__M_Right_thumb_finger.BMP,45bb976cf1bc2ef3799816cf9e1d1028f462d75fc91ef510b4bb465bc2e3fe77,train
data/datasets/A-/cluster_1_841.BMP,A-,SUBJECT_GROUP_0525,533,533__M_Right_thumb_finger.BMP,300f1dfeff0ed230339a045fce837b32b3a482ec27e8390ad1b70fb080aeb597,train
data/datasets/A-/cluster_1_857.BMP,A-,SUBJECT_GROUP_0332,337,337__F_Right_middle_finger.BMP,b799fb42b81a56a980f999ecc5f16d2da522c7dacd85b7122fe5540164079e03,train
data/datasets/A-/cluster_1_86.BMP,A-,SUBJECT_GROUP_0300,305,305__M_Left_index_finger.BMP,c183791f1859ac499712f74156e9ec70c8d3edb8a382ac7f4865d37c397ade16,test
data/datasets/A-/cluster_1_860.BMP,A-,SUBJECT_GROUP_0331,336,336__M_Right_middle_finger.BMP,380a44bbb3429022025a2fc8f24403dc744e7e967ea02698898f6b349f64a470,train
data/datasets/A-/cluster_1_862.BMP,A-,SUBJECT_GROUP_0293,298,298__M_Right_middle_finger.BMP,77d85593eb009fe375413958e00ef507e91a38d6685de1964bf4b7926b6dbdee,train
data/datasets/A-/cluster_1_865.BMP,A-,SUBJECT_GROUP_0330,335,335__M_Left_thumb_finger.BMP,3639d9bacb2f2dc05a84130f0a2c45bfa8716240f4c6e365508f852e49aa1f8d,train
data/datasets/A-/cluster_1_873.BMP,A-,SUBJECT_GROUP_0021,21,21__M_Right_middle_finger.BMP,4213ea45b3b91a4c6e292101703853b3669901c5b432a43d610ea9c05444ca06,test
data/datasets/A-/cluster_1_877.BMP,A-,SUBJECT_GROUP_0429,436,436__M_Left_middle_finger.BMP,b44337d5096684871aa27067884b80c820d1303f0ef90823235c8d7663b8ba3b,train
data/datasets/A-/cluster_1_883.BMP,A-,SUBJECT_GROUP_0205,207,207__M_Left_middle_finger.BMP,17593e1904a9c8d71eb0f5a1d93fd432db7c32075253fa70195496a433488f9b,validation
data/datasets/A-/cluster_1_89.BMP,A-,SUBJECT_GROUP_0149,149,149__F_Right_index_finger.BMP,3c0598df2cf03cba8bfaf809550062df1799bd989093ef58d8fd9f7c99ac05b9,train
data/datasets/A-/cluster_1_890.BMP,A-,SUBJECT_GROUP_0502,509,509__M_Right_index_finger.BMP,9eec42d1891e1e08ada667a7fba3e15f47e5d52345b8e9364476a62396f2483d,train
data/datasets/A-/cluster_1_894.BMP,A-,SUBJECT_GROUP_0580,593,593__M_Right_little_finger.BMP,409ad3396bcc5de71877d035a0ec0e086fc3005f9756250688e0e086d4cee690,test
data/datasets/A-/cluster_1_912.BMP,A-,SUBJECT_GROUP_0036,36,36__M_Left_little_finger.BMP,7359bd0970243b24f0bb6245c04786eb19500c7bc614b54b525671710a6d683a,train
data/datasets/A-/cluster_1_913.BMP,A-,SUBJECT_GROUP_0001,1,1__M_Left_ring_finger.BMP,b829b1ce3083cd7105f74a30ac88ff2ffed7a86181d659c7af0465839e0170ed,train
data/datasets/A-/cluster_1_917.BMP,A-,SUBJECT_GROUP_0043,43,43__F_Right_thumb_finger.BMP,6129657e99c80cbcd5a0ad20f61b93980162c66f02660f607b63506b5b64b0dc,train
data/datasets/A-/cluster_1_92.BMP,A-,SUBJECT_GROUP_0541,549,549__M_Right_index_finger.BMP,ab12090d1e6850f4897fe85c661363e3bac05a724781af93d8831d0c1c80c99f,train
data/datasets/A-/cluster_1_923.BMP,A-,SUBJECT_GROUP_0242,245,245__M_Right_index_finger.BMP,bbb0fcda6cdc39e410645c565b56c8579191ad80b424f9ce5b3f6a0009467b41,train
data/datasets/A-/cluster_1_924.BMP,A-,SUBJECT_GROUP_0481,488,488__M_Right_index_finger.BMP,0fc00a2e4fa375e52fbfe7225d9ad74af784fa03292d495c47ee2b03f41dd840,train
data/datasets/A-/cluster_1_927.BMP,A-,SUBJECT_GROUP_0234,237,237__M_Right_ring_finger.BMP,18910821cc6c7e6423694b4658f7a1ad2ed1a8bbd468e919e5e83aa4b7276a3a,train
data/datasets/A-/cluster_1_93.BMP,A-,SUBJECT_GROUP_0229,232,232__M_Right_index_finger.BMP,0824873f97f6b413cbd66753afff6e255b32daa74ca27a08703a0566d03ab6af,train
data/datasets/A-/cluster_1_931.BMP,A-,SUBJECT_GROUP_0350,355,355__M_Right_middle_finger.BMP,96eaeb1ba6dc84684cccfe34354233986d6db8c45414f58784e1de9349d52f5e,train
data/datasets/A-/cluster_1_947.BMP,A-,SUBJECT_GROUP_0071,71,71__M_Right_middle_finger.BMP,03a8ecd32bc56815e909d1a1274b7196eed887e2da7a9fb47382bdd78d9bcfa7,train
data/datasets/A-/cluster_1_955.BMP,A-,SUBJECT_GROUP_0514,522,522__M_Right_middle_finger.BMP,e0973368322ec9cba5c05772e38d71c77f025c6caf182e3ddfdeeaa6456ca428,train
data/datasets/A-/cluster_1_960.BMP,A-,SUBJECT_GROUP_0165,165,165__M_Left_index_finger.BMP,cb06f0da7eea5b119ce5fab7a23863c1e967e6b3495de6738047a5768fe7fb7e,train
data/datasets/A-/cluster_1_966.BMP,A-,SUBJECT_GROUP_0487,494,494__F_Right_thumb_finger.BMP,cdc1733e450cecf562733d84db40d410a966fb78f2c4bd1cb11cf0c7d7f93787,train
data/datasets/A-/cluster_1_97.BMP,A-,SUBJECT_GROUP_0224,227,227__M_Right_ring_finger.BMP,3158587b22d91221de0454cc4ef2d01b6115603b25bf4acdc90f9e15922ac68a,train
data/datasets/A-/cluster_1_973.BMP,A-,SUBJECT_GROUP_0269,274,274__M_Left_middle_finger.BMP,ef9a7b24491942438fbad32723899aafebd6c9fbcbea221104e76fcfe75a43f0,test
data/datasets/A-/cluster_1_974.BMP,A-,SUBJECT_GROUP_0166,166,166__M_Left_middle_finger.BMP,7377baad2c9d0dd5a1c64c13aa1c6422bc074f1a793dfb226af57378c49a588a,train
data/datasets/A-/cluster_1_98.BMP,A-,SUBJECT_GROUP_0046,46,46__M_Left_middle_finger.BMP,e6d08ed5c3f6224aea9cd441f40e5ad0d3f12020e22d8c6e31aac36584143207,train
data/datasets/A-/cluster_1_986.BMP,A-,SUBJECT_GROUP_0114,114,114__F_Right_middle_finger.BMP,1e3b6ca18139764ddbf417ea9712f6a7fbdd774815d377104fc486bd610aa3fe,test
data/datasets/A-/cluster_1_99.BMP,A-,SUBJECT_GROUP_0499,506,506__M_Right_middle_finger.BMP,edc129ec9980f1b9464f406c515c2eca2fefeb207200e1bf574e4978cfb8b894,test
data/datasets/AB+/cluster_4_100.BMP,AB+,SUBJECT_GROUP_0061,61,61__M_Left_middle_finger.BMP,70523fa439da76583949a4068b9a86e02efada37357b24016ddf14c29a5f0a6d,train
data/datasets/AB+/cluster_4_1016.BMP,AB+,SUBJECT_GROUP_0471,478,478__M_Right_little_finger.BMP,1385e0ef4d8e4e363e21dd3fbecbed6b21304942e44b910aa06ac49ce61720da,train
data/datasets/AB+/cluster_4_103.BMP,AB+,SUBJECT_GROUP_0162,162,162__M_Right_little_finger.BMP,2ed33061d367f3a848b79e55dfff77b8a01d99cf3fa094052c51950edffa99e8,train
data/datasets/AB+/cluster_4_1030.BMP,AB+,SUBJECT_GROUP_0524,532,532__M_Left_ring_finger.BMP,340c73922c13f404d863036e54f4e0ee192df227877cb8f7c28814a4229d190d,test
data/datasets/AB+/cluster_4_1042.BMP,AB+,SUBJECT_GROUP_0186,186,186__M_Right_ring_finger.BMP,99bc32741ed7fa1294bb9d4029bfefc485daa56c18bfeadf29b0d90dc1ae7798,train
data/datasets/AB+/cluster_4_1044.BMP,AB+,SUBJECT_GROUP_0323,328,328__M_Left_index_finger.BMP,c1beeb10d18a44494fcc471ef305889c90a0763d19f6d3f89c0460a73629dd26,train
data/datasets/AB+/cluster_4_1054.BMP,AB+,SUBJECT_GROUP_0064,249,249__M_Left_middle_finger.BMP,c7922db1119801434cccd71eef21902121a446227eab7b8cfe2e3fc5c9b59b33,validation
data/datasets/AB+/cluster_4_107.BMP,AB+,SUBJECT_GROUP_0484,491,491__M_Left_thumb_finger.BMP,4d5b59d0a073e6624d31fb2bc364a355df073a7eae5060815803442010e04f43,train
data/datasets/AB+/cluster_4_1071.BMP,AB+,SUBJECT_GROUP_0292,553,553__M_Left_ring_finger.BMP,d97ee123ffbea454b0b1454739bf086f3599673f94cb57f1771c6ed42d4c760d,test
data/datasets/AB+/cluster_4_1074.BMP,AB+,SUBJECT_GROUP_0101,101,101__M_Right_little_finger.BMP,173ab2827d222e2c08f7b9659fbbf74d52a9b41706215d0c912e92e5a2e40c36,train
data/datasets/AB+/cluster_4_1096.BMP,AB+,SUBJECT_GROUP_0481,488,488__M_Right_little_finger.BMP,8d02bf4c304abce1b2e2cd3db9b39fdde8db95da6fd47143586b5dbcc0d9ce4f,train
data/datasets/AB+/cluster_4_1116.BMP,AB+,SUBJECT_GROUP_0126,126,126__F_Right_little_finger.BMP,ced97c4aa3600272cf7b0f12602ee3fcba6d8909ce1d2d5d8a33ef5a4c6da352,train
data/datasets/AB+/cluster_4_1130.BMP,AB+,SUBJECT_GROUP_0465,472,472__M_Left_middle_finger.BMP,9bbd938e6b814728568dec10d5dd20775200cbad76e42ab0bc81996d2dd05735,validation
data/datasets/AB+/cluster_4_1132.BMP,AB+,SUBJECT_GROUP_0531,539,539__F_Left_ring_finger.BMP,d044990d6a8faf434569b8206fb8df2980efeab5f3cb0bed6217f007fc565c5c,test
data/datasets/AB+/cluster_4_1141.BMP,AB+,SUBJECT_GROUP_0364,369,369__F_Left_middle_finger.BMP,17bc1b3de51f1f46d2749da0dd0c20ffebaa568b2fb94c257f76a79934e3a7fe,validation
data/datasets/AB+/cluster_4_1148.BMP,AB+,SUBJECT_GROUP_0131,131,131__M_Right_index_finger.BMP,9dbd9e77acc79eea48fdd3cd827cb17afe53069ef9f2848ae81a13ccd5505f37,train
data/datasets/AB+/cluster_4_1154.BMP,AB+,SUBJECT_GROUP_0165,165,165__M_Right_little_finger.BMP,f94f99e7f9e140a004594b7b27b14a1b01e37792c3fc55a512d05ecf326bd676,train
data/datasets/AB+/cluster_4_1162.BMP,AB+,SUBJECT_GROUP_0347,352,352__M_Left_little_finger.BMP,ff17f397dae207400ec5c185786b7c75b251bd8d16a9af5e0960c1c9ae7221a5,train
data/datasets/AB+/cluster_4_1164.BMP,AB+,SUBJECT_GROUP_0454,461,461__F_Right_little_finger.BMP,1fcd81883f1e4d8783346de78bfdd92a8a60c4698c6fbdadb888e10de8e5b0a5,train
data/datasets/AB+/cluster_4_1167.BMP,AB+,SUBJECT_GROUP_0286,291,291__M_Right_little_finger.BMP,56054405214ec210e5eb39a4156178ee86aa18becba644ca00d9b2f316d5571d,train
data/datasets/AB+/cluster_4_1175.BMP,AB+,SUBJECT_GROUP_0051,51,51__M_Left_little_finger.BMP,4eeb6b43212071920673c8ca0e97f1b0502e45446045a50ac02007d056987c26,train
data/datasets/AB+/cluster_4_1179.BMP,AB+,SUBJECT_GROUP_0510,518,518__M_Right_thumb_finger.BMP,302e4e449fa5f8d2e5b2f0a1fac3cae1a09fbc37008ef465f0f342e15e484853,train
data/datasets/AB+/cluster_4_1185.BMP,AB+,SUBJECT_GROUP_0174,174,174__F_Right_thumb_finger.BMP,e15ee4ad6d796a9e4846278ab1299e5f4585b128d68fdfdc0bf68608b1fc6ea5,train
data/datasets/AB+/cluster_4_1193.BMP,AB+,SUBJECT_GROUP_0471,478,478__M_Left_little_finger.BMP,96ba46fa7e77b31bbf3c0fe80ab0ce3965eeabc44ae0ffce92fcdade8888fdb1,train
data/datasets/AB+/cluster_4_1195.BMP,AB+,SUBJECT_GROUP_0009,9,9__M_Right_ring_finger.BMP,9e531a582278ec48cd2adc033bfafafc74367c9936e97c90f3957b60079a0b67,train
data/datasets/AB+/cluster_4_12.BMP,AB+,SUBJECT_GROUP_0492,499,499__M_Right_little_finger.BMP,83d6d16b9737b95f15194df3f6fbf0321e5426414379f4865fb0a1a86e595ad5,train
data/datasets/AB+/cluster_4_1204.BMP,AB+,SUBJECT_GROUP_0064,203,203__M_Left_ring_finger.BMP,0a44594e3e133e7971ea8e4c01aad253bb9ee75612e423f2b9afcf968f21486f,validation
data/datasets/AB+/cluster_4_1218.BMP,AB+,SUBJECT_GROUP_0175,175,175__M_Left_little_finger.BMP,3cb1a413ed5f167d14c8d24e1cb777bb748c76461083881006aad87d3f0a99aa,train
data/datasets/AB+/cluster_4_1226.BMP,AB+,SUBJECT_GROUP_0169,169,169__F_Right_ring_finger.BMP,cc79ad45f37e9aa6fd43f5d711f5c4f3fed3616e77d328473f9bb9e2f52e7a59,train
data/datasets/AB+/cluster_4_1232.BMP,AB+,SUBJECT_GROUP_0041,41,41__M_Left_little_finger.BMP,5815164c92efefbe726ca52cc2400d40fd1c5fec9bc0dcce01f52d2510370458,train
data/datasets/AB+/cluster_4_1238.BMP,AB+,SUBJECT_GROUP_0475,482,482__M_Right_ring_finger.BMP,700b297a85def5c60c3b1c62ef32c95762cfd002a3fd3beb6fc7cf5f50cd3009,test
data/datasets/AB+/cluster_4_1243.BMP,AB+,SUBJECT_GROUP_0087,87,87__M_Left_little_finger.BMP,a350745018cec53a8d431a27c844ff36e6895ad73062844d436bee3ca662b3cf,train
data/datasets/AB+/cluster_4_1254.BMP,AB+,SUBJECT_GROUP_0237,240,240__F_Right_ring_finger.BMP,519b2f273c09db6a67840191c855ab1cb807fa82bbcd992571e16240d7a90e10,train
data/datasets/AB+/cluster_4_1255.BMP,AB+,SUBJECT_GROUP_0370,375,375__M_Right_ring_finger.BMP,d1c94bb9e5cfdfb5bd08f5d23d020b67db9d3239caccaa6842a40c2df396dfef,train
data/datasets/AB+/cluster_4_1276.BMP,AB+,SUBJECT_GROUP_0431,438,438__M_Right_ring_finger.BMP,ed4d319726239cf5f88ee4d3d3f30161a463b21a8d8fc57b29df239b623e50fb,train
data/datasets/AB+/cluster_4_1277.BMP,AB+,SUBJECT_GROUP_0096,96,96__M_Left_ring_finger.BMP,9d8b6ed0fddb13375f1ee9fb6a99bd6d6182a7d767c5e5d150fc985df1ade3ea,test
data/datasets/AB+/cluster_4_1278.BMP,AB+,SUBJECT_GROUP_0478,485,485__M_Left_middle_finger.BMP,057449364a317e078169c7126fc1673ff2d1898e7a8c3abe79748a76c5598c45,validation
data/datasets/AB+/cluster_4_1283.BMP,AB+,SUBJECT_GROUP_0080,80,80__M_Right_ring_finger.BMP,3bbad14cc33f2de225d30b6f6d31556da572d5824dc08cca7c044d1945061bea,train
data/datasets/AB+/cluster_4_1285.BMP,AB+,SUBJECT_GROUP_0345,350,350__M_Left_ring_finger.BMP,882494715e9aa2dccb5dee193478045ea79e2f33e55e1be5c202117c63ecd2d7,train
data/datasets/AB+/cluster_4_1288.BMP,AB+,SUBJECT_GROUP_0016,16,16__M_Right_little_finger.BMP,3fe39505b5c0b613027ae6a81b32bc7dba2f80440dd837137e2f5e4a09ad98c7,train
data/datasets/AB+/cluster_4_1318.BMP,AB+,SUBJECT_GROUP_0002,2,2__F_Right_ring_finger.BMP,e536fc065a0f70a87bccc1fdf135a7cae505641b0d148c3cf543430dcf42dcae,train
data/datasets/AB+/cluster_4_1332.BMP,AB+,SUBJECT_GROUP_0321,326,326__M_Left_index_finger.BMP,887ca3d6c79a49bf00e550afa79b1dd1bf895c5b085321fe1065bed3c106ec76,train
data/datasets/AB+/cluster_4_1339.BMP,AB+,SUBJECT_GROUP_0354,359,359__M_Left_thumb_finger.BMP,4d62c67d7fddef39816ffa472476b0b7cabbccd03cb549c31510829ef03fef63,train
data/datasets/AB+/cluster_4_1355.BMP,AB+,SUBJECT_GROUP_0328,333,333__M_Left_middle_finger.BMP,df1571682edf669a387970554cb1a5fd9c847c7523107aa9c030b437cc4a748d,train
data/datasets/AB+/cluster_4_1363.BMP,AB+,SUBJECT_GROUP_0463,470,470__F_Right_ring_finger.BMP,d0ba41be9479d0424729e92374478e47baf80b07dc721715686d84d24d2de906,train
data/datasets/AB+/cluster_4_1372.BMP,AB+,SUBJECT_GROUP_0212,214,214__M_Left_little_finger.BMP,84629f2606be0a07f0665cf78ce198113b0e751a33acc7b4425f4e851a71d3a4,train
data/datasets/AB+/cluster_4_1379.BMP,AB+,SUBJECT_GROUP_0488,495,495__M_Right_ring_finger.BMP,d45d003a7d40cb0a28036662dbb1a4cd4d54c48a37d0fe6216393e175168cfbd,validation
data/datasets/AB+/cluster_4_1391.BMP,AB+,SUBJECT_GROUP_0007,7,7__M_Left_middle_finger.BMP,a6667f0bf3e013ddedabe15ccbac030083843ae1473e050716acf486319095b7,test
data/datasets/AB+/cluster_4_1397.BMP,AB+,SUBJECT_GROUP_0088,88,88__F_Right_ring_finger.BMP,62e0c4ee9a4dbc755e2f59b5ee7f2dea0ba1d6d422b881e89b63fcfa0f103d26,validation
data/datasets/AB+/cluster_4_1400.BMP,AB+,SUBJECT_GROUP_0245,248,248__M_Right_middle_finger.BMP,441a0771ed41003ccde34413951360061c03030e5b2128608fc2460e313b6f3e,train
data/datasets/AB+/cluster_4_1402.BMP,AB+,SUBJECT_GROUP_0031,31,31__F_Left_ring_finger.BMP,5b4561dcffbd1fe19207783711bba16ee479c4200de2fed33de5810f5fd16632,train
data/datasets/AB+/cluster_4_1404.BMP,AB+,SUBJECT_GROUP_0302,307,307__M_Right_ring_finger.BMP,6058f40465b0a8826bb4242fa0abfd57da1926c4bf3db1d023e33968661e84c9,test
data/datasets/AB+/cluster_4_1414.BMP,AB+,SUBJECT_GROUP_0420,427,427__M_Right_ring_finger.BMP,70de9653d4080e74bb2e0f7744cef01d51b8cd8e6caaad214e82399426d6a2ca,train
data/datasets/AB+/cluster_4_1415.BMP,AB+,SUBJECT_GROUP_0181,181,181__M_Left_little_finger.BMP,716a8a45c152360772535b09136817575a8007798a83d8eb5cbc31919bfd4ee7,train
data/datasets/AB+/cluster_4_1419.BMP,AB+,SUBJECT_GROUP_0220,223,223__M_Right_ring_finger.BMP,97d0ea6f58c0c4ec31ceb35b739df53657b62a4ed3d9e3137d9d26f283809ce4,train
data/datasets/AB+/cluster_4_1425.BMP,AB+,SUBJECT_GROUP_0137,137,137__M_Right_ring_finger.BMP,d6f642e5070aeb4a13fcf1167e7ff77e64fd27612ca6cfd5fce7a89d2d3c56f6,validation
data/datasets/AB+/cluster_4_1430.BMP,AB+,SUBJECT_GROUP_0513,521,521__M_Left_index_finger.BMP,ea02d18ce4d4732586973500b3ef7d0c62044b8c251f6ca4bf69c3e731fbfec8,train
data/datasets/AB+/cluster_4_1431.BMP,AB+,SUBJECT_GROUP_0416,423,423__M_Right_ring_finger.BMP,b422ca25f863d41926bce2c27f8e5fdc07540e8c1f596d42f2e07435c18f58b8,train
data/datasets/AB+/cluster_4_1436.BMP,AB+,SUBJECT_GROUP_0545,555,555__M_Right_ring_finger.BMP,00b977e666287349339a41d32ecd351e97ebace5d7cc0d1613c1f784ae2266bb,train
data/datasets/AB+/cluster_4_1446.BMP,AB+,SUBJECT_GROUP_0320,325,325__M_Right_middle_finger.BMP,2fafd93ccf1734e02b87889789c9d91b5737976b0f5ff3da12962a5b6ae2ffd3,train
data/datasets/AB+/cluster_4_1454.BMP,AB+,SUBJECT_GROUP_0539,547,547__M_Left_little_finger.BMP,eb5181bb3e68c1c2bcd5fb087431426dfefb7ef5e312e83db5b70b8b016f96ce,train
data/datasets/AB+/cluster_4_1459.BMP,AB+,SUBJECT_GROUP_0425,432,432__M_Left_index_finger.BMP,b7995c3bb7ba00db8e74af1f2a420aa5f797b74cfd1c247538719adbd8ec1e19,train
data/datasets/AB+/cluster_4_1464.BMP,AB+,SUBJECT_GROUP_0479,486,486__M_Left_little_finger.BMP,89388a6cf5676db05f86bb4e0303f18afeee1c477ff8db827fad71451d9c5637,train
data/datasets/AB+/cluster_4_1467.BMP,AB+,SUBJECT_GROUP_0244,247,247__M_Left_little_finger.BMP,c8445294086628127204225b68614516e78be7ce76ef0ff1ead65d4309c645e2,train
data/datasets/AB+/cluster_4_1480.BMP,AB+,SUBJECT_GROUP_0428,435,435__F_Left_thumb_finger.BMP,f342773eaf3532b39c229ac522e76a2bfe03710c8b10746d423c1c18a7fb87c8,test
data/datasets/AB+/cluster_4_1495.BMP,AB+,SUBJECT_GROUP_0021,21,21__M_Left_index_finger.BMP,51996aaed06a7a2a30f6ad08b14aa6e24fbc1cc4a9bc2f9db75d339df281ccf3,test
data/datasets/AB+/cluster_4_15.BMP,AB+,SUBJECT_GROUP_0546,556,556__F_Left_index_finger.BMP,95148e610f9fe5126e2f09a1b7befa21954ce4ec425302d6d1d044901a2033be,train
data/datasets/AB+/cluster_4_1502.BMP,AB+,SUBJECT_GROUP_0533,541,541__M_Left_ring_finger.BMP,7b4301c79a6442b4cee6dd0794a260f3933650dea15ccb108bbe2aefa0ec16a0,validation
data/datasets/AB+/cluster_4_1510.BMP,AB+,SUBJECT_GROUP_0204,206,206__M_Right_little_finger.BMP,cb862c1a43a07e87fb544ca14040aa339da37eb70fd3c0fa00adb520fe45cc98,validation
data/datasets/AB+/cluster_4_1512.BMP,AB+,SUBJECT_GROUP_0349,354,354__M_Left_ring_finger.BMP,2f59998508a5a964b2dc905512983ffaf54e881c771d1932ca0295e6d2dc0bc7,train
data/datasets/AB+/cluster_4_1521.BMP,AB+,SUBJECT_GROUP_0529,537,537__M_Right_ring_finger.BMP,775a6f553348bc40415f2ca11a657d28b0dbac66d03544a94080a986be896208,validation
data/datasets/AB+/cluster_4_1534.BMP,AB+,SUBJECT_GROUP_0369,374,374__M_Right_little_finger.BMP,4ae94a7d33921f9ab90034c0a46386559b9f2261645e592888d969b98c86753c,train
data/datasets/AB+/cluster_4_156.BMP,AB+,SUBJECT_GROUP_0463,470,470__F_Left_index_finger.BMP,30a87481b9817c05e0a0955ec966f525c4a33f97f11a0df3b058070c1769d986,train
data/datasets/AB+/cluster_4_1562.BMP,AB+,SUBJECT_GROUP_0126,126,126__F_Right_ring_finger.BMP,4c2601cb4e5d7f131ceff7d62bb8d224772f26561ab1f9a42c51cd4a04200386,train
data/datasets/AB+/cluster_4_1563.BMP,AB+,SUBJECT_GROUP_0399,405,405__M_Left_little_finger.BMP,19f404ead6dae0d3a793258e6721247d66a27e62b9c83fd10163e82bb7bd773f,train
data/datasets/AB+/cluster_4_1569.BMP,AB+,SUBJECT_GROUP_0461,468,468__F_Right_little_finger.BMP,01ba5320b998979c2058763cc945fadd6d714f6d91124fcd6290a09a8281bdb3,train
data/datasets/AB+/cluster_4_1570.BMP,AB+,SUBJECT_GROUP_0389,395,395__M_Left_index_finger.BMP,50be4aa0ca8d8e4428a788d827bd4d12aabf2ff517de26ced8e72401a5142fea,train
data/datasets/AB+/cluster_4_1607.BMP,AB+,SUBJECT_GROUP_0513,521,521__M_Left_little_finger.BMP,338d92f0701def71621a01526a1e48efcfdbb27305d89709e517469484503453,train
data/datasets/AB+/cluster_4_1611.BMP,AB+,SUBJECT_GROUP_0533,541,541__M_Left_little_finger.BMP,7bb1c10c34c381d3a53e6ef52dbc9397c9cf4df3e112cd712a5e6a1c77ec2f6a,validation
data/datasets/AB+/cluster_4_1612.BMP,AB+,SUBJECT_GROUP_0064,249,249__M_Right_middle_finger.BMP,0d828f427870e779783ddd5a94898b8b392eae36d074b94f140e301da914cffa,validation
data/datasets/AB+/cluster_4_1615.BMP,AB+,SUBJECT_GROUP_0461,468,468__F_Right_ring_finger.BMP,52433d800187b2212fbecee200f6f66ab01d3cd415a1db5f1c716231a4514336,train
data/datasets/AB+/cluster_4_1631.BMP,AB+,SUBJECT_GROUP_0225,228,228__M_Left_little_finger.BMP,67d98f1ddb36f23c8fa31434ef590babb8dc1234e89925f9bb85fcbfac1925af,train
data/datasets/AB+/cluster_4_1637.BMP,AB+,SUBJECT_GROUP_0123,123,123__M_Left_middle_finger.BMP,84b22f74c89574f33fc2c50356339ebe8bf4fdbc303c7c8649b448b1cc78295d,train
data/datasets/AB+/cluster_4_1646.BMP,AB+,SUBJECT_GROUP_0508,516,516__M_Left_little_finger.BMP,9f445ffb80b78fb4b5888b0d43ba23bdd0c26a006efe8bf0bca5371776a90ad4,train
data/datasets/AB+/cluster_4_1667.BMP,AB+,SUBJECT_GROUP_0008,8,8__M_Left_little_finger.BMP,407acf3fa220b3fa92dbfe442a2095d5e5d25dda8e458b249b7fd7bb03f95508,train
data/datasets/AB+/cluster_4_1672.BMP,AB+,SUBJECT_GROUP_0088,88,88__F_Left_little_finger.BMP,983f323d4428069f02202a478185733a836ac97a93cc8c337bb37c2d461fad1e,validation
data/datasets/AB+/cluster_4_1679.BMP,AB+,SUBJECT_GROUP_0451,458,458__M_Left_ring_finger.BMP,064f88251fc014215fcfaffdf6908988f374f50016ff96b8956621f6082bdb2d,train
data/datasets/AB+/cluster_4_1686.BMP,AB+,SUBJECT_GROUP_0173,173,173__F_Left_middle_finger.BMP,5827c4a9ea2cb47a2cc5533a9d2d7a5162eb2f48a0512b77d6bd81b0a3eff666,train
data/datasets/AB+/cluster_4_1695.BMP,AB+,SUBJECT_GROUP_0060,60,60__M_Right_ring_finger.BMP,ced919371e6a4d26b3c17a8007081772289e64d052b69b2bf91d66d6130cfd27,train
data/datasets/AB+/cluster_4_1716.BMP,AB+,SUBJECT_GROUP_0286,291,291__M_Left_little_finger.BMP,1b8968feea0ca846b2713b13827d67e134ed99ed0ec5e8600ff224f872e1392b,train
data/datasets/AB+/cluster_4_1723.BMP,AB+,SUBJECT_GROUP_0452,459,459__M_Right_ring_finger.BMP,c34d051bcc000a4b432c7c290657851851d862a61654e066b414c22c443f8a79,train
data/datasets/AB+/cluster_4_1737.BMP,AB+,SUBJECT_GROUP_0225,228,228__M_Right_ring_finger.BMP,bd92dd08ed0f0e3afaff5cf099d97ad6259246cda69497f79b49d43ec305c7fe,train
data/datasets/AB+/cluster_4_1740.BMP,AB+,SUBJECT_GROUP_0107,107,107__M_Right_little_finger.BMP,529efb66d57530025bf70d9584462dd6a48331813715e276a734fcd4ff06ea3e,validation
data/datasets/AB+/cluster_4_1756.BMP,AB+,SUBJECT_GROUP_0327,332,332__M_Left_little_finger.BMP,5536ba75191bf977d3870706dd258dc16aed21563551f46549d3d6e999abcd57,train
data/datasets/AB+/cluster_4_1757.BMP,AB+,SUBJECT_GROUP_0259,264,264__M_Right_little_finger.BMP,16805b141466f3f8116f9dbaf7e10934f567dc37ca09ec1c10fbb7a859c6c4e6,train
data/datasets/AB+/cluster_4_1781.BMP,AB+,SUBJECT_GROUP_0341,346,346__M_Right_ring_finger.BMP,e114d12199b1008b9c63287f75a4f9edddd2e0b1fb36f6fe8ec685363228e44a,train
data/datasets/AB+/cluster_4_1785.BMP,AB+,SUBJECT_GROUP_0170,170,170__M_Right_ring_finger.BMP,ce0a72d988dababd0b8590a7cbfc5aa0e1a1fb5b74524d56bad0a96b6de301a9,validation
data/datasets/AB+/cluster_4_1798.BMP,AB+,SUBJECT_GROUP_0463,470,470__F_Left_middle_finger.BMP,e20c3eb31b3193ada6d3ccd1ad32258e65dc85e61e8aa8e46c926f4ddb14b726,train
data/datasets/AB+/cluster_4_1801.BMP,AB+,SUBJECT_GROUP_0003,3,3__M_Right_little_finger.BMP,dcbd399a256d64a468755fd6b038902526b5812cde21832a760f83ebcfe95cc9,validation
data/datasets/AB+/cluster_4_1809.BMP,AB+,SUBJECT_GROUP_0414,421,421__F_Left_little_finger.BMP,d3638b98745813ce459ffc48be888db64842c48c37bddc01e5a9158b0a77523f,train
data/datasets/AB+/cluster_4_1810.BMP,AB+,SUBJECT_GROUP_0516,524,524__M_Left_little_finger.BMP,d89983845b6658c63a08ff4b01e7a16a7e2a5f36d69638492b5b9dcb5be07581,test
data/datasets/AB+/cluster_4_182.BMP,AB+,SUBJECT_GROUP_0522,530,530__M_Right_little_finger.BMP,fa4571d0e057a715d3e4fbdb909f76280b72ee9cae5b3b5a7cc93d80b3310b6c,test
data/datasets/AB+/cluster_4_183.BMP,AB+,SUBJECT_GROUP_0002,2,2__F_Right_middle_finger.BMP,f56335396853c124f36e36894449fa64e9299421ba4146e35eaa9aeaf2911c9a,train
data/datasets/AB+/cluster_4_1830.BMP,AB+,SUBJECT_GROUP_0325,330,330__M_Left_little_finger.BMP,a72900efd544bee91da7774b0496bdcdc532766e3e1f21c8ad90d0ac602cd478,train
data/datasets/AB+/cluster_4_1858.BMP,AB+,SUBJECT_GROUP_0511,519,519__M_Right_ring_finger.BMP,21e66d9c84063f5646d91eb53cb9b98996a5dcbae62756177e5fb99d294e72b9,train
data/datasets/AB+/cluster_4_1866.BMP,AB+,SUBJECT_GROUP_0490,497,497__M_Left_ring_finger.BMP,45e25f80dd52a4298143f3214d6fb83122043a3d5e752fef8d5b48eb7617b403,train
data/datasets/AB+/cluster_4_1878.BMP,AB+,SUBJECT_GROUP_0373,379,379__F_Left_little_finger.BMP,d53b9c51d2d334680d41eaa65de247b74c4fb9e63009b0e6a52a92c20d85ac21,train
data/datasets/AB+/cluster_4_1898.BMP,AB+,SUBJECT_GROUP_0562,572,572__F_Left_thumb_finger.BMP,843126457931793151b226207da1fa07bb7cc7ee8fede236cb2e4e36ffc23b71,validation
data/datasets/AB+/cluster_4_191.BMP,AB+,SUBJECT_GROUP_0292,297,297__M_Left_ring_finger.BMP,443ef80c8074549c5440722e28156baf4d6460fed2001201c4a538ab4119ad3d,test
data/datasets/AB+/cluster_4_1912.BMP,AB+,SUBJECT_GROUP_0127,127,127__F_Left_thumb_finger.BMP,04d160705b87c30337737122edcb92ae7eccbb3844da22af244685575573025a,validation
data/datasets/AB+/cluster_4_1917.BMP,AB+,SUBJECT_GROUP_0322,327,327__M_Right_index_finger.BMP,e5a18cd31ecd3156c73c3e82098938e3c4ce6c7d23c442db51e673ac1e149673,train
data/datasets/AB+/cluster_4_193.BMP,AB+,SUBJECT_GROUP_0292,511;577,511__M_Right_little_finger.BMP;577__M_Left_little_finger.BMP,948ad08e6f04138b95645206494545392accc748e88290535b534b4d078e762b,test
data/datasets/AB+/cluster_4_1959.BMP,AB+,SUBJECT_GROUP_0032,32,32__M_Left_middle_finger.BMP,a4420d97c5c9f357d1bb4b35201737cf038c5f54e3e20308eba99e39e5858223,train
data/datasets/AB+/cluster_4_196.BMP,AB+,SUBJECT_GROUP_0078,78,78__F_Right_index_finger.BMP,11a95bb6b04e5a6bbf67f7964c04ab5f3d39ba413693b266104ecfa5177164ba,train
data/datasets/AB+/cluster_4_1967.BMP,AB+,SUBJECT_GROUP_0197,197,197__M_Left_little_finger.BMP,47c54943b89efe99cb3f26bb4b40964aba640f7e934edd9a7ee5ce60057a3e47,train
data/datasets/AB+/cluster_4_1972.BMP,AB+,SUBJECT_GROUP_0476,483,483__M_Left_little_finger.BMP,b054581a23b7910bd0045fc3757ab3f5a7b701bd087cad568d1aae3ad8c13c74,train
data/datasets/AB+/cluster_4_1974.BMP,AB+,SUBJECT_GROUP_0094,94,94__M_Left_thumb_finger.BMP,96d214931486373117c1d86e098496458be8151e7f271ee89e772d27745ceab9,train
data/datasets/AB+/cluster_4_1976.BMP,AB+,SUBJECT_GROUP_0346,351,351__M_Left_index_finger.BMP,a72f5f9e0dcbb43d6427cf4c41fb467c54c8ea8324d2657574521f5fbf9844d9,train
data/datasets/AB+/cluster_4_1982.BMP,AB+,SUBJECT_GROUP_0185,185,185__M_Right_little_finger.BMP,bea22dd46d0ad6cc808f4c4a3a476adaf618f56a56cc9986b1a8b590404765e8,train
data/datasets/AB+/cluster_4_1992.BMP,AB+,SUBJECT_GROUP_0331,336,336__M_Left_little_finger.BMP,db83d4e9a46fbdd8a85f3a7dba35858fbf80fbaf8914a4f82e04284826041888,train
data/datasets/AB+/cluster_4_1993.BMP,AB+,SUBJECT_GROUP_0443,450,450__M_Right_thumb_finger.BMP,ee1c80e9be3935d7db709fe29c292fad82c9998757399b02176e49cfc297c859,test
data/datasets/AB+/cluster_4_201.BMP,AB+,SUBJECT_GROUP_0550,585,585__M_Right_little_finger.BMP,6852fb91ce63afb4e7e58713b486048d3febb977095a3071c1afa6bae1c1093f,test
data/datasets/AB+/cluster_4_2019.BMP,AB+,SUBJECT_GROUP_0366,371,371__M_Left_little_finger.BMP,f850b370f99701154f1120e345e197ab26b7a914dffdcd77ac3108487e222dc5,train
data/datasets/AB+/cluster_4_2029.BMP,AB+,SUBJECT_GROUP_0094,94,94__M_Right_ring_finger.BMP,c4c2030bd2894c97a9fb684ec999e5c00d727c474c5972f641a754ed6719aa4e,train
data/datasets/AB+/cluster_4_2033.BMP,AB+,SUBJECT_GROUP_0552,562,562__F_Left_index_finger.BMP,66a1e9a9339a274d7a09ca244a62c3b72d1ca34f92832fa8ef469c52daa1a111,train
data/datasets/AB+/cluster_4_2062.BMP,AB+,SUBJECT_GROUP_0014,14,14__M_Right_ring_finger.BMP,032ef4767ab63b6d1d9cb162f8cbdb9c663939ecb68a18100f3a20aadc726ea8,train
data/datasets/AB+/cluster_4_2064.BMP,AB+,SUBJECT_GROUP_0446,453,453__F_Left_little_finger.BMP,25c7cbe18dfc8d2c656f0d71e0327f347a1c6e59db2e3546e1929c5f955fe70e,train
data/datasets/AB+/cluster_4_2072.BMP,AB+,SUBJECT_GROUP_0311,316,316__M_Right_middle_finger.BMP,e4dd4831f255c0ad91bfd4b14aceb30295f22296a1781351195859dfd07d0be3,train
data/datasets/AB+/cluster_4_2081.BMP,AB+,SUBJECT_GROUP_0047,47,47__F_Right_middle_finger.BMP,fb80f462ebb7f585c0bbadbe27d794f9b4bb65b7035725ea55a2d99593f02729,train
data/datasets/AB+/cluster_4_2091.BMP,AB+,SUBJECT_GROUP_0403,409,409__M_Left_little_finger.BMP,e419904049f3c4db6c529b19a78b7f4624ecb26275d95158f8b8c2e41adceed2,train
data/datasets/AB+/cluster_4_2104.BMP,AB+,SUBJECT_GROUP_0152,152,152__M_Right_ring_finger.BMP,a139508b72525db86abf5a3a0071eb72744a3b1fa052050458d37c2dfeff5176,train
data/datasets/AB+/cluster_4_2115.BMP,AB+,SUBJECT_GROUP_0434,441,441__M_Right_ring_finger.BMP,d46326ab6d8e53891c0aea1fa1453e9791de3290a97f06e1d67a481fa0f76835,train
data/datasets/AB+/cluster_4_2118.BMP,AB+,SUBJECT_GROUP_0034,34,34__M_Right_little_finger.BMP,25336104744858a695e7782d13344ba93db52942990fb8ef42c8932607d19962,test
data/datasets/AB+/cluster_4_213.BMP,AB+,SUBJECT_GROUP_0241,244,244__M_Right_ring_finger.BMP,0f012de571df30e4ef6fc35ec67963e25a86aa3a49370e53f1cf3e976cbe55c4,train
data/datasets/AB+/cluster_4_2132.BMP,AB+,SUBJECT_GROUP_0539,547,547__M_Right_index_finger.BMP,37d3ab070c1257764de50c83213642bdbd05f7c743abf5672ad9ce5c1a638a22,train
data/datasets/AB+/cluster_4_2138.BMP,AB+,SUBJECT_GROUP_0517,525,525__M_Left_middle_finger.BMP,10411bfcf05c2d96cbf224f078aec5ac09def403141b0c685076eae91a615e25,train
data/datasets/AB+/cluster_4_2141.BMP,AB+,SUBJECT_GROUP_0552,562,562__F_Left_ring_finger.BMP,615bd1e9ab7ac7c8d2a29827733c4df350e60d4a1ba2db9313292338cec678e2,train
data/datasets/AB+/cluster_4_2144.BMP,AB+,SUBJECT_GROUP_0364,369,369__F_Right_ring_finger.BMP,0763436e53b80c62f30e01f6634588cbf32f4544d09ed8fac1b90ea6aff62b5a,validation
data/datasets/AB+/cluster_4_216.BMP,AB+,SUBJECT_GROUP_0519,527,527__M_Left_middle_finger.BMP,4956feb77f18be5cc033f238b8ceebf2ca145c4efeb0d38104f2bf9802cfaa8c,train
data/datasets/AB+/cluster_4_2162.BMP,AB+,SUBJECT_GROUP_0522,530,530__M_Right_ring_finger.BMP,05f059f8c114aa34463e853b4f770303dc330a0500043ba048fc6b8651fde099,test
data/datasets/AB+/cluster_4_2175.BMP,AB+,SUBJECT_GROUP_0437,444,444__M_Left_little_finger.BMP,dfa101a4a8119fdc9537a21d727985776dff6eb9eaa56e4ac210e6dc55a4e4aa,train
data/datasets/AB+/cluster_4_2178.BMP,AB+,SUBJECT_GROUP_0541,549,549__M_Right_middle_finger.BMP,8ac789c004390ba1a8aae165b3a95adde2f6de2ef44a67dc6c5763f71cbf78d3,train
data/datasets/AB+/cluster_4_2181.BMP,AB+,SUBJECT_GROUP_0393,399,399__M_Left_ring_finger.BMP,3bc4b8356d151ab67cb1895c9a9412c44d3465e5c9fefb50190ae3104fa801aa,validation
data/datasets/AB+/cluster_4_2183.BMP,AB+,SUBJECT_GROUP_0407,413,413__M_Right_ring_finger.BMP,b9108c7e4b9a0cd0d99bd9ff896bb0d70191ccc065dc63c4ab216a4a783f3c85,train
data/datasets/AB+/cluster_4_2189.BMP,AB+,SUBJECT_GROUP_0332,337,337__F_Left_thumb_finger.BMP,f16d4a631578794290b76802f3480948feb4d18c0018e5690fb35e3ce35c71f2,train
data/datasets/AB+/cluster_4_2193.BMP,AB+,SUBJECT_GROUP_0359,364,364__M_Left_little_finger.BMP,b65938542847d5d14df27042c52229babe7cbf7d0a0c1008af9fd8d8c55f4601,train
data/datasets/AB+/cluster_4_2195.BMP,AB+,SUBJECT_GROUP_0447,454,454__M_Right_middle_finger.BMP,99ef3efc1568f91a8f90803ab027552f7a127563a292db0cc45022e5826be2e5,train
data/datasets/AB+/cluster_4_2208.BMP,AB+,SUBJECT_GROUP_0544,552,552__M_Left_little_finger.BMP,dbbd88d8847f8270413f5d4aeca467e59ee1114865cd2f900ae25bff9354dbb5,train
data/datasets/AB+/cluster_4_222.BMP,AB+,SUBJECT_GROUP_0034,34,34__M_Left_little_finger.BMP,22112a850e02dcb3c15f73a3986c4ddc44fe87e52721904784b99565d19a05c7,test
data/datasets/AB+/cluster_4_2228.BMP,AB+,SUBJECT_GROUP_0405,411,411__M_Right_ring_finger.BMP,832dc0b4101e6e9c940f73223f9e3677a47b88893a749f67b3e1bfa81086e3a6,train
data/datasets/AB+/cluster_4_2234.BMP,AB+,SUBJECT_GROUP_0311,316,316__M_Right_ring_finger.BMP,38741ead9e2cbfc462eb2eb6608d655d7ab84a236ae20edf3def6c45aa282a08,train
data/datasets/AB+/cluster_4_2237.BMP,AB+,SUBJECT_GROUP_0471,478,478__M_Right_ring_finger.BMP,33566298dce12a94a802dc736ab1c13537932e8650fd749744b2154b731a0e51,train
data/datasets/AB+/cluster_4_2254.BMP,AB+,SUBJECT_GROUP_0050,50,50__M_Left_middle_finger.BMP,fe589cf3a58840afe62c2712d13b3b5b32f27c2f60277e908f9c9093f01d03e6,train
data/datasets/AB+/cluster_4_2286.BMP,AB+,SUBJECT_GROUP_0223,226,226__M_Right_ring_finger.BMP,f08f70bcec5134463d6d17b7e6b16048475c7afc57f884a19827f99fb75b4882,validation
data/datasets/AB+/cluster_4_2298.BMP,AB+,SUBJECT_GROUP_0228,231,231__M_Left_thumb_finger.BMP,36384a605074c8edd9a3c192a2c877228b8e35bf306400bee01da0387976ff65,train
data/datasets/AB+/cluster_4_2309.BMP,AB+,SUBJECT_GROUP_0371,377,377__M_Right_middle_finger.BMP,7aa9bdf263108fbf676643a3438a99b2ec192d12c0046b30daa9b7e37d7dd6f0,test
data/datasets/AB+/cluster_4_2311.BMP,AB+,SUBJECT_GROUP_0341,346,346__M_Left_little_finger.BMP,5f2f5ffaac9aab1a5ad16c52e52a47f83ab4afde350db927d1785b7f2654d352,train
data/datasets/AB+/cluster_4_2314.BMP,AB+,SUBJECT_GROUP_0064,203,203__M_Left_middle_finger.BMP,082345403e342c1ce660ef39aaf6100aaef2b9751b42530e3a0cdb03a7a30c87,validation
data/datasets/AB+/cluster_4_2321.BMP,AB+,SUBJECT_GROUP_0150,150,150__M_Left_ring_finger.BMP,c81ca4e5f9c3e199a2524fe5ba1c5d9a414c03e201ac86a6895391498ea16a46,train
data/datasets/AB+/cluster_4_2327.BMP,AB+,SUBJECT_GROUP_0391,397,397__M_Right_little_finger.BMP,bbf5453fb18cd319a9fa88fa99dddd56b4e3e7cc6dcb289f711ae19f76564d90,train
data/datasets/AB+/cluster_4_2329.BMP,AB+,SUBJECT_GROUP_0354,359,359__M_Left_middle_finger.BMP,9072aae0ade06e5c6caef0f783d6d6f5412f74831f2c10cc55983e37ddf8bb18,train
data/datasets/AB+/cluster_4_234.BMP,AB+,SUBJECT_GROUP_0485,492,492__F_Right_little_finger.BMP,6fb953377d1ef3d72a3d1fb8724ab93382a95046ba7215e12662612bf04a8711,validation
data/datasets/AB+/cluster_4_2352.BMP,AB+,SUBJECT_GROUP_0484,491,491__M_Left_middle_finger.BMP,fd143a7ff7b233937832e53b88a3b9981086e8bc1e50d263609c62909f685c17,train
data/datasets/AB+/cluster_4_2363.BMP,AB+,SUBJECT_GROUP_0506,514,514__F_Left_ring_finger.BMP,4d92d46184b4e45b60d344fce55421c16b8d9009fe8d533a95ea699cebe5cba6,train
data/datasets/AB+/cluster_4_2368.BMP,AB+,SUBJECT_GROUP_0226,229,229__M_Right_index_finger.BMP,35c3759d3d48637f58f8ee96cca578243f1643eca5a8671dc6d3d0a4fd87d520,train
data/datasets/AB+/cluster_4_2369.BMP,AB+,SUBJECT_GROUP_0288,293,293__F_Left_little_finger.BMP,56cc6786956da70389c0b4fa7c98508a31a398bfa1eea819de72b56eeb8f2172,test
data/datasets/AB+/cluster_4_2372.BMP,AB+,SUBJECT_GROUP_0034,34,34__M_Left_ring_finger.BMP,74ee5246794d8121711b2283f9b2d530e96b96f41eabbd8f4089ab439f926c6a,test
data/datasets/AB+/cluster_4_2377.BMP,AB+,SUBJECT_GROUP_0263,268,268__M_Left_ring_finger.BMP,3bb3b76305975518b31fccad95181b336d71c6b1646f1887bec58fc388ef062a,train
data/datasets/AB+/cluster_4_2411.BMP,AB+,SUBJECT_GROUP_0580,593,593__M_Left_ring_finger.BMP,0df291df439cb9afe23d18a9d05d4be842c47bb04f2301da85eb0c2c1e8b091a,test
data/datasets/AB+/cluster_4_2412.BMP,AB+,SUBJECT_GROUP_0245,248,248__M_Right_little_finger.BMP,553f02f9ae384f5aefe983a75d9f5a4861ab200314485295a1c9dd1d3fac1117,train
data/datasets/AB+/cluster_4_2419.BMP,AB+,SUBJECT_GROUP_0032,32,32__M_Right_ring_finger.BMP,1d9666936970ed843ee6cba227e7cbbdcc240f9f321090113324d0e3a0db4f72,train
data/datasets/AB+/cluster_4_2436.BMP,AB+,SUBJECT_GROUP_0021,21,21__M_Left_little_finger.BMP,3e731e8564b4e6b5d2ac1c519a70e50ad8a5c468742bbb45adae80e26d2166b5,test
data/datasets/AB+/cluster_4_2444.BMP,AB+,SUBJECT_GROUP_0178,178,178__M_Left_middle_finger.BMP,2cbe90f624e92825b75e4413cfcd3850eff2fd069aa6c6857b94c70b99f09665,train
data/datasets/AB+/cluster_4_2445.BMP,AB+,SUBJECT_GROUP_0399,405,405__M_Right_little_finger.BMP,31b2a4d7a52f06f9125fa0555eb742d45882fea7537f725b3f9eec3f4acf2bf8,train
data/datasets/AB+/cluster_4_2446.BMP,AB+,SUBJECT_GROUP_0462,469,469__M_Left_little_finger.BMP,1f902d27462aaffc29a454d6fa48f90afa93555d5db14c5dd29787712c9bdf9e,train
data/datasets/AB+/cluster_4_2450.BMP,AB+,SUBJECT_GROUP_0005,5,5__M_Right_ring_finger.BMP,e8903d64e13076e1daede3096724df1f6e9739d77aa8e40b688a0d5e520c8955,train
data/datasets/AB+/cluster_4_2453.BMP,AB+,SUBJECT_GROUP_0543,551,551__F_Left_index_finger.BMP,acb1e9a6e861f6f3040f2b591fced2246eb4a609007880eb61510d3b73a9cb94,validation
data/datasets/AB+/cluster_4_2458.BMP,AB+,SUBJECT_GROUP_0023,23,23__M_Left_middle_finger.BMP,a8745cb18211a109a683f47a1a0a34b918b1ce736aada51a1eb361b45589459d,train
data/datasets/AB+/cluster_4_2462.BMP,AB+,SUBJECT_GROUP_0065,65,65__M_Left_ring_finger.BMP,8716a09d7b3cba2353598a2899d14626baab63e3bf99f97faf3990d7ad2f901c,train
data/datasets/AB+/cluster_4_2477.BMP,AB+,SUBJECT_GROUP_0178,178,178__M_Right_little_finger.BMP,0e2f5c6eaa7915dab5b9e03682008c91d81ed2877ab3b443af6bd04adde9148c,train
data/datasets/AB+/cluster_4_2481.BMP,AB+,SUBJECT_GROUP_0086,86,86__M_Right_index_finger.BMP,406d5227e9e1964aed00587ce5a253fb51b272b0ea5428771ab10477e8342b1d,test
data/datasets/AB+/cluster_4_2488.BMP,AB+,SUBJECT_GROUP_0515,523,523__F_Left_middle_finger.BMP,09891f08cea6d7cf18df54adbea50cb7c6c7fd6a61ee35784fa36773fb8ff102,train
data/datasets/AB+/cluster_4_2498.BMP,AB+,SUBJECT_GROUP_0407,413,413__M_Left_little_finger.BMP,864baee8087753d70fe6d827a509d46018f0e462d14044e415a3d18604583d9a,train
data/datasets/AB+/cluster_4_2501.BMP,AB+,SUBJECT_GROUP_0229,232,232__M_Left_index_finger.BMP,b2aa3ba11420790602155f247795fe3bbcff536ed15da980bedd089b1258d6b0,train
data/datasets/AB+/cluster_4_2505.BMP,AB+,SUBJECT_GROUP_0575,587,587__M_Right_middle_finger.BMP,b91d7489857a719f29ab1f353baba4fa1d792268a344f83497e06ae4a64ad18d,test
data/datasets/AB+/cluster_4_2507.BMP,AB+,SUBJECT_GROUP_0358,376,376__F_Left_ring_finger.BMP,981128981324c02a3f8e1f420c989b475e58c2dfad1053c86cabb9287353a272,test
data/datasets/AB+/cluster_4_251.BMP,AB+,SUBJECT_GROUP_0086,86,86__M_Right_little_finger.BMP,bad520b8b84607adeeb3469a73ce73578039be1f7aaa1c4d3b82138dceab194e,test
data/datasets/AB+/cluster_4_2512.BMP,AB+,SUBJECT_GROUP_0321,326,326__M_Right_little_finger.BMP,02808a81de8410fae8079ab25a6a0d82c1f8e33e7ed9ae3eaddd7b8d60e8734c,train
data/datasets/AB+/cluster_4_2513.BMP,AB+,SUBJECT_GROUP_0337,342,342__M_Left_index_finger.BMP,84bbbfa44e1f14f391477d0a60c285a688ae19dc07558495acb4886976714c1a,validation
data/datasets/AB+/cluster_4_2527.BMP,AB+,SUBJECT_GROUP_0382,388,388__F_Right_ring_finger.BMP,6f14bca7691f2282c3fc28112b92992681c48f16781a38dad82026117c5abf57,train
data/datasets/AB+/cluster_4_2530.BMP,AB+,SUBJECT_GROUP_0455,462,462__M_Left_ring_finger.BMP,d2d77cf9dc67a061669e5520be8ad0262b21777d2678b5eb1887066e80e602da,train
data/datasets/AB+/cluster_4_2536.BMP,AB+,SUBJECT_GROUP_0250,254,254__M_Right_little_finger.BMP,8c2f8af73520dcb0e17651b5ec89078f0c46093b844bdf216653126ddb265527,validation
data/datasets/AB+/cluster_4_2549.BMP,AB+,SUBJECT_GROUP_0237,240,240__F_Left_little_finger.BMP,63ee8de2ffa534ed332187986fd2835bf1ff8c61aa58eec1643893f89f35d9eb,train
data/datasets/AB+/cluster_4_2556.BMP,AB+,SUBJECT_GROUP_0506,514,514__F_Left_index_finger.BMP,1c553ef2bb60a7503b7b23162c9aaef76481e9488ffc4345d86d8a61b6b176e9,train
data/datasets/AB+/cluster_4_2561.BMP,AB+,SUBJECT_GROUP_0354,359,359__M_Right_little_finger.BMP,197ad995f5c6912a878b023f963bf86efa556d599860cd60d49cd7b51d07b628,train
data/datasets/AB+/cluster_4_257.BMP,AB+,SUBJECT_GROUP_0577,589,589__M_Left_middle_finger.BMP,52777ab4866ca4c18e9c447b3371ce0c0243827b6dc9ad60c3cb28f435b6de85,validation
data/datasets/AB+/cluster_4_2577.BMP,AB+,SUBJECT_GROUP_0376,382,382__M_Right_little_finger.BMP,39b78d96c8af945c6a4957082fd33263718eb4308651a9a6f0303357026d23c4,validation
data/datasets/AB+/cluster_4_2579.BMP,AB+,SUBJECT_GROUP_0266,271,271__M_Left_little_finger.BMP,e50f6ca99d14d38b9323a4646e92f085a3dcafac1beb630128d03771d59c6f6b,train
data/datasets/AB+/cluster_4_2585.BMP,AB+,SUBJECT_GROUP_0221,224,224__M_Left_little_finger.BMP,7f34fae31f3e21a290020bf055e3b37f126623215589249b0e61c4b57e8d806a,train
data/datasets/AB+/cluster_4_2602.BMP,AB+,SUBJECT_GROUP_0552,562,562__F_Right_little_finger.BMP,f9adb4f584c8c469e128ee2ff8f8b127d4512a244133529d1ce3d1b96d315bcb,train
data/datasets/AB+/cluster_4_2607.BMP,AB+,SUBJECT_GROUP_0454,461,461__F_Left_little_finger.BMP,cb61f5feb3245c7af33a0a4e1306066a0bd8a60b8960d37b12d69e68324ab9e5,train
data/datasets/AB+/cluster_4_2611.BMP,AB+,SUBJECT_GROUP_0518,526,526__F_Left_index_finger.BMP,c5409d351bc1a6e6bb73d2c329025e060edcb587384a90dd88d8becf807e3cfd,train
data/datasets/AB+/cluster_4_2614.BMP,AB+,SUBJECT_GROUP_0167,167,167__M_Left_ring_finger.BMP,1d615ec23abd0e477144ab42eb98b6c96ed6e5d92f7420d84ae6105f221b40a6,train
data/datasets/AB+/cluster_4_2618.BMP,AB+,SUBJECT_GROUP_0452,459,459__M_Left_ring_finger.BMP,193000e10c9fd574cbd93185c739d732cad6ab098f7a31c073b256794a996965,train
data/datasets/AB+/cluster_4_2619.BMP,AB+,SUBJECT_GROUP_0480,487,487__M_Left_little_finger.BMP,095faf81f0c57ff082ac30def1b6a89410fa5a698ef758e7b10809e893c1daca,train
data/datasets/AB+/cluster_4_2621.BMP,AB+,SUBJECT_GROUP_0256,261,261__M_Right_index_finger.BMP,aeacbe77e294e6e61b716d28e510fb79c085ab47c1558897235f4d1d02da1ba8,validation
data/datasets/AB+/cluster_4_263.BMP,AB+,SUBJECT_GROUP_0064,219,219__M_Right_little_finger.BMP,1eaba1b1fc37e94316a52c097f6d06b54f9f3b30de74057a48f25f55e95fe9e2,validation
data/datasets/AB+/cluster_4_264.BMP,AB+,SUBJECT_GROUP_0264,269,269__M_Left_index_finger.BMP,4a64496ec8a7d9525206983e06dc32affa9e9196fdb6c71dc163c72843336399,train
data/datasets/AB+/cluster_4_265.BMP,AB+,SUBJECT_GROUP_0554,564,564__M_Right_little_finger.BMP,27a83f0aa92929e20290778fe24e09b0263c8dac04f044c8ee7d339b0c1c3a31,train
data/datasets/AB+/cluster_4_2666.BMP,AB+,SUBJECT_GROUP_0157,157,157__M_Left_little_finger.BMP,49a51adf91c88f0ede5d4f4143d62b50f8e247532aa4d4ea72d5efdf6c396ff5,train
data/datasets/AB+/cluster_4_2673.BMP,AB+,SUBJECT_GROUP_0246,250,250__F_Left_little_finger.BMP,0539b8a8523232efadba440c3a6f131b29d019c5f600f4f766486d189e70ce09,train
data/datasets/AB+/cluster_4_2675.BMP,AB+,SUBJECT_GROUP_0021,21,21__M_Left_middle_finger.BMP,555abb0206d643565c46157c1799876cc9e5c5c08bb66792ea55ce85d880f384,test
data/datasets/AB+/cluster_4_268.BMP,AB+,SUBJECT_GROUP_0365,370,370__M_Left_little_finger.BMP,0f10034a24007787b2b9b23e8a6aeeff571fa7c17821bc42e5c77f791540aecb,train
data/datasets/AB+/cluster_4_2680.BMP,AB+,SUBJECT_GROUP_0117,117,117__F_Left_ring_finger.BMP,eb3f2025713b058cfddb9d3e50bd2829fee858ba7e48f8aa4663de3afc026736,test
data/datasets/AB+/cluster_4_2686.BMP,AB+,SUBJECT_GROUP_0242,245,245__M_Right_little_finger.BMP,346bb5505cd62776c28efadfd7459040a4d82e19b7c1524b4298b2999a1e29f9,train
data/datasets/AB+/cluster_4_2688.BMP,AB+,SUBJECT_GROUP_0388,394,394__M_Left_ring_finger.BMP,29c17d664cf58dd39f4130b746adc58a1cc4626420417d497ca509c5a1239611,train
data/datasets/AB+/cluster_4_2699.BMP,AB+,SUBJECT_GROUP_0071,71,71__M_Right_ring_finger.BMP,97b3a6b3c18979506a9294a7c7def89dff0096647d5ee3752d298e9142568414,train
data/datasets/AB+/cluster_4_27.BMP,AB+,SUBJECT_GROUP_0133,133,133__M_Right_ring_finger.BMP,c189c49285392faa4871f48cea71af59ad98bc4b34e9f7e37b923c14b9137789,train
data/datasets/AB+/cluster_4_2700.BMP,AB+,SUBJECT_GROUP_0218,221,221__M_Left_middle_finger.BMP,6e50911191a8a4163ef3da593c3a1ddefceb0749089f74f0c38ba970c8ce216c,test
data/datasets/AB+/cluster_4_2709.BMP,AB+,SUBJECT_GROUP_0124,124,124__M_Right_ring_finger.BMP,650413948f9dd5112900fee0d76e3281b325c7e6be6ea1311cb99d1fa4d46e69,train
data/datasets/AB+/cluster_4_272.BMP,AB+,SUBJECT_GROUP_0033,33,33__M_Left_index_finger.BMP,9ec4ca93524196dcc01e66f10a68d64fb82e5c0cffdde3480dc1bf9d9a78ce96,validation
data/datasets/AB+/cluster_4_2720.BMP,AB+,SUBJECT_GROUP_0118,118,118__F_Left_ring_finger.BMP,6d4a211e88059957d1a8e1aed4c391d0d1304f7be499b5699f05e6072d8b3082,train
data/datasets/AB+/cluster_4_2726.BMP,AB+,SUBJECT_GROUP_0214,216,216__M_Left_thumb_finger.BMP,6e18c84da2af0db66c58d327a34ab5c24fcee967d8c1e80b4ceaac8226cbea1a,train
data/datasets/AB+/cluster_4_2727.BMP,AB+,SUBJECT_GROUP_0040,40,40__F_Left_ring_finger.BMP,98e1566de4a99db90caab2e824120624d99e7b0931eecd434eee1fa386ad086a,train
data/datasets/AB+/cluster_4_2743.BMP,AB+,SUBJECT_GROUP_0270,275,275__F_Left_little_finger.BMP,20671c41359a50488327a608f03dcc233d88917664440f17416b7a098e13d689,validation
data/datasets/AB+/cluster_4_2763.BMP,AB+,SUBJECT_GROUP_0241,244,244__M_Right_middle_finger.BMP,ad23dd05eec98ae0c8700c1a477642a7117ec243f89c0d01bfd49690b4c84858,train
data/datasets/AB+/cluster_4_2787.BMP,AB+,SUBJECT_GROUP_0257,262,262__M_Left_ring_finger.BMP,e63ffaab602111014dad2dd9aa7013ef802d53cca5a98cb81078f69c3d3c576e,train
data/datasets/AB+/cluster_4_2796.BMP,AB+,SUBJECT_GROUP_0554,564,564__M_Left_index_finger.BMP,b5e000147524bdf87ccea4227c0b20da22636f72de6601b027c27d07e6d38083,train
data/datasets/AB+/cluster_4_2801.BMP,AB+,SUBJECT_GROUP_0040,40,40__F_Right_ring_finger.BMP,1143caa0f0baa54aff2d37d3fa701672ee72d7c46b70bf40208d48bcb11c98fe,train
data/datasets/AB+/cluster_4_2804.BMP,AB+,SUBJECT_GROUP_0218,221,221__M_Left_ring_finger.BMP,5d086afa28fbff8e8dfcd1de8dcfa57ddd1affee345c3411968561f3b43df8a2,test
data/datasets/AB+/cluster_4_2818.BMP,AB+,SUBJECT_GROUP_0003,3,3__M_Left_index_finger.BMP,3e0efb669d9223f75495655826235fafa924e3347351a94ee490dd078bcfbfca,validation
data/datasets/AB+/cluster_4_282.BMP,AB+,SUBJECT_GROUP_0064,219,219__M_Right_index_finger.BMP,745bbf3e5d38cba1b02f68cf39309cfe8ac471e3ab7b20242157deb3d6e4892d,validation
data/datasets/AB+/cluster_4_2822.BMP,AB+,SUBJECT_GROUP_0192,192,192__M_Right_ring_finger.BMP,1b5e5d3e8e185371c8c38a0d514949360da2482fe7a537667e1e00d2ab22f761,validation
data/datasets/AB+/cluster_4_2837.BMP,AB+,SUBJECT_GROUP_0304,309,309__M_Left_little_finger.BMP,bad4b5984d0f7ee27869216c01a7bcd33f459ca59fbc2cc5c3ed3461077ecb02,validation
data/datasets/AB+/cluster_4_2850.BMP,AB+,SUBJECT_GROUP_0273,278,278__M_Left_middle_finger.BMP,e0dc4fa5e462d6659467253fac150f9f1b935b28e9e28abe2d743f50f15fe03c,train
data/datasets/AB+/cluster_4_2854.BMP,AB+,SUBJECT_GROUP_0048,48,48__F_Right_little_finger.BMP,7453d81923c98ab7868547b2cf5f841a36e16fe6aebfe02082db267fdb51a321,test
data/datasets/AB+/cluster_4_2856.BMP,AB+,SUBJECT_GROUP_0304,309,309__M_Left_ring_finger.BMP,aa0a530ec1c255952bdc151e8e43b282fbab16be5e08f339705a349d214141f9,validation
data/datasets/AB+/cluster_4_2861.BMP,AB+,SUBJECT_GROUP_0519,527,527__M_Left_ring_finger.BMP,2dd281f231550a03fb9cc2bac2571acac489e48eead1a7849416b5b65b639ed9,train
data/datasets/AB+/cluster_4_2864.BMP,AB+,SUBJECT_GROUP_0127,127,127__F_Left_index_finger.BMP,7c72d0c55b78062466b4c4a0435255820d1ebdbbf64fc18b1822ffbe92b868d5,validation
data/datasets/AB+/cluster_4_2876.BMP,AB+,SUBJECT_GROUP_0492,499,499__M_Right_index_finger.BMP,11f614e9299e8f0754f151e8a6adf96b9962fbf24d04ebb1661e62568089329a,train
data/datasets/AB+/cluster_4_2889.BMP,AB+,SUBJECT_GROUP_0252,256,256__M_Right_ring_finger.BMP,1f3fd4bb1f0b27f1e46c6730cf51b47ebf78369adc2a8904a105df89e52b7555,test
data/datasets/AB+/cluster_4_2896.BMP,AB+,SUBJECT_GROUP_0174,174,174__F_Left_index_finger.BMP,15b139753272a8a12dae21199760b7f0a3d6ac7b6a7dc042227b15e39a5b1b92,train
data/datasets/AB+/cluster_4_2900.BMP,AB+,SUBJECT_GROUP_0331,336,336__M_Left_ring_finger.BMP,abba94a0b4064f99ff960e72c50b374c6e39cb97471a3f77d5c50103fbf17575,train
data/datasets/AB+/cluster_4_2901.BMP,AB+,SUBJECT_GROUP_0283,288,288__M_Right_little_finger.BMP,de2da4b705c04c83ab434c2b8b96d62b104140d51dbb555d6562ce78a1a30c9a,train
data/datasets/AB+/cluster_4_2911.BMP,AB+,SUBJECT_GROUP_0239,242,242__M_Right_ring_finger.BMP,d78a98a828888f89f716ade260ad7f36ae253b4e5ff241913ef38f1fa49831c9,test
data/datasets/AB+/cluster_4_2929.BMP,AB+,SUBJECT_GROUP_0437,444,444__M_Left_ring_finger.BMP,95737ef8e9eef8a76339b4f4f441785a8fc294895dff2c7a9181d3bd5c7aa05d,train
data/datasets/AB+/cluster_4_2931.BMP,AB+,SUBJECT_GROUP_0045,45,45__M_Left_little_finger.BMP,4671e81c74c6f37100ff8f1c759b7128bc714c3d3c5341018c2532d8607318de,train
data/datasets/AB+/cluster_4_2937.BMP,AB+,SUBJECT_GROUP_0056,56,56__F_Left_ring_finger.BMP,33f0e94f44c35ff83b08ddbd22a5fabac587808fa84011f1ee584d761dee38b6,validation
data/datasets/AB+/cluster_4_2943.BMP,AB+,SUBJECT_GROUP_0073,73,73__M_Left_little_finger.BMP,83c42e270dc99f268d47601f8737b1778fb51c992d2456ca0d2877a0486f8595,train
data/datasets/AB+/cluster_4_2949.BMP,AB+,SUBJECT_GROUP_0038,38,38__M_Left_ring_finger.BMP,554450f4920e17006642d4ccc50171eeae0dd9dcf7ce30ae3728b7e93c6a484c,train
data/datasets/AB+/cluster_4_2956.BMP,AB+,SUBJECT_GROUP_0214,216,216__M_Right_little_finger.BMP,66131b8f46d19864a3fa506538e13e1e0fe09b34d7c8939575ca1b3ca968cd56,train
data/datasets/AB+/cluster_4_296.BMP,AB+,SUBJECT_GROUP_0572,583,583__M_Left_index_finger.BMP,5df9a9028b31be1f890f014599afc1582266968ae2e2258bc4274947581e711d,test
data/datasets/AB+/cluster_4_2960.BMP,AB+,SUBJECT_GROUP_0158,158,158__M_Right_little_finger.BMP,a2b1af59be9fe363db4bcc339d36b6bee4ca2fc646ad0c2e45ae2e3c24501a80,train
data/datasets/AB+/cluster_4_2961.BMP,AB+,SUBJECT_GROUP_0181,181,181__M_Right_ring_finger.BMP,01b1ad6b64adaeac98bb479eb83874f41fad2da8185568da772fa8d241aa2774,train
data/datasets/AB+/cluster_4_2965.BMP,AB+,SUBJECT_GROUP_0515,523,523__F_Right_thumb_finger.BMP,67c29d6fe35f32567caa6e9871bf2a4c9d9494f02aff55edb25df8505df33fc1,train
data/datasets/AB+/cluster_4_2981.BMP,AB+,SUBJECT_GROUP_0293,298,298__M_Left_little_finger.BMP,235379784f36421b90c51e2b33096c29c04f7cf7ccb4ca9e80c3940b67b94776,train
data/datasets/AB+/cluster_4_2988.BMP,AB+,SUBJECT_GROUP_0235,238,238__M_Right_little_finger.BMP,47945b8ebe8aa36ba39afc947fe371b8e59e432738f1be962f0ea1eee8876772,train
data/datasets/AB+/cluster_4_3000.BMP,AB+,SUBJECT_GROUP_0077,77,77__M_Right_little_finger.BMP,c5e7d592e551c16d7de09852425cc3abe4cc47237f9997609b08898cc8b42ae9,validation
data/datasets/AB+/cluster_4_3003.BMP,AB+,SUBJECT_GROUP_0292,553;554,553__M_Left_thumb_finger.BMP;554__M_Left_little_finger.BMP,be0c3f099cf8f5006c1fe1d562e1b287987f9a206f635876261bf533263850bb,test
data/datasets/AB+/cluster_4_3011.BMP,AB+,SUBJECT_GROUP_0392,398,398__M_Right_little_finger.BMP,a95fe26633177917bd7bfef275e178ad95d0333dadb6480f02798e93e9190440,train
data/datasets/AB+/cluster_4_3015.BMP,AB+,SUBJECT_GROUP_0006,6,6__M_Left_little_finger.BMP,1f069cba98bef0009183fa49d232bae14351271890259c793f07a744c4010746,train
data/datasets/AB+/cluster_4_3018.BMP,AB+,SUBJECT_GROUP_0485,492,492__F_Left_index_finger.BMP,1a6133c3c8762aa66a4af85d1e0cfab3a5d0c6623e00feac2723f967be05a281,validation
data/datasets/AB+/cluster_4_3021.BMP,AB+,SUBJECT_GROUP_0171,171,171__M_Right_ring_finger.BMP,17f4f1851b79290b6c49122bd20bae0982748b77afa83cc4c2a5017ba74f6d33,train
data/datasets/AB+/cluster_4_3022.BMP,AB+,SUBJECT_GROUP_0293,298,298__M_Left_thumb_finger.BMP,aa3e2862c2cf670a42d3b79ce1b5a8a5fddf21f9df5a535f8b7ab93feab788c2,train
data/datasets/AB+/cluster_4_3031.BMP,AB+,SUBJECT_GROUP_0214,216,216__M_Right_ring_finger.BMP,98c0d7184128fbfedf952dc2ee6e496b165963d48f09dcfcfe31c4ca92365295,train
data/datasets/AB+/cluster_4_304.BMP,AB+,SUBJECT_GROUP_0007,7,7__M_Right_ring_finger.BMP,24a9cab5ef04a557492ab1e2ac4667b9e1491a4fa342ec9f148ae36a8a7697aa,test
data/datasets/AB+/cluster_4_3041.BMP,AB+,SUBJECT_GROUP_0113,113,113__M_Right_middle_finger.BMP,2e759d0048931219cffaf9d9ff1c01853993340e242998de82451b33258cace9,train
data/datasets/AB+/cluster_4_3045.BMP,AB+,SUBJECT_GROUP_0571,582,582__M_Left_middle_finger.BMP,34f887d63a0c63d2d2adf9d247eac23a194ea3d567340ea1ab419f81952fd400,validation
data/datasets/AB+/cluster_4_3077.BMP,AB+,SUBJECT_GROUP_0475,482,482__M_Left_thumb_finger.BMP,e89e2147b51c670c797db4ebf1da930c60b455d62d3e9973a3b887e9f897430f,test
data/datasets/AB+/cluster_4_3097.BMP,AB+,SUBJECT_GROUP_0177,177,177__F_Left_thumb_finger.BMP,b92790db0829018c9ebae4cd5253674d4fb0d003b42ae66d6d8a1bf5d52aff13,train
data/datasets/AB+/cluster_4_3098.BMP,AB+,SUBJECT_GROUP_0033,33,33__M_Right_ring_finger.BMP,909c8c5a9eed4c85117c03211a475b292193b07ad8debf53a32e613f0a7c8024,validation
data/datasets/AB+/cluster_4_3103.BMP,AB+,SUBJECT_GROUP_0453,460,460__M_Left_little_finger.BMP,c0685d00afb0763e426291a929a6ee1a27147e4cccddd0ebcb735ff5939898bc,test
data/datasets/AB+/cluster_4_3107.BMP,AB+,SUBJECT_GROUP_0025,25,25__F_Right_little_finger.BMP,b864859bd08ce1dc12da960709f7bd99fb094f72f4addaad42e0f571697efec5,train
data/datasets/AB+/cluster_4_3121.BMP,AB+,SUBJECT_GROUP_0168,168,168__M_Left_ring_finger.BMP,01e2880f47d3c3e7cfe58e5d681608e5b0b1236c2c6bf74d35d63a913ebc4a2d,train
data/datasets/AB+/cluster_4_313.BMP,AB+,SUBJECT_GROUP_0174,174,174__F_Right_little_finger.BMP,0c07ce79691e7cf091965be0891e4474092fdf1b0aeb1593a9e534d376eb1925,train
data/datasets/AB+/cluster_4_3130.BMP,AB+,SUBJECT_GROUP_0360,365,365__M_Right_middle_finger.BMP,c2902fc6968b932831b1a823765030a5ce8bac9c8ab5b441b3119056b326c188,test
data/datasets/AB+/cluster_4_3132.BMP,AB+,SUBJECT_GROUP_0339,344,344__M_Left_ring_finger.BMP,0f84478015bf597bffa5b7aa4596adc86fae58f3570a4a0dc1df316457029608,train
data/datasets/AB+/cluster_4_3150.BMP,AB+,SUBJECT_GROUP_0092,418,418__F_Right_little_finger.BMP,ef04b7dd3fd16dae5ff499b0ab8a74fba161dccc4a8fd317a3d240962c7355fa,validation
data/datasets/AB+/cluster_4_3151.BMP,AB+,SUBJECT_GROUP_0112,112,112__M_Left_ring_finger.BMP,af53e44bd411baaad5a30ef9d137f3c11903e3cf9121a449d317ad6bc8621f14,train
data/datasets/AB+/cluster_4_316.BMP,AB+,SUBJECT_GROUP_0430,437,437__M_Left_little_finger.BMP,a6744d188c35ae37dd76200d649fdbec9794ba6bf47712b01693d6d9162090aa,test
data/datasets/AB+/cluster_4_3168.BMP,AB+,SUBJECT_GROUP_0030,30,30__F_Right_index_finger.BMP,25eb71827e548e0cfa33eb210141394feadac5033a1e486b3a8e1ae298d0bf8b,train
data/datasets/AB+/cluster_4_3173.BMP,AB+,SUBJECT_GROUP_0050,50,50__M_Left_index_finger.BMP,1f3cb5e747bef3268664b2e2d445db933926fa5147ae0465a3bc48419c7620b2,train
data/datasets/AB+/cluster_4_3176.BMP,AB+,SUBJECT_GROUP_0028,28,28__M_Left_little_finger.BMP,6afb91b9b1f968d99c65a159bf74d8b83456ed41a2f2428f2be6ee9ca61c73b3,train
data/datasets/AB+/cluster_4_3177.BMP,AB+,SUBJECT_GROUP_0443,450,450__M_Left_middle_finger.BMP,d5935bd078db78519d71ff963b47a797249eb80c904e33523f29c30efafd0d79,test
data/datasets/AB+/cluster_4_3190.BMP,AB+,SUBJECT_GROUP_0444,451,451__M_Right_ring_finger.BMP,1aa6695ba8757e80fcb7d7bec20e08e0b02f6fd53737652119052d49ce2d99dc,train
data/datasets/AB+/cluster_4_3208.BMP,AB+,SUBJECT_GROUP_0247,251,251__M_Left_middle_finger.BMP,c32747f2a277e9b22c7c33f00a42e744e7b7aa9ae5b166d6e939bb9a35298167,validation
data/datasets/AB+/cluster_4_321.BMP,AB+,SUBJECT_GROUP_0352,357,357__M_Left_ring_finger.BMP,4bb648fda80f25028aa0ea858207e56d2fd7198c9033611dc1bf91f2399a5127,train
data/datasets/AB+/cluster_4_3210.BMP,AB+,SUBJECT_GROUP_0548,558,558__M_Left_middle_finger.BMP,497ce66de08d279006dc383652f1d85ed61fd7ee5dbbe2c37c6cf207ec06b895,train
data/datasets/AB+/cluster_4_3216.BMP,AB+,SUBJECT_GROUP_0010,10,10__M_Right_little_finger.BMP,012f8fcea5cdd8ea1f162397ecb88d36e094a7bbfaac1a00898b65cff2af1171,train
data/datasets/AB+/cluster_4_3220.BMP,AB+,SUBJECT_GROUP_0384,390,390__F_Left_index_finger.BMP,1f115155fd08e7efc0fb91d5e264aba4ac8d17212c8b3e6c51c38f06a4bf91f8,train
data/datasets/AB+/cluster_4_3221.BMP,AB+,SUBJECT_GROUP_0239,242,242__M_Left_little_finger.BMP,fa75e13646e9f3922c375bdcd31cde8620621901420eaec03bd10db93163ea55,test
data/datasets/AB+/cluster_4_3223.BMP,AB+,SUBJECT_GROUP_0559,569,569__M_Left_little_finger.BMP,788b932e7442484946ee3f3b4c41f0b18a46a52defdcc4441c7ed7f1fd170f2a,train
data/datasets/AB+/cluster_4_3237.BMP,AB+,SUBJECT_GROUP_0247,251,251__M_Right_ring_finger.BMP,b8f9fdcd8ead624dad234533e090c1b09261be31b70dc3be64b77e8d36143b70,validation
data/datasets/AB+/cluster_4_3238.BMP,AB+,SUBJECT_GROUP_0105,105,105__M_Right_little_finger.BMP,3e81474a7498b417ef1cba4cdf7a929a4ea1c2914dcee422ec497dc03504f1f8,train
data/datasets/AB+/cluster_4_3243.BMP,AB+,SUBJECT_GROUP_0308,313,313__M_Left_ring_finger.BMP,0e7ec13328c1e0755e2598be55a1c8b515dac2c48b1afe8cd36bf0b2565171fa,train
data/datasets/AB+/cluster_4_3248.BMP,AB+,SUBJECT_GROUP_0042,42,42__F_Right_little_finger.BMP,805c76a62abb675cf0e239c2a05605abc61a5b9a2787d0fb1b912f3e1ce259f3,train
data/datasets/AB+/cluster_4_3249.BMP,AB+,SUBJECT_GROUP_0134,134,134__M_Right_ring_finger.BMP,79c922e965bb79a57e62b43aee7e62f5070f25a80f07bf7353cd3c6d9ebb1db9,validation
data/datasets/AB+/cluster_4_325.BMP,AB+,SUBJECT_GROUP_0292,553;554,553__M_Left_thumb_finger.BMP;554__M_Left_little_finger.BMP,be0c3f099cf8f5006c1fe1d562e1b287987f9a206f635876261bf533263850bb,test
data/datasets/AB+/cluster_4_3250.BMP,AB+,SUBJECT_GROUP_0099,99,99__M_Right_little_finger.BMP,75948b39550362f01c3f13230665f30461500b39ca6427ab1b96da71829bb834,train
data/datasets/AB+/cluster_4_3253.BMP,AB+,SUBJECT_GROUP_0424,431,431__M_Right_ring_finger.BMP,9e60f669e53a4fb47b4c8560ebd6f2cb3a7f0b42eabb96c07f3f40162ba00428,validation
data/datasets/AB+/cluster_4_3254.BMP,AB+,SUBJECT_GROUP_0362,367,367__M_Left_little_finger.BMP,1039a8d9c2a93f5cb9891fbf08cd973407a6f21e45efc04d05cfa63a4b01c176,train
data/datasets/AB+/cluster_4_3258.BMP,AB+,SUBJECT_GROUP_0101,101,101__M_Left_index_finger.BMP,8be4eab9bb32b93131715f3c6f562abda6977a1fc3467eb21629ec347b5b0757,train
data/datasets/AB+/cluster_4_3264.BMP,AB+,SUBJECT_GROUP_0444,451,451__M_Left_middle_finger.BMP,047ec550d25080ecf144a0559563af805228bc28c1602072293aee59d7ac7f41,train
data/datasets/AB+/cluster_4_3287.BMP,AB+,SUBJECT_GROUP_0042,42,42__F_Right_ring_finger.BMP,d437496c4c45f4426e4e5bc3436c6d0ac8e32ac69a29b3f252de27839fa84e11,train
data/datasets/AB+/cluster_4_3302.BMP,AB+,SUBJECT_GROUP_0202,202,202__M_Right_little_finger.BMP,d1a81db75d2b8f22e5b4581793d8611011e433874629fca6b688594640c83b2e,test
data/datasets/AB+/cluster_4_3313.BMP,AB+,SUBJECT_GROUP_0221,224,224__M_Left_middle_finger.BMP,0697a6e71ad9de2ad0737b41c832b9ac9fa9d59293960a2533dc000301f94fc6,train
data/datasets/AB+/cluster_4_333.BMP,AB+,SUBJECT_GROUP_0268,273,273__M_Right_little_finger.BMP,f7a3f68fb13470cbbacbdb431f63af81a3afdcff0cda4415c5f1a0ee5bacf43f,train
data/datasets/AB+/cluster_4_3345.BMP,AB+,SUBJECT_GROUP_0393,399,399__M_Right_little_finger.BMP,12f3203afaea363e9b329b74da445620e09e743c63e6bfa7e87b45e658a33916,validation
data/datasets/AB+/cluster_4_3348.BMP,AB+,SUBJECT_GROUP_0101,101,101__M_Right_middle_finger.BMP,e462c2f286d30108aef5be77d960cd8df0d6d3cd94a631c76a04310101bf9010,train
data/datasets/AB+/cluster_4_3351.BMP,AB+,SUBJECT_GROUP_0282,287,287__M_Left_ring_finger.BMP,9f355123f22968710053302040399382302606116b7d6bef31bf0211f53e1b42,train
data/datasets/AB+/cluster_4_3352.BMP,AB+,SUBJECT_GROUP_0098,98,98__M_Left_little_finger.BMP,63ba0d3d258223e8046b15d88ff0362f4b8496d3d28ac458ada4ac150efc06b3,test
data/datasets/AB+/cluster_4_3366.BMP,AB+,SUBJECT_GROUP_0552,562,562__F_Right_ring_finger.BMP,697c51b851927291ac446ddadcda878d116f7fb1002485f839888f10362c267b,train
data/datasets/AB+/cluster_4_3368.BMP,AB+,SUBJECT_GROUP_0112,112,112__M_Left_little_finger.BMP,dc76f2d67e93ab65dc44c5e5ef8af47b68dd2d8a1e81fb466c6b138eaafbd6cc,train
data/datasets/AB+/cluster_4_337.BMP,AB+,SUBJECT_GROUP_0472,479,479__F_Right_little_finger.BMP,91d2e01942d7d94e44bbeafe128cfb3f32908387f4af26566ac884a46b5e5d7b,train
data/datasets/AB+/cluster_4_3375.BMP,AB+,SUBJECT_GROUP_0337,342,342__M_Left_thumb_finger.BMP,80f2e4efec5c7af09e4363aca1dd5675391e2ad0c5e3cd515eb53f6bbe72c221,validation
data/datasets/AB+/cluster_4_338.BMP,AB+,SUBJECT_GROUP_0059,59,59__F_Right_little_finger.BMP,4625c0aa9b3734c3067069ab5670453374ac7009e77fa44274de2eb46d116979,train
data/datasets/AB+/cluster_4_3387.BMP,AB+,SUBJECT_GROUP_0154,154,154__F_Right_ring_finger.BMP,825373e6b7d03a67961b8b897b0171a75b269bc5bbbeeb5d80b542439cb7e33c,train
data/datasets/AB+/cluster_4_3393.BMP,AB+,SUBJECT_GROUP_0564,574,574__F_Left_ring_finger.BMP,afcde31a5309d7ca815fc960f5b10fa48c7a9085cf89dab606060cbc32a5ecbd,train
data/datasets/AB+/cluster_4_3397.BMP,AB+,SUBJECT_GROUP_0505,513,513__M_Left_little_finger.BMP,33f5d9b1c7792c1f5c1c7128e1d1a1217668110d09f6fa3bea13b56129607585,train
data/datasets/AB+/cluster_4_3398.BMP,AB+,SUBJECT_GROUP_0341,346,346__M_Right_index_finger.BMP,3c747cd2bed26e513b19ce12923fd8b63f484648c6f54631c284bfad65784d64,train
data/datasets/AB+/cluster_4_340.BMP,AB+,SUBJECT_GROUP_0395,401,401__M_Right_ring_finger.BMP,fe54e353c1003119ef82936dd62cfc949137eb5b18d092bc35a8098285c0720d,train
data/datasets/AB+/cluster_4_3422.BMP,AB+,SUBJECT_GROUP_0162,162,162__M_Left_ring_finger.BMP,4787729b6fcfa62ee2b72730f81d3072d4dc6fe31e6ff5ccbdc5540bc75a6d51,train
data/datasets/AB+/cluster_4_3427.BMP,AB+,SUBJECT_GROUP_0339,344,344__M_Right_little_finger.BMP,d56d1501d0e594b4d8b8904e649bb86d7f3c6eee917b80cdc827e34e8362c6ed,train
data/datasets/AB+/cluster_4_3432.BMP,AB+,SUBJECT_GROUP_0027,27,27__M_Right_ring_finger.BMP,0be9d2efb3963533a1596c6526989bc755dad7d32de3cb2b48da7757414b3467,train
data/datasets/AB+/cluster_4_344.BMP,AB+,SUBJECT_GROUP_0237,240,240__F_Right_little_finger.BMP,f577f2609cccd0ca53ad1d560efef04e9acea9f080bf397894c7d691988641f5,train
data/datasets/AB+/cluster_4_3440.BMP,AB+,SUBJECT_GROUP_0290,295,295__M_Left_little_finger.BMP,e24a8d9641d87c1fd97fa7ded71b910ee2f27cc65e998a20187d9245a3f54f52,train
data/datasets/AB+/cluster_4_3446.BMP,AB+,SUBJECT_GROUP_0014,14,14__M_Right_little_finger.BMP,b35f0bbea30b4e177978ad6b23bdc6bb75d9993de57f1fad0a576a242db5959d,train
data/datasets/AB+/cluster_4_3452.BMP,AB+,SUBJECT_GROUP_0563,573,573__F_Left_ring_finger.BMP,5a63e92ee12a9a4b50d2ee5ef55646eb8d96ffe6d814fc6a3ade51b892f29245,test
data/datasets/AB+/cluster_4_3458.BMP,AB+,SUBJECT_GROUP_0356,361,361__M_Left_index_finger.BMP,17e21dbfc8cf9bf0fc43da63bcce93b2419fc5af75269b0017433ff2b5ac9d73,train
data/datasets/AB+/cluster_4_3459.BMP,AB+,SUBJECT_GROUP_0091,91,91__F_Right_middle_finger.BMP,322acb0deaaa47e9efcb8a9dd20fb8ef7b863c9f41012574c01e3417136fd7e5,train
data/datasets/AB+/cluster_4_347.BMP,AB+,SUBJECT_GROUP_0506,514,514__F_Left_little_finger.BMP,5d126518ba19e14394c04204f8737b97406cb3895985ce4f97d9ee0d970ca37c,train
data/datasets/AB+/cluster_4_3489.BMP,AB+,SUBJECT_GROUP_0020,20,20__M_Right_little_finger.BMP,1b4b6a15a15016793fed08a432cc8bffd3e30325c0cb4ee511ff7e8b90248984,train
data/datasets/AB+/cluster_4_349.BMP,AB+,SUBJECT_GROUP_0168,168,168__M_Left_index_finger.BMP,ed89ec6e1325a061189d88b96878e5964e43762d2a2838227e0c66b6bdfe7036,train
data/datasets/AB+/cluster_4_3492.BMP,AB+,SUBJECT_GROUP_0060,60,60__M_Right_middle_finger.BMP,596efd12fd436d0b183456ff1652434146ce2811d536245141b54a57c8d50fe3,train
data/datasets/AB+/cluster_4_3504.BMP,AB+,SUBJECT_GROUP_0419,426,426__M_Right_little_finger.BMP,25e18c17a8420ee1a56d86b08c19ecd9881de22653a195936bfb7f42d0414b04,test
data/datasets/AB+/cluster_4_3505.BMP,AB+,SUBJECT_GROUP_0471,478,478__M_Left_ring_finger.BMP,1210554abb9eaafed0a1b85c3dd47407736df0ec10586e04e3df47c097c950a0,train
data/datasets/AB+/cluster_4_3524.BMP,AB+,SUBJECT_GROUP_0425,432,432__M_Left_little_finger.BMP,d3e8789c42124bfd3ce2577bd9affccc719dd3de18b17be828acf97c6f0ed89c,train
data/datasets/AB+/cluster_4_3542.BMP,AB+,SUBJECT_GROUP_0076,76,76__F_Right_middle_finger.BMP,feb88449c83133569d1587efbaa5b26fe2356ff45d9cbefdaf85fb236e38f4f6,train
data/datasets/AB+/cluster_4_355.BMP,AB+,SUBJECT_GROUP_0232,235,235__M_Right_little_finger.BMP,8b5596e5b79d952fa0799793f1f933a5e7240696927dd68d127500259cd56896,train
data/datasets/AB+/cluster_4_3558.BMP,AB+,SUBJECT_GROUP_0106,106,106__M_Left_ring_finger.BMP,f8ed05cfa507a19320b7fff914ebe7af4fc3f7e294568d988913ea7f087b5924,test
data/datasets/AB+/cluster_4_3563.BMP,AB+,SUBJECT_GROUP_0023,23,23__M_Left_little_finger.BMP,fe04d892a3a9c65cd518ca16cc292bcd129be1e53c26003b04c7e7b6cdf2734d,train
data/datasets/AB+/cluster_4_3565.BMP,AB+,SUBJECT_GROUP_0091,91,91__F_Right_ring_finger.BMP,3aba38f9c126d59c35f9a8673aa44a4c2723fbc53d79ada359832e88b17b38e7,train
data/datasets/AB+/cluster_4_3566.BMP,AB+,SUBJECT_GROUP_0464,471,471__M_Left_thumb_finger.BMP,36c2ce33564309e636248b6fbb9625ff1659aea02989d187f4fea0e9d960f7dd,train
data/datasets/AB+/cluster_4_3578.BMP,AB+,SUBJECT_GROUP_0184,184,184__M_Left_little_finger.BMP,b2a57ae407ed9a1aacb2e39834c2b85ac93e2f8e15cb869eaf3d207524c76490,train
data/datasets/AB+/cluster_4_358.BMP,AB+,SUBJECT_GROUP_0210,212,212__M_Left_little_finger.BMP,c406605b08b8bfe28b52e615f532cb06bfbd93cf6b7baf81c0fe42a64f7707c3,train
data/datasets/AB+/cluster_4_3580.BMP,AB+,SUBJECT_GROUP_0464,471,471__M_Left_little_finger.BMP,c379d52468d7c5ab6ce2f15160c25fa6451e5b75b79fd9420da3f257dec37117,train
data/datasets/AB+/cluster_4_3581.BMP,AB+,SUBJECT_GROUP_0323,328,328__M_Right_index_finger.BMP,07efb9d83da273f4326dcbdeae29b331dd9dd08ae5f1116239a14d7329775f07,train
data/datasets/AB+/cluster_4_3588.BMP,AB+,SUBJECT_GROUP_0167,167,167__M_Right_little_finger.BMP,5a8faf3d37187626527c3f7ac5377e99716b9df53a182e1513904ec48e5610e9,train
data/datasets/AB+/cluster_4_359.BMP,AB+,SUBJECT_GROUP_0324,329,329__M_Left_little_finger.BMP,5ea6d87838a7502b3b10d49eb52ec4e898857f5ca96606acdace3162d22ce047,train
data/datasets/AB+/cluster_4_3594.BMP,AB+,SUBJECT_GROUP_0295,300,300__F_Left_index_finger.BMP,594cdc8069288ad3cf66aaf68754b13a4bbdbd5030e4c7550837d1dfb9c7519c,test
data/datasets/AB+/cluster_4_3596.BMP,AB+,SUBJECT_GROUP_0039,39,39__M_Left_little_finger.BMP,8e9a9c2651bf890640b7024a5d051b6bc7555eb2fe51f7d238d7681abd38e812,train
data/datasets/AB+/cluster_4_3604.BMP,AB+,SUBJECT_GROUP_0128,128,128__M_Right_little_finger.BMP,6e60c0f5100b08e9b85aa8901f7fd62b016adab82c9893301413c8abdd5f5b6c,train
data/datasets/AB+/cluster_4_361.BMP,AB+,SUBJECT_GROUP_0446,453,453__F_Right_little_finger.BMP,854730f9f8b0e0cba438a08c15bf5cfa8e25b983d93ab52759598a0ddcad27d5,train
data/datasets/AB+/cluster_4_3624.BMP,AB+,SUBJECT_GROUP_0183,183,183__M_Left_little_finger.BMP,596ef988d2b89e4c29ffe896ecbbb3b3530126b3cfd992558a6278d73fe638a8,train
data/datasets/AB+/cluster_4_3626.BMP,AB+,SUBJECT_GROUP_0128,128,128__M_Left_little_finger.BMP,c19ca65f6a04c0a6cd8f6310359d37b9dfc5b3e2f5815ea37efacf82e57ff608,train
data/datasets/AB+/cluster_4_3642.BMP,AB+,SUBJECT_GROUP_0288,293,293__F_Right_ring_finger.BMP,ad175556bea1fc4225b46039f4f4db9c9cc41675bb44906a1198465e2c5b81d1,test
data/datasets/AB+/cluster_4_3649.BMP,AB+,SUBJECT_GROUP_0047,47,47__F_Left_little_finger.BMP,3f9cb1825026c9c6f76ebc94880c0ea39d6c40476b278396bcf30df646607665,train
data/datasets/AB+/cluster_4_365.BMP,AB+,SUBJECT_GROUP_0060,60,60__M_Left_little_finger.BMP,8da4683a7242a09b5b7d21e5dd659610236b527e1a787d9fdcef90a8433d0fc8,train
data/datasets/AB+/cluster_4_3659.BMP,AB+,SUBJECT_GROUP_0141,141,141__F_Left_middle_finger.BMP,9089e693dffc26656a4d0a0245b702a1cd7ea94286a6ed0c2334c352e06d26b2,test
data/datasets/AB+/cluster_4_3662.BMP,AB+,SUBJECT_GROUP_0283,288,288__M_Right_ring_finger.BMP,42e7ce324df6a282a03cf42f4f7f08f0fb26bf67c8cccfe51bb74d9fc95f8623,train
data/datasets/AB+/cluster_4_3667.BMP,AB+,SUBJECT_GROUP_0107,107,107__M_Right_index_finger.BMP,4b019f8b7d695ddd126e3a182633ca6b87bf3b9e777a30cabdecb910f5b615c7,validation
data/datasets/AB+/cluster_4_3669.BMP,AB+,SUBJECT_GROUP_0092,418,418__F_Left_middle_finger.BMP,cd5c9e5015f07a9de6e903bc5df134b025a87a585e7801518fe771494aa63e0a,validation
data/datasets/AB+/cluster_4_3673.BMP,AB+,SUBJECT_GROUP_0188,188,188__M_Right_ring_finger.BMP,3765d9b3c80dad73b010d3289ba706052c99df86ad173e628d00d7805a1cfd37,train
data/datasets/AB+/cluster_4_3678.BMP,AB+,SUBJECT_GROUP_0518,526,526__F_Right_index_finger.BMP,7ee145ac3bf75fcbf1dc0d52e3cac65c879b563c0128537a534d39ec069d461e,train
data/datasets/AB+/cluster_4_3691.BMP,AB+,SUBJECT_GROUP_0165,165,165__M_Left_middle_finger.BMP,612bafdbcbb4daed658c70103f94448cd2f6f558f896ceb5cc60a03299760516,train
data/datasets/AB+/cluster_4_3692.BMP,AB+,SUBJECT_GROUP_0067,67,67__F_Left_little_finger.BMP,bdbda0a0656adce7f263bd118b4a649079d3e40e2414e68219c0604ab4f93e1e,train
data/datasets/AB+/cluster_4_3694.BMP,AB+,SUBJECT_GROUP_0382,388,388__F_Left_ring_finger.BMP,3f5b81e42a0910c52f7ffc1896c947544479ab201f1a81d8743f5ce8fe70cbd4,train
data/datasets/AB+/cluster_4_37.BMP,AB+,SUBJECT_GROUP_0568,579,579__M_Right_little_finger.BMP,a6498e30a5d3b35888f7fdf3df5d571d8a566c0cbf5a963966d61c85ddd0ede3,train
data/datasets/AB+/cluster_4_3707.BMP,AB+,SUBJECT_GROUP_0384,390,390__F_Left_little_finger.BMP,b2dea4f66b810ac58d87facc0995f2bef643239c392c77cf8c4e0aa469b98f52,train
data/datasets/AB+/cluster_4_3709.BMP,AB+,SUBJECT_GROUP_0150,150,150__M_Left_thumb_finger.BMP,f7719d8b2f12ad5bc098eced276ac8b036c331b0aa0c842fdc661d9b50a9c551,train
data/datasets/AB+/cluster_4_3725.BMP,AB+,SUBJECT_GROUP_0494,501,501__M_Left_thumb_finger.BMP,ea8a98b15ff8b6702c7e1c50a647f8a73993823192405085ee35fc4ada119f21,train
data/datasets/AB+/cluster_4_3726.BMP,AB+,SUBJECT_GROUP_0541,549,549__M_Right_little_finger.BMP,fe3f039d281cd9c478dbed498d9cd35c37c9b713b1cd34ee990a773c073aa127,train
data/datasets/AB+/cluster_4_3735.BMP,AB+,SUBJECT_GROUP_0426,433,433__M_Left_little_finger.BMP,bb4ca33abf4b1ae8ee877188d4d3d0870504d3d9834190fe90c9bf1457787f84,validation
data/datasets/AB+/cluster_4_3739.BMP,AB+,SUBJECT_GROUP_0171,171,171__M_Left_middle_finger.BMP,04c417efaa35f643268dca431de9c2e8d4c37da5ccfc43154d3af3fd9a48e3cf,train
data/datasets/AB+/cluster_4_3747.BMP,AB+,SUBJECT_GROUP_0538,546,546__M_Left_little_finger.BMP,ced6fe705d7b6a76e77191b4f0f5f61ebde07501c4aca4c4b909ba147946f63e,test
data/datasets/AB+/cluster_4_3751.BMP,AB+,SUBJECT_GROUP_0314,319,319__M_Right_ring_finger.BMP,b1f7974ebff5d680760350066d5d7474c5d2ce3fc1aa267a483efe37108ed157,test
data/datasets/AB+/cluster_4_385.BMP,AB+,SUBJECT_GROUP_0503,510,510__M_Right_little_finger.BMP,6119ac0778e86b23b5b8458c3d6733ab1b4fae6d95aca10c618ab477105e0674,train
data/datasets/AB+/cluster_4_3857.BMP,AB+,SUBJECT_GROUP_0161,161,161__F_Left_little_finger.BMP,b653198aa430aa58e7326991657cd50d78cbe429bae65c626cd98824fc296dd2,train
data/datasets/AB+/cluster_4_3859.BMP,AB+,SUBJECT_GROUP_0064,203,203__M_Right_ring_finger.BMP,4144cfe2e0acd20cc7897654480064704106b006f030c055abda8d251460a0ec,validation
data/datasets/AB+/cluster_4_3861.BMP,AB+,SUBJECT_GROUP_0141,141,141__F_Right_middle_finger.BMP,544cd3b4726ed3b853afac8408be51449a3cb201d33bd33377bff1778f439a45,test
data/datasets/AB+/cluster_4_3864.BMP,AB+,SUBJECT_GROUP_0571,582,582__M_Right_little_finger.BMP,fdfa422959480b22a724aeb5214a503b05f77cf74d688a08d8578f3dd384224e,validation
data/datasets/AB+/cluster_4_3875.BMP,AB+,SUBJECT_GROUP_0522,530,530__M_Left_ring_finger.BMP,c557edff07e7541e83c26b456db93bdfce6521b0cc30f28e75d97f9512db144b,test
data/datasets/AB+/cluster_4_388.BMP,AB+,SUBJECT_GROUP_0223,226,226__M_Right_little_finger.BMP,f47d8d6ad4ebb14967b9154ac733cce59064c3cf5bce3d03a804592d77f362b8,validation
data/datasets/AB+/cluster_4_3881.BMP,AB+,SUBJECT_GROUP_0157,157,157__M_Right_little_finger.BMP,d8c6fcf6ab9d54212928fb6c8a78fd0f0a79bd42a83a755adb42080e8c4f8425,train
data/datasets/AB+/cluster_4_3884.BMP,AB+,SUBJECT_GROUP_0234,237,237__M_Right_index_finger.BMP,c79fd790246e7ffa04350f4021cb6a59e1f985b3ec55eb53ba8c6fb8795119f1,train
data/datasets/AB+/cluster_4_3887.BMP,AB+,SUBJECT_GROUP_0127,127,127__F_Left_little_finger.BMP,274f553b10acc9f3c0fde4b5717984463b5b4453f963fc328cdd57bd25254c07,validation
data/datasets/AB+/cluster_4_3896.BMP,AB+,SUBJECT_GROUP_0354,359,359__M_Left_ring_finger.BMP,541dc351c85f7b8ebad983b42d8d282a0174254d3687ec39e8922d8d23f779b6,train
data/datasets/AB+/cluster_4_3898.BMP,AB+,SUBJECT_GROUP_0165,165,165__M_Right_middle_finger.BMP,fee84cb3564360d024f0c5eb7b1922d138c7aa396b536bc4fa06f18c765542af,train
data/datasets/AB+/cluster_4_3901.BMP,AB+,SUBJECT_GROUP_0463,470,470__F_Left_little_finger.BMP,574569b4543296e069107a4f993db118988b5300378a11e483244db01813ee49,train
data/datasets/AB+/cluster_4_3907.BMP,AB+,SUBJECT_GROUP_0385,391,391__M_Right_ring_finger.BMP,cc28cce3121ec6affb91ff652e0f021399164703957d2efeb640a6c531fe47b8,train
data/datasets/AB+/cluster_4_392.BMP,AB+,SUBJECT_GROUP_0360,365,365__M_Right_little_finger.BMP,674c4e04a07739d8a00d4082425b0340a649899319f132ea90009b17cd3fc348,test
data/datasets/AB+/cluster_4_3920.BMP,AB+,SUBJECT_GROUP_0127,127,127__F_Left_middle_finger.BMP,1acd9226f674f22ea382d4e49c434e4465fabefebdaf80cda43c0a6e7106d887,validation
data/datasets/AB+/cluster_4_3924.BMP,AB+,SUBJECT_GROUP_0043,43,43__F_Left_little_finger.BMP,8cc68a822085ff4f90498719677f5c949b9e9127ef99567e9180bd253e547b42,train
data/datasets/AB+/cluster_4_3932.BMP,AB+,SUBJECT_GROUP_0454,461,461__F_Right_middle_finger.BMP,a4f6c92d56161bee6bdc0fb2d40f8cb0d93863aeecd61ad5922f48cea1fdc50b,train
data/datasets/AB+/cluster_4_3934.BMP,AB+,SUBJECT_GROUP_0107,107,107__M_Right_ring_finger.BMP,4901445cedadbf819c29470dbaba3104de9a363cf4041c090b72c83784ed8a87,validation
data/datasets/AB+/cluster_4_3955.BMP,AB+,SUBJECT_GROUP_0017,17,17__M_Left_ring_finger.BMP,91e5164030d1b737d32c1f35d63a19860beee1c5510d2dd145a7d17ecc04a8aa,test
data/datasets/AB+/cluster_4_3967.BMP,AB+,SUBJECT_GROUP_0407,413,413__M_Left_ring_finger.BMP,58e90f707a9d2f7d421086a23ad3c0995786ec43b03156215e5f44bd094d8aa9,train
data/datasets/AB+/cluster_4_397.BMP,AB+,SUBJECT_GROUP_0292,511;577,511__M_Right_little_finger.BMP;577__M_Left_little_finger.BMP,948ad08e6f04138b95645206494545392accc748e88290535b534b4d078e762b,test
data/datasets/AB+/cluster_4_3978.BMP,AB+,SUBJECT_GROUP_0221,224,224__M_Left_ring_finger.BMP,db8c16558fbeb5c86855ab732a5303694d1ba0a9bf5497b7145a2619511a9750,train
data/datasets/AB+/cluster_4_3988.BMP,AB+,SUBJECT_GROUP_0162,162,162__M_Left_little_finger.BMP,ae166757a9bb877e662c66bece6c194c06c899579ff0723fd83bcbc065313daf,train
data/datasets/AB+/cluster_4_3998.BMP,AB+,SUBJECT_GROUP_0460,467,467__M_Right_little_finger.BMP,3f6c33c52c439a0be737eef7b5a5c9a3cfa94226f91792da995e3b305dc8f4bf,train
data/datasets/AB+/cluster_4_4.BMP,AB+,SUBJECT_GROUP_0321,326,326__M_Left_little_finger.BMP,77e9053c6b6058d61baf3916f59cc808e87bf48e6dddd1df3c30fdc84ef38462,train
data/datasets/AB+/cluster_4_4001.BMP,AB+,SUBJECT_GROUP_0400,406,406__M_Right_ring_finger.BMP,8e4f3a19d8d68711fc94a0a7f17d7a82a29193b0fc92dacc299e909075abf036,train
data/datasets/AB+/cluster_4_4010.BMP,AB+,SUBJECT_GROUP_0305,310,310__M_Right_little_finger.BMP,2b1cd127487a99490f1e6e15543043bad6fc9f0d9dc42c927f874530a8f3416b,train
data/datasets/AB+/cluster_4_4041.BMP,AB+,SUBJECT_GROUP_0183,183,183__M_Left_middle_finger.BMP,9cf2afd5557ae34f02feba23c739926782ae3c690aba0f23d6e5be7423ef40ea,train
data/datasets/AB+/cluster_4_4052.BMP,AB+,SUBJECT_GROUP_0185,185,185__M_Right_ring_finger.BMP,db87019c15b673776560b5c84cbe019a7784ca7c4a6533398e787735898d129d,train
data/datasets/AB+/cluster_4_4058.BMP,AB+,SUBJECT_GROUP_0144,144,144__M_Right_little_finger.BMP,5d36d83af31053a2cd2269817c206785ee2a0bcff190dbca14a686d3f63d5879,test
data/datasets/AB+/cluster_4_4066.BMP,AB+,SUBJECT_GROUP_0484,491,491__M_Right_little_finger.BMP,cdfd82ae8ef8a7eb9c58d47080e83aa49bb43ed2cafe7b20a50a144468db07e9,train
data/datasets/AB+/cluster_4_4073.BMP,AB+,SUBJECT_GROUP_0308,313,313__M_Left_little_finger.BMP,f21c10f859c6691ca58beac1e34311152a6f5f7983b7a3081676b19ad09a9ea6,train
data/datasets/AB+/cluster_4_4096.BMP,AB+,SUBJECT_GROUP_0454,461,461__F_Right_ring_finger.BMP,e87f6ae86036df795fdded3a50268beadd3f55d785623b4720273fe7d23b9ac2,train
data/datasets/AB+/cluster_4_4105.BMP,AB+,SUBJECT_GROUP_0555,565,565__M_Left_little_finger.BMP,1d09092838dcfa7a2260ef37e788d6c78a3043e6fcc3b122982976b7c17968cc,train
data/datasets/AB+/cluster_4_4106.BMP,AB+,SUBJECT_GROUP_0457,464,464__M_Right_little_finger.BMP,7c3d007fbfa1f4e653897791110c29695a3bd7861295bdb72ddc3f2246d2c238,train
data/datasets/AB+/cluster_4_411.BMP,AB+,SUBJECT_GROUP_0356,361,361__M_Right_ring_finger.BMP,cdcc1b6f355aeb1d6a8a8aff5b99d558b85e55e16056e18294f85be566fac0a3,train
data/datasets/AB+/cluster_4_4119.BMP,AB+,SUBJECT_GROUP_0578,591,591__M_Right_little_finger.BMP,b61c8e354f103cc9b3e1aa89f84435b3edc5772e5f96a89e005c706eb8b0c9bd,test
data/datasets/AB+/cluster_4_4122.BMP,AB+,SUBJECT_GROUP_0121,121,121__F_Right_little_finger.BMP,587166fc79a7ee8966f89be34a13e82c9b24b2f63407cbf54e4e47ef6d400c0f,train
data/datasets/AB+/cluster_4_4127.BMP,AB+,SUBJECT_GROUP_0252,256,256__M_Right_little_finger.BMP,e6c5d33a8cf4facbebb9438398c33d6f9bc6a57c090a02f112e8997938b33041,test
data/datasets/AB+/cluster_4_4134.BMP,AB+,SUBJECT_GROUP_0042,42,42__F_Right_middle_finger.BMP,0d58bc68679e7d01d9aa1d5c1a17a97158e7fe2b9b56e5ae3ed67aaff498247b,train
data/datasets/AB+/cluster_4_4144.BMP,AB+,SUBJECT_GROUP_0155,155,155__M_Left_little_finger.BMP,43cff901b2f3cc8cf30a934b318a9d846b25ba56cdfd2717ec69b3669b010e75,train
data/datasets/AB+/cluster_4_4145.BMP,AB+,SUBJECT_GROUP_0424,431,431__M_Right_little_finger.BMP,84799e24c29fa2f065b9b2155fdefa61226418af5c6c0d0bbf6aa519c68d18c7,validation
data/datasets/AB+/cluster_4_4167.BMP,AB+,SUBJECT_GROUP_0434,441,441__M_Left_little_finger.BMP,4c760c80524cb0ec56fec60d7bd0c4d26c8a6849de8988f842e7a6f1155d64e9,train
data/datasets/AB+/cluster_4_4169.BMP,AB+,SUBJECT_GROUP_0587,600,600__M_Left_ring_finger.BMP,0ed717d13a99273c72f38b1d0700f68823cea6ce4821159e7f6b2b541cfd51e8,train
data/datasets/AB+/cluster_4_4176.BMP,AB+,SUBJECT_GROUP_0369,374,374__M_Left_ring_finger.BMP,3592cc3f6efa69b88327eb7b8542a07c0fd75d9bb694c1eb371c6ddbeeb53327,train
data/datasets/AB+/cluster_4_4218.BMP,AB+,SUBJECT_GROUP_0203,205,205__F_Right_little_finger.BMP,f7a7d0dcf4308978a20ff71600dea9b5c2cdae970d0f9c1b601b6ebcfcae3904,test
data/datasets/AB+/cluster_4_4220.BMP,AB+,SUBJECT_GROUP_0559,569,569__M_Left_index_finger.BMP,1ca0edc071b2c5170e8f64e8f7926ae3081b7603d350ea7c731236f590c1111c,train
data/datasets/AB+/cluster_4_4221.BMP,AB+,SUBJECT_GROUP_0587,600,600__M_Right_little_finger.BMP,eac048bfc8f33f677997eb42ae620cf5a7e9be2f20c0e3de5b325eb7e1f34ad3,train
data/datasets/AB+/cluster_4_4240.BMP,AB+,SUBJECT_GROUP_0023,23,23__M_Left_index_finger.BMP,9a52d14974881614fcb340f5dad4e0119d0936235edc1e35e8fabda22deefc18,train
data/datasets/AB+/cluster_4_4278.BMP,AB+,SUBJECT_GROUP_0497,504,504__M_Right_little_finger.BMP,127d7525de58f577d543f7848323d785cb535d5eb635edcc82af0ad09e8d83e7,train
data/datasets/AB+/cluster_4_4282.BMP,AB+,SUBJECT_GROUP_0327,332,332__M_Right_little_finger.BMP,d86ffccc6dc011f02115f8c7643588bd010dcd7eaa8912d782a86e00c54f3257,train
data/datasets/AB+/cluster_4_4283.BMP,AB+,SUBJECT_GROUP_0314,319,319__M_Right_middle_finger.BMP,229b81fa5d08251b16c51edf4aa78084509ff2072fbae951791e0f571b708cee,test
data/datasets/AB+/cluster_4_4284.BMP,AB+,SUBJECT_GROUP_0576,588,588__M_Right_ring_finger.BMP,155c9a3b9264754ad44d4e77ac3e1dac8029814141b0fa05a17a529f24e4096a,train
data/datasets/AB+/cluster_4_4292.BMP,AB+,SUBJECT_GROUP_0020,20,20__M_Right_ring_finger.BMP,820ffa1abb8efafca0884b2fac9575b9ab92415c814ad6bf4c1c6f4bfe4d9534,train
data/datasets/AB+/cluster_4_4296.BMP,AB+,SUBJECT_GROUP_0292,511;590,511__M_Left_middle_finger.BMP;590__M_Right_little_finger.BMP,324e2d962b68c8013bfb5132fc26c5125bda93e9d0530d1b4ec3f874565edccf,test
data/datasets/AB+/cluster_4_4319.BMP,AB+,SUBJECT_GROUP_0150,150,150__M_Right_middle_finger.BMP,70087ddfa13daf202b0aed66f0882bd13bd5332a448d7ebf7bb24c7f40411d93,train
data/datasets/AB+/cluster_4_435.BMP,AB+,SUBJECT_GROUP_0433,440,440__M_Left_little_finger.BMP,488cabd1dc7aae57cd82f5f1d689a09a2081fffb130d89ce45703c0004451f96,train
data/datasets/AB+/cluster_4_4352.BMP,AB+,SUBJECT_GROUP_0422,429,429__M_Right_little_finger.BMP,d07b8a402740cf8aba07e3a99ee1091629fd4e05e70f395681d6b89b81574747,train
data/datasets/AB+/cluster_4_436.BMP,AB+,SUBJECT_GROUP_0023,23,23__M_Right_little_finger.BMP,a22cf161b9fb41a3a191d33ef43e8eb5a2eae6b7332fdae3711eb0060e18bbb2,train
data/datasets/AB+/cluster_4_4365.BMP,AB+,SUBJECT_GROUP_0042,42,42__F_Left_little_finger.BMP,67dc7aad1388628edb1c5d208668b25b2bff947ef4ac5b9df76450400b21abd6,train
data/datasets/AB+/cluster_4_4369.BMP,AB+,SUBJECT_GROUP_0075,75,75__F_Right_thumb_finger.BMP,b37714ce21de9227497462390ffd89751aa7a66038693595a4503d27b59526b6,train
data/datasets/AB+/cluster_4_4372.BMP,AB+,SUBJECT_GROUP_0483,490,490__M_Right_ring_finger.BMP,df267379fe021c483b271eb628f893a6bbabceaeca52e64ed179dd88c1a61aa1,validation
data/datasets/AB+/cluster_4_4374.BMP,AB+,SUBJECT_GROUP_0376,382,382__M_Left_middle_finger.BMP,bef3fe177730e2c67cfe1934deb534936af787165f2562d0bcaf24385401237f,validation
data/datasets/AB+/cluster_4_4375.BMP,AB+,SUBJECT_GROUP_0173,173,173__F_Left_ring_finger.BMP,0943178f5e7ff95da2284cf8d761f38ce2dd318966c15a909abefdb2e45049ec,train
data/datasets/AB+/cluster_4_438.BMP,AB+,SUBJECT_GROUP_0533,541,541__M_Right_little_finger.BMP,1d3fe11cb3ea6fd33c54bb50a9f588c176a6cc28ffa7713de401d378a6729a36,validation
data/datasets/AB+/cluster_4_4393.BMP,AB+,SUBJECT_GROUP_0485,492,492__F_Right_middle_finger.BMP,4e1f28af293f576e10c5ad820cb9eb3083a95661766528bc0a3652023ed02d8f,validation
data/datasets/AB+/cluster_4_4409.BMP,AB+,SUBJECT_GROUP_0213,215,215__M_Left_index_finger.BMP,335b0b5e912f8c8ffb583bec9fd10879f0b0e0666650d7c9cec2961b5f516366,train
data/datasets/AB+/cluster_4_4429.BMP,AB+,SUBJECT_GROUP_0492,499,499__M_Right_middle_finger.BMP,cdba7d7578579c305ff327235286ee1892a4d53e012b37f521fe1b0b4a892ad8,train
data/datasets/AB+/cluster_4_446.BMP,AB+,SUBJECT_GROUP_0373,379,379__F_Right_little_finger.BMP,6a454ccf93679426416edc854a5af5c1c851b626fdd233b7a24a26e4793c52b6,train
data/datasets/AB+/cluster_4_4465.BMP,AB+,SUBJECT_GROUP_0022,22,22__M_Right_little_finger.BMP,4224f5adb5dd1f293e4fc5acc6fb018263ac13db821fdc9cd2f643e787c0e2cb,test
data/datasets/AB+/cluster_4_4467.BMP,AB+,SUBJECT_GROUP_0173,173,173__F_Right_middle_finger.BMP,71849f29c3aa75880259a2235e5c259ea6e3404a5ecbf9f7b5b1c743cec88cd0,train
data/datasets/AB+/cluster_4_447.BMP,AB+,SUBJECT_GROUP_0162,162,162__M_Left_index_finger.BMP,530bba509a5424e4214c657f2a0c307f9f727600a0b7d90d034c6b68fae24ec3,train
data/datasets/AB+/cluster_4_4477.BMP,AB+,SUBJECT_GROUP_0548,558,558__M_Right_ring_finger.BMP,4be6ba1fa6afd39a643ae4731fe23de6ac9fa60b7e0d5f8eee32af52781029d3,train
data/datasets/AB+/cluster_4_4499.BMP,AB+,SUBJECT_GROUP_0151,151,151__M_Left_little_finger.BMP,2bba8a4baa0be0c9ce55da68023747e3cc4262f142845923b5511c65d582155e,validation
data/datasets/AB+/cluster_4_4515.BMP,AB+,SUBJECT_GROUP_0465,472,472__M_Left_little_finger.BMP,5fe28563125b727c42b3198519874a8aa901bc98b2bb70be52b82b8ebdedd711,validation
data/datasets/AB+/cluster_4_4523.BMP,AB+,SUBJECT_GROUP_0523,531,531__M_Left_ring_finger.BMP,02215a5f8719285f4501631d0e9a0583fd12336af0b6c1d6e312d4a91dad238f,validation
data/datasets/AB+/cluster_4_4534.BMP,AB+,SUBJECT_GROUP_0391,397,397__M_Left_thumb_finger.BMP,da351dcd038fd850914ebecfc066b75e9b038ef166fa927c928ad7bc0830eae1,train
data/datasets/AB+/cluster_4_4537.BMP,AB+,SUBJECT_GROUP_0156,156,156__F_Left_little_finger.BMP,8b34459dd2fdafcaf2c1e490532ad17dd97260d271d21a4eedf99f7ae7dbe8ef,train
data/datasets/AB+/cluster_4_455.BMP,AB+,SUBJECT_GROUP_0202,202,202__M_Left_little_finger.BMP,2e54b02d725598ccd3e0d843eee70db9c565967b519ccd2cdeeb4696dc3f6233,test
data/datasets/AB+/cluster_4_4557.BMP,AB+,SUBJECT_GROUP_0246,250,250__F_Right_little_finger.BMP,373b67b055205ff200582a29a329f6f0e6607e8674bdeeed8a8c393ee2581e3a,train
data/datasets/AB+/cluster_4_4566.BMP,AB+,SUBJECT_GROUP_0343,348,348__F_Left_ring_finger.BMP,6fb57f2b0efe16f02404632822343d84d77a41b30a32f90a63895732c4627f89,train
data/datasets/AB+/cluster_4_4567.BMP,AB+,SUBJECT_GROUP_0322,327,327__M_Left_little_finger.BMP,dd9c713268bb69a3d8f2979b472b3821db4b6dd37d37f369fd3f0697ba23faee,train
data/datasets/AB+/cluster_4_458.BMP,AB+,SUBJECT_GROUP_0539,547,547__M_Left_middle_finger.BMP,eccc7ec5fc9666729d0868b6ca1b5989d0baa93a2d96231f65e11d87f95fcb7d,train
data/datasets/AB+/cluster_4_4591.BMP,AB+,SUBJECT_GROUP_0484,491,491__M_Left_little_finger.BMP,c47ba4f40c916f0cd24e978b9a257ba437f3de0c224323fa4d7e0b8fd84b9935,train
data/datasets/AB+/cluster_4_4611.BMP,AB+,SUBJECT_GROUP_0215,217,217__M_Left_little_finger.BMP,9a7a1b94b6e8d6223b0dbdefd5c36eabd5d14f506c6784455d1418c8ac8334dc,test
data/datasets/AB+/cluster_4_4619.BMP,AB+,SUBJECT_GROUP_0490,497,497__M_Left_little_finger.BMP,da274939225f9d08196fbf0c55585cd4daccbd808bac2a58ab658d395186ac74,train
data/datasets/AB+/cluster_4_462.BMP,AB+,SUBJECT_GROUP_0128,128,128__M_Left_ring_finger.BMP,32d52eae611f1e9bc4bf1cb09b2e5047c48c52bb6436330f5b411503e3a9667d,train
data/datasets/AB+/cluster_4_4622.BMP,AB+,SUBJECT_GROUP_0173,173,173__F_Left_little_finger.BMP,16bc4685a1ce7c96848ae7d725341baa8092f6005f3d5f2c9d0e9741e26d0adb,train
data/datasets/AB+/cluster_4_4623.BMP,AB+,SUBJECT_GROUP_0123,123,123__M_Right_little_finger.BMP,eb262bc10437ce6a0a4dacdddefe0aa29476d7be9307060c2750cec603814bed,train
data/datasets/AB+/cluster_4_4626.BMP,AB+,SUBJECT_GROUP_0122,122,122__M_Right_little_finger.BMP,5e05f39c2f5f08f879b452dc25f0317b12a04ecf3b30fb9e0ac884d691d4e2a5,test
data/datasets/AB+/cluster_4_463.BMP,AB+,SUBJECT_GROUP_0156,156,156__F_Left_ring_finger.BMP,d581a36c87189ff1c8c8d1ef0177351e1cd165f622ae81a9c611ce0d6d77fc5b,train
data/datasets/AB+/cluster_4_4679.BMP,AB+,SUBJECT_GROUP_0491,498,498__M_Left_little_finger.BMP,69cc8642074ace24d695f5dcbf7b2a1a66f0845d88f86cd83878f2456165a80a,train
data/datasets/AB+/cluster_4_4681.BMP,AB+,SUBJECT_GROUP_0030,30,30__F_Right_ring_finger.BMP,0a8d073a6b34c10b707e50c00a66b2a27e9b717593e12f9fe43e4635c706c4c1,train
data/datasets/AB+/cluster_4_4687.BMP,AB+,SUBJECT_GROUP_0501,508,508__F_Left_little_finger.BMP,6352c8b8e974cc17d4ebf9ad35aba188f839e287b6babbaddd193cb01e783353,train
data/datasets/AB+/cluster_4_4699.BMP,AB+,SUBJECT_GROUP_0569,580,580__M_Left_little_finger.BMP,e21251ba45d5565aa26907b11b798f0f9d68e10b6dee8d9e6b2518c4d0af6e91,test
data/datasets/AB+/cluster_4_4701.BMP,AB+,SUBJECT_GROUP_0016,16,16__M_Right_ring_finger.BMP,dfac16c3ebda2d51f487d545a685d4f45f671762a34022000c64a8f672e7ea55,train
data/datasets/AB+/cluster_4_4706.BMP,AB+,SUBJECT_GROUP_0364,369,369__F_Right_little_finger.BMP,547dcf8426b5b585a0ab633af5491928a12020ff981fa46ec58654c495ae67e3,validation
data/datasets/AB+/cluster_4_4707.BMP,AB+,SUBJECT_GROUP_0528,536,536__F_Left_index_finger.BMP,f381687d9daebdceeb972f0db035b234110a5f5d103cdd66c0b5ee7ccf276d99,test
data/datasets/AB+/cluster_4_4709.BMP,AB+,SUBJECT_GROUP_0144,144,144__M_Left_middle_finger.BMP,d523c1eb6132969ae1cadf44380bc4241a072be047672fdda311380952236a53,test
data/datasets/AB+/cluster_4_472.BMP,AB+,SUBJECT_GROUP_0278,283,283__M_Left_ring_finger.BMP,75912b0ecafc70a5e8c9c70d172c90e35b6c4376701d50e3dde46c9a1799957d,validation
data/datasets/AB+/cluster_4_4732.BMP,AB+,SUBJECT_GROUP_0556,566,566__M_Left_little_finger.BMP,97ca2bb84edfb3499c7098eef3618bca60dacccb1d0db7b7ca36cd1d2ee75e8e,train
data/datasets/AB+/cluster_4_4733.BMP,AB+,SUBJECT_GROUP_0396,402,402__M_Left_ring_finger.BMP,a1560f843e5c1cf19ca39d70b7d20cf4e4d94e59a669ac226b4d59ab855e9697,train
data/datasets/AB+/cluster_4_474.BMP,AB+,SUBJECT_GROUP_0063,63,63__M_Right_ring_finger.BMP,8fd13e435adb82748e904e4b8cf8435f251bf00eeda10fe8918992bdaf495252,train
data/datasets/AB+/cluster_4_4747.BMP,AB+,SUBJECT_GROUP_0163,163,163__M_Right_little_finger.BMP,09bc8c7b45162e75b5ba7173838e81fbabbce1cc9347dd2bb3ec7098e71ec18c,train
data/datasets/AB+/cluster_4_4752.BMP,AB+,SUBJECT_GROUP_0347,352,352__M_Left_index_finger.BMP,c32f96775e975a21699bdcf36da10152a985fb5c8b4218426d4ab2c50cd64b2d,train
data/datasets/AB+/cluster_4_4753.BMP,AB+,SUBJECT_GROUP_0138,138,138__M_Right_ring_finger.BMP,55829a7ec4cfe5c0bf96652eccc8945c6c8e1db666ff594e0d91a107a2f754d1,train
data/datasets/AB+/cluster_4_4760.BMP,AB+,SUBJECT_GROUP_0045,45,45__M_Left_index_finger.BMP,ea6a09d9555f4015bde309bd3e26588603c4786d88447d954064959fa88a0755,train
data/datasets/AB+/cluster_4_4761.BMP,AB+,SUBJECT_GROUP_0042,42,42__F_Left_ring_finger.BMP,07082ee85f6ae256b0aede641e52463001c2e88be27a3bd77e2c8f8012d4a76e,train
data/datasets/AB+/cluster_4_4762.BMP,AB+,SUBJECT_GROUP_0409,415,415__M_Left_ring_finger.BMP,71b472d02ca46dcf5f799f8e1a38e70effe0be9d72b91585ed2a8e47a47861a5,train
data/datasets/AB+/cluster_4_477.BMP,AB+,SUBJECT_GROUP_0217,220,220__F_Left_ring_finger.BMP,c88270d989f5ca45653e899ffca9475c5ca0d528191c29547e7cd35854f5bde4,validation
data/datasets/AB+/cluster_4_4788.BMP,AB+,SUBJECT_GROUP_0476,483,483__M_Left_ring_finger.BMP,8664f976f64657f9ade3c5131219f38c999a9b1c7842f3637d60c09c701b980c,train
data/datasets/AB+/cluster_4_4789.BMP,AB+,SUBJECT_GROUP_0038,38,38__M_Left_middle_finger.BMP,a2e6b943f81b9f13b20833ebb4b1ae839eb6a3d8ac96fc1f3f3cc72be5790ecf,train
data/datasets/AB+/cluster_4_4790.BMP,AB+,SUBJECT_GROUP_0365,370,370__M_Left_ring_finger.BMP,519959fe59e5bec89532f51c40b0662a0dd93f2072aad9899049360b68468cf2,train
data/datasets/AB+/cluster_4_4810.BMP,AB+,SUBJECT_GROUP_0459,466,466__F_Left_little_finger.BMP,8466ba8f4f4cec4843d828e388ae001bff2c28ba92044470c870a8b628e5f5c5,test
data/datasets/AB+/cluster_4_4815.BMP,AB+,SUBJECT_GROUP_0244,247,247__M_Right_little_finger.BMP,7aa47def094d5c8658b85afd3152e4038e7fbc1a7cfc45a1a40eaa4c118904ca,train
data/datasets/AB+/cluster_4_4818.BMP,AB+,SUBJECT_GROUP_0393,399,399__M_Left_little_finger.BMP,755bd8ba6a75d066680af6b22ac41aa02074e5ac6bc32b713e4063d9d6fccc8e,validation
data/datasets/AB+/cluster_4_482.BMP,AB+,SUBJECT_GROUP_0310,315,315__F_Right_ring_finger.BMP,98ae783b5cb185044913fe2cb0f10b160927b3972167db5c72612cef4f0cd297,train
data/datasets/AB+/cluster_4_4823.BMP,AB+,SUBJECT_GROUP_0374,380,380__M_Left_little_finger.BMP,35c8ecfce458b60f52f7d59760062dc3bc54d93c29a7ad528df9d6555409c7e9,validation
data/datasets/AB+/cluster_4_4826.BMP,AB+,SUBJECT_GROUP_0265,270,270__M_Left_little_finger.BMP,a7cb2d4c9d1cb7879b2e2afc08751ad38e4e30d59347e34390a494407480ad2e,train
data/datasets/AB+/cluster_4_4829.BMP,AB+,SUBJECT_GROUP_0237,240,240__F_Right_middle_finger.BMP,3e2be3ec55c7a296cc0ae3133a5f5e6fe6bffa9f1ef6f082da4d2f59c9da7285,train
data/datasets/AB+/cluster_4_4832.BMP,AB+,SUBJECT_GROUP_0276,281,281__M_Left_index_finger.BMP,bf6bcaac0ad82eef3e8628e01839662523c0fa9b8e575ed7b777e4c3b2408cb0,train
data/datasets/AB+/cluster_4_4845.BMP,AB+,SUBJECT_GROUP_0455,462,462__M_Right_ring_finger.BMP,dc971d1545d6b0509fdd8b94534282448eb95bb5e54523f86e83dd3dfd4fec77,train
data/datasets/AB+/cluster_4_4856.BMP,AB+,SUBJECT_GROUP_0332,337,337__F_Left_ring_finger.BMP,1eca8304501101e0f46fbffedb780990e87efc251106b9a8bfa5b7ed7b14b448,train
data/datasets/AB+/cluster_4_4863.BMP,AB+,SUBJECT_GROUP_0465,472,472__M_Right_ring_finger.BMP,3097f6af8c79cbe01e4315649407ee2df6aac83459a8053adf534cacf9d7e129,validation
data/datasets/AB+/cluster_4_4867.BMP,AB+,SUBJECT_GROUP_0161,161,161__F_Right_little_finger.BMP,5c4ab16b9c050abf219788c1cae84f9ba100870da554d349beb75fa636985fa3,train
data/datasets/AB+/cluster_4_4876.BMP,AB+,SUBJECT_GROUP_0182,182,182__M_Right_ring_finger.BMP,feb8394d68741825cc1190cac3f9ea17c443fd592167349f4d29f9c060bd3f8e,train
data/datasets/AB+/cluster_4_4894.BMP,AB+,SUBJECT_GROUP_0127,127,127__F_Right_little_finger.BMP,2f68f7fd42e7dc73b3034914d5bd4271902462510042d54ff1cb9e4a1dfc4de8,validation
data/datasets/AB+/cluster_4_4896.BMP,AB+,SUBJECT_GROUP_0060,60,60__M_Left_ring_finger.BMP,072434a2e537ac31faadb732d4b8f249c233bc171ecd8f413fe4ace200d426ba,train
data/datasets/AB+/cluster_4_4906.BMP,AB+,SUBJECT_GROUP_0558,568,568__M_Right_middle_finger.BMP,a1eca514cf4eacb519366fde4854f7072304eb3d58f7c06da7880ea497b8b682,train
data/datasets/AB+/cluster_4_4919.BMP,AB+,SUBJECT_GROUP_0008,8,8__M_Right_little_finger.BMP,f556f66f90719bcc475bd5f99938b3b0b9acdcaad77a51e5bfeef0a51505a8cf,train
data/datasets/AB+/cluster_4_492.BMP,AB+,SUBJECT_GROUP_0123,123,123__M_Right_ring_finger.BMP,3e1c9638590cf433d907ca426b4abb65a2d5abfab86288d0709461bed1bc16bc,train
data/datasets/AB+/cluster_4_4925.BMP,AB+,SUBJECT_GROUP_0531,539,539__F_Right_ring_finger.BMP,177eb43de8f3a0ea49647e855f9066e1dc8ac1f79748bfe63d89021345f87bfb,test
data/datasets/AB+/cluster_4_4940.BMP,AB+,SUBJECT_GROUP_0402,408,408__M_Left_ring_finger.BMP,873bd2a31aefb1153fcae3d1c52e9c5c79ddafbb25906335bfb73a15233422ec,train
data/datasets/AB+/cluster_4_4946.BMP,AB+,SUBJECT_GROUP_0314,319,319__M_Left_index_finger.BMP,64f953d2224434fa739bf24e190aeba5b17e096de0586b58389400687f9ae5b6,test
data/datasets/AB+/cluster_4_495.BMP,AB+,SUBJECT_GROUP_0443,450,450__M_Left_little_finger.BMP,996636e796a22be7f0f5d980f963634aea620b66c11494e9960f939a2bdb8199,test
data/datasets/AB+/cluster_4_4951.BMP,AB+,SUBJECT_GROUP_0401,407,407__M_Left_ring_finger.BMP,10a0f455b31445c4641840bffff116f5780f0ef15d29c1399fc47a5fb27acb07,train
data/datasets/AB+/cluster_4_4961.BMP,AB+,SUBJECT_GROUP_0116,116,116__M_Left_little_finger.BMP,2110e7b4c19d273ccd03b392c02606605219d4411fefa03866d73aebaf30507a,test
data/datasets/AB+/cluster_4_4963.BMP,AB+,SUBJECT_GROUP_0127,127,127__F_Right_ring_finger.BMP,db020e2721d12dcdb30ed231832bf44348831c516866ca6c63ea15e6c0373739,validation
data/datasets/AB+/cluster_4_4965.BMP,AB+,SUBJECT_GROUP_0343,348,348__F_Left_index_finger.BMP,1f86cc362f3f9c6b653d06d77d3a054945970fab7b39a74ed5901f57a0cfe9d0,train
data/datasets/AB+/cluster_4_4967.BMP,AB+,SUBJECT_GROUP_0425,432,432__M_Right_little_finger.BMP,7c197aed89ee8ec7ce09a7e1b74ab1a01550bdb22afe77ae75af6e3ccf1ce731,train
data/datasets/AB+/cluster_4_4976.BMP,AB+,SUBJECT_GROUP_0086,86,86__M_Left_ring_finger.BMP,4cc18eb78b481534bfa2ce307f589d12cac87897b5c71988e96c0676170020f2,test
data/datasets/AB+/cluster_4_4982.BMP,AB+,SUBJECT_GROUP_0169,169,169__F_Right_little_finger.BMP,883ebfdc7e6a3fda7a3313c14f0bd556d156c5ecf19a1b36f3dcb9f35a4b106a,train
data/datasets/AB+/cluster_4_4997.BMP,AB+,SUBJECT_GROUP_0385,391,391__M_Left_index_finger.BMP,9ed1036f484a67ccb1b244f8ceae928a67c4411b3a437e7280ead076d16e334b,train
data/datasets/AB+/cluster_4_5009.BMP,AB+,SUBJECT_GROUP_0212,214,214__M_Left_ring_finger.BMP,192ebaa07c29c0e407b4d45440cc4a1b95f5be750fb9033994b8e034e91b0b01,train
data/datasets/AB+/cluster_4_5023.BMP,AB+,SUBJECT_GROUP_0274,279,279__M_Left_little_finger.BMP,37a4d9ced2c0cbe8db0dbf0a0bf8b46b1bbbabf6d7544ae073199e3b70f749fb,train
data/datasets/AB+/cluster_4_5026.BMP,AB+,SUBJECT_GROUP_0038,38,38__M_Right_little_finger.BMP,86c05b7d93afafe211f8aa991295a9a11eb560388830ecdcb44d29e948d37e66,train
data/datasets/AB+/cluster_4_5028.BMP,AB+,SUBJECT_GROUP_0154,154,154__F_Right_little_finger.BMP,41bfbeb75a33e97c02c01209d4cec8aac2b4a69812e1429bdc5d76e208c52900,train
data/datasets/AB+/cluster_4_5030.BMP,AB+,SUBJECT_GROUP_0443,450,450__M_Right_middle_finger.BMP,f7e72c2da2a642c45b38ef29d1a9eeba91669fce0cc66606b689b28e979f96ef,test
data/datasets/AB+/cluster_4_5031.BMP,AB+,SUBJECT_GROUP_0430,437,437__M_Left_index_finger.BMP,68f8391460ffb63581fd8eb646e8695c346609df90b99b779f65ccc009edf92d,test
data/datasets/AB+/cluster_4_5041.BMP,AB+,SUBJECT_GROUP_0131,131,131__M_Right_little_finger.BMP,0e130e4d23b9700ea61ca521fa92e0f08533fbedc0a25bc40b2e880df1610012,train
data/datasets/AB+/cluster_4_5045.BMP,AB+,SUBJECT_GROUP_0428,435,435__F_Left_ring_finger.BMP,f11b6965b59eb22c62feff83f546f3d002e2b360f0606a7557ad8187852937db,test
data/datasets/AB+/cluster_4_5052.BMP,AB+,SUBJECT_GROUP_0170,170,170__M_Left_middle_finger.BMP,e1fa3b3851600424c904a904d9421da25315c7e831999ae683a0cd82c7bbeda1,validation
data/datasets/AB+/cluster_4_5057.BMP,AB+,SUBJECT_GROUP_0185,185,185__M_Left_little_finger.BMP,aad24f969f19af6f055c6d0f0200f2e159aee3fbb0425810e883ea34ba77a37d,train
data/datasets/AB+/cluster_4_506.BMP,AB+,SUBJECT_GROUP_0246,250,250__F_Left_ring_finger.BMP,19615d68cdf0c418c45ccfa34a772d93918b1f843f667e131a9f71eb759e4078,train
data/datasets/AB+/cluster_4_5065.BMP,AB+,SUBJECT_GROUP_0051,51,51__M_Right_ring_finger.BMP,9f52b0a7d415ca566cc62e23a3f00160e2b57e018f9713cec170bc41b51c2f87,train
data/datasets/AB+/cluster_4_5075.BMP,AB+,SUBJECT_GROUP_0272,277,277__M_Left_ring_finger.BMP,53eec58dac8035c33cbfefd7f1978260b21607597bae6b26eca6f8d29cc00a83,train
data/datasets/AB+/cluster_4_5076.BMP,AB+,SUBJECT_GROUP_0558,568,568__M_Left_index_finger.BMP,c802345df5081c7d5ae53070435f629d87a683ad4f356049236880cd06010915,train
data/datasets/AB+/cluster_4_5078.BMP,AB+,SUBJECT_GROUP_0025,25,25__F_Left_middle_finger.BMP,c98c8e776d6d66d8e78f9f0b57e9775c4f93cf823217d176e32c26753aac6414,train
data/datasets/AB+/cluster_4_5090.BMP,AB+,SUBJECT_GROUP_0416,423,423__M_Right_middle_finger.BMP,7b97a64fcb712f605b02044c681077ab24df62b43f9f0b5239a1f3ba38abf868,train
data/datasets/AB+/cluster_4_5099.BMP,AB+,SUBJECT_GROUP_0061,61,61__M_Left_little_finger.BMP,a8a4c12052f43606d1a2c8d88dc644b5b317dcd4d915ca35540acef8deb48013,train
data/datasets/AB+/cluster_4_51.BMP,AB+,SUBJECT_GROUP_0007,7,7__M_Right_little_finger.BMP,423d5ae920666c5848f48cf3fd98c50727f46b958503a6e759cb69262d497fb5,test
data/datasets/AB+/cluster_4_5103.BMP,AB+,SUBJECT_GROUP_0175,175,175__M_Left_ring_finger.BMP,9b7b81216f9ccba4110d9e8649393a03667dc85fa2b615c518049e17a5c33a6c,train
data/datasets/AB+/cluster_4_5104.BMP,AB+,SUBJECT_GROUP_0328,333,333__M_Right_little_finger.BMP,fc8eae28676ae5d0d5c8ffb1b8b4fccb562e8bbd135457e8e42687704b1b880e,train
data/datasets/AB+/cluster_4_5106.BMP,AB+,SUBJECT_GROUP_0060,60,60__M_Right_little_finger.BMP,c78d4f4106a3f1e0a3d63876ae564fa61f622e47919dd9cd802f856f7c019175,train
data/datasets/AB+/cluster_4_5109.BMP,AB+,SUBJECT_GROUP_0414,421,421__F_Left_thumb_finger.BMP,6ec66e872e4b123f10db09eb827c8a711a0bf5146147e62779f5343a64a709a5,train
data/datasets/AB+/cluster_4_5110.BMP,AB+,SUBJECT_GROUP_0031,31,31__F_Right_little_finger.BMP,88453368ad4a106db3867b0d0cdb5951e6a4fd0a4df90a55f973af9970edfb27,train
data/datasets/AB+/cluster_4_5115.BMP,AB+,SUBJECT_GROUP_0366,371,371__M_Left_index_finger.BMP,f2ec2393e65e11caa9fbd911afc7ba4d3b75fb9b444b963d75a3016b51e6266a,train
data/datasets/AB+/cluster_4_5119.BMP,AB+,SUBJECT_GROUP_0114,114,114__F_Right_little_finger.BMP,2a897ec07edacbba50e47d2caf1f32121c00f41e4e9db1ca56348a2e9ab79c20,test
data/datasets/AB+/cluster_4_5121.BMP,AB+,SUBJECT_GROUP_0540,548,548__F_Left_little_finger.BMP,ab929b25ba174414f2df89e70f53b47a4db333d1a4d823a65289218d965bda6e,train
data/datasets/AB+/cluster_4_5122.BMP,AB+,SUBJECT_GROUP_0311,316,316__M_Right_little_finger.BMP,3c81806b729818dba2910b6f89a065763ef899a7db521268160682da8978ee81,train
data/datasets/AB+/cluster_4_5145.BMP,AB+,SUBJECT_GROUP_0128,128,128__M_Right_ring_finger.BMP,8cb39d635df7591936fce108fc17ad0320f6edc54af17cfba5878e8300036220,train
data/datasets/AB+/cluster_4_515.BMP,AB+,SUBJECT_GROUP_0506,514,514__F_Right_little_finger.BMP,5bd3096e7c4e17383f0eddece1cddd73c6f04da7558c7015585a905b177bd488,train
data/datasets/AB+/cluster_4_5151.BMP,AB+,SUBJECT_GROUP_0316,321,321__M_Right_little_finger.BMP,45d12dee8b9addbcc0bf0cdc5f9a24e06f901d4a92768c4faf58837b58b8960a,train
data/datasets/AB+/cluster_4_5156.BMP,AB+,SUBJECT_GROUP_0564,574,574__F_Left_little_finger.BMP,02bd9f6812b3ebb6ac138d0e859c44a55962bce8593b33cf2967043d6c25c68d,train
data/datasets/AB+/cluster_4_5160.BMP,AB+,SUBJECT_GROUP_0064,203,203__M_Right_middle_finger.BMP,274c045256b3c337a98c291c0e5b15f9c1846628c49c0d054e3dd55ce69d9bbc,validation
data/datasets/AB+/cluster_4_518.BMP,AB+,SUBJECT_GROUP_0567,578,578__M_Right_ring_finger.BMP,3bb8eafc1eeffec16ebd08ab5f5b9b90a4069416144ee9240b87e6f436454d6f,validation
data/datasets/AB+/cluster_4_5183.BMP,AB+,SUBJECT_GROUP_0540,548,548__F_Right_middle_finger.BMP,3ba5a944dc495207c918ba6a65268a73eb0c08c38bc4faef32094ed03dcd85fd,train
data/datasets/AB+/cluster_4_5189.BMP,AB+,SUBJECT_GROUP_0483,490,490__M_Left_ring_finger.BMP,2e2e5e8bf5cb6ade831fccdc015b89c2427e2e63c3bb969c9262a6d78038c39f,validation
data/datasets/AB+/cluster_4_5190.BMP,AB+,SUBJECT_GROUP_0138,138,138__M_Right_little_finger.BMP,0ef7d26ef858b4fa8c9d94f1fa346898933cca4e0b28e960b571cc7104320945,train
data/datasets/AB+/cluster_4_5193.BMP,AB+,SUBJECT_GROUP_0429,436,436__M_Left_little_finger.BMP,76513a248504f556d4cfedb1d2f4f973327850ad3151d5e9a30ce0d3b0948c7a,train
data/datasets/AB+/cluster_4_5198.BMP,AB+,SUBJECT_GROUP_0059,59,59__F_Left_index_finger.BMP,32f374c6dea8f6ee44970b376afcf09274ffe0892f547527461cdaed350e21aa,train
data/datasets/AB+/cluster_4_520.BMP,AB+,SUBJECT_GROUP_0482,489,489__M_Left_ring_finger.BMP,52c693fe0e49d7bd008ce2e2c86bacf8733a4bdd993f52de9ee97b1b5b0cfc2e,train
data/datasets/AB+/cluster_4_5200.BMP,AB+,SUBJECT_GROUP_0236,239,239__M_Left_ring_finger.BMP,f2abda506c00889c5fccce05e1c71e01d8d1888d9611b1f2829a57f63ba608f2,train
data/datasets/AB+/cluster_4_5212.BMP,AB+,SUBJECT_GROUP_0541,549,549__M_Left_little_finger.BMP,63c601b0a187e8a76dc268b816a84fcd8e21cd4246fdc055acee42beff4885e2,train
data/datasets/AB+/cluster_4_5241.BMP,AB+,SUBJECT_GROUP_0496,503,503__M_Left_ring_finger.BMP,45cf4250b1291578312308560ca55a76390d9e42dda9fd36f9bcb091ac77585d,train
data/datasets/AB+/cluster_4_5261.BMP,AB+,SUBJECT_GROUP_0545,555,555__M_Left_ring_finger.BMP,f517a0e97226813d6604d5ed68238a6a1e5e2377d792ae8f16318c101d7908af,train
data/datasets/AB+/cluster_4_5264.BMP,AB+,SUBJECT_GROUP_0135,135,135__F_Right_index_finger.BMP,5a632f30d9577b591a682d5e2925fc58520e835397fcb076f5b884d3ce1908a1,train
data/datasets/AB+/cluster_4_5265.BMP,AB+,SUBJECT_GROUP_0284,289,289__F_Right_thumb_finger.BMP,673403042ab947287b1914f497ed0e6f003ec4ba9bc893b338a6aa75c9884e3e,validation
data/datasets/AB+/cluster_4_5266.BMP,AB+,SUBJECT_GROUP_0302,307,307__M_Right_little_finger.BMP,c4134715f564bb90d825c9ad75f1e29656b97a05c8136c8accfda5af9434aa36,test
data/datasets/AB+/cluster_4_5273.BMP,AB+,SUBJECT_GROUP_0389,395,395__M_Left_little_finger.BMP,446c5bc30bf30e65e4c68a9bb002f49ce016f10103140187bea7a82207cb4ba5,train
data/datasets/AB+/cluster_4_5283.BMP,AB+,SUBJECT_GROUP_0562,572,572__F_Left_little_finger.BMP,604206155183a3cb3161e1bf096b8975a6f8684efa5d5f94f728d33a5d7396c0,validation
data/datasets/AB+/cluster_4_5291.BMP,AB+,SUBJECT_GROUP_0455,462,462__M_Left_little_finger.BMP,7d2cbe65483e8baaca33c5d9a482b738d12738c455f4f530c8c3e40a79e55dfe,train
data/datasets/AB+/cluster_4_5313.BMP,AB+,SUBJECT_GROUP_0168,168,168__M_Left_little_finger.BMP,d87e9a1ddcc8a54173c8b524070cb9b6dca60a6e348726be80cb3b69a5d4dce4,train
data/datasets/AB+/cluster_4_5327.BMP,AB+,SUBJECT_GROUP_0299,304,304__M_Left_ring_finger.BMP,d2d929849ffc168f0abfd0bed001b876eeeea4a13caccb5c052933caa9c1cdca,train
data/datasets/AB+/cluster_4_5335.BMP,AB+,SUBJECT_GROUP_0037,37,37__M_Left_little_finger.BMP,589946af57c550416b3dd043d04beb621c60cb3ad70c523b4a1c32c5989d723d,train
data/datasets/AB+/cluster_4_5345.BMP,AB+,SUBJECT_GROUP_0391,397,397__M_Left_ring_finger.BMP,68121c60b2b13eb2750b5d8445c79dc1c51271dcf6adce2ea199116c06c21aa8,train
data/datasets/AB+/cluster_4_5347.BMP,AB+,SUBJECT_GROUP_0004,4,4__M_Left_little_finger.BMP,189672cac107247783902fcccb505100f44071be6f3e450f567d7f6d18fd1875,train
data/datasets/AB+/cluster_4_5348.BMP,AB+,SUBJECT_GROUP_0175,175,175__M_Right_index_finger.BMP,7d6a531ca2a3ffdc72d8876dd487398652533eea5d4e2ec2f904a4053dcda25c,train
data/datasets/AB+/cluster_4_5350.BMP,AB+,SUBJECT_GROUP_0007,7,7__M_Left_little_finger.BMP,a5ff08a24495f2e07a1d1ed4bf1d3e90d0fa21e6c7a77e9009590e593f42f016,test
data/datasets/AB+/cluster_4_5353.BMP,AB+,SUBJECT_GROUP_0328,333,333__M_Left_index_finger.BMP,432bf3f5764fd2e9f73a9f52d323b2874f7bedb7e1784dfa85b469491d7e032c,train
data/datasets/AB+/cluster_4_5365.BMP,AB+,SUBJECT_GROUP_0027,27,27__M_Left_middle_finger.BMP,fe6e64a9258124e3f4bcb8a979d00df2fba588616205fdff720f3ba5e6f5455c,train
data/datasets/AB+/cluster_4_537.BMP,AB+,SUBJECT_GROUP_0485,492,492__F_Right_index_finger.BMP,2e5952825cd1efc060db9b490b26ed3c6b432ee9e45e0637f59bb75f043f6941,validation
data/datasets/AB+/cluster_4_5371.BMP,AB+,SUBJECT_GROUP_0370,375,375__M_Left_thumb_finger.BMP,9ed729c0476c5cfa007d44aac1cd34479ef240b6cb5a2219d04314cf629f9f0f,train
data/datasets/AB+/cluster_4_5381.BMP,AB+,SUBJECT_GROUP_0065,65,65__M_Left_little_finger.BMP,821908e20dc0273785813b03aa5e86bec95837c323f55881d6be385600e5823b,train
data/datasets/AB+/cluster_4_5389.BMP,AB+,SUBJECT_GROUP_0026,26,26__M_Right_little_finger.BMP,652699d4ad5209ae8a94d6788ce365d514517f6bcdd6cf94e3389394bc563df9,train
data/datasets/AB+/cluster_4_540.BMP,AB+,SUBJECT_GROUP_0121,121,121__F_Right_ring_finger.BMP,39ad4118092472a615fd23229a6465f3e14dbb6299d877b8b17249a0decf7c6a,train
data/datasets/AB+/cluster_4_5402.BMP,AB+,SUBJECT_GROUP_0449,456,456__M_Left_little_finger.BMP,855b70bbe0794403343817ff31b9f7c1f1f1dcf921009f791a34f995aa3fb9e2,train
data/datasets/AB+/cluster_4_5404.BMP,AB+,SUBJECT_GROUP_0113,113,113__M_Right_index_finger.BMP,029f29d489aaeac98d7f5821dffd57487ad3d8b888a24b53c3bc1799f60bc575,train
data/datasets/AB+/cluster_4_5411.BMP,AB+,SUBJECT_GROUP_0120,120,120__M_Right_ring_finger.BMP,f389d725267e8b5f8d10b0b338bd414fd18608449a042044cfd91d0012bfd0f4,train
data/datasets/AB+/cluster_4_5417.BMP,AB+,SUBJECT_GROUP_0178,178,178__M_Left_little_finger.BMP,a1c35aa96ab003c386256cf64f5735182880e7aa78de9bd80e96e835ddf7ffea,train
data/datasets/AB+/cluster_4_542.BMP,AB+,SUBJECT_GROUP_0144,144,144__M_Left_thumb_finger.BMP,4a80341e215e3821418874a0f02b3a4de048ae7a0ce9a4cef1b9ff4628c56e5c,test
data/datasets/AB+/cluster_4_5420.BMP,AB+,SUBJECT_GROUP_0171,171,171__M_Right_little_finger.BMP,d34257ac8b606b9e553874cb05b7e3f56988489c45640ed9f4f615ac94205848,train
data/datasets/AB+/cluster_4_5423.BMP,AB+,SUBJECT_GROUP_0378,384,384__F_Right_little_finger.BMP,fdddf05f141dd1477ade0fefae80581af7a93145dd2e561054fa4b5a649660b8,train
data/datasets/AB+/cluster_4_5437.BMP,AB+,SUBJECT_GROUP_0111,111,111__M_Left_little_finger.BMP,c961ec65a06d182dc6ffc7c1010da8c5ba048c8461005407e3d0c92d3a3ed441,train
data/datasets/AB+/cluster_4_544.BMP,AB+,SUBJECT_GROUP_0128,128,128__M_Right_middle_finger.BMP,e2e248a21ce420ee42146c1001335177d95a52c8830e006cefc233b6bff417a1,train
data/datasets/AB+/cluster_4_5441.BMP,AB+,SUBJECT_GROUP_0094,94,94__M_Right_little_finger.BMP,34bde10b53f2d794972960652c2d5313e69b979e4fc6149125865fb826382f0c,train
data/datasets/AB+/cluster_4_5455.BMP,AB+,SUBJECT_GROUP_0101,101,101__M_Left_middle_finger.BMP,1ac65dd85fef012993d101cd9c4c0aa5097115f74669e9f3c31bc7dbdeff12fd,train
data/datasets/AB+/cluster_4_5459.BMP,AB+,SUBJECT_GROUP_0474,481,481__F_Left_ring_finger.BMP,3391540f663f73fae831b6b24f165bd61f47d1f8493a5aaef6435811d0ce0db0,test
data/datasets/AB+/cluster_4_5472.BMP,AB+,SUBJECT_GROUP_0435,442,442__F_Left_little_finger.BMP,d0d4320fd38d4bc4c42b0fde6ed9d69b6e12ac876152fd11f8a98b5bfe558e34,validation
data/datasets/AB+/cluster_4_5495.BMP,AB+,SUBJECT_GROUP_0064,219,219__M_Right_middle_finger.BMP,c9a12cc51f7c91bf7bf01567dfe2c3ebba12f4d5103859e7d7ad2a6883648419,validation
data/datasets/AB+/cluster_4_55.BMP,AB+,SUBJECT_GROUP_0357,362,362__M_Right_ring_finger.BMP,73589c2c056168527bcc22d36b084c0fce246bf02626ec2dcdc9e563474e76df,train
data/datasets/AB+/cluster_4_5504.BMP,AB+,SUBJECT_GROUP_0298,303,303__F_Left_middle_finger.BMP,43bac9cf1fa1cac52039a84eee43eacf6c906d1c9360670f0b6df960832ce788,train
data/datasets/AB+/cluster_4_5508.BMP,AB+,SUBJECT_GROUP_0264,269,269__M_Right_ring_finger.BMP,0bdb597bbfe2596e8550799c128368efd5d133f854d2a229246ff35ae3ae8c04,train
data/datasets/AB+/cluster_4_5512.BMP,AB+,SUBJECT_GROUP_0488,495,495__M_Left_index_finger.BMP,ceeb9310154258ad696e51965a2bca77e866460c82033e0392ea83bae6970460,validation
data/datasets/AB+/cluster_4_5520.BMP,AB+,SUBJECT_GROUP_0088,88,88__F_Right_middle_finger.BMP,b0168893d1e56243182c0802c107665dc69dcf19b5146b8dd9e33576c9548648,validation
data/datasets/AB+/cluster_4_5525.BMP,AB+,SUBJECT_GROUP_0559,569,569__M_Left_ring_finger.BMP,13367983507c79322775cc8faece6622f4e74564f9843f8d852f3f840c6af8b9,train
data/datasets/AB+/cluster_4_5531.BMP,AB+,SUBJECT_GROUP_0041,41,41__M_Left_thumb_finger.BMP,191f30ce5774b0a0be404b5e8dc43d73aac7d48e071b9d1ca92e3bbd98f6f776,train
data/datasets/AB+/cluster_4_554.BMP,AB+,SUBJECT_GROUP_0090,90,90__M_Left_little_finger.BMP,817f9e9fe1e6f1fb95f67a3bde169210f32de6e7fde8fe64858d4db0f00dc1fa,train
data/datasets/AB+/cluster_4_5540.BMP,AB+,SUBJECT_GROUP_0571,582,582__M_Left_index_finger.BMP,8f0ebfe9c00baf8aa0158870f88eb42727c8d0fd7bb9908b168388c72cb50287,validation
data/datasets/AB+/cluster_4_5549.BMP,AB+,SUBJECT_GROUP_0101,101,101__M_Right_ring_finger.BMP,1550ba631b393fd73a5a214374476418b9e5ae24af39b10a67eac7b07f6fdd87,train
data/datasets/AB+/cluster_4_5562.BMP,AB+,SUBJECT_GROUP_0548,558,558__M_Left_little_finger.BMP,941e4959503eb69d58e441d15f612b98a0a4df62090dceae3bcb7a4df304eca6,train
data/datasets/AB+/cluster_4_5565.BMP,AB+,SUBJECT_GROUP_0193,193,193__M_Right_ring_finger.BMP,5dda6b887fac826e1a07ba56e0e8c339d89fcb68a1470fa7b6c13ba1e4e28d3b,validation
data/datasets/AB+/cluster_4_557.BMP,AB+,SUBJECT_GROUP_0131,131,131__M_Left_little_finger.BMP,1cf599093517c578f087061b3b1a57d9f170e5b03e603f665fb9234fe258f8c6,train
data/datasets/AB+/cluster_4_5575.BMP,AB+,SUBJECT_GROUP_0292,553,553__M_Right_little_finger.BMP,2693dedef6044a0878cf45f2507b380a4c8d98d0f10ff617b24105c66567f9cf,test
data/datasets/AB+/cluster_4_5583.BMP,AB+,SUBJECT_GROUP_0500,507,507__M_Left_little_finger.BMP,6a48d4b8812e045d9487b4b497becc901693054354501949d00add02d4eac2b3,train
data/datasets/AB+/cluster_4_5594.BMP,AB+,SUBJECT_GROUP_0023,23,23__M_Left_ring_finger.BMP,22573a7ed61728d18241b3113800161f1307887a0a1b76cdf79721a88c4405f6,train
data/datasets/AB+/cluster_4_5620.BMP,AB+,SUBJECT_GROUP_0165,165,165__M_Right_ring_finger.BMP,19d1f9ab85381bd5fff700e2b77fc6aa60abee6b837e98287a0bcc1ee50a5f6d,train
data/datasets/AB+/cluster_4_5640.BMP,AB+,SUBJECT_GROUP_0022,22,22__M_Left_ring_finger.BMP,b232a6f21f7779279b61651c18a83013309edcd22f5cff04fa5bf82b613f9806,test
data/datasets/AB+/cluster_4_5657.BMP,AB+,SUBJECT_GROUP_0374,380,380__M_Right_little_finger.BMP,1da91bab30b8f82ec1b3bc844f6237a2ed8ef67e8e147687d420557336afd04b,validation
data/datasets/AB+/cluster_4_566.BMP,AB+,SUBJECT_GROUP_0342,347,347__M_Right_little_finger.BMP,404d1f5ab16466f86e951f84a5f14135870656245201dcd63a50618aadda5f91,train
data/datasets/AB+/cluster_4_5665.BMP,AB+,SUBJECT_GROUP_0257,262,262__M_Right_ring_finger.BMP,09e3600642a2e819f492bc8ca77bc9927079d69af0c2d810594c9cd0ed0fb73f,train
data/datasets/AB+/cluster_4_5667.BMP,AB+,SUBJECT_GROUP_0226,229,229__M_Left_little_finger.BMP,a8f476d01e3407302897131404ed4c3bcb712066da21db37df2e7dc03b8d8d10,train
data/datasets/AB+/cluster_4_5668.BMP,AB+,SUBJECT_GROUP_0582,595,595__M_Left_little_finger.BMP,9fb9904f5327c5040bb10e12004909b0d8c02400ff5ac4303dcd387d24be14b5,validation
data/datasets/AB+/cluster_4_5670.BMP,AB+,SUBJECT_GROUP_0417,424,424__M_Left_ring_finger.BMP,09972f60322d2905cc9cd82a4f9d9d5633b363b1fa2ef398976272176b55daf2,validation
data/datasets/AB+/cluster_4_5675.BMP,AB+,SUBJECT_GROUP_0292,511;590,511__M_Left_middle_finger.BMP;590__M_Right_little_finger.BMP,324e2d962b68c8013bfb5132fc26c5125bda93e9d0530d1b4ec3f874565edccf,test
data/datasets/AB+/cluster_4_5678.BMP,AB+,SUBJECT_GROUP_0124,124,124__M_Left_ring_finger.BMP,20411300c071714edff78526e05342c29d7109745e6da08af0288edb1c6b446d,train
data/datasets/AB+/cluster_4_5679.BMP,AB+,SUBJECT_GROUP_0577,589,589__M_Left_little_finger.BMP,96750f9124c90927331678a1fe2b251ee9b79740aa50519a031dc8b1f297eddd,validation
data/datasets/AB+/cluster_4_5697.BMP,AB+,SUBJECT_GROUP_0432,439,439__M_Right_little_finger.BMP,74f7c47825cf2b8982ec33ad8b5a73d4acd8dd953aaac5abd73fb4bb5fb0575b,train
data/datasets/AB+/cluster_4_5705.BMP,AB+,SUBJECT_GROUP_0521,529,529__M_Left_ring_finger.BMP,da47e9ea7c9279d09d11f06d9790b2eb8553328da5d5c54b09ac7eb430a7f18e,train
data/datasets/AB+/cluster_4_5720.BMP,AB+,SUBJECT_GROUP_0270,275,275__F_Left_ring_finger.BMP,136296a3df91174764a78dbd0fd3f1b0166aaa6abf3da5676d759d73064d0dca,validation
data/datasets/AB+/cluster_4_5737.BMP,AB+,SUBJECT_GROUP_0481,488,488__M_Left_ring_finger.BMP,fd9fd9a8b78d55203675bcb5d7df65f5ae609d307c5b6de95243fcffe531ecd7,train
data/datasets/AB+/cluster_4_5742.BMP,AB+,SUBJECT_GROUP_0332,337,337__F_Left_index_finger.BMP,dd76a84bb10211d461c9a71fb62a48e7098d52060d041273cc1dae5833d55ccd,train
data/datasets/AB+/cluster_4_5744.BMP,AB+,SUBJECT_GROUP_0503,510,510__M_Left_little_finger.BMP,7a42c85449da946fcd510b54d58367797d2d59491411eca004fe89d079e10f91,train
data/datasets/AB+/cluster_4_5768.BMP,AB+,SUBJECT_GROUP_0428,435,435__F_Left_little_finger.BMP,e38fdef693eeb830417ba552de7a6b69afde999921f49da0adb158f60f769a0d,test
data/datasets/AB+/cluster_4_5770.BMP,AB+,SUBJECT_GROUP_0385,391,391__M_Left_thumb_finger.BMP,687b8ed84fb5715116578ece724b10149bdf7f16efe15b73d643cf824b8ecad6,train
data/datasets/AB+/cluster_4_5796.BMP,AB+,SUBJECT_GROUP_0501,508,508__F_Left_thumb_finger.BMP,a7cfa7b62ea48dfac5cb617161f9d9f53389446281e5156e3216cbf1239ba2cc,train
data/datasets/AB+/cluster_4_5811.BMP,AB+,SUBJECT_GROUP_0157,157,157__M_Right_ring_finger.BMP,c383e872b2054583dce23f03e08f5270d8f887919681082ac62d5f74759c05a9,train
data/datasets/AB+/cluster_4_5820.BMP,AB+,SUBJECT_GROUP_0560,570,570__M_Right_little_finger.BMP,3d1a99265f567924983314b8d20ee59b2583f29f5f64f2bbf75b688860812b44,train
data/datasets/AB+/cluster_4_5828.BMP,AB+,SUBJECT_GROUP_0164,164,164__M_Left_little_finger.BMP,416aa823bbd8fb12d46ec3a5ac03cb1596a12ab8ce723114ce8c729a7992acad,train
data/datasets/AB+/cluster_4_5832.BMP,AB+,SUBJECT_GROUP_0155,155,155__M_Right_little_finger.BMP,04f02e2b1c06f353f3c114c0c7b5acf0fe4527a9257458c83bc3533123e84787,train
data/datasets/AB+/cluster_4_5836.BMP,AB+,SUBJECT_GROUP_0136,136,136__F_Right_little_finger.BMP,89811dc04616e158e9f6bf344c18319f9d9761749f1ff3302fc51d564d801b23,train
data/datasets/AB+/cluster_4_5841.BMP,AB+,SUBJECT_GROUP_0027,27,27__M_Right_little_finger.BMP,52f01f65f83c20ea7076f1c30e6f26d0194016d7d4d5ec81a4825dde64a8849c,train
data/datasets/AB+/cluster_4_5844.BMP,AB+,SUBJECT_GROUP_0007,7,7__M_Left_ring_finger.BMP,618fb47303a50bc1967b085ff21e368af09a59e3584310e0dd7b68e13a95ac3f,test
data/datasets/AB+/cluster_4_5847.BMP,AB+,SUBJECT_GROUP_0410,416,416__M_Left_thumb_finger.BMP,8999fd6d3c72bfe3e086604c3f4b99e1440359c950b85fabc8a86bc93371a027,train
data/datasets/AB+/cluster_4_5854.BMP,AB+,SUBJECT_GROUP_0144,144,144__M_Left_little_finger.BMP,481fd113c010b7fa59c4f86c8fb97d8266bccaa94cdca4d9ab1284dee8aa4709,test
data/datasets/AB+/cluster_4_5861.BMP,AB+,SUBJECT_GROUP_0577,589,589__M_Left_ring_finger.BMP,870bc64477cf96b65ff7c5dd4d8dd93a9b1d60d31a5821a4446664413642947b,validation
data/datasets/AB+/cluster_4_5865.BMP,AB+,SUBJECT_GROUP_0252,256,256__M_Right_index_finger.BMP,86b6beab39025cf5e73689deda138f3d422ac643494d7fce8ea8cdbb6aab62b4,test
data/datasets/AB+/cluster_4_5873.BMP,AB+,SUBJECT_GROUP_0235,238,238__M_Left_little_finger.BMP,0d2920c376d3e13b2a8cfe35817c7a3cfb4cc57079cc3be0d152e57c27959ec9,train
data/datasets/AB+/cluster_4_588.BMP,AB+,SUBJECT_GROUP_0121,121,121__F_Left_middle_finger.BMP,cccec5f471d2effe447ec94792418d4a3e10b49a79602bac251fbbbe8b58326f,train
data/datasets/AB+/cluster_4_5897.BMP,AB+,SUBJECT_GROUP_0515,523,523__F_Left_index_finger.BMP,7a8af1d977aca28035077cad6c995a0e8a837d549c6c9b0c5ac8fabd71cf003c,train
data/datasets/AB+/cluster_4_590.BMP,AB+,SUBJECT_GROUP_0094,94,94__M_Left_middle_finger.BMP,6a5e4c2f37deaaeb795a62ffe60f2db1920d230261389525850560352474bc62,train
data/datasets/AB+/cluster_4_5905.BMP,AB+,SUBJECT_GROUP_0414,421,421__F_Right_little_finger.BMP,b94b41d100ac83ab6c14d304757f9671d1ba06cf1cfb42b2d110975dd43f6bf7,train
data/datasets/AB+/cluster_4_5919.BMP,AB+,SUBJECT_GROUP_0476,483,483__M_Right_little_finger.BMP,94e8ff06c22a941262ce1274ace5288c600be5c44feeb5c9f70b20cebe956138,train
data/datasets/AB+/cluster_4_5925.BMP,AB+,SUBJECT_GROUP_0563,573,573__F_Left_index_finger.BMP,224a9848f1daa4491cd8b0f9ef0a998aeacbbdc6b06f021c871f940ae9250de9,test
data/datasets/AB+/cluster_4_5926.BMP,AB+,SUBJECT_GROUP_0234,237,237__M_Left_middle_finger.BMP,d589c84d71a4e23499518493b58265bdad8ed244999a1c0efb90f2933b0d8fcb,train
data/datasets/AB+/cluster_4_5929.BMP,AB+,SUBJECT_GROUP_0239,242,242__M_Left_ring_finger.BMP,7b3307af7c576ca6145dbc4b82743565ca23f6f18a12c250343bc7ebc61804aa,test
data/datasets/AB+/cluster_4_5933.BMP,AB+,SUBJECT_GROUP_0175,175,175__M_Right_little_finger.BMP,53b7135ee4ba015cc740a3a44f16d7a505adebb250b19ab33da0df0826e0ccea,train
data/datasets/AB+/cluster_4_5957.BMP,AB+,SUBJECT_GROUP_0292,554,554__M_Right_ring_finger.BMP,13c24ae4d6be48baebdc8f6def85871ace2931a395d5502d2277042575586306,test
data/datasets/AB+/cluster_4_5971.BMP,AB+,SUBJECT_GROUP_0137,137,137__M_Right_middle_finger.BMP,86021c29b5e7c9da52bfcb07343551e5d4c3d2e813f7f1cf22bf72d148168b2e,validation
data/datasets/AB+/cluster_4_598.BMP,AB+,SUBJECT_GROUP_0284,289,289__F_Left_thumb_finger.BMP,80aefc1d55068fb76ca2f3e6fa098627f59922115cc50319de13607cca1da5b2,validation
data/datasets/AB+/cluster_4_5988.BMP,AB+,SUBJECT_GROUP_0107,107,107__M_Left_little_finger.BMP,f521ba6a17efc82d14e1c9c3303808b4a53d71bb32139a65fc3eff80b199e168,validation
data/datasets/AB+/cluster_4_616.BMP,AB+,SUBJECT_GROUP_0374,380,380__M_Right_ring_finger.BMP,68986668060dfa86a81d910455a03548378ddd8a3f0d1d4e95b1fa375e66d447,validation
data/datasets/AB+/cluster_4_619.BMP,AB+,SUBJECT_GROUP_0447,454,454__M_Left_little_finger.BMP,26229d217a508e617adac86f8cb6cd2585c7a99ba84a53dd8440e8bff7d12696,train
data/datasets/AB+/cluster_4_628.BMP,AB+,SUBJECT_GROUP_0230,233,233__M_Right_index_finger.BMP,1e00231b17fe31aed23e18629db5f6144fa2d85122f782db8d4b3f66118e7d6d,test
data/datasets/AB+/cluster_4_632.BMP,AB+,SUBJECT_GROUP_0088,88,88__F_Right_little_finger.BMP,261adcc5e21ba0618336a7ea077c34a8965e6fbbed71db303c29eb80964e468f,validation
data/datasets/AB+/cluster_4_639.BMP,AB+,SUBJECT_GROUP_0079,79,79__M_Right_ring_finger.BMP,a52f560fe695f9487b17a1dcdd1f83f108fe702f014562d19e1ed6a99a19891b,train
data/datasets/AB+/cluster_4_650.BMP,AB+,SUBJECT_GROUP_0234,237,237__M_Right_little_finger.BMP,041fa8ec53cfa163bc6c87b6bc404e380c793879aa3db25eca99670e2c254686,train
data/datasets/AB+/cluster_4_663.BMP,AB+,SUBJECT_GROUP_0034,34,34__M_Left_middle_finger.BMP,368d632c4b09ed1909d1d0323793c6550e7a16b5baa76b262c8556a628c499ad,test
data/datasets/AB+/cluster_4_687.BMP,AB+,SUBJECT_GROUP_0455,462,462__M_Right_little_finger.BMP,4a6fac0181a0fd1045517f09bbf4ecb4a33b3d50163ad846f3201f5a683bd6eb,train
data/datasets/AB+/cluster_4_700.BMP,AB+,SUBJECT_GROUP_0484,491,491__M_Left_ring_finger.BMP,3896b18d78472c0e9b7603dcd4a6e2239f3fd3b2ed84fcff6dcce54700a54a8e,train
data/datasets/AB+/cluster_4_703.BMP,AB+,SUBJECT_GROUP_0152,152,152__M_Left_little_finger.BMP,93bf61c83a43eec9fc09a84f0f9b09299024c1069d02e2b0129b2017c0d09479,train
data/datasets/AB+/cluster_4_705.BMP,AB+,SUBJECT_GROUP_0547,557,557__M_Right_little_finger.BMP,ba423ac5169d4054532ec6cdb23ea227cb916e735641c617910139931d35fca0,test
data/datasets/AB+/cluster_4_719.BMP,AB+,SUBJECT_GROUP_0292,297,297__M_Right_ring_finger.BMP,6440fd5bca33ece4e1c083397869296ef8d63ac65e7cbf84a5436a636959154f,test
data/datasets/AB+/cluster_4_72.BMP,AB+,SUBJECT_GROUP_0483,490,490__M_Left_little_finger.BMP,16f3a1b55ddaf1fafd6140ed5f417687ba9f8ca6f6ff757717a1fc049f315437,validation
data/datasets/AB+/cluster_4_721.BMP,AB+,SUBJECT_GROUP_0478,485,485__M_Left_little_finger.BMP,f9fd0e1599e0f0752ce97e46856afca9a68c6a20d9cd960994bdd3b4d27a0ffd,validation
data/datasets/AB+/cluster_4_722.BMP,AB+,SUBJECT_GROUP_0064,219,219__M_Left_ring_finger.BMP,4a3cde84e01e7075baa0e41541e39052ce6550b8b406f7d6e8e53ad60a8f5032,validation
data/datasets/AB+/cluster_4_735.BMP,AB+,SUBJECT_GROUP_0016,16,16__M_Left_little_finger.BMP,cf4950230b50c7da633db6a22b2f4d86f6adfa4ca440f4ad2c6a79efbb82bae5,train
data/datasets/AB+/cluster_4_737.BMP,AB+,SUBJECT_GROUP_0501,508,508__F_Left_ring_finger.BMP,0d8f0255beeac655030148bfb883e7ccc9a5c9eeadfdc98074e3a06bc0112ff7,train
data/datasets/AB+/cluster_4_748.BMP,AB+,SUBJECT_GROUP_0454,461,461__F_Left_middle_finger.BMP,e33aec6477934600909d2b1cf2e1d17e636cbaca2fa77fae7b53842681d705c3,train
data/datasets/AB+/cluster_4_751.BMP,AB+,SUBJECT_GROUP_0428,435,435__F_Left_middle_finger.BMP,c1ab5c04f7efe431abf348bb6a982e056434c0ad56837adfa795ff0e2e2f5ab2,test
data/datasets/AB+/cluster_4_76.BMP,AB+,SUBJECT_GROUP_0126,126,126__F_Left_index_finger.BMP,197f57249d25bea73e71846416ec322ace8bc2fbd1607f8220187d8ac2eb24a5,train
data/datasets/AB+/cluster_4_760.BMP,AB+,SUBJECT_GROUP_0315,320,320__M_Left_little_finger.BMP,d5bd50e9e04a3ee214d26dd83dd84ae4a996ead125748d44c49aba250c5e4d93,train
data/datasets/AB+/cluster_4_775.BMP,AB+,SUBJECT_GROUP_0136,136,136__F_Right_ring_finger.BMP,bf1f1f788822e78b73b46d28def67a875fedea0ce59179cb6ee6d87f7559086b,train
data/datasets/AB+/cluster_4_787.BMP,AB+,SUBJECT_GROUP_0289,294,294__M_Left_ring_finger.BMP,e6be4ce911f0849f6437fbea5e69cc21fefeaeed2565f84c1e4c07d87e0e70d2,train
data/datasets/AB+/cluster_4_788.BMP,AB+,SUBJECT_GROUP_0433,440,440__M_Left_middle_finger.BMP,872ebd3ff3478b5296be86a679db571d21c57ebbba7218b6558da026bc751555,train
data/datasets/AB+/cluster_4_802.BMP,AB+,SUBJECT_GROUP_0423,430,430__F_Left_ring_finger.BMP,0e0b6cc3ddf24c2148e0a418194c4dc93f8fbe85b3b1aecaa0828b6b5fa37993,test
data/datasets/AB+/cluster_4_807.BMP,AB+,SUBJECT_GROUP_0494,501,501__M_Right_ring_finger.BMP,a04b065eb7ff37e15adaa3f543bb224d84c2dafbe108d18c3ef9be0d059f0cfe,train
data/datasets/AB+/cluster_4_815.BMP,AB+,SUBJECT_GROUP_0545,555,555__M_Left_little_finger.BMP,ec5a78d47f9a456b9b85cd08ba12bcc9d5fe34661ced24cb4aa10e69591058df,train
data/datasets/AB+/cluster_4_823.BMP,AB+,SUBJECT_GROUP_0358,376,376__F_Right_ring_finger.BMP,aac408650b87c055609f4df7bdfd6ea06b0a5febea5c10cfffd7400b901c8f45,test
data/datasets/AB+/cluster_4_849.BMP,AB+,SUBJECT_GROUP_0241,244,244__M_Left_little_finger.BMP,a9108100ef96f8f8f1b8ed7e8a1f8b115e97218bc074f6ce6d97cc6ca2bfb935,train
data/datasets/AB+/cluster_4_859.BMP,AB+,SUBJECT_GROUP_0135,135,135__F_Right_ring_finger.BMP,456671501f3588fd5b6bb2e2a73085d0542352b1b677966d9fb58f56ae2a6965,train
data/datasets/AB+/cluster_4_87.BMP,AB+,SUBJECT_GROUP_0443,450,450__M_Right_little_finger.BMP,f879052899e7b3599a7d95b3a7b021610cfc6bcf87473e661ef24479325ed01a,test
data/datasets/AB+/cluster_4_879.BMP,AB+,SUBJECT_GROUP_0358,376,376__F_Right_little_finger.BMP,b132bc9f1c1bca32fbc24325b67d270d4eeac3327179f7c2dfb80d194c298a11,test
data/datasets/AB+/cluster_4_882.BMP,AB+,SUBJECT_GROUP_0126,126,126__F_Right_index_finger.BMP,3b27ae6c22dec466d198944b86d68ec5473781b225580a688233240bef5aa425,train
data/datasets/AB+/cluster_4_886.BMP,AB+,SUBJECT_GROUP_0061,61,61__M_Left_ring_finger.BMP,e4b8fc07a5f556ef990a769b56e435110ac9df2e893faba6f6f4ac7fca3a9457,train
data/datasets/AB+/cluster_4_925.BMP,AB+,SUBJECT_GROUP_0515,523,523__F_Left_thumb_finger.BMP,252208b269c4a69f3dc553d8722d76081ac0826a08dd0e5572411cd7509d183c,train
data/datasets/AB+/cluster_4_929.BMP,AB+,SUBJECT_GROUP_0241,244,244__M_Right_little_finger.BMP,3a3563d1e8b034bc8cbb99ae71712716e26cfd3ac4af58bfd4c26a502c067910,train
data/datasets/AB+/cluster_4_930.BMP,AB+,SUBJECT_GROUP_0286,291,291__M_Right_ring_finger.BMP,ffcba8e9978d3ee66b8a5995fb3e6031bd408daa2f70af132484ed24a7c5c2e4,train
data/datasets/AB+/cluster_4_933.BMP,AB+,SUBJECT_GROUP_0361,366,366__M_Left_little_finger.BMP,0143d71fb81aadcebdd835d9fbf895de4d406e7dea293017a4980e89f2878b7c,train
data/datasets/AB+/cluster_4_934.BMP,AB+,SUBJECT_GROUP_0259,264,264__M_Right_ring_finger.BMP,ce32cc6feff90ccd675fe7116911e8533a38596fe5a5a8307073f618fd4b8c5c,train
data/datasets/AB+/cluster_4_939.BMP,AB+,SUBJECT_GROUP_0554,564,564__M_Left_ring_finger.BMP,4f9dfbfe3a65f2e0b73968914f037393aad44f9ae241cb6f09221fa8b1c065ad,train
data/datasets/AB+/cluster_4_951.BMP,AB+,SUBJECT_GROUP_0148,148,148__M_Left_middle_finger.BMP,631f8590670d762b9cc41ae66d58b958c80c94d7c089cec4140f50ac7c95f93e,train
data/datasets/AB+/cluster_4_958.BMP,AB+,SUBJECT_GROUP_0014,14,14__M_Left_little_finger.BMP,836bd0bfb03bf272bd7a5975331af8f3bc92288deb5b12bfe5251959482050b3,train
data/datasets/AB+/cluster_4_959.BMP,AB+,SUBJECT_GROUP_0457,464,464__M_Right_ring_finger.BMP,d8b31af6a2de34a142819bb85b4d1d6bf6085c251da8ba5355221a73f3e3433c,train
data/datasets/AB+/cluster_4_961.BMP,AB+,SUBJECT_GROUP_0550,585,585__M_Right_ring_finger.BMP,725499a316073636052142b6da8744c58810e52b35282f823cc0aee81ba080bb,test
data/datasets/AB+/cluster_4_962.BMP,AB+,SUBJECT_GROUP_0064,64,64__M_Left_ring_finger.BMP,3f54a7948d05486228a56ae0a4346da6ce18e443fa0b2016140d307542ee6a77,validation
data/datasets/AB+/cluster_4_968.BMP,AB+,SUBJECT_GROUP_0015,15,15__F_Left_thumb_finger.BMP,acf800dd99c27cbe5e3d8f7f298801ccc4e6e93fcf4f7e2828d103f879aac2f9,train
data/datasets/AB+/cluster_4_972.BMP,AB+,SUBJECT_GROUP_0237,240,240__F_Right_thumb_finger.BMP,9fcc9f216a4a6f3af78cd0af5e41760f27e763585809009fca5882933e8fbfad,train
data/datasets/AB+/cluster_4_976.BMP,AB+,SUBJECT_GROUP_0047,47,47__F_Left_ring_finger.BMP,19b783d96410682fbfc5fb1977f6fa601027b046df16d6b653c28e1060bcd330,train
data/datasets/AB+/cluster_4_996.BMP,AB+,SUBJECT_GROUP_0127,127,127__F_Left_ring_finger.BMP,06bd4ee31a5f50eb794d1ffe2edbd04836b653d3b224726b7914e0d47c1cbeae,validation
data/datasets/AB+/cluster_4_997.BMP,AB+,SUBJECT_GROUP_0256,261,261__M_Right_middle_finger.BMP,73dc645613b3bcfdae0c825b2ad05f9ddf9ff142b56ab025837e50d37f525c36,validation
data/datasets/AB-/cluster_5_1003.BMP,AB-,SUBJECT_GROUP_0482,489,489__M_Right_index_finger.BMP,fbc98e845f92ae49b017c782153cd8c760b1fa80bcb1febee911209b3e63b64f,train
data/datasets/AB-/cluster_5_1013.BMP,AB-,SUBJECT_GROUP_0180,180,180__F_Right_index_finger.BMP,351b7d2208db706b42e13e2c5e46fe06210e96bb1247a237974431a7028687b2,test
data/datasets/AB-/cluster_5_1024.BMP,AB-,SUBJECT_GROUP_0121,121,121__F_Left_index_finger.BMP,8cd65b844bd02e24ee1ec934f05ba961c13bbe5488f1349e2165dda791744094,train
data/datasets/AB-/cluster_5_105.BMP,AB-,SUBJECT_GROUP_0201,201,201__F_Right_thumb_finger.BMP,18f7fb1dda82a9b1741e2379499054cf7c5e6d8827e510168117ec85df60cac8,train
data/datasets/AB-/cluster_5_1052.BMP,AB-,SUBJECT_GROUP_0254,258,258__M_Left_little_finger.BMP,3543ce6dc32784a7494593f07577ae0fe8a7f34ef842e9a34481a272bb3f3ac9,train
data/datasets/AB-/cluster_5_1056.BMP,AB-,SUBJECT_GROUP_0420,427,427__M_Left_index_finger.BMP,6fbe9adc464f713440b889717dfed385e7abfeeb7e87f976f6b4952b2b1e6a0f,train
data/datasets/AB-/cluster_5_1064.BMP,AB-,SUBJECT_GROUP_0125,125,125__M_Left_little_finger.BMP,a406c1a11000cf3ab515959eec07186236cbf1905ec5478e3cf73a7116d2a64d,test
data/datasets/AB-/cluster_5_1066.BMP,AB-,SUBJECT_GROUP_0439,446,446__M_Right_middle_finger.BMP,5313c1108efd726ffe4c508649c40f72f63e24791cb40faf2ed986ab3eda573e,train
data/datasets/AB-/cluster_5_1069.BMP,AB-,SUBJECT_GROUP_0052,52,52__M_Right_middle_finger.BMP,f55c447d0aa4c53f3207bec327fffd84df7617d86c0de61d5f2bbfd0edbdaed8,train
data/datasets/AB-/cluster_5_1073.BMP,AB-,SUBJECT_GROUP_0557,567,567__M_Left_ring_finger.BMP,982df6828579c5fa1d82be0ca925c16deca0543250659d293d8585508c4ca2a3,test
data/datasets/AB-/cluster_5_1076.BMP,AB-,SUBJECT_GROUP_0336,341,341__M_Left_little_finger.BMP,3ebc5510a85b42a1652eb34daaff6017badb07d2614c5b8e76c28019e26b20aa,validation
data/datasets/AB-/cluster_5_1079.BMP,AB-,SUBJECT_GROUP_0579,592,592__M_Right_ring_finger.BMP,8cfc693828243d3321c442c6a5584fb3b9e27348d5adde6be1f7cd3eebd8599c,train
data/datasets/AB-/cluster_5_1081.BMP,AB-,SUBJECT_GROUP_0529,537,537__M_Left_little_finger.BMP,65c25e7e45bee4988656ff4160fabfd1b0f76377327702871247b3709719e827,validation
data/datasets/AB-/cluster_5_1097.BMP,AB-,SUBJECT_GROUP_0054,54,54__M_Left_index_finger.BMP,85a6a102328c1dcf9e9fb47bf9fb6479b7131ff484c13b4f207450c80527d23d,train
data/datasets/AB-/cluster_5_1098.BMP,AB-,SUBJECT_GROUP_0027,27,27__M_Left_index_finger.BMP,96af7b9deb7544ba4982d09831029c557a986af2b6d150283e1071c751c333b0,train
data/datasets/AB-/cluster_5_110.BMP,AB-,SUBJECT_GROUP_0353,358,358__M_Right_middle_finger.BMP,cb6f4508b89c386b7070e64224ef210dcdb22ceb328878d31fdc5fa170fa63af,train
data/datasets/AB-/cluster_5_1102.BMP,AB-,SUBJECT_GROUP_0378,384,384__F_Right_index_finger.BMP,384a283866e8464d3c360e9a245f16cbb82b11b48687e9984450998ad3971d73,train
data/datasets/AB-/cluster_5_1103.BMP,AB-,SUBJECT_GROUP_0292,577,577__M_Right_ring_finger.BMP,75d00f3708dfc16be9f6cdd5e4de7340abcb629e65e7fb00dcfee6e8ba29897a,test
data/datasets/AB-/cluster_5_1112.BMP,AB-,SUBJECT_GROUP_0234,237,237__M_Left_ring_finger.BMP,337b3012ddd9d75df21a12164520631542d3dea483a1ea7924e19f0f607dea93,train
data/datasets/AB-/cluster_5_1124.BMP,AB-,SUBJECT_GROUP_0216,218,218__M_Right_middle_finger.BMP,f8bbf7f7caca02d30ca35be28b972bfe4d0c831a8a747a72bf11da2d69d042c8,train
data/datasets/AB-/cluster_5_113.BMP,AB-,SUBJECT_GROUP_0199,199,199__M_Right_index_finger.BMP,1d6ede0875e03653cc16fb7b386f4407c72ce6bbca988f6cbe253b79a8abf483,train
data/datasets/AB-/cluster_5_1137.BMP,AB-,SUBJECT_GROUP_0543,551,551__F_Left_middle_finger.BMP,9274a1e08c09fe9592ac5912328cc69d9bd91a9cdb573b7c88517779e4971d55,validation
data/datasets/AB-/cluster_5_1142.BMP,AB-,SUBJECT_GROUP_0468,475,475__M_Left_ring_finger.BMP,82c7714dffcfdbf55b51841e6ddead697d3edbac1854c10ef9566f920f1e7a1f,validation
data/datasets/AB-/cluster_5_1147.BMP,AB-,SUBJECT_GROUP_0466,473,473__M_Right_middle_finger.BMP,a5f07f5091e2e8b25ffe81fb824416b7616d21c91e730b8f79764895c5d9ab59,train
data/datasets/AB-/cluster_5_1152.BMP,AB-,SUBJECT_GROUP_0113,113,113__M_Left_middle_finger.BMP,ba85bb9a0d7418efb044536cffcb93350f86781a17e044473079f94b195fc0fd,train
data/datasets/AB-/cluster_5_1158.BMP,AB-,SUBJECT_GROUP_0074,74,74__F_Right_middle_finger.BMP,36b6c18f1022df6c309cc7f5c8664558a73eff728a997d0e2832d56b0e18ffe5,test
data/datasets/AB-/cluster_5_1166.BMP,AB-,SUBJECT_GROUP_0097,97,97__M_Left_ring_finger.BMP,5e6aa28062ef20b6059596b28504b08a9b6b2ece9e4309c774963a0cbf611d58,train
data/datasets/AB-/cluster_5_1168.BMP,AB-,SUBJECT_GROUP_0475,482,482__M_Left_middle_finger.BMP,25e0f1fb7944d2fc07261f1b2de71c73c16dded453cb1559c14d67c2a0cd854f,test
data/datasets/AB-/cluster_5_1170.BMP,AB-,SUBJECT_GROUP_0285,290,290__M_Left_ring_finger.BMP,a80288c1de9664ce5b039bbb33ab14dd0d30358dbdcb35ae8adbc98b67a4b18c,train
data/datasets/AB-/cluster_5_1171.BMP,AB-,SUBJECT_GROUP_0532,540,540__F_Left_index_finger.BMP,0492a50c3d7c5c81fbdc94e095802de9431f92d5db208b974cb55afb8aa9f52f,validation
data/datasets/AB-/cluster_5_1176.BMP,AB-,SUBJECT_GROUP_0450,457,457__M_Left_little_finger.BMP,673e265d5f1a79f58b9689a386c60cf4966baa95db5d702dc72b2988be8430fe,validation
data/datasets/AB-/cluster_5_118.BMP,AB-,SUBJECT_GROUP_0479,486,486__M_Right_middle_finger.BMP,16b1bed9a8c806623d730758cef1431b0037d3df7fd0979ad31670b2df7c0047,train
data/datasets/AB-/cluster_5_1192.BMP,AB-,SUBJECT_GROUP_0238,241,241__M_Left_ring_finger.BMP,7176eabfe2b0f78e7ab0bec8b88c2f329b5521becdc1e5bbbc178eb131c743ed,train
data/datasets/AB-/cluster_5_1198.BMP,AB-,SUBJECT_GROUP_0411,417,417__M_Left_middle_finger.BMP,5a0227488c09b77b872ae312fe37d616551c3374432c358d952559ad6d79f29f,train
data/datasets/AB-/cluster_5_1202.BMP,AB-,SUBJECT_GROUP_0068,68,68__M_Left_little_finger.BMP,3ef611f239254aa566ba9640c1a0ed5bca15b56c12db64d2cce2c71a42376fce,test
data/datasets/AB-/cluster_5_1206.BMP,AB-,SUBJECT_GROUP_0532,540,540__F_Left_ring_finger.BMP,e2d8981602e66e7edbbf5ec1fc7dddffe5da6fdfed1c5544bc8c4f3c778c9a71,validation
data/datasets/AB-/cluster_5_121.BMP,AB-,SUBJECT_GROUP_0206,208,208__M_Left_ring_finger.BMP,c2dada032e4c4fe761033c8db98fa69af07fc5b86b720dd401783148b172f7c9,train
data/datasets/AB-/cluster_5_1215.BMP,AB-,SUBJECT_GROUP_0335,340,340__M_Left_index_finger.BMP,f89548ed45d27f1fefba331804ea3186d3af8e21b67c573fac5740757d58485f,validation
data/datasets/AB-/cluster_5_1219.BMP,AB-,SUBJECT_GROUP_0103,103,103__F_Right_index_finger.BMP,c47cba053f44ace3248d6b1fa14872870252cb0e998f1c4875c2d6e6e8b834b9,train
data/datasets/AB-/cluster_5_122.BMP,AB-,SUBJECT_GROUP_0581,594,594__M_Left_little_finger.BMP,2dc0797f2442e85cbf39649c130b19c7457f5a45274de5d64a8a105cca6a0c77,test
data/datasets/AB-/cluster_5_1220.BMP,AB-,SUBJECT_GROUP_0336,341,341__M_Right_ring_finger.BMP,87d22c4ef9072f7b3e256fd6027fd39ad14fe75d3a852a786f14de07ffc1cddf,validation
data/datasets/AB-/cluster_5_1228.BMP,AB-,SUBJECT_GROUP_0456,463,463__F_Right_index_finger.BMP,a89ead6ba25ef2cd6440c77229c96ceec31ef382eb413f529ef93b89d21e763b,test
data/datasets/AB-/cluster_5_1229.BMP,AB-,SUBJECT_GROUP_0381,387,387__F_Right_index_finger.BMP,51a8adb23231836a034e86b3e9cc8fdcedd9636a22613743badacd9ed1672277,validation
data/datasets/AB-/cluster_5_123.BMP,AB-,SUBJECT_GROUP_0209,211,211__M_Right_middle_finger.BMP,0619357fdbc4fefe7a154bdb447eb89383d3d43fb5b47529b9ec3042282161f5,train
data/datasets/AB-/cluster_5_1237.BMP,AB-,SUBJECT_GROUP_0238,241,241__M_Left_little_finger.BMP,d8bc8a1353da85952db8b3c4959edf823da512363d7e74d4acdb4d43c39137f0,train
data/datasets/AB-/cluster_5_1242.BMP,AB-,SUBJECT_GROUP_0474,481,481__F_Left_little_finger.BMP,f0ea30d87eac0367e1476ed9d528c9084f4a4238fd6d436e3dc7687bc58b516c,test
data/datasets/AB-/cluster_5_1245.BMP,AB-,SUBJECT_GROUP_0407,413,413__M_Right_little_finger.BMP,85594c188e8e15e1294a9902223cf24113eb07f2fb28290c3b9189764c619b02,train
data/datasets/AB-/cluster_5_1249.BMP,AB-,SUBJECT_GROUP_0384,390,390__F_Left_thumb_finger.BMP,223422732801032c3fa1629f51cc033d6ad5da0d3534b819fa77bbbf266a825a,train
data/datasets/AB-/cluster_5_1259.BMP,AB-,SUBJECT_GROUP_0179,179,179__M_Left_index_finger.BMP,86f998279fca3c0a27730b981937e4eb71501adf026b5ae54efa1cc59631a9c9,train
data/datasets/AB-/cluster_5_1261.BMP,AB-,SUBJECT_GROUP_0565,575,575__M_Left_ring_finger.BMP,2b886a40fa84e58997cf9d29fb92c28eda83af0d24be8a49a0a11b97251e7e3e,validation
data/datasets/AB-/cluster_5_1286.BMP,AB-,SUBJECT_GROUP_0307,312,312__M_Left_middle_finger.BMP,f7aa10ba179611456ec00f6dd13303aa8c05965e9dfa5f768f9bf8a7bca71b11,validation
data/datasets/AB-/cluster_5_1294.BMP,AB-,SUBJECT_GROUP_0534,542,542__M_Right_ring_finger.BMP,7de858a1db74aac8eba4bc4bd4ad74eec750c638cab9a8677fe3bfd17c906237,train
data/datasets/AB-/cluster_5_1299.BMP,AB-,SUBJECT_GROUP_0170,170,170__M_Left_little_finger.BMP,b001864ad54ffa7afc9e8b8c2c0fe6300b70b6edad71ddf4a9af35dc8ca8bf27,validation
data/datasets/AB-/cluster_5_130.BMP,AB-,SUBJECT_GROUP_0554,564,564__M_Right_middle_finger.BMP,1c5b249fc081cd9ef7ea9730ad8e7bb68b2eed61411b4152273093268be51af9,train
data/datasets/AB-/cluster_5_1300.BMP,AB-,SUBJECT_GROUP_0017,17,17__M_Left_index_finger.BMP,35a6200a728d27d48eb603051ae952c5f2f243a19b5596554a3cd8c83228b817,test
data/datasets/AB-/cluster_5_1304.BMP,AB-,SUBJECT_GROUP_0363,368,368__M_Left_little_finger.BMP,231da2117d8a0ae4b8488d3aa298421744e85d5660eefb8c8e95fba17426e96d,train
data/datasets/AB-/cluster_5_1311.BMP,AB-,SUBJECT_GROUP_0546,556,556__F_Left_ring_finger.BMP,13f5ea558375528c2a5c7831972f0162c0900c27649a5bef8ba438b0e601fa8e,train
data/datasets/AB-/cluster_5_1327.BMP,AB-,SUBJECT_GROUP_0138,138,138__M_Left_little_finger.BMP,3ad6b49fb122e8a6c1cf18aaef5be9f45b2ec208bf22ceb50d0972c81c5368ab,train
data/datasets/AB-/cluster_5_1331.BMP,AB-,SUBJECT_GROUP_0181,181,181__M_Left_ring_finger.BMP,1ed69c51e2059dee14d3cd6ee75b21026dcb935125cb4c85941667fdad67142a,train
data/datasets/AB-/cluster_5_1354.BMP,AB-,SUBJECT_GROUP_0540,548,548__F_Right_little_finger.BMP,6976775a36dcfed903f26c20f0c5088ced208ef535f9d8c6458367939092a070,train
data/datasets/AB-/cluster_5_1374.BMP,AB-,SUBJECT_GROUP_0472,479,479__F_Left_ring_finger.BMP,b3ef63dae86b694d2635978a31adc7cbc27b8fdd8de2c391a8f3a952da219f5c,train
data/datasets/AB-/cluster_5_139.BMP,AB-,SUBJECT_GROUP_0435,442,442__F_Right_index_finger.BMP,952d1876cdcb1cfe9f24826b03731c28290395f19c5cefd3996bc3c3168fcea0,validation
data/datasets/AB-/cluster_5_1398.BMP,AB-,SUBJECT_GROUP_0292,297,297__M_Left_middle_finger.BMP,3c45c4042a7ba2df97f2837736e5b7d0143609ecf7a1e0ee9746a1de67c479d2,test
data/datasets/AB-/cluster_5_1417.BMP,AB-,SUBJECT_GROUP_0442,449,449__F_Right_middle_finger.BMP,3b4214ea6caff0fec7dc000cd884b0fd4bf75e53fa0a404550a72199587916d8,train
data/datasets/AB-/cluster_5_1422.BMP,AB-,SUBJECT_GROUP_0005,5,5__M_Left_index_finger.BMP,86a9c19d6510a2119187d16aafb860116eedee29d929ba2e453775886f0f3bb4,train
data/datasets/AB-/cluster_5_1423.BMP,AB-,SUBJECT_GROUP_0378,384,384__F_Left_ring_finger.BMP,e6dd79afa1e9703a28d74eec61643cab1697db5c9ceaa285b61b1fe776ccd488,train
data/datasets/AB-/cluster_5_1432.BMP,AB-,SUBJECT_GROUP_0392,398,398__M_Left_index_finger.BMP,fcccc3e3036c1768a9ce2810fde65f8cefae8de2a57fe393d59f41eb85592e6a,train
data/datasets/AB-/cluster_5_1435.BMP,AB-,SUBJECT_GROUP_0046,46,46__M_Left_little_finger.BMP,ae010d3bf8241aa4e127628d7c28b091a5143b4feb4d26b97e1f7b0edc6942ca,train
data/datasets/AB-/cluster_5_1439.BMP,AB-,SUBJECT_GROUP_0307,312,312__M_Right_little_finger.BMP,623479713840edca51b0a6ec486e1ee0d7f03a7701ee6c066961e85e37910db9,validation
data/datasets/AB-/cluster_5_1440.BMP,AB-,SUBJECT_GROUP_0284,289,289__F_Left_middle_finger.BMP,d91a145f687d9829ea4d345fdbb1d069d688c59bf977ad8e60c60780bf94d1a7,validation
data/datasets/AB-/cluster_5_1444.BMP,AB-,SUBJECT_GROUP_0527,535,535__M_Right_little_finger.BMP,133f52ab5a4463cb3bf241d9ba2f45c3d1ac631c0dd5d2907e202920020714ad,train
data/datasets/AB-/cluster_5_1448.BMP,AB-,SUBJECT_GROUP_0255,259,259__M_Left_ring_finger.BMP,e70dfbbde04f007b2969ecfd68b2faff9304b66cf5855803aee8cd182238cc64,train
data/datasets/AB-/cluster_5_1478.BMP,AB-,SUBJECT_GROUP_0094,94,94__M_Left_ring_finger.BMP,349d7620d186c7ba240ee2a27c20422fe01b6684e1c45fbd3cb338a5885c241f,train
data/datasets/AB-/cluster_5_1494.BMP,AB-,SUBJECT_GROUP_0557,567,567__M_Left_middle_finger.BMP,ff5c45ae919407250c200eab1bf9de78f5ebc35b47b88c619cafde0eac3f2a63,test
data/datasets/AB-/cluster_5_1524.BMP,AB-,SUBJECT_GROUP_0514,522,522__M_Left_middle_finger.BMP,b20e9660997c6d3f253ed31014d2555e943797b8e39768ae5f0788098c66909d,train
data/datasets/AB-/cluster_5_1538.BMP,AB-,SUBJECT_GROUP_0123,123,123__M_Left_index_finger.BMP,4703c033507241384559f4fe9d89a36d6ab16529eea50b5f2a5489a846b94e1b,train
data/datasets/AB-/cluster_5_1543.BMP,AB-,SUBJECT_GROUP_0515,523,523__F_Left_little_finger.BMP,ac8ee85a14161f063fe5cd92ef992cdad04aa520e6da8e913dcfad0cb16b5fbc,train
data/datasets/AB-/cluster_5_1544.BMP,AB-,SUBJECT_GROUP_0052,52,52__M_Right_ring_finger.BMP,a2b10aa6102860b70b2e5f7b8090d8b8ecbd7058b5f01e7569487087222086d7,train
data/datasets/AB-/cluster_5_1550.BMP,AB-,SUBJECT_GROUP_0054,54,54__M_Left_ring_finger.BMP,067500922b59b01dca4c9c35664e20b702753672778d360de50a09abc40a7eef,train
data/datasets/AB-/cluster_5_1561.BMP,AB-,SUBJECT_GROUP_0419,426,426__M_Right_ring_finger.BMP,0b37f40b0b432af25781439040ac45990c474295ad67d55f4016b9731e58096d,test
data/datasets/AB-/cluster_5_1565.BMP,AB-,SUBJECT_GROUP_0424,431,431__M_Right_middle_finger.BMP,867f00c4dab80c925bc94144ce2103b9fbc27387af59a08647ab3469cd929055,validation
data/datasets/AB-/cluster_5_1571.BMP,AB-,SUBJECT_GROUP_0381,387,387__F_Right_little_finger.BMP,652cedd357a707fdecad22698f053968eb73b149d21fe1346c0ea76c4d18d3e3,validation
data/datasets/AB-/cluster_5_1573.BMP,AB-,SUBJECT_GROUP_0083,83,83__M_Left_ring_finger.BMP,95cbdd836f320d7e5059d30ae0c0801992000233ab3c391db7ea0a4d3866d405,train
data/datasets/AB-/cluster_5_1575.BMP,AB-,SUBJECT_GROUP_0526,534,534__F_Right_ring_finger.BMP,cc145762a414313b66d5450413879602390620e802a0cad7b75a716e924d53ea,train
data/datasets/AB-/cluster_5_1577.BMP,AB-,SUBJECT_GROUP_0319,324,324__M_Left_ring_finger.BMP,193f76bd96ce17926c5ce52248cffadf25f1616712a1de0e8464806b96189de6,train
data/datasets/AB-/cluster_5_1582.BMP,AB-,SUBJECT_GROUP_0325,330,330__M_Left_middle_finger.BMP,2259c8b1f3267112c0e42422d600c8948814f893fc41afacde36bf49cafea58b,train
data/datasets/AB-/cluster_5_1589.BMP,AB-,SUBJECT_GROUP_0058,58,58__M_Right_ring_finger.BMP,a614e9e07587907b77e7db397637781e798f7d5d6bca94ff78fd92a0c60a9a74,validation
data/datasets/AB-/cluster_5_1600.BMP,AB-,SUBJECT_GROUP_0087,87,87__M_Left_ring_finger.BMP,4f987a06fd03c9f6d8805ae711188c8ed0c896bc30bafd137601e78db47c7089,train
data/datasets/AB-/cluster_5_1613.BMP,AB-,SUBJECT_GROUP_0482,489,489__M_Left_index_finger.BMP,5e4d14f00b3626df00ea8baa49e8fc7310ab6320038cf6fdcd8c7fe8ab534f2f,train
data/datasets/AB-/cluster_5_1629.BMP,AB-,SUBJECT_GROUP_0407,413,413__M_Left_middle_finger.BMP,5c67f0e6842809e06628c8b72eb2e2c13b78941f998b2e199f9d055daf597bc2,train
data/datasets/AB-/cluster_5_1632.BMP,AB-,SUBJECT_GROUP_0529,537,537__M_Left_middle_finger.BMP,d131951c0d8767024335cb42f7a5e8399a9f5a002e5e7c7deef880d9e0e37e21,validation
data/datasets/AB-/cluster_5_1660.BMP,AB-,SUBJECT_GROUP_0081,81,81__F_Left_little_finger.BMP,2a89678cca1cfe13a8226d561e7d537ebc96dbffcd9d86f6df00aa30db84d336,test
data/datasets/AB-/cluster_5_1661.BMP,AB-,SUBJECT_GROUP_0054,54,54__M_Left_middle_finger.BMP,93de2c1b492ea05ac4166e44421f837f79c01ee22bf6f6b1146e8b10beaef637,train
data/datasets/AB-/cluster_5_1676.BMP,AB-,SUBJECT_GROUP_0412,419,419__F_Left_middle_finger.BMP,be7e2365cfd2c40ef289c3416f6d3c757deb70743ecf311cd4b0d76a83845057,train
data/datasets/AB-/cluster_5_1677.BMP,AB-,SUBJECT_GROUP_0437,444,444__M_Left_middle_finger.BMP,5cba4fb9ea0e4f9f2a831de855ac99b7c27037cb65770d25232d99daaa3f8a23,train
data/datasets/AB-/cluster_5_168.BMP,AB-,SUBJECT_GROUP_0211,213,213__M_Left_little_finger.BMP,30270461f20fa59be3c04303c70896cf8494ec3a63cc546f3c4dbc9bc8451cb7,train
data/datasets/AB-/cluster_5_1680.BMP,AB-,SUBJECT_GROUP_0080,80,80__M_Right_little_finger.BMP,428d73b41b2784460de46b54ccb4d963c577f4eb15b2cc8ca11a97c89f8128ee,train
data/datasets/AB-/cluster_5_1706.BMP,AB-,SUBJECT_GROUP_0259,264,264__M_Right_middle_finger.BMP,7103d3e2b8db19049b62df030b178fd4ddcacbb6538c9d5e4beb37ae3530dfef,train
data/datasets/AB-/cluster_5_1710.BMP,AB-,SUBJECT_GROUP_0009,9,9__M_Left_middle_finger.BMP,302d9eb906c6838f8b8fd727a7e67c19cec0279d76ecd41d4451c0fed1fd23b2,train
data/datasets/AB-/cluster_5_1711.BMP,AB-,SUBJECT_GROUP_0066,66,66__F_Left_ring_finger.BMP,45cb088e3dbb90848138099ce8b1760a30543072b7af75e6d89d1853b995af9d,train
data/datasets/AB-/cluster_5_1735.BMP,AB-,SUBJECT_GROUP_0106,106,106__M_Right_thumb_finger.BMP,25dd9e72296a1943c631bc662b65acb597b81b51166f4ac9de8152ff45f89ba6,test
data/datasets/AB-/cluster_5_1739.BMP,AB-,SUBJECT_GROUP_0352,357,357__M_Right_ring_finger.BMP,9e5eba16b0bf04867e68db802d4444f6f5eda65f4b642fb16ec575082b6c2187,train
data/datasets/AB-/cluster_5_1747.BMP,AB-,SUBJECT_GROUP_0400,406,406__M_Right_index_finger.BMP,5d41935065253fe9a8b9a012a882facf1f21d505ffb8b6da56ffc99869abde3e,train
data/datasets/AB-/cluster_5_175.BMP,AB-,SUBJECT_GROUP_0402,408,408__M_Left_little_finger.BMP,3951a8f504dca056d181f5769071518458268b135e12bef2d2b5124ee4405b95,train
data/datasets/AB-/cluster_5_1753.BMP,AB-,SUBJECT_GROUP_0495,502,502__F_Left_index_finger.BMP,7092f1aa81144d07a4e43fb181200dd7d1fbb49fe782d6b0d548f87e2d3b1f55,train
data/datasets/AB-/cluster_5_1754.BMP,AB-,SUBJECT_GROUP_0439,446,446__M_Right_little_finger.BMP,ad7b45646246738a9fdb25ae11fb2869aa6d9a447e8ca6ab75501b85b2461e74,train
data/datasets/AB-/cluster_5_1758.BMP,AB-,SUBJECT_GROUP_0102,102,102__M_Left_little_finger.BMP,b7b6adfd27dbb86f04205518cfeabc2527bfaae449db4ded44bab75aa850731c,train
data/datasets/AB-/cluster_5_1760.BMP,AB-,SUBJECT_GROUP_0339,344,344__M_Right_index_finger.BMP,e5971b05e5b879e3ee9886893bc436a55a93e4c5db25ccf55bc32c7d2dfc54e5,train
data/datasets/AB-/cluster_5_1772.BMP,AB-,SUBJECT_GROUP_0573,584,584__M_Left_middle_finger.BMP,f5f9962a5d01c6d79b219ac1ef0a794c77b5af598f67e9df8f65c3b54e104575,train
data/datasets/AB-/cluster_5_1773.BMP,AB-,SUBJECT_GROUP_0470,477,477__M_Right_middle_finger.BMP,92511374c7c8ed264c0637558a4f4dfbe07ace065691b1d6a43d6c644a1b1317,train
data/datasets/AB-/cluster_5_1783.BMP,AB-,SUBJECT_GROUP_0468,475,475__M_Right_index_finger.BMP,04e410e5ed714a2b82117065e09b6a416f9a80509f2f024516f9a882966e9ffc,validation
data/datasets/AB-/cluster_5_1788.BMP,AB-,SUBJECT_GROUP_0529,537,537__M_Left_ring_finger.BMP,a07e67ed26e4d3ecf07ab9b3ee4e2dce6643097f9bc92c3fbfac5f26ad4b1eb4,validation
data/datasets/AB-/cluster_5_179.BMP,AB-,SUBJECT_GROUP_0180,180,180__F_Left_thumb_finger.BMP,6dfb6d4dd98807997b3f14e2eccd7b0ec0effd72fd8808390758f31841f04ed4,test
data/datasets/AB-/cluster_5_1792.BMP,AB-,SUBJECT_GROUP_0458,465,465__F_Left_ring_finger.BMP,454fea7d69725f14c5441a6ae1063ec80ac7dd6d263db6a3d8a7a7fe2581ede9,train
data/datasets/AB-/cluster_5_180.BMP,AB-,SUBJECT_GROUP_0201,201,201__F_Left_ring_finger.BMP,917634f2dedc6fd4ce496e0d8c3ababc2f190b44006d552b945d537a1b77fbd8,train
data/datasets/AB-/cluster_5_1831.BMP,AB-,SUBJECT_GROUP_0412,419,419__F_Right_little_finger.BMP,f2cf81e08f2a839534f42b83faff504021d998fe56437a966eba2c3bc1cde7f3,train
data/datasets/AB-/cluster_5_1836.BMP,AB-,SUBJECT_GROUP_0543,551,551__F_Right_index_finger.BMP,3471b807b0c2340800c05bcdaf380b96851451174bbca1b7c69d59c2999d82bc,validation
data/datasets/AB-/cluster_5_1845.BMP,AB-,SUBJECT_GROUP_0446,453,453__F_Left_ring_finger.BMP,1ad5536bb31b313a43156196ea8d78a8701ff8ada549b71ff51f0af416f12e60,train
data/datasets/AB-/cluster_5_1855.BMP,AB-,SUBJECT_GROUP_0537,545,545__M_Right_index_finger.BMP,9ef51270b95d2dac5793433d9fe242c37a08f2128b4652de541ffaf7b493049c,validation
data/datasets/AB-/cluster_5_1861.BMP,AB-,SUBJECT_GROUP_0537,545,545__M_Right_little_finger.BMP,5832145f307860c2fba5f7ec5934e7d0c00ac065e6185fb17263a973e4eb8a75,validation
data/datasets/AB-/cluster_5_1867.BMP,AB-,SUBJECT_GROUP_0029,29,29__F_Right_ring_finger.BMP,5301e9d09e060b209ea7a160843012d282ff648d978e59d9e3d3e1a9bacd6e64,train
data/datasets/AB-/cluster_5_1872.BMP,AB-,SUBJECT_GROUP_0372,378,378__F_Left_little_finger.BMP,a674c3e46a3d969f8f7daf0c345236054d0b7bcbcc703ab87fe40f0894b560e4,train
data/datasets/AB-/cluster_5_190.BMP,AB-,SUBJECT_GROUP_0518,526,526__F_Right_little_finger.BMP,2b469291c13f55705b4922a2e70ea351af3d63d7890a7a36a6afe2cf38222040,train
data/datasets/AB-/cluster_5_1901.BMP,AB-,SUBJECT_GROUP_0084,84,84__M_Left_middle_finger.BMP,73dcf0af1b5af98f233ef9f20171127e66113488bf35a6e107bb37138d0883ea,test
data/datasets/AB-/cluster_5_1913.BMP,AB-,SUBJECT_GROUP_0565,575,575__M_Right_index_finger.BMP,d08c3659cf61dbac3b77fb4234a09fca05e974dfe563a645e04d6be0d5b7353b,validation
data/datasets/AB-/cluster_5_1914.BMP,AB-,SUBJECT_GROUP_0528,536,536__F_Right_ring_finger.BMP,15cefe23357d5e0b9fb2291a7095566aefd563a98612b925be5c9f071dc24ed4,test
data/datasets/AB-/cluster_5_1916.BMP,AB-,SUBJECT_GROUP_0383,389,389__F_Left_little_finger.BMP,0fe6360defe1ff4e5a1bd05bc5b49477085cb0bf3dfab95e10e3f34642787566,train
data/datasets/AB-/cluster_5_1933.BMP,AB-,SUBJECT_GROUP_0497,504,504__M_Right_ring_finger.BMP,deb8092872ca3405289f55b7d18af203eb7cdae614e3e4a182d16d72e530a79f,train
data/datasets/AB-/cluster_5_1936.BMP,AB-,SUBJECT_GROUP_0307,312,312__M_Right_thumb_finger.BMP,e43daf86ad6711ce6e69aaace41134183470f8e48570cb4a07533a132bc4e184,validation
data/datasets/AB-/cluster_5_1949.BMP,AB-,SUBJECT_GROUP_0520,528,528__F_Left_ring_finger.BMP,7ff61887bc20650c372fd08003a5086df63b3041c572b8685395000cde05c23c,train
data/datasets/AB-/cluster_5_1950.BMP,AB-,SUBJECT_GROUP_0529,537,537__M_Right_middle_finger.BMP,c642490d5655d4eb0c9390fbe041e28bd8c7298d9c1f3f256058d3eb8b7c5376,validation
data/datasets/AB-/cluster_5_197.BMP,AB-,SUBJECT_GROUP_0194,194,194__M_Right_little_finger.BMP,1033af4b16677d18daa888bf962f4296983d3203df09547591cd3f501e9f4321,train
data/datasets/AB-/cluster_5_1970.BMP,AB-,SUBJECT_GROUP_0314,319,319__M_Left_ring_finger.BMP,ce07806d7a9c1342c6f0b14d6d71a1f297d4c7086714fb9c53bb5fa6b4afc293,test
data/datasets/AB-/cluster_5_1983.BMP,AB-,SUBJECT_GROUP_0103,103,103__F_Right_ring_finger.BMP,80e42530d95c048e62b328cc4949e5a91ce229cf5aaae24d84d0129ad0a60b5f,train
data/datasets/AB-/cluster_5_1986.BMP,AB-,SUBJECT_GROUP_0064,260,260__M_Left_ring_finger.BMP,64951a5c3a11bd4ba6a40acecfdac0bc330850cd023c2ece80f6f1dba873cd26,validation
data/datasets/AB-/cluster_5_1990.BMP,AB-,SUBJECT_GROUP_0283,288,288__M_Right_middle_finger.BMP,c450affdeba4bb2cde406e1ed794f2e2077fa746025a4ef897f8a6816ea21ff1,train
data/datasets/AB-/cluster_5_1994.BMP,AB-,SUBJECT_GROUP_0453,460,460__M_Left_ring_finger.BMP,8d2d9be55659a54bd961c5d2fd1687364556a3f3507bd78fea2f80a390e43246,test
data/datasets/AB-/cluster_5_2006.BMP,AB-,SUBJECT_GROUP_0143,143,143__M_Right_middle_finger.BMP,a511744b92afb68c007ddbfbfcc4d38b52331db1d4cd01fce7c5a37811062353,train
data/datasets/AB-/cluster_5_2007.BMP,AB-,SUBJECT_GROUP_0018,18,18__M_Left_index_finger.BMP,3ea79234e7b960d05b477616568611d7e97face41836f4ebb2e88d8e8255df8b,validation
data/datasets/AB-/cluster_5_2015.BMP,AB-,SUBJECT_GROUP_0279,284,284__M_Left_little_finger.BMP,c9842b405485d308daf75c6beaaba6c327bf9b69cf7aad152f0171e4d626ef88,train
data/datasets/AB-/cluster_5_2016.BMP,AB-,SUBJECT_GROUP_0430,437,437__M_Left_middle_finger.BMP,30d3c74780fedf649e19c3ace72318c9320f7d6fdc27fec8cb9d9aad2bb514d8,test
data/datasets/AB-/cluster_5_2021.BMP,AB-,SUBJECT_GROUP_0486,493,493__M_Right_ring_finger.BMP,b2b668fafd9d41f35b59ce99c7e423f4e383ba3d9f3461dae62f9cf83871c3da,train
data/datasets/AB-/cluster_5_2024.BMP,AB-,SUBJECT_GROUP_0400,406,406__M_Left_ring_finger.BMP,ef7a89ddd10ebe265e47964f6512c915ec15af52bc1923e877d234b53b7012f4,train
data/datasets/AB-/cluster_5_2025.BMP,AB-,SUBJECT_GROUP_0379,385,385__M_Left_little_finger.BMP,587d964c987a1ea30c79192885d6b30e2bab5ebbdec5ed837cf54111595d3b25,train
data/datasets/AB-/cluster_5_2034.BMP,AB-,SUBJECT_GROUP_0248,252,252__F_Left_middle_finger.BMP,6c8c36f7e31295575e8c505cfd8a59adf73dafd12f045ff38d12eb9980f62a2c,test
data/datasets/AB-/cluster_5_2036.BMP,AB-,SUBJECT_GROUP_0372,378,378__F_Left_ring_finger.BMP,d5279107719e63479ea299468721340b15bf72bd5d0f0909c027ac4402336b58,train
data/datasets/AB-/cluster_5_2051.BMP,AB-,SUBJECT_GROUP_0092,418,418__F_Right_thumb_finger.BMP,e68211760e970ebb371b651fe01699ada06ac98485c1925005d70a1aa6017926,validation
data/datasets/AB-/cluster_5_2052.BMP,AB-,SUBJECT_GROUP_0336,341,341__M_Right_middle_finger.BMP,80253f5f8fd665e227d2c8fc3858333986c4ab568077f99ea6b90cc9a97aeb65,validation
data/datasets/AB-/cluster_5_2055.BMP,AB-,SUBJECT_GROUP_0317,322,322__M_Right_middle_finger.BMP,f12a3f738e8b33029d8d9c57551029b2a920fe9530f1f07682256bf44f8df8a5,train
data/datasets/AB-/cluster_5_2066.BMP,AB-,SUBJECT_GROUP_0423,430,430__F_Right_index_finger.BMP,fe1f05ebfc8462dacdb0f804054be342ff3ea29da41492d5e89f0dc43e6abc52,test
data/datasets/AB-/cluster_5_2069.BMP,AB-,SUBJECT_GROUP_0454,461,461__F_Left_index_finger.BMP,c803015eefb09ef7252674757066539465d119bf9e19e48b9587497715a470ac,train
data/datasets/AB-/cluster_5_2075.BMP,AB-,SUBJECT_GROUP_0415,422,422__M_Left_ring_finger.BMP,8ad0119783f5b918a0d6f55d5284138f69f48b33dd2dd0cea8af2290d3bfe53f,train
data/datasets/AB-/cluster_5_208.BMP,AB-,SUBJECT_GROUP_0305,310,310__M_Right_ring_finger.BMP,29e22228d6b1deee8d55a503373204f994572bd970e6a7cc9995c47dc25d8050,train
data/datasets/AB-/cluster_5_2082.BMP,AB-,SUBJECT_GROUP_0384,390,390__F_Left_ring_finger.BMP,d7579a0fa3a2db7f2e614f4b8f4f2d629fd60c8e7db77998c79e11e2f8915bba,train
data/datasets/AB-/cluster_5_2085.BMP,AB-,SUBJECT_GROUP_0257,262,262__M_Left_little_finger.BMP,63345d4cc8039969a87f1f6467d530552d9bada5f78c78437fe3ed5dc61ec931,train
data/datasets/AB-/cluster_5_2086.BMP,AB-,SUBJECT_GROUP_0487,494,494__F_Left_middle_finger.BMP,5422cc51bf0d31c01a11a59850bdd67b5ca1dcd6e7032ad6b30136c5a793525c,train
data/datasets/AB-/cluster_5_210.BMP,AB-,SUBJECT_GROUP_0395,401,401__M_Right_index_finger.BMP,76872062550c38f221cf85d7375dd77742d4826acc6263f9e0cb3bde9b23c24c,train
data/datasets/AB-/cluster_5_2113.BMP,AB-,SUBJECT_GROUP_0417,424,424__M_Right_index_finger.BMP,f9af0ba56cf8a45d6f3ebbac4a85f3067e45cfed894766a3c070f86d37e3c9fe,validation
data/datasets/AB-/cluster_5_2116.BMP,AB-,SUBJECT_GROUP_0103,103,103__F_Left_ring_finger.BMP,507035c2b924e24ded7d4af3d50f5af6e2849cb54dde2922bf50bcf936d89188,train
data/datasets/AB-/cluster_5_2117.BMP,AB-,SUBJECT_GROUP_0467,474,474__M_Left_middle_finger.BMP,e64433e38fe8d3d288af72503144c28a8ab69e9dc48722fc3e072ed0d1304ab5,train
data/datasets/AB-/cluster_5_2119.BMP,AB-,SUBJECT_GROUP_0200,200,200__M_Right_little_finger.BMP,6de16e1528ddbbe246a755699c1d52694b3ab744076bc87552ba958463e61823,train
data/datasets/AB-/cluster_5_2121.BMP,AB-,SUBJECT_GROUP_0332,337,337__F_Left_little_finger.BMP,99c5a1bd640366dbe6249d8b762a99fbae41217149a829a6a1f2ffa0b1df7a91,train
data/datasets/AB-/cluster_5_2125.BMP,AB-,SUBJECT_GROUP_0504,512,512__M_Right_index_finger.BMP,0f3faa8c45d2def56d1fca6d6a155be714af08ec3fd999fe111811acb5366f1c,train
data/datasets/AB-/cluster_5_214.BMP,AB-,SUBJECT_GROUP_0028,28,28__M_Right_little_finger.BMP,79b91f8343a71aa5d66fac82ddc5835209ab7d11d99e33cb8aeb45c63d301a16,train
data/datasets/AB-/cluster_5_2140.BMP,AB-,SUBJECT_GROUP_0570,581,581__F_Left_ring_finger.BMP,633e1fe8e538df53541959631fbced223bb75c9e6d4bf895908686fcb9aec04b,train
data/datasets/AB-/cluster_5_215.BMP,AB-,SUBJECT_GROUP_0408,414,414__M_Left_ring_finger.BMP,fac7b7c3d0138cd4f576ad0b6e44449a2a61f8abab268d34530d100d94f70054,train
data/datasets/AB-/cluster_5_2155.BMP,AB-,SUBJECT_GROUP_0105,105,105__M_Right_index_finger.BMP,835ba44b1cd64adfe74e2d8866a6d218058219e19bf7434773407dda62ef1e40,train
data/datasets/AB-/cluster_5_2160.BMP,AB-,SUBJECT_GROUP_0240,243,243__M_Left_middle_finger.BMP,9cd41c92eda11394c69ddfad29fad95cfeea4a3c381cfba1c4eb512cb3e1d9f1,test
data/datasets/AB-/cluster_5_2166.BMP,AB-,SUBJECT_GROUP_0110,110,110__F_Right_little_finger.BMP,61deca81a5dc10663b17b6147f8e109bf0399b90fcb663ba84f0e57367adfb2e,train
data/datasets/AB-/cluster_5_2168.BMP,AB-,SUBJECT_GROUP_0514,522,522__M_Left_little_finger.BMP,7becd350c524f4466218b527c48c60366bf4bbba56641cbffd81de108fd1323c,train
data/datasets/AB-/cluster_5_217.BMP,AB-,SUBJECT_GROUP_0408,414,414__M_Left_middle_finger.BMP,4761aa5fe66182813bf692d588b8b3a82d1ee01b7ae990177d0f782d809b8384,train
data/datasets/AB-/cluster_5_219.BMP,AB-,SUBJECT_GROUP_0483,490,490__M_Right_index_finger.BMP,5d94deb43cce774bf4039531d1e6edc10664f20aaeb4ee7a7403e38009a19d08,validation
data/datasets/AB-/cluster_5_220.BMP,AB-,SUBJECT_GROUP_0448,455,455__M_Left_little_finger.BMP,944fd817ec4588256aad7a0deb71ae8b147b1c219e42f3f9f86d1a02576e8bd8,train
data/datasets/AB-/cluster_5_2201.BMP,AB-,SUBJECT_GROUP_0303,308,308__M_Right_ring_finger.BMP,38aa16e2d6e26bdf2004b61fb3278374f18c63e1cca00a6d01f2b50f7038a3b2,train
data/datasets/AB-/cluster_5_2207.BMP,AB-,SUBJECT_GROUP_0109,109,109__F_Left_middle_finger.BMP,104e5aa1112b8b7a948510c9eda19a5de98568d18cbeaeb0646f4354aa1becce,train
data/datasets/AB-/cluster_5_2229.BMP,AB-,SUBJECT_GROUP_0411,417,417__M_Right_ring_finger.BMP,c4b13ae51e6ae12437e733a438bff8bfb0409cb09ccd7b64d67b15596f762426,train
data/datasets/AB-/cluster_5_224.BMP,AB-,SUBJECT_GROUP_0515,523,523__F_Right_index_finger.BMP,32151801dc53539d2872c034401432ecc31d0199dec257117aa2101fcbab42ae,train
data/datasets/AB-/cluster_5_2255.BMP,AB-,SUBJECT_GROUP_0098,98,98__M_Right_index_finger.BMP,fb2f435de4d291b71d3a8432c407a971614839183b0bc8d216b475d4609e727a,test
data/datasets/AB-/cluster_5_226.BMP,AB-,SUBJECT_GROUP_0105,105,105__M_Left_index_finger.BMP,ef5819cc76686c2b966ab2a9513128ac384c43c34fce06b41a0a4ffcac708b52,train
data/datasets/AB-/cluster_5_2260.BMP,AB-,SUBJECT_GROUP_0099,99,99__M_Left_little_finger.BMP,f4162a032819916b19f1c97e099bf8798b09fe06a0fef86c48c4e9334223986a,train
data/datasets/AB-/cluster_5_2262.BMP,AB-,SUBJECT_GROUP_0535,543,543__M_Right_index_finger.BMP,f2bed7dcbd2ce94e6bb4285e0db0c48869777c60ecd6d465c3bc1abb0b844703,train
data/datasets/AB-/cluster_5_2277.BMP,AB-,SUBJECT_GROUP_0084,84,84__M_Left_index_finger.BMP,4349512ea73053c4ecd7d1dbe970b33ede22e6786b4d93313ce0a583a5747ab1,test
data/datasets/AB-/cluster_5_2292.BMP,AB-,SUBJECT_GROUP_0565,575,575__M_Right_little_finger.BMP,33c3f7a6b18614f7d1428c532188821751876d491779e1531ec6cc648fee6adb,validation
data/datasets/AB-/cluster_5_2293.BMP,AB-,SUBJECT_GROUP_0297,302,302__M_Left_little_finger.BMP,d25d8402c90c28466ad99635148b5bf0fe7bd0848db06ba686d4c5bccc12a75e,train
data/datasets/AB-/cluster_5_2302.BMP,AB-,SUBJECT_GROUP_0332,337,337__F_Left_middle_finger.BMP,9b7bab5766ddbdf4d1f30a384cd10ec41e360098e045260e256141c84464df78,train
data/datasets/AB-/cluster_5_2319.BMP,AB-,SUBJECT_GROUP_0477,484,484__M_Right_little_finger.BMP,4e1b53c3142c1e1b47ac5de09fd42f1fe22fc29e90a5fb512e74d16a77d45a08,train
data/datasets/AB-/cluster_5_2325.BMP,AB-,SUBJECT_GROUP_0397,403,403__M_Right_index_finger.BMP,c4865620f1226abe9f7faffa468ea1f4059e3a853a7c435661a39970d12d74b2,test
data/datasets/AB-/cluster_5_233.BMP,AB-,SUBJECT_GROUP_0279,284,284__M_Right_index_finger.BMP,2ed00ac47f665c7aedcdf3b0aba8ca0a5a956a191a32cee07f95321751197cd0,train
data/datasets/AB-/cluster_5_2343.BMP,AB-,SUBJECT_GROUP_0136,136,136__F_Left_little_finger.BMP,29bc01a8c2c8d48ead53ef0cb7dffdfdf749eb7b52d4119457f40ddf44932829,train
data/datasets/AB-/cluster_5_2345.BMP,AB-,SUBJECT_GROUP_0335,340,340__M_Left_ring_finger.BMP,22fffe3e9ec6f3020a39087c53ecaef6eb37a06249a9216a45283d058dcd0b24,validation
data/datasets/AB-/cluster_5_2347.BMP,AB-,SUBJECT_GROUP_0550,560;585,560__F_Left_little_finger.BMP;585__M_Left_little_finger.BMP,e9643730e17108c626de7d1881cc7f8340d1ebe6c54644366df78fcebb0f8489,test
data/datasets/AB-/cluster_5_2348.BMP,AB-,SUBJECT_GROUP_0459,466,466__F_Left_middle_finger.BMP,12ef6563a39c6cd016a8189b691465575a6753b68b6dc530d8e976f73febe43c,test
data/datasets/AB-/cluster_5_2354.BMP,AB-,SUBJECT_GROUP_0142,142,142__F_Left_ring_finger.BMP,c026c77b2eb65d69bb9bc7486488ae5a9e194bfa137e6da53d013342a747f262,train
data/datasets/AB-/cluster_5_2364.BMP,AB-,SUBJECT_GROUP_0222,225,225__M_Left_little_finger.BMP,bb26eb0c0e9658a25c54f34f1fc6aa8f3c14c2b478dc9fa1ae83e6ccc76b35cc,validation
data/datasets/AB-/cluster_5_2367.BMP,AB-,SUBJECT_GROUP_0179,179,179__M_Right_little_finger.BMP,e262d0481516695cef91f59165befb308ba90d81af30309575f7068e1ab1fd95,train
data/datasets/AB-/cluster_5_2381.BMP,AB-,SUBJECT_GROUP_0381,387,387__F_Right_middle_finger.BMP,776aa7a89e1ff9e560720ecd90ea43c5ab4605df0393092741fab13dd29b1bef,validation
data/datasets/AB-/cluster_5_2382.BMP,AB-,SUBJECT_GROUP_0295,300,300__F_Right_middle_finger.BMP,ba815f13b5e82e6619be263da3b65d7217bba05f07ced023a6d67a61028277f9,test
data/datasets/AB-/cluster_5_240.BMP,AB-,SUBJECT_GROUP_0062,62,62__M_Left_ring_finger.BMP,6ae2b4154e052263e050394a6e7d6224ec6039a2a3ca0657b60e35529de3020b,train
data/datasets/AB-/cluster_5_2410.BMP,AB-,SUBJECT_GROUP_0199,199,199__M_Left_index_finger.BMP,08e20a4942eadae994d60e77ebdd623a379daf578c0dc2bdfedb8aaf45d313a9,train
data/datasets/AB-/cluster_5_2416.BMP,AB-,SUBJECT_GROUP_0006,6,6__M_Right_index_finger.BMP,71f2ee9853f0b1e18e6447afa0d32a2ec361dcad971fdb083e8ff04f7eec4ad6,train
data/datasets/AB-/cluster_5_2417.BMP,AB-,SUBJECT_GROUP_0157,157,157__M_Left_middle_finger.BMP,4291e06648c65a3ca7507d83c6a483fc83f7643d2f051e8c1bd73eea1f8a06e7,train
data/datasets/AB-/cluster_5_2421.BMP,AB-,SUBJECT_GROUP_0130,130,130__F_Left_middle_finger.BMP,a3ec38b637741f72abb15b56966be6dc654ddb663b8e0b57c380801252543d79,train
data/datasets/AB-/cluster_5_2423.BMP,AB-,SUBJECT_GROUP_0286,291,291__M_Right_index_finger.BMP,63c0022f141f496df606945477eb35bc8db560e52fb10fb4ab19437db3751155,train
data/datasets/AB-/cluster_5_243.BMP,AB-,SUBJECT_GROUP_0486,493,493__M_Right_index_finger.BMP,7229702319841e74f234bb250513c6bcacedab5b583beea375150bf48be525a6,train
data/datasets/AB-/cluster_5_2430.BMP,AB-,SUBJECT_GROUP_0259,264,264__M_Left_middle_finger.BMP,a0e637faf17d1279fa56de7102b065a94eecbb900609a6bf2cba702ecb29a814,train
data/datasets/AB-/cluster_5_2432.BMP,AB-,SUBJECT_GROUP_0431,438,438__M_Left_little_finger.BMP,749aa347b61c3802b5a0f1b3bd13266c04d99ae3f0f9a4f3bca1ad2735288781,train
data/datasets/AB-/cluster_5_2433.BMP,AB-,SUBJECT_GROUP_0248,252,252__F_Left_little_finger.BMP,f91493e125c3c71e4bd281f5d614e88373669eb2aae628fe01bd0e6a6b413bcd,test
data/datasets/AB-/cluster_5_244.BMP,AB-,SUBJECT_GROUP_0045,45,45__M_Right_index_finger.BMP,94678d0363050e89ce93a8ddba3f3d33163a20a012328d25c1e563cd05c1880e,train
data/datasets/AB-/cluster_5_2443.BMP,AB-,SUBJECT_GROUP_0072,72,72__M_Right_index_finger.BMP,57b23b522ff4081e2f9646fa46b840042c45d55bf6d3ebc84536d88a6137ea01,train
data/datasets/AB-/cluster_5_2457.BMP,AB-,SUBJECT_GROUP_0092,92,92__F_Left_index_finger.BMP,e8d8cef00c0f59c60cb98f4c05360e8544833fad5b343462a7439822343ebba2,validation
data/datasets/AB-/cluster_5_2478.BMP,AB-,SUBJECT_GROUP_0027,27,27__M_Left_ring_finger.BMP,566840d5848860a7eb718e0b6b183ddaccc96207fea41cf69b70996afb0f85e6,train
data/datasets/AB-/cluster_5_248.BMP,AB-,SUBJECT_GROUP_0263,268,268__M_Right_index_finger.BMP,fe06fbaa295f71026a7a2bac387399efecb92ff6ac009302c2840345bb50d569,train
data/datasets/AB-/cluster_5_2485.BMP,AB-,SUBJECT_GROUP_0189,189,189__F_Left_middle_finger.BMP,17ffef2c9fad9305256ece555f63216acfe47d5a8e774c95eccfa99e27ea1369,train
data/datasets/AB-/cluster_5_2487.BMP,AB-,SUBJECT_GROUP_0088,88,88__F_Right_index_finger.BMP,f47029f208a6b4fe7c5f395e32a245602074c137db8e5feaecbdb7850374e0f9,validation
data/datasets/AB-/cluster_5_2499.BMP,AB-,SUBJECT_GROUP_0470,477,477__M_Left_ring_finger.BMP,89a4b345073057f5bf236adcfaef92cd9138da5b81d076450fbf8657e0487a05,train
data/datasets/AB-/cluster_5_2509.BMP,AB-,SUBJECT_GROUP_0473,480,480__M_Right_ring_finger.BMP,c504ff1df984795489f8b50e5a0bb0189051be0e0b126973985156eab9c3d8b5,validation
data/datasets/AB-/cluster_5_2515.BMP,AB-,SUBJECT_GROUP_0072,72,72__M_Right_ring_finger.BMP,aa57a524d0ec72abe7d0ca9a004c881b7b7cdf42b6d4f4ef3a449b94e61732a0,train
data/datasets/AB-/cluster_5_253.BMP,AB-,SUBJECT_GROUP_0204,206,206__M_Left_middle_finger.BMP,0adcd6e0d9519360650fc4b5ec31cb6712c78eac378ada8884092e9a36d5a3df,validation
data/datasets/AB-/cluster_5_2532.BMP,AB-,SUBJECT_GROUP_0129,129,129__M_Left_middle_finger.BMP,fa605ad3a3b41b6be8547d8010cc1ebb943fdcf2790508389036f0af4a7a5581,train
data/datasets/AB-/cluster_5_2539.BMP,AB-,SUBJECT_GROUP_0093,93,93__M_Right_little_finger.BMP,fb50ba292f1440864399ff5512ad121b9e5415ad95debb3a4e3c20fd650738f9,train
data/datasets/AB-/cluster_5_2542.BMP,AB-,SUBJECT_GROUP_0448,455,455__M_Left_ring_finger.BMP,e61b76f1fca4aae0b37b07cbf8bbf32587db8bf0959d32d7a20411240c1b2107,train
data/datasets/AB-/cluster_5_2546.BMP,AB-,SUBJECT_GROUP_0279,284,284__M_Left_ring_finger.BMP,b95dcefdc58568e3a4452e363423dd2b5ff33c2d82189baefb4f03ca7e596291,train
data/datasets/AB-/cluster_5_2547.BMP,AB-,SUBJECT_GROUP_0052,52,52__M_Right_little_finger.BMP,bb16ed191fe8e92c932f48d8403237beaf3cfe5eb103e47d553f2296d65d589b,train
data/datasets/AB-/cluster_5_2558.BMP,AB-,SUBJECT_GROUP_0280,285,285__M_Right_middle_finger.BMP,b159181d7bb29ec1091bedd33584dabd5f8de99633d37ac3143aad35b9330656,train
data/datasets/AB-/cluster_5_2560.BMP,AB-,SUBJECT_GROUP_0272,277,277__M_Right_little_finger.BMP,3c0f835dd289723ee5e7ca440c42af134f3cad6ede1601aba1becc3f53789b7f,train
data/datasets/AB-/cluster_5_2563.BMP,AB-,SUBJECT_GROUP_0562,572,572__F_Left_ring_finger.BMP,f13b0af0029e3b3ab34e7db1176dba5c948453f6663c2488b88814948e2aa255,validation
data/datasets/AB-/cluster_5_2564.BMP,AB-,SUBJECT_GROUP_0115,115,115__F_Left_ring_finger.BMP,43a28efe10faf55ed235fef213026a4a148e1d7721ac39340f786a9bb27729a0,train
data/datasets/AB-/cluster_5_2567.BMP,AB-,SUBJECT_GROUP_0467,474,474__M_Right_index_finger.BMP,86343a03b0993e00ff4814f4828ef7502911d27ad664be9d2b88284992748559,train
data/datasets/AB-/cluster_5_2569.BMP,AB-,SUBJECT_GROUP_0029,29,29__F_Right_middle_finger.BMP,32bd91d849d5c2afce31d98f1ee54eb494da79ab848077d724ffd224bbc49bfa,train
data/datasets/AB-/cluster_5_2571.BMP,AB-,SUBJECT_GROUP_0179,179,179__M_Right_ring_finger.BMP,c06263e31bc726221e672855440666cc6c4cec28a1830d2c252e7f15160b1413,train
data/datasets/AB-/cluster_5_258.BMP,AB-,SUBJECT_GROUP_0473,480,480__M_Left_middle_finger.BMP,cf90bf52d9c4196815977b7f470b130d5a924c8589a0d25dcf4ae5a0f6eccc61,validation
data/datasets/AB-/cluster_5_2581.BMP,AB-,SUBJECT_GROUP_0450,457,457__M_Left_ring_finger.BMP,3eda8009ce855227e2751b43e557de5e5b0903a1a5c91b8fc74c94af1b627d4f,validation
data/datasets/AB-/cluster_5_2583.BMP,AB-,SUBJECT_GROUP_0404,410,410__M_Left_little_finger.BMP,881a827e44fa5420813d6050e3fa2c07fb1b37c57bae546241eb1bd713551275,train
data/datasets/AB-/cluster_5_2584.BMP,AB-,SUBJECT_GROUP_0177,177,177__F_Left_ring_finger.BMP,f5d124bb02677aaf0080686129e9a9dd0ec38329143200d764eea49c0917045a,train
data/datasets/AB-/cluster_5_2589.BMP,AB-,SUBJECT_GROUP_0587,600,600__M_Left_index_finger.BMP,9984bdd493eda4c1b9de875b743fbc2e19c0294d92b07044ec54b81e96022afd,train
data/datasets/AB-/cluster_5_2590.BMP,AB-,SUBJECT_GROUP_0248,252,252__F_Right_middle_finger.BMP,9511b59a1bcb22a3c62d512f7a0b0cf746dbad65300372c635bfab35c7b8a280,test
data/datasets/AB-/cluster_5_2594.BMP,AB-,SUBJECT_GROUP_0388,394,394__M_Right_ring_finger.BMP,2ddde7c3d7681ffffd706879b4c6dd267f34f4940afb8342eefc5175068730d6,train
data/datasets/AB-/cluster_5_2599.BMP,AB-,SUBJECT_GROUP_0192,192,192__M_Right_middle_finger.BMP,6fd3d04690fba933165888d72ac91f4c39a5c3d42295d6f7f0eda45b4b5d5ec7,validation
data/datasets/AB-/cluster_5_2600.BMP,AB-,SUBJECT_GROUP_0344,349,349__M_Right_ring_finger.BMP,d80265c0099c2ff72e39c454dcc5e6d0641720798fa4931f615de923a980f9ec,train
data/datasets/AB-/cluster_5_2605.BMP,AB-,SUBJECT_GROUP_0258,263,263__F_Left_ring_finger.BMP,cb97efa057d49d6f117481b3d845b655abaa653205a14c06f92a57a7dd8d7ff2,train
data/datasets/AB-/cluster_5_2626.BMP,AB-,SUBJECT_GROUP_0581,594,594__M_Left_ring_finger.BMP,64389e6d910d4ea82ae8bf48c02236f53cb374125cb79ed1c2307fbc67762455,test
data/datasets/AB-/cluster_5_2641.BMP,AB-,SUBJECT_GROUP_0310,315,315__F_Left_ring_finger.BMP,2a42ab36125f4aac135c905ed0ab2af7ad6d16ada45337bbd4343d0be4c9bf94,train
data/datasets/AB-/cluster_5_2646.BMP,AB-,SUBJECT_GROUP_0459,466,466__F_Left_ring_finger.BMP,8d25304e417187a266278b4d6346cc66185c5882bc0b03024ed245a79aa7de8a,test
data/datasets/AB-/cluster_5_2649.BMP,AB-,SUBJECT_GROUP_0352,357,357__M_Right_index_finger.BMP,1dac1b6958a596e20fc27a0008593a32f3e1f0cefbd87809f2d0ba6dd6e6d418,train
data/datasets/AB-/cluster_5_2652.BMP,AB-,SUBJECT_GROUP_0307,312,312__M_Right_middle_finger.BMP,7782c7e93ecdfc146e9bf29f888f1bb5cc671c1000501c1590dd9aba7688fcd5,validation
data/datasets/AB-/cluster_5_266.BMP,AB-,SUBJECT_GROUP_0213,215,215__M_Right_index_finger.BMP,0ba54d188a93e301098ddfa1c35ea70f1aef9694a865035845f51ff88c19ddc1,train
data/datasets/AB-/cluster_5_2664.BMP,AB-,SUBJECT_GROUP_0380,386,386__M_Left_little_finger.BMP,3366b3e70106e6f0561c1de99adaaf04bb621861a1ff84a0efe99a90dd72b3be,train
data/datasets/AB-/cluster_5_2669.BMP,AB-,SUBJECT_GROUP_0400,406,406__M_Left_little_finger.BMP,5c3a9679ac731530853b2671b9594ff54bd0aacbad34398b0c67eb30813ed653,train
data/datasets/AB-/cluster_5_2682.BMP,AB-,SUBJECT_GROUP_0109,109,109__F_Left_little_finger.BMP,5fa4b6c56e42d44e78da749135b3f66523444cdddeefda801b3a9d7ad018eadc,train
data/datasets/AB-/cluster_5_2706.BMP,AB-,SUBJECT_GROUP_0313,318,318__F_Right_index_finger.BMP,fd1bd599b8fa21657a19aa83ac1cd79cfc80f9e8ea055128c25cfeb9d28f7e4f,test
data/datasets/AB-/cluster_5_2711.BMP,AB-,SUBJECT_GROUP_0082,82,82__M_Left_index_finger.BMP,e74745f74d72c51e1b0ae933103135ecc83f9ed07fc5d4173cc00ee3a5d7821d,validation
data/datasets/AB-/cluster_5_2712.BMP,AB-,SUBJECT_GROUP_0097,97,97__M_Right_little_finger.BMP,2eb65fc6a5e59779a96556a9fdf4a88561ee5d44521b92a4758b50319a630c26,train
data/datasets/AB-/cluster_5_2728.BMP,AB-,SUBJECT_GROUP_0246,250,250__F_Right_ring_finger.BMP,edc2a9a64c3f73557b9b37b7a1fc51669edd44473fa0608cc06d1fafdd17fcdc,train
data/datasets/AB-/cluster_5_2736.BMP,AB-,SUBJECT_GROUP_0582,595,595__M_Right_little_finger.BMP,f3ee5d8dad552c8e9e0d83f016bfba566b1c554465ebc858895a764d64988f8b,validation
data/datasets/AB-/cluster_5_2739.BMP,AB-,SUBJECT_GROUP_0500,507,507__M_Left_ring_finger.BMP,46acbe7e28e6f103f62ff4bd7c8b2e6cfe5774f4ec41fec716c6163661fd1a47,train
data/datasets/AB-/cluster_5_2762.BMP,AB-,SUBJECT_GROUP_0550,585,585__M_Left_middle_finger.BMP,d2a1bab32db9fe58955ed76877802c0275b2643a4b308daa1899ed167b9a524e,test
data/datasets/AB-/cluster_5_277.BMP,AB-,SUBJECT_GROUP_0254,258,258__M_Left_index_finger.BMP,187d8ab3fa86600ca1d06232d9a4b3b743897ac581ab9de03cce9f6221c4c75d,train
data/datasets/AB-/cluster_5_2771.BMP,AB-,SUBJECT_GROUP_0418,425,425__M_Left_little_finger.BMP,18464d346657f77b4534d137cab7a455717c171488779e634ee50830f4670cc3,train
data/datasets/AB-/cluster_5_2777.BMP,AB-,SUBJECT_GROUP_0187,187,187__M_Left_index_finger.BMP,dc776875fb714ed473ba1d4791cd16d21554dd0f319aecbfd8aba74efe84cc57,train
data/datasets/AB-/cluster_5_2779.BMP,AB-,SUBJECT_GROUP_0179,179,179__M_Right_index_finger.BMP,3ef3b7a71e118d9a81393339b7a90d803bd29337d70550aead6de7fcafb3cac7,train
data/datasets/AB-/cluster_5_2792.BMP,AB-,SUBJECT_GROUP_0078,78,78__F_Right_ring_finger.BMP,8285373079c080e25665578f4353e3c8d3066f0fa74a3c42d2e0c0caf788d7a8,train
data/datasets/AB-/cluster_5_2795.BMP,AB-,SUBJECT_GROUP_0115,115,115__F_Right_middle_finger.BMP,a0006beb631b2a7ad34d9c9a49f67becb90bd399ab45f22759020741cb3424db,train
data/datasets/AB-/cluster_5_281.BMP,AB-,SUBJECT_GROUP_0526,534,534__F_Left_little_finger.BMP,8ad01c2546926bda2f3038711a4bdbed881c969833b291492c0a024ca6c32c58,train
data/datasets/AB-/cluster_5_2814.BMP,AB-,SUBJECT_GROUP_0545,555,555__M_Left_middle_finger.BMP,bbec27adf9bc462448ec9b94e434f6a33e08d40c4fc4047b0f5dff256b578ee3,train
data/datasets/AB-/cluster_5_2823.BMP,AB-,SUBJECT_GROUP_0537,545,545__M_Right_middle_finger.BMP,ba8c84e41eccff79befc0fd2012c06d77c87876b0251ae2d14e7db72a3f456aa,validation
data/datasets/AB-/cluster_5_2825.BMP,AB-,SUBJECT_GROUP_0209,211,211__M_Right_index_finger.BMP,f581bae9dacfb55e498b1b013c964ff0fc60fec5c0614d62d431aac2501f1f85,train
data/datasets/AB-/cluster_5_2830.BMP,AB-,SUBJECT_GROUP_0247,251,251__M_Right_thumb_finger.BMP,f163d3fe94d32410746273a3a7ddafb74df1370b80e1dbc065191b9200e48c27,validation
data/datasets/AB-/cluster_5_2835.BMP,AB-,SUBJECT_GROUP_0122,122,122__M_Left_ring_finger.BMP,53c9895dd92a8c89c0baae8fd3c75af5c487cfc2c0519c2aa044a2b3b7d84b9f,test
data/datasets/AB-/cluster_5_2869.BMP,AB-,SUBJECT_GROUP_0479,486,486__M_Right_index_finger.BMP,3742fbf4bd186d4b04803866de6f424977c08ade5f032b384140cb5669320208,train
data/datasets/AB-/cluster_5_2886.BMP,AB-,SUBJECT_GROUP_0223,226,226__M_Left_ring_finger.BMP,ffcd2341682dbbc7a85fa25d88aca9c85daec0106de4c77246b1172f18e17112,validation
data/datasets/AB-/cluster_5_2890.BMP,AB-,SUBJECT_GROUP_0405,411,411__M_Left_middle_finger.BMP,0e52d63d85a7f75bc852c974b3c33aca194a33a0e9842abb232121050da9a859,train
data/datasets/AB-/cluster_5_2893.BMP,AB-,SUBJECT_GROUP_0205,207,207__M_Left_little_finger.BMP,a8d60e0ce04a64fd1bea3fcb902b4eed1b8a530732f0c0f9220769038d515ac7,validation
data/datasets/AB-/cluster_5_2898.BMP,AB-,SUBJECT_GROUP_0076,76,76__F_Left_little_finger.BMP,4829babffc63ff61e274059c4752f8c04a498d2a4a051c8116b6e7a2ad8a716a,train
data/datasets/AB-/cluster_5_2899.BMP,AB-,SUBJECT_GROUP_0551,561,561__M_Left_little_finger.BMP,cd9e575f0b1add28ebdd1f548c194dfa537673acb14193d4c6ba0ff80a720728,train
data/datasets/AB-/cluster_5_2905.BMP,AB-,SUBJECT_GROUP_0549,559,559__M_Right_index_finger.BMP,3f310228a2c250b64daf9e52c0eaa6cbfc2cad389cd5ddd0356fea96f4f9b9a5,train
data/datasets/AB-/cluster_5_2907.BMP,AB-,SUBJECT_GROUP_0297,302,302__M_Right_ring_finger.BMP,10e1fda1f366fc2472aa32dc5be719259e7bbf4f613ceb1a912711eccfa85faf,train
data/datasets/AB-/cluster_5_2914.BMP,AB-,SUBJECT_GROUP_0236,239,239__M_Left_index_finger.BMP,bae9512f879c5bb48a6f569fded86860f1a2cb441cd76cedf18219b350db77aa,train
data/datasets/AB-/cluster_5_2921.BMP,AB-,SUBJECT_GROUP_0187,187,187__M_Right_index_finger.BMP,ec683c47c8483094ec9ae8b98390d14073cd690b5c65dcd5d09daf26182ac1be,train
data/datasets/AB-/cluster_5_2925.BMP,AB-,SUBJECT_GROUP_0333,338,338__M_Right_little_finger.BMP,13a2f5469096b4a54ce8f7410a4c67f475a90c029e94dc0b90182476a7ff2f78,validation
data/datasets/AB-/cluster_5_293.BMP,AB-,SUBJECT_GROUP_0113,113,113__M_Left_ring_finger.BMP,89a0c89c20d4bb426128a4e92a9a255568863bd0b95ba961d6cf41e798d77c13,train
data/datasets/AB-/cluster_5_294.BMP,AB-,SUBJECT_GROUP_0232,235,235__M_Left_ring_finger.BMP,3a277b159b11c1f7caead74e7e4ddbfd2c7bc73a1a8398d05e37b4232bde40c7,train
data/datasets/AB-/cluster_5_2958.BMP,AB-,SUBJECT_GROUP_0246,250,250__F_Right_index_finger.BMP,38094c004232db4737bb6fcb033d87e4d10579b344ed6a276c2786f61458fcbd,train
data/datasets/AB-/cluster_5_2969.BMP,AB-,SUBJECT_GROUP_0343,348,348__F_Right_middle_finger.BMP,9d824cdba6e2794273a4c5fadfd1273b70b40dc4f0a49c3d40ff8da6555027e7,train
data/datasets/AB-/cluster_5_2975.BMP,AB-,SUBJECT_GROUP_0388,394,394__M_Right_middle_finger.BMP,65f6d275256ca8f8dd978fee6c355ed167a0c5fae9318e41249574c8c88ed998,train
data/datasets/AB-/cluster_5_2989.BMP,AB-,SUBJECT_GROUP_0087,87,87__M_Right_little_finger.BMP,d3d33a68086fc9d290ceb4a4c1842e9f129158e5a1325f0857b05510446ef74f,train
data/datasets/AB-/cluster_5_299.BMP,AB-,SUBJECT_GROUP_0078,78,78__F_Left_index_finger.BMP,5462ca9eba98bec720ac2ec5d54399405c93230a210c65a0ddfb9b06a2ab4ac3,train
data/datasets/AB-/cluster_5_2993.BMP,AB-,SUBJECT_GROUP_0512,520,520__M_Left_index_finger.BMP,864b84f7ee0ce39db50c3f106b40d56c23d77db34568a5c81e7b79674ce622df,train
data/datasets/AB-/cluster_5_2999.BMP,AB-,SUBJECT_GROUP_0184,184,184__M_Right_index_finger.BMP,7568829d597d4b51cc3ba3d1d49d288dd2f148efb881f9b0154a042b2e5ebf75,train
data/datasets/AB-/cluster_5_3007.BMP,AB-,SUBJECT_GROUP_0297,302,302__M_Left_ring_finger.BMP,ac0044e75b55a4d23baf482f0960ec16ffb7c8c9c4e52b941c83e2722dda8a35,train
data/datasets/AB-/cluster_5_3008.BMP,AB-,SUBJECT_GROUP_0312,317,317__M_Left_ring_finger.BMP,5a6a3fde065ea9481034e99b5e0fe7f2bce87b2b2bad64e9b61d899c5f47b66d,validation
data/datasets/AB-/cluster_5_3051.BMP,AB-,SUBJECT_GROUP_0472,479,479__F_Left_middle_finger.BMP,4f3fe27da47d1354d532e049e77f67edc27a69401212916dbdfeb028f3f3cc43,train
data/datasets/AB-/cluster_5_3057.BMP,AB-,SUBJECT_GROUP_0164,164,164__M_Right_middle_finger.BMP,29bb2ad821037c198b7ce8b5bb2daa65323295655e57b52c79b54339018d8851,train
data/datasets/AB-/cluster_5_3063.BMP,AB-,SUBJECT_GROUP_0435,442,442__F_Left_index_finger.BMP,c54df977e918196880618d337f28a05a2d601aa7808a20a1501f6d01627343ac,validation
data/datasets/AB-/cluster_5_3074.BMP,AB-,SUBJECT_GROUP_0231,234,234__M_Left_ring_finger.BMP,632f6f9219534af7d62088aac3edf15ce70fb1c366523c98e8e795b4c08f4afc,train
data/datasets/AB-/cluster_5_3080.BMP,AB-,SUBJECT_GROUP_0551,561,561__M_Right_middle_finger.BMP,a971ed381c45f80c6e85e9aeb9b8c46245798aba3c80137ba03ee9a44cca007e,train
data/datasets/AB-/cluster_5_3082.BMP,AB-,SUBJECT_GROUP_0287,292,292__M_Left_index_finger.BMP,8ae2395fe42785e6ad44b6a5a6d2cad188d17cf5b4fabbe7eb54ff97089decf8,validation
data/datasets/AB-/cluster_5_31.BMP,AB-,SUBJECT_GROUP_0251,255,255__M_Left_little_finger.BMP,20a9b3d9cbaa565de465fa7366a4d7c9a6bd756a25d44a911bf39232b4cd24a0,train
data/datasets/AB-/cluster_5_312.BMP,AB-,SUBJECT_GROUP_0333,338,338__M_Right_index_finger.BMP,269046f58139913d81e5b243915d46ec8d9f267f6207d632a664b236e88b8500,validation
data/datasets/AB-/cluster_5_3129.BMP,AB-,SUBJECT_GROUP_0214,216,216__M_Left_ring_finger.BMP,e48cf18841777b9c0981d0e634a192c304bd32a2d00c3c125d6d9dbd76cea477,train
data/datasets/AB-/cluster_5_3135.BMP,AB-,SUBJECT_GROUP_0200,200,200__M_Left_index_finger.BMP,90192c37d7c3a2f76ce2c398240ae267d4b631df1fcfccc7221f2bd5d030fa47,train
data/datasets/AB-/cluster_5_314.BMP,AB-,SUBJECT_GROUP_0494,501,501__M_Right_index_finger.BMP,43e8f9a73011dd05e58744cb2f6a406e74be6f0e50072ebdf7dfebeefd8e8929,train
data/datasets/AB-/cluster_5_315.BMP,AB-,SUBJECT_GROUP_0280,285,285__M_Right_index_finger.BMP,d1be5accb49e32c43ee7b99e67d267e47663885bae3d13b0f8f277f23f488a02,train
data/datasets/AB-/cluster_5_3157.BMP,AB-,SUBJECT_GROUP_0068,68,68__M_Left_ring_finger.BMP,5feefb72b240cb7dbf68e0865e6b9f0e114f243f4aaace46261f9d6bca4a59fe,test
data/datasets/AB-/cluster_5_317.BMP,AB-,SUBJECT_GROUP_0495,502,502__F_Right_middle_finger.BMP,f7f95822dcd674c224169339034d53030e125e9be2a2a46f7bb15204843317ba,train
data/datasets/AB-/cluster_5_318.BMP,AB-,SUBJECT_GROUP_0408,414,414__M_Right_index_finger.BMP,32a75b079ae276b8c23ded34a9e4e5acb4c79a166f1630d2117537b7d3b74d9b,train
data/datasets/AB-/cluster_5_3182.BMP,AB-,SUBJECT_GROUP_0256,261,261__M_Left_ring_finger.BMP,a1bd6cad08d4b499cc907b6f51a1baf255bfff8544a55f23427b05847bea9325,validation
data/datasets/AB-/cluster_5_3188.BMP,AB-,SUBJECT_GROUP_0176,176,176__M_Right_ring_finger.BMP,4194ae110ce4da27601ea4fbabec97b1ffc72dc6e18a123ad31ac491e463c13d,test
data/datasets/AB-/cluster_5_3192.BMP,AB-,SUBJECT_GROUP_0489,496,496__M_Left_middle_finger.BMP,fb3d77c9de69b71722d60516791d61d7529f034343dde394646d79617e4ad016,train
data/datasets/AB-/cluster_5_3197.BMP,AB-,SUBJECT_GROUP_0586,599,599__M_Right_index_finger.BMP,c3b5722f199a67be0b5f36cee5f9c0554736cc6a2e8f93173a18069ff909568f,validation
data/datasets/AB-/cluster_5_3204.BMP,AB-,SUBJECT_GROUP_0543,551,551__F_Left_ring_finger.BMP,e2cd4c0a81c153ff1f0b2d9c3847217eeb122da3a2b3db1e656167259d002a0a,validation
data/datasets/AB-/cluster_5_3247.BMP,AB-,SUBJECT_GROUP_0477,484,484__M_Right_index_finger.BMP,88564051a02beaf3c20391e004d0e9fd173d4f61d76f5a4f8f5a15243b2f1e7e,train
data/datasets/AB-/cluster_5_3266.BMP,AB-,SUBJECT_GROUP_0256,261,261__M_Left_middle_finger.BMP,2457c6de7284f9f224fc7c1e8fb4d06f8361e823e8a7564411e9e784ff2309de,validation
data/datasets/AB-/cluster_5_3268.BMP,AB-,SUBJECT_GROUP_0442,449,449__F_Left_index_finger.BMP,d90a811c1831f1e16770ee1d406dd503ee82cac344da0d103f4ffe49e09d44f8,train
data/datasets/AB-/cluster_5_3273.BMP,AB-,SUBJECT_GROUP_0495,502,502__F_Left_little_finger.BMP,f2ba36f1566fa260c17dd634d48ace9531d20132f152067a1c2bc55516dc66f8,train
data/datasets/AB-/cluster_5_3277.BMP,AB-,SUBJECT_GROUP_0517,525,525__M_Left_little_finger.BMP,cd32b5919d1324054e372931c9a3b29da015428e284bf397cd5b1a6abe1c15b9,train
data/datasets/AB-/cluster_5_3282.BMP,AB-,SUBJECT_GROUP_0295,300,300__F_Right_ring_finger.BMP,bf5c4eae67f2a6f2cab39038c7179b898a17189ceb904ef9d2d765f10ad1ad74,test
data/datasets/AB-/cluster_5_3294.BMP,AB-,SUBJECT_GROUP_0250,254,254__M_Left_middle_finger.BMP,c8b6c05d38e6da125377b224994dbca7eb8960fc9e5ea87579aa97dcd342a7f8,validation
data/datasets/AB-/cluster_5_330.BMP,AB-,SUBJECT_GROUP_0335,340,340__M_Left_little_finger.BMP,2afa107e5dc9cf94e6d5311e45bba019c5b0565d1cfa70ac38002d93fed3b033,validation
data/datasets/AB-/cluster_5_3304.BMP,AB-,SUBJECT_GROUP_0336,341,341__M_Left_middle_finger.BMP,3456023499ccdc48e7259bcd5d73a0fa18022e54a52c62d0e00dab4f188ff8d9,validation
data/datasets/AB-/cluster_5_3306.BMP,AB-,SUBJECT_GROUP_0400,406,406__M_Left_index_finger.BMP,6306e6c734002bf1766c1d2c67f21ef27f2220a908f755f15c844e966a8bd000,train
data/datasets/AB-/cluster_5_3310.BMP,AB-,SUBJECT_GROUP_0561,571,571__F_Left_ring_finger.BMP,572df21a35bb2c743cdf29b651dcb85410aa8256945d0c6dc75bee9e6cfa57dc,train
data/datasets/AB-/cluster_5_3312.BMP,AB-,SUBJECT_GROUP_0325,330,330__M_Left_ring_finger.BMP,b42035276aaaf4ced26acf12dee2dc5bddc719742241274aa3041568b5f3d27d,train
data/datasets/AB-/cluster_5_332.BMP,AB-,SUBJECT_GROUP_0449,456,456__M_Left_middle_finger.BMP,b66194c188d66e98ec252c27222d65b76d9ecc46e3619935578b3d73a5b91925,train
data/datasets/AB-/cluster_5_3320.BMP,AB-,SUBJECT_GROUP_0446,453,453__F_Left_index_finger.BMP,d03938160d776f4739c000d6176eb889d978b549433bbf031af2dfe329bd78f5,train
data/datasets/AB-/cluster_5_3327.BMP,AB-,SUBJECT_GROUP_0424,431,431__M_Left_ring_finger.BMP,f44c8827a89fee07164aa0160532d4edfa58b7d77129d9267d34bed189be1861,validation
data/datasets/AB-/cluster_5_3333.BMP,AB-,SUBJECT_GROUP_0180,180,180__F_Left_index_finger.BMP,4672f6393e173143c64f1a76c8f98c2048dd3e719e0370f7600220bbba78b327,test
data/datasets/AB-/cluster_5_3369.BMP,AB-,SUBJECT_GROUP_0043,43,43__F_Right_little_finger.BMP,c7b55b51ade36f007a18cc8ae0e817d75997f3eddb1045a6c1885e6f74aa78eb,train
data/datasets/AB-/cluster_5_3374.BMP,AB-,SUBJECT_GROUP_0442,449,449__F_Right_index_finger.BMP,dbaec9ee076260151417ea20549a57093d0e13e24254a667c7762690a2ee3657,train
data/datasets/AB-/cluster_5_3380.BMP,AB-,SUBJECT_GROUP_0292,297,297__M_Left_index_finger.BMP,93e7eb55dc3d68c2314cb189d2338f8d2a53f81b265bcd07da2e428e6b7bce20,test
data/datasets/AB-/cluster_5_3382.BMP,AB-,SUBJECT_GROUP_0381,387,387__F_Right_ring_finger.BMP,3f3a47576102cb5a3361f75e91ea0693bc3e49aa36bbb92d26fc9c124d228919,validation
data/datasets/AB-/cluster_5_3383.BMP,AB-,SUBJECT_GROUP_0284,289,289__F_Left_little_finger.BMP,5cb5c44177863bf2d03c3c8e301704afd17c22aeb7f95fbc20852543041f4301,validation
data/datasets/AB-/cluster_5_3388.BMP,AB-,SUBJECT_GROUP_0317,322,322__M_Right_index_finger.BMP,e49c8cdbcae53f4a25cf29fc3d830ab375e6c919bd4379ff23e63c3f554c33f8,train
data/datasets/AB-/cluster_5_3389.BMP,AB-,SUBJECT_GROUP_0271,276,276__M_Left_middle_finger.BMP,2fb41a706104b9a0a1f50aa33e59909e87bb23c10067ddee3f16cc379b5adecf,train
data/datasets/AB-/cluster_5_3401.BMP,AB-,SUBJECT_GROUP_0115,115,115__F_Left_index_finger.BMP,22a67ba5c31e432f1b6b57cbf9c30b6ad20a3930345575431ad9e66f2a4cf526,train
data/datasets/AB-/cluster_5_341.BMP,AB-,SUBJECT_GROUP_0534,542,542__M_Right_middle_finger.BMP,d5c25dcace231354b2090f4775c5428cbad22c113f943d6717e7d56aa5562337,train
data/datasets/AB-/cluster_5_3417.BMP,AB-,SUBJECT_GROUP_0011,11,11__M_Left_middle_finger.BMP,1f89993a5a9e7fc19c8de647611f03e217d68e6682d6b74ab9ccb6fa2cb19a3f,train
data/datasets/AB-/cluster_5_3418.BMP,AB-,SUBJECT_GROUP_0206,208,208__M_Right_little_finger.BMP,947ab137014a295d7fe02818902f2a74a1029c73a9a8fc6d0263b48ed8abc2f2,train
data/datasets/AB-/cluster_5_3420.BMP,AB-,SUBJECT_GROUP_0368,373,373__M_Right_index_finger.BMP,e4c75505b90e843ed074965d2a724401a8044f0c95b6e684cca7b72e37b20642,validation
data/datasets/AB-/cluster_5_3426.BMP,AB-,SUBJECT_GROUP_0349,354,354__M_Left_little_finger.BMP,4c614d96c73ff456b35170c6bc181f2cfcf45feb56583d6bc0610cf673d95779,train
data/datasets/AB-/cluster_5_3430.BMP,AB-,SUBJECT_GROUP_0271,276,276__M_Right_index_finger.BMP,3084eb2c798ffc97dc605259e959a7d1fdf7fa1ea635533d482bbf1df7bf5d88,train
data/datasets/AB-/cluster_5_346.BMP,AB-,SUBJECT_GROUP_0344,349,349__M_Right_little_finger.BMP,e04712d4458e6f64b24b467c78694379ebd4e9429166bea66cdaedbf2ebd8ac4,train
data/datasets/AB-/cluster_5_3468.BMP,AB-,SUBJECT_GROUP_0313,318,318__F_Left_ring_finger.BMP,a4fd435224429cbbd1685dbeba463d7b14f0a7d6988fa8fb67911f02e1ad4241,test
data/datasets/AB-/cluster_5_3476.BMP,AB-,SUBJECT_GROUP_0459,466,466__F_Right_index_finger.BMP,2b97538ea7e9ac9aad251b01b171b2d073cdaa5cdc9734ac6ba547e620ec0393,test
data/datasets/AB-/cluster_5_3480.BMP,AB-,SUBJECT_GROUP_0081,81,81__F_Left_middle_finger.BMP,fc24b0817dc02d5daed42a9e3d106f9cc393ef7f7edf74a7cebfb7db826ac497,test
data/datasets/AB-/cluster_5_3488.BMP,AB-,SUBJECT_GROUP_0411,417,417__M_Right_little_finger.BMP,4f35d0374dd40d324348e9ed0c3c2a2947258a95d3f849e4c416d1bcfce608cc,train
data/datasets/AB-/cluster_5_3491.BMP,AB-,SUBJECT_GROUP_0419,426,426__M_Left_index_finger.BMP,9844658ea6d15573bf131a313a0304619941a99e83f113be7d0acd4288765a9e,test
data/datasets/AB-/cluster_5_3494.BMP,AB-,SUBJECT_GROUP_0078,78,78__F_Left_ring_finger.BMP,5cfe1592f2d0a832639fa7813950f717463c7c645170c30ffd42ad2fbe1f85bd,train
data/datasets/AB-/cluster_5_3497.BMP,AB-,SUBJECT_GROUP_0440,447,447__M_Left_index_finger.BMP,94b54e0ccc408b8089053b98055b01ca63cf1b3d879c6540e26ada0c18ba5313,train
data/datasets/AB-/cluster_5_3508.BMP,AB-,SUBJECT_GROUP_0090,90,90__M_Left_ring_finger.BMP,623a0a841f0e505e1b2f5534ef9d077a66d0dbe68696389fbcd686b369c03e44,train
data/datasets/AB-/cluster_5_3516.BMP,AB-,SUBJECT_GROUP_0557,567,567__M_Right_little_finger.BMP,43cb3498c8bb8a9439e2c3d26c708f5f968d17150377c1ac62045f6aa5beddfe,test
data/datasets/AB-/cluster_5_3517.BMP,AB-,SUBJECT_GROUP_0120,120,120__M_Right_index_finger.BMP,9a69f4e6f109157f621c527b3debf98d5d5c97a551b015f0f0445ff637c3957a,train
data/datasets/AB-/cluster_5_352.BMP,AB-,SUBJECT_GROUP_0561,571,571__F_Left_middle_finger.BMP,6d6d07fe15058259a76f51c1bac80a3d5ddec425f28ffbed80ad2565ea0af122,train
data/datasets/AB-/cluster_5_353.BMP,AB-,SUBJECT_GROUP_0249,253,253__F_Right_index_finger.BMP,9f7dd78949e95fbd5dae4510958e135c868f7e06a4a0d627d5bfbd412f5d41ff,train
data/datasets/AB-/cluster_5_3538.BMP,AB-,SUBJECT_GROUP_0512,520,520__M_Left_middle_finger.BMP,b8250c42d318a6cc32cb94a0fed67d1ef9c04c31d1f46c6a74202fd6c548e79a,train
data/datasets/AB-/cluster_5_3541.BMP,AB-,SUBJECT_GROUP_0357,362,362__M_Right_index_finger.BMP,7b6cc6100c11bab468cb845ee0d7ac65b507899b3712ae73b1c3822bedfc0072,train
data/datasets/AB-/cluster_5_3543.BMP,AB-,SUBJECT_GROUP_0078,78,78__F_Left_little_finger.BMP,5f02239a2d2d6eb971837ebda9f2bb4d67e52b9ae0c33a7f47be514a46cf6a8b,train
data/datasets/AB-/cluster_5_3546.BMP,AB-,SUBJECT_GROUP_0148,148,148__M_Right_index_finger.BMP,5303bb41efe7ba22900b448f220351b4192df8789664aae5b237871e2a9b4728,train
data/datasets/AB-/cluster_5_3554.BMP,AB-,SUBJECT_GROUP_0301,306,306__M_Left_ring_finger.BMP,dd8c9699a4c971ba8848f720db1b8af313684fe89106bc5237d100117b0b45bd,train
data/datasets/AB-/cluster_5_3571.BMP,AB-,SUBJECT_GROUP_0445,452,452__F_Left_middle_finger.BMP,3ba3bcabfa1b98cbbd342feaa15eda377eb2f5bb93e54681e096cf341c8c5a83,train
data/datasets/AB-/cluster_5_3573.BMP,AB-,SUBJECT_GROUP_0280,285,285__M_Right_little_finger.BMP,0a3f9db821420032b3de5e6665140879486791c40642c035769968d27512ff00,train
data/datasets/AB-/cluster_5_3597.BMP,AB-,SUBJECT_GROUP_0199,199,199__M_Right_middle_finger.BMP,d1922a0b933b0970ebc8ad18c8832e9d74685a1b7b9bf436089d77410b9482c0,train
data/datasets/AB-/cluster_5_3601.BMP,AB-,SUBJECT_GROUP_0201,201,201__F_Right_little_finger.BMP,badc6206dffad810ae41fcb19260d73c73631cd9f5d3c324ef71ac0838241454,train
data/datasets/AB-/cluster_5_3617.BMP,AB-,SUBJECT_GROUP_0112,112,112__M_Right_ring_finger.BMP,28509f1e531d7b1c4ab6987223a82530cc68814ce83e8f76b3f0258ec3a2a9e8,train
data/datasets/AB-/cluster_5_3622.BMP,AB-,SUBJECT_GROUP_0012,12,12__M_Left_little_finger.BMP,41aff5a0487436851a0164634eb5d9cb4fc12b53264c8ef98091f71a9563ead5,train
data/datasets/AB-/cluster_5_3627.BMP,AB-,SUBJECT_GROUP_0230,233,233__M_Left_little_finger.BMP,3c927cf7602439faa5a355453415163c051441b1b925c5e410d05e52a27b525e,test
data/datasets/AB-/cluster_5_3644.BMP,AB-,SUBJECT_GROUP_0305,310,310__M_Left_little_finger.BMP,3b463e9f330090a13883e302c5a0380d24663eca1a7c5873bcab3818e0f59b7f,train
data/datasets/AB-/cluster_5_3645.BMP,AB-,SUBJECT_GROUP_0319,324,324__M_Right_index_finger.BMP,c4c1b8c5fdeee551274d5f604c7027c79993637f230d6b83f30ab800322b1a10,train
data/datasets/AB-/cluster_5_3654.BMP,AB-,SUBJECT_GROUP_0406,412,412__M_Right_ring_finger.BMP,d555b5579a233f61bf0d317607b10c43c09c8abdc99d8f733dbe876efb507185,train
data/datasets/AB-/cluster_5_366.BMP,AB-,SUBJECT_GROUP_0211,213,213__M_Right_thumb_finger.BMP,7ea5ec902bf23c04223a735111ab9e4c343c254e0ec5966e73d47dab9f12d555,train
data/datasets/AB-/cluster_5_3666.BMP,AB-,SUBJECT_GROUP_0216,218,218__M_Left_middle_finger.BMP,04353e428c800d11b56cf3a4cf08b8f0d7cc54d7c751877fd347d8440cc41c1d,train
data/datasets/AB-/cluster_5_3670.BMP,AB-,SUBJECT_GROUP_0498,505,505__M_Left_ring_finger.BMP,cf2ec0a5e3435ef6ac56d9608049ee53de40e5d215a278167275a4d9c5464b38,train
data/datasets/AB-/cluster_5_3681.BMP,AB-,SUBJECT_GROUP_0574,586,586__M_Left_little_finger.BMP,b47217c8f8ec09f55b085d99b2e6d071dea54771629605fbe2e3c951311fbc92,test
data/datasets/AB-/cluster_5_3682.BMP,AB-,SUBJECT_GROUP_0111,111,111__M_Left_index_finger.BMP,24de69b50b8e740d341d46580c177807e88b2234c5f7aa668020cec91a7e5fd3,train
data/datasets/AB-/cluster_5_3696.BMP,AB-,SUBJECT_GROUP_0089,89,89__M_Right_little_finger.BMP,7e7bf4c0d2faa7785e57578afb5cfd81b4d77c927831d0bf894361b4c0c7b989,validation
data/datasets/AB-/cluster_5_3713.BMP,AB-,SUBJECT_GROUP_0563,573,573__F_Left_middle_finger.BMP,3e90971f1b489f90541d7c2fb224aa7d6d69fd4753150a026f8e67fae8e6c6c4,test
data/datasets/AB-/cluster_5_3717.BMP,AB-,SUBJECT_GROUP_0502,509,509__M_Left_ring_finger.BMP,a1748655555eafebd7a87d5e3198bb723aa174f26a8c565ff8313ebbfa462705,train
data/datasets/AB-/cluster_5_3720.BMP,AB-,SUBJECT_GROUP_0288,293,293__F_Left_ring_finger.BMP,55fb7919cc2a1d7bcc6967309b4b7f135b08f9ddc2d46dd77aca8a11d814880c,test
data/datasets/AB-/cluster_5_3721.BMP,AB-,SUBJECT_GROUP_0353,358,358__M_Left_middle_finger.BMP,10f049e8eb7fb134066a94e57736d2431e7d7fa9889013a0f122e25beb018f55,train
data/datasets/AB-/cluster_5_3724.BMP,AB-,SUBJECT_GROUP_0196,196,196__M_Left_little_finger.BMP,65ccd754e88ea8e64f9dd30537088085e16d0451a7ecaea1a59ede08ab342b24,train
data/datasets/AB-/cluster_5_3738.BMP,AB-,SUBJECT_GROUP_0248,252,252__F_Right_index_finger.BMP,22f2b32ddc11d603da251f1968120f88d4fc135c6ae8caedd0fa61aa7a0c2989,test
data/datasets/AB-/cluster_5_3740.BMP,AB-,SUBJECT_GROUP_0184,184,184__M_Left_ring_finger.BMP,98ffd3e450577d63e40ae4c6a76637250ab9e6c322873a6ef49d6ca1bd742538,train
data/datasets/AB-/cluster_5_3748.BMP,AB-,SUBJECT_GROUP_0176,176,176__M_Left_little_finger.BMP,e4f40948187cf6d95e950b642429b74669d336f66527cca9f52c2219fe13c286,test
data/datasets/AB-/cluster_5_3760.BMP,AB-,SUBJECT_GROUP_0470,477,477__M_Right_thumb_finger.BMP,dd0f532b06bd7556d72db74902689d82b8358a0985fa8e926777fe9485232d13,train
data/datasets/AB-/cluster_5_3766.BMP,AB-,SUBJECT_GROUP_0148,148,148__M_Left_little_finger.BMP,dbf628d251ed2e33d23409fa461e6eec2694382e8610eb9543542eb7cb2aa7ba,train
data/datasets/AB-/cluster_5_3769.BMP,AB-,SUBJECT_GROUP_0337,342,342__M_Left_ring_finger.BMP,6690a4857908805a7184491b887c74e4f800fa3fde3e9dcafa99bf1714183f41,validation
data/datasets/AB-/cluster_5_3789.BMP,AB-,SUBJECT_GROUP_0256,261,261__M_Left_little_finger.BMP,a17f2caa665caff56384a63b1da973045ccf759081ce0724a7f38d70cdd683e2,validation
data/datasets/AB-/cluster_5_3796.BMP,AB-,SUBJECT_GROUP_0187,187,187__M_Left_little_finger.BMP,b24b8ae849d18a8d70ddde781ebf87f0e8dffb5a2e052d9c7bbcd7a2a8685b64,train
data/datasets/AB-/cluster_5_3804.BMP,AB-,SUBJECT_GROUP_0029,29,29__F_Right_index_finger.BMP,de6af8f7d8299b7c570d41d199a341acb97dc4c0a27d15a6a1aeeecbcf226043,train
data/datasets/AB-/cluster_5_3808.BMP,AB-,SUBJECT_GROUP_0461,468,468__F_Left_middle_finger.BMP,df96ab6bf5e1a37a976456145e0fe67e34ecd13272cdd39f646f22f67ef17dba,train
data/datasets/AB-/cluster_5_3818.BMP,AB-,SUBJECT_GROUP_0570,581,581__F_Right_index_finger.BMP,044b08b8319fa7bba6ac280f3ef46504a6ce2399f7b8379029104f2aef15caaa,train
data/datasets/AB-/cluster_5_382.BMP,AB-,SUBJECT_GROUP_0019,19,19__M_Left_ring_finger.BMP,f582b2aafb2a4e609ba5d62598099c1382ddd20acb84a88c3dd2958f5862197a,train
data/datasets/AB-/cluster_5_3820.BMP,AB-,SUBJECT_GROUP_0237,240,240__F_Left_ring_finger.BMP,0dae0068cb4c15ed5781f6a7171740dafe799e196925ab8fa80b74e9b8b6f670,train
data/datasets/AB-/cluster_5_3823.BMP,AB-,SUBJECT_GROUP_0090,90,90__M_Right_middle_finger.BMP,32ade571c81998c60b7fcc8032bdb4b5ad6f4654a3bc43b36ee627c199a26da1,train
data/datasets/AB-/cluster_5_3824.BMP,AB-,SUBJECT_GROUP_0229,232,232__M_Left_ring_finger.BMP,d7e9caf78e5a593b1209bf415c877eb39395cceacc7bb2648f825aa7ca881769,train
data/datasets/AB-/cluster_5_3837.BMP,AB-,SUBJECT_GROUP_0296,301,301__F_Right_index_finger.BMP,56d79fcc18a7524cabdcd01960b4676d14041c526587dabd798bb9e9481715e3,train
data/datasets/AB-/cluster_5_3838.BMP,AB-,SUBJECT_GROUP_0023,23,23__M_Right_index_finger.BMP,009925f227dc8dc151124fdac7ac2398bf34f4bb560854ab92e9a37d930a581b,train
data/datasets/AB-/cluster_5_384.BMP,AB-,SUBJECT_GROUP_0313,318,318__F_Right_little_finger.BMP,10e87e568b7250ecdb443a1d7fe959dc1af85a40c6004c8ebe196ce1605ebef3,test
data/datasets/AB-/cluster_5_3848.BMP,AB-,SUBJECT_GROUP_0333,338,338__M_Left_little_finger.BMP,8aae6e011243b35aff9824db28f0f02bce19da2d709bf767971c952c5cc7ec08,validation
data/datasets/AB-/cluster_5_3891.BMP,AB-,SUBJECT_GROUP_0299,304,304__M_Left_little_finger.BMP,2383f168fb95df6291e2e3d81969526ea780b580e0b38977ae8ae26519cf0207,train
data/datasets/AB-/cluster_5_3893.BMP,AB-,SUBJECT_GROUP_0261,266,266__M_Right_index_finger.BMP,92ac7f85351c02b26a03a8c94772719462cc1f89d15f05ad1b73484e94c59434,train
data/datasets/AB-/cluster_5_3897.BMP,AB-,SUBJECT_GROUP_0427,434,434__M_Left_ring_finger.BMP,252872a65dc9bef1f760bdf9e28ae5a3843474d562025ce36e2d4454b6de991a,train
data/datasets/AB-/cluster_5_3902.BMP,AB-,SUBJECT_GROUP_0249,253,253__F_Right_middle_finger.BMP,b9474a3678c46da5087354c9cdf83f93b53c6a2e927ac45da0122a283e513b54,train
data/datasets/AB-/cluster_5_3903.BMP,AB-,SUBJECT_GROUP_0301,306,306__M_Right_ring_finger.BMP,beeb17753082511d9dcbace50058aa218596a88e7533d4c7a58993289a39f009,train
data/datasets/AB-/cluster_5_3905.BMP,AB-,SUBJECT_GROUP_0394,400,400__M_Left_ring_finger.BMP,f9d81039441423d3049a1c2e9fd69107f4856b8f42b4efac8d8a1a9ac8c8fb18,test
data/datasets/AB-/cluster_5_3908.BMP,AB-,SUBJECT_GROUP_0201,201,201__F_Right_index_finger.BMP,d4aa3a2767957d323c20c912886a6483c183f03a45885334b110e203500b30bb,train
data/datasets/AB-/cluster_5_3909.BMP,AB-,SUBJECT_GROUP_0210,212,212__M_Left_middle_finger.BMP,1b8bcb8465c187f1eba6160b888c61644c078e327d9dad115587351459f12614,train
data/datasets/AB-/cluster_5_3911.BMP,AB-,SUBJECT_GROUP_0535,543,543__M_Right_middle_finger.BMP,e88f3c0be00de56e62ccce846da952ccb03ff31eef2eadeaec692aa73b00a402,train
data/datasets/AB-/cluster_5_3928.BMP,AB-,SUBJECT_GROUP_0125,125,125__M_Left_middle_finger.BMP,897e71feea6d96cae0c1d65fde02e581cf52b6fab722736421490e2c1bc2d0e2,test
data/datasets/AB-/cluster_5_3929.BMP,AB-,SUBJECT_GROUP_0180,180,180__F_Right_middle_finger.BMP,f03475551bd262c991675c7f6909cf3622476fd638970924313520ce650d2b52,test
data/datasets/AB-/cluster_5_3935.BMP,AB-,SUBJECT_GROUP_0369,374,374__M_Right_index_finger.BMP,d12d7d589cb80f0de73298dbfc4aaac520197a23bd15a279c9a80ee91db4b499,train
data/datasets/AB-/cluster_5_3944.BMP,AB-,SUBJECT_GROUP_0074,74,74__F_Left_ring_finger.BMP,d7fce733063e3feb919157cbff553e9977799754155f59a384d97cca323d2e53,test
data/datasets/AB-/cluster_5_3954.BMP,AB-,SUBJECT_GROUP_0470,477,477__M_Left_middle_finger.BMP,a7426f2e69c39a6e79548a432ab6c7ebdec809215a9d6d16c63bfcd8efdb0785,train
data/datasets/AB-/cluster_5_396.BMP,AB-,SUBJECT_GROUP_0169,169,169__F_Left_ring_finger.BMP,3176d2eac6cf871a511fad4b4e84dd6970f8f8e141d335dad025250e6ce1ebfd,train
data/datasets/AB-/cluster_5_3975.BMP,AB-,SUBJECT_GROUP_0303,308,308__M_Right_index_finger.BMP,7fa9763060eb8f81fd1b8a212a3198a9c5ca146e56d3f780b4c4a0c95520484f,train
data/datasets/AB-/cluster_5_3976.BMP,AB-,SUBJECT_GROUP_0169,169,169__F_Right_index_finger.BMP,b1fdc86e7c9b8ee14c6b4fc622dc92ae6ae3b7f1afe36b879115ecb2501d2356,train
data/datasets/AB-/cluster_5_3977.BMP,AB-,SUBJECT_GROUP_0213,215,215__M_Left_middle_finger.BMP,176671ac787d9cfc4b1a450e16e4f98eb869625f34f3bb5cbcd0968fcdd77a52,train
data/datasets/AB-/cluster_5_398.BMP,AB-,SUBJECT_GROUP_0550,560,560__F_Right_index_finger.BMP,8e7cf2443ed14699dbf96d28742b2817418909ccc492ce0a4041c9ee968a05ed,test
data/datasets/AB-/cluster_5_3981.BMP,AB-,SUBJECT_GROUP_0109,109,109__F_Right_little_finger.BMP,881e6d159b005df3728c37ac7680560ff4c6d963d3bf95c11544004fc33bd9c5,train
data/datasets/AB-/cluster_5_3982.BMP,AB-,SUBJECT_GROUP_0180,180,180__F_Left_middle_finger.BMP,acc7993119d5bcefd0fe52f860361ecacc17d61058099546cb96977c88371eec,test
data/datasets/AB-/cluster_5_4004.BMP,AB-,SUBJECT_GROUP_0353,358,358__M_Left_little_finger.BMP,575bd56b3325d9f337add4fa3dea3c1417e71278f79afe70ad147b1f4bc06edc,train
data/datasets/AB-/cluster_5_4015.BMP,AB-,SUBJECT_GROUP_0129,129,129__M_Left_index_finger.BMP,20ee884b414529e26b02899988eb1a5119946c9529fa5c17798d1f2272ebc3d7,train
data/datasets/AB-/cluster_5_4029.BMP,AB-,SUBJECT_GROUP_0239,242,242__M_Left_middle_finger.BMP,42f6c5aedc1e78d34766e44903464684821e671e3e4420be5c58b3b1a878aa9e,test
data/datasets/AB-/cluster_5_4032.BMP,AB-,SUBJECT_GROUP_0534,542,542__M_Right_little_finger.BMP,f2afd0f459747c7a49c8bd059d912b1acd9ffd06dace8bb6a2b1fa352e10b7ad,train
data/datasets/AB-/cluster_5_4033.BMP,AB-,SUBJECT_GROUP_0125,125,125__M_Left_ring_finger.BMP,31654a6586c2a0b73b787a04e04daa4c2b21c97f3f6fee3baeb63a11e4242fd7,test
data/datasets/AB-/cluster_5_4037.BMP,AB-,SUBJECT_GROUP_0575,587,587__M_Left_ring_finger.BMP,a7a745b4146e34260c0016073d353563acfc8af29c7f2f1db59bb379ba7a7ba5,test
data/datasets/AB-/cluster_5_4051.BMP,AB-,SUBJECT_GROUP_0147,147,147__M_Left_ring_finger.BMP,b2ba459911dc87ee3986ce7163a583d0f63d6970face4f9646b2ad2fde3f0729,train
data/datasets/AB-/cluster_5_4063.BMP,AB-,SUBJECT_GROUP_0422,429,429__M_Left_ring_finger.BMP,1e7f5abc40417cb86a3fcae94d5f22e043f8858945af57f15bf430f794ba11ef,train
data/datasets/AB-/cluster_5_4064.BMP,AB-,SUBJECT_GROUP_0200,200,200__M_Left_ring_finger.BMP,05e83ce3826c181dcea79f675e3f8afc21d9ab6aec8ff026348054d3f9aa75f7,train
data/datasets/AB-/cluster_5_4072.BMP,AB-,SUBJECT_GROUP_0458,465,465__F_Right_ring_finger.BMP,0361535c0bd714e341517f5a75c18538ae794b85bc878753f013dd446b77c7fb,train
data/datasets/AB-/cluster_5_4080.BMP,AB-,SUBJECT_GROUP_0574,586,586__M_Right_middle_finger.BMP,8829e2159d7e11c4f7df23d7a20ddf61e77bdccea7e90fd85b2aec29f12f6a91,test
data/datasets/AB-/cluster_5_4087.BMP,AB-,SUBJECT_GROUP_0093,93,93__M_Left_little_finger.BMP,2b4cea7dca404bc6dc847260cceb1804ed4032d7fc8ad43d32eca091ac505b6c,train
data/datasets/AB-/cluster_5_4089.BMP,AB-,SUBJECT_GROUP_0249,253,253__F_Left_ring_finger.BMP,5e83c412216a6b6508d690cf8c7ac8b2201fa4d1cb72bb01c2f1318ec20a2203,train
data/datasets/AB-/cluster_5_4092.BMP,AB-,SUBJECT_GROUP_0551,561,561__M_Left_ring_finger.BMP,b40d39936714d0fc9ceaba330188b47d1ab42c58088a0675f6dc49eb6111ba13,train
data/datasets/AB-/cluster_5_4098.BMP,AB-,SUBJECT_GROUP_0517,525,525__M_Right_ring_finger.BMP,7eba41906ff725b58c1b2f7d80868b57eadb7b95477d7c04b213e36f3d2c35a4,train
data/datasets/AB-/cluster_5_4102.BMP,AB-,SUBJECT_GROUP_0188,188,188__M_Left_index_finger.BMP,2dcd1b788e51e94784edcd20ae6f252b45e20107b57a4f1dfc57fa6fddccb5d5,train
data/datasets/AB-/cluster_5_4104.BMP,AB-,SUBJECT_GROUP_0122,122,122__M_Left_little_finger.BMP,1badbfdd78a6415471b360a0a5a46bd347e7b6385adb67ecae7900c686d87ebe,test
data/datasets/AB-/cluster_5_4113.BMP,AB-,SUBJECT_GROUP_0286,291,291__M_Left_ring_finger.BMP,5a2aef66f9e4781d05cbcd1c5b5be2c74256b451d343088f28784b7349b6dd67,train
data/datasets/AB-/cluster_5_4130.BMP,AB-,SUBJECT_GROUP_0507,515,515__M_Left_little_finger.BMP,68851bd5743bb010f9ec961399d69b080bc5366fe658d6397d035de23235952b,train
data/datasets/AB-/cluster_5_4143.BMP,AB-,SUBJECT_GROUP_0379,385,385__M_Right_ring_finger.BMP,72ac8ab97f58da89428ac8fa3222cde96fd8e8bb302f91c480495a188aeb4299,train
data/datasets/AB-/cluster_5_4151.BMP,AB-,SUBJECT_GROUP_0240,243,243__M_Right_thumb_finger.BMP,598f65035d720923bd5b687d7e056222161c51049dcad91fc3730940b315429b,test
data/datasets/AB-/cluster_5_4152.BMP,AB-,SUBJECT_GROUP_0323,328,328__M_Right_thumb_finger.BMP,42873c9f43bbe679163661ff5302a4c5ff3dd0856c74bbabd177fd7d4d29ecdf,train
data/datasets/AB-/cluster_5_4153.BMP,AB-,SUBJECT_GROUP_0352,357,357__M_Left_middle_finger.BMP,ef1b4a6f5810ee45e961a449d4e8d33545d2822c5b17b68c2fc170e24e9a1b5b,train
data/datasets/AB-/cluster_5_417.BMP,AB-,SUBJECT_GROUP_0194,194,194__M_Left_little_finger.BMP,13ec8105fee48821e18691ef2dc73c76a98a63732ff40bb92072728c24c2c39a,train
data/datasets/AB-/cluster_5_4178.BMP,AB-,SUBJECT_GROUP_0526,534,534__F_Right_middle_finger.BMP,758c46d2fee24d805d52eb70cccc907e5929756131580a0d91cce23ac779d0d3,train
data/datasets/AB-/cluster_5_4182.BMP,AB-,SUBJECT_GROUP_0035,35,35__M_Left_little_finger.BMP,621287f95ce4f70314d7a2c0d290fb1d6a9dad55ea1547f220f8c7294829f05e,validation
data/datasets/AB-/cluster_5_4191.BMP,AB-,SUBJECT_GROUP_0504,512,512__M_Left_little_finger.BMP,2f8a98e0ace9b6332d1b6e3de6e9b1895794ed00739536560c5407f51392e0fd,train
data/datasets/AB-/cluster_5_4198.BMP,AB-,SUBJECT_GROUP_0248,252,252__F_Right_ring_finger.BMP,b00dd8596c2822381f403ce0157b9ce8206530a427ebde2a3bf262a85fb95d70,test
data/datasets/AB-/cluster_5_4200.BMP,AB-,SUBJECT_GROUP_0014,14,14__M_Left_middle_finger.BMP,ed53e94705eab20b4c8a125336511caed29eb934866e467635e350e94437ce06,train
data/datasets/AB-/cluster_5_4202.BMP,AB-,SUBJECT_GROUP_0335,340,340__M_Right_thumb_finger.BMP,f9d2e377db2241f6bff2337f8a419d7ee82777e6697eedb3209e31b28ed56b21,validation
data/datasets/AB-/cluster_5_4204.BMP,AB-,SUBJECT_GROUP_0190,190,190__M_Right_little_finger.BMP,0c00dad633ad70852beaf048a42228591092acabab5d1241f7978b05fa5fefd0,train
data/datasets/AB-/cluster_5_4225.BMP,AB-,SUBJECT_GROUP_0537,545,545__M_Left_middle_finger.BMP,46be830b3576dd26e13adc306dfe0659b46a1056ec8a9a757478b3b27ef96bd3,validation
data/datasets/AB-/cluster_5_4238.BMP,AB-,SUBJECT_GROUP_0179,179,179__M_Left_little_finger.BMP,e598948ede239b428fdf3ac2fe93fef0bc11d7ffa4f1adb32390620b2f33722b,train
data/datasets/AB-/cluster_5_4246.BMP,AB-,SUBJECT_GROUP_0479,486,486__M_Left_middle_finger.BMP,aa001f0f70e722e8c062362669c2f0640f09a84665456d4a2b0e2032ad9acaf9,train
data/datasets/AB-/cluster_5_4253.BMP,AB-,SUBJECT_GROUP_0570,581,581__F_Left_little_finger.BMP,b342bfce8a924b8a7b33953ee3521c3874edfbd186887997a26ae9ef96c59b80,train
data/datasets/AB-/cluster_5_4258.BMP,AB-,SUBJECT_GROUP_0116,116,116__M_Right_ring_finger.BMP,fefd2089f3765cbf2f3deb46221a731a9bb2d3f5e6ee1ebe0182f16a29486334,test
data/datasets/AB-/cluster_5_4259.BMP,AB-,SUBJECT_GROUP_0052,52,52__M_Left_ring_finger.BMP,3af19b5e0d4d15c2cf0bb6de719262bf622a5e5d49457361a95ae4d31b0b2a61,train
data/datasets/AB-/cluster_5_4263.BMP,AB-,SUBJECT_GROUP_0092,92,92__F_Right_ring_finger.BMP,ecdc0bc36f156e55f741d9c27e6dcba0d0cbe9c41c34a5c0dcabd998d25aeb88,validation
data/datasets/AB-/cluster_5_4273.BMP,AB-,SUBJECT_GROUP_0248,252,252__F_Left_ring_finger.BMP,825fb508701811673e7f6115a4b38712109a36d0777b5862e444d1cee02038b7,test
data/datasets/AB-/cluster_5_4275.BMP,AB-,SUBJECT_GROUP_0301,306,306__M_Left_little_finger.BMP,3c5967bc08f152aee1c4f439da8042a93a0bd4f43ad5155ae26c8c1d5aa2aa15,train
data/datasets/AB-/cluster_5_4276.BMP,AB-,SUBJECT_GROUP_0550,560,560__F_Right_thumb_finger.BMP,47812f04557cda5c66d3862e452db37c852cd6adf129deafd69d593a63fa984e,test
data/datasets/AB-/cluster_5_4316.BMP,AB-,SUBJECT_GROUP_0365,370,370__M_Left_index_finger.BMP,df0242ea6523dc0397fac2621f8f81d4b129c63297e497bba3b0b27888b77397,train
data/datasets/AB-/cluster_5_4321.BMP,AB-,SUBJECT_GROUP_0103,103,103__F_Left_middle_finger.BMP,7d079d877ead89965d764c7781bf743bbf3521d5ff48deaf7937b4c58bd33621,train
data/datasets/AB-/cluster_5_4331.BMP,AB-,SUBJECT_GROUP_0259,264,264__M_Right_index_finger.BMP,538ae6a8f48ce3e30227495ba2119b491810e4abdf47368b3e3062bf8faf3f23,train
data/datasets/AB-/cluster_5_4337.BMP,AB-,SUBJECT_GROUP_0136,136,136__F_Left_middle_finger.BMP,57acddcd04ddecabbd46aa8b529efe4c8c56bc7b2d5dd8ddeb1a3ba4efc76d11,train
data/datasets/AB-/cluster_5_434.BMP,AB-,SUBJECT_GROUP_0369,374,374__M_Left_index_finger.BMP,4449da70b286db57f5c84ceb086490f3ae0969f50b57bfa51170bd91a64ffd3e,train
data/datasets/AB-/cluster_5_4342.BMP,AB-,SUBJECT_GROUP_0333,338,338__M_Left_middle_finger.BMP,97f3a2c88bc7f5df560d60732b25d5432d2f32957105ec7828b9beee13c0d071,validation
data/datasets/AB-/cluster_5_4345.BMP,AB-,SUBJECT_GROUP_0419,426,426__M_Right_index_finger.BMP,b923f4eb3c377d223b0b96073b718770ec56421bd06e7413958e3a344da767b0,test
data/datasets/AB-/cluster_5_4347.BMP,AB-,SUBJECT_GROUP_0469,476,476__M_Right_index_finger.BMP,92aaea19b2293e81ad140968d4117504e95c1247652a3e77cc1c183aef4af524,validation
data/datasets/AB-/cluster_5_4362.BMP,AB-,SUBJECT_GROUP_0207,209,209__F_Left_ring_finger.BMP,daf68eab1180c38a5ca031d50cf7bd73446be2e121627c561cc3702fd4876cd2,train
data/datasets/AB-/cluster_5_4371.BMP,AB-,SUBJECT_GROUP_0164,164,164__M_Left_ring_finger.BMP,2749c9f1f8660f97b4e3092c4c4d60cd0fb25d8c2ecb378575e7e80c00787796,train
data/datasets/AB-/cluster_5_4373.BMP,AB-,SUBJECT_GROUP_0555,565,565__M_Left_ring_finger.BMP,5a2017d9d671ccf274689ecc6212d257fa180c55ebd133b4cc4f380eaa659bce,train
data/datasets/AB-/cluster_5_4378.BMP,AB-,SUBJECT_GROUP_0569,580,580__M_Left_middle_finger.BMP,9ab79f225ecb4f590a4e8e7d4d5b5c50a8523b103bc38a2eb3db02afa0bcba7e,test
data/datasets/AB-/cluster_5_4380.BMP,AB-,SUBJECT_GROUP_0494,501,501__M_Left_ring_finger.BMP,1efedcac6c2718dbeabac1e58278be6e3d156eac15efffc293bd1fa8fc2f8028,train
data/datasets/AB-/cluster_5_4388.BMP,AB-,SUBJECT_GROUP_0142,142,142__F_Left_middle_finger.BMP,41f60006bd518c846377339425a407a8dcf1bc69c7f434102b6c66b446f85e2b,train
data/datasets/AB-/cluster_5_4395.BMP,AB-,SUBJECT_GROUP_0411,417,417__M_Left_little_finger.BMP,7128aff442a1a414c3a4aac7ee27eaea024b27600c68030b560dc9a917f018f3,train
data/datasets/AB-/cluster_5_4397.BMP,AB-,SUBJECT_GROUP_0199,199,199__M_Left_middle_finger.BMP,4f99a50cb39e96e35e298387aa1a9f1018ea66a45884d7cd846d9c72c7eb335d,train
data/datasets/AB-/cluster_5_44.BMP,AB-,SUBJECT_GROUP_0292,577,577__M_Right_little_finger.BMP,e4bbb23779ec795d4d5ffc57077ebfd94d1544ec5584032f336061dfc215f51b,test
data/datasets/AB-/cluster_5_4406.BMP,AB-,SUBJECT_GROUP_0532,540,540__F_Left_middle_finger.BMP,ad34284406f421ff51913c0c5409827b79c154d59ef6d7d41b2b12f156c514a2,validation
data/datasets/AB-/cluster_5_441.BMP,AB-,SUBJECT_GROUP_0280,285,285__M_Right_ring_finger.BMP,5e29219f7b7d94f6952a680f31a229808de166ec465d8becf00575c4a8b58e29,train
data/datasets/AB-/cluster_5_4421.BMP,AB-,SUBJECT_GROUP_0110,110,110__F_Left_ring_finger.BMP,bba45235f64065336262ee12eae46a8e64d4a62b2724fd43e447f9331f0af70f,train
data/datasets/AB-/cluster_5_4422.BMP,AB-,SUBJECT_GROUP_0100,100,100__M_Left_ring_finger.BMP,2bf7e81009280a24ab3d57efda7845c0f984e1b054ffae58e1663e2ad90d4f44,train
data/datasets/AB-/cluster_5_4428.BMP,AB-,SUBJECT_GROUP_0069,69,69__M_Left_little_finger.BMP,14eec1fb875766419e8f3898aa95a1f40356072d1fc9cdcc80c5a05c06329bbd,train
data/datasets/AB-/cluster_5_4444.BMP,AB-,SUBJECT_GROUP_0307,312,312__M_Left_little_finger.BMP,f462f9ee39f64e121f8618d7f7953fecc6bc45d33a003707b6edfcb53dd91494,validation
data/datasets/AB-/cluster_5_4447.BMP,AB-,SUBJECT_GROUP_0538,546,546__M_Left_ring_finger.BMP,3ce8a9699de7983197aadbae976d2dc676ec645f3602497ba3739f5b61602c3d,test
data/datasets/AB-/cluster_5_4459.BMP,AB-,SUBJECT_GROUP_0532,540,540__F_Right_index_finger.BMP,d1d33df4bb3c196726d898042568b92da0d4571cd88046dc245a18df3cc93391,validation
data/datasets/AB-/cluster_5_4463.BMP,AB-,SUBJECT_GROUP_0459,466,466__F_Right_middle_finger.BMP,e44f33a0ee57756b74002e188290c79c7bcd6d6233d15f9c8675b4cc27f9f6eb,test
data/datasets/AB-/cluster_5_4470.BMP,AB-,SUBJECT_GROUP_0382,388,388__F_Right_index_finger.BMP,280d63ddab882c0151fe75ad3a0eb59cd138c1f39f8a89dcaac0201a27e3efa9,train
data/datasets/AB-/cluster_5_4480.BMP,AB-,SUBJECT_GROUP_0189,189,189__F_Left_ring_finger.BMP,a4f0d9e3d4eb9cda5c7ec844ee98fd95e3da755f81bdaef65f0602e5f3585b7e,train
data/datasets/AB-/cluster_5_449.BMP,AB-,SUBJECT_GROUP_0211,213,213__M_Left_ring_finger.BMP,2a6273667c41378b115bc0e7bc63766f42560da9a06f0dad077f52e738563838,train
data/datasets/AB-/cluster_5_4490.BMP,AB-,SUBJECT_GROUP_0232,235,235__M_Right_thumb_finger.BMP,6488381a2a79bd4bd1b62ad1605e36fdda118040e29d3d91346b48d8522cdfeb,train
data/datasets/AB-/cluster_5_4508.BMP,AB-,SUBJECT_GROUP_0579,592,592__M_Right_index_finger.BMP,7525aeb53f85ef28dfa77362bb272c77238598937356b6ac5fe60c61498ee526,train
data/datasets/AB-/cluster_5_4513.BMP,AB-,SUBJECT_GROUP_0206,208,208__M_Right_index_finger.BMP,4e897f672880af21f4fd53be9c07bd8c637e5f6c2d20beb61f4c6046b358f18d,train
data/datasets/AB-/cluster_5_4520.BMP,AB-,SUBJECT_GROUP_0208,210,210__M_Left_little_finger.BMP,c02ac99686426daf619e54f024d9cbf3c54cbe736aab0203a972e80f4c819d59,train
data/datasets/AB-/cluster_5_4524.BMP,AB-,SUBJECT_GROUP_0281,286,286__M_Right_ring_finger.BMP,4e3e83416872f23f3f570f463845d22bd59b38fbbbc924f6b6daec47e0bac58f,train
data/datasets/AB-/cluster_5_456.BMP,AB-,SUBJECT_GROUP_0179,179,179__M_Left_ring_finger.BMP,6000c420ed38aa6e2735dfbbc1ce81e621dd6d3c631bf4d9e39651091a9fe7ee,train
data/datasets/AB-/cluster_5_4572.BMP,AB-,SUBJECT_GROUP_0375,381,381__M_Left_middle_finger.BMP,d9a54e052d5b00e1c8d28f798f2958404454773781afbae0244b4aab469eba87,train
data/datasets/AB-/cluster_5_4577.BMP,AB-,SUBJECT_GROUP_0222,225,225__M_Left_ring_finger.BMP,384b01a83fd1a533fb16a461e3a0bb508eb6f8739119eb169e7d697f4c2726b4,validation
data/datasets/AB-/cluster_5_4581.BMP,AB-,SUBJECT_GROUP_0480,487,487__M_Right_little_finger.BMP,9b72ac96d914c94abccad21b678a9941a5637836ec97eb4333993d712c9c07f5,train
data/datasets/AB-/cluster_5_4600.BMP,AB-,SUBJECT_GROUP_0210,212,212__M_Right_middle_finger.BMP,bc8d4a5db930166195b6f00b603bad9c335f43b6c192092ee27ed7fbccf0c53d,train
data/datasets/AB-/cluster_5_4601.BMP,AB-,SUBJECT_GROUP_0273,278,278__M_Left_little_finger.BMP,6e54577d38f528e5f9a15792cdea21e82ba890bc1fcb16fa93ad25845e6a80ee,train
data/datasets/AB-/cluster_5_4630.BMP,AB-,SUBJECT_GROUP_0011,11,11__M_Left_little_finger.BMP,1c1d79e5775c817304c5fc368000c86d4934a8bc6291be9056a7499b38cf839d,train
data/datasets/AB-/cluster_5_4643.BMP,AB-,SUBJECT_GROUP_0066,66,66__F_Right_ring_finger.BMP,406cadcb7d04a8ba6aad53771fe4adf58e5a4ddccc7986f562c708c7687b9f16,train
data/datasets/AB-/cluster_5_4652.BMP,AB-,SUBJECT_GROUP_0400,406,406__M_Left_thumb_finger.BMP,493939f6a1c5d71d403bcded881647dc67b10c92e0234ac53977f429d9ab5359,train
data/datasets/AB-/cluster_5_4657.BMP,AB-,SUBJECT_GROUP_0075,75,75__F_Left_ring_finger.BMP,119f2a05edcf0ddc434d801a9693d705e3745cf457d1a4290776eb43643ec488,train
data/datasets/AB-/cluster_5_4660.BMP,AB-,SUBJECT_GROUP_0307,312,312__M_Left_ring_finger.BMP,5be2e3ed5bc07cb2baa2e6309721039952fe9c7c6c22c616086104c410d55808,validation
data/datasets/AB-/cluster_5_4663.BMP,AB-,SUBJECT_GROUP_0195,195,195__M_Right_little_finger.BMP,2a2097842c3e2d2af3cd1c71eead891883f21f975df1e45b580bc44e4011f5f4,train
data/datasets/AB-/cluster_5_4664.BMP,AB-,SUBJECT_GROUP_0118,118,118__F_Right_middle_finger.BMP,de63b8417021e728ac8370bfe30fa16d871552b19708230427f11e54260f1f2f,train
data/datasets/AB-/cluster_5_4669.BMP,AB-,SUBJECT_GROUP_0303,308,308__M_Right_middle_finger.BMP,a61569a96019104eec22abfb0414eaf2b6dd899f4215648d708a9d1b2a66ab9c,train
data/datasets/AB-/cluster_5_467.BMP,AB-,SUBJECT_GROUP_0468,475,475__M_Left_little_finger.BMP,da658f494f178a5129b7235a30e457eb7c7126b20fbb3077dd1708fb192a5a0a,validation
data/datasets/AB-/cluster_5_4671.BMP,AB-,SUBJECT_GROUP_0362,367,367__M_Left_ring_finger.BMP,c4afef6860a352a47c2a302f3449a50a4f00ddbe28598bd0bb282f97a19b23d7,train
data/datasets/AB-/cluster_5_4685.BMP,AB-,SUBJECT_GROUP_0169,169,169__F_Left_index_finger.BMP,b2e89fa26d7c3582108b1419cf7dc3552b47423890088bf402e8200f800aac71,train
data/datasets/AB-/cluster_5_4704.BMP,AB-,SUBJECT_GROUP_0378,384,384__F_Left_little_finger.BMP,e1519e819de71d0078cd8acf5bc3d9039ec9c7db7dc651865ce8cd48e0da5612,train
data/datasets/AB-/cluster_5_4708.BMP,AB-,SUBJECT_GROUP_0194,194,194__M_Right_ring_finger.BMP,e2db26c59f4dd1c8c64f30ed75d40e6a446039cb9e2f28ceedda31c7d0fa3201,train
data/datasets/AB-/cluster_5_4711.BMP,AB-,SUBJECT_GROUP_0534,542,542__M_Left_middle_finger.BMP,4ad2d585af4e0be0e1094f06d68622c9609dd775b716f03d093ed18560c52327,train
data/datasets/AB-/cluster_5_4718.BMP,AB-,SUBJECT_GROUP_0006,6,6__M_Left_ring_finger.BMP,74b3ebfba05f24b3158f16a71eb0b6a08d9ebe7ec5c7b5c62901f4c5168ba8e9,train
data/datasets/AB-/cluster_5_4724.BMP,AB-,SUBJECT_GROUP_0181,181,181__M_Left_index_finger.BMP,0bed5232467582179cf25d7c0826bef989d7476bc38bdb0999cb21f2f2396241,train
data/datasets/AB-/cluster_5_4728.BMP,AB-,SUBJECT_GROUP_0344,349,349__M_Right_middle_finger.BMP,0f5b98d7160fac263ab4fac7261b2096af944505f42c2876aa52f7ab70a6062b,train
data/datasets/AB-/cluster_5_4735.BMP,AB-,SUBJECT_GROUP_0436,443,443__M_Left_ring_finger.BMP,0a191b610ee45af318320a7aed7f44f11c92e860ac296de2bd91ae46deed4ad0,validation
data/datasets/AB-/cluster_5_4746.BMP,AB-,SUBJECT_GROUP_0422,429,429__M_Left_little_finger.BMP,6f50d845e49e988995684f95b4e81439cf24cdfb4104bd16f5d405975ae0c9d0,train
data/datasets/AB-/cluster_5_4756.BMP,AB-,SUBJECT_GROUP_0252,256,256__M_Left_index_finger.BMP,fa4775fd721078a6809868e1c9457702f7e6634b71601cc8288220ff88e7eeda,test
data/datasets/AB-/cluster_5_4759.BMP,AB-,SUBJECT_GROUP_0452,459,459__M_Left_little_finger.BMP,498c4cf301a82ff7c592c43516f89e92a38ffa78f2fe1b10807365ad4baa8a0a,train
data/datasets/AB-/cluster_5_478.BMP,AB-,SUBJECT_GROUP_0343,348,348__F_Right_thumb_finger.BMP,03737828970ca78535025bd60259bf734a81bc4acd11d136942e9cf2cac3d584,train
data/datasets/AB-/cluster_5_4791.BMP,AB-,SUBJECT_GROUP_0412,419,419__F_Right_index_finger.BMP,a14a01dc91f802f3660ec39c0aac4d798f5d2ab04f5e3e206d4de6315c884dd1,train
data/datasets/AB-/cluster_5_4794.BMP,AB-,SUBJECT_GROUP_0089,89,89__M_Left_little_finger.BMP,333a1ea4a35438e1da5caa13dc6f7e53324434cfd016bcafc57100f45c177487,validation
data/datasets/AB-/cluster_5_4797.BMP,AB-,SUBJECT_GROUP_0164,164,164__M_Left_middle_finger.BMP,fbe90fef0fb06b13b37af7fff5e6afb480447d676e676e21426f0abf1e1b23e4,train
data/datasets/AB-/cluster_5_4817.BMP,AB-,SUBJECT_GROUP_0325,330,330__M_Right_ring_finger.BMP,46fa5267a083d1369fbd7410d6363eefafcc2597a6a4ecc459279f7eb5c8d177,train
data/datasets/AB-/cluster_5_4819.BMP,AB-,SUBJECT_GROUP_0011,11,11__M_Left_ring_finger.BMP,76ae110bd80ba60ad802446705f15f634e759f84b33df21478a249c0778bd4a2,train
data/datasets/AB-/cluster_5_4837.BMP,AB-,SUBJECT_GROUP_0485,492,492__F_Left_thumb_finger.BMP,e6b5e93cb48e8e83e7fd042504dfa7e5d7cc4bc0b68512d7959055e212eb1293,validation
data/datasets/AB-/cluster_5_4838.BMP,AB-,SUBJECT_GROUP_0288,293,293__F_Right_index_finger.BMP,1861ed49dc0a757136eb1ccc8ffc36aa34cd3832344bd6d958572c3dcbd4052e,test
data/datasets/AB-/cluster_5_484.BMP,AB-,SUBJECT_GROUP_0495,502,502__F_Right_index_finger.BMP,0706936309212e46472da83befbf7d122eacb4a672840dbbb211f0491e047358,train
data/datasets/AB-/cluster_5_4841.BMP,AB-,SUBJECT_GROUP_0466,473,473__M_Left_ring_finger.BMP,d4ea3ea72e6410de88063dee62688bca2c7c674255ce1ea05105b06eaa313715,train
data/datasets/AB-/cluster_5_4842.BMP,AB-,SUBJECT_GROUP_0284,289,289__F_Right_ring_finger.BMP,9acfa8c0ce46573abd95739c9e5d0f5b428887d2b2739dcfe2703ef38e9a1430,validation
data/datasets/AB-/cluster_5_4850.BMP,AB-,SUBJECT_GROUP_0512,520,520__M_Left_little_finger.BMP,c34bc59850c76511651fa1844b34a2483beb4584f0d3d9e54318880e8a49efb5,train
data/datasets/AB-/cluster_5_4854.BMP,AB-,SUBJECT_GROUP_0275,280,280__M_Left_ring_finger.BMP,092d0d963abdd828242fc26c7583294683dc5ceb56522047c5c830d301e375f7,train
data/datasets/AB-/cluster_5_4866.BMP,AB-,SUBJECT_GROUP_0553,563,563__M_Left_little_finger.BMP,e5d33828471650fb6a05b6cca9d2cf764aa3df4ae688891ff15c04e1c7de3982,train
data/datasets/AB-/cluster_5_487.BMP,AB-,SUBJECT_GROUP_0512,520,520__M_Left_ring_finger.BMP,7d26f94d946aa8ea130b1a85795a92b7ff73d4d0f02a50cb04a4300b3161b158,train
data/datasets/AB-/cluster_5_4875.BMP,AB-,SUBJECT_GROUP_0094,94,94__M_Right_thumb_finger.BMP,02b529a7bf2ab72921dd5fc5bd648c1c889cdc350dfd00ea0c7218ab5957d552,train
data/datasets/AB-/cluster_5_4879.BMP,AB-,SUBJECT_GROUP_0103,103,103__F_Left_index_finger.BMP,ca7ab9b8ada0876c9321dad61dce09afd807d55b4347ccb52064f1521a760a6a,train
data/datasets/AB-/cluster_5_4880.BMP,AB-,SUBJECT_GROUP_0479,486,486__M_Right_ring_finger.BMP,a9a1efde0aa54002b8c81630957d705e353413c7f6e6432cca8f62e683ac3c42,train
data/datasets/AB-/cluster_5_4886.BMP,AB-,SUBJECT_GROUP_0203,205,205__F_Left_ring_finger.BMP,22a2d3d965e596bb287efcab513fac765c36b89eb85c97559fdce4cf6232fc51,test
data/datasets/AB-/cluster_5_4893.BMP,AB-,SUBJECT_GROUP_0532,540,540__F_Left_little_finger.BMP,a5ada22426cdbaae9823649e148b028fff2e9b2c7954f1b4e69b6a666193632d,validation
data/datasets/AB-/cluster_5_49.BMP,AB-,SUBJECT_GROUP_0322,327,327__M_Left_middle_finger.BMP,8dda951d70c8ca5385d0798dc3b750e4a79cb02b7d0bb36a0b723d107552e89b,train
data/datasets/AB-/cluster_5_490.BMP,AB-,SUBJECT_GROUP_0284,289,289__F_Right_index_finger.BMP,617b312f55f04771a933d3ce3e6802b57681d31a386ca963408f8790b37853aa,validation
data/datasets/AB-/cluster_5_4901.BMP,AB-,SUBJECT_GROUP_0195,195,195__M_Left_little_finger.BMP,45fbb6af10f651604cb4f682f9cc787c9fe0d2a4e2390cb9c9930bbe74d9af25,train
data/datasets/AB-/cluster_5_4907.BMP,AB-,SUBJECT_GROUP_0550,560;585,560__F_Left_little_finger.BMP;585__M_Left_little_finger.BMP,e9643730e17108c626de7d1881cc7f8340d1ebe6c54644366df78fcebb0f8489,test
data/datasets/AB-/cluster_5_4908.BMP,AB-,SUBJECT_GROUP_0298,303,303__F_Left_little_finger.BMP,58b4262f36e535a2e7c4414d043050507fd94bd2134b6f7b006d159590562e55,train
data/datasets/AB-/cluster_5_4911.BMP,AB-,SUBJECT_GROUP_0345,350,350__M_Left_little_finger.BMP,42e17cc67dad619e0cf30e0fb8b469c709fe63e3665769deb522fffbb929ef93,train
data/datasets/AB-/cluster_5_4917.BMP,AB-,SUBJECT_GROUP_0206,208,208__M_Right_ring_finger.BMP,8f178320e466d7bce454fe93c60a6bc7d8fad5f3a786f3781f0c04c8e2265409,train
data/datasets/AB-/cluster_5_4930.BMP,AB-,SUBJECT_GROUP_0025,25,25__F_Left_ring_finger.BMP,978c18a65800fbdc28fe79780d363563a62ed453211fa142b5de7344739bb3b3,train
data/datasets/AB-/cluster_5_4931.BMP,AB-,SUBJECT_GROUP_0379,385,385__M_Right_index_finger.BMP,b70a10b02023dc65d8961da95e28bb27f7cdbb9212a3332813161b3d424303d1,train
data/datasets/AB-/cluster_5_4937.BMP,AB-,SUBJECT_GROUP_0098,98,98__M_Left_middle_finger.BMP,47e096bcfcc5d3c2820be8e121481884008979153f6e84fbb908a494d8008ba6,test
data/datasets/AB-/cluster_5_4941.BMP,AB-,SUBJECT_GROUP_0062,62,62__M_Right_little_finger.BMP,b27f3308a293513c8e71ba0b8f1a587961920eb57fa52cbd41dce778acb92bff,train
data/datasets/AB-/cluster_5_4945.BMP,AB-,SUBJECT_GROUP_0240,243,243__M_Left_ring_finger.BMP,f3b5d4b11f9bb96acd6beb75d1d5b5674f65005a8dc503291242fe87bd7b7196,test
data/datasets/AB-/cluster_5_4952.BMP,AB-,SUBJECT_GROUP_0565,575,575__M_Right_middle_finger.BMP,f20768008009167393eb48a40ad45774c19e8660e39d8f52b6db23b799c943cd,validation
data/datasets/AB-/cluster_5_4962.BMP,AB-,SUBJECT_GROUP_0243,246,246__M_Right_index_finger.BMP,671f30e70c48bbfeb0bc6154a98eacbc2b4d12e364cc99aafe7e29427b46e384,train
data/datasets/AB-/cluster_5_4975.BMP,AB-,SUBJECT_GROUP_0100,100,100__M_Left_middle_finger.BMP,cb5cec2a62a26c96410a05c50c2799467334e00f6288df65082985b02bde33f0,train
data/datasets/AB-/cluster_5_4984.BMP,AB-,SUBJECT_GROUP_0009,9,9__M_Left_index_finger.BMP,b6c561741b1705ff848d18adfdc874a3cb72ead353706528b507ed76852f0bfe,train
data/datasets/AB-/cluster_5_5001.BMP,AB-,SUBJECT_GROUP_0240,243,243__M_Left_thumb_finger.BMP,6397faff341f6365c043879e23181f45a6ad1c8493ef01674cc6bf6c913f1056,test
data/datasets/AB-/cluster_5_5002.BMP,AB-,SUBJECT_GROUP_0253,257,257__M_Right_little_finger.BMP,6c0a5700b012f7b05a0216500f7136209db8da9385a3e5670eb91d27a539430f,train
data/datasets/AB-/cluster_5_5011.BMP,AB-,SUBJECT_GROUP_0190,190,190__M_Left_little_finger.BMP,9597d1e8d791d875191c966efce0fa30273cb4a3ce2e385d5e2c9e3e03a06ffd,train
data/datasets/AB-/cluster_5_5017.BMP,AB-,SUBJECT_GROUP_0095,95,95__M_Right_thumb_finger.BMP,f538ee1f43a155653d075b3867b721a314b63e6c54b5ee8907df559dcaf8c5dc,train
data/datasets/AB-/cluster_5_5020.BMP,AB-,SUBJECT_GROUP_0482,489,489__M_Left_middle_finger.BMP,ef1a71881a93047830f76956581bdaf9e73dd74687e93c8bb0e52da3535d7b5a,train
data/datasets/AB-/cluster_5_5029.BMP,AB-,SUBJECT_GROUP_0258,263,263__F_Right_little_finger.BMP,19a18a9ac92915bfd9967ca78bcbd51071eb18183274d4d0181504bcb9cb7e08,train
data/datasets/AB-/cluster_5_5033.BMP,AB-,SUBJECT_GROUP_0470,477,477__M_Left_little_finger.BMP,db3b2541a2baf187b8bd637ab2ac197c84dd088bcd4537e21e857c873ca462b6,train
data/datasets/AB-/cluster_5_5049.BMP,AB-,SUBJECT_GROUP_0358,376,376__F_Right_middle_finger.BMP,b39e1a6126e0993620b9974bb87f9c48205919122480a6c14245ed20d81c5bc0,test
data/datasets/AB-/cluster_5_5055.BMP,AB-,SUBJECT_GROUP_0403,409,409__M_Left_ring_finger.BMP,dc00d8896f396c143c08048e68bd6a758d7d047caca34516ede2fad233d9544f,train
data/datasets/AB-/cluster_5_5060.BMP,AB-,SUBJECT_GROUP_0517,525,525__M_Right_index_finger.BMP,7f6ac53e33ed97ac976b6a20d2c501dd960539365592a61285cec631be47cfc3,train
data/datasets/AB-/cluster_5_5061.BMP,AB-,SUBJECT_GROUP_0448,455,455__M_Left_thumb_finger.BMP,8b4cd3680b740cc2f3a82c0a5c55920a8349faf34ede83c1f44e057d21bbf30e,train
data/datasets/AB-/cluster_5_5062.BMP,AB-,SUBJECT_GROUP_0074,74,74__F_Right_ring_finger.BMP,955645fecea6db3ba80ddc9c19fb66ab195273ff4b0249d6b52e9aed6d342632,test
data/datasets/AB-/cluster_5_5067.BMP,AB-,SUBJECT_GROUP_0461,468,468__F_Left_ring_finger.BMP,abde7e099ce668891101613eefe5289d8a6c67ab11bd5522ac96b71f12fadd70,train
data/datasets/AB-/cluster_5_507.BMP,AB-,SUBJECT_GROUP_0251,255,255__M_Right_little_finger.BMP,fa1f6058767261bb0e38eb6c1f3dd399ed98ec5ef1fffef9419ea1b554eeb4cf,train
data/datasets/AB-/cluster_5_5081.BMP,AB-,SUBJECT_GROUP_0265,270,270__M_Right_thumb_finger.BMP,bb3e5c5c5d2769fc90efbd8f7dd13bd259368da1a96ad7ffc4d82b28c05920f5,train
data/datasets/AB-/cluster_5_5082.BMP,AB-,SUBJECT_GROUP_0160,160,160__M_Right_little_finger.BMP,448f6a527cd78c6dde31c2c8369aa06913d42370fea852619815d1f6d7963b45,train
data/datasets/AB-/cluster_5_5092.BMP,AB-,SUBJECT_GROUP_0417,424,424__M_Left_little_finger.BMP,9a03f08e43f3aac8bdf3ec52c254fe91e0d49c1fab208b7d85b56556f22382ff,validation
data/datasets/AB-/cluster_5_5096.BMP,AB-,SUBJECT_GROUP_0556,566,566__M_Left_ring_finger.BMP,aacb4e5efe26739aed734ad310fc453dd22ab3e3ec15d4a8c664ed92afc0bc58,train
data/datasets/AB-/cluster_5_5097.BMP,AB-,SUBJECT_GROUP_0508,516,516__M_Left_ring_finger.BMP,c7dd3b23c9214c603e1983c5e7b8a55b7f63a176aca26cc55f0f82f697e922de,train
data/datasets/AB-/cluster_5_5125.BMP,AB-,SUBJECT_GROUP_0495,502,502__F_Right_thumb_finger.BMP,f61f4da8c17db79139fd01ccff491d96bdcea7170766dc2bd22856c59ba0e920,train
data/datasets/AB-/cluster_5_5134.BMP,AB-,SUBJECT_GROUP_0244,247,247__M_Left_middle_finger.BMP,3bcf35e94432107fa4664ba1a9409060698ffb109d9a08f6cfd3dc65a19631bf,train
data/datasets/AB-/cluster_5_5139.BMP,AB-,SUBJECT_GROUP_0118,118,118__F_Left_index_finger.BMP,adcec8c6fedaa972062de53b1ba4d7cefe5b7670d58b1e1ee39b973db1c890e8,train
data/datasets/AB-/cluster_5_5153.BMP,AB-,SUBJECT_GROUP_0379,385,385__M_Left_middle_finger.BMP,8f13530226f5962de134d229373e198626d1a29a98149c9d6cb57c52813ad5a7,train
data/datasets/AB-/cluster_5_5158.BMP,AB-,SUBJECT_GROUP_0263,268,268__M_Right_thumb_finger.BMP,0b4586d4427dd05dd7ec547f61ef67d3256687ac977a879ed82fa79bf7d9f46d,train
data/datasets/AB-/cluster_5_5172.BMP,AB-,SUBJECT_GROUP_0198,198,198__M_Right_middle_finger.BMP,1d4c0c0df78e912731135a639aad9c425dc8b6c5e2e6ba7056db3145222ac049,train
data/datasets/AB-/cluster_5_5180.BMP,AB-,SUBJECT_GROUP_0482,489,489__M_Right_ring_finger.BMP,6f7614283e9be2e41b222ef91ef2eb9bfdf4113d405450dbaa8f7d4754f60acb,train
data/datasets/AB-/cluster_5_5213.BMP,AB-,SUBJECT_GROUP_0516,524,524__M_Right_index_finger.BMP,953e71953f294483ff5e674461f09a04909c8d632424b2f201fc12a229ee2d0c,test
data/datasets/AB-/cluster_5_5219.BMP,AB-,SUBJECT_GROUP_0319,324,324__M_Left_index_finger.BMP,a9e452cbb8c1243c588998ec6e8f4276bb424464f1696038e6ea44b546a811d9,train
data/datasets/AB-/cluster_5_5231.BMP,AB-,SUBJECT_GROUP_0231,234,234__M_Left_index_finger.BMP,266a11291392e385de8675a9b0f4da387fe943df78532423d78edad7848a4c42,train
data/datasets/AB-/cluster_5_5234.BMP,AB-,SUBJECT_GROUP_0180,180,180__F_Right_little_finger.BMP,48d46d8e3091278760a5e54461ee2071031273f18c09de5fcbb464aaed4b7898,test
data/datasets/AB-/cluster_5_5244.BMP,AB-,SUBJECT_GROUP_0313,318,318__F_Left_little_finger.BMP,d7ed52456e1a27ecea3a09ef776d6ee1ad49c9cd1107e4e9159e3a6bfd848370,test
data/datasets/AB-/cluster_5_5246.BMP,AB-,SUBJECT_GROUP_0281,286,286__M_Left_little_finger.BMP,31f066030d54f69da3ff67d8007f058a8afd72fecbec9bf105fb27c3380ccf03,train
data/datasets/AB-/cluster_5_5248.BMP,AB-,SUBJECT_GROUP_0489,496,496__M_Left_little_finger.BMP,5ffc49e5d1d093131217f22507cb725a79b6340d5b4cb278da504c28b01f39a6,train
data/datasets/AB-/cluster_5_5250.BMP,AB-,SUBJECT_GROUP_0336,341,341__M_Right_index_finger.BMP,0f3e9597eb405cf7c925d7e6c0947298c18bdd3b4a47955dd61ff95b97b53793,validation
data/datasets/AB-/cluster_5_5257.BMP,AB-,SUBJECT_GROUP_0352,357,357__M_Left_index_finger.BMP,0b0a80a5819e6413c92cfca99ab495ce742a42f0fb3285cbc1b0c89b57349c1f,train
data/datasets/AB-/cluster_5_5260.BMP,AB-,SUBJECT_GROUP_0020,20,20__M_Right_thumb_finger.BMP,bd995c8438fa00679c5c91c608705331e6b30af6bd68136ac10d94d38ce65023,train
data/datasets/AB-/cluster_5_5262.BMP,AB-,SUBJECT_GROUP_0487,494,494__F_Right_little_finger.BMP,687269d55691fffcc7d937eee4cf0db67e3856f1cf7e5158b527cd8d3a1854b8,train
data/datasets/AB-/cluster_5_5271.BMP,AB-,SUBJECT_GROUP_0102,102,102__M_Left_index_finger.BMP,251f2f32c1f71586abe53828c2d7ba0887e9cfa2dd5e3969eb84a18d02d2ae39,train
data/datasets/AB-/cluster_5_529.BMP,AB-,SUBJECT_GROUP_0120,120,120__M_Left_middle_finger.BMP,b38b91ba7b4599824cbb13b82ff7e347461d96769fd6fabcbf25eb408fca9250,train
data/datasets/AB-/cluster_5_5290.BMP,AB-,SUBJECT_GROUP_0466,473,473__M_Left_little_finger.BMP,ab3522535fefff8b6de6bd917a79bcd5428fb6ab047e357f9d37d087544c92ae,train
data/datasets/AB-/cluster_5_5292.BMP,AB-,SUBJECT_GROUP_0207,209,209__F_Left_little_finger.BMP,bc1121a8d97356db4950d40896640ae87306085e8052307a4875d921d6c85d29,train
data/datasets/AB-/cluster_5_5299.BMP,AB-,SUBJECT_GROUP_0200,200,200__M_Right_index_finger.BMP,900220cfe6ac1a0b80480ab34f5d8a61984bee7390a8223fb752146d8ca3bb44,train
data/datasets/AB-/cluster_5_5319.BMP,AB-,SUBJECT_GROUP_0500,507,507__M_Left_middle_finger.BMP,64df2166afa0afb36082707fc89220a0c5355bfe606dfbdc077d5d1db5cc531f,train
data/datasets/AB-/cluster_5_5321.BMP,AB-,SUBJECT_GROUP_0390,396,396__M_Left_middle_finger.BMP,84320e8042aefc0966850ab6f2446ff4d4d9b50a2655c94e4001ced05157bc06,train
data/datasets/AB-/cluster_5_5324.BMP,AB-,SUBJECT_GROUP_0081,81,81__F_Left_ring_finger.BMP,ad26827ab9c9cb964dc6058996673deeb3ba3d09a735de2a2966ae62df73c5ba,test
data/datasets/AB-/cluster_5_534.BMP,AB-,SUBJECT_GROUP_0251,255,255__M_Left_ring_finger.BMP,4cc2a362b78b315be212c08225554cce84bf532a24f8ad1d0f0a480d119872a5,train
data/datasets/AB-/cluster_5_5349.BMP,AB-,SUBJECT_GROUP_0500,507,507__M_Left_index_finger.BMP,cca31f4625a86d7e9a883c9be82da58bea5d1b7627b7d14f9de467f9c1254bd1,train
data/datasets/AB-/cluster_5_5360.BMP,AB-,SUBJECT_GROUP_0348,353,353__M_Left_little_finger.BMP,f0d49b54d170b0645aaa81d4fd0f1744474aa6c6aa8d4c8a8388e82ea2148a46,train
data/datasets/AB-/cluster_5_5387.BMP,AB-,SUBJECT_GROUP_0422,429,429__M_Left_index_finger.BMP,bf01b2c5fb8a6a8c5911d30a9de4fae014faf1463dd021ebd48e7adc6686c748,train
data/datasets/AB-/cluster_5_5396.BMP,AB-,SUBJECT_GROUP_0477,484,484__M_Left_little_finger.BMP,608d76a39d0176a041a5aaa7f75f06812136fa3f45e9cea0b56e4f6f3b340504,train
data/datasets/AB-/cluster_5_5399.BMP,AB-,SUBJECT_GROUP_0528,536,536__F_Right_index_finger.BMP,e71c57cc52defa0fd3d2abe6c25da33872c7b109f61cb60d3e83e8b18597b0b4,test
data/datasets/AB-/cluster_5_54.BMP,AB-,SUBJECT_GROUP_0103,103,103__F_Left_little_finger.BMP,62133da71df866c89f3e118d4826b61921f2235fd644be4515987d51c03c82f5,train
data/datasets/AB-/cluster_5_5400.BMP,AB-,SUBJECT_GROUP_0344,349,349__M_Left_ring_finger.BMP,447f32f9e883d413f19ad854b588c355977ad198ca2d827d347174f67c9a36e4,train
data/datasets/AB-/cluster_5_5403.BMP,AB-,SUBJECT_GROUP_0285,290,290__M_Right_middle_finger.BMP,26961f7c1a437baafb675b8e42562eeb1837cba03909d4f41433c2d97152d61a,train
data/datasets/AB-/cluster_5_5427.BMP,AB-,SUBJECT_GROUP_0495,502,502__F_Right_ring_finger.BMP,6ce76beb8ad425aab2e7e6e40df931b4695af7ad1ad54d00b2b4d8266400b6a0,train
data/datasets/AB-/cluster_5_5432.BMP,AB-,SUBJECT_GROUP_0081,81,81__F_Left_index_finger.BMP,ddb2e1bff22962a12d1d4eef6af93a481f9016e2f7a49f85fa1f5928444fb2cf,test
data/datasets/AB-/cluster_5_5438.BMP,AB-,SUBJECT_GROUP_0551,561,561__M_Right_little_finger.BMP,76c9e88d6ff40f6a1772eff72d5ea871dd0ede200c7b71048f0b36d6b9baa6a8,train
data/datasets/AB-/cluster_5_5449.BMP,AB-,SUBJECT_GROUP_0209,211,211__M_Right_thumb_finger.BMP,e99e55e791c54542f3bb1e16cbf2650387f32db4910254977bf1e9a120d29835,train
data/datasets/AB-/cluster_5_5452.BMP,AB-,SUBJECT_GROUP_0132,132,132__M_Right_little_finger.BMP,ec177e3e509307e3697785e7a64f31d3e9ae863947a84b97a8943377ad791dbb,test
data/datasets/AB-/cluster_5_5460.BMP,AB-,SUBJECT_GROUP_0313,318,318__F_Left_middle_finger.BMP,6f9bf6a3400da3eef7512650c3acccfbad7cd8dadaaa837832e3ccb51d9e102f,test
data/datasets/AB-/cluster_5_5471.BMP,AB-,SUBJECT_GROUP_0119,119,119__F_Left_index_finger.BMP,15ccf5335c16e18264bee8aff8f7c2f3509a38710b9389985aa320f8ced161d8,test
data/datasets/AB-/cluster_5_5474.BMP,AB-,SUBJECT_GROUP_0470,477,477__M_Right_little_finger.BMP,2a04ff3d10575e349d4b050b94d942df001d536b1587c5f969876dd45a3a2d2d,train
data/datasets/AB-/cluster_5_5477.BMP,AB-,SUBJECT_GROUP_0187,187,187__M_Left_middle_finger.BMP,1df9c2c161cec8469ba6ef20892375d28e24d5baf673a105e43d95835592f74a,train
data/datasets/AB-/cluster_5_5483.BMP,AB-,SUBJECT_GROUP_0083,83,83__M_Left_little_finger.BMP,2f671ce48b199b3028727589a097de5d6a0caad9973a6bc08e110a17a5daa021,train
data/datasets/AB-/cluster_5_5484.BMP,AB-,SUBJECT_GROUP_0382,388,388__F_Left_middle_finger.BMP,0ddcb03d79fe9f5eceeb83352a33aa7a4c75cb4bb670d45155b74d8ff39038ff,train
data/datasets/AB-/cluster_5_5488.BMP,AB-,SUBJECT_GROUP_0570,581,581__F_Left_middle_finger.BMP,4d42fbadad6d2d0babd1d47f9bd5ec8fa51dc3f89c0059006f1f9463d3b0ac18,train
data/datasets/AB-/cluster_5_5491.BMP,AB-,SUBJECT_GROUP_0303,308,308__M_Left_middle_finger.BMP,b67771edf0c86b65e48db6587e1f9dbf15d2bc87b54f70330ef473db6d039596,train
data/datasets/AB-/cluster_5_5497.BMP,AB-,SUBJECT_GROUP_0294,299,299__M_Left_little_finger.BMP,65a6df8fa4036519c6d0be24807241acb07b112da71362737ce8f5a0ab6fb96c,validation
data/datasets/AB-/cluster_5_5502.BMP,AB-,SUBJECT_GROUP_0069,69,69__M_Left_ring_finger.BMP,6251544e518498b0e0d1f2743ae1a59a7bf2c088e85392783bd13d8ca291ac7f,train
data/datasets/AB-/cluster_5_5503.BMP,AB-,SUBJECT_GROUP_0115,115,115__F_Right_index_finger.BMP,7bbd2cacd822e00da5d3eb8db161f083393ae2c075cb3ce2c8cd6360a398ece0,train
data/datasets/AB-/cluster_5_5507.BMP,AB-,SUBJECT_GROUP_0231,234,234__M_Right_ring_finger.BMP,f681a31cf1de56de543f43b5c98f39b14fd25292c5cdbac00e88e11ecdbafb19,train
data/datasets/AB-/cluster_5_5510.BMP,AB-,SUBJECT_GROUP_0188,188,188__M_Right_index_finger.BMP,943652bea7a5e73ea9c76648ef6cd0f722dbf606d8aea5efc30efc87a0179fd4,train
data/datasets/AB-/cluster_5_5513.BMP,AB-,SUBJECT_GROUP_0586,599,599__M_Left_little_finger.BMP,bd13e576ab22d341acca8f92c80bd88319d8817613cf2baf14ec954654579193,validation
data/datasets/AB-/cluster_5_5516.BMP,AB-,SUBJECT_GROUP_0338,343,343__M_Left_ring_finger.BMP,843b664033a2812e1c6bf357bb75f99d66747c6035928bba9734fa9f8831b72b,train
data/datasets/AB-/cluster_5_5519.BMP,AB-,SUBJECT_GROUP_0147,147,147__M_Left_little_finger.BMP,f2eb092fb81640de5b7a94eb4b5738f2326ed94ae1745678f3fe168864113db2,train
data/datasets/AB-/cluster_5_5522.BMP,AB-,SUBJECT_GROUP_0297,302,302__M_Left_index_finger.BMP,3a46e1a12cbacbcaf2d606a2825323f9325dd514b0ac1bb3fb3868b78757afcf,train
data/datasets/AB-/cluster_5_5524.BMP,AB-,SUBJECT_GROUP_0362,367,367__M_Right_index_finger.BMP,c0625e2b7dd3f3f3aedf528bce26016f0b5ae8144bca01b7b2e5513bcea287fc,train
data/datasets/AB-/cluster_5_5534.BMP,AB-,SUBJECT_GROUP_0263,268,268__M_Left_middle_finger.BMP,3c588ba3328a94ca0734ca1ec54c318c70d0dad686ac774e009fa2f5eb682585,train
data/datasets/AB-/cluster_5_5535.BMP,AB-,SUBJECT_GROUP_0400,406,406__M_Left_middle_finger.BMP,f8d7a550cbbef0ad4767902e4ef6ab09b6cf6fed530d4e8e7cff8f8e3f87bf84,train
data/datasets/AB-/cluster_5_556.BMP,AB-,SUBJECT_GROUP_0134,134,134__M_Left_little_finger.BMP,51844f8344910c8ecba3223032cb9e42f36be8794c077823d1b7834bb6bb7909,validation
data/datasets/AB-/cluster_5_5561.BMP,AB-,SUBJECT_GROUP_0307,312,312__M_Right_ring_finger.BMP,a37385e7e3aaa9ca2c312a4bfcd2be8f3280be468b210204b1670c8446e6adc9,validation
data/datasets/AB-/cluster_5_5563.BMP,AB-,SUBJECT_GROUP_0487,494,494__F_Left_little_finger.BMP,83ecad0e457f032de57ff00a56887fefe9d3b5a8ba7877c2cfda6287b6d8b401,train
data/datasets/AB-/cluster_5_5577.BMP,AB-,SUBJECT_GROUP_0256,261,261__M_Right_ring_finger.BMP,2acae1abe68d4b452f9b59bacaf3d327856f5d51d436550aac1c308ba763b835,validation
data/datasets/AB-/cluster_5_5586.BMP,AB-,SUBJECT_GROUP_0305,310,310__M_Left_middle_finger.BMP,e3f9ed31062887b4ba99a69bb00cc34469e252b13e826234fa8b27a5e8726281,train
data/datasets/AB-/cluster_5_5589.BMP,AB-,SUBJECT_GROUP_0396,402,402__M_Left_little_finger.BMP,ead12484e377a834dab03be6028d1d2c83d34d90e9b3676aae71a0a82d179f4a,train
data/datasets/AB-/cluster_5_559.BMP,AB-,SUBJECT_GROUP_0367,372,372__M_Right_ring_finger.BMP,4eb712a1bc16dc64ec2998534839a9c3410812257842e613b8bac06c271f4704,train
data/datasets/AB-/cluster_5_5593.BMP,AB-,SUBJECT_GROUP_0414,421,421__F_Left_index_finger.BMP,315127c4822b793baf0cc64031fc05995c25d0a8a9422bc1bb5c7d5c3ab6dd2e,train
data/datasets/AB-/cluster_5_5598.BMP,AB-,SUBJECT_GROUP_0400,406,406__M_Right_thumb_finger.BMP,61097e3766439fa9f0d7f957bde1802d355c6e18dc29abb50234071f7b54e74f,train
data/datasets/AB-/cluster_5_5604.BMP,AB-,SUBJECT_GROUP_0256,261,261__M_Left_index_finger.BMP,6616d4240b05b95c2c3c2d7ad79f7532666a829f680da88dc4e68c17f139be40,validation
data/datasets/AB-/cluster_5_5608.BMP,AB-,SUBJECT_GROUP_0194,194,194__M_Right_middle_finger.BMP,5790cf8c93fa747f85d9d14ec6696833e573f224ce48efc42fea479672aee2c4,train
data/datasets/AB-/cluster_5_5609.BMP,AB-,SUBJECT_GROUP_0534,542,542__M_Left_little_finger.BMP,cf358fea3c77d8bdbfcdbd8472c0864d249e5f414d7f8962d6c165d5704392fa,train
data/datasets/AB-/cluster_5_561.BMP,AB-,SUBJECT_GROUP_0031,31,31__F_Left_index_finger.BMP,8ac0342d0030f49cd71affa0938de2967659920dbdc42c1237034abee67ca619,train
data/datasets/AB-/cluster_5_5618.BMP,AB-,SUBJECT_GROUP_0194,194,194__M_Left_ring_finger.BMP,e10da3729a90a7f06dd3f5e7dd07f9c7492f00eab08fb084fedd567c4ee29ca6,train
data/datasets/AB-/cluster_5_5635.BMP,AB-,SUBJECT_GROUP_0526,534,534__F_Left_ring_finger.BMP,144eda5418ec7f06e11089d67cb3b7883f9cadf3f284dcb56eb4b03b5b730331,train
data/datasets/AB-/cluster_5_5637.BMP,AB-,SUBJECT_GROUP_0019,19,19__M_Left_middle_finger.BMP,5b7f53cc75c5103e05c6b0c05a665b21e15c5ffe9e4d3d3e2e4ea1e456424a3b,train
data/datasets/AB-/cluster_5_5639.BMP,AB-,SUBJECT_GROUP_0412,419,419__F_Right_ring_finger.BMP,9c6bdbc7116b04d5ceabf486000130d0bec7de93682b242b0ec8f41bacea947e,train
data/datasets/AB-/cluster_5_5663.BMP,AB-,SUBJECT_GROUP_0388,394,394__M_Right_little_finger.BMP,333a1d8c0e36ab2c50fd9540bcee179fba066f6bfd876ecd82ea57a16810920e,train
data/datasets/AB-/cluster_5_5685.BMP,AB-,SUBJECT_GROUP_0069,69,69__M_Left_middle_finger.BMP,7e188b4391e1ab6e0df5768dd99597ee8cf8491c6200548f62c33ce18cdffca9,train
data/datasets/AB-/cluster_5_5692.BMP,AB-,SUBJECT_GROUP_0439,446,446__M_Left_index_finger.BMP,9d8f2651926eef71a5e46197d44721b3a0ee427a5a7f7a28b08230c01a2ec607,train
data/datasets/AB-/cluster_5_5693.BMP,AB-,SUBJECT_GROUP_0487,494,494__F_Left_ring_finger.BMP,90ea7911e5f669e8f63c7d05db1f05485ac14a8144d16316208e918a9e91facc,train
data/datasets/AB-/cluster_5_5698.BMP,AB-,SUBJECT_GROUP_0103,103,103__F_Right_middle_finger.BMP,316fa86ef068f406721a9bb860f2ff6915ccfb267f4d8bfbffcb15a6e7b83291,train
data/datasets/AB-/cluster_5_5699.BMP,AB-,SUBJECT_GROUP_0273,278,278__M_Right_little_finger.BMP,99fad6d5045fc5b54f38e5ac1b9e90fa13cc976d8e0afaab37daaba02a105484,train
data/datasets/AB-/cluster_5_5701.BMP,AB-,SUBJECT_GROUP_0562,572,572__F_Right_middle_finger.BMP,7f25a17c8de0580b50da350dab65847dbd19c3916cedaa7a2e7536a8128f7124,validation
data/datasets/AB-/cluster_5_5702.BMP,AB-,SUBJECT_GROUP_0335,340,340__M_Right_index_finger.BMP,3af48d9e74abea0446fe9e3e457603c5ff9212335f87e036ddcc403197a7cb22,validation
data/datasets/AB-/cluster_5_5703.BMP,AB-,SUBJECT_GROUP_0090,90,90__M_Right_little_finger.BMP,a95d2bc38d940021468842f17836fdceaeb6e13c8587761852c3461f51ba8154,train
data/datasets/AB-/cluster_5_5708.BMP,AB-,SUBJECT_GROUP_0240,243,243__M_Right_ring_finger.BMP,a0a1cb0cd8e56fe602ff511db639c24826f183e2f24cdfe1d8d3dc0ddd2ede0e,test
data/datasets/AB-/cluster_5_5712.BMP,AB-,SUBJECT_GROUP_0292,577,577__M_Right_index_finger.BMP,e5dada9792692ed6dfb6725f7503c3c70a7429ac15749ef44b6844e4ac1036e6,test
data/datasets/AB-/cluster_5_5716.BMP,AB-,SUBJECT_GROUP_0545,555,555__M_Left_index_finger.BMP,2b0419cb82a3b0f34bde33086e1317f8e254a106277bfbf4b71e3d2f6b99f292,train
data/datasets/AB-/cluster_5_5722.BMP,AB-,SUBJECT_GROUP_0082,82,82__M_Left_little_finger.BMP,ad40b2a469de16898f07150382b0263e095e2f894f4c0c815481cb78f88b8edd,validation
data/datasets/AB-/cluster_5_5726.BMP,AB-,SUBJECT_GROUP_0318,323,323__M_Left_middle_finger.BMP,a04889cd99e3bb7e53b90712fbbd4776b5fae8e053c9649b4f25a05a9a1ffb21,train
data/datasets/AB-/cluster_5_5732.BMP,AB-,SUBJECT_GROUP_0056,56,56__F_Left_little_finger.BMP,09b99b37af14c278ad5bb198908913c18a014e3a0b3b5a9e8528472d7b7733c4,validation
data/datasets/AB-/cluster_5_5745.BMP,AB-,SUBJECT_GROUP_0136,136,136__F_Right_middle_finger.BMP,1b5049ffeaa0515aeb3abb2e6929b11fd0d0395551b4b8054286c646f6cec606,train
data/datasets/AB-/cluster_5_5749.BMP,AB-,SUBJECT_GROUP_0064,219,219__M_Left_middle_finger.BMP,22b3fb6f2f67a80e6ff29974a049beca62f7c686c031bd462334ce839bc3ec45,validation
data/datasets/AB-/cluster_5_575.BMP,AB-,SUBJECT_GROUP_0320,325,325__M_Left_little_finger.BMP,0905dff2eaf33fd832e1397b2bb4147b8ec91b6712933b17c0a0266619e5dd0e,train
data/datasets/AB-/cluster_5_5750.BMP,AB-,SUBJECT_GROUP_0052,52,52__M_Left_little_finger.BMP,8515528ef6caf2321919adf3dbdd7bb5ee8168fa7d7ad1d6524be76a69754abe,train
data/datasets/AB-/cluster_5_5760.BMP,AB-,SUBJECT_GROUP_0526,534,534__F_Left_index_finger.BMP,147fb56aa2ef74122aba98fec9b5ee934e8f3d7d3998865f9d8758da2bdf1181,train
data/datasets/AB-/cluster_5_5762.BMP,AB-,SUBJECT_GROUP_0095,95,95__M_Left_little_finger.BMP,bc709720c8a1a854c3c5311560608320d4fdc60217ed84aaab17984e40229699,train
data/datasets/AB-/cluster_5_5764.BMP,AB-,SUBJECT_GROUP_0427,434,434__M_Left_little_finger.BMP,e9fe761b0f3a3ccdf973f6313cf27668c3ec17fc5a610eeae08628a7b2cd0c3d,train
data/datasets/AB-/cluster_5_5777.BMP,AB-,SUBJECT_GROUP_0256,261,261__M_Right_little_finger.BMP,94f181013a73dbc8440e0be1e3c1e44b4a172674eaff0775766746bbe189ac5f,validation
data/datasets/AB-/cluster_5_5803.BMP,AB-,SUBJECT_GROUP_0246,250,250__F_Right_middle_finger.BMP,74a6cd46ae1b52492e3390823f98a49073998656cdfe0f0c0b4ee996e4d59eb7,train
data/datasets/AB-/cluster_5_5804.BMP,AB-,SUBJECT_GROUP_0132,132,132__M_Left_middle_finger.BMP,3cbd0e5e83556c6af79771320f3263a4c5cb791d5251a9343e50e7a9dce884ca,test
data/datasets/AB-/cluster_5_5807.BMP,AB-,SUBJECT_GROUP_0535,543,543__M_Left_ring_finger.BMP,72df850847beb54122ac56785d9baab63ae7e0968e9620bd40f20e9f2bc1b80d,train
data/datasets/AB-/cluster_5_5808.BMP,AB-,SUBJECT_GROUP_0496,503,503__M_Left_middle_finger.BMP,2aa5a49cc20d7c9bb26a34560bb6dfd253a0ecb7529f25ee5c99e9d552e17b66,train
data/datasets/AB-/cluster_5_5823.BMP,AB-,SUBJECT_GROUP_0134,134,134__M_Left_middle_finger.BMP,367386090c3e169ef55d517c8d76bbf3b140858892e651f0a5bed8c53e4d508b,validation
data/datasets/AB-/cluster_5_5834.BMP,AB-,SUBJECT_GROUP_0424,431,431__M_Right_index_finger.BMP,eecdee89ce7eb161ba9010a4fe96c47aba800e7fef8d041711499563bced6c75,validation
data/datasets/AB-/cluster_5_5835.BMP,AB-,SUBJECT_GROUP_0120,120,120__M_Left_ring_finger.BMP,74889daf3571a9ff7f6239f534869569fdeca4b281030396d734af99a8329b6c,train
data/datasets/AB-/cluster_5_5842.BMP,AB-,SUBJECT_GROUP_0494,501,501__M_Left_little_finger.BMP,46dc972958a19201072f7bdd67afcb160a4458e5ee5030c6e88d2a2423b9fbd8,train
data/datasets/AB-/cluster_5_5843.BMP,AB-,SUBJECT_GROUP_0390,396,396__M_Right_middle_finger.BMP,53d3f953102448c60a8a410bb9c6561ae3ef5250cf76decfdbfc78cc9443e94a,train
data/datasets/AB-/cluster_5_5887.BMP,AB-,SUBJECT_GROUP_0298,303,303__F_Right_middle_finger.BMP,ac6115f73ec9cde390771ee49b778375d1297b59ed247f03162fcf52654d5b36,train
data/datasets/AB-/cluster_5_5888.BMP,AB-,SUBJECT_GROUP_0459,466,466__F_Right_ring_finger.BMP,882470bcefbcf6d4dc2938b31bdf3b1d9e2afcdc12ba3454239ee3b75902d3fe,test
data/datasets/AB-/cluster_5_5890.BMP,AB-,SUBJECT_GROUP_0243,246,246__M_Left_ring_finger.BMP,63b6024356232a31186428f28d2c144b756a8c7403a63b9421e126fdf093205d,train
data/datasets/AB-/cluster_5_5892.BMP,AB-,SUBJECT_GROUP_0089,89,89__M_Right_index_finger.BMP,e9e57439182fee6938846d5a069a46bc5795124d8b860e807ab214245de8724a,validation
data/datasets/AB-/cluster_5_5895.BMP,AB-,SUBJECT_GROUP_0348,353,353__M_Left_ring_finger.BMP,809b77be6bbdba09ba2c1e401de6ea9dc3a5763a2ce7a33466fe8aad06ff4ffa,train
data/datasets/AB-/cluster_5_5896.BMP,AB-,SUBJECT_GROUP_0213,215,215__M_Left_ring_finger.BMP,0a15e95d26e6988a43b184cfd6aa2eb8cde3652863a26fbcfdbec27d4972bc84,train
data/datasets/AB-/cluster_5_5910.BMP,AB-,SUBJECT_GROUP_0373,379,379__F_Right_index_finger.BMP,b51dd3240f4f13c47cc7204c6bae464e94f9ace92318364891d62ef05a0e7436,train
data/datasets/AB-/cluster_5_5950.BMP,AB-,SUBJECT_GROUP_0116,116,116__M_Right_little_finger.BMP,e7d075b73777f90b52d2e42c95fc2aec31f32c227c6f999ff8e50684eb91c03f,test
data/datasets/AB-/cluster_5_5954.BMP,AB-,SUBJECT_GROUP_0072,72,72__M_Left_middle_finger.BMP,b0049362d9c093ac3d02f87c1d43875a60de1a89379b77a50d7ba5d78c910010,train
data/datasets/AB-/cluster_5_5956.BMP,AB-,SUBJECT_GROUP_0358,376,376__F_Right_index_finger.BMP,f7fa3e4355f2cca6181a826db82a0f992ac661beba8590c6afe80810a3802911,test
data/datasets/AB-/cluster_5_5961.BMP,AB-,SUBJECT_GROUP_0029,29,29__F_Left_ring_finger.BMP,6830815c88c63be15a9f5ae38f0971b1b60b82393c4f7c9f73f5fba8c8ae5d35,train
data/datasets/AB-/cluster_5_597.BMP,AB-,SUBJECT_GROUP_0413,420,420__M_Left_ring_finger.BMP,090e273bdfbdbf6f0fc3b17fab7edc2ba40dd573e32c8baa36b1e176c5c38191,train
data/datasets/AB-/cluster_5_5974.BMP,AB-,SUBJECT_GROUP_0493,500,500__M_Left_middle_finger.BMP,3173b34bc025859604429b31d06a4122f9f7011b64925397a587942dd225c805,validation
data/datasets/AB-/cluster_5_5980.BMP,AB-,SUBJECT_GROUP_0454,461,461__F_Left_ring_finger.BMP,7a71448a5a4d555158c61cc2c3c1466e1091cebe3509e941068e712b64b4fb39,train
data/datasets/AB-/cluster_5_5990.BMP,AB-,SUBJECT_GROUP_0307,312,312__M_Right_index_finger.BMP,1091a7eb2ac54c520740d3cc9f3a9d9a53664cedddc940ac90b3308b579387da,validation
data/datasets/AB-/cluster_5_5992.BMP,AB-,SUBJECT_GROUP_0330,335,335__M_Left_index_finger.BMP,5911cf2375037ede43a58b615e7502ca1dbfead2357c0ee50910c8be33986c1b,train
data/datasets/AB-/cluster_5_609.BMP,AB-,SUBJECT_GROUP_0422,429,429__M_Right_index_finger.BMP,9a98d4be2ccad4ebda2dfdecbca3b0b1020bbfd22a20962136f4676f921f9041,train
data/datasets/AB-/cluster_5_620.BMP,AB-,SUBJECT_GROUP_0298,303,303__F_Right_ring_finger.BMP,9014fc9b0f084ccbc7713262a23ea971d624964b47915ca9965b23f6b129deb5,train
data/datasets/AB-/cluster_5_630.BMP,AB-,SUBJECT_GROUP_0453,460,460__M_Left_index_finger.BMP,2c1a937b1ef4a08e80902fcd86912f0ae380ca7615917a400643ae14315767f6,test
data/datasets/AB-/cluster_5_633.BMP,AB-,SUBJECT_GROUP_0184,184,184__M_Right_middle_finger.BMP,f057c293d055bc234a239ded5358599acb568c90d88ad1ae729678f21a8c7ede,train
data/datasets/AB-/cluster_5_648.BMP,AB-,SUBJECT_GROUP_0527,535,535__M_Right_index_finger.BMP,0882f742230347735ce4b231f4d2fe4e4cce32381d78e40143f47e7bd293faab,train
data/datasets/AB-/cluster_5_656.BMP,AB-,SUBJECT_GROUP_0419,426,426__M_Left_little_finger.BMP,24051e044e3aa56edb66ba0e625c6a515c4864cffe50cb0c7ed31db74253f3f3,test
data/datasets/AB-/cluster_5_657.BMP,AB-,SUBJECT_GROUP_0310,315,315__F_Left_middle_finger.BMP,79a1d9c5073c039c08061577246018a513441ba24b9a7f61985acb8385292aa1,train
data/datasets/AB-/cluster_5_670.BMP,AB-,SUBJECT_GROUP_0210,212,212__M_Right_thumb_finger.BMP,68944479d818cfed30b92f03228039f92a3bf103885fd88a98e71a4985b92d00,train
data/datasets/AB-/cluster_5_674.BMP,AB-,SUBJECT_GROUP_0517,525,525__M_Left_ring_finger.BMP,914430387d69dc398da350e943df8beff05cbcf44b3b775350ee974c104a0603,train
data/datasets/AB-/cluster_5_683.BMP,AB-,SUBJECT_GROUP_0456,463,463__F_Left_little_finger.BMP,7fe5d00b31d27f1ac98a0c0b415e31a3a0a0b0e3cb9d2411029511f289ccb6b2,test
data/datasets/AB-/cluster_5_701.BMP,AB-,SUBJECT_GROUP_0439,446,446__M_Right_index_finger.BMP,ac097feef3f1b3eea15e0d53c5b29a1ebca211e251248df715b4e9c5603e4eda,train
data/datasets/AB-/cluster_5_71.BMP,AB-,SUBJECT_GROUP_0405,411,411__M_Left_index_finger.BMP,f69f25c08e1646a9de729168541c9ca91a78d76c79d730375505ec38a8b37f86,train
data/datasets/AB-/cluster_5_710.BMP,AB-,SUBJECT_GROUP_0179,179,179__M_Left_middle_finger.BMP,4f33d4115bdef4d36d0500d1c63bf0149d67537910fef0499571198eca1130cd,train
data/datasets/AB-/cluster_5_718.BMP,AB-,SUBJECT_GROUP_0408,414,414__M_Left_index_finger.BMP,ba6e30148d24f87b4a2e0ff62a07d9ac14bae8bfc6fc6899cd5079c5849606af,train
data/datasets/AB-/cluster_5_725.BMP,AB-,SUBJECT_GROUP_0496,503,503__M_Right_index_finger.BMP,055ff765929b6f61a8263016e1cf9cb978550683f4ff4b899cb7b6f52891b5ea,train
data/datasets/AB-/cluster_5_736.BMP,AB-,SUBJECT_GROUP_0422,429,429__M_Right_middle_finger.BMP,37bb0bfdea2566613d4fd3e9c9a6640a987e259a5c78f6b680b34230f6c3efd5,train
data/datasets/AB-/cluster_5_745.BMP,AB-,SUBJECT_GROUP_0019,19,19__M_Left_little_finger.BMP,897402e2e424428e467ee2edaa311c2db63a3f591005dff3115b8faaa783fc32,train
data/datasets/AB-/cluster_5_754.BMP,AB-,SUBJECT_GROUP_0201,201,201__F_Left_thumb_finger.BMP,706e2c0d255ff80ca3e9735de0179381c1764895bae705393f495d51ee7d237c,train
data/datasets/AB-/cluster_5_763.BMP,AB-,SUBJECT_GROUP_0187,187,187__M_Right_thumb_finger.BMP,60251d35f6ace7925816bf9a0f6b3ff0fbf338babcb2c24f316c3bc63fe1a62d,train
data/datasets/AB-/cluster_5_764.BMP,AB-,SUBJECT_GROUP_0550,560,560__F_Left_middle_finger.BMP,3649cc71534db8572f0e605796ba219555199c0cd7207a3d03ff092a421cefe4,test
data/datasets/AB-/cluster_5_766.BMP,AB-,SUBJECT_GROUP_0114,114,114__F_Left_little_finger.BMP,d7393d36c9a7d07f9e44bbf95c45286927e3afa724b8986d4c35445dfa8d9cfa,test
data/datasets/AB-/cluster_5_769.BMP,AB-,SUBJECT_GROUP_0142,142,142__F_Left_little_finger.BMP,2e4b454d9a7ac510e91def421633ff256b7f20f60dae3d8fabdb1c68d1ca5314,train
data/datasets/AB-/cluster_5_772.BMP,AB-,SUBJECT_GROUP_0017,17,17__M_Right_little_finger.BMP,efe925b25e459bdf9cc28311536118c19481e1e12e52364b6f2c58dafae6fa60,test
data/datasets/AB-/cluster_5_780.BMP,AB-,SUBJECT_GROUP_0516,524,524__M_Left_middle_finger.BMP,3c11945d60f420ee2aa5263e249370735549c14edb39ede738a9ebf9cb2e4d82,test
data/datasets/AB-/cluster_5_8.BMP,AB-,SUBJECT_GROUP_0069,69,69__M_Right_index_finger.BMP,5c3b1b521cec870f3cacc2ef86d0e04760fc8499a2a8c249088338eab674deb0,train
data/datasets/AB-/cluster_5_80.BMP,AB-,SUBJECT_GROUP_0240,243,243__M_Left_little_finger.BMP,126281296ad4301d51f9d7731ead1081afa86f5ea6cfe9f00d9bac22504865fa,test
data/datasets/AB-/cluster_5_801.BMP,AB-,SUBJECT_GROUP_0279,284,284__M_Left_middle_finger.BMP,546830c6d535618227211f8c03d352d434ea4009e26c844588fb2751f85d7c88,train
data/datasets/AB-/cluster_5_81.BMP,AB-,SUBJECT_GROUP_0334,339,339__M_Left_little_finger.BMP,a95f99726ecd3e18ae3e1413abe25a6ff81d523e7d90925f62841e1ed5169b01,validation
data/datasets/AB-/cluster_5_819.BMP,AB-,SUBJECT_GROUP_0018,18,18__M_Left_ring_finger.BMP,f371b85217409e4537c88254483b8b98f2d4094050d35f44026c33abf836db19,validation
data/datasets/AB-/cluster_5_82.BMP,AB-,SUBJECT_GROUP_0240,243,243__M_Right_little_finger.BMP,4985a1005cfda2fd96833b48f0cda4ee7ac1dc7b7e8cc2bb540fb6b4ffad1688,test
data/datasets/AB-/cluster_5_820.BMP,AB-,SUBJECT_GROUP_0526,534,534__F_Left_middle_finger.BMP,667b51ff512a5b62be8d7cc65290114bfb611f2a3b49f485893000efe84b21c4,train
data/datasets/AB-/cluster_5_838.BMP,AB-,SUBJECT_GROUP_0202,202,202__M_Left_ring_finger.BMP,d13433b6b292a9e529aff5c5c110e276948dd7567fb57bdfa87c5faa106e119a,test
data/datasets/AB-/cluster_5_840.BMP,AB-,SUBJECT_GROUP_0551,561,561__M_Left_middle_finger.BMP,cd98c2385650044eb22bc08f0d778cb3defc91d1fdc12014015ac36bedfddc1c,train
data/datasets/AB-/cluster_5_852.BMP,AB-,SUBJECT_GROUP_0292,511,511__M_Right_middle_finger.BMP,dfffe03c902ccc7abe95f0b20e2086fcf630c67e014fec8440717f47f72f5cee,test
data/datasets/AB-/cluster_5_853.BMP,AB-,SUBJECT_GROUP_0093,93,93__M_Left_ring_finger.BMP,1a8728ce8ba3eee4eddb93bbc5e69906be7f00d21b79746e90059578e7905edc,train
data/datasets/AB-/cluster_5_866.BMP,AB-,SUBJECT_GROUP_0076,76,76__F_Right_ring_finger.BMP,774a3b0697cd7d71f99db598d31fb636ec0802e91988eb610af7159b91e52cac,train
data/datasets/AB-/cluster_5_867.BMP,AB-,SUBJECT_GROUP_0532,540,540__F_Right_ring_finger.BMP,19bde01d009865bbeef6815a80acbdd9d1d91b9d098700c875dd19368d82cdad,validation
data/datasets/AB-/cluster_5_876.BMP,AB-,SUBJECT_GROUP_0206,208,208__M_Left_little_finger.BMP,abb42e55cf9bc00b75d2b759f6017ac2d08e74f42c1cfe6d765dd510583716d0,train
data/datasets/AB-/cluster_5_887.BMP,AB-,SUBJECT_GROUP_0447,454,454__M_Left_ring_finger.BMP,b51fa8e0318c3cd79b6187741fddd078e166123154fded48923a63f86ae4b99f,train
data/datasets/AB-/cluster_5_889.BMP,AB-,SUBJECT_GROUP_0110,110,110__F_Right_index_finger.BMP,a23c6b08d052c5cc54b86bf77e8a38bc278db8354dd033b88264dd2134f0261e,train
data/datasets/AB-/cluster_5_891.BMP,AB-,SUBJECT_GROUP_0292,511,511__M_Right_index_finger.BMP,e8924cfb0bc5d949f35a17c39f349b9f4574e3e61be7ae5af3ed9116dee84013,test
data/datasets/AB-/cluster_5_895.BMP,AB-,SUBJECT_GROUP_0378,384,384__F_Left_middle_finger.BMP,1da9e0b0e2fc38c38b80f2a83b8fd93b16081b4216633f24489f96b72d6afe58,train
data/datasets/AB-/cluster_5_898.BMP,AB-,SUBJECT_GROUP_0495,502,502__F_Left_ring_finger.BMP,5447aa9e8ce881760c0e2b08bc1c7d73fba10e2b4b18d6cf444b5f7054891f2d,train
data/datasets/AB-/cluster_5_899.BMP,AB-,SUBJECT_GROUP_0413,420,420__M_Left_little_finger.BMP,0d7025341737ad60ba45cc8f8f15c9073ad68a8a7c61d580d7867336541b3b05,train
data/datasets/AB-/cluster_5_901.BMP,AB-,SUBJECT_GROUP_0297,302,302__M_Left_middle_finger.BMP,73bd7a016f01c69c5796a1c58148445e0e70b5c56d82639c1aefc3f8d0221de8,train
data/datasets/AB-/cluster_5_903.BMP,AB-,SUBJECT_GROUP_0206,208,208__M_Right_middle_finger.BMP,b9705025041c0bb08becd79ab5ee71a02fde329742f41264051029ace8e2cc8e,train
data/datasets/AB-/cluster_5_907.BMP,AB-,SUBJECT_GROUP_0570,581,581__F_Right_little_finger.BMP,d6e1f2ea46be0c282ada9fd7bfc3505dd53187dc5a5bdaf0a6b7ae6e3ab0af51,train
data/datasets/AB-/cluster_5_916.BMP,AB-,SUBJECT_GROUP_0507,515,515__M_Left_index_finger.BMP,61dc4af16802cb8dcc957a234ab5d52af5b0a472474e94748a96f59fe0b58626,train
data/datasets/AB-/cluster_5_919.BMP,AB-,SUBJECT_GROUP_0354,359,359__M_Right_index_finger.BMP,64e2735ab48155760cfc1dfb5c921cc7e8b605578c88942bd29be5ec6a722dd0,train
data/datasets/AB-/cluster_5_920.BMP,AB-,SUBJECT_GROUP_0090,90,90__M_Left_middle_finger.BMP,64b7caa14ffdc30c079b85e6960187b42a1e0772aebb94a910fee0e7b0d8a2cf,train
data/datasets/AB-/cluster_5_922.BMP,AB-,SUBJECT_GROUP_0081,81,81__F_Right_little_finger.BMP,a98ea4aedf39fa0126045d57eda5edf51552584f64eab79d1a2e355866fc451a,test
data/datasets/AB-/cluster_5_94.BMP,AB-,SUBJECT_GROUP_0190,190,190__M_Left_ring_finger.BMP,54b53d6d190157d8265fdce4cbc399f0fd8eefbe8b4efe5f907a65012f7a8595,train
data/datasets/AB-/cluster_5_943.BMP,AB-,SUBJECT_GROUP_0319,324,324__M_Right_middle_finger.BMP,dbc91a878f1738596c58686948d8d98a235610cfc3575c0dc566bf74646dcf49,train
data/datasets/AB-/cluster_5_944.BMP,AB-,SUBJECT_GROUP_0148,148,148__M_Left_ring_finger.BMP,b1a3c686faf6aad99a56891107f04b75bd5f877574457da5c29ba5e0c76d6f29,train
data/datasets/AB-/cluster_5_945.BMP,AB-,SUBJECT_GROUP_0303,308,308__M_Left_little_finger.BMP,2587a31cf7c17c16b941851cd22cc5d63941cc89e402b0c8eb036cd8747b82c7,train
data/datasets/AB-/cluster_5_948.BMP,AB-,SUBJECT_GROUP_0153,153,153__M_Left_ring_finger.BMP,325a337daaf78af886b3783967977ce25fb1cadd48968f2763320733826e89d6,test
data/datasets/AB-/cluster_5_95.BMP,AB-,SUBJECT_GROUP_0063,63,63__M_Right_little_finger.BMP,bc4fff5d9dd8de960acf6c1d545a325cff3f2ec52b25c9bfa8a7e17220bc4d88,train
data/datasets/AB-/cluster_5_950.BMP,AB-,SUBJECT_GROUP_0461,468,468__F_Left_little_finger.BMP,b111826b578f63b334ebb080b88b530251a5d090ec5a69300bf50ceed9b60448,train
data/datasets/AB-/cluster_5_969.BMP,AB-,SUBJECT_GROUP_0301,306,306__M_Right_middle_finger.BMP,3254fdb1bf55adf06ecfe925f6a12d47bc324150beffb0e10e438d736c02e101,train
data/datasets/AB-/cluster_5_984.BMP,AB-,SUBJECT_GROUP_0281,286,286__M_Left_ring_finger.BMP,fa4a107c758cc808878299e73fdf2ae32572a266e303d40a4348ff2c651db6ef,train
data/datasets/B+/cluster_2_10.BMP,B+,SUBJECT_GROUP_0475,482,482__M_Left_ring_finger.BMP,11a342b3d802b912b10c6391da9dc2b56fd48b0fa6e6ceb43583dadc16c94ff5,test
data/datasets/B+/cluster_2_1006.BMP,B+,SUBJECT_GROUP_0033,33,33__M_Left_ring_finger.BMP,622fb8c3da0e958d0957a70277ef3f35e6136a0ca6c6e864e019418434b217cd,validation
data/datasets/B+/cluster_2_1012.BMP,B+,SUBJECT_GROUP_0578,591,591__M_Left_little_finger.BMP,94cb9a9241c9d72cdcd8e0e280680e4f5b061864724092499a3235bb09672c3b,test
data/datasets/B+/cluster_2_1021.BMP,B+,SUBJECT_GROUP_0056,56,56__F_Right_little_finger.BMP,e49a63c0a6b627ee4fb60c9e06ed5d766a5dd287491999580c1d52df0a5e2671,validation
data/datasets/B+/cluster_2_1038.BMP,B+,SUBJECT_GROUP_0208,210,210__M_Right_middle_finger.BMP,87f2d39b4e561d0c15f1646b42b08e5a89b6bd4a630b88b55c15e58c4f6774ed,train
data/datasets/B+/cluster_2_104.BMP,B+,SUBJECT_GROUP_0218,221,221__M_Right_little_finger.BMP,fe54dd6159bb87a5ae859d0e0ae3d6e48febe84c2b13affa5ebd842546b712b2,test
data/datasets/B+/cluster_2_1048.BMP,B+,SUBJECT_GROUP_0125,125,125__M_Right_ring_finger.BMP,804edafa40cad056cfa5331439657b5ac26a38d6ebb002ea4120d811895e2a6c,test
data/datasets/B+/cluster_2_1051.BMP,B+,SUBJECT_GROUP_0141,141,141__F_Left_ring_finger.BMP,97af8ea872ea121ae147ef9f2b73b4971401cacc8e7ca1047eb7ffc1a2214e11,test
data/datasets/B+/cluster_2_1053.BMP,B+,SUBJECT_GROUP_0452,459,459__M_Right_little_finger.BMP,0a21c73109938e5cfd5805980591f140bd8baeb2df4e4f56f78ccac2970881f3,train
data/datasets/B+/cluster_2_1077.BMP,B+,SUBJECT_GROUP_0100,100,100__M_Right_little_finger.BMP,d9ec2e2f2062c5b6ef739b09958c72c90e99c6b395b1da31249f794335b32c82,train
data/datasets/B+/cluster_2_1078.BMP,B+,SUBJECT_GROUP_0576,588,588__M_Right_little_finger.BMP,4ba8155cdf2e751efe0c2d2c17a27203f425525efc6fa1423ab5d50e5e14e574,train
data/datasets/B+/cluster_2_1088.BMP,B+,SUBJECT_GROUP_0063,63,63__M_Right_middle_finger.BMP,0c27faec9f5e02022ac4f102be839b71f07166781e87dce22d7f22261a99a085,train
data/datasets/B+/cluster_2_1090.BMP,B+,SUBJECT_GROUP_0025,25,25__F_Right_index_finger.BMP,00a1e0bad1a5e44a0046156c672693e8d02f2674a4592b3d4a4404d756dba6e5,train
data/datasets/B+/cluster_2_1093.BMP,B+,SUBJECT_GROUP_0326,331,331__M_Right_little_finger.BMP,94dcf0b9da64edaaa64b9b4205c66ee13500ebd1e18802ff737bee3f1ea6488f,train
data/datasets/B+/cluster_2_1100.BMP,B+,SUBJECT_GROUP_0450,457,457__M_Right_little_finger.BMP,6c5737af05ee2c8726199bde9b53c30711571cd615efd71f5890f441684dccaf,validation
data/datasets/B+/cluster_2_1108.BMP,B+,SUBJECT_GROUP_0350,355,355__M_Left_ring_finger.BMP,ee6fa44b003835dc66ccef6c90e0ebad188eb13e4daccfe9eaa9c21a4d0e1964,train
data/datasets/B+/cluster_2_1111.BMP,B+,SUBJECT_GROUP_0017,17,17__M_Left_little_finger.BMP,7c4aeb63787ea0f768d9c72c998e2991b2f0c308779ff0f6d3d2d4f4b1541dd1,test
data/datasets/B+/cluster_2_1125.BMP,B+,SUBJECT_GROUP_0326,331,331__M_Left_ring_finger.BMP,d443341863da95e902945894a0d6255bd9558b8ab26c69a93a9fde714730dd32,train
data/datasets/B+/cluster_2_1135.BMP,B+,SUBJECT_GROUP_0536,544,544__M_Left_ring_finger.BMP,1a838e169827e39e93883f4e7dd4db0bf707e948933a7bbd19c3a5dd443dda36,train
data/datasets/B+/cluster_2_1140.BMP,B+,SUBJECT_GROUP_0130,130,130__F_Right_ring_finger.BMP,fa3d1dc097886b3225e858aeb01b5b24acb5e2358eeb1ebebb10726034045e72,train
data/datasets/B+/cluster_2_1150.BMP,B+,SUBJECT_GROUP_0112,112,112__M_Right_middle_finger.BMP,f05178f824e57dc28c7f5502486eff9dd51815571735a61857dc7d39936c3782,train
data/datasets/B+/cluster_2_1157.BMP,B+,SUBJECT_GROUP_0183,183,183__M_Left_ring_finger.BMP,ea22f721bf96a5961d9525f09d2e66ff3ada7088217485137cc965a1f66ce1c2,train
data/datasets/B+/cluster_2_1160.BMP,B+,SUBJECT_GROUP_0538,546,546__M_Left_middle_finger.BMP,8d7a324c14c46a783605b5af6871c0ccb474b2f6824d742f498e7a947db1fd92,test
data/datasets/B+/cluster_2_1182.BMP,B+,SUBJECT_GROUP_0498,505,505__M_Left_middle_finger.BMP,35e7faec4da10f827c8f48261da4c69a0f6a213d85bb7cc292a57f7a72fa3a27,train
data/datasets/B+/cluster_2_1186.BMP,B+,SUBJECT_GROUP_0268,273,273__M_Left_ring_finger.BMP,6a672ae3eedfdd9bffe961e5b9e1c4faf677ac7e3aa82e83b9b7df75c18a228a,train
data/datasets/B+/cluster_2_1189.BMP,B+,SUBJECT_GROUP_0152,152,152__M_Right_little_finger.BMP,8170a9b9376dd27bd650d59ff2b3c2eff861a0589e951d47bfdb5fca1b0d0ec9,train
data/datasets/B+/cluster_2_119.BMP,B+,SUBJECT_GROUP_0115,115,115__F_Right_ring_finger.BMP,3195d467eb9388869a030ceaac9d4129f11b000b5a016ae8410b93e954428011,train
data/datasets/B+/cluster_2_1199.BMP,B+,SUBJECT_GROUP_0317,322,322__M_Left_little_finger.BMP,e954a84b03160cf2a25bac63b011b6469954121128a7a6fbf699fe38ba36ca66,train
data/datasets/B+/cluster_2_1205.BMP,B+,SUBJECT_GROUP_0058,58,58__M_Left_ring_finger.BMP,7b5f277753ad94b7d338aed0135ad63711fd81c4be5a0a30c4a89366e42d98a9,validation
data/datasets/B+/cluster_2_1231.BMP,B+,SUBJECT_GROUP_0282,287,287__M_Right_middle_finger.BMP,cd589e3bad5a2ff8b112e7112b40249da8648d907a3200923e068ebe22f6eb4d,train
data/datasets/B+/cluster_2_1248.BMP,B+,SUBJECT_GROUP_0021,21,21__M_Right_little_finger.BMP,65002a17e4ef76e0500de0927d6963e39128285c8e376e5a91927372fb8ea0b5,test
data/datasets/B+/cluster_2_1250.BMP,B+,SUBJECT_GROUP_0385,391,391__M_Right_little_finger.BMP,3f90e144eab2ba0fa3f680bc13924d9f8aba67cf9e5920fc4b5fe2a5faa8a939,train
data/datasets/B+/cluster_2_1256.BMP,B+,SUBJECT_GROUP_0463,470,470__F_Left_ring_finger.BMP,3cb11afe7929c9aaf56c92641a4856492e2c2c70280e373541c663dcc8e3adda,train
data/datasets/B+/cluster_2_1260.BMP,B+,SUBJECT_GROUP_0059,59,59__F_Right_ring_finger.BMP,aa886d8da3b5a666a8afc6de95d451e1faef36d7ad27dd352b308ddb8941b27b,train
data/datasets/B+/cluster_2_1268.BMP,B+,SUBJECT_GROUP_0142,142,142__F_Right_middle_finger.BMP,45829f191b24c8d38df67def33421d3a3e74d9a86843f3d406138fa7ac5d7397,train
data/datasets/B+/cluster_2_1281.BMP,B+,SUBJECT_GROUP_0558,568,568__M_Left_ring_finger.BMP,da4b5131ab2df01dd014a5f644135455df77f2810cb12ba721119c79d1725b09,train
data/datasets/B+/cluster_2_1284.BMP,B+,SUBJECT_GROUP_0163,163,163__M_Left_ring_finger.BMP,afa5d47ac4061186947628261bae232105452b701ae6775fe77f03a82f63d05b,train
data/datasets/B+/cluster_2_1325.BMP,B+,SUBJECT_GROUP_0288,293,293__F_Left_middle_finger.BMP,392596f19870a0ba0f2a8847683ede55f4c8b6e95d4a6f1312e5a04d5ae70713,test
data/datasets/B+/cluster_2_133.BMP,B+,SUBJECT_GROUP_0562,572,572__F_Left_index_finger.BMP,091d968ef8c63b1dd07ad87b511938afe40245cd2c1a3b38ca2ab3a925400a1f,validation
data/datasets/B+/cluster_2_1336.BMP,B+,SUBJECT_GROUP_0303,308,308__M_Left_ring_finger.BMP,f33cd516684380a7a6c14b75e1ecf04c7ce14e70d43c9225b5bebba8f356dcd3,train
data/datasets/B+/cluster_2_134.BMP,B+,SUBJECT_GROUP_0159,159,159__M_Right_thumb_finger.BMP,d19250737739777799a563893efa11c4c658c8f95a2ade25b3810ce6fe355213,train
data/datasets/B+/cluster_2_1348.BMP,B+,SUBJECT_GROUP_0383,389,389__F_Right_index_finger.BMP,4041d3dcf2cd8fd564ae1ebf794d105e6b39f39125dc4145a5a9a0bc1e9a3ec1,train
data/datasets/B+/cluster_2_135.BMP,B+,SUBJECT_GROUP_0375,381,381__M_Right_ring_finger.BMP,8b21e1d139d515088146ee25188ac4c06476672688fbeab41edc6882bc7a098b,train
data/datasets/B+/cluster_2_1350.BMP,B+,SUBJECT_GROUP_0074,74,74__F_Left_little_finger.BMP,f73e1033ef63f44e8bd867761954bf6663b46c33205cb6226a3f355c2d92c04e,test
data/datasets/B+/cluster_2_1359.BMP,B+,SUBJECT_GROUP_0410,416,416__M_Right_little_finger.BMP,fbcc12e67c321e32c0926028e0dc5dc7ffd1ea8918967cdb9730b5b3f527d6d8,train
data/datasets/B+/cluster_2_1360.BMP,B+,SUBJECT_GROUP_0202,202,202__M_Right_middle_finger.BMP,15f491c68ce452c7a30a61d23c20d22b2c2cab12e30c91710e1f10fae4edc13b,test
data/datasets/B+/cluster_2_1362.BMP,B+,SUBJECT_GROUP_0311,316,316__M_Left_little_finger.BMP,e5df64948b0de26f31b32223ad6573a1d29726f0ee3f5afa0295c0e2d0dd679e,train
data/datasets/B+/cluster_2_1394.BMP,B+,SUBJECT_GROUP_0389,395,395__M_Right_little_finger.BMP,d77bf20b4f52d631390cb91e062f59cf99b4950148db2510ef90ceb430e024ae,train
data/datasets/B+/cluster_2_1395.BMP,B+,SUBJECT_GROUP_0389,395,395__M_Right_index_finger.BMP,33b78a067d02137a60ffccb17fbe65999e5bdfa6e58f95e2e9e4831a8bbb206e,train
data/datasets/B+/cluster_2_14.BMP,B+,SUBJECT_GROUP_0241,244,244__M_Left_ring_finger.BMP,dff30c4b35a38376116738f115e20836e9eeb55897a159963cd56614be9e3f9f,train
data/datasets/B+/cluster_2_140.BMP,B+,SUBJECT_GROUP_0321,326,326__M_Right_ring_finger.BMP,4f8d796a9ef435d0fea4f7c9224da86d86cc5156c48752c5d789ccf076a5ac07,train
data/datasets/B+/cluster_2_1407.BMP,B+,SUBJECT_GROUP_0277,282,282__M_Right_thumb_finger.BMP,494ea94125cef4fdbdf54dc4222069096b235de3a3ceec7facfa2edc09829eca,train
data/datasets/B+/cluster_2_1412.BMP,B+,SUBJECT_GROUP_0472,479,479__F_Left_little_finger.BMP,997cd2cc324b2d082fbd44b27b0153614a289de5ee083f5ca58539032686bb72,train
data/datasets/B+/cluster_2_142.BMP,B+,SUBJECT_GROUP_0295,300,300__F_Left_little_finger.BMP,8069b221403133cbce48a35bb06f147c73620da228bf0b0bef3c516934547c0b,test
data/datasets/B+/cluster_2_1428.BMP,B+,SUBJECT_GROUP_0097,97,97__M_Left_little_finger.BMP,86260e20c75c04ad74bcb6f91e735322d5f4ec3e322ac1164ca578f93d78bd8b,train
data/datasets/B+/cluster_2_143.BMP,B+,SUBJECT_GROUP_0587,600,600__M_Right_middle_finger.BMP,4b8c35b4239962fe6e3fec8dbcfa97341e3d9df74424843c6bcb88f1786824d3,train
data/datasets/B+/cluster_2_1458.BMP,B+,SUBJECT_GROUP_0013,13,13__F_Right_middle_finger.BMP,15c10033f9477d64cf7ccce51bf34d5edd5719b25f736d472729b6edf5a9dbd1,train
data/datasets/B+/cluster_2_1461.BMP,B+,SUBJECT_GROUP_0009,9,9__M_Left_little_finger.BMP,d951aaa107ecc6a91ed04abb1a30cb1d0352c37f7b95ccbb6366e08e8b937939,train
data/datasets/B+/cluster_2_1462.BMP,B+,SUBJECT_GROUP_0476,483,483__M_Left_middle_finger.BMP,6078e1dddf2144768ff0d6f0b22eba6956f8be8dd420c20826a0090d610079d7,train
data/datasets/B+/cluster_2_147.BMP,B+,SUBJECT_GROUP_0222,225,225__M_Right_ring_finger.BMP,fd3a894822611a8d7b30f6672fcbd494eaca9a72297ede815ec6597f132e2e64,validation
data/datasets/B+/cluster_2_1472.BMP,B+,SUBJECT_GROUP_0501,508,508__F_Right_little_finger.BMP,a5208355ef6eccd136b712f80f5c49615dcd7d0ee964717bbbd3b66934d8006d,train
data/datasets/B+/cluster_2_1475.BMP,B+,SUBJECT_GROUP_0490,497,497__M_Right_ring_finger.BMP,ed39deb4d57cb7a228a91d8ba8d3315963329c79c470fe6bde29334960461dea,train
data/datasets/B+/cluster_2_1483.BMP,B+,SUBJECT_GROUP_0038,38,38__M_Left_little_finger.BMP,273a72ef7c0b17b0db1505fde6c6e1bde407cf7519094ee8da387338090691ef,train
data/datasets/B+/cluster_2_1484.BMP,B+,SUBJECT_GROUP_0171,171,171__M_Right_thumb_finger.BMP,c04bdb579086d2d6dbbc4471fefe005879bad8841760698c5f171a58ced5685f,train
data/datasets/B+/cluster_2_1490.BMP,B+,SUBJECT_GROUP_0485,492,492__F_Left_middle_finger.BMP,948f7e12233ac67ed9ef1bcb1af7af932100cc09c42ab436cea13a2016f344b2,validation
data/datasets/B+/cluster_2_1500.BMP,B+,SUBJECT_GROUP_0117,117,117__F_Right_thumb_finger.BMP,949831be1ae0e36bc20e88624ad7e22bec2fccd10753fb04bea3c7ee056bcd6e,test
data/datasets/B+/cluster_2_153.BMP,B+,SUBJECT_GROUP_0040,40,40__F_Right_thumb_finger.BMP,a208a709e4119dbade8c8a8990741a41a58e4f7dac68a9d53b38b17954cc1430,train
data/datasets/B+/cluster_2_1533.BMP,B+,SUBJECT_GROUP_0218,221,221__M_Right_middle_finger.BMP,5767cf28f4caf02c1f22b3475b87a49cf94f5649ef437834999e0b4cff7f30bf,test
data/datasets/B+/cluster_2_1535.BMP,B+,SUBJECT_GROUP_0221,224,224__M_Right_middle_finger.BMP,d47eaeff987f258606d3a203f6ae9c82093098d34743e55ef9ceffdc2eeedf1c,train
data/datasets/B+/cluster_2_1537.BMP,B+,SUBJECT_GROUP_0311,316,316__M_Left_ring_finger.BMP,190b2e0a25657b0c84bfb24362a5a4a9b5f6494076041706fe8a2600023f8cb8,train
data/datasets/B+/cluster_2_154.BMP,B+,SUBJECT_GROUP_0038,38,38__M_Right_thumb_finger.BMP,57d5c51a1a6739ec1b7b165e7eab9328ad39863c009434545c020815fa81192e,train
data/datasets/B+/cluster_2_1545.BMP,B+,SUBJECT_GROUP_0051,51,51__M_Left_ring_finger.BMP,4f307eedb146c1312e8bb05fe896d0e5127a085f50d052f6fba723ac2d3c42c1,train
data/datasets/B+/cluster_2_155.BMP,B+,SUBJECT_GROUP_0188,188,188__M_Left_little_finger.BMP,cf8328f2b5f8d1cdceca62db556525d886a9748a17bb7254f4bee7cb3d629f74,train
data/datasets/B+/cluster_2_1553.BMP,B+,SUBJECT_GROUP_0144,144,144__M_Left_ring_finger.BMP,4bbe7e4fdd600a5cd61da504338c9f20b010543ec7614fc10e2651e5159cbc67,test
data/datasets/B+/cluster_2_1559.BMP,B+,SUBJECT_GROUP_0170,170,170__M_Right_index_finger.BMP,0d2fb90fa26b764563f302e4d6e55a700de0288e3827b07f294d286e49523c3e,validation
data/datasets/B+/cluster_2_1564.BMP,B+,SUBJECT_GROUP_0044,44,44__M_Left_ring_finger.BMP,70609ff7307bf0417f684faea08351e98c0d7d82ab28f3f2cf60c029d34763cb,train
data/datasets/B+/cluster_2_1567.BMP,B+,SUBJECT_GROUP_0016,16,16__M_Left_ring_finger.BMP,33e12530eec859a19541e565475090077ea36afd652c6491f60062d02e5a54f8,train
data/datasets/B+/cluster_2_1579.BMP,B+,SUBJECT_GROUP_0360,365,365__M_Right_ring_finger.BMP,201071bd98a7408b6964b5b331b7619947ddc037feda797a9f7e46b9a7b3dea4,test
data/datasets/B+/cluster_2_158.BMP,B+,SUBJECT_GROUP_0244,247,247__M_Right_middle_finger.BMP,8525756de348dc5a65caa7c093b006c8a09fcf264ba271c84abe9d45987a663c,train
data/datasets/B+/cluster_2_1588.BMP,B+,SUBJECT_GROUP_0215,217,217__M_Left_ring_finger.BMP,1c5bfc54deb84470f019310df90b123f49e3822a6b9dfa6101088ab495f9a952,test
data/datasets/B+/cluster_2_159.BMP,B+,SUBJECT_GROUP_0577,589,589__M_Right_thumb_finger.BMP,13ba3172ff811edca299f59230d9eca020e10b85cbaffab8f273131bc712113b,validation
data/datasets/B+/cluster_2_1595.BMP,B+,SUBJECT_GROUP_0177,177,177__F_Left_index_finger.BMP,2f0b3fd7701fbc473ee56f1eccbe7f2cd2dd31a359a02857db9c74e35f75e3dd,train
data/datasets/B+/cluster_2_1601.BMP,B+,SUBJECT_GROUP_0523,531,531__M_Right_thumb_finger.BMP,dfbeaa7d606ae87255941f13066c54579f8f36525d44405441099e27830c45c1,validation
data/datasets/B+/cluster_2_1605.BMP,B+,SUBJECT_GROUP_0551,561,561__M_Left_index_finger.BMP,113e3523d51454582ecff10f8279eb84812fd2e608de1718957b0c2665d0fd85,train
data/datasets/B+/cluster_2_1614.BMP,B+,SUBJECT_GROUP_0248,252,252__F_Right_little_finger.BMP,b0aea66d1291077007bc521c47818164d94e94d78e46149c5ed0da4fe59679cc,test
data/datasets/B+/cluster_2_1617.BMP,B+,SUBJECT_GROUP_0464,471,471__M_Right_ring_finger.BMP,645f7a6b5d554636fe6ae52f92d7e984cf1b56ad9f66d2bb89c3b677ce7fcf8a,train
data/datasets/B+/cluster_2_1634.BMP,B+,SUBJECT_GROUP_0050,50,50__M_Left_little_finger.BMP,d4faacfc433f1ccaf224e8b587036d3db04dc3a438fa955b80aad4ad98d04fd7,train
data/datasets/B+/cluster_2_1639.BMP,B+,SUBJECT_GROUP_0098,98,98__M_Left_ring_finger.BMP,068abfcbb8df54dbb172df6ed870f225e99e11f5dbc4a5d520b2437edf8a0a41,test
data/datasets/B+/cluster_2_164.BMP,B+,SUBJECT_GROUP_0277,282,282__M_Left_ring_finger.BMP,bdbfddbb1942bf592c82481d69025ce01a76df59557ed77e708c599128702ced,train
data/datasets/B+/cluster_2_1647.BMP,B+,SUBJECT_GROUP_0298,303,303__F_Left_index_finger.BMP,75f55ab67923fd879ec8604b148fb0478fcf73d638a19406da80550c6625cbfd,train
data/datasets/B+/cluster_2_1651.BMP,B+,SUBJECT_GROUP_0337,342,342__M_Right_little_finger.BMP,ba5ef2364dfdfeffa74b2e4dd8bf9b9e6de030b953d20d5a999aa823ab2a183e,validation
data/datasets/B+/cluster_2_1654.BMP,B+,SUBJECT_GROUP_0534,542,542__M_Left_ring_finger.BMP,5ae2e1b4653900574e75438a0bf0605fe7f7d22a032b76c9020a90a8b8d20e77,train
data/datasets/B+/cluster_2_1666.BMP,B+,SUBJECT_GROUP_0550,560,560__F_Right_ring_finger.BMP,7ea715c608edfe99aef5b359593d9509d64fc993ad139217824d825ab181b3ea,test
data/datasets/B+/cluster_2_1674.BMP,B+,SUBJECT_GROUP_0547,557,557__M_Left_ring_finger.BMP,d877bd42e7298157bd62ca4e9277144bc918c346315369a84aa7c0d731b7f30b,test
data/datasets/B+/cluster_2_1681.BMP,B+,SUBJECT_GROUP_0312,317,317__M_Left_little_finger.BMP,498e574be09264f62fe1aa4620f1a44302aa38d8625aac1bf641563224585faf,validation
data/datasets/B+/cluster_2_1685.BMP,B+,SUBJECT_GROUP_0053,53,53__M_Left_ring_finger.BMP,7f2aafad4315509a5a7186320ec5e1a24acb5a02e19468d515d2911a05232646,train
data/datasets/B+/cluster_2_169.BMP,B+,SUBJECT_GROUP_0477,484,484__M_Left_middle_finger.BMP,1e9e5205d55faf1a12fc27ae9c072eaa6495b4c226058338cc1060f7ce886a89,train
data/datasets/B+/cluster_2_1703.BMP,B+,SUBJECT_GROUP_0244,247,247__M_Left_ring_finger.BMP,538e59c91adc5476f53c448af36b0fd9a98dc305ba36a826d034205de32b0350,train
data/datasets/B+/cluster_2_1705.BMP,B+,SUBJECT_GROUP_0522,530,530__M_Left_little_finger.BMP,b3c979f545f58bed24751f37cfe72c39fa8397e5d990b8eeb85590b5a47e97b3,test
data/datasets/B+/cluster_2_1712.BMP,B+,SUBJECT_GROUP_0383,389,389__F_Left_middle_finger.BMP,c0b7ca2128013b9743fa034b03bf61cf3a0a2d34df0842b37adb6b80ea655eba,train
data/datasets/B+/cluster_2_1722.BMP,B+,SUBJECT_GROUP_0151,151,151__M_Right_index_finger.BMP,ddfe7ff65ac9d4f64477177c5d28b92335dff152a3828eb3cb7aba486a0e63f8,validation
data/datasets/B+/cluster_2_1727.BMP,B+,SUBJECT_GROUP_0341,346,346__M_Right_middle_finger.BMP,cf1dd706f09acc50212279c2f97fce70dd85d6152f693747bf98b1dbeb33393f,train
data/datasets/B+/cluster_2_1734.BMP,B+,SUBJECT_GROUP_0266,271,271__M_Left_index_finger.BMP,f65072f7f5f3a798ad2d0578884fdb2ee3375875b65f746ff6fb3979bf045d20,train
data/datasets/B+/cluster_2_1736.BMP,B+,SUBJECT_GROUP_0022,22,22__M_Right_ring_finger.BMP,ceea23a9efe85346691d540c11e8ddda4252679b3aad56a36c4eb50e9a212863,test
data/datasets/B+/cluster_2_174.BMP,B+,SUBJECT_GROUP_0572,583,583__M_Right_ring_finger.BMP,1f77a35e8c831b7be12f4f92da64eba21e23f477d63aedf6e7b9536d194b9d2d,test
data/datasets/B+/cluster_2_1746.BMP,B+,SUBJECT_GROUP_0361,366,366__M_Left_ring_finger.BMP,9a1a312ef94f37f892df28e6c8ac5ff54b15d341301b4dba1101c4274e560c72,train
data/datasets/B+/cluster_2_1750.BMP,B+,SUBJECT_GROUP_0154,154,154__F_Left_index_finger.BMP,d6b5df59919cfbe8d5d81de930b398acb73ddd32c98b1f8acbadd137219dbb31,train
data/datasets/B+/cluster_2_1755.BMP,B+,SUBJECT_GROUP_0290,295,295__M_Right_little_finger.BMP,1a26b8e0272fe5633d479958832a8e9ab8b14717162aaf258a9368a6c8355cdc,train
data/datasets/B+/cluster_2_1763.BMP,B+,SUBJECT_GROUP_0118,118,118__F_Right_little_finger.BMP,da84bd250cbfe049826f1ef3b57e4c09723fce37ebaf31d31c1cad74f3c8e69a,train
data/datasets/B+/cluster_2_1776.BMP,B+,SUBJECT_GROUP_0264,269,269__M_Right_index_finger.BMP,d04d46abba9fb12e7264be7e6dc95d8f87058a42739641ad3a39cf004e4f5717,train
data/datasets/B+/cluster_2_1777.BMP,B+,SUBJECT_GROUP_0283,288,288__M_Left_little_finger.BMP,ff026acf1503d602f9634a581f72f88c2d4108095f475ffcbd4c9780016540c5,train
data/datasets/B+/cluster_2_1786.BMP,B+,SUBJECT_GROUP_0043,43,43__F_Right_ring_finger.BMP,28240d61a97d004eac0faefa44df1f8c3f7cd01cc869bb86d32c65388b528075,train
data/datasets/B+/cluster_2_1796.BMP,B+,SUBJECT_GROUP_0186,186,186__M_Right_thumb_finger.BMP,8794295a54f15b3308d18b6b077f943e322b096d822f119c17e3832a016e4be5,train
data/datasets/B+/cluster_2_1812.BMP,B+,SUBJECT_GROUP_0378,384,384__F_Right_ring_finger.BMP,32d44e4019bd2339535bf6de680526f104b15d811cc39876ce7068ee1ea78f72,train
data/datasets/B+/cluster_2_1820.BMP,B+,SUBJECT_GROUP_0549,559,559__M_Left_index_finger.BMP,34e9be64b6bc334f9382fd2dc338200bfd8e228210c1fecebf42dd6554e31bb1,train
data/datasets/B+/cluster_2_1833.BMP,B+,SUBJECT_GROUP_0490,497,497__M_Right_little_finger.BMP,9389358d08403177741e5a0fda3838fc65bd2bf36b492034e47103b96289eed2,train
data/datasets/B+/cluster_2_1837.BMP,B+,SUBJECT_GROUP_0496,503,503__M_Right_little_finger.BMP,69735b65ad6ec97ea0323ca40583b7d5a77bbee965767969cc0ddab1877e87fb,train
data/datasets/B+/cluster_2_1840.BMP,B+,SUBJECT_GROUP_0216,218,218__M_Right_little_finger.BMP,f7d6e9a516c5f8261eb7673881dab7cb20cc6f5e1708e821680971fed40474aa,train
data/datasets/B+/cluster_2_1844.BMP,B+,SUBJECT_GROUP_0447,454,454__M_Right_little_finger.BMP,30b10b0d4aba084dfc054620d44b1d58241fd040d44fa64e5f1b6ff001c31f59,train
data/datasets/B+/cluster_2_1854.BMP,B+,SUBJECT_GROUP_0007,7,7__M_Right_middle_finger.BMP,3478d5645db897a77e4def0faa0f0eefd6ac78d8bc473127041c0070bf1096a8,test
data/datasets/B+/cluster_2_1860.BMP,B+,SUBJECT_GROUP_0063,63,63__M_Left_little_finger.BMP,aa652fe9808ad31835e3c1a60d7216b0c515eee40f6878c1005f5bc4ddc2260f,train
data/datasets/B+/cluster_2_1882.BMP,B+,SUBJECT_GROUP_0079,79,79__M_Right_little_finger.BMP,c00d84792f6574731dc471035a88ff0769da799a2320d9a2b34432e01cf0c881,train
data/datasets/B+/cluster_2_1888.BMP,B+,SUBJECT_GROUP_0292,297,297__M_Right_middle_finger.BMP,413cf59b93c36c0f9cff2f666a48a59b73ada04e26bd795399fac40a85293bbb,test
data/datasets/B+/cluster_2_19.BMP,B+,SUBJECT_GROUP_0552,562,562__F_Right_index_finger.BMP,463e2f2e1645c0520bf9b52d56663d9fe5d0634ee461dfeb372b4a19c8185c10,train
data/datasets/B+/cluster_2_1907.BMP,B+,SUBJECT_GROUP_0352,357,357__M_Right_little_finger.BMP,4a62b8d21dc34fd821cea194de89b6e1e1ca14c3850951062466238e3750df17,train
data/datasets/B+/cluster_2_1910.BMP,B+,SUBJECT_GROUP_0342,347,347__M_Left_little_finger.BMP,4792f8bdf280fda3fef752df1dbac6e02460103577a3a197901f6c1dacf9029a,train
data/datasets/B+/cluster_2_1911.BMP,B+,SUBJECT_GROUP_0053,53,53__M_Left_little_finger.BMP,f2fb7645faf6fc1c364f86da9c6347261857af325c2688b97bb4d9b0277bd25b,train
data/datasets/B+/cluster_2_1920.BMP,B+,SUBJECT_GROUP_0137,137,137__M_Left_ring_finger.BMP,a6821e949f94003141729209f8f745728a736cefef7a2283ea3b80559a6b3b81,validation
data/datasets/B+/cluster_2_1928.BMP,B+,SUBJECT_GROUP_0528,536,536__F_Right_little_finger.BMP,ae6bee4d906459e366752cb6c90e39db21bff73e7619076018c6a81606c3f479,test
data/datasets/B+/cluster_2_1929.BMP,B+,SUBJECT_GROUP_0523,531,531__M_Left_little_finger.BMP,7bd8f19ba2f95f20b7dd8726e9b0a15b64a20cddd6add09b6d5c02a669f9c1f1,validation
data/datasets/B+/cluster_2_1931.BMP,B+,SUBJECT_GROUP_0236,239,239__M_Right_little_finger.BMP,8709bc48bae899aa63a042ab00e78799b1de0f61b520fa015eaf1ec35e32b8a7,train
data/datasets/B+/cluster_2_194.BMP,B+,SUBJECT_GROUP_0366,371,371__M_Right_index_finger.BMP,46e311b71e7ec44ba332a2f2b6e50780a7dd220eee04f68f3b5b01a2ab102d24,train
data/datasets/B+/cluster_2_1942.BMP,B+,SUBJECT_GROUP_0289,294,294__M_Left_little_finger.BMP,be9cbf305ace17392eec2bd7113f894726dd011386ebd0e571d47d6bf1ca8077,train
data/datasets/B+/cluster_2_1947.BMP,B+,SUBJECT_GROUP_0049,49,49__M_Left_little_finger.BMP,f13c2f9f94f6c2cb4624efbf97878292450f3ca34f52e13621cf6aa33fe32d77,train
data/datasets/B+/cluster_2_1948.BMP,B+,SUBJECT_GROUP_0238,241,241__M_Right_ring_finger.BMP,4eea124b95df32f09479bf5e7acefae09b3e2f6185cd7c5f4e0351f837e1f9fd,train
data/datasets/B+/cluster_2_195.BMP,B+,SUBJECT_GROUP_0233,236,236__M_Left_little_finger.BMP,bdd01e914577ff8c196aec0056b0b7d7928d7f584450fec4bbc6fb36d9e59f72,train
data/datasets/B+/cluster_2_1958.BMP,B+,SUBJECT_GROUP_0457,464,464__M_Left_little_finger.BMP,f873f86f227cec2031896ba3ebc902953f7ca523ee4ca1b907af1ead809af3eb,train
data/datasets/B+/cluster_2_198.BMP,B+,SUBJECT_GROUP_0312,317,317__M_Right_little_finger.BMP,2afbdb6253a689ced8207bf563361944d298a85feeeb7cefb7dc3039a7c7e7a0,validation
data/datasets/B+/cluster_2_1985.BMP,B+,SUBJECT_GROUP_0496,503,503__M_Right_middle_finger.BMP,c5264e733872c5e64b54f30e0ec8f5ef7c9243d16c1e4ddd865c5802339c33eb,train
data/datasets/B+/cluster_2_199.BMP,B+,SUBJECT_GROUP_0535,543,543__M_Left_little_finger.BMP,42dda5265d87e1ce8c73a3e832cd5da2cff6b40937fb56d9055e02831271021b,train
data/datasets/B+/cluster_2_20.BMP,B+,SUBJECT_GROUP_0587,600,600__M_Left_middle_finger.BMP,b60dabe06cf6a6a53b2bb286329f5b2f6753d97a0e14790ea832e5e6329f220e,train
data/datasets/B+/cluster_2_2001.BMP,B+,SUBJECT_GROUP_0170,170,170__M_Left_index_finger.BMP,e36c7d5345c97e283c7dc5b039056b1768a2a4bd22cc2844e7f87d265caa2acc,validation
data/datasets/B+/cluster_2_2004.BMP,B+,SUBJECT_GROUP_0216,218,218__M_Left_little_finger.BMP,7ab9f764d0ce35fe05d420aafb3a5a118059538bd9d33f0236a90082258ce1eb,train
data/datasets/B+/cluster_2_2005.BMP,B+,SUBJECT_GROUP_0402,408,408__M_Right_ring_finger.BMP,112baf8b22ac66ad6efca18e0c641305e900d428a1e4b0990699b3d38ccf7422,train
data/datasets/B+/cluster_2_2018.BMP,B+,SUBJECT_GROUP_0086,86,86__M_Left_little_finger.BMP,6cb11d22de58b6aea35aa4df068e937c6fbba4f0901170692119bf9162fb083c,test
data/datasets/B+/cluster_2_2035.BMP,B+,SUBJECT_GROUP_0226,229,229__M_Left_middle_finger.BMP,4e80101c18b5f78db657820d93c6723aaf76c56ead1dc44d06804bbab5ba1a06,train
data/datasets/B+/cluster_2_2040.BMP,B+,SUBJECT_GROUP_0337,342,342__M_Right_thumb_finger.BMP,d0e291107afd960b71af4761c329741fe980039e7fca47c0ec77a89e7e5e4ddc,validation
data/datasets/B+/cluster_2_2042.BMP,B+,SUBJECT_GROUP_0096,96,96__M_Left_little_finger.BMP,55a870b5c4f3451d2686d2e34a36f10a2e8aa2e3a6781ad2c2bb464b415b82d1,test
data/datasets/B+/cluster_2_2044.BMP,B+,SUBJECT_GROUP_0122,122,122__M_Right_middle_finger.BMP,c147af8d562d6fcab0998eb1fbb50c0dfabf621b0d71828f4c4f80f09b328970,test
data/datasets/B+/cluster_2_2097.BMP,B+,SUBJECT_GROUP_0105,105,105__M_Left_little_finger.BMP,689813fc9615f1622f2f1b2e5548e82c0bec1dd862a843fc183e274ab7d13749,train
data/datasets/B+/cluster_2_2101.BMP,B+,SUBJECT_GROUP_0253,257,257__M_Right_middle_finger.BMP,57da8c5be3947d27b8595a4f52195d9fed9b102909806e5b0b482a5a8d5c0b84,train
data/datasets/B+/cluster_2_2108.BMP,B+,SUBJECT_GROUP_0356,361,361__M_Right_index_finger.BMP,1168d1b6db16234e67b810f55e7df83bf960795f56aae9716f6e881f2531ab2e,train
data/datasets/B+/cluster_2_2127.BMP,B+,SUBJECT_GROUP_0065,65,65__M_Right_ring_finger.BMP,8bf4cc1c4407422e08fb5b935c87a452d0a32f8874cef8c0c1ee4146029291a5,train
data/datasets/B+/cluster_2_2156.BMP,B+,SUBJECT_GROUP_0329,334,334__F_Left_little_finger.BMP,d5bda133f0e45c9c0a70b54e7b3328e9c14619c11f7e2b364a9c9b793efa2a5a,train
data/datasets/B+/cluster_2_2170.BMP,B+,SUBJECT_GROUP_0353,358,358__M_Left_ring_finger.BMP,a94124dd1c53cbc0172592d605ca14668e2a1528bca9adf1cc93882021d26915,train
data/datasets/B+/cluster_2_2173.BMP,B+,SUBJECT_GROUP_0518,526,526__F_Right_middle_finger.BMP,f191efb236587b7a116c2b58f69dc0b81224ab10acc6655dd11a796452055cb1,train
data/datasets/B+/cluster_2_2205.BMP,B+,SUBJECT_GROUP_0339,344,344__M_Right_ring_finger.BMP,ac154111772247aab13187e582c56d02085a737bf88c71bbe30bee33f92ea9d6,train
data/datasets/B+/cluster_2_2206.BMP,B+,SUBJECT_GROUP_0485,492,492__F_Left_ring_finger.BMP,73f39b3e105a318552ea746ae872c92f280d98f040dda312cb6979007f8846e0,validation
data/datasets/B+/cluster_2_2210.BMP,B+,SUBJECT_GROUP_0117,117,117__F_Right_index_finger.BMP,7904185ecb99469ca877318c0a187e798c079dcb76d064708f10c727b51aea21,test
data/datasets/B+/cluster_2_2211.BMP,B+,SUBJECT_GROUP_0486,493,493__M_Right_little_finger.BMP,0d37c54e3c7ac0c565e73dbe9a749edaca98e708be9da0ee4e387e16d1515564,train
data/datasets/B+/cluster_2_2212.BMP,B+,SUBJECT_GROUP_0543,551,551__F_Right_little_finger.BMP,881a6b803dbe8e44703e498aa5668b68f11bceb1771e760989ce84da5e9632f5,validation
data/datasets/B+/cluster_2_2213.BMP,B+,SUBJECT_GROUP_0316,321,321__M_Left_ring_finger.BMP,ffc1c3daa0cab8179c28f16e687c9ca3e713531ae55d01fdd39384bfdb35c300,train
data/datasets/B+/cluster_2_2216.BMP,B+,SUBJECT_GROUP_0370,375,375__M_Left_little_finger.BMP,229951bb0a381e768e3f97cdf91bfa5e6d52a55533b5753b208f28555d4760d6,train
data/datasets/B+/cluster_2_2232.BMP,B+,SUBJECT_GROUP_0564,574,574__F_Right_little_finger.BMP,7cdee78d9d3061978bba02e664d73721478a757646a343a09cc8e3f8f3dc38da,train
data/datasets/B+/cluster_2_2233.BMP,B+,SUBJECT_GROUP_0559,569,569__M_Right_middle_finger.BMP,2ab88d2b988e1f13add52f5ce1441c6b9f14268ef3c5a47bc855dcbddf3e902d,train
data/datasets/B+/cluster_2_225.BMP,B+,SUBJECT_GROUP_0531,539,539__F_Left_little_finger.BMP,ca69610662c2070ae97c815692db52161ebb88b18dce51d7dc38958b0c4e72e7,test
data/datasets/B+/cluster_2_2264.BMP,B+,SUBJECT_GROUP_0376,382,382__M_Right_ring_finger.BMP,2134767e11cc7557ea2020d73cb54f865b8a1bb5961dba4b30694ce3243ac862,validation
data/datasets/B+/cluster_2_2266.BMP,B+,SUBJECT_GROUP_0369,374,374__M_Left_little_finger.BMP,a923cce80ffab291e3a103da9a67e6e3dba086bc7b6ed1a73e8dc00d007d8291,train
data/datasets/B+/cluster_2_227.BMP,B+,SUBJECT_GROUP_0265,270,270__M_Right_little_finger.BMP,388d86cd098c55b94ecabd5d2ae003b3a6622900a149cf713e56c8b9c07f60ca,train
data/datasets/B+/cluster_2_2289.BMP,B+,SUBJECT_GROUP_0559,569,569__M_Right_ring_finger.BMP,3491ed934b833a936d4e90a1533c7362c93e329bc1f8bedf8121aae204f8bbb5,train
data/datasets/B+/cluster_2_23.BMP,B+,SUBJECT_GROUP_0165,165,165__M_Left_little_finger.BMP,684c4ad41b2a57f4320671e8778784222fa0f5965e553330434b33064351a49c,train
data/datasets/B+/cluster_2_2307.BMP,B+,SUBJECT_GROUP_0477,484,484__M_Right_ring_finger.BMP,9d4f1c651e6e052515fd1ce87b4812c2b85f5f11eeffb55951835c5c2d5ad275,train
data/datasets/B+/cluster_2_231.BMP,B+,SUBJECT_GROUP_0554,564,564__M_Left_little_finger.BMP,8500bfddb10d1cfe742e5c351544fb53b79110629ce868b9f5f722fe930e2592,train
data/datasets/B+/cluster_2_2333.BMP,B+,SUBJECT_GROUP_0473,480,480__M_Left_thumb_finger.BMP,8bd460995bb901fffeea3105d8bb16bb8316f836705e98da1e23073ba9106bfd,validation
data/datasets/B+/cluster_2_2336.BMP,B+,SUBJECT_GROUP_0091,91,91__F_Right_thumb_finger.BMP,832e6e91d48f0763485a9f3ef8b07729e0aa12c825f9daaefc64ba732218669a,train
data/datasets/B+/cluster_2_2344.BMP,B+,SUBJECT_GROUP_0138,138,138__M_Right_middle_finger.BMP,0e0f262066a63afa187341cced9180370651c1f841cb0048a9354ac17d1a5df4,train
data/datasets/B+/cluster_2_235.BMP,B+,SUBJECT_GROUP_0488,495,495__M_Left_little_finger.BMP,dfca174116a4e058690ecca8851bb674b4f2817e2b88678ac37b86bee3af662b,validation
data/datasets/B+/cluster_2_2373.BMP,B+,SUBJECT_GROUP_0561,571,571__F_Right_little_finger.BMP,9919f3455dc5d11b377e5debeaaab45f3995b4542aaf15fdf3909a5f0e45c0de,train
data/datasets/B+/cluster_2_2389.BMP,B+,SUBJECT_GROUP_0315,320,320__M_Right_index_finger.BMP,e4ceeeacaf6610d11428da27f8ad57d6e4ecaebc436ac5759f43b56ac290fe3b,train
data/datasets/B+/cluster_2_2390.BMP,B+,SUBJECT_GROUP_0575,587,587__M_Left_little_finger.BMP,e7187e828e43a85dfc80c22527ac13ee442ef5bac673210b0162c97bd285be6e,test
data/datasets/B+/cluster_2_2397.BMP,B+,SUBJECT_GROUP_0337,342,342__M_Left_little_finger.BMP,a58e2929f732a555246e16c281a9751a4f2dbaf850b4bf86b808ea33fed3d70e,validation
data/datasets/B+/cluster_2_2414.BMP,B+,SUBJECT_GROUP_0371,377,377__M_Left_ring_finger.BMP,203fe0e18e3dbfe85f91bb4e62c0428d78d044cd92ec38bbb0804d465d7451d1,test
data/datasets/B+/cluster_2_242.BMP,B+,SUBJECT_GROUP_0486,493,493__M_Left_little_finger.BMP,138ada5cb02bb89299f20f84e04ad21d234edf35bc81bcf9b58178e9358f97d2,train
data/datasets/B+/cluster_2_2427.BMP,B+,SUBJECT_GROUP_0082,82,82__M_Left_middle_finger.BMP,49dd415efd11747b6e470d80001307221dfc4e65884f0d824c6c32e3bf5aa3b1,validation
data/datasets/B+/cluster_2_2429.BMP,B+,SUBJECT_GROUP_0186,186,186__M_Left_ring_finger.BMP,954b4419b4bfc32bd3fe3dbed7fccca7044a80b3ef7bcaeb9dcdeecf06b6a27b,train
data/datasets/B+/cluster_2_2442.BMP,B+,SUBJECT_GROUP_0511,519,519__M_Left_ring_finger.BMP,d73387cc26a484e4808a72a0e514d6b3a728aa92c32e9c0f1710fe3576f0dcd0,train
data/datasets/B+/cluster_2_2447.BMP,B+,SUBJECT_GROUP_0448,455,455__M_Right_ring_finger.BMP,a599b6806df9ae4351bfd3a9972cef881c6ae380f1069ef3b58c685af59bf0da,train
data/datasets/B+/cluster_2_2461.BMP,B+,SUBJECT_GROUP_0094,94,94__M_Right_index_finger.BMP,bab11c0453b56268424beb155b5d4ede84b00adb5302543e91390a48a6839dd3,train
data/datasets/B+/cluster_2_2468.BMP,B+,SUBJECT_GROUP_0074,74,74__F_Left_middle_finger.BMP,ce366536edd4e139ad98de1c1b0af9a04c1b0fe3065a009020e2f370982e1909,test
data/datasets/B+/cluster_2_2471.BMP,B+,SUBJECT_GROUP_0570,581,581__F_Right_middle_finger.BMP,cd5bcad1bea906817b595fc1237c9b6c7b7b168334d961f87267b91ae58f75cb,train
data/datasets/B+/cluster_2_2474.BMP,B+,SUBJECT_GROUP_0222,225,225__M_Right_little_finger.BMP,4ad5ea33c197301d3aeff396d51e10d8b7ea16fcc322eed4715a1b91f3a82d6b,validation
data/datasets/B+/cluster_2_25.BMP,B+,SUBJECT_GROUP_0378,384,384__F_Right_middle_finger.BMP,ddb4d0b84c143470d0d816191493a702ad12a98ad3387fa7811ef87c038d5d94,train
data/datasets/B+/cluster_2_2510.BMP,B+,SUBJECT_GROUP_0447,454,454__M_Left_thumb_finger.BMP,e18b6e9c8b58753c1c5c80cfd4a9892ffd827aa61ccb66629ecf4f5c5ba57054,train
data/datasets/B+/cluster_2_2511.BMP,B+,SUBJECT_GROUP_0064,64;203;219;249;260,203__M_Left_little_finger.BMP;219__M_Left_little_finger.BMP;249__M_Left_little_finger.BMP;260__M_Left_little_finger.BMP;64__M_Left_little_finger.BMP,f1ee5f780443c730cda521ff654e90a72140755ace55dc4838a66380db913e83,validation
data/datasets/B+/cluster_2_2516.BMP,B+,SUBJECT_GROUP_0135,135,135__F_Left_ring_finger.BMP,ff1021ef5e782a6e5c10271e8cd19ac2a26930a56687084bc3fa2145297408fb,train
data/datasets/B+/cluster_2_2517.BMP,B+,SUBJECT_GROUP_0015,15,15__F_Right_middle_finger.BMP,95ac9ad3a4a99b522e3901a893bdaa0f686f25c1311af2b84bc370717eb5fc8d,train
data/datasets/B+/cluster_2_2552.BMP,B+,SUBJECT_GROUP_0108,108,108__M_Left_ring_finger.BMP,51400663b2e4c34b4fdcdc552cce5f1beae867d6679f512f456ebde558d75260,validation
data/datasets/B+/cluster_2_2562.BMP,B+,SUBJECT_GROUP_0198,198,198__M_Left_ring_finger.BMP,be11039a1c225d537ef845ba49a21bb8d0636ad5fe3153ac24ae6801cde64c91,train
data/datasets/B+/cluster_2_2576.BMP,B+,SUBJECT_GROUP_0155,155,155__M_Right_middle_finger.BMP,a9e771ce1866cf2c3754d2bd639ea262364e10c8d25f52ffda96c4bc21eab341,train
data/datasets/B+/cluster_2_2596.BMP,B+,SUBJECT_GROUP_0416,423,423__M_Left_ring_finger.BMP,1b831d47c1fe16b93094b76c95b16824703c316b1138a18007c8ecdf8a11842d,train
data/datasets/B+/cluster_2_2608.BMP,B+,SUBJECT_GROUP_0154,154,154__F_Right_index_finger.BMP,8ed9fc4152449dfd47173dfc11e49da4fc09546ecc6026ee71740c080ee6d8cf,train
data/datasets/B+/cluster_2_2623.BMP,B+,SUBJECT_GROUP_0454,461,461__F_Right_index_finger.BMP,f9eda2861435583bcebea986da8c6bf0849801c1a4231d4518784ef966485dbb,train
data/datasets/B+/cluster_2_2625.BMP,B+,SUBJECT_GROUP_0115,115,115__F_Left_little_finger.BMP,4174ab16cfb75fa29dc4fda3f19c99193cc8af32106bf4de64fe8a7316a66d3c,train
data/datasets/B+/cluster_2_2653.BMP,B+,SUBJECT_GROUP_0119,119,119__F_Right_little_finger.BMP,e8f13d70b3f0276c3980eff0a7641846be6e3e1a6f84e5e4062caf1af904c44a,test
data/datasets/B+/cluster_2_2658.BMP,B+,SUBJECT_GROUP_0262,267,267__M_Left_little_finger.BMP,73ec0907fc088419931901982be956a2bed3b7511ede2ce7df93bad7597b240f,test
data/datasets/B+/cluster_2_2667.BMP,B+,SUBJECT_GROUP_0318,323,323__M_Left_little_finger.BMP,52228fe82edfbad13ea84ffddf5ae1ecc55106ae5cce8a4f618323304839b8ff,train
data/datasets/B+/cluster_2_2684.BMP,B+,SUBJECT_GROUP_0537,545,545__M_Left_ring_finger.BMP,391b18995d51fef1b8c5fc06d5aa5a3642b741306fe539b55cf6802998c3f89f,validation
data/datasets/B+/cluster_2_2689.BMP,B+,SUBJECT_GROUP_0082,82,82__M_Left_ring_finger.BMP,1abcf5a435d6840da437c3fe0dcd9ad66360cac1e14cd732c8850c98c575009e,validation
data/datasets/B+/cluster_2_2690.BMP,B+,SUBJECT_GROUP_0031,31,31__F_Right_ring_finger.BMP,7ff1a1945d0c5bb42ccd4158cd581b1e7adbd912b8d52438549bdd373a64e6d7,train
data/datasets/B+/cluster_2_2702.BMP,B+,SUBJECT_GROUP_0323,328,328__M_Right_middle_finger.BMP,f2b4f254ca84700abf0fe351d775a9b83ba147e76419997e1856f4f13241c7b9,train
data/datasets/B+/cluster_2_2705.BMP,B+,SUBJECT_GROUP_0056,56,56__F_Right_index_finger.BMP,e24544892f84e893a5c3be152d973a542452f3d86f5b312e7b40be402dc966ed,validation
data/datasets/B+/cluster_2_2715.BMP,B+,SUBJECT_GROUP_0218,221,221__M_Right_ring_finger.BMP,096cba8ea8a76fc149056d21f67755fe0863b29e8a13c425b9cbcabe1167b944,test
data/datasets/B+/cluster_2_2722.BMP,B+,SUBJECT_GROUP_0217,220,220__F_Right_little_finger.BMP,e5ca81e50e97ad16e2fa680007fe547c206c15b2746b678313d04066f4422f34,validation
data/datasets/B+/cluster_2_2724.BMP,B+,SUBJECT_GROUP_0171,171,171__M_Left_ring_finger.BMP,65cfc398a410e1883236d68de3d2fefa87c889915576ea1a79fc2faa3f2650b2,train
data/datasets/B+/cluster_2_2729.BMP,B+,SUBJECT_GROUP_0030,30,30__F_Right_little_finger.BMP,e42039ae53046d2d0b21d56fd4ae07c52a577c3d303ec680799969915ff7774f,train
data/datasets/B+/cluster_2_2734.BMP,B+,SUBJECT_GROUP_0474,481,481__F_Right_index_finger.BMP,915a337991cd920797187ba1a7b0abe7d0ed421214e34242484ef7c4f30a4b5f,test
data/datasets/B+/cluster_2_274.BMP,B+,SUBJECT_GROUP_0213,215,215__M_Right_little_finger.BMP,3f3fba9e1023b7066d96a03ad1a49fe905bcbf1e51125d570a03299199d9e226,train
data/datasets/B+/cluster_2_2740.BMP,B+,SUBJECT_GROUP_0384,390,390__F_Right_little_finger.BMP,031442a5b7180c28192a355b1ef56520d88506fc757ac4b802615c3353ff37e9,train
data/datasets/B+/cluster_2_2742.BMP,B+,SUBJECT_GROUP_0049,49,49__M_Left_ring_finger.BMP,cd87b1954c646210d64adfddd457eb66e8b25c5906b9628a0b8b368339036407,train
data/datasets/B+/cluster_2_2751.BMP,B+,SUBJECT_GROUP_0185,185,185__M_Left_ring_finger.BMP,d1c6236724b42599114d0f66c5fbdbf481d61a5e5282b1916d0ed18be5d96d98,train
data/datasets/B+/cluster_2_2753.BMP,B+,SUBJECT_GROUP_0323,328,328__M_Left_little_finger.BMP,c695d58eedb5b4c514a9fcd244f8eb45d19b70908684624711fec8043d4df22f,train
data/datasets/B+/cluster_2_276.BMP,B+,SUBJECT_GROUP_0536,544,544__M_Left_little_finger.BMP,62998e131e9953ff206cb6275bea9744bd95a7bdf6cbc3c0b4dca938cd82ea48,train
data/datasets/B+/cluster_2_2764.BMP,B+,SUBJECT_GROUP_0070,70,70__M_Right_index_finger.BMP,9e5653d386310f0326a593fcf00f4cc5660604a61b468326738c700c2a5dd913,validation
data/datasets/B+/cluster_2_2778.BMP,B+,SUBJECT_GROUP_0024,24,24__F_Left_middle_finger.BMP,799d392d7641de5b1784308100645f78f1f556c72e625299d8debb7d7691e30f,test
data/datasets/B+/cluster_2_2793.BMP,B+,SUBJECT_GROUP_0392,398,398__M_Left_little_finger.BMP,fd9a85bd579d0a41dfe3ac4bb0ec453f7152e8884e2a3ab2496c10ec040fe553,train
data/datasets/B+/cluster_2_2798.BMP,B+,SUBJECT_GROUP_0133,133,133__M_Right_index_finger.BMP,511299ecfbadd6b886d8b86ef6593c6d1d78b2233d19d2689c1858f2cb0f38f2,train
data/datasets/B+/cluster_2_28.BMP,B+,SUBJECT_GROUP_0163,163,163__M_Left_little_finger.BMP,76f7f7ffb72e2267213fcb2f015e39adaa375140b328851706397a67a561d1eb,train
data/datasets/B+/cluster_2_280.BMP,B+,SUBJECT_GROUP_0264,269,269__M_Right_middle_finger.BMP,8acadeab7a630108dc718382164577b29e80f0e92641a6dbcf8229aa52e23fcc,train
data/datasets/B+/cluster_2_2800.BMP,B+,SUBJECT_GROUP_0584,597,597__M_Left_ring_finger.BMP,1015ee958fcaea68acb4edd9843ac2babfca9b8fb55b7ce85d2a9af6af1fab28,train
data/datasets/B+/cluster_2_2803.BMP,B+,SUBJECT_GROUP_0552,562,562__F_Left_middle_finger.BMP,60e24c9c360cde5d2e3b878c31193fade7423cd6cf9002cd0557519e085ade9d,train
data/datasets/B+/cluster_2_2816.BMP,B+,SUBJECT_GROUP_0291,296,296__M_Left_little_finger.BMP,11de2d32eea52ce1a4f9b949fc61f9392894f93f4ac2ebf948edfd35dec7de9c,train
data/datasets/B+/cluster_2_2824.BMP,B+,SUBJECT_GROUP_0478,485,485__M_Right_index_finger.BMP,b1bd6f4b9b78a3bceea8029f4ef8f2c643c9855401aa42cc621837e26356aa34,validation
data/datasets/B+/cluster_2_2827.BMP,B+,SUBJECT_GROUP_0295,300,300__F_Left_middle_finger.BMP,d07aea6e84f1d2ebf417b33e2b06af2c877c61dc552fe23e580f0391044f02ad,test
data/datasets/B+/cluster_2_284.BMP,B+,SUBJECT_GROUP_0576,588,588__M_Left_middle_finger.BMP,ca26df62f30db610d08e83bad80fb1a29257840fddfd30464c4058441a7b28dd,train
data/datasets/B+/cluster_2_2845.BMP,B+,SUBJECT_GROUP_0298,303,303__F_Left_ring_finger.BMP,7d89ce93b42922ba5b951531ccd0972d21dabc34adaadbbea745f0ecb375d57b,train
data/datasets/B+/cluster_2_2855.BMP,B+,SUBJECT_GROUP_0366,371,371__M_Right_little_finger.BMP,9b3092d389df33f2e3a126704be1d342602f346e1b61ec384fb788d5c78b81ac,train
data/datasets/B+/cluster_2_2866.BMP,B+,SUBJECT_GROUP_0170,170,170__M_Left_ring_finger.BMP,f4c057c476a3c4c08382f37dede50c08337f01338bb0bc5f59ddde3bfa8655b1,validation
data/datasets/B+/cluster_2_287.BMP,B+,SUBJECT_GROUP_0243,246,246__M_Left_little_finger.BMP,52ec3d22a8db607d3aa6eeee2ca98c8b28e4fefdcf63f94c3c8232a2cd612d69,train
data/datasets/B+/cluster_2_2880.BMP,B+,SUBJECT_GROUP_0091,91,91__F_Right_little_finger.BMP,98708ccc100ff4d9553f7d942a1de83b7e22180d103e18844e606544ddbdf7b7,train
data/datasets/B+/cluster_2_2882.BMP,B+,SUBJECT_GROUP_0238,241,241__M_Right_index_finger.BMP,7fa122c654386e5e55dd64f2d37bf407110cf8a27605a44fd1200c61f86a9c13,train
data/datasets/B+/cluster_2_2909.BMP,B+,SUBJECT_GROUP_0451,458,458__M_Right_middle_finger.BMP,eb118b99b47e6bd6ebd5a38fbabf41925a23bc2246056d003004eb491835fce1,train
data/datasets/B+/cluster_2_2920.BMP,B+,SUBJECT_GROUP_0208,210,210__M_Right_little_finger.BMP,9e688d58780221e5ea09101bfa430833abbabe9b04e872b82f0c8de2884e7dc2,train
data/datasets/B+/cluster_2_2932.BMP,B+,SUBJECT_GROUP_0205,207,207__M_Right_ring_finger.BMP,4b04732b7604814eb01815ef51cc6d94317e1469f46aff79bbe345a5386b39d0,validation
data/datasets/B+/cluster_2_2934.BMP,B+,SUBJECT_GROUP_0292,554,554__M_Left_ring_finger.BMP,c60b96a464314cef831004ed7782978cb5aee42538e20710af19515c7323c4d0,test
data/datasets/B+/cluster_2_2935.BMP,B+,SUBJECT_GROUP_0341,346,346__M_Right_little_finger.BMP,a486c3090737c5cacb97c70febf0fde5c1ee48d7118e4ffa3e46a764519c996a,train
data/datasets/B+/cluster_2_2936.BMP,B+,SUBJECT_GROUP_0080,80,80__M_Left_little_finger.BMP,91b0787a86d581fd7fac249ff434039860bda362327980321ed5793f3dfeb040,train
data/datasets/B+/cluster_2_2939.BMP,B+,SUBJECT_GROUP_0475,482,482__M_Right_little_finger.BMP,d9d4710da078fc45f08fc007748bc017533b4d9af61ffcc60e46c3556b1e1d9d,test
data/datasets/B+/cluster_2_295.BMP,B+,SUBJECT_GROUP_0180,180,180__F_Left_little_finger.BMP,0542b87d471d300b629f66f05a069f38668186f27f27c1f6d1e90f3972866208,test
data/datasets/B+/cluster_2_2954.BMP,B+,SUBJECT_GROUP_0119,119,119__F_Right_ring_finger.BMP,e2d780eb2002ea6d73e021da5e29383c642a8b11bfa333176b0af34b5860a465,test
data/datasets/B+/cluster_2_2964.BMP,B+,SUBJECT_GROUP_0383,389,389__F_Right_middle_finger.BMP,15ffccc34ed6b154cb117414e504b6aa048375f5f5286184bb629aa224fbfe9a,train
data/datasets/B+/cluster_2_2968.BMP,B+,SUBJECT_GROUP_0564,574,574__F_Left_middle_finger.BMP,052a0141513a068c49cd46b5793f5541380c4000bc653f89b4b318474ecda160,train
data/datasets/B+/cluster_2_297.BMP,B+,SUBJECT_GROUP_0032,32,32__M_Left_ring_finger.BMP,1d1b0ede502a57320505109ab8f8882c771c49a71541572b3c6ef48a11d224da,train
data/datasets/B+/cluster_2_2973.BMP,B+,SUBJECT_GROUP_0178,178,178__M_Right_index_finger.BMP,520ab7695cce89954f64e3d744cd706e0ab640d95d3fa7ec8f434f15fbd0b82f,train
data/datasets/B+/cluster_2_2978.BMP,B+,SUBJECT_GROUP_0025,25,25__F_Right_middle_finger.BMP,e7d77c60af966e01701800e7284a78951aa7949a74a255d90e006a73b1686b14,train
data/datasets/B+/cluster_2_2998.BMP,B+,SUBJECT_GROUP_0397,403,403__M_Left_little_finger.BMP,2580d08e14096b02ccc481f1cc03762b7068cd1bc7e458933baa4eba8ac27798,test
data/datasets/B+/cluster_2_300.BMP,B+,SUBJECT_GROUP_0137,137,137__M_Right_little_finger.BMP,b7c869231685b1614b946b13a755fd589b2427bb728ea248fd1b2ab2c8b6c751,validation
data/datasets/B+/cluster_2_3009.BMP,B+,SUBJECT_GROUP_0154,154,154__F_Right_middle_finger.BMP,0c836fa6d16bb4c5b5f8b33ef4fff1b451facba68fa8ce89648eb422aa857125,train
data/datasets/B+/cluster_2_301.BMP,B+,SUBJECT_GROUP_0361,366,366__M_Right_little_finger.BMP,a16a059fdbeffa385d5dae6990312d72ad421726f9590c78355c67906721c8b0,train
data/datasets/B+/cluster_2_3030.BMP,B+,SUBJECT_GROUP_0295,300,300__F_Right_index_finger.BMP,a384e8cd6c027822393658aafe3aaceef399701e5adcb9f6a3b41a88348ffc2b,test
data/datasets/B+/cluster_2_3040.BMP,B+,SUBJECT_GROUP_0306,311,311__M_Right_little_finger.BMP,818fb6f013b73b511147f8dd74fcf1f866a5f774e8c13b93d156df02daaa84b8,validation
data/datasets/B+/cluster_2_3055.BMP,B+,SUBJECT_GROUP_0340,345,345__M_Left_little_finger.BMP,30c55dc79a85ac263a273a06b139d125f78072f274b80f9bcb9ea65f8a9dbf32,test
data/datasets/B+/cluster_2_3061.BMP,B+,SUBJECT_GROUP_0473,480,480__M_Right_little_finger.BMP,c48b542683deea31ec4b76e4070b98461db1366696761d52ee85f0dff1a0796e,validation
data/datasets/B+/cluster_2_3101.BMP,B+,SUBJECT_GROUP_0402,408,408__M_Left_middle_finger.BMP,12aa50b258c30cf7e11b7ddd0726a066d3a408607b121a3b2ede20ee6a72d377,train
data/datasets/B+/cluster_2_3114.BMP,B+,SUBJECT_GROUP_0236,239,239__M_Right_ring_finger.BMP,6a39c63ad9b148a0c67c733de7e137f366a05c0ce767b29f5a37b0b6c98b17ed,train
data/datasets/B+/cluster_2_3119.BMP,B+,SUBJECT_GROUP_0475,482,482__M_Left_little_finger.BMP,d2383bc905f9cbad2b6fb9bdf6ab93e5c0babf308a59c82a56735f0d5113ea41,test
data/datasets/B+/cluster_2_3126.BMP,B+,SUBJECT_GROUP_0314,319,319__M_Left_little_finger.BMP,a133637bbfdb920f7e463849146c2dc09faafec3d762f24ab8ca73f68a4cfa19,test
data/datasets/B+/cluster_2_3145.BMP,B+,SUBJECT_GROUP_0263,268,268__M_Right_little_finger.BMP,7f9cb914cd3bf79c6fd588b5f003192caf011ac0e4c4a41c106799abbdceef4f,train
data/datasets/B+/cluster_2_3154.BMP,B+,SUBJECT_GROUP_0067,67,67__F_Right_ring_finger.BMP,46550a4ad78aba0c0750fcf10a554d5d6707092bc2a661f408e443a02365b0d0,train
data/datasets/B+/cluster_2_3161.BMP,B+,SUBJECT_GROUP_0363,368,368__M_Left_ring_finger.BMP,e9187d267a375026c9989369542e121f40e26875f91b63ea73f59e93de5b3ab6,train
data/datasets/B+/cluster_2_3166.BMP,B+,SUBJECT_GROUP_0332,337,337__F_Right_little_finger.BMP,e1cafe03341ff466421676a8443177e8d4274414fb6cde037ad756d3b39b21ce,train
data/datasets/B+/cluster_2_3180.BMP,B+,SUBJECT_GROUP_0135,135,135__F_Left_little_finger.BMP,6b952afd3acc12ecd67c34e99efb5a2638b8f7bd31ec8bb2ef5da0e959241951,train
data/datasets/B+/cluster_2_3183.BMP,B+,SUBJECT_GROUP_0432,439,439__M_Left_ring_finger.BMP,0399ee57f519b44597ba88fd6553dcc062213a83c3d3358550e45cad22b6b2b5,train
data/datasets/B+/cluster_2_319.BMP,B+,SUBJECT_GROUP_0247,251,251__M_Left_little_finger.BMP,8e4b1a0803ef56e2f44a238e4a56a62ee9dc359363d9a6f9a73f8711d2e7629f,validation
data/datasets/B+/cluster_2_3196.BMP,B+,SUBJECT_GROUP_0535,543,543__M_Right_ring_finger.BMP,03b1b02f1e677302cb9eabcb71f0d357cf674894d893a58a5a7fde1281f354a3,train
data/datasets/B+/cluster_2_3206.BMP,B+,SUBJECT_GROUP_0045,45,45__M_Left_middle_finger.BMP,24ee297cdcb01cf316dd1e247ea4d5b090a991013f73e9b3f28b4574a2ba48b0,train
data/datasets/B+/cluster_2_3217.BMP,B+,SUBJECT_GROUP_0199,199,199__M_Left_ring_finger.BMP,d801732e90b2806321cc64ceda9dc2a81fb448b25c390acf558d2ad71764d307,train
data/datasets/B+/cluster_2_3222.BMP,B+,SUBJECT_GROUP_0061,61,61__M_Right_ring_finger.BMP,5ab737b51745de4864a2fde85643b7824f14b7bf0938933b19982c05864ef57a,train
data/datasets/B+/cluster_2_3225.BMP,B+,SUBJECT_GROUP_0421,428,428__M_Right_ring_finger.BMP,9449c10f4283efb8b7d3091db032d93bc8b14412307b219e7d950ad0d29b9f72,train
data/datasets/B+/cluster_2_3231.BMP,B+,SUBJECT_GROUP_0199,199,199__M_Left_little_finger.BMP,c4b88d96a0d7620c5c76d0392190c955e7278d10a5b19c0ebfbfe061562cff74,train
data/datasets/B+/cluster_2_3232.BMP,B+,SUBJECT_GROUP_0488,495,495__M_Right_little_finger.BMP,6dba25aa3ea2a50072d308e5f2fa6c91354551136f3a9c35a70077f36dc14819,validation
data/datasets/B+/cluster_2_3234.BMP,B+,SUBJECT_GROUP_0577,589,589__M_Right_middle_finger.BMP,6bf83a2a51c3c8cbc66ba0f4d2cedcf890d2bb7d661c5fcd484a848923322f87,validation
data/datasets/B+/cluster_2_3245.BMP,B+,SUBJECT_GROUP_0154,154,154__F_Left_little_finger.BMP,22537fc1a8f52e321d5e1a82489a9869a50f622d30a8ff643ac0c9e9c8698739,train
data/datasets/B+/cluster_2_3246.BMP,B+,SUBJECT_GROUP_0538,546,546__M_Right_little_finger.BMP,2282d4a39de3266b3a28127535363f3f6a3e6748b688755208618808ec066ac1,test
data/datasets/B+/cluster_2_329.BMP,B+,SUBJECT_GROUP_0164,164,164__M_Right_little_finger.BMP,dc1bfc4fca8c2e808c27b610f160d3e64d64dade245f5e2c9b761a643f73bdd1,train
data/datasets/B+/cluster_2_3300.BMP,B+,SUBJECT_GROUP_0018,18,18__M_Left_middle_finger.BMP,850db9dc6a66bb1e346147f838261599e9b2ad30667a883a877b186c076da9e8,validation
data/datasets/B+/cluster_2_3307.BMP,B+,SUBJECT_GROUP_0571,582,582__M_Left_ring_finger.BMP,18e558d89d89d4855dabaabb418b486750f4fe06f596282398ce6b170db441b2,validation
data/datasets/B+/cluster_2_3325.BMP,B+,SUBJECT_GROUP_0116,116,116__M_Left_ring_finger.BMP,191fbe47a108922c0f79682016c480a96e1458469de034d564ab1cbbfebdefb1,test
data/datasets/B+/cluster_2_3335.BMP,B+,SUBJECT_GROUP_0465,472,472__M_Right_little_finger.BMP,49cb62565fc39f53a1c0973c08ab088c1027f3dca12b548a042aaf33d422322e,validation
data/datasets/B+/cluster_2_3336.BMP,B+,SUBJECT_GROUP_0539,547,547__M_Right_middle_finger.BMP,2ee9c052718b6c47b6a97c26a5929eb9f757b352953ec873a79410de29216783,train
data/datasets/B+/cluster_2_3337.BMP,B+,SUBJECT_GROUP_0186,186,186__M_Right_little_finger.BMP,443071ff8853fde00b79dad29032b0572f9ab218c66e2a4557e74e53551d0fcb,train
data/datasets/B+/cluster_2_3343.BMP,B+,SUBJECT_GROUP_0356,361,361__M_Left_ring_finger.BMP,800378846f71e2d5d7202a007807bda5ed0b8e8a81237c3d8264c96b580b1593,train
data/datasets/B+/cluster_2_3346.BMP,B+,SUBJECT_GROUP_0038,38,38__M_Right_index_finger.BMP,ee1ad545099672db1d7d3a07bfd5143898e493d12f772e5f1024e91b691f2b9e,train
data/datasets/B+/cluster_2_3361.BMP,B+,SUBJECT_GROUP_0562,572,572__F_Right_ring_finger.BMP,8e635791847dfef5733fec251c2f9a5a871de29cb2bb5c33af7daa5ac2567051,validation
data/datasets/B+/cluster_2_3365.BMP,B+,SUBJECT_GROUP_0420,427,427__M_Left_little_finger.BMP,f254194b76140ab32373da5880475bf4e0391081583a192545d2d0eeed10f3fe,train
data/datasets/B+/cluster_2_3370.BMP,B+,SUBJECT_GROUP_0385,391,391__M_Left_little_finger.BMP,54f468b1a3d9d3066f6d717464b5e74b6b2fc9144b2d56e1c1bfba6d8596ada1,train
data/datasets/B+/cluster_2_3373.BMP,B+,SUBJECT_GROUP_0121,121,121__F_Left_ring_finger.BMP,1de795387574b162f120991dd9d3e235f24c227d46fd728fbed98033ae509f65,train
data/datasets/B+/cluster_2_3376.BMP,B+,SUBJECT_GROUP_0478,485,485__M_Left_ring_finger.BMP,968ea83e16a243db06051f7e52c0833512c80fcec8f9347525df1e743910b469,validation
data/datasets/B+/cluster_2_3379.BMP,B+,SUBJECT_GROUP_0460,467,467__M_Left_little_finger.BMP,45105b065438d118224026b41e4aaeece0754824e7315e36b4d8a82a47266422,train
data/datasets/B+/cluster_2_3402.BMP,B+,SUBJECT_GROUP_0362,367,367__M_Right_thumb_finger.BMP,592899db91e959af007977f54d93ee38984b5c368ef40094aaf4106d3a43eaab,train
data/datasets/B+/cluster_2_3411.BMP,B+,SUBJECT_GROUP_0264,269,269__M_Left_ring_finger.BMP,9f2a671ba7dbe88679a795777a0a51f0505cdd98e7aa5898c0093af269f4c4b5,train
data/datasets/B+/cluster_2_3419.BMP,B+,SUBJECT_GROUP_0287,292,292__M_Left_little_finger.BMP,bcd8a6188079f32b6544cd0960084a55a2a781016cb32e8418a3f2e3b5843f04,validation
data/datasets/B+/cluster_2_3431.BMP,B+,SUBJECT_GROUP_0136,136,136__F_Left_ring_finger.BMP,d1f15b11c7146f80f0077dfcc60099fb5b459bf8300112767df1740381002bdf,train
data/datasets/B+/cluster_2_3443.BMP,B+,SUBJECT_GROUP_0296,301,301__F_Right_little_finger.BMP,bceebe7d49d248acc8ac2b8bb3d71ea3cc0d67c9be96dcc854be6a64776b4753,train
data/datasets/B+/cluster_2_3448.BMP,B+,SUBJECT_GROUP_0355,360,360__M_Left_little_finger.BMP,cc4747679951e5fc8ecd4aff0b783ce95ee5614213bc80c420bd37a2c08ee7f3,test
data/datasets/B+/cluster_2_3455.BMP,B+,SUBJECT_GROUP_0027,27,27__M_Right_middle_finger.BMP,644b48aec661c2fdb9283e02ca8776273d9bbfd562006c89d2540bc9615e0df4,train
data/datasets/B+/cluster_2_3460.BMP,B+,SUBJECT_GROUP_0442,449,449__F_Right_ring_finger.BMP,be63075f39cbb1029583ba9a284c33672664253a171f1eba2ae1a6de6bd8c596,train
data/datasets/B+/cluster_2_3462.BMP,B+,SUBJECT_GROUP_0056,56,56__F_Left_middle_finger.BMP,e411e50d650ed9832c3fa129e3e48dc26faf52a6c417ea7414ea341f26c7bf2d,validation
data/datasets/B+/cluster_2_348.BMP,B+,SUBJECT_GROUP_0491,498,498__M_Right_little_finger.BMP,1303d5bcad4665149572063fabcb69ac31f202cfd1e2cd23d4d6f4ce748c741c,train
data/datasets/B+/cluster_2_3490.BMP,B+,SUBJECT_GROUP_0533,541,541__M_Right_ring_finger.BMP,018f97ced06d15ae7e05675b122548185f2f3da3e74957942262acd04fd96926,validation
data/datasets/B+/cluster_2_3507.BMP,B+,SUBJECT_GROUP_0154,154,154__F_Left_middle_finger.BMP,3be01ae4dcdc181952acf32549fcf40b592eede063b6d38ae04cfa0ec8ac0981,train
data/datasets/B+/cluster_2_3509.BMP,B+,SUBJECT_GROUP_0193,193,193__M_Right_index_finger.BMP,522e65dc3d3bbf43c7d15635f0ea21743a43710b9d524d4ac1b44bc6d505d3ca,validation
data/datasets/B+/cluster_2_3555.BMP,B+,SUBJECT_GROUP_0502,509,509__M_Right_ring_finger.BMP,88814d34419de3d6e4f6aa3a7c62a136763109c8cfe43fc4aea94b18019af265,train
data/datasets/B+/cluster_2_3579.BMP,B+,SUBJECT_GROUP_0002,2,2__F_Right_index_finger.BMP,b019d66ba0b5e0c92b78dc07f28e400c90b39687e1d89bde53210c24ec4f3654,train
data/datasets/B+/cluster_2_3584.BMP,B+,SUBJECT_GROUP_0365,370,370__M_Right_little_finger.BMP,648fa25350829868d7e7d9c03d1eb1716085e693733d6957d23a92604e93978c,train
data/datasets/B+/cluster_2_36.BMP,B+,SUBJECT_GROUP_0404,410,410__M_Right_little_finger.BMP,0ec441bb3e21eb0a0671245e0a26a4ab863e4d301de8e21bfe522f73ecbe8887,train
data/datasets/B+/cluster_2_3607.BMP,B+,SUBJECT_GROUP_0302,307,307__M_Left_index_finger.BMP,723191f16bb518a572a8e830550c9f362a4790b8efaf12ae11811abca0d210a1,test
data/datasets/B+/cluster_2_3610.BMP,B+,SUBJECT_GROUP_0455,462,462__M_Right_index_finger.BMP,b771449cd4ceec2c1367da65c8f35bba7c06408fa2e8d5cc0e57980591f2d84d,train
data/datasets/B+/cluster_2_3612.BMP,B+,SUBJECT_GROUP_0292,297,297__M_Right_little_finger.BMP,a9d7fc085d3471dc2f61b14c1cb74fe8942d731820cb6f92730804215f35a8c9,test
data/datasets/B+/cluster_2_363.BMP,B+,SUBJECT_GROUP_0519,527,527__M_Right_little_finger.BMP,2ba0f0c48d85307231314ac9a25a605bf10bb04bde03909e7b11baf4223dd172,train
data/datasets/B+/cluster_2_3630.BMP,B+,SUBJECT_GROUP_0342,347,347__M_Left_middle_finger.BMP,4affc54976dbd22ec15b97faf039a53b65a7aa2a61016d8ba1067be3d49cef41,train
data/datasets/B+/cluster_2_3639.BMP,B+,SUBJECT_GROUP_0568,579,579__M_Left_index_finger.BMP,e11dbbf2d2d1202bbbff36a8373e61a8d736badfa3f64ea5dcc18c2c0e1a0d8d,train
data/datasets/B+/cluster_2_3651.BMP,B+,SUBJECT_GROUP_0481,488,488__M_Right_ring_finger.BMP,308b9956145c8343890e4b8a73a6dd37edb00a024817982dd9aea9f79d13aaba,train
data/datasets/B+/cluster_2_3665.BMP,B+,SUBJECT_GROUP_0181,181,181__M_Right_index_finger.BMP,74ac92faa860eb535a57424ad4b751b052bd1b02ed97101b9c3531f9db90c18d,train
data/datasets/B+/cluster_2_3683.BMP,B+,SUBJECT_GROUP_0477,484,484__M_Left_ring_finger.BMP,227a5ebe7b61986bc7e95585aa6013d34306328c50e5138efe18545efc2421c7,train
data/datasets/B+/cluster_2_3684.BMP,B+,SUBJECT_GROUP_0185,185,185__M_Right_middle_finger.BMP,c9113b1e86244afe1a2817ebffaa26be683763b919dfc1b172bf7407aefc394a,train
data/datasets/B+/cluster_2_3700.BMP,B+,SUBJECT_GROUP_0393,399,399__M_Right_ring_finger.BMP,2a086180910df042b23b7f25d733afdef39d6db573971c9f918b33c475738acb,validation
data/datasets/B+/cluster_2_3714.BMP,B+,SUBJECT_GROUP_0152,152,152__M_Right_index_finger.BMP,4b84bafdd4c7e6f16d8e5bd140b880f104300b79d3f160d816099182c5e4b347,train
data/datasets/B+/cluster_2_3718.BMP,B+,SUBJECT_GROUP_0032,32,32__M_Left_little_finger.BMP,24fb707f606a78aff2eb6be60501e2d752f00f393a89f16e1d6dd624d3b4b98c,train
data/datasets/B+/cluster_2_3719.BMP,B+,SUBJECT_GROUP_0013,13,13__F_Right_little_finger.BMP,daa578aa312ccff908cf23eb921c16c310ea5acf8b0e33ab679730a767102c5c,train
data/datasets/B+/cluster_2_372.BMP,B+,SUBJECT_GROUP_0009,9,9__M_Right_little_finger.BMP,b8ad1d40a10eb39d068e7e276557fb1e9a41887d40a0231d0f48a4a5bfe89281,train
data/datasets/B+/cluster_2_3745.BMP,B+,SUBJECT_GROUP_0340,345,345__M_Right_ring_finger.BMP,fdd618468d27818e6dc1087e08f3c71e1e027c0842e972204ed88b2bb7e9c3a7,test
data/datasets/B+/cluster_2_3755.BMP,B+,SUBJECT_GROUP_0418,425,425__M_Right_ring_finger.BMP,20624c0719765282546f245ede04d62f22e3f877b9f609c7b0b2eee0ca08d938,train
data/datasets/B+/cluster_2_377.BMP,B+,SUBJECT_GROUP_0079,79,79__M_Left_middle_finger.BMP,8b080b21eb9e56cd5a7d4914302de8df4994ad1e21102dfa3f72e0dc8d9b84d6,train
data/datasets/B+/cluster_2_3779.BMP,B+,SUBJECT_GROUP_0015,15,15__F_Left_middle_finger.BMP,5e36c61c511c3c3f1609d20d795ead1a1260228354ae576454b18718ddf02c02,train
data/datasets/B+/cluster_2_3788.BMP,B+,SUBJECT_GROUP_0101,101,101__M_Left_ring_finger.BMP,8a719362f2b9c84f129626513f3703f4835170a5b36ffc1c46ef2f290bcd3b17,train
data/datasets/B+/cluster_2_3799.BMP,B+,SUBJECT_GROUP_0463,470,470__F_Right_middle_finger.BMP,e8062a865879977827fcaf98a5f413c1baa04261670eeeb2aa0bf69277f6c2a5,train
data/datasets/B+/cluster_2_3803.BMP,B+,SUBJECT_GROUP_0064,219,219__M_Left_index_finger.BMP,a62f8df62bb9a42f81960a41ab0146f684d66a2fbc104058dbf45bc67f575412,validation
data/datasets/B+/cluster_2_3811.BMP,B+,SUBJECT_GROUP_0391,397,397__M_Right_middle_finger.BMP,438f49a36ca764070a10b9cd6ae3662ee8dd498191d0867718e5e6a4d4279a3e,train
data/datasets/B+/cluster_2_3830.BMP,B+,SUBJECT_GROUP_0548,558,558__M_Left_ring_finger.BMP,627fdc5f04d122e477bb959ed86a1068079c59b088db1ff942e39e3b3922afd5,train
data/datasets/B+/cluster_2_3834.BMP,B+,SUBJECT_GROUP_0053,53,53__M_Right_little_finger.BMP,67a6f851f2c72e92cc8311523745850c0ba2318886ee60c10fd1b23db8e11438,train
data/datasets/B+/cluster_2_3839.BMP,B+,SUBJECT_GROUP_0127,127,127__F_Right_index_finger.BMP,633b8d6ec00dcf84fd36f3d2f5f9e04c0f745ce10fdc632b0c8b8ae50596b1be,validation
data/datasets/B+/cluster_2_3842.BMP,B+,SUBJECT_GROUP_0173,173,173__F_Right_ring_finger.BMP,4b05251eac5c44bcdd2ac7cee48b03f8af4d7a7623cc67577f76bdb588fc2f13,train
data/datasets/B+/cluster_2_3843.BMP,B+,SUBJECT_GROUP_0216,218,218__M_Left_ring_finger.BMP,d6085726d7e79da7015ca48a8b5b7833fafb4203a1e837e071164ae2ef8a5f98,train
data/datasets/B+/cluster_2_3854.BMP,B+,SUBJECT_GROUP_0208,210,210__M_Right_ring_finger.BMP,4aaa79220c16e7cecb86ab5a420c1ff9d551e87e9a79153b2908fdfad2034b63,train
data/datasets/B+/cluster_2_3867.BMP,B+,SUBJECT_GROUP_0174,174,174__F_Left_ring_finger.BMP,e579e1b05f5d9e5f109afa3ae7cedb1b5fced18b05a0222f3b6aa0ceab749937,train
data/datasets/B+/cluster_2_3870.BMP,B+,SUBJECT_GROUP_0080,80,80__M_Right_index_finger.BMP,2620249149e40874c4aeceda60a6e062830a442503333a164ce64d5be0d08104,train
data/datasets/B+/cluster_2_3882.BMP,B+,SUBJECT_GROUP_0140,140,140__F_Left_little_finger.BMP,b76858f201d9752bda16df5934561ed550077f250f2410b7831db6c8de130e40,train
data/datasets/B+/cluster_2_3886.BMP,B+,SUBJECT_GROUP_0030,30,30__F_Left_ring_finger.BMP,3e96eb8608100838271a853df4ae9885bca04650464cfbf4798af7708a68f37d,train
data/datasets/B+/cluster_2_3913.BMP,B+,SUBJECT_GROUP_0366,371,371__M_Right_ring_finger.BMP,652e1994fab774f167f58266da8904875aedf1b486188d93bd51240006a4e574,train
data/datasets/B+/cluster_2_3916.BMP,B+,SUBJECT_GROUP_0335,340,340__M_Right_ring_finger.BMP,263cab8c46c6bcea0265601ab6024a67ce6a58b9c6bbed11405aeed5cc53523b,validation
data/datasets/B+/cluster_2_394.BMP,B+,SUBJECT_GROUP_0189,189,189__F_Left_little_finger.BMP,345756164478343c6ee21a45147d93dde19b24754f3a8321eab3b7b3906faea5,train
data/datasets/B+/cluster_2_3949.BMP,B+,SUBJECT_GROUP_0430,437,437__M_Right_little_finger.BMP,4a15c29d00cfdb963ab93b15de3cb701e88206923fc0cb8a1e008e0bcccb8e30,test
data/datasets/B+/cluster_2_3957.BMP,B+,SUBJECT_GROUP_0182,182,182__M_Left_ring_finger.BMP,70ae4f28ff2c7c55a240e6020219cefd1c6e1f6b0ed8c91581feac1fd31be29a,train
data/datasets/B+/cluster_2_3958.BMP,B+,SUBJECT_GROUP_0140,140,140__F_Right_middle_finger.BMP,bef9647997c14641815423ce8d2f20f668529d9ad4cc361e370149d05f6ece51,train
data/datasets/B+/cluster_2_3962.BMP,B+,SUBJECT_GROUP_0102,102,102__M_Right_little_finger.BMP,81840a727aa2a0bd5653f8c2a3546c8bb79da8a7e8740a6671fe9093c7dac9cd,train
data/datasets/B+/cluster_2_3969.BMP,B+,SUBJECT_GROUP_0274,279,279__M_Right_ring_finger.BMP,e626b8f529b125ef7fd859899a856ed71da7fdb1ea836e60f85acf842e24546b,train
data/datasets/B+/cluster_2_3971.BMP,B+,SUBJECT_GROUP_0342,347,347__M_Left_ring_finger.BMP,b4ab8e0fd61c51b20236809fe689380041a290f9f756b4d8d00e8206f65e2f74,train
data/datasets/B+/cluster_2_3997.BMP,B+,SUBJECT_GROUP_0063,63,63__M_Left_ring_finger.BMP,eb9be7a87b58ee58a6a50678a86c201491b9e28e0ba238ffdd9e494fb7bb1413,train
data/datasets/B+/cluster_2_4002.BMP,B+,SUBJECT_GROUP_0520,528,528__F_Right_little_finger.BMP,216de02a3ff8604e08f382565b5a409438ce6a35ffcf31838a6b9cf2c00ba66f,train
data/datasets/B+/cluster_2_4005.BMP,B+,SUBJECT_GROUP_0234,237,237__M_Left_little_finger.BMP,57f32fcf50f17a7cb367c5cdda4ef7f8549103ec1c66a39daec2fd0bdab918d3,train
data/datasets/B+/cluster_2_4006.BMP,B+,SUBJECT_GROUP_0274,279,279__M_Left_ring_finger.BMP,b60a8ffa78e5ef16c61485aa3ab8d3100036cf5e9160af3c61a2b1e5179550be,train
data/datasets/B+/cluster_2_4008.BMP,B+,SUBJECT_GROUP_0414,421,421__F_Right_index_finger.BMP,56b0faa54d660821e8db89ae8aac2b20d8af6a9352042f616a7dad4c5be2f3f3,train
data/datasets/B+/cluster_2_4022.BMP,B+,SUBJECT_GROUP_0117,117,117__F_Left_little_finger.BMP,6d65a4b6da6e25b9b3f927a148c60f3bb3f3c3d9ad6afb79eadec432c1e2860a,test
data/datasets/B+/cluster_2_4026.BMP,B+,SUBJECT_GROUP_0326,331,331__M_Right_middle_finger.BMP,bc92095ffbeeb983a53449f51ea751d276db82cef4eaef439d96754cb87ce858,train
data/datasets/B+/cluster_2_403.BMP,B+,SUBJECT_GROUP_0423,430,430__F_Left_little_finger.BMP,62bd40d605cd7f4197966bc68cf56d91bc31cd8b2dfd9b94a6688e45cee401e1,test
data/datasets/B+/cluster_2_4039.BMP,B+,SUBJECT_GROUP_0114,114,114__F_Left_ring_finger.BMP,f89bec244d5e9ec2184ce948cbce7067cd45f4f96ce45793127630e87b9b44ff,test
data/datasets/B+/cluster_2_4042.BMP,B+,SUBJECT_GROUP_0131,131,131__M_Left_thumb_finger.BMP,3fc1f119561b5e056698758befa72cbffe13d1d67ac68d9afc3a5eac13f50f21,train
data/datasets/B+/cluster_2_4075.BMP,B+,SUBJECT_GROUP_0537,545,545__M_Left_little_finger.BMP,4416c98c5e2b9aea636a83b406bbd3123e8762ba9fcad5a7c7e3231015ac48b3,validation
data/datasets/B+/cluster_2_4099.BMP,B+,SUBJECT_GROUP_0550,585,585__M_Left_ring_finger.BMP,787cba32279ae25cbd2461147ac0f2fa4fa7bebccec5668c2727fe6d9bdc5979,test
data/datasets/B+/cluster_2_4109.BMP,B+,SUBJECT_GROUP_0099,99,99__M_Right_middle_finger.BMP,d288737e6d05f2cb384a44c548fa6f29cadbc1228419678974100186db582a59,train
data/datasets/B+/cluster_2_4112.BMP,B+,SUBJECT_GROUP_0573,584,584__M_Right_little_finger.BMP,44c5f72450a38f7fa078372fa6ff30f217eaf56e4036a97d7a588915e11ff656,train
data/datasets/B+/cluster_2_4147.BMP,B+,SUBJECT_GROUP_0049,49,49__M_Right_index_finger.BMP,445aa3f26f80329cb5fa60f0870adf68adedf70a1ceaae6a62434dde8e6c116a,train
data/datasets/B+/cluster_2_415.BMP,B+,SUBJECT_GROUP_0349,354,354__M_Right_ring_finger.BMP,442e99127348b3974d7f322aadcb66f0f6a6e18a3515bd4f6009a3357a01e9bc,train
data/datasets/B+/cluster_2_4156.BMP,B+,SUBJECT_GROUP_0138,138,138__M_Right_index_finger.BMP,6b20257514e8fd098a26bf335eee9015497ab4d831c16c19ccca0f4dbdb3b5f6,train
data/datasets/B+/cluster_2_4158.BMP,B+,SUBJECT_GROUP_0333,338,338__M_Left_ring_finger.BMP,d86e2222355db1bc61dfc6cc612eb874ec53004e893c4985340ea7976d048c27,validation
data/datasets/B+/cluster_2_416.BMP,B+,SUBJECT_GROUP_0567,578,578__M_Right_little_finger.BMP,94a8ded1805e659e46c9ffe38594f5d5ffcc3a3d25ae31d4c7d27d96ff0322e6,validation
data/datasets/B+/cluster_2_4180.BMP,B+,SUBJECT_GROUP_0123,123,123__M_Left_ring_finger.BMP,dbbc5e4fd9573822adc3961c4ff9ff0e7075f59504de51df5fac50b997d31c0f,train
data/datasets/B+/cluster_2_4183.BMP,B+,SUBJECT_GROUP_0080,80,80__M_Right_thumb_finger.BMP,11f1c5305639c27cc15af5d8e4ccb9e92efe007b82c83e726790bdd2b472a88c,train
data/datasets/B+/cluster_2_419.BMP,B+,SUBJECT_GROUP_0038,38,38__M_Right_ring_finger.BMP,fa984944d8293bb8c64c8890bdaacfc35ab80dbf99ad2630e9c32ef887933ead,train
data/datasets/B+/cluster_2_4192.BMP,B+,SUBJECT_GROUP_0266,271,271__M_Right_middle_finger.BMP,e3c67d93ffcd5414888faaa399ffbafc2f2df4f1e83f48de1a74b8f6dd0f2ae6,train
data/datasets/B+/cluster_2_4194.BMP,B+,SUBJECT_GROUP_0465,472,472__M_Right_middle_finger.BMP,49c00913e08b2c7c434a7d3fe526304673a84d599a4396ed3fbd5462fe74e70b,validation
data/datasets/B+/cluster_2_421.BMP,B+,SUBJECT_GROUP_0015,15,15__F_Right_little_finger.BMP,4108183057fd5a0e0e6fb9216d4dfb5c6f8e22638cdc59a1f76245b49306f24c,train
data/datasets/B+/cluster_2_4212.BMP,B+,SUBJECT_GROUP_0499,506,506__M_Left_ring_finger.BMP,90810fb6403b2dc4e76f833f3bd4be81757537c89c01b725973d9e7c07a59521,test
data/datasets/B+/cluster_2_4215.BMP,B+,SUBJECT_GROUP_0561,571,571__F_Right_middle_finger.BMP,7f486ccfb901de3eb0e73d3e9a503f123465cbfc4ca70501c0974bba57903c3a,train
data/datasets/B+/cluster_2_4229.BMP,B+,SUBJECT_GROUP_0445,452,452__F_Left_ring_finger.BMP,e824051e18d06dc364b7b714e0523ca214f6bb80d53186163229af03d22a19a5,train
data/datasets/B+/cluster_2_4249.BMP,B+,SUBJECT_GROUP_0471,478,478__M_Right_index_finger.BMP,69a53739b77a49a1a582725536660a58b81871b7618d46b577fbc6e7c92e68df,train
data/datasets/B+/cluster_2_425.BMP,B+,SUBJECT_GROUP_0272,277,277__M_Left_middle_finger.BMP,2d26fe071b8e581155debd82eb126d54dd38c2e8deee1cfe5bc150fc0abb7a64,train
data/datasets/B+/cluster_2_4251.BMP,B+,SUBJECT_GROUP_0097,97,97__M_Left_middle_finger.BMP,fd9fb9978a6af53111e34441fd7714167763461a9d25fda16db9a6efb196eaa6,train
data/datasets/B+/cluster_2_4268.BMP,B+,SUBJECT_GROUP_0064,64;203;219;249;260,203__M_Left_little_finger.BMP;219__M_Left_little_finger.BMP;249__M_Left_little_finger.BMP;260__M_Left_little_finger.BMP;64__M_Left_little_finger.BMP,f1ee5f780443c730cda521ff654e90a72140755ace55dc4838a66380db913e83,validation
data/datasets/B+/cluster_2_4285.BMP,B+,SUBJECT_GROUP_0447,454,454__M_Right_index_finger.BMP,3ce9827aeef656a1b633f5fc9376dadad96b60925e5ba7db4e0830397f77fda2,train
data/datasets/B+/cluster_2_4288.BMP,B+,SUBJECT_GROUP_0059,59,59__F_Right_middle_finger.BMP,6bd0e5683c39f16a22a5f9aa7b1ad7986b5cfe1a63c83bafdcbecd5e7f4c6d9c,train
data/datasets/B+/cluster_2_4306.BMP,B+,SUBJECT_GROUP_0121,121,121__F_Left_little_finger.BMP,87d988d2bbfb683f1ad8d4c3a7841fcff2d16c437a373cfc5698af0d825bda8e,train
data/datasets/B+/cluster_2_4307.BMP,B+,SUBJECT_GROUP_0013,13,13__F_Left_index_finger.BMP,9b0127e2775cb043e4a55eb6cdce6d7a7a0ee0d2be184877b032212317a1674f,train
data/datasets/B+/cluster_2_431.BMP,B+,SUBJECT_GROUP_0134,134,134__M_Right_index_finger.BMP,18c557a1a79d1d728e1de2fd879bb4ca840f5ec366707785975712ad585e79a9,validation
data/datasets/B+/cluster_2_4310.BMP,B+,SUBJECT_GROUP_0143,143,143__M_Right_little_finger.BMP,7e245f85064b81540274d1e399b0f9b57e5415a8551b6af3d180e62375373c15,train
data/datasets/B+/cluster_2_432.BMP,B+,SUBJECT_GROUP_0183,183,183__M_Right_index_finger.BMP,88f1ccfbb56ea8c441b852d56a0c7c1bd205c2368d11f4bcdb914f19189e519b,train
data/datasets/B+/cluster_2_4328.BMP,B+,SUBJECT_GROUP_0385,391,391__M_Left_ring_finger.BMP,56da2fd213a355106f525458419194282cb80272c65c2a1e62dbed128cbd439e,train
data/datasets/B+/cluster_2_4330.BMP,B+,SUBJECT_GROUP_0226,229,229__M_Right_little_finger.BMP,45692e254edc3276a815d05b83c0f7785613fe94a4166fc1aa701f66816b5229,train
data/datasets/B+/cluster_2_4335.BMP,B+,SUBJECT_GROUP_0092,418,418__F_Right_middle_finger.BMP,90e3ab142505b6e7f47c936dfc5c00a118d808c6456ee5af303bbe4597472c0b,validation
data/datasets/B+/cluster_2_4364.BMP,B+,SUBJECT_GROUP_0364,369,369__F_Left_ring_finger.BMP,2844431664a20ef2dd47580d909aa2802e5a80dc6cc9cd90f4d7eb5c22573352,validation
data/datasets/B+/cluster_2_4366.BMP,B+,SUBJECT_GROUP_0304,309,309__M_Right_ring_finger.BMP,2deaf46c7cbdafa01f1440efe7b648143d29d34788f79b1ddd4ad358a09a5550,validation
data/datasets/B+/cluster_2_4383.BMP,B+,SUBJECT_GROUP_0232,235,235__M_Left_middle_finger.BMP,319340b39544695345e565cc2337cd61dd509ac3cad542802e3eceb6c24be4a5,train
data/datasets/B+/cluster_2_4389.BMP,B+,SUBJECT_GROUP_0172,172,172__M_Left_middle_finger.BMP,2ba496f8f2269a1ebde05192558cd62f90b6a2ab03730f3ce974423173dd51d1,train
data/datasets/B+/cluster_2_4394.BMP,B+,SUBJECT_GROUP_0030,30,30__F_Left_little_finger.BMP,1b8a7433fb98b30d707e51146d1cf3c013204056b8987afe710101d51c0a268c,train
data/datasets/B+/cluster_2_4398.BMP,B+,SUBJECT_GROUP_0254,258,258__M_Right_little_finger.BMP,042a3217e2950483a9f1a2eeda2b5ea3789f420735063940973720f6a368ae8f,train
data/datasets/B+/cluster_2_4407.BMP,B+,SUBJECT_GROUP_0292,511,511__M_Right_thumb_finger.BMP,b2c5f4abbe599663ad31de89e15705f2ebfbe3f0d72316832e0d4c04dc0ebbb0,test
data/datasets/B+/cluster_2_4408.BMP,B+,SUBJECT_GROUP_0221,224,224__M_Right_little_finger.BMP,7818d8000a47eb0d9a4b5ef1040e45e2865443e3d8b3670aca76adb310ebf70c,train
data/datasets/B+/cluster_2_4439.BMP,B+,SUBJECT_GROUP_0561,571,571__F_Left_little_finger.BMP,0e1afc1fc54dbc144e4653028e41d961b193f098fba3de88b717d6341810b8e4,train
data/datasets/B+/cluster_2_444.BMP,B+,SUBJECT_GROUP_0577,589,589__M_Right_little_finger.BMP,c3ee69362e265e4aef0ca822f91e1b4c3bd81c5db67096a75d1f224849331e8a,validation
data/datasets/B+/cluster_2_4446.BMP,B+,SUBJECT_GROUP_0242,245,245__M_Left_little_finger.BMP,21809abb615241e68d7f64632a9bca58d153075e2b2e245c6da4840202461def,train
data/datasets/B+/cluster_2_4454.BMP,B+,SUBJECT_GROUP_0119,119,119__F_Right_middle_finger.BMP,f5086b18ed8f36b7aed0e703273e93da3a01bfd5236375722d42852220128392,test
data/datasets/B+/cluster_2_4458.BMP,B+,SUBJECT_GROUP_0378,384,384__F_Left_index_finger.BMP,6c195bce056a8c4a10e494bcb7bdfc817af9f4fe5d814dca79a8e589c88c0154,train
data/datasets/B+/cluster_2_4471.BMP,B+,SUBJECT_GROUP_0212,214,214__M_Right_middle_finger.BMP,1444796a3877cad77fb048f25df0adf71a186388e84827026738b09954d4499e,train
data/datasets/B+/cluster_2_4475.BMP,B+,SUBJECT_GROUP_0110,110,110__F_Right_ring_finger.BMP,d3bcb2e72167997ded5a4543ff1e367afdcf35de21130e82c903e29db249a0a8,train
data/datasets/B+/cluster_2_4476.BMP,B+,SUBJECT_GROUP_0075,75,75__F_Left_little_finger.BMP,8bf32ec69f076bd4b885e2eefb9be95e699899141764f4100800f388c0ba1c74,train
data/datasets/B+/cluster_2_4478.BMP,B+,SUBJECT_GROUP_0061,61,61__M_Right_little_finger.BMP,980477569cd132a0a80bb7f319395dc2eea56520dc898fb1eef79ee0f2969a33,train
data/datasets/B+/cluster_2_4488.BMP,B+,SUBJECT_GROUP_0306,311,311__M_Left_little_finger.BMP,46221d5e6223c9866eb6cadedd36bd47fb2eef38f8d47a4fa0a8e9dfd21dff0c,validation
data/datasets/B+/cluster_2_4496.BMP,B+,SUBJECT_GROUP_0040,40,40__F_Right_middle_finger.BMP,7de06577c7277769c3a7e558e03fdcb10c8c0a95dee6cf09e86c5dea86a4eb1f,train
data/datasets/B+/cluster_2_450.BMP,B+,SUBJECT_GROUP_0002,2,2__F_Right_little_finger.BMP,b9cb5e5052f12e7988970c90f34d1e6ffb60c945fececef28f9893ae899ee0e0,train
data/datasets/B+/cluster_2_4511.BMP,B+,SUBJECT_GROUP_0143,143,143__M_Left_index_finger.BMP,8b424e977f43beb030a2477e318076b7b7d653fe9df75d4bb1abb6b93c17f8ed,train
data/datasets/B+/cluster_2_4512.BMP,B+,SUBJECT_GROUP_0193,193,193__M_Left_ring_finger.BMP,d3e954fa83a9dd760898f49db2b75b8780d1caa9ae4ebef678861de7ee0161ed,validation
data/datasets/B+/cluster_2_4516.BMP,B+,SUBJECT_GROUP_0567,578,578__M_Left_little_finger.BMP,2718d3151b1eb4797585e428aceb98d4f9757df618009d361d80d557c7b00611,validation
data/datasets/B+/cluster_2_4526.BMP,B+,SUBJECT_GROUP_0044,44,44__M_Right_little_finger.BMP,39aa0d4e2163719c720ab29748d55d3e3b76b8ab9a7ae7bb3092a4e96bf23c8a,train
data/datasets/B+/cluster_2_4527.BMP,B+,SUBJECT_GROUP_0164,164,164__M_Right_ring_finger.BMP,85e8d454316cfa53cf6a3dbc30099b023afc34bc7c0aad16f11ca7493d4cb8c6,train
data/datasets/B+/cluster_2_4533.BMP,B+,SUBJECT_GROUP_0016,16,16__M_Right_middle_finger.BMP,0d93f556725c4235ab03fd7ac2a23a91f5be9c621c3919b6819eac7cf869ac7e,train
data/datasets/B+/cluster_2_4569.BMP,B+,SUBJECT_GROUP_0031,31,31__F_Left_little_finger.BMP,43011f1289bbf35a4e9d508eab4842aae2febbb590ee10de54e8f12e472b3e97,train
data/datasets/B+/cluster_2_4573.BMP,B+,SUBJECT_GROUP_0518,526,526__F_Left_ring_finger.BMP,cb44797172457508d96f2405e62322993760a6106c69559df2739833ea9f965e,train
data/datasets/B+/cluster_2_4576.BMP,B+,SUBJECT_GROUP_0321,326,326__M_Left_ring_finger.BMP,403828c0bdf7e6682f1fc80669314fc4cffc87638ba8bb1acd3fa17add4a2f77,train
data/datasets/B+/cluster_2_4578.BMP,B+,SUBJECT_GROUP_0578,591,591__M_Left_ring_finger.BMP,e8ece06f5f4927e53679864ece9ca333671831e858f1e7cdf6944e51f550cb0d,test
data/datasets/B+/cluster_2_4602.BMP,B+,SUBJECT_GROUP_0484,491,491__M_Right_ring_finger.BMP,8daa313f2e2cc001cf90ed86a19e3bfaaf7a59c07bb31c42d6e7030fb6bcc72d,train
data/datasets/B+/cluster_2_4621.BMP,B+,SUBJECT_GROUP_0405,411,411__M_Left_little_finger.BMP,29d22e31f81d401010ed01ac18427ac46c15a50b6930d6709f8b3695fd64a67b,train
data/datasets/B+/cluster_2_4627.BMP,B+,SUBJECT_GROUP_0202,202,202__M_Right_index_finger.BMP,2decc830d8ab6278d106c85840d312fb0d0aa3eb9a44deccc56ffc1bcdec25a5,test
data/datasets/B+/cluster_2_4636.BMP,B+,SUBJECT_GROUP_0064,249,249__M_Right_little_finger.BMP,c7e82e585a5826511828edba18a3b08397c07a476e9efabdc4fae07c87b682fc,validation
data/datasets/B+/cluster_2_4638.BMP,B+,SUBJECT_GROUP_0352,357,357__M_Left_little_finger.BMP,86d6b41af490b09d3e5384238ce70b4c27badba8c335c283388794b6e890ccec,train
data/datasets/B+/cluster_2_4644.BMP,B+,SUBJECT_GROUP_0186,186,186__M_Left_index_finger.BMP,c113f2ddb12cf94b5e83a31a8be27a8d5fd1adcbf4629f765b9d4eef033aced3,train
data/datasets/B+/cluster_2_4656.BMP,B+,SUBJECT_GROUP_0254,258,258__M_Right_ring_finger.BMP,680b9ccbf756e28defb76d8e2983bfe983ddbdfe2d32a8077d8106cdbaab05c6,train
data/datasets/B+/cluster_2_4659.BMP,B+,SUBJECT_GROUP_0316,321,321__M_Left_little_finger.BMP,e624fc967e8f4a8c268fdb6e16b19686e0da284ec016cfd99ef991c84a6bd565,train
data/datasets/B+/cluster_2_466.BMP,B+,SUBJECT_GROUP_0326,331,331__M_Left_little_finger.BMP,e459fa284ca0811276f2e5a926e6342232fe12c10f0e48d244e8ff7e00bf620d,train
data/datasets/B+/cluster_2_4668.BMP,B+,SUBJECT_GROUP_0475,482,482__M_Right_index_finger.BMP,90a0af613b0dc7ee93f68c466162ed9a9f1d55a088df7d9389740deba9cb21d7,test
data/datasets/B+/cluster_2_4677.BMP,B+,SUBJECT_GROUP_0502,509,509__M_Right_little_finger.BMP,b6149ccf512765e73e22a49574ea265999dbed91cb9d98d6429c2d58d8fb1bb7,train
data/datasets/B+/cluster_2_4678.BMP,B+,SUBJECT_GROUP_0128,128,128__M_Left_index_finger.BMP,0668ac922e35ca0e1e4d36737ce34ea129f4ed22fe287d76af65d3ecde26e72e,train
data/datasets/B+/cluster_2_470.BMP,B+,SUBJECT_GROUP_0229,232,232__M_Right_ring_finger.BMP,415d70a40bc373e1a795803c4e366998159d57ec1f8b2b84d0b2ca5e517a15f0,train
data/datasets/B+/cluster_2_4705.BMP,B+,SUBJECT_GROUP_0535,543,543__M_Right_little_finger.BMP,2b9d6b6edb5b93c7e78a45f6d7d768dbace3a241c58ef0d47b170c71d6dcda8d,train
data/datasets/B+/cluster_2_4725.BMP,B+,SUBJECT_GROUP_0467,474,474__M_Right_ring_finger.BMP,cdc87e465a0eedfaeaef5b32748b54e9e2be84bdf35fee9bd6d0ed1dc1b15622,train
data/datasets/B+/cluster_2_473.BMP,B+,SUBJECT_GROUP_0071,71,71__M_Right_index_finger.BMP,d6c93a9d411d84b6ab413965124298779b2b68069beeffbee97fb2d1973d5a0a,train
data/datasets/B+/cluster_2_4731.BMP,B+,SUBJECT_GROUP_0324,329,329__M_Right_little_finger.BMP,9ad99755b21a917a8b511c51005be4264aec9209050753db27292d6cc0b7b759,train
data/datasets/B+/cluster_2_4748.BMP,B+,SUBJECT_GROUP_0313,318,318__F_Right_ring_finger.BMP,6345e488c6125cecee1ed876e6f83a4a5f2104f92e438e60e8e2f4e84f98dbe1,test
data/datasets/B+/cluster_2_4757.BMP,B+,SUBJECT_GROUP_0409,415,415__M_Left_little_finger.BMP,dbdeeac7a8d5e41806cb4bb597488d0d9f0ee4bb4a291efada299cc665116315,train
data/datasets/B+/cluster_2_4758.BMP,B+,SUBJECT_GROUP_0304,309,309__M_Right_little_finger.BMP,a8682b067844ca3e58be9dd4cfdcba98b62046f373145b67ad641904ff300598,validation
data/datasets/B+/cluster_2_4783.BMP,B+,SUBJECT_GROUP_0029,29,29__F_Left_index_finger.BMP,bfa2f6a6a1bdf90aac0a49cfceeccc7d9b1ee13cc71c9b5bab93de63cd90fe2e,train
data/datasets/B+/cluster_2_4800.BMP,B+,SUBJECT_GROUP_0126,126,126__F_Left_little_finger.BMP,94a8a5c548fbd62e3281c4a1b3843a311a2c6221121dcd5b199ceac9e53fd8f0,train
data/datasets/B+/cluster_2_4805.BMP,B+,SUBJECT_GROUP_0059,59,59__F_Right_index_finger.BMP,a2788f21f88dc5e510b6d8ac88926d60e19ff7369545fff03febdfe28af18ea1,train
data/datasets/B+/cluster_2_4807.BMP,B+,SUBJECT_GROUP_0509,517,517__M_Right_little_finger.BMP,33f57e2c1129b5b3d9bb615bce8875434c313f8a65741f24a416c54e315c3b1b,train
data/datasets/B+/cluster_2_4813.BMP,B+,SUBJECT_GROUP_0129,129,129__M_Right_ring_finger.BMP,0eda91863c0b9cdd47ab62ba0a8b48d73bb60acbb93b1a67e4ea84525a958676,train
data/datasets/B+/cluster_2_4834.BMP,B+,SUBJECT_GROUP_0015,15,15__F_Left_ring_finger.BMP,bc8142e226a48a4744e414a5d6b183297ad16474f10b3101f093e952675e61fc,train
data/datasets/B+/cluster_2_4843.BMP,B+,SUBJECT_GROUP_0313,318,318__F_Right_middle_finger.BMP,c60efc8d137b00b2194c72923d0f0a787edb0577c3d93b54da424ed07956e40a,test
data/datasets/B+/cluster_2_4848.BMP,B+,SUBJECT_GROUP_0141,141,141__F_Right_ring_finger.BMP,db438adf5ba57a900392a96e3471f5ac477c63723de2c3e5e3a09952ad060823,test
data/datasets/B+/cluster_2_4859.BMP,B+,SUBJECT_GROUP_0445,452,452__F_Left_little_finger.BMP,1534ba7f8ba3f4c34d7dbdcaef1b1107bc681b5a8ae5fcc36b852675875ee991,train
data/datasets/B+/cluster_2_4882.BMP,B+,SUBJECT_GROUP_0437,444,444__M_Right_little_finger.BMP,be9f0ebaf2961ebb00cb957a6ee4d98984013afaddd1a4731cd01800db74aa56,train
data/datasets/B+/cluster_2_4884.BMP,B+,SUBJECT_GROUP_0545,555,555__M_Right_middle_finger.BMP,d3a03ee39d62172a0d879c4b7e804fc9b3a3b650535f79c37a591f0cc4d3089d,train
data/datasets/B+/cluster_2_4890.BMP,B+,SUBJECT_GROUP_0443,450,450__M_Left_ring_finger.BMP,705fa1b4ebab80db299ba5bddea7c41437e49a84f9728072dbe7128eff55acd5,test
data/datasets/B+/cluster_2_4913.BMP,B+,SUBJECT_GROUP_0051,51,51__M_Right_middle_finger.BMP,8205aa0a514736fbf16bae782a84a51f3168db7a959455d69322e17089735fb8,train
data/datasets/B+/cluster_2_4920.BMP,B+,SUBJECT_GROUP_0102,102,102__M_Right_ring_finger.BMP,8b343d318268686f9da491beb55a66cfb1e12530db760c6c5b1a39261dde487e,train
data/datasets/B+/cluster_2_4932.BMP,B+,SUBJECT_GROUP_0267,272,272__M_Left_little_finger.BMP,acf514edf88464913f96bdc2048c05ffdcc06eab725cfdf78e1d16e4e45f68e6,train
data/datasets/B+/cluster_2_4935.BMP,B+,SUBJECT_GROUP_0251,255,255__M_Left_middle_finger.BMP,f3336e1a7e2404b7772dcf30aa477856896764b8482d2d4a3709db174f0ccb22,train
data/datasets/B+/cluster_2_4947.BMP,B+,SUBJECT_GROUP_0284,289,289__F_Left_ring_finger.BMP,5dec0f25cb5da722ed204dd05cc825d2423d0444f3feb054b94d60eae1cc7e76,validation
data/datasets/B+/cluster_2_4957.BMP,B+,SUBJECT_GROUP_0215,217,217__M_Right_ring_finger.BMP,84f39af7eeb2f2d0156c5c062d6f6b22ff9d924b33123c67a49919d2b85cb38e,test
data/datasets/B+/cluster_2_4958.BMP,B+,SUBJECT_GROUP_0416,423,423__M_Right_little_finger.BMP,1e9680d3f53d5a3481fe474807162715d53cd35c16e51a474e99b2aeff98097c,train
data/datasets/B+/cluster_2_4960.BMP,B+,SUBJECT_GROUP_0373,379,379__F_Left_ring_finger.BMP,dd90a01e013c2736c2ef2ed6679194ba3a2b8bdc96671ca0d47434c96ad27fe5,train
data/datasets/B+/cluster_2_4964.BMP,B+,SUBJECT_GROUP_0218,221,221__M_Left_little_finger.BMP,8a819c6c5e7297cf187919a20824b7b80cd13fc2dded7d900a460beb86b83c15,test
data/datasets/B+/cluster_2_4969.BMP,B+,SUBJECT_GROUP_0254,258,258__M_Right_middle_finger.BMP,26eed5276df9fa4f52019bd5d074301238717d97c86b662195bc66522b56ebf3,train
data/datasets/B+/cluster_2_4974.BMP,B+,SUBJECT_GROUP_0056,56,56__F_Right_thumb_finger.BMP,67f03e567cbf5b6839f9b0e156605ee6955fee15782d137b462671671be63c3e,validation
data/datasets/B+/cluster_2_4980.BMP,B+,SUBJECT_GROUP_0543,551,551__F_Left_little_finger.BMP,f37840571085bc09acea5847d345fde57ce23ea92f89f55385717435a797f1bd,validation
data/datasets/B+/cluster_2_4988.BMP,B+,SUBJECT_GROUP_0092,418,418__F_Left_thumb_finger.BMP,3446689df572838c0a590c69f0524693053a5e544bb8b2ad04f33c2193c44e61,validation
data/datasets/B+/cluster_2_4992.BMP,B+,SUBJECT_GROUP_0561,571,571__F_Right_ring_finger.BMP,5c8a4ad100cf7f072e868498a756a67636914328f0d450e35b3e247304d77857,train
data/datasets/B+/cluster_2_4999.BMP,B+,SUBJECT_GROUP_0040,40,40__F_Right_little_finger.BMP,85d35467d8ed7ede0b99201e77b4f07bd8ddc4085289b526c734013c9c1ce563,train
data/datasets/B+/cluster_2_500.BMP,B+,SUBJECT_GROUP_0154,154,154__F_Right_thumb_finger.BMP,ae3a7945b070b3853c3bd3fec842b78db9da61b8560461c8ec928267c376386b,train
data/datasets/B+/cluster_2_5005.BMP,B+,SUBJECT_GROUP_0435,442,442__F_Left_ring_finger.BMP,cc7d66d4cac6870ec1db51485dfdd382c2041d34d6233c274b3caa8c2bab85e6,validation
data/datasets/B+/cluster_2_5008.BMP,B+,SUBJECT_GROUP_0375,381,381__M_Left_little_finger.BMP,957d999407756f1bb9c011aa1690fca6039eab72b6cd73531e372df885276fb0,train
data/datasets/B+/cluster_2_5012.BMP,B+,SUBJECT_GROUP_0443,450,450__M_Right_index_finger.BMP,d5f81dcbd0b5ad7ce868100c63bd08b5a7cc396c3015b3dd4e22a358827bacc4,test
data/datasets/B+/cluster_2_5016.BMP,B+,SUBJECT_GROUP_0463,470,470__F_Right_index_finger.BMP,f8d4720446cc60013353b931a1bf997a12f3fe1849f5dd354010ccd520ce224c,train
data/datasets/B+/cluster_2_5019.BMP,B+,SUBJECT_GROUP_0221,224,224__M_Right_index_finger.BMP,be2ee62747d7cfbb26e557be38546ea56fd249fdb33f6d2eba3c30de9706ff59,train
data/datasets/B+/cluster_2_5024.BMP,B+,SUBJECT_GROUP_0245,248,248__M_Left_ring_finger.BMP,9b695fbcb3368bf0e55d20ac5be2e636b4ebbf19c46e87438ec3a94a48dcef7d,train
data/datasets/B+/cluster_2_5043.BMP,B+,SUBJECT_GROUP_0447,454,454__M_Right_ring_finger.BMP,83710a679ff17c81e73080f8191dc4fee413443fd1e798c9549fa246b6bae827,train
data/datasets/B+/cluster_2_5047.BMP,B+,SUBJECT_GROUP_0154,154,154__F_Left_ring_finger.BMP,38853c314e78aed6b03e59215709d90328091ed32a758ae6e6da45f91e9ed08e,train
data/datasets/B+/cluster_2_505.BMP,B+,SUBJECT_GROUP_0413,420,420__M_Left_middle_finger.BMP,e85092d6fa6b6439525428829939c1964549bf8c8da844f7198ed62ffcf7c7dc,train
data/datasets/B+/cluster_2_5058.BMP,B+,SUBJECT_GROUP_0177,177,177__F_Left_little_finger.BMP,1b7e10dd22b6d031686dbe716905e29b1bae121e6cd2f1d9f5bd8512082b3c0b,train
data/datasets/B+/cluster_2_5064.BMP,B+,SUBJECT_GROUP_0156,156,156__F_Right_little_finger.BMP,e6aca2b5c26715f882fdecc9750e493141facd2410fc93ac88fe4c7d6f2bb299,train
data/datasets/B+/cluster_2_5070.BMP,B+,SUBJECT_GROUP_0292,554,554__M_Right_little_finger.BMP,00e7a98080bc7f1e492cc168e82bac31d83a9a5c96d034970f12873b83e9bd58,test
data/datasets/B+/cluster_2_5071.BMP,B+,SUBJECT_GROUP_0552,562,562__F_Left_little_finger.BMP,c42f0b1f4bc4748242b6102c71ae8b823e6368e34fd6014e6421c8d1f2c44c6c,train
data/datasets/B+/cluster_2_5074.BMP,B+,SUBJECT_GROUP_0323,328,328__M_Left_ring_finger.BMP,fae809b947d8f23e1a93e61e0087abb9ff26a4ea7b7e70270501ea8bec838239,train
data/datasets/B+/cluster_2_5084.BMP,B+,SUBJECT_GROUP_0510,518,518__M_Left_little_finger.BMP,ad8424397cd60693a447045b6056b26309bcc64fc903c60a8eb2a97e48a6fbfe,train
data/datasets/B+/cluster_2_5098.BMP,B+,SUBJECT_GROUP_0570,581,581__F_Right_ring_finger.BMP,b6dfaa0f6abbb202b6af7c0ecb692e84dec93449c0b9fe08e5b9611161628546,train
data/datasets/B+/cluster_2_510.BMP,B+,SUBJECT_GROUP_0548,558,558__M_Right_little_finger.BMP,e3ee7e603c9a37e25ead18cd3659cfbead5da24d28b39ef1eaccdede658980cf,train
data/datasets/B+/cluster_2_5107.BMP,B+,SUBJECT_GROUP_0572,583,583__M_Right_little_finger.BMP,1620be33f6d025cc11819993f7b602c141b258f65decdff65c12124fc4d73401,test
data/datasets/B+/cluster_2_513.BMP,B+,SUBJECT_GROUP_0431,438,438__M_Left_ring_finger.BMP,e8ca0b5dd7fc0095e1c8bea5fc1140302a8a0753d259bee0344ab8af33dbcfb3,train
data/datasets/B+/cluster_2_5136.BMP,B+,SUBJECT_GROUP_0197,197,197__M_Right_little_finger.BMP,520f3f3dc25e4bb5d0d9f6e994ee22817dda7b92346e99d94bfbfb898605e0ee,train
data/datasets/B+/cluster_2_5141.BMP,B+,SUBJECT_GROUP_0547,557,557__M_Left_little_finger.BMP,fdd8adc04dd243a51ed8666b50d890d8f0f82eeb1a7ffd9dd3aac9a83cf7728f,test
data/datasets/B+/cluster_2_5147.BMP,B+,SUBJECT_GROUP_0363,368,368__M_Right_little_finger.BMP,8a2e896d050669bc1867a53756acc3cd9c160c7e9b1198fb83cbb8cae36529aa,train
data/datasets/B+/cluster_2_5152.BMP,B+,SUBJECT_GROUP_0064,203,203__M_Right_little_finger.BMP,d17b126e8eb4eee6d7d8a760aa8bf963204cd79c71b12ce9c0a8571f48939f63,validation
data/datasets/B+/cluster_2_5162.BMP,B+,SUBJECT_GROUP_0064,203,203__M_Right_index_finger.BMP,74c09d34b97fe5365b8c50a7de42316d6044d6819915aee59eb5b090edd50ced,validation
data/datasets/B+/cluster_2_5169.BMP,B+,SUBJECT_GROUP_0002,2,2__F_Left_little_finger.BMP,dd7c419b9ed9dc8a8e0eb3cc5130b8be2d747add7294817f83cd4e45d221423e,train
data/datasets/B+/cluster_2_5171.BMP,B+,SUBJECT_GROUP_0370,375,375__M_Left_ring_finger.BMP,0c63ca996d07fdc0dc78605048fb22d0190982c863f213bd0ea80b203f5e1fed,train
data/datasets/B+/cluster_2_5173.BMP,B+,SUBJECT_GROUP_0033,33,33__M_Left_little_finger.BMP,18d7d4900e79e31bb01a9901ea4541bdab8f3e1999d72017e2710aec7d68ac37,validation
data/datasets/B+/cluster_2_5176.BMP,B+,SUBJECT_GROUP_0546,556,556__F_Left_little_finger.BMP,95a9eec8753fbf24d463d7db8f208633f11ef8529867c383f6cfdba39ffeb479,train
data/datasets/B+/cluster_2_5186.BMP,B+,SUBJECT_GROUP_0375,381,381__M_Right_little_finger.BMP,7eaf4d2721d8a4701271ce675b990dd5ef9ebc52a108c42556f99f2c6818e865,train
data/datasets/B+/cluster_2_5188.BMP,B+,SUBJECT_GROUP_0041,41,41__M_Right_ring_finger.BMP,68d0ba0063a22cd536bc4a2b525c440b4402b8c89e3b340224059d94a068c887,train
data/datasets/B+/cluster_2_5199.BMP,B+,SUBJECT_GROUP_0091,91,91__F_Left_middle_finger.BMP,b0d78b924deef2a3c2ddb7e9cda3bf6d8c5097b7017776ad0e247e3bff07ce84,train
data/datasets/B+/cluster_2_5205.BMP,B+,SUBJECT_GROUP_0164,164,164__M_Left_index_finger.BMP,5d2ecad9289c104ae53a43938bc4da4e23c959e851391fcbacf50c5e175dbe37,train
data/datasets/B+/cluster_2_5215.BMP,B+,SUBJECT_GROUP_0495,502,502__F_Right_little_finger.BMP,20381255aeaa9a89da08799d0d39f78b32192e9d2ee890f328145a342080277f,train
data/datasets/B+/cluster_2_522.BMP,B+,SUBJECT_GROUP_0382,388,388__F_Right_thumb_finger.BMP,893940ff700c6ff6ab2fd243c15fbdc3c76f9d54fa7f26cd03d66be5a7257433,train
data/datasets/B+/cluster_2_5220.BMP,B+,SUBJECT_GROUP_0471,478,478__M_Right_middle_finger.BMP,7a0778a0ad0f3ff4d2c4606825e5ca3e94e47996544c6b8d40ce46b2a63e3dc3,train
data/datasets/B+/cluster_2_5230.BMP,B+,SUBJECT_GROUP_0229,232,232__M_Right_little_finger.BMP,05b138c47d0ee653ba96e65bd9aec7d28bb0e78dcb588176cb886c83262db22b,train
data/datasets/B+/cluster_2_5236.BMP,B+,SUBJECT_GROUP_0080,80,80__M_Left_ring_finger.BMP,e05e1d0e35247eaac4ef2713831e85f87b120212fe2d964ce1f34ae5b5fcefe2,train
data/datasets/B+/cluster_2_524.BMP,B+,SUBJECT_GROUP_0299,304,304__M_Right_little_finger.BMP,6a522fe4d223d5bcfdd3760c10f3e9b4c9ca18efdaa3af5b1a1021d90a0453c6,train
data/datasets/B+/cluster_2_5254.BMP,B+,SUBJECT_GROUP_0058,58,58__M_Right_little_finger.BMP,55d45e86df413bcf5b1914c19670a4d86545f29b3f8e13e6a94badc1ab37e36d,validation
data/datasets/B+/cluster_2_5259.BMP,B+,SUBJECT_GROUP_0045,45,45__M_Left_ring_finger.BMP,be1a53b488774b22eeffe60795a0a341c8eb8f35456b4dcdc6fb74b493f239ce,train
data/datasets/B+/cluster_2_5269.BMP,B+,SUBJECT_GROUP_0146,146,146__M_Left_little_finger.BMP,6177219bb8e93d2d512893df846fe4c6d4bb7cdc19451b302139f95ea12e61ca,test
data/datasets/B+/cluster_2_5274.BMP,B+,SUBJECT_GROUP_0215,217,217__M_Left_index_finger.BMP,81b2a87caa6f5e254997b04fb29cd78a63a4f8789afaea580c99056981d339e2,test
data/datasets/B+/cluster_2_5276.BMP,B+,SUBJECT_GROUP_0099,99,99__M_Right_index_finger.BMP,28a4f065986b547c403b38a6787cf0c96182ec94e25d6ae0cbdf8371c5acde45,train
data/datasets/B+/cluster_2_5277.BMP,B+,SUBJECT_GROUP_0519,527,527__M_Right_ring_finger.BMP,f27cb6b71829db7b9f719f6193845905a1bcb97b5f1ecddac53d5d48abe7a74d,train
data/datasets/B+/cluster_2_5288.BMP,B+,SUBJECT_GROUP_0587,600,600__M_Right_ring_finger.BMP,9ccdc5ac703b36d0364c309a338fe1e24374573332768c7a237c47385909ff9b,train
data/datasets/B+/cluster_2_5295.BMP,B+,SUBJECT_GROUP_0488,495,495__M_Right_middle_finger.BMP,fa655b65f1e3308483f648c656ebb277f2be180623a281b026308758cd62ac5b,validation
data/datasets/B+/cluster_2_5309.BMP,B+,SUBJECT_GROUP_0021,21,21__M_Left_ring_finger.BMP,ee976ccc2db6eae46069c77b505272a414ddef5465c969808afc30d91b672579,test
data/datasets/B+/cluster_2_5312.BMP,B+,SUBJECT_GROUP_0186,186,186__M_Left_middle_finger.BMP,a4b78227cbec022c2bf830d69dd834754c34c154e911ebc7bc74db39a6f5c099,train
data/datasets/B+/cluster_2_5332.BMP,B+,SUBJECT_GROUP_0066,66,66__F_Left_little_finger.BMP,e2ca2bf6d316858734899b9bfde2a6bf7e01348a6000c1c31b73c4c9319d44dc,train
data/datasets/B+/cluster_2_5333.BMP,B+,SUBJECT_GROUP_0064,64;203;219;249;260,203__M_Left_little_finger.BMP;219__M_Left_little_finger.BMP;249__M_Left_little_finger.BMP;260__M_Left_little_finger.BMP;64__M_Left_little_finger.BMP,f1ee5f780443c730cda521ff654e90a72140755ace55dc4838a66380db913e83,validation
data/datasets/B+/cluster_2_5337.BMP,B+,SUBJECT_GROUP_0139,139,139__M_Left_little_finger.BMP,124c8196d66a9da526d47a4093e900c57ee72b055c1a72c366bfa6c6e0495835,train
data/datasets/B+/cluster_2_5346.BMP,B+,SUBJECT_GROUP_0346,351,351__M_Right_little_finger.BMP,e70064d0f6659c746c80035b62450d811f3555199f01b811cb8372cb300ad6ad,train
data/datasets/B+/cluster_2_5356.BMP,B+,SUBJECT_GROUP_0064,64;203;219;249;260,203__M_Left_little_finger.BMP;219__M_Left_little_finger.BMP;249__M_Left_little_finger.BMP;260__M_Left_little_finger.BMP;64__M_Left_little_finger.BMP,f1ee5f780443c730cda521ff654e90a72140755ace55dc4838a66380db913e83,validation
data/datasets/B+/cluster_2_536.BMP,B+,SUBJECT_GROUP_0560,570,570__M_Left_ring_finger.BMP,a3ef255dbddb648863bf7b57e4a7569d6c88918ca4345cd48f973e38b6876b3c,train
data/datasets/B+/cluster_2_5363.BMP,B+,SUBJECT_GROUP_0186,186,186__M_Left_little_finger.BMP,4993cc65cf3f6dce341b1ff861b4bdc4408c29f50c58a745c8a918798cc03473,train
data/datasets/B+/cluster_2_5374.BMP,B+,SUBJECT_GROUP_0197,197,197__M_Right_ring_finger.BMP,a396ee72c497c537399e65c04760bc50aad80ff49c86fb34d3d5d06e328bf554,train
data/datasets/B+/cluster_2_5375.BMP,B+,SUBJECT_GROUP_0413,420,420__M_Right_little_finger.BMP,df7a35fe9f805603e7fd92a8bbf1106d0ab182e7bacdd47f6ff5c32bd6e7bf85,train
data/datasets/B+/cluster_2_5390.BMP,B+,SUBJECT_GROUP_0260,265,265__M_Left_middle_finger.BMP,e357df2cdc6b4ba0dc27cedd33587019ba97f426c838bebd6c3b9ed5eeaeec86,test
data/datasets/B+/cluster_2_5394.BMP,B+,SUBJECT_GROUP_0128,128,128__M_Right_thumb_finger.BMP,eddb06045f1264de86868e7bd8bd41e3c94bf7d1267483fc94434a437c3eead6,train
data/datasets/B+/cluster_2_5409.BMP,B+,SUBJECT_GROUP_0523,531,531__M_Right_little_finger.BMP,56e525eb747b6e5f3782ab4bab96f7c076f3c96b762ed2d306529e7e81f164f9,validation
data/datasets/B+/cluster_2_5430.BMP,B+,SUBJECT_GROUP_0402,408,408__M_Right_little_finger.BMP,093e6ca4f566c7db3c3256ab9393505a246c9cb2b22bd1cc26a3a000fbdae4f3,train
data/datasets/B+/cluster_2_5440.BMP,B+,SUBJECT_GROUP_0302,307,307__M_Left_little_finger.BMP,bbea86e1809e4cd0f7b2f042ebb4e661a971bc289919f397c0bdad1729c6b11c,test
data/datasets/B+/cluster_2_5443.BMP,B+,SUBJECT_GROUP_0141,141,141__F_Left_little_finger.BMP,d529d97e16de662ad88e93310042b1072753baa5155c2004d52bd7b3cb3aba87,test
data/datasets/B+/cluster_2_5458.BMP,B+,SUBJECT_GROUP_0118,118,118__F_Right_ring_finger.BMP,086fa93130843276d369f7d96b91513b78a5f7d53d948bb8726005b1033ecbeb,train
data/datasets/B+/cluster_2_5464.BMP,B+,SUBJECT_GROUP_0451,458,458__M_Right_ring_finger.BMP,b2ad7028c975eb709f6fa39facf42e5e8b2c7e391eba9f40258d42dd21f069e5,train
data/datasets/B+/cluster_2_5465.BMP,B+,SUBJECT_GROUP_0540,548,548__F_Left_ring_finger.BMP,d89ff0c1c031e1c7c15d145bcca414f520a0804a13d9e4e994fde27315df3668,train
data/datasets/B+/cluster_2_5476.BMP,B+,SUBJECT_GROUP_0198,198,198__M_Left_middle_finger.BMP,c2ac21ba78e30e251273b10aaccd12cdab17c095c3828f43f5b3a715aa67045c,train
data/datasets/B+/cluster_2_5480.BMP,B+,SUBJECT_GROUP_0354,359,359__M_Right_ring_finger.BMP,eb7876814a08382d545c24022039304d43fd50156b57611086d06e3b678a17e5,train
data/datasets/B+/cluster_2_5485.BMP,B+,SUBJECT_GROUP_0013,13,13__F_Left_little_finger.BMP,75e9268375e424020c94921b4e766e89bec8917415d25149848f18a482a7fc73,train
data/datasets/B+/cluster_2_5506.BMP,B+,SUBJECT_GROUP_0001,1,1__M_Left_little_finger.BMP,88a9186e31f614da28fc5d23fb64aae4bb69c8c0d6cc45ccffe76675427e6a58,train
data/datasets/B+/cluster_2_5539.BMP,B+,SUBJECT_GROUP_0538,546,546__M_Right_ring_finger.BMP,e9117cc747ca984ec78d2daf114d6ead405f409607b0d6950531bd9de128ff08,test
data/datasets/B+/cluster_2_5547.BMP,B+,SUBJECT_GROUP_0433,440,440__M_Right_ring_finger.BMP,6ceaf86c27158f9e86545267feb210e896321b8e44b96a30356a40e6c25643c4,train
data/datasets/B+/cluster_2_5552.BMP,B+,SUBJECT_GROUP_0173,173,173__F_Right_little_finger.BMP,cd2648b827bbdda9d4efb183a9fd43ce413b74c29d31f4bd6f94cf1f8980f0f8,train
data/datasets/B+/cluster_2_5566.BMP,B+,SUBJECT_GROUP_0465,472,472__M_Left_ring_finger.BMP,968852a6be6d85f34e59efaa7672c743c1376691c64617fceb9fa33277e93f54,validation
data/datasets/B+/cluster_2_5570.BMP,B+,SUBJECT_GROUP_0202,202,202__M_Right_ring_finger.BMP,5984d9a64292e6ec958e787afb71fd83f04949151d8c825bbc56faf9e800e731,test
data/datasets/B+/cluster_2_5581.BMP,B+,SUBJECT_GROUP_0469,476,476__M_Right_ring_finger.BMP,42c8ffe1b3406531d6bc70aedb7f381262efdb3c726d2870d41d3c4b43bf585b,validation
data/datasets/B+/cluster_2_5597.BMP,B+,SUBJECT_GROUP_0056,56,56__F_Right_ring_finger.BMP,c1c90c9dba2a101dea7889319ae432266e365b3218f21b8766eb0fbed7dfb646,validation
data/datasets/B+/cluster_2_5607.BMP,B+,SUBJECT_GROUP_0584,597,597__M_Left_little_finger.BMP,2865f35afafcf82bbe821bf7a709715cbcd0d875e30e3bcf3af75b40e41c974f,train
data/datasets/B+/cluster_2_5622.BMP,B+,SUBJECT_GROUP_0099,99,99__M_Right_thumb_finger.BMP,e7aa6ebc45ae512f7476f243bbddc06ffd63dd1b4ba1257af7df87b78f597e62,train
data/datasets/B+/cluster_2_5627.BMP,B+,SUBJECT_GROUP_0041,41,41__M_Left_ring_finger.BMP,b6c2dc0e5ac07a8d23d03892ec445117ffeaf532ae23f32421669fccd89cb113,train
data/datasets/B+/cluster_2_5632.BMP,B+,SUBJECT_GROUP_0064,219,219__M_Right_ring_finger.BMP,7476f090ee63c9ea8f37899ba38a06cbddfaaa7ac86d06d1bf5fbf5e1e170499,validation
data/datasets/B+/cluster_2_5642.BMP,B+,SUBJECT_GROUP_0421,428,428__M_Right_middle_finger.BMP,969e53c007d5ae9fca43fe746c563e46b0385d1e977b9bbc42d84dd2d0079957,train
data/datasets/B+/cluster_2_5645.BMP,B+,SUBJECT_GROUP_0571,582,582__M_Left_little_finger.BMP,79c4edadd2077a6a4109eb671f7e7fcaca7ab14af579518b90adac1753e44308,validation
data/datasets/B+/cluster_2_5673.BMP,B+,SUBJECT_GROUP_0485,492,492__F_Right_ring_finger.BMP,f4704140b6bcfa6f9271001e3d14491c9dc3de75e40905d13a5f911dff410343,validation
data/datasets/B+/cluster_2_5680.BMP,B+,SUBJECT_GROUP_0091,91,91__F_Left_little_finger.BMP,b80e5259ccd3b7851ca9b6cdbd2c470fe741ca67643f9bf0668cc336dcdfdb38,train
data/datasets/B+/cluster_2_569.BMP,B+,SUBJECT_GROUP_0070,70,70__M_Left_little_finger.BMP,544696ca4733f303ddc083577c4c1d90cba01c9dfc5ae083f4626275f0643bc0,validation
data/datasets/B+/cluster_2_5694.BMP,B+,SUBJECT_GROUP_0288,293,293__F_Right_little_finger.BMP,9ca52c6af617c18a3f7ff5fbcff8a46dbcd56bc9c2186cb3efd9331270a5a183,test
data/datasets/B+/cluster_2_5707.BMP,B+,SUBJECT_GROUP_0171,171,171__M_Right_index_finger.BMP,63e70c0585704bc3374f9190072315572f8cf6492cb090624cdaf6cb98ee818d,train
data/datasets/B+/cluster_2_5709.BMP,B+,SUBJECT_GROUP_0134,134,134__M_Right_little_finger.BMP,02d430203a27a7d5d07946165217f7baff16d5ed091bff377a5b99c3853088aa,validation
data/datasets/B+/cluster_2_5714.BMP,B+,SUBJECT_GROUP_0079,79,79__M_Left_ring_finger.BMP,2c53a297fdb478d5ea9db956f2991764a075c7b09fb279fe207089feee6f9e51,train
data/datasets/B+/cluster_2_5718.BMP,B+,SUBJECT_GROUP_0587,600,600__M_Left_little_finger.BMP,547e5fcc3ff8e33f3ff308a7efbffed5cbc742abd7835d3b2480178f1b9f754c,train
data/datasets/B+/cluster_2_5735.BMP,B+,SUBJECT_GROUP_0218,221,221__M_Left_index_finger.BMP,0a11f072feb4da5f9c39a68c0db6064a89e10cb00aece42e556a53195fc3e707,test
data/datasets/B+/cluster_2_5741.BMP,B+,SUBJECT_GROUP_0138,138,138__M_Right_thumb_finger.BMP,d2dd136e06011673f89c9fcce89bb1a1eae55f416456c0f02b3b858985691899,train
data/datasets/B+/cluster_2_5746.BMP,B+,SUBJECT_GROUP_0079,79,79__M_Left_little_finger.BMP,1ece66a72430f49100fe3742af352b18266bcae28c8adf99b8cf979aed8b03dc,train
data/datasets/B+/cluster_2_5751.BMP,B+,SUBJECT_GROUP_0007,7,7__M_Left_index_finger.BMP,90a24d9f140ef7663127849ee903272d435f0f707c114abd1ce5fc59479a06ee,test
data/datasets/B+/cluster_2_5755.BMP,B+,SUBJECT_GROUP_0474,481,481__F_Right_little_finger.BMP,2de8685591e1e67727f3a498944a835d66fdfa25d6cfbc75e1e9c4c4dd870b91,test
data/datasets/B+/cluster_2_5756.BMP,B+,SUBJECT_GROUP_0442,449,449__F_Left_ring_finger.BMP,0c5aea335335998a8b70f882abcd28f07a69d85a3e10c65dd3e1f0e4e412d10b,train
data/datasets/B+/cluster_2_5761.BMP,B+,SUBJECT_GROUP_0271,276,276__M_Left_ring_finger.BMP,13b1c3bfd847e6d62abb2edb223f2e89c3e95f461514118779cfc85b95f5f3b6,train
data/datasets/B+/cluster_2_577.BMP,B+,SUBJECT_GROUP_0038,38,38__M_Right_middle_finger.BMP,fe3b6cf5fb23910ddb6aab20268cbc0b0f883eab2996df96f29ebe1696fe4df6,train
data/datasets/B+/cluster_2_5774.BMP,B+,SUBJECT_GROUP_0323,328,328__M_Right_little_finger.BMP,6dcf4db9f49d5a3bcd69516a98e7c184a84ddc06c31c2461b6d6c5689b4edac6,train
data/datasets/B+/cluster_2_5785.BMP,B+,SUBJECT_GROUP_0070,70,70__M_Right_little_finger.BMP,b3b278d71c4fbb443b7ede9682cb2eb544d9c2f68a730926cee1645ad395e0c6,validation
data/datasets/B+/cluster_2_5790.BMP,B+,SUBJECT_GROUP_0198,198,198__M_Left_little_finger.BMP,1668f307afc393281631f5b290e6b2fd8e4786fec6dedef078130bdac638fc75,train
data/datasets/B+/cluster_2_5792.BMP,B+,SUBJECT_GROUP_0229,232,232__M_Left_little_finger.BMP,e72b6ef47340221928b4a4b89dd37ad2287820c66995521ce77bb80fa72c59f6,train
data/datasets/B+/cluster_2_5798.BMP,B+,SUBJECT_GROUP_0095,95,95__M_Right_index_finger.BMP,cab2cc6960283f8bb4909eff55f26fbc77dd880a014bf37e3d11cbb1b724cf33,train
data/datasets/B+/cluster_2_5809.BMP,B+,SUBJECT_GROUP_0259,264,264__M_Right_thumb_finger.BMP,c8f8c3db534c2b606ad209650528e62ed0c04b98816787b2460ffcd236d98e3d,train
data/datasets/B+/cluster_2_5817.BMP,B+,SUBJECT_GROUP_0391,397,397__M_Left_little_finger.BMP,f7df9eb3812f4b6bc0aab1b6e9f66eb0b35eea1d241bd10425331b9839afba3e,train
data/datasets/B+/cluster_2_583.BMP,B+,SUBJECT_GROUP_0040,40,40__F_Left_little_finger.BMP,a23632951ffdbeba0bb30e2751e32a134b584ed2492f7197db6a8fe4da161cfa,train
data/datasets/B+/cluster_2_5845.BMP,B+,SUBJECT_GROUP_0024,24,24__F_Left_little_finger.BMP,634640704664aa7c4ed736781c05dc2960c25f402f9c76a1698c7016c387cc87,test
data/datasets/B+/cluster_2_5849.BMP,B+,SUBJECT_GROUP_0329,334,334__F_Right_little_finger.BMP,64bb18a639093d3a7247e8c6d92bba001f7a658dd2bb53956a5d5e2b7112e40e,train
data/datasets/B+/cluster_2_5850.BMP,B+,SUBJECT_GROUP_0203,205,205__F_Left_little_finger.BMP,2ee18ee08213ee0357d66d3f15810f3cd7306a30e39b00ae61b8316c109eecff,test
data/datasets/B+/cluster_2_5869.BMP,B+,SUBJECT_GROUP_0298,303,303__F_Right_little_finger.BMP,d307cc407957d9b66e7372a7aa0661949beed14061f900c008a798b928e00ef4,train
data/datasets/B+/cluster_2_5870.BMP,B+,SUBJECT_GROUP_0467,474,474__M_Right_middle_finger.BMP,e12fd4cdb7588ac13ccd04773a0c00787ee4fa8de9935fb605a78200d7e0bb4b,train
data/datasets/B+/cluster_2_5877.BMP,B+,SUBJECT_GROUP_0034,34,34__M_Right_index_finger.BMP,ac348d9a9940f58480299baf4860e4cc6f5e84906393fae229f14c10579ee8a7,test
data/datasets/B+/cluster_2_5881.BMP,B+,SUBJECT_GROUP_0032,32,32__M_Right_little_finger.BMP,35f480d38b5e9d50fc71a97ba9fa76376693c8e8d74dd472c341823b64510896,train
data/datasets/B+/cluster_2_5886.BMP,B+,SUBJECT_GROUP_0153,153,153__M_Right_little_finger.BMP,5c4501031c213036c070aa6e3373ebb2a7fa56a776d0b1093a709cd370da5a82,test
data/datasets/B+/cluster_2_5909.BMP,B+,SUBJECT_GROUP_0511,519,519__M_Right_index_finger.BMP,5714da593378deeea34da267630824a23145691107a292ec5e42afd3a6f21698,train
data/datasets/B+/cluster_2_5930.BMP,B+,SUBJECT_GROUP_0272,277,277__M_Right_thumb_finger.BMP,abde6a822e7e647726a81a45b81eea2827646a9e560bf909e045d81801a06e8f,train
data/datasets/B+/cluster_2_5937.BMP,B+,SUBJECT_GROUP_0210,212,212__M_Right_ring_finger.BMP,6d154ab60f35eaf36ab8efd01791e8cc0034b884c5d88b2b3feecec2fe920f32,train
data/datasets/B+/cluster_2_5938.BMP,B+,SUBJECT_GROUP_0433,440,440__M_Left_ring_finger.BMP,c49271de03eb21ed8f57ad1f30870474f3c19dc49cc8ee5bf7993ab79dedccac,train
data/datasets/B+/cluster_2_5941.BMP,B+,SUBJECT_GROUP_0160,160,160__M_Left_little_finger.BMP,93cd6b35b744f9c15d86f2bcb1e50a7808af44b3c79c8d4c3e09b7fdc5afa3c8,train
data/datasets/B+/cluster_2_5963.BMP,B+,SUBJECT_GROUP_0002,2,2__F_Left_ring_finger.BMP,97199b868701f354a35b45cd0ab6ae47dfa90c610917fb3fa301d241d96481d5,train
data/datasets/B+/cluster_2_5981.BMP,B+,SUBJECT_GROUP_0009,9,9__M_Left_ring_finger.BMP,01a9c3f27197390c6d316fd3092f5421b8f0b3cd813d3827b6923e2d43cec8ff,train
data/datasets/B+/cluster_2_5995.BMP,B+,SUBJECT_GROUP_0451,458,458__M_Right_little_finger.BMP,fd99465436893319696b90ae74733d90c4b66d0762070af6e1496eb3174dfa31,train
data/datasets/B+/cluster_2_5999.BMP,B+,SUBJECT_GROUP_0050,50,50__M_Left_ring_finger.BMP,1be8c909cf1c6b6823278f3ffa52697789c52e8fc52ee40ec6e6604c1e60e6ef,train
data/datasets/B+/cluster_2_6.BMP,B+,SUBJECT_GROUP_0559,569,569__M_Right_little_finger.BMP,b392794f92cbc75e55f5c84d5160e22247614aa85b4dd3e96d6c7468b9de73a0,train
data/datasets/B+/cluster_2_601.BMP,B+,SUBJECT_GROUP_0306,311,311__M_Left_ring_finger.BMP,9487d40b68d2ce8ec47203ce083632559a6bf0497759081df385f37941a6e3d3,validation
data/datasets/B+/cluster_2_617.BMP,B+,SUBJECT_GROUP_0531,539,539__F_Left_index_finger.BMP,0c24ea297a1f223c586f75c79bcf7399b6e18e58d4ab9f578323d4e56ad5c03e,test
data/datasets/B+/cluster_2_634.BMP,B+,SUBJECT_GROUP_0457,464,464__M_Left_ring_finger.BMP,c982eed88c416e07099e8e288464de8ccd5551b33285ef18e7027a559e16504d,train
data/datasets/B+/cluster_2_645.BMP,B+,SUBJECT_GROUP_0064,249,249__M_Left_ring_finger.BMP,6569ad5427fcb8508d27cbfc0db4371c37ce2f067abde83a287863a74710ad25,validation
data/datasets/B+/cluster_2_646.BMP,B+,SUBJECT_GROUP_0328,333,333__M_Left_little_finger.BMP,febabb1c1c7b04297a56d498f3ec0533457588249b51981559a08a3f2fbd794c,train
data/datasets/B+/cluster_2_662.BMP,B+,SUBJECT_GROUP_0314,319,319__M_Right_thumb_finger.BMP,80816d66ebc79caf63ea8dfdf2b48dd6347e46cf22bf60ad003156a4f47b9b30,test
data/datasets/B+/cluster_2_676.BMP,B+,SUBJECT_GROUP_0452,459,459__M_Right_index_finger.BMP,281ff7256e4b835586f101232b3f6caa4da0e13bfb164fb628cb5592f15fad32,train
data/datasets/B+/cluster_2_682.BMP,B+,SUBJECT_GROUP_0432,439,439__M_Left_little_finger.BMP,52eaa8f1cc3df5781680d6c41a8e25699cdb8b438460c68efa2ef106c7c6ac58,train
data/datasets/B+/cluster_2_688.BMP,B+,SUBJECT_GROUP_0311,316,316__M_Left_middle_finger.BMP,6578f6eaeeef635c6d65ff58f1a1b2f20ba90b6c1b88453d32af087504b98140,train
data/datasets/B+/cluster_2_692.BMP,B+,SUBJECT_GROUP_0059,59,59__F_Right_thumb_finger.BMP,20b03e9e2bbbf90b13153fa6649a7c3033acbeebf4570ee25a19cd07bbf3b2c7,train
data/datasets/B+/cluster_2_693.BMP,B+,SUBJECT_GROUP_0318,323,323__M_Left_index_finger.BMP,02067eaebb1a420404f2c9e10c7fb615bd8ac7c7d4af0e85fdad0fd5a4315ace,train
data/datasets/B+/cluster_2_698.BMP,B+,SUBJECT_GROUP_0214,216,216__M_Left_little_finger.BMP,a59e1bad885599dda81b037ec80e4544d0eb926d774a6d088251570342de4e1a,train
data/datasets/B+/cluster_2_706.BMP,B+,SUBJECT_GROUP_0059,59,59__F_Left_little_finger.BMP,ff1bcc893b8bcdfcc29e28c3ddd2b6385f1853aa770af8c176a66123d9b3f620,train
data/datasets/B+/cluster_2_716.BMP,B+,SUBJECT_GROUP_0444,451,451__M_Left_little_finger.BMP,29e243a6e4ccdeea79f2c0252c130be6bafc676438d12b539bb52a167320a041,train
data/datasets/B+/cluster_2_723.BMP,B+,SUBJECT_GROUP_0373,379,379__F_Left_thumb_finger.BMP,0423088372d56cdaf810f73546b0cb92d929a65f6dad8b466d8922290277d185,train
data/datasets/B+/cluster_2_726.BMP,B+,SUBJECT_GROUP_0218,221,221__M_Right_index_finger.BMP,5a479a59c9336ce04b503061c4bb99618e93c20c1f3289f109f314435e253ec4,test
data/datasets/B+/cluster_2_742.BMP,B+,SUBJECT_GROUP_0040,40,40__F_Right_index_finger.BMP,e6caad4311b44b23873ef8f7c8dbdb931aca1b55f4cf20e9f9f3da5fd2918515,train
data/datasets/B+/cluster_2_747.BMP,B+,SUBJECT_GROUP_0099,99,99__M_Right_ring_finger.BMP,e892b3cdb3731e8a2539d6e44293810d9f60785341d7ebbe11975085ce1a6832,train
data/datasets/B+/cluster_2_749.BMP,B+,SUBJECT_GROUP_0519,527,527__M_Left_little_finger.BMP,e6e5b931ea391f6bc1070c42969b7a148d4e98af2806d75ea04b820ebe89e65f,train
data/datasets/B+/cluster_2_756.BMP,B+,SUBJECT_GROUP_0329,334,334__F_Left_ring_finger.BMP,99b94e101f80774d73bb17472c89cb721822493389a535856509a41b092a0fea,train
data/datasets/B+/cluster_2_758.BMP,B+,SUBJECT_GROUP_0050,50,50__M_Right_middle_finger.BMP,d76e850aa178f184af98e5c9e24bda4d7d6dd92b98793e447f9eb9a9f60ff180,train
data/datasets/B+/cluster_2_78.BMP,B+,SUBJECT_GROUP_0395,401,401__M_Left_ring_finger.BMP,9800acee4e667b7494b89bf3e92e5228ecf1110605f4684d1de767af97585eec,train
data/datasets/B+/cluster_2_781.BMP,B+,SUBJECT_GROUP_0272,277,277__M_Left_little_finger.BMP,6d8020a8878416d2a490583ef7ef60a528c573d95f40e560313c16934b52ce9f,train
data/datasets/B+/cluster_2_785.BMP,B+,SUBJECT_GROUP_0564,574,574__F_Right_ring_finger.BMP,b8c3f542b637fe739e4cd6eac93068fac25ef49b9bf1259a292ccc511a0d05b6,train
data/datasets/B+/cluster_2_790.BMP,B+,SUBJECT_GROUP_0393,399,399__M_Right_middle_finger.BMP,f7b22834d40d8e0a9cd28a692fb2735599ac5ef08d02e5b29f9bc16a5247443d,validation
data/datasets/B+/cluster_2_792.BMP,B+,SUBJECT_GROUP_0546,556,556__F_Right_little_finger.BMP,cdd93eb47850f0fdf9da9f343d93fa07d04a05784918d7cd18124380243878ba,train
data/datasets/B+/cluster_2_814.BMP,B+,SUBJECT_GROUP_0189,189,189__F_Right_middle_finger.BMP,e4aefb9d5cbb3d6c9e4f7b8b53cfbdcf171cb119e66b7e05fbfd1b664c2cfd15,train
data/datasets/B+/cluster_2_827.BMP,B+,SUBJECT_GROUP_0405,411,411__M_Left_ring_finger.BMP,3eedc71db2c4b0d096e2338755e074285ec6a9861a965ae9dd1329f47d04275e,train
data/datasets/B+/cluster_2_829.BMP,B+,SUBJECT_GROUP_0064,64;203;219;249;260,203__M_Left_little_finger.BMP;219__M_Left_little_finger.BMP;249__M_Left_little_finger.BMP;260__M_Left_little_finger.BMP;64__M_Left_little_finger.BMP,f1ee5f780443c730cda521ff654e90a72140755ace55dc4838a66380db913e83,validation
data/datasets/B+/cluster_2_832.BMP,B+,SUBJECT_GROUP_0102,102,102__M_Right_index_finger.BMP,e57a7865e7b6d54b5613db42ab921a43b0c32d01ac3e0e41e1c5789cc438c6a1,train
data/datasets/B+/cluster_2_833.BMP,B+,SUBJECT_GROUP_0087,87,87__M_Right_ring_finger.BMP,6249d180bb0da51bf20ec9abb0223adad0c796c16d530510ba68fa2fdfe30c4c,train
data/datasets/B+/cluster_2_848.BMP,B+,SUBJECT_GROUP_0032,32,32__M_Right_middle_finger.BMP,3f0c4f27fe981948ad472ed02144aa4815dee9e90f1334bb07275b2a1afde2fa,train
data/datasets/B+/cluster_2_854.BMP,B+,SUBJECT_GROUP_0125,125,125__M_Right_little_finger.BMP,2d2209e26460a214ae70e19ea02784341d96fbfcf0c1d2d3e0f858ed795bbcb8,test
data/datasets/B+/cluster_2_874.BMP,B+,SUBJECT_GROUP_0322,327,327__M_Left_ring_finger.BMP,29ba484e7a5ad43559b2f09a2854b04a458a25391dc5d0f1cc49a20430c2a40a,train
data/datasets/B+/cluster_2_884.BMP,B+,SUBJECT_GROUP_0121,121,121__F_Right_middle_finger.BMP,f0db11786113003d562562339865bd26374305294ca588561feb2e3df84a8f01,train
data/datasets/B+/cluster_2_888.BMP,B+,SUBJECT_GROUP_0002,2,2__F_Right_thumb_finger.BMP,d1fd5e4f33bcab5a033739ba18e3162b4b90d33ab169934512790b702a0fbe05,train
data/datasets/B+/cluster_2_90.BMP,B+,SUBJECT_GROUP_0356,361,361__M_Right_little_finger.BMP,8bdfb5ad820baf34b087a6909cfd4c8cdfa0e2bbf162b8b5e42b3a05468c3e50,train
data/datasets/B+/cluster_2_905.BMP,B+,SUBJECT_GROUP_0577,589,589__M_Right_index_finger.BMP,c1c46a5da9349b06ba48ce50cb52604d5d9d848dc6bc7837501b23ca3854bc66,validation
data/datasets/B+/cluster_2_915.BMP,B+,SUBJECT_GROUP_0430,437,437__M_Left_ring_finger.BMP,6697b4984dbc8b24d94038a11177dc9019825fa8db65490b05f5a91e67a19bb5,test
data/datasets/B+/cluster_2_921.BMP,B+,SUBJECT_GROUP_0558,568,568__M_Right_little_finger.BMP,e47836793319e7e1723d649635dfeb289adac0116514a72481c9cf50786ed448,train
data/datasets/B+/cluster_2_928.BMP,B+,SUBJECT_GROUP_0438,445,445__M_Right_ring_finger.BMP,0d520af683d0d452f84a64e03634918c7a036ea3861dd79966a79667a030e395,train
data/datasets/B+/cluster_2_942.BMP,B+,SUBJECT_GROUP_0163,163,163__M_Right_ring_finger.BMP,518ad0f93dde44110c38b73aad30b28f46f12df694563a9dd04bc66742c070a5,train
data/datasets/B+/cluster_2_946.BMP,B+,SUBJECT_GROUP_0113,113,113__M_Left_little_finger.BMP,de0806ff565fe6937990e7c7c65af37feebcb8e9079247b0339fde1d017021e5,train
data/datasets/B+/cluster_2_952.BMP,B+,SUBJECT_GROUP_0244,247,247__M_Left_index_finger.BMP,beb9d99d8b38d897b568f7b7bb94f93b37a6212c99a6aae3f61d4d530b5c43b9,train
data/datasets/B+/cluster_2_953.BMP,B+,SUBJECT_GROUP_0235,238,238__M_Left_middle_finger.BMP,4f683a89838b068ae8eb233964ed812a6e6a0e0c1fb260e2ee0102ba266ea3db,train
data/datasets/B+/cluster_2_963.BMP,B+,SUBJECT_GROUP_0031,31,31__F_Right_middle_finger.BMP,2f9b8af7b9da62613fd6cf6906456293a4dbfe8bc9071464dead76928b8cb14d,train
data/datasets/B+/cluster_2_967.BMP,B+,SUBJECT_GROUP_0558,568,568__M_Left_little_finger.BMP,98294a72b4fca5e29d3c27a85dc50649fb2791db93c72cddfcedbb7642251530,train
data/datasets/B+/cluster_2_980.BMP,B+,SUBJECT_GROUP_0513,521,521__M_Left_middle_finger.BMP,7f1ec6d0be84892d0102e8d0d3dc608b0b1e4e900ca9ddedc54b42d7f74c7cce,train
data/datasets/B+/cluster_2_988.BMP,B+,SUBJECT_GROUP_0520,528,528__F_Right_middle_finger.BMP,2bddf2ed53f471c50b77270c3721aeead43e341d4893bfd5918409e9239921d3,train
data/datasets/B+/cluster_2_992.BMP,B+,SUBJECT_GROUP_0140,140,140__F_Right_index_finger.BMP,8ac7e874e42453dfdf3eeb5cc0cf5838418f161cafb9055dffbf6a47951f0f07,train
data/datasets/B-/cluster_3_1017.BMP,B-,SUBJECT_GROUP_0111,111,111__M_Right_index_finger.BMP,981367afc94609577f3dfb823dc2c2a7ddeab357572b3a44ed4904c4c4693166,train
data/datasets/B-/cluster_3_1018.BMP,B-,SUBJECT_GROUP_0215,217,217__M_Right_index_finger.BMP,c28572207b3da09d100d082ca14c02aad24bcec34b8191d8ee996505c6e46650,test
data/datasets/B-/cluster_3_1032.BMP,B-,SUBJECT_GROUP_0468,475,475__M_Right_little_finger.BMP,c4e12e02cb9d7a13660c07c18b06373f6a6f5e67c8980ed01be7c5f83be95aab,validation
data/datasets/B-/cluster_3_1035.BMP,B-,SUBJECT_GROUP_0391,397,397__M_Right_thumb_finger.BMP,9ec8cbd72573e5e2194b053ced022b99810b0b9b23a99344354712155c257ca5,train
data/datasets/B-/cluster_3_1050.BMP,B-,SUBJECT_GROUP_0386,392,392__M_Right_index_finger.BMP,50c1a8819bb49083d32a737b64f41d245d5e44f40e952b54d3ef2d71996df6f8,train
data/datasets/B-/cluster_3_1055.BMP,B-,SUBJECT_GROUP_0139,139,139__M_Right_thumb_finger.BMP,f6be8a64a08d246b29030a851a26806431a2fed0a7bc450b76702363c87d98f0,train
data/datasets/B-/cluster_3_1059.BMP,B-,SUBJECT_GROUP_0416,423,423__M_Right_thumb_finger.BMP,ed77dd1e4d065bdbeffb66065538ed63a4ee348bc2af62107fe17d80e5055043,train
data/datasets/B-/cluster_3_1067.BMP,B-,SUBJECT_GROUP_0401,407,407__M_Right_thumb_finger.BMP,8a2e142fd18b82e953033364a927d9ba72362cf6f7377fa0cf1f43f9a8fc984b,train
data/datasets/B-/cluster_3_1070.BMP,B-,SUBJECT_GROUP_0336,341,341__M_Right_thumb_finger.BMP,a1b45f5eb7b2b41ef8d68d5cbb68c406fc44178612168903eae45225da8b66c3,validation
data/datasets/B-/cluster_3_108.BMP,B-,SUBJECT_GROUP_0340,345,345__M_Right_index_finger.BMP,97cc5d98f20a515e53afada39c13b023dd7e45c23dda76b0c8703af142d07ad4,test
data/datasets/B-/cluster_3_1083.BMP,B-,SUBJECT_GROUP_0458,465,465__F_Left_middle_finger.BMP,b1431ed8e9d9b0fdf3c32662ad96180c0b90831ce47ab19fc8ed449afd7e3eba,train
data/datasets/B-/cluster_3_1101.BMP,B-,SUBJECT_GROUP_0573,584,584__M_Right_thumb_finger.BMP,9e2203c0acf87c784b87860e899581b78ef080bff4113753c9ffe47ece47519a,train
data/datasets/B-/cluster_3_1146.BMP,B-,SUBJECT_GROUP_0204,206,206__M_Right_thumb_finger.BMP,f0cd6ae7f61d418db7665c25ce105757a87adde4fcedf598f65f9da8d6fec0a1,validation
data/datasets/B-/cluster_3_1159.BMP,B-,SUBJECT_GROUP_0538,546,546__M_Right_thumb_finger.BMP,1d2de3a6f122dd9adbd3e9f9edec4fae2f64ffbeecb792ba1c928a219df1f067,test
data/datasets/B-/cluster_3_1169.BMP,B-,SUBJECT_GROUP_0070,70,70__M_Right_middle_finger.BMP,7bf26d133cdc2b03b45953333407de9244c79fabf7927251edf1c308f0261f42,validation
data/datasets/B-/cluster_3_1174.BMP,B-,SUBJECT_GROUP_0490,497,497__M_Right_thumb_finger.BMP,b431fd44a4fc0a1e9ca1456ad6d295f2acf4cba858050efd2e8eaceb67fc0640,train
data/datasets/B-/cluster_3_1184.BMP,B-,SUBJECT_GROUP_0175,175,175__M_Right_thumb_finger.BMP,7edecc4965828f4c27d044df3e943b593995ed71c6b6cae5e099bbccbd1dc1b8,train
data/datasets/B-/cluster_3_1201.BMP,B-,SUBJECT_GROUP_0469,476,476__M_Right_thumb_finger.BMP,508740ea170b9591da1fb344358507f9409c07698bb2d7e1a92b1c7c2a509477,validation
data/datasets/B-/cluster_3_1209.BMP,B-,SUBJECT_GROUP_0196,196,196__M_Right_index_finger.BMP,bff67ccb447724cf3aaac7da490402fb13dad24c2ec4ae42f5c1a8e50c38662f,train
data/datasets/B-/cluster_3_1251.BMP,B-,SUBJECT_GROUP_0152,152,152__M_Right_thumb_finger.BMP,ef891603c60541063af779cd9c55dfd7bd1deb142b7d6c4816dccda42f2a2ea0,train
data/datasets/B-/cluster_3_1257.BMP,B-,SUBJECT_GROUP_0386,392,392__M_Right_ring_finger.BMP,75c78817ffac5f57a0f04286c205f56a5b21a4d8fc05aa3599e83eb892145959,train
data/datasets/B-/cluster_3_1262.BMP,B-,SUBJECT_GROUP_0521,529,529__M_Right_little_finger.BMP,63d16a497dc0436e810030c51dc5878d9a08243439c0752fdec0f512dece0cd3,train
data/datasets/B-/cluster_3_1267.BMP,B-,SUBJECT_GROUP_0269,274,274__M_Right_index_finger.BMP,0f2a3fc0d711df494823f8fe0a661aa6a687949ac8af82dc5bb124853ec76a09,test
data/datasets/B-/cluster_3_1270.BMP,B-,SUBJECT_GROUP_0010,10,10__M_Right_index_finger.BMP,0e7f3b558fc9fc7b1c4566963665aa25375842e67f8bba0a6bc3155b4ccacb2b,train
data/datasets/B-/cluster_3_1274.BMP,B-,SUBJECT_GROUP_0008,8,8__M_Right_index_finger.BMP,1a7b30db09e0579faf9a6fe8cd1aa2623924c23c4d46a7ddb1c08ddc2e9ad5ee,train
data/datasets/B-/cluster_3_128.BMP,B-,SUBJECT_GROUP_0004,4,4__M_Right_middle_finger.BMP,58d94429e76214a66f9dfa533ea49955bc788cd0dda21dab073f8ecb47f3fed1,train
data/datasets/B-/cluster_3_1280.BMP,B-,SUBJECT_GROUP_0333,338,338__M_Right_middle_finger.BMP,6061020fc6b2aff649408ab6d496ab578d0c52ebf3bfee73965609a2b11e94f9,validation
data/datasets/B-/cluster_3_1291.BMP,B-,SUBJECT_GROUP_0159,159,159__M_Right_index_finger.BMP,a4f23bd7bdb6398f71264834b4bcff9ff8545b31702127615bccd6543cf08a7f,train
data/datasets/B-/cluster_3_1296.BMP,B-,SUBJECT_GROUP_0191,191,191__F_Right_index_finger.BMP,1945d635336af66007efd725a3ef1941cda68fb83f0ac5a6ecccc1abface64d7,train
data/datasets/B-/cluster_3_1298.BMP,B-,SUBJECT_GROUP_0536,544,544__M_Right_thumb_finger.BMP,23603df28164594f72b89d60ae1e61f6f7002dcc4e4e5a7c965621af9e74ca5b,train
data/datasets/B-/cluster_3_1302.BMP,B-,SUBJECT_GROUP_0117,117,117__F_Right_ring_finger.BMP,e47cf475b6208ecfee85d2790206c15f9bb54faef8fc12edaac29de2e8243e88,test
data/datasets/B-/cluster_3_1307.BMP,B-,SUBJECT_GROUP_0190,190,190__M_Right_middle_finger.BMP,0e5c74cb7dba7b5d6764102159cf762f6bba1b25be8dff82722ddc88309d98c7,train
data/datasets/B-/cluster_3_1308.BMP,B-,SUBJECT_GROUP_0403,409,409__M_Right_index_finger.BMP,bb6301f0ca6c2e8f5ce385b8c250450701daf980e3d03b69f755eb62ca4187f4,train
data/datasets/B-/cluster_3_1315.BMP,B-,SUBJECT_GROUP_0268,273,273__M_Right_thumb_finger.BMP,3591b9e9790d3b4fdf536fc086f78754c657329c55693a9bba1aa2184bd28fb1,train
data/datasets/B-/cluster_3_1316.BMP,B-,SUBJECT_GROUP_0046,46,46__M_Left_ring_finger.BMP,7c8b60b7bba8d6237fda6d730d64d2477405e252d333d32dd7c38025a7eb1d5f,train
data/datasets/B-/cluster_3_1320.BMP,B-,SUBJECT_GROUP_0556,566,566__M_Right_thumb_finger.BMP,d3aca5a3addbde16219119d963d4b8f23f9c091944f3526f915e46d440455797,train
data/datasets/B-/cluster_3_1323.BMP,B-,SUBJECT_GROUP_0236,239,239__M_Right_index_finger.BMP,9ad304527123914d61e0d5f68704584722879362f2044fec4c4983cd2f7284e2,train
data/datasets/B-/cluster_3_1330.BMP,B-,SUBJECT_GROUP_0541,549,549__M_Left_ring_finger.BMP,86372aa54caaea0c2d58414d6e3e04af0619a52dcad7a6436a6aad10346d4381,train
data/datasets/B-/cluster_3_1341.BMP,B-,SUBJECT_GROUP_0169,169,169__F_Right_thumb_finger.BMP,63778575ea860ba108ece09b6d12cdf16f4eedf43a73ec18916a85c72fe58385,train
data/datasets/B-/cluster_3_1342.BMP,B-,SUBJECT_GROUP_0325,330,330__M_Right_thumb_finger.BMP,f924bc277b23d09f8918fc58f274f261d090a9fd75555ad30440754cacddf49c,train
data/datasets/B-/cluster_3_1344.BMP,B-,SUBJECT_GROUP_0041,41,41__M_Right_middle_finger.BMP,781f371d3fd9dc0799f2e947540e92cfd510d43c000baee1feb2de113dc2e47f,train
data/datasets/B-/cluster_3_1353.BMP,B-,SUBJECT_GROUP_0290,295,295__M_Right_index_finger.BMP,8f774360ba19e59b0785750d675865d457be428b9bc4706e47b5f8609d9b5406,train
data/datasets/B-/cluster_3_1356.BMP,B-,SUBJECT_GROUP_0005,5,5__M_Right_index_finger.BMP,10a008b6bedb7966e694a5957d07125de6ff4a1b2abc86eed888eee7b39445f5,train
data/datasets/B-/cluster_3_1366.BMP,B-,SUBJECT_GROUP_0289,294,294__M_Right_ring_finger.BMP,cba787fc8679a63e1c62ad8ab188700c77086aa146375c1e0f3b99bc36332571,train
data/datasets/B-/cluster_3_1375.BMP,B-,SUBJECT_GROUP_0558,568,568__M_Right_thumb_finger.BMP,25835c8dc49afd59e0913a1bd522552f4c364fcec084d92b9147e9842d991c80,train
data/datasets/B-/cluster_3_1381.BMP,B-,SUBJECT_GROUP_0073,73,73__M_Right_thumb_finger.BMP,6219aa97f712f9293f63a37b2e7c82faf5fe0a3f8cfdb3a0770c4f518f81b43b,train
data/datasets/B-/cluster_3_1385.BMP,B-,SUBJECT_GROUP_0254,258,258__M_Right_thumb_finger.BMP,3cd73d55fe4dcbad3dea29d3f4310780ae5737a7bc9708df07e71b5274e6b9c9,train
data/datasets/B-/cluster_3_1396.BMP,B-,SUBJECT_GROUP_0292,554,554__M_Right_thumb_finger.BMP,541ebf8973b7c4b18b626bdc2a5a6bf963645d8e3c8315edac43c37395b29058,test
data/datasets/B-/cluster_3_1410.BMP,B-,SUBJECT_GROUP_0020,20,20__M_Right_index_finger.BMP,bcd6c1bf2c4a9f90f6d338dd5536d6d86388996c6c86e3fad8803e4ce287b2d2,train
data/datasets/B-/cluster_3_1420.BMP,B-,SUBJECT_GROUP_0429,436,436__M_Right_middle_finger.BMP,f3f9357bc19250a3a683e0863aa046e493aed91fe099a56133b426055587989c,train
data/datasets/B-/cluster_3_1426.BMP,B-,SUBJECT_GROUP_0333,338,338__M_Right_thumb_finger.BMP,c1b6a4646a8905a9517dfc591f5da2123379cb2c818a789d945c23559484455c,validation
data/datasets/B-/cluster_3_1427.BMP,B-,SUBJECT_GROUP_0139,139,139__M_Right_index_finger.BMP,94e72df0258921442e9666222887a451a1839b7e27de8e47c3eb8029901cc8d2,train
data/datasets/B-/cluster_3_1447.BMP,B-,SUBJECT_GROUP_0243,246,246__M_Right_thumb_finger.BMP,b0d28a9992ffc22fd3e74b815b2f197720e005e5f107d9e8b29eb6484d0db037,train
data/datasets/B-/cluster_3_145.BMP,B-,SUBJECT_GROUP_0326,331,331__M_Right_ring_finger.BMP,d56ffef805826cf8b93a444173424a6eaff0f594558f545db1d357058aee02ad,train
data/datasets/B-/cluster_3_1450.BMP,B-,SUBJECT_GROUP_0388,394,394__M_Right_index_finger.BMP,c0a29baee2c95fb54d3cb4c5fe0bec0943a86bf5a40e4ba87ff3f057f832cec8,train
data/datasets/B-/cluster_3_1460.BMP,B-,SUBJECT_GROUP_0375,381,381__M_Right_thumb_finger.BMP,e9fa662990de2492a2069c8dcede3218a61bbdae95ee6850000d99d06bd44662,train
data/datasets/B-/cluster_3_1470.BMP,B-,SUBJECT_GROUP_0236,239,239__M_Right_thumb_finger.BMP,5730ce0c7ee4c077c8ed01d934f5684117524cd223125e695fd582d37c201af5,train
data/datasets/B-/cluster_3_1496.BMP,B-,SUBJECT_GROUP_0291,296,296__M_Right_thumb_finger.BMP,7d48a9221a46071d3a187e2d69e765ffa804b41e9f8a77fe47fd0e0623c7fa5b,train
data/datasets/B-/cluster_3_1507.BMP,B-,SUBJECT_GROUP_0434,441,441__M_Right_thumb_finger.BMP,fc987eaddef17d54b242b63481d236f74ca99d6471b5236869faa0b05f8ffa76,train
data/datasets/B-/cluster_3_151.BMP,B-,SUBJECT_GROUP_0364,369,369__F_Right_thumb_finger.BMP,6deb9ce23fd8d20192bf9f1f850c87924f838fb0ec596de97c4f9311191ed33d,validation
data/datasets/B-/cluster_3_1513.BMP,B-,SUBJECT_GROUP_0253,257,257__M_Right_thumb_finger.BMP,6cd5f4b702cb84971f5c17db53aea8502657037ef3a1fa369f5e87de374bbf17,train
data/datasets/B-/cluster_3_1517.BMP,B-,SUBJECT_GROUP_0498,505,505__M_Right_thumb_finger.BMP,75754aaf8d5a32cabab958a1fde23acea464d8d1ab274724b86fcbbc79bf78c9,train
data/datasets/B-/cluster_3_152.BMP,B-,SUBJECT_GROUP_0358,363,363__M_Left_middle_finger.BMP,9162d7d1f0b743304afa6c25818a8952ab9e8012bc1cf7bad8d5838da2295b97,test
data/datasets/B-/cluster_3_1522.BMP,B-,SUBJECT_GROUP_0561,571,571__F_Right_thumb_finger.BMP,693283bb045864a60ee6390be87318e7b103a9e37581f04b674e04ba4c1e6fb2,train
data/datasets/B-/cluster_3_1529.BMP,B-,SUBJECT_GROUP_0556,566,566__M_Right_middle_finger.BMP,411d42fd63169c121ddce231fc9cba87aaee6ae944b1647fc19b636b2f019531,train
data/datasets/B-/cluster_3_1536.BMP,B-,SUBJECT_GROUP_0385,391,391__M_Right_thumb_finger.BMP,adebc66c302aec989eec0b9afe85007ba806d9869e128b734c4a5539ec6cc022,train
data/datasets/B-/cluster_3_1557.BMP,B-,SUBJECT_GROUP_0311,316,316__M_Right_thumb_finger.BMP,1411714d408524018cf92dea5301c3ab69f4c176db07eff75d8bf30a4ac5e0e9,train
data/datasets/B-/cluster_3_1566.BMP,B-,SUBJECT_GROUP_0126,126,126__F_Right_thumb_finger.BMP,ac0775763264dac7354ae948242d1353679b65e03c125bb3edc55cb6a3ead6db,train
data/datasets/B-/cluster_3_157.BMP,B-,SUBJECT_GROUP_0420,427,427__M_Right_thumb_finger.BMP,1ec104925316a1b324425e3233cf9e945fffe5359e220badfa3bb0c607d05353,train
data/datasets/B-/cluster_3_1581.BMP,B-,SUBJECT_GROUP_0083,83,83__M_Right_thumb_finger.BMP,6cced492ef349409e87370a958a0a22af1a9ff4eedd9ab7f2406c0d34a92c1a4,train
data/datasets/B-/cluster_3_1593.BMP,B-,SUBJECT_GROUP_0389,395,395__M_Left_ring_finger.BMP,6d29e5ea75421fdceef03921885b8f370461ac8f320b0ef081099cbc1803a2cf,train
data/datasets/B-/cluster_3_1598.BMP,B-,SUBJECT_GROUP_0331,336,336__M_Right_index_finger.BMP,812b9de55f10a9ad657bf07eb4c01db74892e5f083d1d25752386b6bc22a5789,train
data/datasets/B-/cluster_3_1599.BMP,B-,SUBJECT_GROUP_0346,351,351__M_Right_thumb_finger.BMP,c25e75f85c984d911e6d156af3b0d55f3857dd5b84f6cd91b476a08904b73313,train
data/datasets/B-/cluster_3_160.BMP,B-,SUBJECT_GROUP_0475,482,482__M_Right_middle_finger.BMP,12228858fa18021effcea8a7e6360187c9535682629839026d91200a89209e41,test
data/datasets/B-/cluster_3_1602.BMP,B-,SUBJECT_GROUP_0436,443,443__M_Right_little_finger.BMP,11eff4f9abf35df2b1a447f949d426ea9de94bacb500c73a395d83ae7b5aa1db,validation
data/datasets/B-/cluster_3_1603.BMP,B-,SUBJECT_GROUP_0315,320,320__M_Right_thumb_finger.BMP,3507dabbf9f6520471837bc75f3ec32ca1d1cfe41e81385dfb753496b6d9bc62,train
data/datasets/B-/cluster_3_1604.BMP,B-,SUBJECT_GROUP_0459,466,466__F_Right_thumb_finger.BMP,fc67329d1aa3eb43c33e4cf3437cd713103eeddaf143649bae38784976d5976f,test
data/datasets/B-/cluster_3_1618.BMP,B-,SUBJECT_GROUP_0092,92,92__F_Right_middle_finger.BMP,1b4c6e63c78f7204dbcf15fd8827a3deaed89fc90a61aed53719d54b77ea8f31,validation
data/datasets/B-/cluster_3_1622.BMP,B-,SUBJECT_GROUP_0506,514,514__F_Right_thumb_finger.BMP,77ad11b5d851f44e1be275218e4b1e024ce1aed624f81d50fcf21050f76ab73f,train
data/datasets/B-/cluster_3_1625.BMP,B-,SUBJECT_GROUP_0272,277,277__M_Right_index_finger.BMP,659530fb8a0fb8c1d8a471dc244d3e3be7c5d92083d494ed0974107390b6c097,train
data/datasets/B-/cluster_3_1636.BMP,B-,SUBJECT_GROUP_0476,483,483__M_Right_thumb_finger.BMP,bb583a01eeef8bd67a17affc296b83c14d5b4e47a68a0d8646810a534da5343d,train
data/datasets/B-/cluster_3_1642.BMP,B-,SUBJECT_GROUP_0560,570,570__M_Right_thumb_finger.BMP,75715e0ce41a11fee3d03d10fc3394baeac3804e46b392a5ce643fa1a7410fdd,train
data/datasets/B-/cluster_3_1649.BMP,B-,SUBJECT_GROUP_0441,448,448__M_Right_index_finger.BMP,76ad816146f68ac2e8ac5217581525e06fc8df8892415c63874c83ef986c4dd5,train
data/datasets/B-/cluster_3_165.BMP,B-,SUBJECT_GROUP_0080,80,80__M_Right_middle_finger.BMP,d9d4daf8c930fbf54a07c8476d1db85b7695abe33f91e80ebd014053046eba66,train
data/datasets/B-/cluster_3_1655.BMP,B-,SUBJECT_GROUP_0488,495,495__M_Left_ring_finger.BMP,fa5a1b4e508559db98a24b2fc6632937e147c07c1ed1794cb28819e2cc83ba5a,validation
data/datasets/B-/cluster_3_1656.BMP,B-,SUBJECT_GROUP_0267,272,272__M_Right_thumb_finger.BMP,2929ad22324a5c7ae12870ba8a034230b959285e14d5113461acb7babbee75a6,train
data/datasets/B-/cluster_3_1658.BMP,B-,SUBJECT_GROUP_0196,196,196__M_Right_thumb_finger.BMP,dcdcf95c434d71146ed64502e665570e3ff6d22ad810a8dd3bfa09ed0779e2d1,train
data/datasets/B-/cluster_3_1659.BMP,B-,SUBJECT_GROUP_0354,359,359__M_Right_thumb_finger.BMP,69f8e80caf9377db73ac8e78293bbf3b3f091cde95f1d9fd3f7b67b83807628e,train
data/datasets/B-/cluster_3_1664.BMP,B-,SUBJECT_GROUP_0368,373,373__M_Right_little_finger.BMP,5724c1dcedebfc7bb9037d3f8acb066248c2df8fbe2564ce1d979936f1ffe62a,validation
data/datasets/B-/cluster_3_1682.BMP,B-,SUBJECT_GROUP_0067,67,67__F_Right_little_finger.BMP,d927c0d8bdaa51c8882bf618bd2f14480bfc353471a4ba5bf32fb6019dd38d2a,train
data/datasets/B-/cluster_3_1693.BMP,B-,SUBJECT_GROUP_0338,343,343__M_Right_middle_finger.BMP,dafc4b78bb5a9145a7d5c66d16b44295c4abaf6e10d3d05939f6efd65e8d2389,train
data/datasets/B-/cluster_3_1701.BMP,B-,SUBJECT_GROUP_0483,490,490__M_Right_thumb_finger.BMP,b1abf9a89c0394d6b2cbdecdf54206c50a7002becd31d47c43e8a8bbdb854eee,validation
data/datasets/B-/cluster_3_1708.BMP,B-,SUBJECT_GROUP_0092,204,204__F_Right_little_finger.BMP,61de3975eff895f4ec35ef0ac9839a00ba5699853e25c234d56407a3fa4342f6,validation
data/datasets/B-/cluster_3_1713.BMP,B-,SUBJECT_GROUP_0353,358,358__M_Right_thumb_finger.BMP,9d9aa9054060f5ad8d018022829aa0b24810413d91990188c60433d22b339437,train
data/datasets/B-/cluster_3_1729.BMP,B-,SUBJECT_GROUP_0346,351,351__M_Right_index_finger.BMP,93c8abdc73d808b89c5727f4d61c0ed79220597402ce69abc2e22357db364211,train
data/datasets/B-/cluster_3_1733.BMP,B-,SUBJECT_GROUP_0119,119,119__F_Right_index_finger.BMP,3dbae1d5a934683213f2bf2ea141ee4e282068cc05aa18f77192dffa27d64cce,test
data/datasets/B-/cluster_3_1767.BMP,B-,SUBJECT_GROUP_0147,147,147__M_Right_index_finger.BMP,097e25be1510ebf2c035bdc47eddaa04c41da696a9b8c1df018bcfddb506f8cb,train
data/datasets/B-/cluster_3_1769.BMP,B-,SUBJECT_GROUP_0278,283,283__M_Right_thumb_finger.BMP,51e84fb8a7962d8f575dc7135e1f804ef007b5fecb95f51a97c67bc502d86c73,validation
data/datasets/B-/cluster_3_177.BMP,B-,SUBJECT_GROUP_0293,298,298__M_Right_index_finger.BMP,57cc9cd370bd4d55eff9e19e83fbfbab76fcf4cde068927def8068c2e0382e85,train
data/datasets/B-/cluster_3_1771.BMP,B-,SUBJECT_GROUP_0572,583,583__M_Right_middle_finger.BMP,d6bd02404425a62d6af5fcb5a304a808e012b3c8d1d522a5598b6760c19a9b32,test
data/datasets/B-/cluster_3_1779.BMP,B-,SUBJECT_GROUP_0316,321,321__M_Right_thumb_finger.BMP,d8631bac5639b65a2bd9b452bf077f6a1afa3595cf671c377d18cd65898dc519,train
data/datasets/B-/cluster_3_1782.BMP,B-,SUBJECT_GROUP_0427,434,434__M_Right_index_finger.BMP,f1813bb8a552761e0308a917e5d99e0e3e5333dc64a1319826f8f0bac132dfad,train
data/datasets/B-/cluster_3_1790.BMP,B-,SUBJECT_GROUP_0476,483,483__M_Right_index_finger.BMP,828bf1cd2a66bab57d8cdf80f98c83d3eab34192cba03bf1fe74721e48960011,train
data/datasets/B-/cluster_3_1794.BMP,B-,SUBJECT_GROUP_0558,568,568__M_Right_index_finger.BMP,622a90a9cb496ab16f90badd79aea66ad5bd6280c401cff5efa88d1652a44f75,train
data/datasets/B-/cluster_3_1799.BMP,B-,SUBJECT_GROUP_0132,132,132__M_Right_index_finger.BMP,cc1b3ad7a8ca48827fcb5385d996f8285896cdbebbbf46617a8632f3ea89529a,test
data/datasets/B-/cluster_3_18.BMP,B-,SUBJECT_GROUP_0230,233,233__M_Right_middle_finger.BMP,cca711a1139d15a841acedf4503a0dc3f9915da3fee5ae745973f335ae81a5aa,test
data/datasets/B-/cluster_3_1802.BMP,B-,SUBJECT_GROUP_0046,46,46__M_Right_index_finger.BMP,6fea7da328855648f1d3fd389ae98cd9771b82486e495fb32cc9e6844e4eaea1,train
data/datasets/B-/cluster_3_1808.BMP,B-,SUBJECT_GROUP_0360,365,365__M_Left_index_finger.BMP,27534a9f28d21cd9f3d673bf6d233096d3667a6617abd085aed3282053cba60c,test
data/datasets/B-/cluster_3_1824.BMP,B-,SUBJECT_GROUP_0357,362,362__M_Right_thumb_finger.BMP,690fe1f6baa232159d76476f372f93dbde61bd701d33bb486cc178e930f0ab56,train
data/datasets/B-/cluster_3_1829.BMP,B-,SUBJECT_GROUP_0132,132,132__M_Right_thumb_finger.BMP,75e0ee29a16a4cc5719db7e2a3044b1bd351f1d7a444ca538f6e7e150d801da0,test
data/datasets/B-/cluster_3_1832.BMP,B-,SUBJECT_GROUP_0460,467,467__M_Left_middle_finger.BMP,593816f086e22156b23bdb643a7f644cb7435539af170a611f1f2b30d401d1b2,train
data/datasets/B-/cluster_3_184.BMP,B-,SUBJECT_GROUP_0309,314,314__M_Right_index_finger.BMP,06f9820b53c662698b7c2072d961d8be20fe98969d89664a68fadf72628fc6b1,validation
data/datasets/B-/cluster_3_1846.BMP,B-,SUBJECT_GROUP_0361,366,366__M_Right_ring_finger.BMP,963802b48dabb3cb8d9ab6cd422bb32bdc14a4bca45eedec0c2c8b0a1efd4bab,train
data/datasets/B-/cluster_3_1856.BMP,B-,SUBJECT_GROUP_0224,227,227__M_Right_index_finger.BMP,d7c0890f2b936dfb219d7b04592717efb842fa230c8da93a9aa2bc2c0eb77500,train
data/datasets/B-/cluster_3_186.BMP,B-,SUBJECT_GROUP_0290,295,295__M_Left_ring_finger.BMP,2ca9ad77c302be4b36ed11cb1a230420604d07b137fea458d9c4030ab223296f,train
data/datasets/B-/cluster_3_1865.BMP,B-,SUBJECT_GROUP_0553,563,563__M_Right_index_finger.BMP,d34c79c490612704ddb7ce0fd07c4291e05e52e03288a24537feb81088576657,train
data/datasets/B-/cluster_3_1881.BMP,B-,SUBJECT_GROUP_0394,400,400__M_Right_thumb_finger.BMP,1d503f298f0ed71bf4dc655501f58911c200e2c829facf7cbbca4b17d61bbdbf,test
data/datasets/B-/cluster_3_1886.BMP,B-,SUBJECT_GROUP_0039,39,39__M_Right_thumb_finger.BMP,830a77a1661f740892a6a5c3737ea4b575d8545415efbd1140f11f39ab30648f,train
data/datasets/B-/cluster_3_1894.BMP,B-,SUBJECT_GROUP_0143,143,143__M_Left_little_finger.BMP,72c467bb887d6a2f9cedd0eaff1c6e72807988e9a42a359fe16f4eda94a2a2ff,train
data/datasets/B-/cluster_3_1896.BMP,B-,SUBJECT_GROUP_0116,116,116__M_Right_middle_finger.BMP,30f083668608c4512373c377e902c5a39287a637c86d47e6fee960b2dab143b7,test
data/datasets/B-/cluster_3_1904.BMP,B-,SUBJECT_GROUP_0062,62,62__M_Right_index_finger.BMP,1a408b84e9e3238ccd400aac4e55d0b02a17762f8685385cfd10bfcaa899c684,train
data/datasets/B-/cluster_3_1906.BMP,B-,SUBJECT_GROUP_0189,189,189__F_Right_thumb_finger.BMP,cc8e47690fd92fc922bcbe3d8fc4a6056fc5cbaede8ada0e2036e1107021e7ed,train
data/datasets/B-/cluster_3_1918.BMP,B-,SUBJECT_GROUP_0172,172,172__M_Right_thumb_finger.BMP,fa61764414d8c7e5951ce777e8c695b54a91c212ac5b5aa35f109960d9ef28eb,train
data/datasets/B-/cluster_3_1919.BMP,B-,SUBJECT_GROUP_0004,4,4__M_Right_index_finger.BMP,0b5672bf60a0bfd4121177c9e56b92d3a6473fb3072dd1f7c339402b5d48ef4b,train
data/datasets/B-/cluster_3_1922.BMP,B-,SUBJECT_GROUP_0539,547,547__M_Right_thumb_finger.BMP,ba315c61559b029fe0e1b7e06b97ef77efc1677af012330fa32dbcb4a3ebb5d2,train
data/datasets/B-/cluster_3_1935.BMP,B-,SUBJECT_GROUP_0384,390,390__F_Right_middle_finger.BMP,30e6dde6299db0eea8f763e70443ddd4f6480f919fba523b456781de4d2e80e7,train
data/datasets/B-/cluster_3_1940.BMP,B-,SUBJECT_GROUP_0018,18,18__M_Right_middle_finger.BMP,f4390cc968f125ad4dffd1a16f8fa23a00217573946e8db3a1dcfcb4c42e1920,validation
data/datasets/B-/cluster_3_1941.BMP,B-,SUBJECT_GROUP_0102,102,102__M_Right_middle_finger.BMP,7f2008858343164ba19bea86fdb99576f7e7dfbdc2ac64dd0440ea47124b874d,train
data/datasets/B-/cluster_3_1977.BMP,B-,SUBJECT_GROUP_0478,485,485__M_Right_thumb_finger.BMP,2426a7c8ce9ab2b9d5dec03e3d587d81dcb8f6d9f78e00cb4c3f79ceac56ab02,validation
data/datasets/B-/cluster_3_1979.BMP,B-,SUBJECT_GROUP_0542,550,550__F_Right_thumb_finger.BMP,ed376dc78a34ddf929558bc361436900084275f90b00760eafd834973275cd1c,train
data/datasets/B-/cluster_3_1980.BMP,B-,SUBJECT_GROUP_0571,582,582__M_Right_middle_finger.BMP,64121664a6b69ad925ff320914b835711ec7f849be0f7ec5a783f5a5106fcb6b,validation
data/datasets/B-/cluster_3_1988.BMP,B-,SUBJECT_GROUP_0513,521,521__M_Right_thumb_finger.BMP,a8f2a5949f56c8498a9b5f661f6b0407ae49ab47fd4c6e0a774afeb6d610ca62,train
data/datasets/B-/cluster_3_2041.BMP,B-,SUBJECT_GROUP_0396,402,402__M_Right_middle_finger.BMP,649fd17ddd1be060f207e075937ab872bb9158e348c3cc371d61db1a637f041e,train
data/datasets/B-/cluster_3_2048.BMP,B-,SUBJECT_GROUP_0088,88,88__F_Right_thumb_finger.BMP,468c98a7eb0ad9103c6a3a80781d79e659869b347e48d9ea2a9e898ec694d2dc,validation
data/datasets/B-/cluster_3_2053.BMP,B-,SUBJECT_GROUP_0411,417,417__M_Right_thumb_finger.BMP,9203056e2b0c41c673ca4872453b4c730d32549f0d401f9c7c0ce9c8e678273c,train
data/datasets/B-/cluster_3_2056.BMP,B-,SUBJECT_GROUP_0576,588,588__M_Right_thumb_finger.BMP,d6e5201cfdc3f0ff0cdcfe7529738942de7fd8c6a7bfea73be31e9d138f49588,train
data/datasets/B-/cluster_3_2065.BMP,B-,SUBJECT_GROUP_0286,291,291__M_Right_middle_finger.BMP,46c0180df9900aa8c2e7975d10981d12e247f61f04c2bdf624a73b041fda9bf0,train
data/datasets/B-/cluster_3_207.BMP,B-,SUBJECT_GROUP_0039,39,39__M_Left_middle_finger.BMP,89fa897791e2b4842add3866700376cc3b4c50dc95def09bd00410bf739a992d,train
data/datasets/B-/cluster_3_2083.BMP,B-,SUBJECT_GROUP_0413,420,420__M_Right_thumb_finger.BMP,97eef100158d724d97036c671bf66032cf6a0aad3a88644a0897735349354837,train
data/datasets/B-/cluster_3_2087.BMP,B-,SUBJECT_GROUP_0078,78,78__F_Right_thumb_finger.BMP,702ec88144d1af31fdffcd15cdd9465f01926a496065a814212cf57dbb3faa2a,train
data/datasets/B-/cluster_3_2088.BMP,B-,SUBJECT_GROUP_0180,180,180__F_Right_ring_finger.BMP,e41aaaf48a575a0f5a185a0a89857ecb72b11c04c0f3c2d796c3bdf7104da396,test
data/datasets/B-/cluster_3_209.BMP,B-,SUBJECT_GROUP_0165,165,165__M_Right_thumb_finger.BMP,e60fbc5f38e8caa1917ea00522f352cd10d8637f6e921055224995f7df35a637,train
data/datasets/B-/cluster_3_2094.BMP,B-,SUBJECT_GROUP_0208,210,210__M_Right_index_finger.BMP,61c2d7757a092d4711f4fb94f7a83311902062588cb0da520bbb299fcdb8f366,train
data/datasets/B-/cluster_3_2122.BMP,B-,SUBJECT_GROUP_0572,583,583__M_Right_thumb_finger.BMP,9c2948b7fa023e58d112cb086ef3428b56114dff19233830617dceafb6a49bb1,test
data/datasets/B-/cluster_3_2126.BMP,B-,SUBJECT_GROUP_0067,67,67__F_Right_index_finger.BMP,cc0f85ccb8678e1214573399d1fe4835cb7368a41d637f6c3932be9c09eda63c,train
data/datasets/B-/cluster_3_2129.BMP,B-,SUBJECT_GROUP_0151,151,151__M_Right_middle_finger.BMP,afc5d02560b6ef58d1724de6c765a7d7552b3e2a4954ea4158341590d98228bd,validation
data/datasets/B-/cluster_3_2133.BMP,B-,SUBJECT_GROUP_0453,460,460__M_Right_index_finger.BMP,fc9104bb10114894152f7bb9d90c5a196690d158cb3ff2bc2edba7f7ce7faf5a,test
data/datasets/B-/cluster_3_2136.BMP,B-,SUBJECT_GROUP_0061,61,61__M_Right_thumb_finger.BMP,f063b9a54484d6292f915ac7ae2e1780d6cc4b52209e614befc7ca77701003bc,train
data/datasets/B-/cluster_3_2150.BMP,B-,SUBJECT_GROUP_0291,296,296__M_Right_index_finger.BMP,c9f1ef7c7d3d2305136ab20367c71442b3781ddc8d21a48bfe8a4446d44d44c7,train
data/datasets/B-/cluster_3_2161.BMP,B-,SUBJECT_GROUP_0395,401,401__M_Right_thumb_finger.BMP,0b758804bdc424550aa4b0f4bd7759ab0871df9bb0bece6822975b190aee6a1b,train
data/datasets/B-/cluster_3_2163.BMP,B-,SUBJECT_GROUP_0143,143,143__M_Right_ring_finger.BMP,6c684cb96175126200b43469f41ddd668c0d90f48d0b4a6fc8947b2dc08e00ef,train
data/datasets/B-/cluster_3_2174.BMP,B-,SUBJECT_GROUP_0047,47,47__F_Right_thumb_finger.BMP,b7a9cc963cf6a4fff17bdc8c6ca19f5ce76ab1d6db835adf99dc8bc7bad7330c,train
data/datasets/B-/cluster_3_2182.BMP,B-,SUBJECT_GROUP_0302,307,307__M_Right_index_finger.BMP,9d63b51332de6afb04f53669a63634e93507714cb091716355e3361070e19f00,test
data/datasets/B-/cluster_3_2186.BMP,B-,SUBJECT_GROUP_0513,521,521__M_Left_ring_finger.BMP,d45ab63f6aec7272461b76acfd1a70f4ca6a2a2da9dafaec378f43a4b8134965,train
data/datasets/B-/cluster_3_2187.BMP,B-,SUBJECT_GROUP_0570,581,581__F_Right_thumb_finger.BMP,e62e0f71b8b319f3be13653f1ac30b71bcc914665bb92cb4a2b1d6c8d44c8c2a,train
data/datasets/B-/cluster_3_2209.BMP,B-,SUBJECT_GROUP_0028,28,28__M_Right_thumb_finger.BMP,67424b7079081cfdc39a8271d8ec8bca4fb44dd554d56e34b0670f4a7c2a08c2,train
data/datasets/B-/cluster_3_2225.BMP,B-,SUBJECT_GROUP_0167,167,167__M_Right_thumb_finger.BMP,02a433050bcb7541fbd01c36ad8f18293d4cb5d2cb72ba733efa2bc4fa018c44,train
data/datasets/B-/cluster_3_223.BMP,B-,SUBJECT_GROUP_0249,253,253__F_Right_thumb_finger.BMP,fffb91f20139fedd09b669ee27acc527d1bea49013d3f05047ef3a0f8ea67b18,train
data/datasets/B-/cluster_3_2231.BMP,B-,SUBJECT_GROUP_0298,303,303__F_Right_thumb_finger.BMP,a2566cf1a9f885ba6446ff4a70eb3c9de36de581b085c7aac4a6cc41fa1e2725,train
data/datasets/B-/cluster_3_2235.BMP,B-,SUBJECT_GROUP_0089,89,89__M_Right_thumb_finger.BMP,87e5b44dc25d3ce06d9e8aa3ce2ce7160769f2cadd39bf44e3fbc8ac5dce2562,validation
data/datasets/B-/cluster_3_2243.BMP,B-,SUBJECT_GROUP_0220,223,223__M_Right_little_finger.BMP,6ebaa244351a7a4d746bbd9c0411e02419cce2178282dfc058ca6958c3092cd3,train
data/datasets/B-/cluster_3_2245.BMP,B-,SUBJECT_GROUP_0230,233,233__M_Right_thumb_finger.BMP,53117406fe4be08cfb590fce6becccae724dabb71f6a332200e865c306b7f3e4,test
data/datasets/B-/cluster_3_2257.BMP,B-,SUBJECT_GROUP_0001,1,1__M_Right_thumb_finger.BMP,72b2d8c7ca3463fd289bf601383a38f580732683e6c5377f251beffb9bfb0d8d,train
data/datasets/B-/cluster_3_2259.BMP,B-,SUBJECT_GROUP_0437,444,444__M_Right_index_finger.BMP,75355aff369fa471a086b7481f3a2f778ec9bdb14210b13f38878bcf9e316802,train
data/datasets/B-/cluster_3_2274.BMP,B-,SUBJECT_GROUP_0425,432,432__M_Right_middle_finger.BMP,46dd21b41ea703bbda7eba34f9ba97302d53a3f91cf3dc39cc6aba7890ebef39,train
data/datasets/B-/cluster_3_2276.BMP,B-,SUBJECT_GROUP_0076,76,76__F_Right_thumb_finger.BMP,bf06dc58ac45835da63a0073998498123ff21663d76f3d093baf9921abc28b32,train
data/datasets/B-/cluster_3_2297.BMP,B-,SUBJECT_GROUP_0347,352,352__M_Right_thumb_finger.BMP,d6c80f1fe19b222b739bc0cf5d779018ef5dff012cfd95fd772a5bd89435b41b,train
data/datasets/B-/cluster_3_2301.BMP,B-,SUBJECT_GROUP_0371,377,377__M_Right_index_finger.BMP,779886287941c51c021d9f8f765259b67c6661449f31e016e4ea7ddf54e3d896,test
data/datasets/B-/cluster_3_2304.BMP,B-,SUBJECT_GROUP_0290,295,295__M_Right_middle_finger.BMP,264e46efb949cfa324f50f17d7770061517986978b9160ff97f7601c833379d8,train
data/datasets/B-/cluster_3_2312.BMP,B-,SUBJECT_GROUP_0019,19,19__M_Right_thumb_finger.BMP,0ab68f9e7b710bccff8faa2bad4cc3b96f6effce359223059ec66078414bc87e,train
data/datasets/B-/cluster_3_232.BMP,B-,SUBJECT_GROUP_0353,358,358__M_Right_ring_finger.BMP,8aa3c27d0cbe503f2b3a61ff15f068184146d127f855de43671b0304a2ab725a,train
data/datasets/B-/cluster_3_2320.BMP,B-,SUBJECT_GROUP_0242,245,245__M_Right_middle_finger.BMP,3005f70aaa9f4b509952e5c86dd4ead1b0ff5641209f45d6850cb048c2f532b6,train
data/datasets/B-/cluster_3_2337.BMP,B-,SUBJECT_GROUP_0465,472,472__M_Right_index_finger.BMP,d991e3c7673b6b5c8f65aa35589736a6758163150a3e8bb70fae801598b1107a,validation
data/datasets/B-/cluster_3_2355.BMP,B-,SUBJECT_GROUP_0460,467,467__M_Right_thumb_finger.BMP,ab5611d58f713b9ac3a2acda877a1ecf4b71beb0bb96e6f782c7c42a020b12f3,train
data/datasets/B-/cluster_3_236.BMP,B-,SUBJECT_GROUP_0144,144,144__M_Right_middle_finger.BMP,0fd1e79696ee1c2db587ab9b13245dd358c47bb576a8258b79264039d063bf55,test
data/datasets/B-/cluster_3_2375.BMP,B-,SUBJECT_GROUP_0214,216,216__M_Right_index_finger.BMP,8da67f95504606d3e0e71692825a00eb9d28be4d91f152943cddab3cff6d5e1f,train
data/datasets/B-/cluster_3_2387.BMP,B-,SUBJECT_GROUP_0445,452,452__F_Right_middle_finger.BMP,18862898acd95218d12bec628c95dc066a884678c0b68b820680e7523a107920,train
data/datasets/B-/cluster_3_2388.BMP,B-,SUBJECT_GROUP_0449,456,456__M_Right_thumb_finger.BMP,b1753da9ccd83ff835ff5bc50d6b0bb8640768a19798afc07f04c70b29d20962,train
data/datasets/B-/cluster_3_2392.BMP,B-,SUBJECT_GROUP_0145,145,145__M_Right_index_finger.BMP,d8ccdd60a2a237186931cff849cd9e703024c76a438a659fd2da2a31a7f04776,train
data/datasets/B-/cluster_3_2407.BMP,B-,SUBJECT_GROUP_0281,286,286__M_Right_index_finger.BMP,23ad1c5c41b26734121dcc9764796c0c61dd1a0295b758c364bfe10edb429ae3,train
data/datasets/B-/cluster_3_241.BMP,B-,SUBJECT_GROUP_0455,462,462__M_Right_thumb_finger.BMP,7400e3d93ea491e3f76ca55904b5ffd6bc2f0c3ddc2b2a2818d59019dbf7b1f6,train
data/datasets/B-/cluster_3_2413.BMP,B-,SUBJECT_GROUP_0374,380,380__M_Right_thumb_finger.BMP,53527522481ac0db9beeac92be8ca0ea17cfd2a4e8137fec239115618bf6f262,validation
data/datasets/B-/cluster_3_2415.BMP,B-,SUBJECT_GROUP_0429,436,436__M_Right_thumb_finger.BMP,1a56347104df4ab8f9b68a1e5cffcadd4476d354c3a00dbc71801525dff5c3b7,train
data/datasets/B-/cluster_3_2420.BMP,B-,SUBJECT_GROUP_0252,256,256__M_Right_thumb_finger.BMP,9815ae676450ca85be25ebd64d045f4e62b9d4d754a04b39ef38d1a5c1d2ea12,test
data/datasets/B-/cluster_3_2426.BMP,B-,SUBJECT_GROUP_0368,373,373__M_Right_middle_finger.BMP,91566df2dd6787f37c907cfaedd3a06c1fce271866c6020ea8034743a7543495,validation
data/datasets/B-/cluster_3_2437.BMP,B-,SUBJECT_GROUP_0551,561,561__M_Right_thumb_finger.BMP,52c3a02b743903449929729b657206d7577ce00745086d8dd0fca5d9cfc3b0ae,train
data/datasets/B-/cluster_3_2438.BMP,B-,SUBJECT_GROUP_0426,433,433__M_Right_index_finger.BMP,3da26ecdf5b6a824777211745ea4703ccab120a4ada54cd34a47ba302b683433,validation
data/datasets/B-/cluster_3_2440.BMP,B-,SUBJECT_GROUP_0578,591,591__M_Right_thumb_finger.BMP,149de9e40ac02ede12f128dbab106c2edec440310edc1a89f025f3b3445c7c68,test
data/datasets/B-/cluster_3_2448.BMP,B-,SUBJECT_GROUP_0274,279,279__M_Right_thumb_finger.BMP,027793382b1f6526af7df48ef33211789a2fe128b3974ff08391e1d631d45f33,train
data/datasets/B-/cluster_3_2455.BMP,B-,SUBJECT_GROUP_0544,552,552__M_Right_middle_finger.BMP,539cbfb5aaf7805a050cea9e0b4df62feda6b997695624a4a2ca5461da2a4134,train
data/datasets/B-/cluster_3_2459.BMP,B-,SUBJECT_GROUP_0421,428,428__M_Right_thumb_finger.BMP,51951a03faeba06b3f6fa3667e60073570cae9694950fdd6e88663e8cd429f48,train
data/datasets/B-/cluster_3_2466.BMP,B-,SUBJECT_GROUP_0135,135,135__F_Right_thumb_finger.BMP,1c8f5f299b61faef6b3120f7cf6902c3002f5eea39dbd7bf06d6c330f82aac92,train
data/datasets/B-/cluster_3_2472.BMP,B-,SUBJECT_GROUP_0251,255,255__M_Right_index_finger.BMP,2d5b8cd8fe38def7ef079a4b3a4ab64c91a63f81f0b6dadfa34750b52830d9aa,train
data/datasets/B-/cluster_3_2475.BMP,B-,SUBJECT_GROUP_0409,415,415__M_Right_little_finger.BMP,5f846bcb423f041037f7535aae15388a5c717ea47c720f9e7766b66e29c68f43,train
data/datasets/B-/cluster_3_2484.BMP,B-,SUBJECT_GROUP_0054,54,54__M_Right_thumb_finger.BMP,89b0185aaed792321260a8aa7cc97e80dc090bec2de897f2b96c9ca9c087f7f5,train
data/datasets/B-/cluster_3_2492.BMP,B-,SUBJECT_GROUP_0225,228,228__M_Right_thumb_finger.BMP,f6a2bee0efb40c00632b0e374f2a2006b1cc9a4eea1b9c7a5e74de2c40763b4e,train
data/datasets/B-/cluster_3_2525.BMP,B-,SUBJECT_GROUP_0320,325,325__M_Right_thumb_finger.BMP,e9970598c2ba668ffdde94b583c81ee89c37f54ae4d4d1b7d25fcdbb260c0203,train
data/datasets/B-/cluster_3_2528.BMP,B-,SUBJECT_GROUP_0186,186,186__M_Right_middle_finger.BMP,c07481243989d63ffd7d8b2daf1cbf8aab6173c7d3abd3c58f95364c2245ce91,train
data/datasets/B-/cluster_3_2533.BMP,B-,SUBJECT_GROUP_0052,52,52__M_Right_thumb_finger.BMP,6602b02b1c0086318a136267efcb19cc415da29f12d9eacd0c84c22563036c43,train
data/datasets/B-/cluster_3_254.BMP,B-,SUBJECT_GROUP_0348,353,353__M_Right_thumb_finger.BMP,346c05f4e1933a5164c19f4ee491fdb28aa44f491d46ce4cae6e30a1d150e671,train
data/datasets/B-/cluster_3_2541.BMP,B-,SUBJECT_GROUP_0023,23,23__M_Right_thumb_finger.BMP,689b169ec91c9c38dc1ad71656b31da92ac68b6ac4e26a290d7711cb7262d71d,train
data/datasets/B-/cluster_3_2544.BMP,B-,SUBJECT_GROUP_0370,375,375__M_Right_thumb_finger.BMP,46861a6d1faaa54077cd8cd57c444d7f0b6b0556a69eee41e2c7388651da8f01,train
data/datasets/B-/cluster_3_255.BMP,B-,SUBJECT_GROUP_0199,199,199__M_Right_thumb_finger.BMP,ccb6a4226fe420eb28737bd026d30b403742f08c196b49fa14c1bfc3324a3588,train
data/datasets/B-/cluster_3_2559.BMP,B-,SUBJECT_GROUP_0580,593,593__M_Right_thumb_finger.BMP,8546dcf211f0d2fd0ed0f6707d5f5c070783cd301a67d19d8d21a9bc9ce5454c,test
data/datasets/B-/cluster_3_2568.BMP,B-,SUBJECT_GROUP_0093,93,93__M_Right_thumb_finger.BMP,1bd39ecb503736ab4cca57bf7723ffb6213a702837bfa77e59d25238edbae832,train
data/datasets/B-/cluster_3_2570.BMP,B-,SUBJECT_GROUP_0410,416,416__M_Right_thumb_finger.BMP,0bd7e05209f993396d48d3da0d1b9d7e7242c74e161ba7997743f994926f85a5,train
data/datasets/B-/cluster_3_2580.BMP,B-,SUBJECT_GROUP_0217,220,220__F_Right_ring_finger.BMP,c0ee4529566e276cda25f4f411963f9b81af02f6c92e4eb164cc3703bc39f969,validation
data/datasets/B-/cluster_3_2587.BMP,B-,SUBJECT_GROUP_0184,184,184__M_Right_thumb_finger.BMP,f62feeb110852f3f6f680fbc34b6cfdcd3e81d484a6cb5a022c30061bb1187b3,train
data/datasets/B-/cluster_3_259.BMP,B-,SUBJECT_GROUP_0571,582,582__M_Right_thumb_finger.BMP,cb0ff6bce69a46492c68a3fa0c1e3fa5fd0133ef58df2a7039f3dc0168e1877d,validation
data/datasets/B-/cluster_3_2606.BMP,B-,SUBJECT_GROUP_0036,36,36__M_Right_thumb_finger.BMP,ed8443f895779aaee2c85ae715d852217ce1a29c02562bd0a7445b222affeb9c,train
data/datasets/B-/cluster_3_2616.BMP,B-,SUBJECT_GROUP_0351,356,356__M_Left_ring_finger.BMP,360278a49b4d5089fd56ef5e3a3aba7ac3072a618e6f6a65aa299b31361be393,train
data/datasets/B-/cluster_3_2620.BMP,B-,SUBJECT_GROUP_0018,18,18__M_Right_ring_finger.BMP,1f18cd4f0779dc2a2d653a653a820714844ec2a68a70b44ebfb302cbdd617a4f,validation
data/datasets/B-/cluster_3_2622.BMP,B-,SUBJECT_GROUP_0142,142,142__F_Right_thumb_finger.BMP,14c0e02b9acaa0884dfa9d0f6af2f631db59922c381a0f328e0a8b7734c6fccf,train
data/datasets/B-/cluster_3_2624.BMP,B-,SUBJECT_GROUP_0035,35,35__M_Right_thumb_finger.BMP,78c46dcc618c32119006e472575942e15798245c03a14096e77e91fa0c769887,validation
data/datasets/B-/cluster_3_2628.BMP,B-,SUBJECT_GROUP_0033,33,33__M_Right_thumb_finger.BMP,14ffa951276a00f494e0bf7b90e647d5572d1ccb2cadf9bc8341e8c6592ee0b7,validation
data/datasets/B-/cluster_3_2633.BMP,B-,SUBJECT_GROUP_0192,192,192__M_Right_thumb_finger.BMP,1de8ab2801694c7253c3d9d8bc809b31de5c236996ca9df47644d5477afa1d5c,validation
data/datasets/B-/cluster_3_2643.BMP,B-,SUBJECT_GROUP_0172,172,172__M_Right_index_finger.BMP,d7fb77725847b121cb4eccb1c2f01582fbdd62bb28ff77de133943795dbba799,train
data/datasets/B-/cluster_3_2645.BMP,B-,SUBJECT_GROUP_0118,118,118__F_Right_thumb_finger.BMP,4304ceff6a27930f82371e57c81aed15d2b75b2bdbd4d34a73b1d8b211e77d19,train
data/datasets/B-/cluster_3_2648.BMP,B-,SUBJECT_GROUP_0219,222,222__M_Left_ring_finger.BMP,5670e7adda0341a5d600c5be2f9cc3593da81e36a5ecb8688b68e545e38dbd91,train
data/datasets/B-/cluster_3_2656.BMP,B-,SUBJECT_GROUP_0414,421,421__F_Right_thumb_finger.BMP,346cd2912d36a929b6412effe1ba263011a6d29209b2160c8a8b427fb4e261f5,train
data/datasets/B-/cluster_3_2657.BMP,B-,SUBJECT_GROUP_0306,311,311__M_Right_ring_finger.BMP,46ce641f7f08a05db38f315ff481e3755915e02f9955c915652ceffd1b3f5640,validation
data/datasets/B-/cluster_3_2659.BMP,B-,SUBJECT_GROUP_0220,223,223__M_Right_thumb_finger.BMP,9b8dd7b5b916cc8a500b0809e7e29bc0ba43b81d38e50d1ab516bd4c269500a3,train
data/datasets/B-/cluster_3_2662.BMP,B-,SUBJECT_GROUP_0411,417,417__M_Right_index_finger.BMP,47187a99f1c2c44b53da610057f9bc32f7aadc60e72f52abc1d8fe671e8e947b,train
data/datasets/B-/cluster_3_2671.BMP,B-,SUBJECT_GROUP_0180,180,180__F_Right_thumb_finger.BMP,5d67a89618527400481957cfef77d5b5cdf72cd0c6af0814f4be93abfd4be891,test
data/datasets/B-/cluster_3_2676.BMP,B-,SUBJECT_GROUP_0084,84,84__M_Right_thumb_finger.BMP,1a08b4844797fb76999625e2b67930e0ff82459172e42e2e48e67cec6c7d9d8c,test
data/datasets/B-/cluster_3_2685.BMP,B-,SUBJECT_GROUP_0231,234,234__M_Right_little_finger.BMP,760e59ae1bf989c29fbb94518d41cd6b34dfe4c2775ab9bb76d57474ab1a7ccb,train
data/datasets/B-/cluster_3_2698.BMP,B-,SUBJECT_GROUP_0228,231,231__M_Right_thumb_finger.BMP,a08dbff48387dc5d04a56443481bd7caf232da4f72f16bcf5ffde82b658d5c15,train
data/datasets/B-/cluster_3_2703.BMP,B-,SUBJECT_GROUP_0040,40,40__F_Left_middle_finger.BMP,292fca68bee7e9279313652acd37d75329b60dd2514603b3bd495aa3ce02c076,train
data/datasets/B-/cluster_3_2704.BMP,B-,SUBJECT_GROUP_0099,99,99__M_Left_ring_finger.BMP,58c456ebfa4ade3d7bf744505c7e24ffb7c38d0c3d4d37fda0bddf22d796c32d,train
data/datasets/B-/cluster_3_2714.BMP,B-,SUBJECT_GROUP_0587,600,600__M_Right_thumb_finger.BMP,2ba833ac475378da1722c9b28f842345a3dda00f0e535191712f19e19b3482c6,train
data/datasets/B-/cluster_3_2723.BMP,B-,SUBJECT_GROUP_0458,465,465__F_Right_index_finger.BMP,1f780a272446b33e58c0fe3884039fb4264c26c18b5a1b724a1f721414ececd1,train
data/datasets/B-/cluster_3_2725.BMP,B-,SUBJECT_GROUP_0227,230,230__M_Left_little_finger.BMP,7634cb8662e19b1bbf7a7d5cdf55602d6a5525407f24d70e8c6e9ca0f912db23,validation
data/datasets/B-/cluster_3_2730.BMP,B-,SUBJECT_GROUP_0475,482,482__M_Right_thumb_finger.BMP,7453824232de5cbdd236866b44f2f2a94d0ca5d3cdc3644799e5bb8ee846fc93,test
data/datasets/B-/cluster_3_2731.BMP,B-,SUBJECT_GROUP_0310,315,315__F_Right_thumb_finger.BMP,2a6c7331515e19953ba323b0c6bccc61d81204544fc1147d1c03b1ce14f43795,train
data/datasets/B-/cluster_3_2750.BMP,B-,SUBJECT_GROUP_0295,300,300__F_Right_thumb_finger.BMP,8cdbc90c35c37299758afd5e4465a78da6a90ae2c9430e389967f277b82e613a,test
data/datasets/B-/cluster_3_2756.BMP,B-,SUBJECT_GROUP_0116,116,116__M_Right_thumb_finger.BMP,509eb2e91791f5895ef01df77ad962714f6abdb8276f2e3df49dba61b77f656f,test
data/datasets/B-/cluster_3_2758.BMP,B-,SUBJECT_GROUP_0158,158,158__M_Right_thumb_finger.BMP,2217c5f36d20ceefeeede72862e386c5d51ad286cf574cdba733b29b9620fdab,train
data/datasets/B-/cluster_3_2759.BMP,B-,SUBJECT_GROUP_0255,259,259__M_Right_thumb_finger.BMP,07ac420897e468d1544088959608afc5907396841bf6ca8def29f7744f62d265,train
data/datasets/B-/cluster_3_2766.BMP,B-,SUBJECT_GROUP_0444,451,451__M_Right_index_finger.BMP,e2cead16a5db97daa91b298d37e516ac18ae1f67cce4a530d18b9f09b7aa3c63,train
data/datasets/B-/cluster_3_2767.BMP,B-,SUBJECT_GROUP_0436,443,443__M_Right_index_finger.BMP,f5655de8cb981025de859c590914f10e8c3def8a4ef804d89ce9b7c52cb26ba2,validation
data/datasets/B-/cluster_3_2773.BMP,B-,SUBJECT_GROUP_0207,209,209__F_Right_thumb_finger.BMP,2bb9c048cdcdb3aefa9629e24e7e51381c5a09fae0c9474f66a915e341515c46,train
data/datasets/B-/cluster_3_2775.BMP,B-,SUBJECT_GROUP_0066,66,66__F_Right_thumb_finger.BMP,6bd1624b62b78fd35ff4bb4a4a12827535521f99e1205c694442cc785ebd0add,train
data/datasets/B-/cluster_3_2789.BMP,B-,SUBJECT_GROUP_0177,177,177__F_Right_index_finger.BMP,ae170fddd961ec9c4f325e565f88bd5e0d982af6e3fd2e6e3de3bff86b46637b,train
data/datasets/B-/cluster_3_2791.BMP,B-,SUBJECT_GROUP_0060,60,60__M_Right_index_finger.BMP,1c604ac16b0bf3405d815bf6802b75cf655ff6f5fd124431a22d4a19ae8dde89,train
data/datasets/B-/cluster_3_2828.BMP,B-,SUBJECT_GROUP_0119,119,119__F_Right_thumb_finger.BMP,7c37a44838a2bef5cb0e1beaaaf3ae4338ab0f875362e17318b42f3093b0cc77,test
data/datasets/B-/cluster_3_2831.BMP,B-,SUBJECT_GROUP_0282,287,287__M_Right_thumb_finger.BMP,9cf0671bc65fc552959e83d159a8d45ce52d026aa658c66d601ec4f55d7e9649,train
data/datasets/B-/cluster_3_2833.BMP,B-,SUBJECT_GROUP_0273,278,278__M_Right_thumb_finger.BMP,8b566d0e1b7ce69c30f05a5a4dccfdb4068e96964b51030d33601109d82d4b5d,train
data/datasets/B-/cluster_3_2842.BMP,B-,SUBJECT_GROUP_0100,100,100__M_Right_thumb_finger.BMP,04633f2dfe8e2dd0e81847dfc6a041c722321d87ebb76a58674b88ec8cde8a88,train
data/datasets/B-/cluster_3_2846.BMP,B-,SUBJECT_GROUP_0312,317,317__M_Right_thumb_finger.BMP,b5b7cf5de6d73d12d15b6032731ac033a3ef27d6f3ef307481dddd544566dc44,validation
data/datasets/B-/cluster_3_286.BMP,B-,SUBJECT_GROUP_0058,58,58__M_Right_index_finger.BMP,a7d6fab32fe5fadb590de50f8e3a67d59e216ce797dd0f1f20951a1cc0f0efd9,validation
data/datasets/B-/cluster_3_2884.BMP,B-,SUBJECT_GROUP_0098,98,98__M_Right_middle_finger.BMP,66261a3243cb74be9866ad610a25e9695f0b1b51d5b68cb81feb066e17da9c6b,test
data/datasets/B-/cluster_3_2887.BMP,B-,SUBJECT_GROUP_0308,313,313__M_Right_index_finger.BMP,a244c2e72dee36f00a03124be4dea95e2611a9d7db4236ad24dc2e95f37cc2fc,train
data/datasets/B-/cluster_3_2894.BMP,B-,SUBJECT_GROUP_0087,87,87__M_Right_index_finger.BMP,efca0bc0b260fe547fdfd45af25b2aaa18f210568383a2201010fce3d15a7028,train
data/datasets/B-/cluster_3_290.BMP,B-,SUBJECT_GROUP_0073,73,73__M_Left_ring_finger.BMP,94fff576d855c5cdff1705feee6945e9026b0e348b7f45b486683e38d089e06c,train
data/datasets/B-/cluster_3_2904.BMP,B-,SUBJECT_GROUP_0292,553,553__M_Right_thumb_finger.BMP,aceebb1601581d869e921e2b531b0d7979aaaa11cfb835e080751e4ddcc2adcf,test
data/datasets/B-/cluster_3_2910.BMP,B-,SUBJECT_GROUP_0433,440,440__M_Right_thumb_finger.BMP,452efb3f25f8aa56042ca5a9867322f7e5aaafe09762196debb90cf5fdd55c56,train
data/datasets/B-/cluster_3_2917.BMP,B-,SUBJECT_GROUP_0111,111,111__M_Right_thumb_finger.BMP,fe38cea6855f121de9e709f0253a5c042348da47b175b033e0d821c235fd6abb,train
data/datasets/B-/cluster_3_2919.BMP,B-,SUBJECT_GROUP_0026,26,26__M_Right_index_finger.BMP,004282d7dfe2c74cf3e380917f0fcb725bd2be89d8d93f1ade800854461440bb,train
data/datasets/B-/cluster_3_292.BMP,B-,SUBJECT_GROUP_0141,141,141__F_Right_thumb_finger.BMP,4e343fd1164a1b9d6b554b7f9311609a506fafe5955e3168159cbe9efcd9c81c,test
data/datasets/B-/cluster_3_2923.BMP,B-,SUBJECT_GROUP_0248,252,252__F_Right_thumb_finger.BMP,c75e1a2bbcdc3a279ff99f88b0017459fc7433b39835121d400e622e65d7e052,test
data/datasets/B-/cluster_3_2926.BMP,B-,SUBJECT_GROUP_0405,411,411__M_Right_thumb_finger.BMP,f012f0c5db1121f53d8a655f1ff2db10d89d72121180a909a6b8eb59950a9c76,train
data/datasets/B-/cluster_3_2940.BMP,B-,SUBJECT_GROUP_0394,400,400__M_Right_middle_finger.BMP,62fac1b420c800d4ba33f4f4a2f53a026bd7dd1b23278262f1c2c536f6d2426e,test
data/datasets/B-/cluster_3_2942.BMP,B-,SUBJECT_GROUP_0262,267,267__M_Right_index_finger.BMP,7c0fe506c923c735af301367dc372ae34cc9b21ad927a02797b1eb65028a9bce,test
data/datasets/B-/cluster_3_2946.BMP,B-,SUBJECT_GROUP_0485,492,492__F_Right_thumb_finger.BMP,feeda9d912e2c10ecff1d05e0fb0870fe4bd4b2bba4807bb52a209772551c749,validation
data/datasets/B-/cluster_3_2947.BMP,B-,SUBJECT_GROUP_0569,580,580__M_Right_thumb_finger.BMP,f3ed63cd42ee5d812d132ad4dbb6b46f09c8322f86c1c4cbf90f23f8ecff974d,test
data/datasets/B-/cluster_3_2952.BMP,B-,SUBJECT_GROUP_0376,382,382__M_Right_thumb_finger.BMP,f4d330120bac2eaa24cd1ed3e1bf8652e696cc1fe7b0ea8229e78130c7b44ffd,validation
data/datasets/B-/cluster_3_2953.BMP,B-,SUBJECT_GROUP_0146,146,146__M_Right_index_finger.BMP,9bf4952b9b578f27f7ab1fade313eed4a6bdcb33474a33fb96ee6c21cf903d50,test
data/datasets/B-/cluster_3_2967.BMP,B-,SUBJECT_GROUP_0437,444,444__M_Right_thumb_finger.BMP,fa136b40ec68b7362bf633a3e4940cdba82dc6a265efd7d1b02f2df25ffaaccc,train
data/datasets/B-/cluster_3_2979.BMP,B-,SUBJECT_GROUP_0034,34,34__M_Right_middle_finger.BMP,50b34f4bcedd99b1b4f47e2a2cf907de3464e90b56bb9bae162e5431615e92a3,test
data/datasets/B-/cluster_3_298.BMP,B-,SUBJECT_GROUP_0004,4,4__M_Right_ring_finger.BMP,f189c8d95fc70d913bcdbba87a1726f6b8df73458cc4aea2c4936aacda7b10c1,train
data/datasets/B-/cluster_3_2994.BMP,B-,SUBJECT_GROUP_0492,499,499__M_Right_thumb_finger.BMP,b50a525352d76373d47934868003874c47feda4ae33689b40358439d59492cb6,train
data/datasets/B-/cluster_3_2997.BMP,B-,SUBJECT_GROUP_0288,293,293__F_Right_middle_finger.BMP,78e83b599fe9f6e456ff22028239a4f54dd580839e5e19e7957681620fda7c1e,test
data/datasets/B-/cluster_3_3004.BMP,B-,SUBJECT_GROUP_0550,585,585__M_Right_thumb_finger.BMP,bd01526f5ce561d3f6dace31deb67b6cf2524655c2c69548452f5f9ceccc42db,test
data/datasets/B-/cluster_3_3012.BMP,B-,SUBJECT_GROUP_0465,472,472__M_Right_thumb_finger.BMP,c69eede5d33c56efb1cea40a18c8d72db8a8ffb5756a27c8a4ee1e4f156a40ee,validation
data/datasets/B-/cluster_3_3017.BMP,B-,SUBJECT_GROUP_0052,52,52__M_Right_index_finger.BMP,4a5ed6e2b24194d7d912f720947cc111d0dfc4d6103de90635aa7cc400903e55,train
data/datasets/B-/cluster_3_3020.BMP,B-,SUBJECT_GROUP_0403,409,409__M_Right_middle_finger.BMP,c1a3d46f5607f445f0c18107024e7bfbe47c3a38d8d8785dff330993def37195,train
data/datasets/B-/cluster_3_3023.BMP,B-,SUBJECT_GROUP_0035,35,35__M_Right_middle_finger.BMP,c945755f6bbf1e7d69fc37905b1cd52094a15df04b2d91d42ca9b3ffbe5f4180,validation
data/datasets/B-/cluster_3_3025.BMP,B-,SUBJECT_GROUP_0463,470,470__F_Right_thumb_finger.BMP,20a9f7041541167119e0d12d051130e952bb8d831f8e59e08eed42753b5d159f,train
data/datasets/B-/cluster_3_3034.BMP,B-,SUBJECT_GROUP_0098,98,98__M_Right_thumb_finger.BMP,25920462eb0bc4dfd042a287b5556405c77a01244b9a53327a6e93cf4869333e,test
data/datasets/B-/cluster_3_3048.BMP,B-,SUBJECT_GROUP_0426,433,433__M_Right_middle_finger.BMP,f78eecf01e0f597a6a128f65693d88723fd57f151149d7a3747c19cb79d10ac2,validation
data/datasets/B-/cluster_3_3065.BMP,B-,SUBJECT_GROUP_0222,225,225__M_Right_thumb_finger.BMP,b30c500ad062361f683303559765543922add7ab9a1cc74f5b91585af1b083eb,validation
data/datasets/B-/cluster_3_3068.BMP,B-,SUBJECT_GROUP_0506,514,514__F_Right_middle_finger.BMP,9a9f6fea7a537a59c257901fa779e253ff24da43a872bd41ca5f28b880e307dc,train
data/datasets/B-/cluster_3_3070.BMP,B-,SUBJECT_GROUP_0049,49,49__M_Right_thumb_finger.BMP,9bd40a5fa895c3e0bafca86e9d6d4b00d3035655a60895fd543fcb5c8e5c9614,train
data/datasets/B-/cluster_3_3076.BMP,B-,SUBJECT_GROUP_0466,473,473__M_Right_index_finger.BMP,def55ae7691fbbd1f2c2a29127ce0f5b7d453c510e66a8ae63fecdb6c5fbb8fb,train
data/datasets/B-/cluster_3_3081.BMP,B-,SUBJECT_GROUP_0503,510,510__M_Right_thumb_finger.BMP,f16424178080d24233f8accbf987bf387ca3ae90cc4441b594dabf4378f87072,train
data/datasets/B-/cluster_3_3086.BMP,B-,SUBJECT_GROUP_0390,396,396__M_Right_thumb_finger.BMP,7b27fa5022ad699e994f87d53d0ae0e6f67cbaf34f40fddb34f55fcd22e7e11e,train
data/datasets/B-/cluster_3_3099.BMP,B-,SUBJECT_GROUP_0266,271,271__M_Left_ring_finger.BMP,29de0b6e1cab023b9ec4375de3553c76e5cc8979b7e8e2d3ea49be8178e5706c,train
data/datasets/B-/cluster_3_3106.BMP,B-,SUBJECT_GROUP_0092,204,204__F_Right_thumb_finger.BMP,17269935457a1d091d90888e6ea695e6bdfb2d806f58f0c72e1dff499f662204,validation
data/datasets/B-/cluster_3_3108.BMP,B-,SUBJECT_GROUP_0149,149,149__F_Right_middle_finger.BMP,3070e6ad98217d3e5d4a8f602636c3b51f5ea946452839156e3fe6a10dd6abf6,train
data/datasets/B-/cluster_3_3113.BMP,B-,SUBJECT_GROUP_0026,26,26__M_Left_ring_finger.BMP,060e6f24937d6f44b7fe8b42cff37041a642ddfb600a64995b1d5bd90fce96d9,train
data/datasets/B-/cluster_3_3118.BMP,B-,SUBJECT_GROUP_0222,225,225__M_Right_middle_finger.BMP,98b2f86026f1607384ff028c474267f77307dc9e42aa140e99e2c4469b5a0ed2,validation
data/datasets/B-/cluster_3_3120.BMP,B-,SUBJECT_GROUP_0428,435,435__F_Right_thumb_finger.BMP,3da50a5de20734be76d38fe9dd7ed5356cfea051a58b749e14643d267937fbca,test
data/datasets/B-/cluster_3_3125.BMP,B-,SUBJECT_GROUP_0434,441,441__M_Right_index_finger.BMP,9ef3a04d57f072125745f831cc1c0456aa5d1b923b4add1512280c2f736ca8a2,train
data/datasets/B-/cluster_3_3128.BMP,B-,SUBJECT_GROUP_0245,248,248__M_Right_thumb_finger.BMP,2f88a4ac7eb627d9c512c400fb95dd0d304f46853df6d33c92a6a83d94b37ccb,train
data/datasets/B-/cluster_3_3142.BMP,B-,SUBJECT_GROUP_0253,257,257__M_Right_index_finger.BMP,d2e361034bb862499d7e66082dad0789af3046aae5235470a614156cb73a9d4c,train
data/datasets/B-/cluster_3_3143.BMP,B-,SUBJECT_GROUP_0491,498,498__M_Right_middle_finger.BMP,4828e4398dae7f34ec7bdd1154b941e3e48fadf57b2f030fc6cbc2baf2d2fd33,train
data/datasets/B-/cluster_3_3146.BMP,B-,SUBJECT_GROUP_0386,392,392__M_Right_thumb_finger.BMP,386c360e6faecfd470f86cfa26bd790ff87f51e8012e18dc992b0cf6ad626ac4,train
data/datasets/B-/cluster_3_3156.BMP,B-,SUBJECT_GROUP_0543,551,551__F_Right_thumb_finger.BMP,6c4df108e0f79da188fe7f7b550f979fcc03b7c5eff3b3302aba975fbdc87e6b,validation
data/datasets/B-/cluster_3_3170.BMP,B-,SUBJECT_GROUP_0232,235,235__M_Right_ring_finger.BMP,337d6957866a7f871b291f3e6691fc1d91a67a4b7280a4d9a3867301f978f2bc,train
data/datasets/B-/cluster_3_3175.BMP,B-,SUBJECT_GROUP_0568,579,579__M_Left_little_finger.BMP,8f16e09271cf24c31c1483157aa7188f12424d98d97f1afeaefaafbd9592eb4f,train
data/datasets/B-/cluster_3_3185.BMP,B-,SUBJECT_GROUP_0430,437,437__M_Right_middle_finger.BMP,937f0cdd047211dc451796fa2fe024f7679e10e63d0cf46ec936e10760ef5ec7,test
data/datasets/B-/cluster_3_3195.BMP,B-,SUBJECT_GROUP_0279,284,284__M_Right_thumb_finger.BMP,a9ef185d81bba45d6f92febdaad7691135921a44035dac8f0ce15e9d1667ba45,train
data/datasets/B-/cluster_3_3201.BMP,B-,SUBJECT_GROUP_0271,276,276__M_Right_thumb_finger.BMP,87cb9b4a92b6b1ed312c5008bc5b46a260a98834611dcbabbeb439991e82be45,train
data/datasets/B-/cluster_3_3218.BMP,B-,SUBJECT_GROUP_0227,230,230__M_Right_thumb_finger.BMP,92f4a82959a49bd0f5d57e8192b815ea8bf028f347956c34c83b34e3cfcde691,validation
data/datasets/B-/cluster_3_3219.BMP,B-,SUBJECT_GROUP_0399,405,405__M_Right_thumb_finger.BMP,fe8e90520ecc98fbf98b33199097e64eec1eac9b6cfcbfddfbabe3c26e0ce72c,train
data/datasets/B-/cluster_3_3228.BMP,B-,SUBJECT_GROUP_0087,87,87__M_Right_thumb_finger.BMP,19d2c7dea6ff0d8d720837c7a9617d1e22a1e24cedde0300b3b942cbbce65e7a,train
data/datasets/B-/cluster_3_3229.BMP,B-,SUBJECT_GROUP_0077,77,77__M_Right_thumb_finger.BMP,91be578690bb09570d95ad2912092e04b18375f3dbdf3772c656994a4d831b7e,validation
data/datasets/B-/cluster_3_323.BMP,B-,SUBJECT_GROUP_0194,194,194__M_Right_index_finger.BMP,c333bbb26ee65cdb7c36646456786d18a5bc610938c616effd0e592bbd2f89fc,train
data/datasets/B-/cluster_3_3233.BMP,B-,SUBJECT_GROUP_0223,226,226__M_Right_thumb_finger.BMP,52782964e2080a0ccc894f71c1cb4d593abc699c969c1216960217eee4248b06,validation
data/datasets/B-/cluster_3_3235.BMP,B-,SUBJECT_GROUP_0092,418,418__F_Right_index_finger.BMP,cdde98307ed2ac94d544d012ee77b01c7cd1e621cd85f1dae920d1373557d489,validation
data/datasets/B-/cluster_3_3239.BMP,B-,SUBJECT_GROUP_0460,467,467__M_Left_ring_finger.BMP,d1bc407d73bd932a7ec42aedca1d1f9287efd9093eb2a9f736d30ac213902a97,train
data/datasets/B-/cluster_3_3241.BMP,B-,SUBJECT_GROUP_0516,524,524__M_Right_thumb_finger.BMP,2b912249b8b6830c32947fb902d269d71e1fc3ce511c146f01cc2bb6a7278960,test
data/datasets/B-/cluster_3_3255.BMP,B-,SUBJECT_GROUP_0214,216,216__M_Right_middle_finger.BMP,2da050ebd534fad8be573d6e4eb75df6be5d8f1fe9f7ce4b838a691f79d27f24,train
data/datasets/B-/cluster_3_3259.BMP,B-,SUBJECT_GROUP_0533,541,541__M_Right_index_finger.BMP,48ec011d92a9e05fc2fa363210a3ae8d86f14bb052d23608a27dd9b3397561c9,validation
data/datasets/B-/cluster_3_3267.BMP,B-,SUBJECT_GROUP_0405,411,411__M_Right_index_finger.BMP,decb90bb50b8dc2fbd6587d69ab22c1fc0e91525611ff52d91c35740dd684bb9,train
data/datasets/B-/cluster_3_3269.BMP,B-,SUBJECT_GROUP_0451,458,458__M_Right_thumb_finger.BMP,f72c0bed70e64e964396bc908f92f132e9965d7975d04db23d251099dde331c8,train
data/datasets/B-/cluster_3_3271.BMP,B-,SUBJECT_GROUP_0266,271,271__M_Right_thumb_finger.BMP,8e4251fa7dbc812c3e0aadde14474f00b685b5c5a96c0294937183cd55c836ff,train
data/datasets/B-/cluster_3_3288.BMP,B-,SUBJECT_GROUP_0228,231,231__M_Left_ring_finger.BMP,50d99da7159c2c29f1435f3c3028457417b1882a82b853713f313bd242918f8a,train
data/datasets/B-/cluster_3_3292.BMP,B-,SUBJECT_GROUP_0143,143,143__M_Right_thumb_finger.BMP,912c28438c00a1e3dcd5021bc4fb488a63242e00c2cf8cf7cbb99caf786cdcfe,train
data/datasets/B-/cluster_3_3309.BMP,B-,SUBJECT_GROUP_0409,415,415__M_Right_thumb_finger.BMP,fb8b290db8ad6e9866bc7c68598fd7a9cb2041dfa7b4de796c38ab1148af6470,train
data/datasets/B-/cluster_3_3315.BMP,B-,SUBJECT_GROUP_0050,50,50__M_Right_index_finger.BMP,f956a8b324620c1d31929eb7b8ff360a97fc9921e52c4ece0de8d876a0eaaf76,train
data/datasets/B-/cluster_3_3342.BMP,B-,SUBJECT_GROUP_0393,399,399__M_Right_thumb_finger.BMP,2bbcd58d0e852b5fa958a22b0077f6d3ca51e35b81b0555640ec8c055f7c7571,validation
data/datasets/B-/cluster_3_3344.BMP,B-,SUBJECT_GROUP_0278,283,283__M_Right_ring_finger.BMP,02e2871d7c0d1a5a118467a9f05d7d7b87e40ea16f9453afc77c585b8ad88ed8,validation
data/datasets/B-/cluster_3_3347.BMP,B-,SUBJECT_GROUP_0305,310,310__M_Right_thumb_finger.BMP,a92e70d1f5ac93e3c2425823ba07e522f8804e3d03ba98c827dff38d6f6269f2,train
data/datasets/B-/cluster_3_335.BMP,B-,SUBJECT_GROUP_0418,425,425__M_Right_thumb_finger.BMP,4de47db4ba27b9fa761ab22a22da50b72b91b29fe8167bb43fca822d1d975f51,train
data/datasets/B-/cluster_3_3354.BMP,B-,SUBJECT_GROUP_0252,256,256__M_Right_middle_finger.BMP,d48ce5bb000ea3219ced35ce00c980a8121fb16535cfbc04bc7e45dece589637,test
data/datasets/B-/cluster_3_3357.BMP,B-,SUBJECT_GROUP_0455,462,462__M_Right_middle_finger.BMP,c9ebcd52daf905686a1e82f5379543bb9ba4287338eeef28e63e5b3bab974461,train
data/datasets/B-/cluster_3_3358.BMP,B-,SUBJECT_GROUP_0370,375,375__M_Right_index_finger.BMP,456f8594406d2f93e02db3ba634967f4210649e56c69a248de95b911453b6558,train
data/datasets/B-/cluster_3_3367.BMP,B-,SUBJECT_GROUP_0102,102,102__M_Right_thumb_finger.BMP,3abafa6b3742949eced6310496d6275feffa7b72770cadd472bb19a81a15f780,train
data/datasets/B-/cluster_3_3385.BMP,B-,SUBJECT_GROUP_0550,585,585__M_Right_index_finger.BMP,dfff416064af8de3836fa645ccbfb73f0deb4e7f0ed60859d6d0ec70ce5610f9,test
data/datasets/B-/cluster_3_3386.BMP,B-,SUBJECT_GROUP_0332,337,337__F_Right_index_finger.BMP,0782872b38833383f8bb9ca231dfd411147cc5a09b6546a6f28ca88c1cd8e2a4,train
data/datasets/B-/cluster_3_3390.BMP,B-,SUBJECT_GROUP_0519,527,527__M_Right_middle_finger.BMP,792111b1312853884928981397d6bd1a6741191b3fd50916a4744619a1581a95,train
data/datasets/B-/cluster_3_3396.BMP,B-,SUBJECT_GROUP_0024,24,24__F_Right_thumb_finger.BMP,833dbf0017c87d83f3f6b8040edf97d7988185789f1452cd19344dd9cf2adb8a,test
data/datasets/B-/cluster_3_3399.BMP,B-,SUBJECT_GROUP_0376,382,382__M_Right_index_finger.BMP,d87b710aac9715e4e54aa91f8534e46163534075c680f58bee83e8b493c8fcd3,validation
data/datasets/B-/cluster_3_34.BMP,B-,SUBJECT_GROUP_0178,178,178__M_Left_ring_finger.BMP,db515b4e34e81cf64cdfa61e5200863df69b6300f6b5a3baed77c20eecf184c5,train
data/datasets/B-/cluster_3_3408.BMP,B-,SUBJECT_GROUP_0496,503,503__M_Right_thumb_finger.BMP,644f1d5aed710ce08801092d1ed3d716911efe0d9bb93a398eb44fd63c811703,train
data/datasets/B-/cluster_3_3436.BMP,B-,SUBJECT_GROUP_0195,195,195__M_Right_middle_finger.BMP,4b7763564c97075a9204bf3e2296304a78927536d547770aef890113a6043bd6,train
data/datasets/B-/cluster_3_3464.BMP,B-,SUBJECT_GROUP_0067,67,67__F_Right_thumb_finger.BMP,da791b6e620c6cd66538b6e29d52b19ba5fd81e88b563e0da258adec856ef25c,train
data/datasets/B-/cluster_3_3470.BMP,B-,SUBJECT_GROUP_0351,356,356__M_Right_thumb_finger.BMP,0158dbca7cc6efec7618a34b770690c4695877d197905000caa7bc3cfdec74a6,train
data/datasets/B-/cluster_3_3481.BMP,B-,SUBJECT_GROUP_0235,238,238__M_Right_thumb_finger.BMP,1a96a599d82e9a8cb035e1c2bda1fc674198398a6266ea30077d2118ad425150,train
data/datasets/B-/cluster_3_3482.BMP,B-,SUBJECT_GROUP_0430,437,437__M_Right_index_finger.BMP,7215006b9f49fbc99d50a10772b5fc8fd9bca2c4dd9a7aa450da3708f7f016ca,test
data/datasets/B-/cluster_3_3498.BMP,B-,SUBJECT_GROUP_0441,448,448__M_Left_middle_finger.BMP,7d3a79e7edc95c2b57fd8c1ff25d82e390bb28fe1ec995a6d6167b63add187a7,train
data/datasets/B-/cluster_3_351.BMP,B-,SUBJECT_GROUP_0349,354,354__M_Right_middle_finger.BMP,5fac6e3111168d3338868cfb6621dc71ef2950174fc768ffa802f672fbdd98d1,train
data/datasets/B-/cluster_3_3513.BMP,B-,SUBJECT_GROUP_0225,228,228__M_Left_middle_finger.BMP,443d889b26662ce0123f27199bc4997b210250e493c9df5a8e5021f5b0a3d276,train
data/datasets/B-/cluster_3_3515.BMP,B-,SUBJECT_GROUP_0462,469,469__M_Right_thumb_finger.BMP,3feed88360f7c9188a6babc1ac5a1a7043b144736a90255f63f416e92b4cd94b,train
data/datasets/B-/cluster_3_3533.BMP,B-,SUBJECT_GROUP_0015,15,15__F_Right_ring_finger.BMP,0d490ab5efc7c378a9aa4aaea901478863cd6bf49c2e9c89df590ecb6bbb2df5,train
data/datasets/B-/cluster_3_3562.BMP,B-,SUBJECT_GROUP_0338,343,343__M_Right_thumb_finger.BMP,4eee9ff1cae6429cff44b196d4153c6b0d82622a2091c6d7f74d22ebb5cef8e1,train
data/datasets/B-/cluster_3_3569.BMP,B-,SUBJECT_GROUP_0025,25,25__F_Right_thumb_finger.BMP,0e0bee9531d04096efafa866d72336fb8dd20e4a068ba5d9510d5f87caec0b59,train
data/datasets/B-/cluster_3_3576.BMP,B-,SUBJECT_GROUP_0177,177,177__F_Right_thumb_finger.BMP,0ce2b125c12b5fffb27448b8a6df14655961b3e1b1d20f12f50a83a709113491,train
data/datasets/B-/cluster_3_3583.BMP,B-,SUBJECT_GROUP_0234,237,237__M_Right_thumb_finger.BMP,dbfefa7c8fef693258d920ab2e9c704941c046708c868a87a070dbb4b9337173,train
data/datasets/B-/cluster_3_3589.BMP,B-,SUBJECT_GROUP_0448,455,455__M_Right_index_finger.BMP,1264652ac7c384a5286aa2f45fa96c5aac6a3546d79fe673f3ac0553075e6bdf,train
data/datasets/B-/cluster_3_3591.BMP,B-,SUBJECT_GROUP_0399,405,405__M_Right_index_finger.BMP,f9d96ce1c2dab40b44e0efe85c2763a1bcde5987f0aec93c703b6bf6df5879f3,train
data/datasets/B-/cluster_3_3595.BMP,B-,SUBJECT_GROUP_0264,269,269__M_Right_thumb_finger.BMP,584a6cc0d98f6fad6d746cd1badc813f4215545dbe7a5e1362c9b5afbc917431,train
data/datasets/B-/cluster_3_3600.BMP,B-,SUBJECT_GROUP_0387,393,393__M_Right_index_finger.BMP,01007c1e14061378685f0543ddd31767052cab8b7154d3041b350d308a9ff57a,train
data/datasets/B-/cluster_3_3613.BMP,B-,SUBJECT_GROUP_0113,113,113__M_Right_thumb_finger.BMP,cb2a37fc8f72986542dd512bfe1418876483127c1611102f5064525c3688d440,train
data/datasets/B-/cluster_3_3614.BMP,B-,SUBJECT_GROUP_0125,125,125__M_Right_thumb_finger.BMP,8da4cc5c20e9d4e28dbfb870e40da20dd87d060a2b08e13c4ffa50cc258189f4,test
data/datasets/B-/cluster_3_362.BMP,B-,SUBJECT_GROUP_0309,314,314__M_Right_middle_finger.BMP,66a36d2a23f42aa13998c3c3d46823fa13e8aaac050d5adcf6b80d2a9f84335e,validation
data/datasets/B-/cluster_3_3620.BMP,B-,SUBJECT_GROUP_0521,529,529__M_Right_thumb_finger.BMP,0a62199c205e5f5bd297f28dc37fa0810778d20d2a944dbc98c6d93998322c6d,train
data/datasets/B-/cluster_3_3632.BMP,B-,SUBJECT_GROUP_0361,366,366__M_Right_index_finger.BMP,38d94998c367aad219b80fba0f2e9de804805bacb489a1473a71b20d5d523959,train
data/datasets/B-/cluster_3_3650.BMP,B-,SUBJECT_GROUP_0332,337,337__F_Right_ring_finger.BMP,25ad44458b9085f5b3c1d44ae1e0eb742b7342ae19afac5e6b75241063ac8685,train
data/datasets/B-/cluster_3_3653.BMP,B-,SUBJECT_GROUP_0085,85,85__M_Right_thumb_finger.BMP,7fe6aa22488a403c0ea28425605478362a0ef96a8cb7b31a87c31d666f7e7373,train
data/datasets/B-/cluster_3_3655.BMP,B-,SUBJECT_GROUP_0013,13,13__F_Right_thumb_finger.BMP,07f3bbff96b71c1281e76bfba498b8cd7fccbe4e3eab2c312e3db670be3a5ddf,train
data/datasets/B-/cluster_3_3664.BMP,B-,SUBJECT_GROUP_0397,403,403__M_Right_middle_finger.BMP,b47a997dbc4e3ea92385d34ac7a17c5aeeaabec8c97bc57a49c89ee139ec66d3,test
data/datasets/B-/cluster_3_367.BMP,B-,SUBJECT_GROUP_0548,558,558__M_Right_thumb_finger.BMP,ca4e00b0ea587f9cfbe457fcb9c78994aaa3648b8c4c6044df5c3b14190f831c,train
data/datasets/B-/cluster_3_3676.BMP,B-,SUBJECT_GROUP_0179,179,179__M_Right_thumb_finger.BMP,b95f51c3f1b49d5e4f7830982dc38f7ffeaeb1202ea8e685a3ec32e73e14ed07,train
data/datasets/B-/cluster_3_3680.BMP,B-,SUBJECT_GROUP_0087,87,87__M_Right_middle_finger.BMP,65ffb157170ebafaeff7efa4598b4a7acd9e2456eb922d6346aeff3d28319a81,train
data/datasets/B-/cluster_3_370.BMP,B-,SUBJECT_GROUP_0501,508,508__F_Right_thumb_finger.BMP,9453e9932f1e251531797671ad2dcee0bc90afe0eb552d9b305c43e78ce0cf35,train
data/datasets/B-/cluster_3_3701.BMP,B-,SUBJECT_GROUP_0325,330,330__M_Right_little_finger.BMP,0cb8d16e8c659902bbea3b14feabf65c059f03aa2b6449731477b1bf1f8c8b21,train
data/datasets/B-/cluster_3_3706.BMP,B-,SUBJECT_GROUP_0526,534,534__F_Right_thumb_finger.BMP,7da9f1739665bff56e348c9dedfa655039b8289a3084c24c7d7f823fd588bba3,train
data/datasets/B-/cluster_3_3710.BMP,B-,SUBJECT_GROUP_0234,237,237__M_Right_middle_finger.BMP,49a84edb156aed7e5e62b35c029890fa0d015128d2832e99ff2ada026a1c3a7b,train
data/datasets/B-/cluster_3_3711.BMP,B-,SUBJECT_GROUP_0162,162,162__M_Right_index_finger.BMP,73fecc677983a6dffd9db81055c5247770fd735a08d09e81ea6f555fdddb706a,train
data/datasets/B-/cluster_3_3732.BMP,B-,SUBJECT_GROUP_0117,117,117__F_Right_middle_finger.BMP,c1a7246760f9ed6db1d3997cd875970c335cccba8654f009219088be3b22feab,test
data/datasets/B-/cluster_3_3734.BMP,B-,SUBJECT_GROUP_0372,378,378__F_Right_thumb_finger.BMP,da694f3f762e7ea1699c4568e64e7be0514f1e19ad9da166816841c2a8c5787d,train
data/datasets/B-/cluster_3_3736.BMP,B-,SUBJECT_GROUP_0522,530,530__M_Right_middle_finger.BMP,5e279deae1e9be81249d6c923bad164a67f95d43fdfb555a4936fc07b198b272,test
data/datasets/B-/cluster_3_375.BMP,B-,SUBJECT_GROUP_0225,228,228__M_Left_ring_finger.BMP,3d85818b2905dba7f8ed23160f4edcc1ea736dbcc47065a0af4b648f332b9cdf,train
data/datasets/B-/cluster_3_376.BMP,B-,SUBJECT_GROUP_0130,130,130__F_Right_thumb_finger.BMP,6e5feeebb2364b1949537f326c711d66bed2d1ce02840e4b1ef0d314cccfe30a,train
data/datasets/B-/cluster_3_3763.BMP,B-,SUBJECT_GROUP_0150,150,150__M_Right_thumb_finger.BMP,e8f698941c30b4076005eb95bd853af25fa78d6a9ffeb0149cae82ba4d140b59,train
data/datasets/B-/cluster_3_3770.BMP,B-,SUBJECT_GROUP_0175,175,175__M_Right_ring_finger.BMP,4e7570d4b33044e6cb38d47abacd3ebe5d7fa4c0b7bf3e0b33d13eae7f88433a,train
data/datasets/B-/cluster_3_3771.BMP,B-,SUBJECT_GROUP_0439,446,446__M_Right_thumb_finger.BMP,c943cfec791a58930b1eed5b0b5838eb8a329cb9bd858e79af74bd52ed8d86ab,train
data/datasets/B-/cluster_3_3777.BMP,B-,SUBJECT_GROUP_0327,332,332__M_Right_thumb_finger.BMP,c41ee028ac66ee4fe013876beae91360cf58bbbb6cfdacb36936fd0d201f692c,train
data/datasets/B-/cluster_3_379.BMP,B-,SUBJECT_GROUP_0289,294,294__M_Right_little_finger.BMP,ab827b9aef9ad74420a784f5c5ebdc7f9ff0896e302c3abbc0ea480f1ecc1401,train
data/datasets/B-/cluster_3_3790.BMP,B-,SUBJECT_GROUP_0545,555,555__M_Right_thumb_finger.BMP,c8ee5e17e02f70dc40d2b2ba4ff6cb696d8fce93c4ab8353c707e49fb3afc23d,train
data/datasets/B-/cluster_3_3791.BMP,B-,SUBJECT_GROUP_0275,280,280__M_Right_thumb_finger.BMP,f352ca06ec7234a779d7f17451761d7bc318f76806ac96e9362b8604d2b81b3e,train
data/datasets/B-/cluster_3_3795.BMP,B-,SUBJECT_GROUP_0413,420,420__M_Right_index_finger.BMP,b4200e8b6750d448dda634dc7fc1f499ad57d6ec427ac4978f55b9e899e02c75,train
data/datasets/B-/cluster_3_3797.BMP,B-,SUBJECT_GROUP_0368,373,373__M_Right_thumb_finger.BMP,13ff90a4e65df378ea0ce15c3467fb0d4d2bcb16e5a15cd683131646189300ab,validation
data/datasets/B-/cluster_3_380.BMP,B-,SUBJECT_GROUP_0578,591,591__M_Right_index_finger.BMP,59ad5965e1bb798322d5c09ad7acfe326bdc532dc50ebb43deb9fb0923b7f528,test
data/datasets/B-/cluster_3_3801.BMP,B-,SUBJECT_GROUP_0193,193,193__M_Right_thumb_finger.BMP,b294ded5a8f6175639e032279f0f1f304359c3ce3c9aaa8c7754af3138690179,validation
data/datasets/B-/cluster_3_3809.BMP,B-,SUBJECT_GROUP_0163,163,163__M_Right_middle_finger.BMP,3d40a59672917d98a73ee871d2e85dd8e87c876bc7ec6722e8f50bf3a65e81a2,train
data/datasets/B-/cluster_3_3810.BMP,B-,SUBJECT_GROUP_0279,284,284__M_Right_middle_finger.BMP,3178f09b3acc3b161bf011f281f54c135eb35a92ff2c9ca564283261ade8d5ac,train
data/datasets/B-/cluster_3_3813.BMP,B-,SUBJECT_GROUP_0384,390,390__F_Right_thumb_finger.BMP,40cf5191b53a751741b3a8274d6538e3c031e4114e6ab132fd0fef14400ced5d,train
data/datasets/B-/cluster_3_3847.BMP,B-,SUBJECT_GROUP_0129,129,129__M_Right_middle_finger.BMP,522f77859ba3f02dd50357f30eb2c80223586c3b0d69def452f665d1817decb2,train
data/datasets/B-/cluster_3_3855.BMP,B-,SUBJECT_GROUP_0168,168,168__M_Right_index_finger.BMP,a18495ec745174888edbdaff18513a03defffdc494b249bcf2bc01f0cb018ada,train
data/datasets/B-/cluster_3_3865.BMP,B-,SUBJECT_GROUP_0037,37,37__M_Right_index_finger.BMP,8747d23037627bc4455d66106a8542293e22cae458dc25437ba5774ec328684f,train
data/datasets/B-/cluster_3_3866.BMP,B-,SUBJECT_GROUP_0397,403,403__M_Right_thumb_finger.BMP,36dad06b718e1dfc089afe28bbd63f603e344d4586b453caafbbf6a9fa6a2243,test
data/datasets/B-/cluster_3_387.BMP,B-,SUBJECT_GROUP_0065,65,65__M_Right_index_finger.BMP,6159f110ad42cd35e7b840c8279781e2a217165953c41f6818c9766ba182cc11,train
data/datasets/B-/cluster_3_3883.BMP,B-,SUBJECT_GROUP_0522,530,530__M_Right_thumb_finger.BMP,97111e9fc8122e9333542753285a76d97843f32f3a038e3b016da09474f70a75,test
data/datasets/B-/cluster_3_3885.BMP,B-,SUBJECT_GROUP_0385,391,391__M_Right_middle_finger.BMP,680299cd418113d6107e1e90a3fd43b1278ab27d7c9680139a46b278a4d06529,train
data/datasets/B-/cluster_3_3900.BMP,B-,SUBJECT_GROUP_0016,16,16__M_Right_index_finger.BMP,9dc06718c216b035a4f1715cd829755e501e6621b9f0929928de0c838e46a85d,train
data/datasets/B-/cluster_3_3904.BMP,B-,SUBJECT_GROUP_0312,317,317__M_Right_middle_finger.BMP,0d3fdf1dcc2e74fec2513ac9fcfb30831a8e27492e8811f939bd24134f656b4a,validation
data/datasets/B-/cluster_3_3914.BMP,B-,SUBJECT_GROUP_0247,251,251__M_Right_middle_finger.BMP,2d4aa08b6a84afdd343b3fcd6b33c06628cc9abd67c45c2ec6305d1bff8723b2,validation
data/datasets/B-/cluster_3_3917.BMP,B-,SUBJECT_GROUP_0426,433,433__M_Left_ring_finger.BMP,9d5ab8cecf839f8a936d52c60da8c587098460b11dc435616801984e28be7bf6,validation
data/datasets/B-/cluster_3_3925.BMP,B-,SUBJECT_GROUP_0017,17,17__M_Right_thumb_finger.BMP,5c9c1a0e2355de666ed33e4145d9557801e80c98861a720c9c039fc9699b9904,test
data/datasets/B-/cluster_3_3926.BMP,B-,SUBJECT_GROUP_0404,410,410__M_Right_index_finger.BMP,05b94d032762cd904c55e0c5c40fcabc86b7f384a3f004b4de7a0cffbcf8cfda,train
data/datasets/B-/cluster_3_3933.BMP,B-,SUBJECT_GROUP_0143,143,143__M_Right_index_finger.BMP,ce2a073691960cd27596f6475e684cba8712b812e3cb62c89d8b7e06d3a699f1,train
data/datasets/B-/cluster_3_3937.BMP,B-,SUBJECT_GROUP_0544,552,552__M_Right_index_finger.BMP,144d9a3b6799dd39fdd0873fa507cb7965d410394d9718e5e96c6b85b9996d80,train
data/datasets/B-/cluster_3_3938.BMP,B-,SUBJECT_GROUP_0429,436,436__M_Right_little_finger.BMP,31048ba5be51cd6d9ac9c74b3a5635defdc803d2b5151187515ec55f362eefb6,train
data/datasets/B-/cluster_3_3940.BMP,B-,SUBJECT_GROUP_0051,51,51__M_Right_thumb_finger.BMP,d3c19fd3496f4447850dda3d8f55bbeed938af6d2ca6e24ec409ea4abb2eef37,train
data/datasets/B-/cluster_3_3947.BMP,B-,SUBJECT_GROUP_0288,293,293__F_Right_thumb_finger.BMP,d8b7f7df841c1cfcf056e8067313126adf242a61dd5cf6d836d4d2cf36c37d53,test
data/datasets/B-/cluster_3_395.BMP,B-,SUBJECT_GROUP_0292,554,554__M_Right_index_finger.BMP,ca2a90520dffef9577ce46199d03f880c109a73ea7224d6e0152df62c57003a7,test
data/datasets/B-/cluster_3_3968.BMP,B-,SUBJECT_GROUP_0292,297,297__M_Right_thumb_finger.BMP,e0c525497a229a2b0527c77eae2aee9483ece21b7670f8b7f037e2bc2ef824be,test
data/datasets/B-/cluster_3_3972.BMP,B-,SUBJECT_GROUP_0491,498,498__M_Right_ring_finger.BMP,45b7a453a7ca1121e30f3b939fffd491af27e56aac621b74f67229bc3e4480fb,train
data/datasets/B-/cluster_3_3979.BMP,B-,SUBJECT_GROUP_0289,294,294__M_Right_middle_finger.BMP,1880dcf69301794681d754c040a7f14c14466647475dca4f444ca5fe73f72831,train
data/datasets/B-/cluster_3_3993.BMP,B-,SUBJECT_GROUP_0145,145,145__M_Right_middle_finger.BMP,e11d593cec753c56349b03fcb04397693ee4ce9036bb9d02e6d64dfedc693201,train
data/datasets/B-/cluster_3_3994.BMP,B-,SUBJECT_GROUP_0047,47,47__F_Right_ring_finger.BMP,c76bae84be53008a516a0eb4c342d7101fa5b41e8d4c279141cbb4b14c9f6e76,train
data/datasets/B-/cluster_3_4011.BMP,B-,SUBJECT_GROUP_0011,11,11__M_Right_thumb_finger.BMP,a00ab41cc5c293a80420e60d339c0d1a5424ef7d789df79d8f7c74ed4f694530,train
data/datasets/B-/cluster_3_4012.BMP,B-,SUBJECT_GROUP_0193,193,193__M_Right_middle_finger.BMP,ae42a1c91c9e9a34f3a1f39ddcd39a1f8369f5ef16d9bbd4634f02fac7cc13b4,validation
data/datasets/B-/cluster_3_4013.BMP,B-,SUBJECT_GROUP_0349,354,354__M_Right_thumb_finger.BMP,df2941c3d46ac939dadca524798c141d8b3917ae7acdb04309f075dd83c5bc35,train
data/datasets/B-/cluster_3_4014.BMP,B-,SUBJECT_GROUP_0293,298,298__M_Right_thumb_finger.BMP,8626b003bf48f4c8190393f7f27702ecccdbdbed6f0204bd122adb1124fbf68c,train
data/datasets/B-/cluster_3_4019.BMP,B-,SUBJECT_GROUP_0055,55,55__M_Right_thumb_finger.BMP,cc5c70ca6ed1bf0e17e1443ca6a5c8fecbbd24fc606d1c527ca936fa0897f61a,train
data/datasets/B-/cluster_3_4020.BMP,B-,SUBJECT_GROUP_0166,166,166__M_Left_ring_finger.BMP,a07cd4a2af9a06fc6226baae35efda577f88cb946211828eb706aef62fc68b0f,train
data/datasets/B-/cluster_3_4030.BMP,B-,SUBJECT_GROUP_0103,103,103__F_Right_thumb_finger.BMP,b990ba86a5078c5880e73a2ab37faed1b4e9c2ad4bf81d6dbaa5f064de1f280f,train
data/datasets/B-/cluster_3_4044.BMP,B-,SUBJECT_GROUP_0575,587,587__M_Right_thumb_finger.BMP,9a3c69dd31b1e0caa6702eb2f7a6b18e7d286e7818d9cf05e7c2c1007205fd86,test
data/datasets/B-/cluster_3_4045.BMP,B-,SUBJECT_GROUP_0246,250,250__F_Right_thumb_finger.BMP,3c7c5ec3a45aba3aa07cc5cfdc6757b5dcb7d838b30beb379568c85682b57027,train
data/datasets/B-/cluster_3_406.BMP,B-,SUBJECT_GROUP_0555,565,565__M_Right_thumb_finger.BMP,32a9c319c6f3fcfb1299417618089f6eba1dd24732628e5495f01e915aa9e24f,train
data/datasets/B-/cluster_3_4062.BMP,B-,SUBJECT_GROUP_0576,588,588__M_Right_index_finger.BMP,d844c37e818bd09ccd06d2ed1ecba8089925af06557d0236441c79b726c6c5df,train
data/datasets/B-/cluster_3_4076.BMP,B-,SUBJECT_GROUP_0349,354,354__M_Right_index_finger.BMP,9f8529152238244802ac63ea1e138ece9121ffd62114f229819b728eb4cfac2a,train
data/datasets/B-/cluster_3_4086.BMP,B-,SUBJECT_GROUP_0326,331,331__M_Right_thumb_finger.BMP,2642c1f31b27f19ab20c6d70edac6aabfadb751db910d75a595754ab83beff7a,train
data/datasets/B-/cluster_3_4088.BMP,B-,SUBJECT_GROUP_0582,595,595__M_Right_thumb_finger.BMP,c99d17d46c83c0ecb34d0567e16684d4de72bfaa46a6241563a120847ec19fb2,validation
data/datasets/B-/cluster_3_41.BMP,B-,SUBJECT_GROUP_0489,496,496__M_Right_thumb_finger.BMP,88ec887905fc200331c7e2af14cf3a6b7daa9a9d2371b6d213f518a8ef008dd4,train
data/datasets/B-/cluster_3_4101.BMP,B-,SUBJECT_GROUP_0122,122,122__M_Right_index_finger.BMP,8f767be76e2ae288b670815bc212afbf7352048097856c67de170d0d4a9ac57f,test
data/datasets/B-/cluster_3_4103.BMP,B-,SUBJECT_GROUP_0070,70,70__M_Left_ring_finger.BMP,e97757e4a35f7b6da75f941dde0a15154bd0aa6459a2830d5eb7c2738001a7e0,validation
data/datasets/B-/cluster_3_4117.BMP,B-,SUBJECT_GROUP_0557,567,567__M_Right_thumb_finger.BMP,c85f47637427972f674e42c63c9205b34e3b68e74e81ff840eaf86c06868bb9f,test
data/datasets/B-/cluster_3_412.BMP,B-,SUBJECT_GROUP_0297,302,302__M_Right_thumb_finger.BMP,577204f39938121ff4a39dbd6200c74d75a697a2367a5bb9ad1243220e38dfbf,train
data/datasets/B-/cluster_3_4121.BMP,B-,SUBJECT_GROUP_0473,480,480__M_Right_middle_finger.BMP,32cc2f892c3e2108711f56e6ea71e81fc549c342cf652c63d8bd0dd83e79f372,validation
data/datasets/B-/cluster_3_4128.BMP,B-,SUBJECT_GROUP_0340,345,345__M_Right_thumb_finger.BMP,7fc938fff05abfa3f1a7e31638285c4a97baf4ba7050782613296c2c691fe9c6,test
data/datasets/B-/cluster_3_4141.BMP,B-,SUBJECT_GROUP_0058,58,58__M_Right_thumb_finger.BMP,a48aa100d2997587fb052de714d9c0cb48783f0f0fb9835ecb2bd22eb8e31172,validation
data/datasets/B-/cluster_3_4168.BMP,B-,SUBJECT_GROUP_0188,188,188__M_Right_thumb_finger.BMP,2d329610cded3db6f03ec7721bb1331bb887311ff3621b29b855d713c586af00,train
data/datasets/B-/cluster_3_4173.BMP,B-,SUBJECT_GROUP_0550,585,585__M_Right_middle_finger.BMP,ce60f26d2702c2937062b45f8eeb3336ad81e4597c0240604bf4975481130c9e,test
data/datasets/B-/cluster_3_4181.BMP,B-,SUBJECT_GROUP_0186,186,186__M_Right_index_finger.BMP,c9d81ba1dfce0186497bef6623ebe09b74460a35684f56588e6594157fca71f3,train
data/datasets/B-/cluster_3_4185.BMP,B-,SUBJECT_GROUP_0092,204,204__F_Right_middle_finger.BMP,79849f754c3678362c4fac70feaf6329ed51e04d56986f9415b4fcec5b155b9b,validation
data/datasets/B-/cluster_3_4188.BMP,B-,SUBJECT_GROUP_0334,339,339__M_Right_middle_finger.BMP,909f213a0479745a2e078fc615bd02c51f7794a5b815963d796667caf09065bb,validation
data/datasets/B-/cluster_3_4195.BMP,B-,SUBJECT_GROUP_0302,307,307__M_Right_thumb_finger.BMP,566f0408ce0ab2156fd7222a7482f08f452045f2e648927041c5c9f0d40e2192,test
data/datasets/B-/cluster_3_4197.BMP,B-,SUBJECT_GROUP_0133,133,133__M_Left_ring_finger.BMP,3840dda470846889d2af752b6570b838aae3ca4e84defceb13006d3ec5596f98,train
data/datasets/B-/cluster_3_4205.BMP,B-,SUBJECT_GROUP_0457,464,464__M_Right_thumb_finger.BMP,98cdf529d15c75fc1e7ad6175caa95552b4e85798ee94ba7d1f8bc15bd3c2dab,train
data/datasets/B-/cluster_3_4206.BMP,B-,SUBJECT_GROUP_0484,491,491__M_Right_thumb_finger.BMP,1a1490f3e45e87cb81ae8ea16b4cec6e782c191fba0b253ed5b7cba9370bcfeb,train
data/datasets/B-/cluster_3_4208.BMP,B-,SUBJECT_GROUP_0494,501,501__M_Right_thumb_finger.BMP,7db8285ae37995420cf437c38de29d6174387c469d4404a9bd59135f0b13ee64,train
data/datasets/B-/cluster_3_4211.BMP,B-,SUBJECT_GROUP_0216,218,218__M_Right_thumb_finger.BMP,a304a75337168182bf1fddfb371bf005f55991aa45caf8eef633f3b74df49c3d,train
data/datasets/B-/cluster_3_4214.BMP,B-,SUBJECT_GROUP_0149,149,149__F_Right_ring_finger.BMP,0269ad13ea2b386a945447f321130cb4e22023af23b16f623020f0d0aa96d5a0,train
data/datasets/B-/cluster_3_4216.BMP,B-,SUBJECT_GROUP_0345,350,350__M_Right_thumb_finger.BMP,d96a0e1f533ce78ae6d87385953d56b4de50d442cf942ec00798f7173e3a48f7,train
data/datasets/B-/cluster_3_422.BMP,B-,SUBJECT_GROUP_0403,409,409__M_Right_thumb_finger.BMP,9d09d0260cd483f92a72692ab1ebaa59c555e7401af9ef25c64d4730bd041feb,train
data/datasets/B-/cluster_3_4222.BMP,B-,SUBJECT_GROUP_0416,423,423__M_Right_index_finger.BMP,5901577711eef9465e1ab6ed6f14b83219d0d03f17f270830d62f4720821e760,train
data/datasets/B-/cluster_3_4224.BMP,B-,SUBJECT_GROUP_0004,4,4__M_Right_thumb_finger.BMP,3e24383017c0b0285a45b2a00f1632d4584d3701156574118aafdce304d8f8d1,train
data/datasets/B-/cluster_3_4228.BMP,B-,SUBJECT_GROUP_0410,416,416__M_Left_ring_finger.BMP,2b862498e0ac6ecb4fff84bf73eb36bafab5532968263324d423c850a17f5088,train
data/datasets/B-/cluster_3_424.BMP,B-,SUBJECT_GROUP_0451,458,458__M_Right_index_finger.BMP,facc42e6f7e67998d90ef462d1cf840532333669fa4b5eae94d31fc6f5e62b7e,train
data/datasets/B-/cluster_3_4241.BMP,B-,SUBJECT_GROUP_0439,446,446__M_Right_ring_finger.BMP,c4cded25c4789f03805153b5696c05c9c810ad44925630dd07732ad6b89ab1bb,train
data/datasets/B-/cluster_3_4247.BMP,B-,SUBJECT_GROUP_0441,448,448__M_Left_ring_finger.BMP,b1ed58493742abcf0561d5f5d3d06e50c6bd418ddbce9571b52f64f6c8c149bf,train
data/datasets/B-/cluster_3_4252.BMP,B-,SUBJECT_GROUP_0544,552,552__M_Right_thumb_finger.BMP,13665141a18cc30a67d4d9b2411fa5b8d2b88e08037262fb25546bcd6a5a2ef3,train
data/datasets/B-/cluster_3_426.BMP,B-,SUBJECT_GROUP_0161,161,161__F_Right_thumb_finger.BMP,1bb5b85ffcc3c0ae82eaaaa96bf1103f21fd28aacc9c3095880031a848f1d478,train
data/datasets/B-/cluster_3_4271.BMP,B-,SUBJECT_GROUP_0525,533,533__M_Right_index_finger.BMP,3483e81b587e21c1b56a8a7d702117491ef65ae72b0a39332e1790782089c3c8,train
data/datasets/B-/cluster_3_4279.BMP,B-,SUBJECT_GROUP_0195,195,195__M_Right_thumb_finger.BMP,9c29c01f1d414c58a012e9c1f2dc9364af424284daad3322f95cd69940f404ff,train
data/datasets/B-/cluster_3_4281.BMP,B-,SUBJECT_GROUP_0584,597,597__M_Right_middle_finger.BMP,7f755cdc658aa1e3ea1b5b5ad4823127268522a239cdce1d5494d096412a5a01,train
data/datasets/B-/cluster_3_4286.BMP,B-,SUBJECT_GROUP_0407,413,413__M_Right_thumb_finger.BMP,fbedc7a0b878ec1c823a48e0cd1635643a0cccdd4f286b9b12523bf69cf8a080,train
data/datasets/B-/cluster_3_4290.BMP,B-,SUBJECT_GROUP_0134,134,134__M_Left_index_finger.BMP,5baf210a0a996b17e8a878635a8a9d94e6a6f60a1ec0b846782ce5c51661f871,validation
data/datasets/B-/cluster_3_43.BMP,B-,SUBJECT_GROUP_0163,163,163__M_Right_index_finger.BMP,2c59d20bf6409224ca5fabef58c936585acd72fdd5ce64edaf16c4f410464ee4,train
data/datasets/B-/cluster_3_4300.BMP,B-,SUBJECT_GROUP_0226,229,229__M_Left_index_finger.BMP,0c5689c767bab9addd172d122008e7993bcdc704974b8703a6c7e43b0eeb489b,train
data/datasets/B-/cluster_3_4302.BMP,B-,SUBJECT_GROUP_0024,24,24__F_Right_middle_finger.BMP,8a81539f02b405422344f7c6d773a9fcc8adf3e7da929949467e69e5444d4f7a,test
data/datasets/B-/cluster_3_4303.BMP,B-,SUBJECT_GROUP_0580,593,593__M_Right_ring_finger.BMP,d87f4c6144f0e14e857fd8c73666f71a55597c71de77c32ec415d513f6ccf5d6,test
data/datasets/B-/cluster_3_4314.BMP,B-,SUBJECT_GROUP_0369,374,374__M_Right_ring_finger.BMP,b28bf7e4601ac38d6342d4abba9fb63febd1633abb25d26ea0358572f75ac66f,train
data/datasets/B-/cluster_3_4315.BMP,B-,SUBJECT_GROUP_0057,57,57__M_Right_thumb_finger.BMP,19eaa6df13ad8c450b27c0e3d982ef35729a43dd504355f11347bffe5d71d505,train
data/datasets/B-/cluster_3_4323.BMP,B-,SUBJECT_GROUP_0410,416,416__M_Right_index_finger.BMP,f0cba124562fbb5dd0769b99609220faaaaa420c06d31180dffa3cf8bf0ddc65,train
data/datasets/B-/cluster_3_4327.BMP,B-,SUBJECT_GROUP_0461,468,468__F_Right_thumb_finger.BMP,5ef5b834c5dd64d8da0739c0888977ad568d0197cb08c2e5e2f180a51756af76,train
data/datasets/B-/cluster_3_4343.BMP,B-,SUBJECT_GROUP_0472,479,479__F_Right_thumb_finger.BMP,d267b7af8fe848665a47e2a769af23edf2ddb641c0276c5ebba78f8199912c56,train
data/datasets/B-/cluster_3_4354.BMP,B-,SUBJECT_GROUP_0232,235,235__M_Right_index_finger.BMP,c260d19745c9114d7d3e443b29fee8db02f453f0b209462d6eab0be3700159f9,train
data/datasets/B-/cluster_3_4356.BMP,B-,SUBJECT_GROUP_0312,317,317__M_Right_index_finger.BMP,986b1c9b7839e5e2144f5b14e2aaa501dbc32358398d36ae6612c8353336a206,validation
data/datasets/B-/cluster_3_4357.BMP,B-,SUBJECT_GROUP_0332,337,337__F_Right_thumb_finger.BMP,42539bc04db9aab7819d9799b641e1088f4b2a17d07ec7f8f519afd4382999bb,train
data/datasets/B-/cluster_3_4359.BMP,B-,SUBJECT_GROUP_0268,273,273__M_Left_little_finger.BMP,6800d4808c3108760542752f9ffb7efd3d0e8602e48f6251b24f73389ce2a72f,train
data/datasets/B-/cluster_3_4363.BMP,B-,SUBJECT_GROUP_0449,456,456__M_Right_index_finger.BMP,93be79609895898882afee129f02c8f6e22a9cbe9be95b3948e2a728e4be12f0,train
data/datasets/B-/cluster_3_4387.BMP,B-,SUBJECT_GROUP_0471,478,478__M_Right_thumb_finger.BMP,11367fc0c0741bfe52eb53ea592474e774fad56b7a6c2d6da343c305717130ad,train
data/datasets/B-/cluster_3_439.BMP,B-,SUBJECT_GROUP_0085,85,85__M_Right_middle_finger.BMP,0536bccae3d7bf31bf9ddb485e1a82c5e1495b7c51f0c85209930b0f2f791f15,train
data/datasets/B-/cluster_3_4418.BMP,B-,SUBJECT_GROUP_0003,3,3__M_Right_thumb_finger.BMP,8328b00a66825fbd4fd4582ef5aa447912a4d1b0bbef3c991e444c9ecc3cc067,validation
data/datasets/B-/cluster_3_4430.BMP,B-,SUBJECT_GROUP_0123,123,123__M_Right_thumb_finger.BMP,e12ed76e32a7628409e0ab4afde2ed1a89337240d1ead82d6b19bad9185c5736,train
data/datasets/B-/cluster_3_4433.BMP,B-,SUBJECT_GROUP_0051,51,51__M_Right_index_finger.BMP,f89e2e0076543748957a409725e148b57ae4b2540bcf15f8a6116fe052d4cd27,train
data/datasets/B-/cluster_3_4443.BMP,B-,SUBJECT_GROUP_0523,531,531__M_Right_ring_finger.BMP,22c0de0081d8f4813c6c385d0c0a3d36403784d1f31359719bc23cae8aa29e41,validation
data/datasets/B-/cluster_3_4449.BMP,B-,SUBJECT_GROUP_0123,123,123__M_Right_index_finger.BMP,c1773ac5c33512858a49de314c991d7f1550f71c64cdfa4ecebffc8e98a1906a,train
data/datasets/B-/cluster_3_445.BMP,B-,SUBJECT_GROUP_0376,382,382__M_Right_middle_finger.BMP,48b10a99187c02b1795b3d42270f5d321deb75e5368756cd8a4eb11ac3fc59d7,validation
data/datasets/B-/cluster_3_4450.BMP,B-,SUBJECT_GROUP_0031,31,31__F_Right_thumb_finger.BMP,bea50c5f573866c64012598cfbc1d57e1b60c0662c5fd3fb0cdeb283f575fcdd,train
data/datasets/B-/cluster_3_4456.BMP,B-,SUBJECT_GROUP_0214,216,216__M_Right_thumb_finger.BMP,56a17d9bf39f5865b46adcda8cb358989cac4e3c52ff60db83ea086c8ed83fe9,train
data/datasets/B-/cluster_3_4466.BMP,B-,SUBJECT_GROUP_0402,408,408__M_Right_middle_finger.BMP,d85f76ebc2b348faae4b8ef3d8dbf495389f4cd980d5f0e1f58fff475a61685e,train
data/datasets/B-/cluster_3_4472.BMP,B-,SUBJECT_GROUP_0402,408,408__M_Right_thumb_finger.BMP,a8438727502cf2fc8684f6a6a0db538662779ae5aa3a27b6ba5a89b7d5af47cb,train
data/datasets/B-/cluster_3_4479.BMP,B-,SUBJECT_GROUP_0008,8,8__M_Right_thumb_finger.BMP,c5cc07e4feafd8759df01673400e34e8663d4db4f4e431e0e58610e3aa9af494,train
data/datasets/B-/cluster_3_4483.BMP,B-,SUBJECT_GROUP_0218,221,221__M_Right_thumb_finger.BMP,508234ff325f9fecc7e2a84a25f57330ad3a8c50078c20373dfccf7f4f232494,test
data/datasets/B-/cluster_3_4487.BMP,B-,SUBJECT_GROUP_0097,97,97__M_Right_thumb_finger.BMP,c0a2a18a9a9c13bc3528d394bc1a35e68872fd23f389f1df2b10a1dc6cba1df2,train
data/datasets/B-/cluster_3_4489.BMP,B-,SUBJECT_GROUP_0429,436,436__M_Right_ring_finger.BMP,c4f36dbdf6f8fa3521796d6ba06aff47f357b793605cf6ae2dcb2c7d99633386,train
data/datasets/B-/cluster_3_4492.BMP,B-,SUBJECT_GROUP_0328,333,333__M_Right_thumb_finger.BMP,439eac17958511ccca8e806ee2124cd9a226f11bc379d1582f3444d8726f192a,train
data/datasets/B-/cluster_3_451.BMP,B-,SUBJECT_GROUP_0306,311,311__M_Right_thumb_finger.BMP,c1ae3d9b673ca4418f91d3a12d73124b36391c0a4dbee7288636dc07ee79c139,validation
data/datasets/B-/cluster_3_4518.BMP,B-,SUBJECT_GROUP_0427,434,434__M_Right_thumb_finger.BMP,2cd84a70b26d7368ac932312e318a2ae3ff0f0059a8a1953b539cb3896ac3bf7,train
data/datasets/B-/cluster_3_4541.BMP,B-,SUBJECT_GROUP_0255,259,259__M_Right_index_finger.BMP,67318870f9fd1efd9f0df9c38863ba72a5d2bc983c5cc6c8cc491a0ac71a9ffe,train
data/datasets/B-/cluster_3_4549.BMP,B-,SUBJECT_GROUP_0007,7,7__M_Right_index_finger.BMP,18dbcc1e073e620d7dfb68da90f49865733906f29534b5aab0087ef116eb34c6,test
data/datasets/B-/cluster_3_4568.BMP,B-,SUBJECT_GROUP_0043,43,43__F_Right_middle_finger.BMP,3f924679306e75419b8fc9547137999f6b98b908a804452fc0f7d99e8fbe23bf,train
data/datasets/B-/cluster_3_457.BMP,B-,SUBJECT_GROUP_0185,185,185__M_Right_thumb_finger.BMP,1d0ef916db9c2394eca5957c1798fa37518c2c95f10a4fa17dd677d318763d4d,train
data/datasets/B-/cluster_3_4584.BMP,B-,SUBJECT_GROUP_0398,404,404__M_Right_thumb_finger.BMP,1fc05cc540d0a1bc19d917dabdc4a1fdb8b7e15dfe774e1fd178ab1dcaf00fb9,validation
data/datasets/B-/cluster_3_4592.BMP,B-,SUBJECT_GROUP_0144,144,144__M_Right_thumb_finger.BMP,c77744bd80a5eee873853b59c59e69e476445a2da6030a651db48544d972eb29,test
data/datasets/B-/cluster_3_4596.BMP,B-,SUBJECT_GROUP_0211,213,213__M_Right_middle_finger.BMP,7d559cd491f33c2e53d03b222e47832bc59af237cee543bb9b6f1649918a8389,train
data/datasets/B-/cluster_3_46.BMP,B-,SUBJECT_GROUP_0292,577,577__M_Right_thumb_finger.BMP,61b320d2d434d098df7e27d85df0a3bb5434d83a17466da9b7fb392b23c3f3b7,test
data/datasets/B-/cluster_3_4604.BMP,B-,SUBJECT_GROUP_0456,463,463__F_Right_thumb_finger.BMP,1f01aa52dd3c0cbbc6ed6d8e7f03d6bd414caa757ff4091aa4e19bdaf55a8e3f,test
data/datasets/B-/cluster_3_4607.BMP,B-,SUBJECT_GROUP_0501,508,508__F_Right_middle_finger.BMP,477dc7d0ad5d7c702c7a630df3483a98f25de8e158558e66954d6938b4780090,train
data/datasets/B-/cluster_3_4613.BMP,B-,SUBJECT_GROUP_0211,213,213__M_Right_index_finger.BMP,859f28fd7c4c50dfe7606d6746b5cce5511f9888b0acf94f96a7b545827faf60,train
data/datasets/B-/cluster_3_4616.BMP,B-,SUBJECT_GROUP_0072,72,72__M_Right_thumb_finger.BMP,7fbcab0bcb195ad2f7af35aa5bac06e3f3ab66d514215626e5c527084835424c,train
data/datasets/B-/cluster_3_4632.BMP,B-,SUBJECT_GROUP_0416,423,423__M_Left_little_finger.BMP,7d27903699a07b2148782a7b161190603ccc9e1679e726ac05ced2af52f947d1,train
data/datasets/B-/cluster_3_4635.BMP,B-,SUBJECT_GROUP_0158,158,158__M_Right_index_finger.BMP,a6769c0c55fbdb3558f7b5e4d902e0a550a52e2472e662719c7ef9376a11c45a,train
data/datasets/B-/cluster_3_4637.BMP,B-,SUBJECT_GROUP_0026,26,26__M_Right_middle_finger.BMP,6650ea265ca596992a055a44c27d9f2c9424cc7ff4e93977e54d4c9c2c52708b,train
data/datasets/B-/cluster_3_4642.BMP,B-,SUBJECT_GROUP_0156,156,156__F_Right_ring_finger.BMP,07579c2bd21dcfa9e3709576d9f33f6e135d2927a75a721ce773eacbc66e7195,train
data/datasets/B-/cluster_3_4647.BMP,B-,SUBJECT_GROUP_0140,140,140__F_Right_little_finger.BMP,5808e203e7a3d0bc51a0f24cf10ed0e05944231bb72dec916733b2e0256e8b46,train
data/datasets/B-/cluster_3_465.BMP,B-,SUBJECT_GROUP_0464,471,471__M_Right_index_finger.BMP,dfc145e2d0f07ee1761451120411853558c6580880606009c8f941ef4f29be84,train
data/datasets/B-/cluster_3_4655.BMP,B-,SUBJECT_GROUP_0452,459,459__M_Right_middle_finger.BMP,6751adf66a6e02f5b83a1573bb258cff8b80d333982fa6f6c4c8d251f13cf304,train
data/datasets/B-/cluster_3_4667.BMP,B-,SUBJECT_GROUP_0490,497,497__M_Right_index_finger.BMP,422123dac4a1783b4d89f67e46d4e17bc3ed9a929724b94bd78dc25473828891,train
data/datasets/B-/cluster_3_4670.BMP,B-,SUBJECT_GROUP_0177,177,177__F_Right_middle_finger.BMP,e21ec071d75cb9ad7fe2dfc626c9209bc64f4cef53fb25d630450ce7f1c05998,train
data/datasets/B-/cluster_3_4673.BMP,B-,SUBJECT_GROUP_0241,244,244__M_Right_thumb_finger.BMP,81c44a47add9b5dfb2b79eb542018c7ed467f5019d4167238a9f3ce4aebcb7bc,train
data/datasets/B-/cluster_3_4703.BMP,B-,SUBJECT_GROUP_0528,536,536__F_Right_thumb_finger.BMP,e9b5f06d97deb89bbb5f6255b6d4f5061517fac88019734ca0643b87fc2588c0,test
data/datasets/B-/cluster_3_4712.BMP,B-,SUBJECT_GROUP_0073,73,73__M_Right_middle_finger.BMP,5b3ec0ff31c8fedf0197621cccc31a6d46b5363919e0a662ede2294610181683,train
data/datasets/B-/cluster_3_4734.BMP,B-,SUBJECT_GROUP_0308,313,313__M_Right_thumb_finger.BMP,557f71afbf8bc307ee4f8a7f1afee0c3c3adf10dc1180ace4edc7510f1bc64bd,train
data/datasets/B-/cluster_3_4740.BMP,B-,SUBJECT_GROUP_0417,424,424__M_Right_middle_finger.BMP,02a93de379359ca1b4b2e196f343136c4a503607558950b46d0c65ea9702ae49,validation
data/datasets/B-/cluster_3_4741.BMP,B-,SUBJECT_GROUP_0419,426,426__M_Right_thumb_finger.BMP,ef7a750712b4fd8f52cff6c5de3269c9a07f3e74faa822489294d076357e5ed1,test
data/datasets/B-/cluster_3_475.BMP,B-,SUBJECT_GROUP_0114,114,114__F_Right_thumb_finger.BMP,bc3009e6e973ae855a835ce846f5548d1dde6c66b8d9f3e0f644f7c8b90ab905,test
data/datasets/B-/cluster_3_4751.BMP,B-,SUBJECT_GROUP_0021,21,21__M_Right_thumb_finger.BMP,a782caf88bb9320b452fb0c585cba7de19753f6ad3d6d95d7f6cc5e208b989a7,test
data/datasets/B-/cluster_3_4754.BMP,B-,SUBJECT_GROUP_0369,374,374__M_Right_thumb_finger.BMP,42a5a189433ce8618c3dba7392213d18ff2d5aabb17b94e96a4b32881901c8a9,train
data/datasets/B-/cluster_3_476.BMP,B-,SUBJECT_GROUP_0217,220,220__F_Right_thumb_finger.BMP,9974cabad0aaf0356ec3b23a8457eb11666b53153ef3eeecfed3e342ce00aebe,validation
data/datasets/B-/cluster_3_4763.BMP,B-,SUBJECT_GROUP_0573,584,584__M_Right_middle_finger.BMP,fb4910db4fc96bcbaa5e32dd0e0262616c9eb7a540967a8fbdfab98f22a6d3fa,train
data/datasets/B-/cluster_3_4767.BMP,B-,SUBJECT_GROUP_0453,460,460__M_Right_middle_finger.BMP,56d30913869a1c126aec49d5d8344684a2ca5bb628a298a14711a063cfd590ce,test
data/datasets/B-/cluster_3_4770.BMP,B-,SUBJECT_GROUP_0510,518,518__M_Right_little_finger.BMP,c770673b8c85b9df00ed4533390d135466cce669ef66b0bdabbdf6df047af9f2,train
data/datasets/B-/cluster_3_4773.BMP,B-,SUBJECT_GROUP_0162,162,162__M_Right_thumb_finger.BMP,4d5fc8010eaf5bd8d77fff06d0655d1a938938d0397d97021229efeb586d955f,train
data/datasets/B-/cluster_3_4774.BMP,B-,SUBJECT_GROUP_0167,167,167__M_Right_index_finger.BMP,e579d1a0ef17df46821bdec629cf5a1b9f32f416031ed5ac8a700269f3f41483,train
data/datasets/B-/cluster_3_479.BMP,B-,SUBJECT_GROUP_0164,164,164__M_Right_thumb_finger.BMP,52a7d95646f795523bbafb46e1203737c33235769c2113ab3010b9cd1b809c62,train
data/datasets/B-/cluster_3_4798.BMP,B-,SUBJECT_GROUP_0283,288,288__M_Right_thumb_finger.BMP,b38d6cd8d1f79c77ae2a352fc7d3a180c8b679a142ff2c4bfec734c117e25c52,train
data/datasets/B-/cluster_3_4799.BMP,B-,SUBJECT_GROUP_0431,438,438__M_Right_thumb_finger.BMP,4c3e96db920286740b765a471ad17791c2cd35e5ebcb8b27ca465995b316957e,train
data/datasets/B-/cluster_3_4814.BMP,B-,SUBJECT_GROUP_0389,395,395__M_Right_thumb_finger.BMP,f1216c5c599b96a9a600f61ee132ec5f3ce1cc8fef39bc2ebabc625a39265ca7,train
data/datasets/B-/cluster_3_4824.BMP,B-,SUBJECT_GROUP_0071,71,71__M_Right_thumb_finger.BMP,3433e486c7e83eccab76264f71aa1fb335b1e52db7e26c216e2ef55a8dd2ee11,train
data/datasets/B-/cluster_3_4830.BMP,B-,SUBJECT_GROUP_0553,563,563__M_Right_thumb_finger.BMP,b19c346d4232d2cad3ccbaa430efe2635d145dc2b48ae9919e05cb9cd0705923,train
data/datasets/B-/cluster_3_4849.BMP,B-,SUBJECT_GROUP_0329,334,334__F_Right_thumb_finger.BMP,bd8644b0b2e8908734f7af5e0ee762feaf2d02af7b1f266d14a7783e71279a52,train
data/datasets/B-/cluster_3_4857.BMP,B-,SUBJECT_GROUP_0125,125,125__M_Right_index_finger.BMP,f88cb540d0f6174d3fb144c5ff4cfbb64491e1e79d2b91c26f020f7a0e17e639,test
data/datasets/B-/cluster_3_4868.BMP,B-,SUBJECT_GROUP_0104,104,104__M_Right_middle_finger.BMP,56834de0abd2794956b74759bf312c809c671a7451b449b591625099f5aa43cb,validation
data/datasets/B-/cluster_3_4869.BMP,B-,SUBJECT_GROUP_0274,279,279__M_Right_index_finger.BMP,59f790390ad3dc1a52abd6d284a6424b111c17556f6a5be60ad5af5b84c24c9c,train
data/datasets/B-/cluster_3_4872.BMP,B-,SUBJECT_GROUP_0436,443,443__M_Right_ring_finger.BMP,8f7d5b64135515e2aa4c2e7a476115cee8d8f813e946f156d356ceaaed761b6e,validation
data/datasets/B-/cluster_3_4877.BMP,B-,SUBJECT_GROUP_0066,66,66__F_Right_index_finger.BMP,e0de37d198a4f9a205788dd185f377f087f8b22c62f2d611ea77e9c54fcc5ac5,train
data/datasets/B-/cluster_3_488.BMP,B-,SUBJECT_GROUP_0486,493,493__M_Right_middle_finger.BMP,218d2814a54dfbffc2a5f2696194c0c1e1991ce26707b6bd4143b465530f507d,train
data/datasets/B-/cluster_3_4885.BMP,B-,SUBJECT_GROUP_0041,41,41__M_Right_index_finger.BMP,81b22b7d5090efbe81f3e9111b1fabdf284b1cb158796fc9a5b0429dc2c98e00,train
data/datasets/B-/cluster_3_4891.BMP,B-,SUBJECT_GROUP_0166,166,166__M_Right_thumb_finger.BMP,39929bd1adedc4c133f1b3be4f6c8513f314464962a05b8412dda62a4b0ab877,train
data/datasets/B-/cluster_3_4898.BMP,B-,SUBJECT_GROUP_0406,412,412__M_Right_middle_finger.BMP,384ad4f1f4fe0a65e89634f190bd7b6367dfb610d28587de19b26113da794035,train
data/datasets/B-/cluster_3_4912.BMP,B-,SUBJECT_GROUP_0061,61,61__M_Right_middle_finger.BMP,ef69749b5551e5939172c51fcdfcca11dda18f031c9026992470776d62fba137,train
data/datasets/B-/cluster_3_4916.BMP,B-,SUBJECT_GROUP_0417,424,424__M_Right_thumb_finger.BMP,e189e5ec78f293602c280d7873aebe47e969a16468b5992ef0da923153345538,validation
data/datasets/B-/cluster_3_4926.BMP,B-,SUBJECT_GROUP_0215,217,217__M_Right_middle_finger.BMP,e7ab4083c46b93898ef192436d8fa75af8cdece75132c3f7261f2b7bd9518f89,test
data/datasets/B-/cluster_3_4933.BMP,B-,SUBJECT_GROUP_0350,355,355__M_Right_thumb_finger.BMP,65cd73f966ed8e6d1c5792d47522550a3868c96c6e15fae326c84eff75da5224,train
data/datasets/B-/cluster_3_4938.BMP,B-,SUBJECT_GROUP_0224,227,227__M_Right_middle_finger.BMP,2f647be611e251d03ed437c59e637b2dc6b89ff8927478dbd40623b03b772103,train
data/datasets/B-/cluster_3_4948.BMP,B-,SUBJECT_GROUP_0156,156,156__F_Right_middle_finger.BMP,5d1d896c823f4c132910b1812140aff3f7cf1bfb9387ad57ad8411b48dfa6e47,train
data/datasets/B-/cluster_3_4953.BMP,B-,SUBJECT_GROUP_0480,487,487__M_Right_thumb_finger.BMP,713905ebad4d92ae5120289b86cbc9928dd806d8082b9e11c95c8e1344351495,train
data/datasets/B-/cluster_3_4955.BMP,B-,SUBJECT_GROUP_0574,586,586__M_Right_index_finger.BMP,b0e1e12f20e3499cb780b8a3570c5706915f51c9ddf29b5f8f4bbf946212f018,test
data/datasets/B-/cluster_3_496.BMP,B-,SUBJECT_GROUP_0145,145,145__M_Right_thumb_finger.BMP,397972332e0f2c3048bf42b5e5f291fa7c6ac453aa0f2cbfda805410f294bd38,train
data/datasets/B-/cluster_3_4966.BMP,B-,SUBJECT_GROUP_0053,53,53__M_Right_thumb_finger.BMP,b98be4293a99c4afc3a91de1b1b8fddbe89dc0a2618b788995af3edfdb2af259,train
data/datasets/B-/cluster_3_4968.BMP,B-,SUBJECT_GROUP_0296,301,301__F_Right_thumb_finger.BMP,7b093dbd2e223549afb6803135939897ae363d7110790beb44bef76fb68ba73c,train
data/datasets/B-/cluster_3_4971.BMP,B-,SUBJECT_GROUP_0524,532,532__M_Right_index_finger.BMP,1d9db7309c5ee88712f7836dda3bf9ece23cdcc061acf09bee8011c9d106097d,test
data/datasets/B-/cluster_3_4994.BMP,B-,SUBJECT_GROUP_0116,116,116__M_Right_index_finger.BMP,e95f4f8b4f2b9eeef6911fc0aee4a1d3a61e7983300e5186ccf4ed18889809db,test
data/datasets/B-/cluster_3_50.BMP,B-,SUBJECT_GROUP_0146,146,146__M_Right_ring_finger.BMP,ffad5ddb52edecec374a4965918225e398617827333b9508bd114843999d18e6,test
data/datasets/B-/cluster_3_5010.BMP,B-,SUBJECT_GROUP_0533,541,541__M_Right_thumb_finger.BMP,f78562f6284482232bddd7e7312e4f964fd3e6332eb5ca54792bca300fae51ec,validation
data/datasets/B-/cluster_3_5013.BMP,B-,SUBJECT_GROUP_0453,460,460__M_Right_thumb_finger.BMP,2950bf50aa4526d0715f0fc45fe657286a0c628f4f9b3cacc3c4023f640dc75a,test
data/datasets/B-/cluster_3_5018.BMP,B-,SUBJECT_GROUP_0212,214,214__M_Right_ring_finger.BMP,16341f4668492b990edff47826e951001704cfae819188cba9420ebb2f8b7a37,train
data/datasets/B-/cluster_3_5035.BMP,B-,SUBJECT_GROUP_0001,1,1__M_Right_index_finger.BMP,6d712d5f07a7ed084a815043be371143c82c1fda77d31450d90401ef6cd0fe39,train
data/datasets/B-/cluster_3_5050.BMP,B-,SUBJECT_GROUP_0257,262,262__M_Right_thumb_finger.BMP,9c4633a9d10ba5f8905f8b5ace9012bdb83d49da71708b76daa0a6c6b3e66764,train
data/datasets/B-/cluster_3_5053.BMP,B-,SUBJECT_GROUP_0149,149,149__F_Right_thumb_finger.BMP,a75c222dfddaecd930f213b806d84b943eb38893ac7db17c1ad32314d69421c4,train
data/datasets/B-/cluster_3_5054.BMP,B-,SUBJECT_GROUP_0410,416,416__M_Right_middle_finger.BMP,34c80291778630937bbf1076b1f9ef5a5abe05203b50f7cf4fdbbf5783b6f459,train
data/datasets/B-/cluster_3_5066.BMP,B-,SUBJECT_GROUP_0576,588,588__M_Left_little_finger.BMP,7b3ee15929af19d7ddc80f0461eaf3565178eb2d5e2c1efaf19b8c4c73b47685,train
data/datasets/B-/cluster_3_5077.BMP,B-,SUBJECT_GROUP_0441,448,448__M_Right_thumb_finger.BMP,02c2089da49d85f65cb70558b384e0eed239e3a5b273b7fb652df098f507fa32,train
data/datasets/B-/cluster_3_5100.BMP,B-,SUBJECT_GROUP_0426,433,433__M_Right_thumb_finger.BMP,4a5b57fa0186b1cf349c9bb028a6c987ff345d0baa7e52dc4875258c89a345bc,validation
data/datasets/B-/cluster_3_5101.BMP,B-,SUBJECT_GROUP_0115,115,115__F_Right_thumb_finger.BMP,c6446c405687bd30f31ca9f1eb15dfd8f410e7b952b18c06ac2ee7857d2c8ec0,train
data/datasets/B-/cluster_3_5114.BMP,B-,SUBJECT_GROUP_0396,402,402__M_Right_thumb_finger.BMP,2f1e7d8a026bf2fbf5b6c720cbd768fac88af1f2786116edf87833f4228e2efd,train
data/datasets/B-/cluster_3_5116.BMP,B-,SUBJECT_GROUP_0260,265,265__M_Right_thumb_finger.BMP,6bec2d0cae4b3526054e83f94404d49bb31f4a05d2fbff1fafa86f0d9663ed39,test
data/datasets/B-/cluster_3_5129.BMP,B-,SUBJECT_GROUP_0077,77,77__M_Left_ring_finger.BMP,3ea9b04e4d23573a917ab906724f63a7c61374e53f4d75c435f9dfd0b822df01,validation
data/datasets/B-/cluster_3_5130.BMP,B-,SUBJECT_GROUP_0523,531,531__M_Right_middle_finger.BMP,af612a18a27aa54472fa872cfc649e4c6e9976908e663bba4fa39731a344cb50,validation
data/datasets/B-/cluster_3_5135.BMP,B-,SUBJECT_GROUP_0533,541,541__M_Right_middle_finger.BMP,4877c2e689cbc9fd5b243c36ca079230da893e0b80951268661d11a255f72904,validation
data/datasets/B-/cluster_3_514.BMP,B-,SUBJECT_GROUP_0224,227,227__M_Right_thumb_finger.BMP,05fe90a2c6cd3bfe902229eab129e9f03bdef4b71610c0d297fbebc01111b04b,train
data/datasets/B-/cluster_3_5142.BMP,B-,SUBJECT_GROUP_0517,525,525__M_Right_thumb_finger.BMP,2374a9eb14155f23ace3ae280f0b6b0623a9685fd0a97f224f510c975b940679,train
data/datasets/B-/cluster_3_5144.BMP,B-,SUBJECT_GROUP_0192,192,192__M_Right_index_finger.BMP,2b96a434ff02a9d6935974ffaea9e4483b13dd179a15b3247dfd1e33fd3a2e30,validation
data/datasets/B-/cluster_3_5146.BMP,B-,SUBJECT_GROUP_0104,104,104__M_Right_thumb_finger.BMP,de1ef91a8e2e354b476d6337e50b015b48d93465dd1478e6ad9cf6b973554614,validation
data/datasets/B-/cluster_3_5148.BMP,B-,SUBJECT_GROUP_0444,451,451__M_Right_thumb_finger.BMP,d2c57b0e50f59b8f94aaadadf004efc29cf6b28840bdf73465fa764d096a4b13,train
data/datasets/B-/cluster_3_5149.BMP,B-,SUBJECT_GROUP_0547,557,557__M_Right_thumb_finger.BMP,d498a60eb4553faae141cdbb529df6fee470923e535525999ed009ecb9f33a67,test
data/datasets/B-/cluster_3_5155.BMP,B-,SUBJECT_GROUP_0060,60,60__M_Right_thumb_finger.BMP,73b04c07a992c751f273517edd990f3be6d547412bf42e5e05703625970e10a8,train
data/datasets/B-/cluster_3_5161.BMP,B-,SUBJECT_GROUP_0279,284,284__M_Left_thumb_finger.BMP,e964a2bfac03dc3739275b2b22f57f7813e84eaf7db1461b31b452037028ac4c,train
data/datasets/B-/cluster_3_5163.BMP,B-,SUBJECT_GROUP_0133,133,133__M_Right_thumb_finger.BMP,264e7b7f236c5a5d44caeeb67234add473255ff6dc4d76714e76c17c0d01e8ee,train
data/datasets/B-/cluster_3_5164.BMP,B-,SUBJECT_GROUP_0464,471,471__M_Right_thumb_finger.BMP,53082e591412276986803f9ad47ab574700e087dc7af4507e1afc914e6672b4c,train
data/datasets/B-/cluster_3_5165.BMP,B-,SUBJECT_GROUP_0212,214,214__M_Right_index_finger.BMP,2257cbdaa2591b87a129db78a34bc3469886a1d65537d405656b2d2fae7f7896,train
data/datasets/B-/cluster_3_517.BMP,B-,SUBJECT_GROUP_0148,148,148__M_Left_thumb_finger.BMP,76c327d8d479799d8f919c936db92a485601a0df6e7d6ed19f0e984e2ca232bb,train
data/datasets/B-/cluster_3_5194.BMP,B-,SUBJECT_GROUP_0516,524,524__M_Right_ring_finger.BMP,713185a6aa80c50c1a2b877cf8e205db49ba308d14ba66f0ab73229bd40f0924,test
data/datasets/B-/cluster_3_52.BMP,B-,SUBJECT_GROUP_0579,592,592__M_Right_thumb_finger.BMP,baab589b03d686c87b5df7648cdad551b72ebe8e4485ecebd9e600dbcf9ce201,train
data/datasets/B-/cluster_3_5202.BMP,B-,SUBJECT_GROUP_0582,595,595__M_Left_ring_finger.BMP,0072efbbc370549c98e789282e53667329fcde39403c3337a2d274a89ffa7a59,validation
data/datasets/B-/cluster_3_5208.BMP,B-,SUBJECT_GROUP_0068,68,68__M_Left_middle_finger.BMP,e59636c96928dfbb25ddf99003890b1fb6941e74d9eab558410efdd42afe7833,test
data/datasets/B-/cluster_3_5210.BMP,B-,SUBJECT_GROUP_0324,329,329__M_Right_index_finger.BMP,e6b943a12b72a14f3e51812cb1a264401db05de208998f540a8025a3ca019323,train
data/datasets/B-/cluster_3_5211.BMP,B-,SUBJECT_GROUP_0292,590,590__M_Right_thumb_finger.BMP,2a852c65f634e87abdfb994c7869ea3ce56d4be429217ebef81b7692072067fd,test
data/datasets/B-/cluster_3_5217.BMP,B-,SUBJECT_GROUP_0587,600,600__M_Right_index_finger.BMP,3009fc7cd1f6a919f7c2d6cd4c85740b4af616733bd040da1f73bbe5236cbbcd,train
data/datasets/B-/cluster_3_523.BMP,B-,SUBJECT_GROUP_0251,255,255__M_Right_thumb_finger.BMP,e5049fa5af37e0b68fc4bc494c86be345bdd9f0e6913ee9c0b67fd5059cb5c11,train
data/datasets/B-/cluster_3_5232.BMP,B-,SUBJECT_GROUP_0306,311,311__M_Right_index_finger.BMP,8b559f8bbc0aeba72c55f1e9c6b4048adedc5aa8d6fc8c9c52966d32e12caafe,validation
data/datasets/B-/cluster_3_5233.BMP,B-,SUBJECT_GROUP_0549,559,559__M_Right_thumb_finger.BMP,171788b051d2a1e546a8a3f2bc66d5565ebee45b869d5757d609ee71981cc5a7,train
data/datasets/B-/cluster_3_5239.BMP,B-,SUBJECT_GROUP_0322,327,327__M_Right_thumb_finger.BMP,6a162e38a9c3f98be9d6d2187ecb6ac3f39e6de9a92bd8d4799ab609d2b132bb,train
data/datasets/B-/cluster_3_5247.BMP,B-,SUBJECT_GROUP_0519,527,527__M_Right_thumb_finger.BMP,83151a16309027f90639c3380cddecf49d583873ec23461cc36cbcbf0a7dcc9f,train
data/datasets/B-/cluster_3_525.BMP,B-,SUBJECT_GROUP_0035,35,35__M_Right_ring_finger.BMP,28d1463bbe51dd4e884d64af34475f9d3e8d8265613a044d1d08dc1f549ca8eb,validation
data/datasets/B-/cluster_3_5258.BMP,B-,SUBJECT_GROUP_0404,410,410__M_Right_middle_finger.BMP,62344edcef7f5a3f3dd7165970a4931de7976c3d614a1caea2ec7d7eb7accd00,train
data/datasets/B-/cluster_3_5272.BMP,B-,SUBJECT_GROUP_0010,10,10__M_Right_thumb_finger.BMP,a75f4bf9f0e9d5a59e0e7f4d3f206804b385192e098a10aac81a18bc4ab4e547,train
data/datasets/B-/cluster_3_5282.BMP,B-,SUBJECT_GROUP_0504,512,512__M_Right_thumb_finger.BMP,b93c160307907ee5a83feb383cf06178b77ea7a141b615d13af6e674b36cf69a,train
data/datasets/B-/cluster_3_5285.BMP,B-,SUBJECT_GROUP_0337,342,342__M_Right_index_finger.BMP,97fecfd0641f434845d265ccbec9dbfaaba23766e676640e554e692899b81d74,validation
data/datasets/B-/cluster_3_5289.BMP,B-,SUBJECT_GROUP_0247,251,251__M_Right_index_finger.BMP,d5187ce87a85ec550d8b19abb7d470e8f0bc78813a8e99c9ee63476d72eef0a9,validation
data/datasets/B-/cluster_3_5308.BMP,B-,SUBJECT_GROUP_0306,311,311__M_Right_middle_finger.BMP,ad417f2338cb0f17b959655a04d4dc1b909214673a269adfd1f4af170733b3af,validation
data/datasets/B-/cluster_3_531.BMP,B-,SUBJECT_GROUP_0215,217,217__M_Right_thumb_finger.BMP,962e2bf22e08e1f2e4e9f27f6daa386d6c81166e78cc8e170cd63b8dd860643e,test
data/datasets/B-/cluster_3_5314.BMP,B-,SUBJECT_GROUP_0066,66,66__F_Left_middle_finger.BMP,64cdb03b522e7295fc77eb0bfcb527aa085919cc832e5429a61b004024039804,train
data/datasets/B-/cluster_3_533.BMP,B-,SUBJECT_GROUP_0097,97,97__M_Right_index_finger.BMP,755f63a213b657d843619bc5418bb2a384bb83cf86e657f11c6b1cfb5f9fd2ba,train
data/datasets/B-/cluster_3_5336.BMP,B-,SUBJECT_GROUP_0321,326,326__M_Right_thumb_finger.BMP,1e16c1bd3e16a711fab40b8e872c8fbda6e912bef5471776285975cb934da699,train
data/datasets/B-/cluster_3_5340.BMP,B-,SUBJECT_GROUP_0435,442,442__F_Right_thumb_finger.BMP,bbfa0cae1536062da3eac2793378ce6fed0658a2173340004312c7ac8a32a8ba,validation
data/datasets/B-/cluster_3_5341.BMP,B-,SUBJECT_GROUP_0432,439,439__M_Right_thumb_finger.BMP,85985a2224ed5a1766e9b0a5cde1357e65c791f0e816bd35df92c9777f43a272,train
data/datasets/B-/cluster_3_5342.BMP,B-,SUBJECT_GROUP_0009,9,9__M_Right_thumb_finger.BMP,cc4b75f30b4cf9ef7b660a616e1ee9853ae61bd58186dcf7c877f00e20da98d0,train
data/datasets/B-/cluster_3_5367.BMP,B-,SUBJECT_GROUP_0064,64,64__M_Right_thumb_finger.BMP,a889be5741ab13154ca3147daf8685602f38b626cac6ef18fdb11333296323f9,validation
data/datasets/B-/cluster_3_5370.BMP,B-,SUBJECT_GROUP_0233,236,236__M_Right_index_finger.BMP,b31d7a09d5499c832bad276b8169721bc8dff08d6010231c29c53bee185fa24c,train
data/datasets/B-/cluster_3_5384.BMP,B-,SUBJECT_GROUP_0007,7,7__M_Right_thumb_finger.BMP,194958f56cadda968b6238550e7284bcd95ea270e3f171aa86bbdb137f234859,test
data/datasets/B-/cluster_3_5386.BMP,B-,SUBJECT_GROUP_0564,574,574__F_Right_thumb_finger.BMP,ca4060ddedc6335570f0931d7f3538869790011c7186008053b5f7eb31242015,train
data/datasets/B-/cluster_3_5406.BMP,B-,SUBJECT_GROUP_0017,17,17__M_Right_middle_finger.BMP,f6f6ff48a2f38b962a8a1f612be140adfc69af457f3a95636ef3167a1164d22b,test
data/datasets/B-/cluster_3_5414.BMP,B-,SUBJECT_GROUP_0067,67,67__F_Right_middle_finger.BMP,0865436e198198f09fb0da0bbeb605c884465384ce78a4faf398318ef10a3b8f,train
data/datasets/B-/cluster_3_5416.BMP,B-,SUBJECT_GROUP_0574,586,586__M_Right_thumb_finger.BMP,a193b8f58959ed4c8b3cb13a88918e4d1540e34a743b9b1895a559d40c0e2f28,test
data/datasets/B-/cluster_3_5421.BMP,B-,SUBJECT_GROUP_0153,153,153__M_Right_thumb_finger.BMP,e1d16c098d279b86ac4ca1821a7a89e0a12ec53b1e75418c99753d228cfb334b,test
data/datasets/B-/cluster_3_5424.BMP,B-,SUBJECT_GROUP_0342,347,347__M_Right_thumb_finger.BMP,5009dc85d7e9dc3444800c9d297264957de4baa153ff2fc36b12cb2e23cc350b,train
data/datasets/B-/cluster_3_5431.BMP,B-,SUBJECT_GROUP_0151,151,151__M_Right_little_finger.BMP,4ff16ca90fffdf4efe96b02d6ec7954a86bf3ad08ac42ba0312265578739129c,validation
data/datasets/B-/cluster_3_5435.BMP,B-,SUBJECT_GROUP_0467,474,474__M_Right_thumb_finger.BMP,af8ad7495a94f56c5a743f2153f27c39bedbbe6c6c87ee10d2f009e9c717b1f9,train
data/datasets/B-/cluster_3_5450.BMP,B-,SUBJECT_GROUP_0375,381,381__M_Right_index_finger.BMP,519d365a33b2d8a10dc7f4ee4696ca1fa048325f98d8112685538ef291bf70e2,train
data/datasets/B-/cluster_3_5453.BMP,B-,SUBJECT_GROUP_0012,12,12__M_Right_thumb_finger.BMP,7ee1f43f541cdc1c75c019082a1080df7c3059fac4e0da66b1373be06589a0e6,train
data/datasets/B-/cluster_3_5468.BMP,B-,SUBJECT_GROUP_0151,151,151__M_Right_thumb_finger.BMP,13a31122cbaa9d389f9cea7ba446e325636cfbc1b14e7092f5a0b38724bbb7fa,validation
data/datasets/B-/cluster_3_5473.BMP,B-,SUBJECT_GROUP_0285,290,290__M_Right_index_finger.BMP,df6f224e897d7f62c41c8ff843733426e252366c5478943301bbd77c0dad947c,train
data/datasets/B-/cluster_3_5479.BMP,B-,SUBJECT_GROUP_0511,519,519__M_Right_thumb_finger.BMP,7f74a7b395a3a10a4b14a3112a101a2edb8d99a6d2ed74470ca96e03fa2155d2,train
data/datasets/B-/cluster_3_5498.BMP,B-,SUBJECT_GROUP_0422,429,429__M_Right_thumb_finger.BMP,45b736fe7e858ae56608fdf8e09e86a5e6a9486571710439e63f78d509028cc1,train
data/datasets/B-/cluster_3_5515.BMP,B-,SUBJECT_GROUP_0366,371,371__M_Right_thumb_finger.BMP,ef9e7383e33f3fabb4e1ba6c3abdca38c99f2c8bb73827927d481746995ecd81,train
data/datasets/B-/cluster_3_5518.BMP,B-,SUBJECT_GROUP_0079,79,79__M_Right_thumb_finger.BMP,a31391ef6b326797c26c933618cca6f2fb93332006e5d1816f341ff37311575e,train
data/datasets/B-/cluster_3_5527.BMP,B-,SUBJECT_GROUP_0183,183,183__M_Right_thumb_finger.BMP,4a4726e3af9b1b158ce94dbbf82449e9042c425e09ba498bf5e4b31a78fa8fd5,train
data/datasets/B-/cluster_3_5538.BMP,B-,SUBJECT_GROUP_0369,374,374__M_Right_middle_finger.BMP,b46024205c0a3752f463f900c8eb37b65ceb55655e2abba1c587455c869d77db,train
data/datasets/B-/cluster_3_5541.BMP,B-,SUBJECT_GROUP_0436,443,443__M_Right_thumb_finger.BMP,7f77dca06203e22088224502fafa23b7797308b0d3086a86541e769b2ca9bb48,validation
data/datasets/B-/cluster_3_5553.BMP,B-,SUBJECT_GROUP_0318,323,323__M_Left_ring_finger.BMP,e208c4f2e27489964abb762729347af053ebead5f629bfa9b0d7fabb8b13078c,train
data/datasets/B-/cluster_3_5554.BMP,B-,SUBJECT_GROUP_0168,168,168__M_Right_middle_finger.BMP,21e2fba44893273895a068be029efc42339a8f8298e614ba0a70e00a21f0b296,train
data/datasets/B-/cluster_3_5571.BMP,B-,SUBJECT_GROUP_0285,290,290__M_Right_thumb_finger.BMP,386c2260c501c2023e9a33119ddc098cc5f714059395b1fc9e1281dc330f4565,train
data/datasets/B-/cluster_3_5576.BMP,B-,SUBJECT_GROUP_0422,429,429__M_Left_middle_finger.BMP,097f713c8ec9ab55bf2cd67d16284ddd0b60a26eef8acbbaf3b47b5a148485a6,train
data/datasets/B-/cluster_3_5578.BMP,B-,SUBJECT_GROUP_0309,314,314__M_Right_thumb_finger.BMP,a0d122104d8a547f2f38a9cf6ca54f5700d7828cab34a5418df98b75f93ed5b3,validation
data/datasets/B-/cluster_3_5592.BMP,B-,SUBJECT_GROUP_0460,467,467__M_Right_index_finger.BMP,ee7714f738c620212af978711ee2da4e845e6705e9b3fbdf5bb01c63b2e4e219,train
data/datasets/B-/cluster_3_5612.BMP,B-,SUBJECT_GROUP_0233,236,236__M_Right_thumb_finger.BMP,13b9cbaf4b51c5e0aa339e30a77f9869e4c827e0791734cf894304ddb9412e00,train
data/datasets/B-/cluster_3_5619.BMP,B-,SUBJECT_GROUP_0111,111,111__M_Left_ring_finger.BMP,412d104b32b1745ed777a662e23f8ee459b28a7ab28a3404b2fec92c5700118a,train
data/datasets/B-/cluster_3_5623.BMP,B-,SUBJECT_GROUP_0574,586,586__M_Right_little_finger.BMP,a31deeed4e28b3ece192e58a6ce7e5da9d0608e271dfaa7a06304b7b9fe4a0b7,test
data/datasets/B-/cluster_3_5626.BMP,B-,SUBJECT_GROUP_0064,219,219__M_Right_thumb_finger.BMP,7133b2ee4060e75adb1e1c45827633d8fb7197cb2c26dd2d9a3cf11fc7153e2f,validation
data/datasets/B-/cluster_3_5629.BMP,B-,SUBJECT_GROUP_0046,46,46__M_Right_thumb_finger.BMP,09c397af38a14f3d9146fe456bffe5c799a4540dd79438c6336af603cd042f5c,train
data/datasets/B-/cluster_3_5638.BMP,B-,SUBJECT_GROUP_0107,107,107__M_Right_thumb_finger.BMP,a23b74ad747274480f0302c8c067b4a99d9da15ebef270319c5355d7713a7540,validation
data/datasets/B-/cluster_3_5644.BMP,B-,SUBJECT_GROUP_0231,234,234__M_Right_thumb_finger.BMP,1aa8d5878a54d92e85d83d222e169fb73f87f946a7b79a97c086400c39c96f2d,train
data/datasets/B-/cluster_3_5646.BMP,B-,SUBJECT_GROUP_0442,449,449__F_Right_thumb_finger.BMP,44208c1c997a9e48350fbd127d4563ccb4504e27822d8780f3fd33bc6c2eb938,train
data/datasets/B-/cluster_3_5649.BMP,B-,SUBJECT_GROUP_0290,295,295__M_Right_thumb_finger.BMP,44090a2c4bf382c1c0f4d6eb3a286b3b73cf22a285ae4e513992e9f1dea26ea4,train
data/datasets/B-/cluster_3_5650.BMP,B-,SUBJECT_GROUP_0191,191,191__F_Right_thumb_finger.BMP,24c1efff97cffcc213f630bf52cfaaed121bd511f1bc7554f9609c928635d0a4,train
data/datasets/B-/cluster_3_5661.BMP,B-,SUBJECT_GROUP_0368,373,373__M_Right_ring_finger.BMP,45985427f51b1942e880a04acfc59cbba2905d7b674428dec0cb95acb81e8d34,validation
data/datasets/B-/cluster_3_5671.BMP,B-,SUBJECT_GROUP_0351,356,356__M_Right_index_finger.BMP,8e929c82d5ca259dd983e5f740ddc56cabee2fe209b9c0d9901787fc119dc2a6,train
data/datasets/B-/cluster_3_5677.BMP,B-,SUBJECT_GROUP_0302,307,307__M_Right_middle_finger.BMP,0234d9cdccd5101d9053895b89ee3f7d8f6e8715cb9537b57c8840d3e20c6f6c,test
data/datasets/B-/cluster_3_5690.BMP,B-,SUBJECT_GROUP_0008,8,8__M_Right_middle_finger.BMP,36fbf8290780fcf6716a88a6a64cac488160b1900ae17ea4aede33431dc59193,train
data/datasets/B-/cluster_3_5706.BMP,B-,SUBJECT_GROUP_0409,415,415__M_Right_index_finger.BMP,b58e7e5757484eda833eef029a227aa9d9d749406d411d8b34b17fef0f96ef1b,train
data/datasets/B-/cluster_3_5717.BMP,B-,SUBJECT_GROUP_0546,556,556__F_Right_index_finger.BMP,dcf355a9a1a1d4215833844d38d8353d71b95f8411c6a4127008cdc9d8cb1ee3,train
data/datasets/B-/cluster_3_572.BMP,B-,SUBJECT_GROUP_0311,316,316__M_Right_index_finger.BMP,be63eefe3a6c52e8e7d26b859f22dc058a9687f486703d650b17a31244fed931,train
data/datasets/B-/cluster_3_5723.BMP,B-,SUBJECT_GROUP_0537,545,545__M_Right_thumb_finger.BMP,e8a71cb5f92bdb5f26866bea1580f18ed460a8b3d9a35ae7867f5aee7847ecb8,validation
data/datasets/B-/cluster_3_5728.BMP,B-,SUBJECT_GROUP_0391,397,397__M_Right_index_finger.BMP,94440cc1428fbd248904c51f260f913bcfcd28654ee677c66668b0557d85cac8,train
data/datasets/B-/cluster_3_5736.BMP,B-,SUBJECT_GROUP_0380,386,386__M_Right_thumb_finger.BMP,c56e632061c936a2ab3f094f71f9e6f86460c8470c412813a39cc7757fa33e9b,train
data/datasets/B-/cluster_3_5747.BMP,B-,SUBJECT_GROUP_0213,215,215__M_Right_thumb_finger.BMP,32f38dddecf3e11ea03808f4eb5d54f9af51a7a7f72f2d04e1e5fe4cd946295a,train
data/datasets/B-/cluster_3_5752.BMP,B-,SUBJECT_GROUP_0512,520,520__M_Right_middle_finger.BMP,20e1f261752f28b6a6d4ad0f02d8ca17bea10a30c24bb759014774af02fe882a,train
data/datasets/B-/cluster_3_5763.BMP,B-,SUBJECT_GROUP_0106,106,106__M_Right_index_finger.BMP,e2c49ee6694d620b8aaeb20f5452f0a24af725800efd7c9577b3ecccf63d175f,test
data/datasets/B-/cluster_3_5765.BMP,B-,SUBJECT_GROUP_0505,513,513__M_Right_thumb_finger.BMP,9534063bd5787c85c20bde528aa63761cc98f669cf91e46ab600c703b82c415d,train
data/datasets/B-/cluster_3_5767.BMP,B-,SUBJECT_GROUP_0361,366,366__M_Right_middle_finger.BMP,06836e1faa37757f7fff42f10fb89d77abed95d7d529f8094bc7db2179b34569,train
data/datasets/B-/cluster_3_5769.BMP,B-,SUBJECT_GROUP_0262,267,267__M_Right_thumb_finger.BMP,8eda35154a8278be24e122c4181f8e4944ffe6c23306460fa2ed73a033635174,test
data/datasets/B-/cluster_3_5775.BMP,B-,SUBJECT_GROUP_0352,357,357__M_Right_thumb_finger.BMP,f4cc41a28ac19d8dd626845245800927de517958bd2ef059c0157aec6cf2dce2,train
data/datasets/B-/cluster_3_5783.BMP,B-,SUBJECT_GROUP_0058,58,58__M_Left_little_finger.BMP,34ef8693a7418171531820026446b03ff4fc9fc4969a0da95035b613ce5c9cb1,validation
data/datasets/B-/cluster_3_58.BMP,B-,SUBJECT_GROUP_0553,563,563__M_Left_ring_finger.BMP,0cc6cddf26371d1fc9a12c733f2577b914e6ba14cc67607b576289611dcc5ffb,train
data/datasets/B-/cluster_3_5806.BMP,B-,SUBJECT_GROUP_0548,558,558__M_Right_middle_finger.BMP,97d8830d51fcc0065ca35dfb49af6d460147339ab2ced1ddd5828fdc119e5944,train
data/datasets/B-/cluster_3_5810.BMP,B-,SUBJECT_GROUP_0546,556,556__F_Right_thumb_finger.BMP,d48d2b7396095e91182f1df8c0c65c2db3b53f86573d68237a5d19e749129f63,train
data/datasets/B-/cluster_3_5814.BMP,B-,SUBJECT_GROUP_0507,515,515__M_Right_middle_finger.BMP,6388c4154dbf26dd64c7b74697f64fbc192aa9023848470ed8bb75e61d293a1a,train
data/datasets/B-/cluster_3_5818.BMP,B-,SUBJECT_GROUP_0488,495,495__M_Right_thumb_finger.BMP,1e6e22dfbb00632a8845b15cceea833fcb2511099d612d4095994152e49c5a03,validation
data/datasets/B-/cluster_3_5822.BMP,B-,SUBJECT_GROUP_0569,580,580__M_Right_index_finger.BMP,8edca6c97ef343e44ac7e9baa6c208eb75a78be0e572dc659e8e93300a470223,test
data/datasets/B-/cluster_3_5824.BMP,B-,SUBJECT_GROUP_0356,361,361__M_Right_thumb_finger.BMP,392e0cd5cea74a4264505d53fd6937ace8fc23c99dd19e30444d1f6838f930f0,train
data/datasets/B-/cluster_3_585.BMP,B-,SUBJECT_GROUP_0074,74,74__F_Right_thumb_finger.BMP,20e026da3477ff0cd45b5f1e7206001c3b31b2b0d43c0babda88a72364ceb80c,test
data/datasets/B-/cluster_3_5852.BMP,B-,SUBJECT_GROUP_0367,372,372__M_Right_index_finger.BMP,8635d25e0c6aecf8f0e1e8f31be8d2052913ef2237fe8a7f9c78fdd9f7af3503,train
data/datasets/B-/cluster_3_5856.BMP,B-,SUBJECT_GROUP_0404,410,410__M_Right_thumb_finger.BMP,9b71af8970bef4aee2bcfd82ed0f5211f8c47c52ad6a4cd0ee72305167a17dcb,train
data/datasets/B-/cluster_3_586.BMP,B-,SUBJECT_GROUP_0168,168,168__M_Right_thumb_finger.BMP,e4572aa9c551f6aa883af245d902cb3033b0913b46421e4a94cc60046255bf7f,train
data/datasets/B-/cluster_3_5868.BMP,B-,SUBJECT_GROUP_0497,504,504__M_Right_index_finger.BMP,dc7e5cc925a7a84be79b9add5dc3f962dcacd666c372fc26cd3d21770c3be2f3,train
data/datasets/B-/cluster_3_587.BMP,B-,SUBJECT_GROUP_0162,162,162__M_Right_middle_finger.BMP,c91b91f4e21945b6ae7a0c30f36f744a1b2a0536c15244226858bcd833d72709,train
data/datasets/B-/cluster_3_5883.BMP,B-,SUBJECT_GROUP_0200,200,200__M_Right_thumb_finger.BMP,3d33ca6e895b165344be72039ae4e214159c5df7b0a180636bb04beaa4bf3586,train
data/datasets/B-/cluster_3_5894.BMP,B-,SUBJECT_GROUP_0156,156,156__F_Right_index_finger.BMP,4dbe15404c2ba54927d3e70595afc6b09d021e1c30458f4cedfbab1532703691,train
data/datasets/B-/cluster_3_5902.BMP,B-,SUBJECT_GROUP_0207,209,209__F_Right_index_finger.BMP,4f07e20c3465713b3561d96ab78e2857387ed0d8f95781ae81d1e89350e198d3,train
data/datasets/B-/cluster_3_5904.BMP,B-,SUBJECT_GROUP_0514,522,522__M_Left_thumb_finger.BMP,2a3f6e5df696595c3a27c001e569c8ec0faba58ca36fad08f7f180b8d944db0d,train
data/datasets/B-/cluster_3_5911.BMP,B-,SUBJECT_GROUP_0055,55,55__M_Right_middle_finger.BMP,52bbc8155269cbbf3b51aa3c2e28d1ce41bc427bd7b9471cb672b145bdb64fe8,train
data/datasets/B-/cluster_3_5915.BMP,B-,SUBJECT_GROUP_0424,431,431__M_Right_thumb_finger.BMP,7146b523da59dd8f142472ddb5f319384c74344c2db82b28bfdde73cf2c36779,validation
data/datasets/B-/cluster_3_592.BMP,B-,SUBJECT_GROUP_0155,155,155__M_Right_thumb_finger.BMP,6eee493294b10f1724cc7f01fc8713b8aa91b0ce311fdde27d4515658d2d41c4,train
data/datasets/B-/cluster_3_5923.BMP,B-,SUBJECT_GROUP_0561,571,571__F_Right_index_finger.BMP,25b5831c8487f1bc574f7b4258500624e20471203d057c8bc1c875825bc8f540,train
data/datasets/B-/cluster_3_593.BMP,B-,SUBJECT_GROUP_0227,230,230__M_Left_ring_finger.BMP,e62db8fa3777847aced0d57f1f466305af554d00100ecf6741e2fd501038d3d3,validation
data/datasets/B-/cluster_3_595.BMP,B-,SUBJECT_GROUP_0134,134,134__M_Right_thumb_finger.BMP,80e7721f245cc559aaf35a91975580bc8e04c6c3809996fe2e9c5a8581a765de,validation
data/datasets/B-/cluster_3_5968.BMP,B-,SUBJECT_GROUP_0256,261,261__M_Right_thumb_finger.BMP,295e7286f4f6c45a87276e040f7b881ac6348c7ec5e6761eead6749c2a407b5f,validation
data/datasets/B-/cluster_3_5970.BMP,B-,SUBJECT_GROUP_0401,407,407__M_Right_middle_finger.BMP,48bfe8bf18853fb55c69718a459b1c0e81bcf9817ca96f7468c1bb5e24d051ce,train
data/datasets/B-/cluster_3_5973.BMP,B-,SUBJECT_GROUP_0315,320,320__M_Right_ring_finger.BMP,b2397dfa9b94db74335fe13a15f5342d802c802ba582a39e5f2a27f00760445c,train
data/datasets/B-/cluster_3_5985.BMP,B-,SUBJECT_GROUP_0568,579,579__M_Right_thumb_finger.BMP,ae3dc7a0216d796cc6498809e61edf2b0adb04e4191cd0299be5b49441d67801,train
data/datasets/B-/cluster_3_60.BMP,B-,SUBJECT_GROUP_0302,307,307__M_Left_ring_finger.BMP,ea46024008ec35955fc73b72782dc3ef9fdafcc470b475c6ad3a2597118ce7eb,test
data/datasets/B-/cluster_3_61.BMP,B-,SUBJECT_GROUP_0120,120,120__M_Right_thumb_finger.BMP,db39d951ae9437a2bc601dec7dbd7b3b0f1d11d654965fc6c224a8c31a6528c7,train
data/datasets/B-/cluster_3_624.BMP,B-,SUBJECT_GROUP_0421,428,428__M_Right_index_finger.BMP,9ed8eb021ac3e440346949a95b7b7984a8c09e4c146ba111b70ad5608a2141b0,train
data/datasets/B-/cluster_3_641.BMP,B-,SUBJECT_GROUP_0197,197,197__M_Right_thumb_finger.BMP,cae884c6acb557043508c7d526bce34d8157684eb2997aea7a092824b66db7f4,train
data/datasets/B-/cluster_3_647.BMP,B-,SUBJECT_GROUP_0355,360,360__M_Right_thumb_finger.BMP,afe8ad73e7a93333a86a0324d5063d952fbfb38e67bfaee779b1190ae06cd28b,test
data/datasets/B-/cluster_3_651.BMP,B-,SUBJECT_GROUP_0342,347,347__M_Right_index_finger.BMP,7fe44bbab48da9788aa63d19bfa2b64190c2968277c576fa3172e5f0d75f0cbd,train
data/datasets/B-/cluster_3_667.BMP,B-,SUBJECT_GROUP_0559,569,569__M_Right_thumb_finger.BMP,a6475a969fd6f616a8734fdda67a01b987f91c5d9de36c2ef36372322913d055,train
data/datasets/B-/cluster_3_669.BMP,B-,SUBJECT_GROUP_0238,241,241__M_Right_thumb_finger.BMP,ba2a0bc057a4827b2f09732effacde3c5c79dece28fe78401ace4048077f0245,train
data/datasets/B-/cluster_3_672.BMP,B-,SUBJECT_GROUP_0239,242,242__M_Right_thumb_finger.BMP,4d79fba46dd5923d534dda96f3ceb225ffcc8285ab01b740ad98fa9609b344e0,test
data/datasets/B-/cluster_3_681.BMP,B-,SUBJECT_GROUP_0363,368,368__M_Right_index_finger.BMP,39e2118362e8de12e11b760844dcb00f9ce62090dd6421ac60a5338afc3add2b,train
data/datasets/B-/cluster_3_695.BMP,B-,SUBJECT_GROUP_0124,124,124__M_Right_thumb_finger.BMP,ba895b5b528c3a759624c2321559f8ef4b7032cac6eb6262d3354b8997026c33,train
data/datasets/B-/cluster_3_7.BMP,B-,SUBJECT_GROUP_0371,377,377__M_Right_thumb_finger.BMP,9c973d60b2e88ae09d214b6d5f7fb541d4e25300033e5c3a70a191fe019b05c5,test
data/datasets/B-/cluster_3_728.BMP,B-,SUBJECT_GROUP_0389,395,395__M_Right_middle_finger.BMP,59a8093aadf8d677363a9e128caad8e1d7a710bfa9795631ce7b2f18b39fcb13,train
data/datasets/B-/cluster_3_744.BMP,B-,SUBJECT_GROUP_0432,439,439__M_Right_index_finger.BMP,bb886ca48b56a66054b00e19cc357574ccdfe89e828ecd3da9f410e42fbacea4,train
data/datasets/B-/cluster_3_753.BMP,B-,SUBJECT_GROUP_0365,370,370__M_Right_thumb_finger.BMP,ab1380efa65cf05a56d2b0df9920f45fcd967b375b462d44da3b5930fc24e039,train
data/datasets/B-/cluster_3_761.BMP,B-,SUBJECT_GROUP_0518,526,526__F_Right_thumb_finger.BMP,5095216d39d9b17874ad4257d39feb7dadfc1e337f6e3e8ce6641367010b0722,train
data/datasets/B-/cluster_3_776.BMP,B-,SUBJECT_GROUP_0121,121,121__F_Right_thumb_finger.BMP,86d4bfac0e7a812c1d9d23a0b313c1d458a8691fad07379260475cbe48fdd3a9,train
data/datasets/B-/cluster_3_778.BMP,B-,SUBJECT_GROUP_0406,412,412__M_Right_thumb_finger.BMP,2412bcbb0a224c84b47e3efd247831ee1224b838c7a7f83f32908e69be0f34d0,train
data/datasets/B-/cluster_3_786.BMP,B-,SUBJECT_GROUP_0062,62,62__M_Right_thumb_finger.BMP,477e18bfd6b7edcebefd8c3b841e77c5dddc856fdd91e64553f76a3968208c3d,train
data/datasets/B-/cluster_3_800.BMP,B-,SUBJECT_GROUP_0566,576,576__M_Right_thumb_finger.BMP,6ab6f825cf856e8df894760664162160015a73952b7d775f25fa0ff4b8f827e4,train
data/datasets/B-/cluster_3_817.BMP,B-,SUBJECT_GROUP_0501,508,508__F_Left_middle_finger.BMP,7cebdee0e0a31d49c6068d3d4f6ce1fe58f818c11955e440ba241e9c5131fb74,train
data/datasets/B-/cluster_3_818.BMP,B-,SUBJECT_GROUP_0084,84,84__M_Left_little_finger.BMP,c25f6ba29f4759e6e5b4c1fde1da76f0877e2d33cb8abc9d818d775b12716b64,test
data/datasets/B-/cluster_3_825.BMP,B-,SUBJECT_GROUP_0139,139,139__M_Right_middle_finger.BMP,2337ef672eb40070acbcd9d407daeef0623a5e8f69f2f5c2c6c48f304f210d5c,train
data/datasets/B-/cluster_3_834.BMP,B-,SUBJECT_GROUP_0155,155,155__M_Left_ring_finger.BMP,a9b4ee1275c59965893bc5651870000ebd7ea2a15bd20341af47c7900ac17c1b,train
data/datasets/B-/cluster_3_846.BMP,B-,SUBJECT_GROUP_0552,562,562__F_Right_thumb_finger.BMP,84a00c7e5d684a4557f9c925502223274cdf758d44808f38eeff9900978454d1,train
data/datasets/B-/cluster_3_851.BMP,B-,SUBJECT_GROUP_0110,110,110__F_Right_thumb_finger.BMP,d804c32a31354691bc9660b8302feed0bcf082c250c33c712c97cc08d616d517,train
data/datasets/B-/cluster_3_864.BMP,B-,SUBJECT_GROUP_0216,218,218__M_Right_index_finger.BMP,d3eb6468bd0394e5bd36fa349abddc24cff7084998102c10979fc14c199e7cb1,train
data/datasets/B-/cluster_3_871.BMP,B-,SUBJECT_GROUP_0464,471,471__M_Left_ring_finger.BMP,1dcef0c8298c1f541ac9226697201285e0fa73e78fbf348dcd5fc3604c778cbd,train
data/datasets/B-/cluster_3_892.BMP,B-,SUBJECT_GROUP_0096,96,96__M_Right_middle_finger.BMP,8a4b066f64962f4f85d7ee6edc6ea73402f0cb45bf37f2271898abf82a16daab,test
data/datasets/B-/cluster_3_896.BMP,B-,SUBJECT_GROUP_0064,64,64__M_Right_index_finger.BMP,f6c5aaf21e8f52188ec24fc7a3091ebeca448c979c2d0b1ccbe62b89e4c7287b,validation
data/datasets/B-/cluster_3_904.BMP,B-,SUBJECT_GROUP_0270,275,275__F_Right_thumb_finger.BMP,ed4503113d4698eac9a3e7985eab98c6f83c43eef40262fe95dbbc1191eac1b5,validation
data/datasets/B-/cluster_3_906.BMP,B-,SUBJECT_GROUP_0129,129,129__M_Left_ring_finger.BMP,5bb665e6cdefe3fa2e31829ec3aba29ed630d45faea81c425e110fe14b0daabc,train
data/datasets/B-/cluster_3_909.BMP,B-,SUBJECT_GROUP_0160,160,160__M_Right_thumb_finger.BMP,bb17f74a4ce335b481e9b887de33f7a50950303e0ef1c641d9f6615cf61237b3,train
data/datasets/B-/cluster_3_914.BMP,B-,SUBJECT_GROUP_0151,151,151__M_Right_ring_finger.BMP,e28a012a2e9e7d39170deeef066a5a27b2595bbfcf78806cf7a1609ac396f233,validation
data/datasets/B-/cluster_3_949.BMP,B-,SUBJECT_GROUP_0157,157,157__M_Right_thumb_finger.BMP,c3aed489f1070a41a1ad1598b8d55a4530993de9faf2079ea5d24d2bad05cd14,train
data/datasets/B-/cluster_3_96.BMP,B-,SUBJECT_GROUP_0153,153,153__M_Right_index_finger.BMP,d16168a429df432e8b779a9ce5e9b536fa717a2136683e729e9ecdc4d1bc4aa1,test
data/datasets/B-/cluster_3_970.BMP,B-,SUBJECT_GROUP_0219,222,222__M_Right_thumb_finger.BMP,222db50a71ed32b8432b890a9dda742d37bb52bcaf4c87407dccce44f5e23913,train
data/datasets/B-/cluster_3_982.BMP,B-,SUBJECT_GROUP_0106,106,106__M_Right_middle_finger.BMP,1ff9861fe3c931432728652c8f0ef724c80b73a93b480220d043907d29510f0a,test
data/datasets/B-/cluster_3_989.BMP,B-,SUBJECT_GROUP_0304,309,309__M_Right_thumb_finger.BMP,d54cde0a018a90ad814257f2dd42d489b3c4e5e11c1fb2fd944b21e1b7526dfc,validation
data/datasets/B-/cluster_3_991.BMP,B-,SUBJECT_GROUP_0045,45,45__M_Right_thumb_finger.BMP,be3d08c7d307427d4a2f8b91cf9d998fd95f19f8f2163580babb4a786e1a9798,train
data/datasets/B-/cluster_3_993.BMP,B-,SUBJECT_GROUP_0349,354,354__M_Right_little_finger.BMP,c8d6fe5f93947d6ea22ca92839ea184ad45a48b2a54be2b603e4e1f14e98887f,train
data/datasets/B-/cluster_3_995.BMP,B-,SUBJECT_GROUP_0508,516,516__M_Right_thumb_finger.BMP,a339b2d1b38c756ad2c11f66f2f9fb4345acfee6f12d4e18d09127d2ecd85af8,train
data/datasets/O+/cluster_6_1004.BMP,O+,SUBJECT_GROUP_0194,194,194__M_Left_middle_finger.BMP,b1441a021d57d422b38e61edc1f5a2316901e7a1ef3e7923aa568b992c017d09,train
data/datasets/O+/cluster_6_1019.BMP,O+,SUBJECT_GROUP_0150,150,150__M_Left_middle_finger.BMP,67b5b5dcef031b390582fa8e244f5ba7e260f48cf1ec4e627208ff406b8cdc3f,train
data/datasets/O+/cluster_6_102.BMP,O+,SUBJECT_GROUP_0003,3,3__M_Left_little_finger.BMP,442d87483e850bb6b236159ef635654c1be4158981ac16599117ed40215432fc,validation
data/datasets/O+/cluster_6_1023.BMP,O+,SUBJECT_GROUP_0334,339,339__M_Left_middle_finger.BMP,2ce731e69ec6884f0a6c54646a4fac8af337ff5ab1802232fd60d4704be8e502,validation
data/datasets/O+/cluster_6_1033.BMP,O+,SUBJECT_GROUP_0569,580,580__M_Left_ring_finger.BMP,27124dbea0304a8d68f650c9b0143410a9222edfc5b42a2a04f148ba213c848c,test
data/datasets/O+/cluster_6_1039.BMP,O+,SUBJECT_GROUP_0520,528,528__F_Left_thumb_finger.BMP,73ea502e76dca74f1ceb463c2c23347334f5146525bb5c944d503639f80c2c76,train
data/datasets/O+/cluster_6_1057.BMP,O+,SUBJECT_GROUP_0241,244,244__M_Left_index_finger.BMP,28d6ddc1127fe6d3c8db5f5b13200c036a630de2d0818a52f7a06a6700eeb8fa,train
data/datasets/O+/cluster_6_106.BMP,O+,SUBJECT_GROUP_0221,224,224__M_Left_thumb_finger.BMP,67c0c5dc5a7c5c297bad708c3be68b97c912f5fd2e4c3e73b8bbb47508f34045,train
data/datasets/O+/cluster_6_1062.BMP,O+,SUBJECT_GROUP_0191,191,191__F_Right_ring_finger.BMP,acea04f5c6d5d54fdf3baff865c819e8ca7feca243a4a13bae0675e7ca20a1de,train
data/datasets/O+/cluster_6_1065.BMP,O+,SUBJECT_GROUP_0143,143,143__M_Left_ring_finger.BMP,d08bed20138cef0a468b5a670102bf3598e07e5262d446c141b558fc6e48c7a6,train
data/datasets/O+/cluster_6_1084.BMP,O+,SUBJECT_GROUP_0065,65,65__M_Left_index_finger.BMP,edc2b01a4112c70bb054f62a9f985ba019b977ab93a7cdf69cf1f02afeb5561f,train
data/datasets/O+/cluster_6_109.BMP,O+,SUBJECT_GROUP_0557,567,567__M_Left_little_finger.BMP,b2f49a39025ba8703d774976ef5b7311e27dab8e75083770a8595dc2f8525e32,test
data/datasets/O+/cluster_6_1094.BMP,O+,SUBJECT_GROUP_0341,346,346__M_Right_thumb_finger.BMP,46d63946febf0cb1d4e5a450c3c56f0526b4560caf2221311eb08dace7a107a5,train
data/datasets/O+/cluster_6_1105.BMP,O+,SUBJECT_GROUP_0176,176,176__M_Left_ring_finger.BMP,276850711574411a0332e750c8ccd044248d9e464e13ee2f896448206ef27552,test
data/datasets/O+/cluster_6_111.BMP,O+,SUBJECT_GROUP_0145,145,145__M_Left_little_finger.BMP,00e13a2886a9d2b8e0acb275327985282756837d93b4c2abd84f49f9fa1d3d7d,train
data/datasets/O+/cluster_6_1114.BMP,O+,SUBJECT_GROUP_0511,519,519__M_Left_index_finger.BMP,5efe046b29a9d1653c50a2cb5b144970b28ea453e7db8bf70723245762232108,train
data/datasets/O+/cluster_6_1119.BMP,O+,SUBJECT_GROUP_0566,576,576__M_Left_ring_finger.BMP,c617f63732483e21c0ba355bf8db6c51ddc0598177be62d60e3119680d26c2ed,train
data/datasets/O+/cluster_6_1122.BMP,O+,SUBJECT_GROUP_0149,149,149__F_Left_middle_finger.BMP,f44f0c6d7793559121ee7807e1f5d4c64d9041cb2a81c3c7e4d1fa3e6da83e4b,train
data/datasets/O+/cluster_6_1134.BMP,O+,SUBJECT_GROUP_0450,457,457__M_Left_middle_finger.BMP,bfe6142826a55b4d6a7f3698f1e2b1c6ad271a34e38aeb219c99756af32dc078,validation
data/datasets/O+/cluster_6_1136.BMP,O+,SUBJECT_GROUP_0354,359,359__M_Right_middle_finger.BMP,6ee351f23160881c8a9931890739096fcb73ee42258cf22834546e2492e86cce,train
data/datasets/O+/cluster_6_1138.BMP,O+,SUBJECT_GROUP_0341,346,346__M_Left_index_finger.BMP,dd5a4f6a69de77089f09d4791cbfb73fa98b9746023fca458dff013d328cb082,train
data/datasets/O+/cluster_6_1156.BMP,O+,SUBJECT_GROUP_0307,312,312__M_Left_thumb_finger.BMP,b738641ede308b5d930d6b990e156d2da50cb1b0af120cb49002d5dea266ca81,validation
data/datasets/O+/cluster_6_1161.BMP,O+,SUBJECT_GROUP_0406,412,412__M_Left_ring_finger.BMP,ff63e9f2da9122a1ae5215dfbbb8e16b4011dc78fccc234d1ed9953d437e0dc1,train
data/datasets/O+/cluster_6_117.BMP,O+,SUBJECT_GROUP_0057,57,57__M_Right_ring_finger.BMP,92001382b0015428a7a7c4694661f2d2c472c649aa943a93f0347ec629a43cea,train
data/datasets/O+/cluster_6_1188.BMP,O+,SUBJECT_GROUP_0092,204,204__F_Left_ring_finger.BMP,8e18039a42639723a036cf44f583089b34a8d49faafffa3ac7a24d35eb70fde6,validation
data/datasets/O+/cluster_6_1190.BMP,O+,SUBJECT_GROUP_0350,355,355__M_Left_index_finger.BMP,683354813cb43164ff7dcc98e4f563547902f05a38541eb0eedf832f282261d3,train
data/datasets/O+/cluster_6_1191.BMP,O+,SUBJECT_GROUP_0075,75,75__F_Left_thumb_finger.BMP,82372e5ddc4160fe18d5854f8b9a47dc237c1933ba3dc1700f20deaad008b61a,train
data/datasets/O+/cluster_6_1212.BMP,O+,SUBJECT_GROUP_0351,356,356__M_Right_little_finger.BMP,1e43ea7e2366816990c310df17e32d7bb70197c1844acc531c373e143f8417a2,train
data/datasets/O+/cluster_6_1221.BMP,O+,SUBJECT_GROUP_0014,14,14__M_Left_thumb_finger.BMP,df304d77db5f97ac5919e36637430cd22a90d969082b6ac0cb7d25b58108b346,train
data/datasets/O+/cluster_6_1222.BMP,O+,SUBJECT_GROUP_0046,46,46__M_Right_little_finger.BMP,4da27933deb2bf0531b3d2d8d5d1198d3754d698e413ba6b5b8f4bb4ce506c07,train
data/datasets/O+/cluster_6_1225.BMP,O+,SUBJECT_GROUP_0002,2,2__F_Left_index_finger.BMP,ddd7e1cea7b80249c5ef202c1456578be2d9ab30806ea754d2ec1048b5875739,train
data/datasets/O+/cluster_6_125.BMP,O+,SUBJECT_GROUP_0483,490,490__M_Left_middle_finger.BMP,563bb6c7d304d09430ebea64386d759bc902b0d6d10cefe9a1458da40d5d14e4,validation
data/datasets/O+/cluster_6_1252.BMP,O+,SUBJECT_GROUP_0462,469,469__M_Left_ring_finger.BMP,4e583de8f52d32a4294d6900269c4594ee212cc52d271a82366f6bed907a1535,train
data/datasets/O+/cluster_6_126.BMP,O+,SUBJECT_GROUP_0340,345,345__M_Right_little_finger.BMP,23b5ca925952cca12975686930db1d16000a466de4816709817e09f58fcab15d,test
data/datasets/O+/cluster_6_1264.BMP,O+,SUBJECT_GROUP_0113,113,113__M_Left_index_finger.BMP,7c43623db6c9fc55e3b4e4a43f9ad6517b432c4faf3db5760c22f25595c3fa12,train
data/datasets/O+/cluster_6_1265.BMP,O+,SUBJECT_GROUP_0229,232,232__M_Left_middle_finger.BMP,24f56d553ff3c0e88f8cf46c233f9947c4b834f8753aaea3ec84036bb29ad359,train
data/datasets/O+/cluster_6_1266.BMP,O+,SUBJECT_GROUP_0076,76,76__F_Left_index_finger.BMP,e498cafed19d97a68905c8baaa0e8d04f95360c455a1e5b83b4609deb867a415,train
data/datasets/O+/cluster_6_1272.BMP,O+,SUBJECT_GROUP_0028,28,28__M_Left_thumb_finger.BMP,b80a382e2a67ee9fbfd89c487e44e69f3dfe03b1c4c3e1202d52264f3b99feba,train
data/datasets/O+/cluster_6_1279.BMP,O+,SUBJECT_GROUP_0580,593,593__M_Left_thumb_finger.BMP,864a996c9c458aad1bc02617356f52d5b16cbebd873199755eb4120c1fef10a6,test
data/datasets/O+/cluster_6_1282.BMP,O+,SUBJECT_GROUP_0452,459,459__M_Left_middle_finger.BMP,1e1f60425796cc6df3721b98db3c84dee292d0726cd2f220df76502ef39db807,train
data/datasets/O+/cluster_6_1290.BMP,O+,SUBJECT_GROUP_0344,349,349__M_Left_middle_finger.BMP,9bcc5fd798a2af5ea1c266c441bf2e7d9f34c15352fc3de3a7f0382652f78d58,train
data/datasets/O+/cluster_6_1295.BMP,O+,SUBJECT_GROUP_0401,407,407__M_Right_ring_finger.BMP,a45befd37eef3516863a713648535ee533da5ffda2be62dd8e7715f497c071ff,train
data/datasets/O+/cluster_6_13.BMP,O+,SUBJECT_GROUP_0544,552,552__M_Left_index_finger.BMP,5a7e38397940b54b37c1a0fb2903961acb407737f2b97e1a976c8b333e3cb21a,train
data/datasets/O+/cluster_6_1301.BMP,O+,SUBJECT_GROUP_0317,322,322__M_Right_thumb_finger.BMP,fe01a27ca6925a7b0333313cf07ee3bbff2da06d1d4923ebb17dfd20fddbf47a,train
data/datasets/O+/cluster_6_1310.BMP,O+,SUBJECT_GROUP_0585,598,598__M_Left_middle_finger.BMP,7aeeb40f09490438a376a53e3ef40b2294cf6656ec41dfc56784e18a8b89086c,train
data/datasets/O+/cluster_6_1319.BMP,O+,SUBJECT_GROUP_0204,206,206__M_Left_index_finger.BMP,9619d1667dbf6613885b454fb8a6e1c1efc647f8caf6271655b2d9acd38e8364,validation
data/datasets/O+/cluster_6_1322.BMP,O+,SUBJECT_GROUP_0038,38,38__M_Left_index_finger.BMP,ebda0d88f0497910fb1fb65940bff92822e82f676078194c031e045d21813560,train
data/datasets/O+/cluster_6_1326.BMP,O+,SUBJECT_GROUP_0326,331,331__M_Left_index_finger.BMP,a63f7a090fbe0efdfcb145237ce27c512e943a5c5df2f7382c6e67af82dc95c8,train
data/datasets/O+/cluster_6_1329.BMP,O+,SUBJECT_GROUP_0342,347,347__M_Right_ring_finger.BMP,37803d0ad04a27f522d2eeada2ca77dfccc49a29d318f8fa3d0f72729dc783a0,train
data/datasets/O+/cluster_6_1333.BMP,O+,SUBJECT_GROUP_0585,598,598__M_Right_ring_finger.BMP,277cbac37477430f02d05894dc9143ce9e1baa73c178baae30fe307c828c1b61,train
data/datasets/O+/cluster_6_1337.BMP,O+,SUBJECT_GROUP_0060,60,60__M_Left_index_finger.BMP,efb3ef143c77469956e60e8254c5f9250b57400a8ee03718e547dfb0e6decc41,train
data/datasets/O+/cluster_6_1340.BMP,O+,SUBJECT_GROUP_0408,414,414__M_Right_middle_finger.BMP,e6b1b342ad6ca0e309ccab7b744ad466b0331bf2e3d219602b48d9fb90e1911c,train
data/datasets/O+/cluster_6_1345.BMP,O+,SUBJECT_GROUP_0049,49,49__M_Right_ring_finger.BMP,af46ad1199da34891f61eb536192cc0598caedc11dbb5c80ed597945028a4f63,train
data/datasets/O+/cluster_6_1349.BMP,O+,SUBJECT_GROUP_0190,190,190__M_Right_index_finger.BMP,d2af7d69a88266d1f4ed471f406eba8b1f47602b18ca1a0dcee3e308cba6d095,train
data/datasets/O+/cluster_6_1365.BMP,O+,SUBJECT_GROUP_0108,108,108__M_Left_index_finger.BMP,ddc5aa64b72daf02b1500d5839385cd10f42877a6beea279d3ddbb9b01f9acfd,validation
data/datasets/O+/cluster_6_1369.BMP,O+,SUBJECT_GROUP_0183,183,183__M_Right_middle_finger.BMP,4d4b2723bc9eeb23600a1e60bbe0dee74ed3a07642d45e2520af087f97d68a9f,train
data/datasets/O+/cluster_6_137.BMP,O+,SUBJECT_GROUP_0543,551,551__F_Left_thumb_finger.BMP,74c63161b91158e0774eaf6ee33b72f19b734a214d460259901b32d9bf86ee71,validation
data/datasets/O+/cluster_6_1373.BMP,O+,SUBJECT_GROUP_0035,35,35__M_Right_little_finger.BMP,ad9fba8da23ba48490fcecb60fd03d2c27b70e5437574c074e8f89642a3b1e1a,validation
data/datasets/O+/cluster_6_1376.BMP,O+,SUBJECT_GROUP_0193,193,193__M_Left_thumb_finger.BMP,d9120c18e6f99b58c64b6a1141f4e3b5dbda3a6f36b86f58e527cdf2a902a37c,validation
data/datasets/O+/cluster_6_1377.BMP,O+,SUBJECT_GROUP_0381,387,387__F_Left_thumb_finger.BMP,2f6eb85cb4fbebc528e1e8a46c499217b96f4301fc6a6ac12c7b106cb7f49d48,validation
data/datasets/O+/cluster_6_1378.BMP,O+,SUBJECT_GROUP_0523,531,531__M_Left_thumb_finger.BMP,ddc39f3efb54fa3df285bf887642884d2529d10823e9ea6f6907064a3d25876c,validation
data/datasets/O+/cluster_6_1384.BMP,O+,SUBJECT_GROUP_0306,311,311__M_Left_index_finger.BMP,888082f381d012ea82c019ffcd02f5a84c07b2a9f463e829f23accb745d74906,validation
data/datasets/O+/cluster_6_1387.BMP,O+,SUBJECT_GROUP_0158,158,158__M_Left_ring_finger.BMP,82a1b008eba1197027bfa61a74b5c7e3abd55b4e8cacf970305e44d313d222f1,train
data/datasets/O+/cluster_6_1390.BMP,O+,SUBJECT_GROUP_0114,114,114__F_Left_thumb_finger.BMP,844ac9031505eca68aae8f7ee87766ec575e922cc1945a3be32f9b5b817016f6,test
data/datasets/O+/cluster_6_1393.BMP,O+,SUBJECT_GROUP_0398,404,404__M_Right_little_finger.BMP,4d21ee46527ef0685ce7f7af087e72afe8e1791eb4f7e434f3f96e01389f86ba,validation
data/datasets/O+/cluster_6_1405.BMP,O+,SUBJECT_GROUP_0308,313,313__M_Left_thumb_finger.BMP,e92d7f785a812bd41ce4217672724d2393c46a99db0be7a58ec88b0bc6f39ce8,train
data/datasets/O+/cluster_6_1413.BMP,O+,SUBJECT_GROUP_0230,233,233__M_Left_thumb_finger.BMP,994c5cd20ad9cd319c28ec919ab87eca5ec9541bc851d79f3453a506e3ec83f7,test
data/datasets/O+/cluster_6_1433.BMP,O+,SUBJECT_GROUP_0351,356,356__M_Left_thumb_finger.BMP,6c74f632d6dff7bfad06de96b41956012ac008c650f45ab3490e1598abb820b2,train
data/datasets/O+/cluster_6_144.BMP,O+,SUBJECT_GROUP_0050,50,50__M_Right_little_finger.BMP,e5bb74f450d1e87b9fe65b4da1b5f1611fcd0e70b52d9cf58fdc6f09e058de89,train
data/datasets/O+/cluster_6_1442.BMP,O+,SUBJECT_GROUP_0499,506,506__M_Left_thumb_finger.BMP,84f16f43a8fdb457d330893dc9206dbe8a29131c58a231cc61988522ec270599,test
data/datasets/O+/cluster_6_1456.BMP,O+,SUBJECT_GROUP_0302,307,307__M_Left_middle_finger.BMP,3fda4394aaa21219c773ed070d4902f6368aaf10041cee939779b074abd24843,test
data/datasets/O+/cluster_6_1457.BMP,O+,SUBJECT_GROUP_0276,281,281__M_Right_little_finger.BMP,1d12f738abbc576775507b809cab23bca991782d562bb9410d105a0031abae27,train
data/datasets/O+/cluster_6_146.BMP,O+,SUBJECT_GROUP_0013,13,13__F_Left_ring_finger.BMP,37ed4f332fd84ca33f26a893a576abab5952a4823d5d3021df02754984d4c1d4,train
data/datasets/O+/cluster_6_1463.BMP,O+,SUBJECT_GROUP_0184,184,184__M_Left_thumb_finger.BMP,ec66b4811442271912b8eb491c8ac5023c4b5eafbc04fcefa0e74ebdaeb40e82,train
data/datasets/O+/cluster_6_1465.BMP,O+,SUBJECT_GROUP_0095,95,95__M_Left_index_finger.BMP,ada356ddbc5eef64891430ae4a38a26707ac871aea4b07208977862a94b6fcec,train
data/datasets/O+/cluster_6_1476.BMP,O+,SUBJECT_GROUP_0583,596,596__M_Right_thumb_finger.BMP,a12e78c860626e9c80e7496a74b830577f1f3df54783ede85e474c140fecb1cd,train
data/datasets/O+/cluster_6_1481.BMP,O+,SUBJECT_GROUP_0220,223,223__M_Left_ring_finger.BMP,553dab1416281f776f5d0f0c4e89a3a7752a276922b9b8c6a8cd30c707683142,train
data/datasets/O+/cluster_6_1482.BMP,O+,SUBJECT_GROUP_0070,70,70__M_Left_thumb_finger.BMP,5d17585e3d2a2485aa70e0c6abbe0838148e0cf04fa6b4f7ce838e5f155e3def,validation
data/datasets/O+/cluster_6_1486.BMP,O+,SUBJECT_GROUP_0433,440,440__M_Right_middle_finger.BMP,50f687b74c1226d957e73b8223bbebfd853057ea9d4fdefc4e5c4e754ee101f7,train
data/datasets/O+/cluster_6_1491.BMP,O+,SUBJECT_GROUP_0276,281,281__M_Right_ring_finger.BMP,ec423fa88727963f1da207fd23464f18eb8c76f0010c873d4c1cdf4c5155501b,train
data/datasets/O+/cluster_6_1492.BMP,O+,SUBJECT_GROUP_0267,272,272__M_Left_index_finger.BMP,a8a9822222a1f6860ace5fb8de7829240b3bdf494548049cdea33591328f0202,train
data/datasets/O+/cluster_6_150.BMP,O+,SUBJECT_GROUP_0041,41,41__M_Left_middle_finger.BMP,c8e5665cf883dc9b2fdfd29c112479cec701725b5c932f601d162d0ef9ea5357,train
data/datasets/O+/cluster_6_1501.BMP,O+,SUBJECT_GROUP_0541,549,549__M_Left_middle_finger.BMP,bfbb6193f62029618d63c844be079b4804a765d840a2b5da9925f3e692f65fc1,train
data/datasets/O+/cluster_6_1503.BMP,O+,SUBJECT_GROUP_0053,53,53__M_Right_index_finger.BMP,b50f8a31b44fe9faa459a2367961861f23a3c8a54087e03143c8d607b2e437d4,train
data/datasets/O+/cluster_6_1515.BMP,O+,SUBJECT_GROUP_0371,377,377__M_Right_ring_finger.BMP,e48c25d7c7dc0f4afc61fd0e76861d5a202be419a99ab118afd5ff9102d780d8,test
data/datasets/O+/cluster_6_1527.BMP,O+,SUBJECT_GROUP_0438,445,445__M_Left_middle_finger.BMP,5b05ab58f06b42cc9f96bf0b6d37c1c1ba3b004a646d574a02de9fcf01e35108,train
data/datasets/O+/cluster_6_1528.BMP,O+,SUBJECT_GROUP_0073,73,73__M_Left_index_finger.BMP,a86a09833e04299f3069f4c0684e922248cc864f50012a41edceb5802efeb911,train
data/datasets/O+/cluster_6_1530.BMP,O+,SUBJECT_GROUP_0104,104,104__M_Right_ring_finger.BMP,e90d768828020e581b82fdf4337508054d4202fe9f88393ca8b71bc4d7580152,validation
data/datasets/O+/cluster_6_1540.BMP,O+,SUBJECT_GROUP_0253,257,257__M_Left_thumb_finger.BMP,29760355c7b67c38e59826bcce549cd65dceeaa3f9a0df6419265c85027392ca,train
data/datasets/O+/cluster_6_1549.BMP,O+,SUBJECT_GROUP_0293,298,298__M_Left_index_finger.BMP,5ef31503d3e8b5a5f5877cfd9241d45c77c3add5c8a59db79c98cf8cfabf7d51,train
data/datasets/O+/cluster_6_1555.BMP,O+,SUBJECT_GROUP_0568,579,579__M_Left_middle_finger.BMP,ae9d5096cf550fa104d89d8bb8d2c92ad0af8205255d72e97785e0ed49192cbc,train
data/datasets/O+/cluster_6_1556.BMP,O+,SUBJECT_GROUP_0037,37,37__M_Right_middle_finger.BMP,6bdec2b6ab645a892a90ccd59a8b98fea4014a406a2a7e66efaec0308d55218b,train
data/datasets/O+/cluster_6_1576.BMP,O+,SUBJECT_GROUP_0080,80,80__M_Left_middle_finger.BMP,2b563b51baa75dd562b537e903f76ba953653c8225c4980cf6059164ac064b38,train
data/datasets/O+/cluster_6_1587.BMP,O+,SUBJECT_GROUP_0269,274,274__M_Right_ring_finger.BMP,6694dd3c66496384602645d92a6ca915058ace29dbc0c220e98978057d554326,test
data/datasets/O+/cluster_6_1609.BMP,O+,SUBJECT_GROUP_0161,161,161__F_Left_index_finger.BMP,eaa9184dd079a120e3ab19a9113e5e7861d2379f3d33549d566d69b9e7108c70,train
data/datasets/O+/cluster_6_161.BMP,O+,SUBJECT_GROUP_0388,394,394__M_Right_thumb_finger.BMP,39339371d66dace92a67192ef46597a0e427eb0345c970ac1bd0cde9ed764021,train
data/datasets/O+/cluster_6_1616.BMP,O+,SUBJECT_GROUP_0192,192,192__M_Left_thumb_finger.BMP,45412e8a15b8cdbc9862738e143891730f2351049024549ba54310fd42c5f383,validation
data/datasets/O+/cluster_6_1619.BMP,O+,SUBJECT_GROUP_0360,365,365__M_Left_thumb_finger.BMP,d8bf56deb5562dc33fb5f750dd4c60bee170f7a92b906820d0841a495f7874ed,test
data/datasets/O+/cluster_6_1620.BMP,O+,SUBJECT_GROUP_0021,21,21__M_Right_index_finger.BMP,ff03bc44e6d6ba5a86c9d090d937c4ad46cea0e38314a5d9b809954341c185bf,test
data/datasets/O+/cluster_6_163.BMP,O+,SUBJECT_GROUP_0082,82,82__M_Right_thumb_finger.BMP,9402dbf598f1e08668a8bcdd553d5b33653a285e1b7116fb631f35ed16e79db0,validation
data/datasets/O+/cluster_6_1633.BMP,O+,SUBJECT_GROUP_0340,345,345__M_Left_thumb_finger.BMP,a127ecce69b58afb348c56b708338cfece0fc301f6a788155f135119c5132c75,test
data/datasets/O+/cluster_6_1644.BMP,O+,SUBJECT_GROUP_0089,89,89__M_Left_ring_finger.BMP,10aa3c44bafaa280f5561db9a428cfcf5775052e0a00843a338d26ca0d500205,validation
data/datasets/O+/cluster_6_1653.BMP,O+,SUBJECT_GROUP_0100,100,100__M_Right_ring_finger.BMP,73f2c5f65af3f9f22ac96f0098b96c8ca28218e880148373d5975ada0a937a13,train
data/datasets/O+/cluster_6_166.BMP,O+,SUBJECT_GROUP_0264,269,269__M_Left_middle_finger.BMP,482a9f3a2c311d0d34953e2c494affd3a548e7a42bd381fa05b1c6e8d99e9a2d,train
data/datasets/O+/cluster_6_1665.BMP,O+,SUBJECT_GROUP_0564,574,574__F_Left_thumb_finger.BMP,67b03b8e0da3664e7d6b41b8796ca5efbc59a9bfd9c241124e4ca99c8668f4fb,train
data/datasets/O+/cluster_6_1670.BMP,O+,SUBJECT_GROUP_0041,41,41__M_Right_thumb_finger.BMP,295d9223fd26516bd105845e8ea91b2e54e8b5edf6ef6bc87f6b4507089cc147,train
data/datasets/O+/cluster_6_1671.BMP,O+,SUBJECT_GROUP_0436,443,443__M_Left_middle_finger.BMP,d54005dfd7072a3fd133be5296bcff54638a1506e06b021dce5a510f6062194b,validation
data/datasets/O+/cluster_6_1673.BMP,O+,SUBJECT_GROUP_0160,160,160__M_Left_middle_finger.BMP,172a6b7bcf36c0955509625d39ee922306a07e776ea5de9aa9929af1ba98a9a2,train
data/datasets/O+/cluster_6_1675.BMP,O+,SUBJECT_GROUP_0146,146,146__M_Left_middle_finger.BMP,10be96221f0436d60b734c32d1d73d93ffd7fb4aebbe144d6fe25b192c6e8811,test
data/datasets/O+/cluster_6_1689.BMP,O+,SUBJECT_GROUP_0428,435,435__F_Right_ring_finger.BMP,7fca8440f753026d9339aec4abeb557141d8e197816250c1accb73755b3539ed,test
data/datasets/O+/cluster_6_1690.BMP,O+,SUBJECT_GROUP_0472,479,479__F_Left_thumb_finger.BMP,e00163c0a30e507a0e3f04a9fbe977a262629f34060c774bc5f0718814321695,train
data/datasets/O+/cluster_6_1698.BMP,O+,SUBJECT_GROUP_0536,544,544__M_Left_thumb_finger.BMP,59d6d5692420e18475c29dcc666a28879b428764dccddcf708c2bbaf5f7b694c,train
data/datasets/O+/cluster_6_1700.BMP,O+,SUBJECT_GROUP_0573,584,584__M_Right_index_finger.BMP,1129adde3eb1833aa2e7aaedf1659bced52b8c767dd85a2b2f0b6eee730dbf04,train
data/datasets/O+/cluster_6_1704.BMP,O+,SUBJECT_GROUP_0147,147,147__M_Left_thumb_finger.BMP,36cc0cce88c9ca2b29c0e985d7e31fded92f02c22dbd6229e1c44305c50c2eed,train
data/datasets/O+/cluster_6_1714.BMP,O+,SUBJECT_GROUP_0088,88,88__F_Left_middle_finger.BMP,dd7e69cc55b44705f5cb89af3a62f5cddd0a86f79800623ccfd0a4503e54c40b,validation
data/datasets/O+/cluster_6_1726.BMP,O+,SUBJECT_GROUP_0504,512,512__M_Right_ring_finger.BMP,5d83ce72c0da0870f3f3c74605a5aa15cd414de590102b9217955dfa246fcfde,train
data/datasets/O+/cluster_6_1731.BMP,O+,SUBJECT_GROUP_0490,497,497__M_Left_middle_finger.BMP,d1a17a6325ea37765ac0ce953b46df6359298b8d42002921f3229b254c81bf72,train
data/datasets/O+/cluster_6_1741.BMP,O+,SUBJECT_GROUP_0044,44,44__M_Right_thumb_finger.BMP,8c6b9e06c9560027225b5ac42953047a342e229de4bc33120eebe3e55d045e29,train
data/datasets/O+/cluster_6_1762.BMP,O+,SUBJECT_GROUP_0176,176,176__M_Left_middle_finger.BMP,f4edca16b9b76bf63b97541394d5e9f9815f56ccfa231746f58c79bea5da3358,test
data/datasets/O+/cluster_6_1764.BMP,O+,SUBJECT_GROUP_0054,54,54__M_Right_ring_finger.BMP,f3cdf91a69cbf2a58fd3ac0521b7aac2f6113d49394c1688b065e34f87a27b6a,train
data/datasets/O+/cluster_6_1768.BMP,O+,SUBJECT_GROUP_0586,599,599__M_Right_middle_finger.BMP,7417a14535723aa4dcb355f836e45638341c491b4b870fab8928a20ead620b2c,validation
data/datasets/O+/cluster_6_1778.BMP,O+,SUBJECT_GROUP_0293,298,298__M_Right_ring_finger.BMP,68c27ebbe7a2d7b19a6a7cf8430dde96f3e8a20f49416a4c1d23f43814644f26,train
data/datasets/O+/cluster_6_1784.BMP,O+,SUBJECT_GROUP_0364,369,369__F_Right_middle_finger.BMP,c84580eab8adae1b56779c31ec739b615959ccaa4f024f3aab33e1748cf00ca7,validation
data/datasets/O+/cluster_6_1787.BMP,O+,SUBJECT_GROUP_0392,398,398__M_Right_middle_finger.BMP,b26c699d4fa5743b2bf264ae99d6628a7580a056743a2428e20bf1d1bd8b9464,train
data/datasets/O+/cluster_6_1793.BMP,O+,SUBJECT_GROUP_0158,158,158__M_Left_middle_finger.BMP,cbebba430a16c620c0909c0c9a14f30d104cc29de1cc1e624bd43227fda5ac21,train
data/datasets/O+/cluster_6_1797.BMP,O+,SUBJECT_GROUP_0239,242,242__M_Left_thumb_finger.BMP,96bb3f132a838887a505cafa41de5ee8aebea795e2f13d42d487016548f42239,test
data/datasets/O+/cluster_6_181.BMP,O+,SUBJECT_GROUP_0387,393,393__M_Left_little_finger.BMP,50af083c2b15d8daf755a3fc724fa29e12372603018fcd231360d9404d6ed28a,train
data/datasets/O+/cluster_6_1811.BMP,O+,SUBJECT_GROUP_0563,573,573__F_Left_thumb_finger.BMP,7c47a7fa6dfaac33276a9904158a44e97a27508d32531458134eee127cca1e27,test
data/datasets/O+/cluster_6_1828.BMP,O+,SUBJECT_GROUP_0303,308,308__M_Left_thumb_finger.BMP,6ac61d313b228d3e907c000121ccc19047176565478850e75faca31b1f7f4a6d,train
data/datasets/O+/cluster_6_1842.BMP,O+,SUBJECT_GROUP_0225,228,228__M_Right_middle_finger.BMP,e220ba089bea6889baefb625f686505277c09e3d7e8d3c27847616f85de8b0ab,train
data/datasets/O+/cluster_6_1868.BMP,O+,SUBJECT_GROUP_0065,65,65__M_Left_thumb_finger.BMP,80c14a07546cff5762122fa27df685b6bbfdec4908543897af3797d88095cac3,train
data/datasets/O+/cluster_6_1869.BMP,O+,SUBJECT_GROUP_0003,3,3__M_Left_ring_finger.BMP,ba1462d27663c74be25d10e1c7c15376a7908882351106bc428f88b57c80475f,validation
data/datasets/O+/cluster_6_1871.BMP,O+,SUBJECT_GROUP_0025,25,25__F_Left_index_finger.BMP,31986d02b1a63eba0c4e435b2501980cfbffb1f87d01a1193370c662c3ddca14,train
data/datasets/O+/cluster_6_1877.BMP,O+,SUBJECT_GROUP_0340,345,345__M_Left_middle_finger.BMP,7b6324b1fcc29de42531a62bf71b9b9897d10ac8238e0890f33ce017953ce9d6,test
data/datasets/O+/cluster_6_1889.BMP,O+,SUBJECT_GROUP_0068,68,68__M_Left_index_finger.BMP,c11dd53824ef6727c131724520b9344e4275ae64e111e288d75b7c07aa72bed8,test
data/datasets/O+/cluster_6_1890.BMP,O+,SUBJECT_GROUP_0228,231,231__M_Left_middle_finger.BMP,aab68337a463d7ea0a17d4a58fd9b354cc32461dad19b3d8d1d1afa4ab029d0a,train
data/datasets/O+/cluster_6_1900.BMP,O+,SUBJECT_GROUP_0070,70,70__M_Left_index_finger.BMP,abc7f49802cc0542cf42bed52eb3cfd9bc773d69b33fb408fac14289b8023bb8,validation
data/datasets/O+/cluster_6_1908.BMP,O+,SUBJECT_GROUP_0583,596,596__M_Left_little_finger.BMP,4bf3304d93acee52a9a507eb50d3547d5814d050b96f8ac77620576df85f240d,train
data/datasets/O+/cluster_6_1915.BMP,O+,SUBJECT_GROUP_0267,272,272__M_Left_ring_finger.BMP,e2ce67446a2a5aa3dccb6c54d02ed4cab18d1594c1ad5f4703c92191e86cd07f,train
data/datasets/O+/cluster_6_192.BMP,O+,SUBJECT_GROUP_0499,506,506__M_Left_little_finger.BMP,84f76ba2d0da1d58b035e80f8d1dadc0cbe80cfd3de972c656f064a9c58e688a,test
data/datasets/O+/cluster_6_1937.BMP,O+,SUBJECT_GROUP_0228,231,231__M_Right_ring_finger.BMP,40a64cff58e6b0c91c29bf02e5e08ca2422bdd0050ef186bf9f48fc4499e7386,train
data/datasets/O+/cluster_6_1951.BMP,O+,SUBJECT_GROUP_0028,28,28__M_Left_middle_finger.BMP,5693f36e9d43075bb4dec1ad361eaf8a6d9b31e8b7ff547750142bd08a5eebd1,train
data/datasets/O+/cluster_6_1960.BMP,O+,SUBJECT_GROUP_0509,517,517__M_Left_thumb_finger.BMP,420b640422744917c05292cbb7a3c5991a3ef6abdc31d826346451277b083989,train
data/datasets/O+/cluster_6_1968.BMP,O+,SUBJECT_GROUP_0510,518,518__M_Left_thumb_finger.BMP,14b07694f2ac38c25d809d9b72bf11b3ab6cdeab7ba09719859f9b011a67d4fa,train
data/datasets/O+/cluster_6_1981.BMP,O+,SUBJECT_GROUP_0210,212,212__M_Left_index_finger.BMP,cc9ac5c97ccf26068cab8df4a763f586585950a7830249dccd43afa6796c0d1c,train
data/datasets/O+/cluster_6_1984.BMP,O+,SUBJECT_GROUP_0539,547,547__M_Left_thumb_finger.BMP,2be3dd9533b1bf8bfb1a9e5fbdda003061029316bdac2d9f96a3900587913cb1,train
data/datasets/O+/cluster_6_1987.BMP,O+,SUBJECT_GROUP_0268,273,273__M_Right_middle_finger.BMP,ff0d982c510cdb63d88715214d07d0cea79f92e3b23ead4fd8a6b307fa569492,train
data/datasets/O+/cluster_6_1991.BMP,O+,SUBJECT_GROUP_0482,489,489__M_Left_little_finger.BMP,bf9916546041a38f812b04aed4e5ac29e86a46b5c36304d34fae01cd661e3f50,train
data/datasets/O+/cluster_6_1995.BMP,O+,SUBJECT_GROUP_0222,225,225__M_Left_index_finger.BMP,d3f83e7ff175e7abe47f19b8b9f768513281c5596dbc08e89ccbbf9392a1a955,validation
data/datasets/O+/cluster_6_1996.BMP,O+,SUBJECT_GROUP_0055,55,55__M_Left_thumb_finger.BMP,726191792dbdcd58c98eccb9bed1e51746512e5820aaffb9fc1cb7701c37954b,train
data/datasets/O+/cluster_6_1999.BMP,O+,SUBJECT_GROUP_0437,444,444__M_Left_thumb_finger.BMP,48ae4963de71b6c1f3bb4ca310afb01a12be73cf8915fcbc1dcfeb76763f249a,train
data/datasets/O+/cluster_6_2003.BMP,O+,SUBJECT_GROUP_0250,254,254__M_Left_thumb_finger.BMP,b7cbf1d43a83e6f7f059e2da0a8b510d3547523b22a2c13bb473ddb2f8219092,validation
data/datasets/O+/cluster_6_2009.BMP,O+,SUBJECT_GROUP_0288,293,293__F_Left_index_finger.BMP,13addaea69726c85da16ff57426e0576873473081f27758a13c5e301feb5dd6a,test
data/datasets/O+/cluster_6_2020.BMP,O+,SUBJECT_GROUP_0096,96,96__M_Right_thumb_finger.BMP,291e7648c1f8f5a33b32755afb1df0412bae4b470f5a48eeae06876811f67e4c,test
data/datasets/O+/cluster_6_2031.BMP,O+,SUBJECT_GROUP_0290,295,295__M_Left_thumb_finger.BMP,28f54dc81a473575ab64af19cc35a9ff8c28bacaf6ee5b98fc88b2af8cc15854,train
data/datasets/O+/cluster_6_2054.BMP,O+,SUBJECT_GROUP_0293,298,298__M_Right_little_finger.BMP,560bce7a34ad33d35e3bfa5b108c581e51b02d2e67bc509202f4b49b992613c4,train
data/datasets/O+/cluster_6_206.BMP,O+,SUBJECT_GROUP_0193,193,193__M_Left_middle_finger.BMP,16c06809c74395c80704e2eab7106cd32d59be99c90d0919ea2106fa1ba316b3,validation
data/datasets/O+/cluster_6_2070.BMP,O+,SUBJECT_GROUP_0276,281,281__M_Left_ring_finger.BMP,5460b8154209f687e56b9388e892455b186e37235ca5efa4f13395a96bf54d58,train
data/datasets/O+/cluster_6_2074.BMP,O+,SUBJECT_GROUP_0373,379,379__F_Right_middle_finger.BMP,9f8db58d6dccfbbb49953722899cf97adb37c81db12556bfa4fc71e5ad3fc445,train
data/datasets/O+/cluster_6_2078.BMP,O+,SUBJECT_GROUP_0030,30,30__F_Left_index_finger.BMP,25e216310e2eea7ac863d9e385aabaf7bbe797c8cd2d30d384ba05d565c670a6,train
data/datasets/O+/cluster_6_2080.BMP,O+,SUBJECT_GROUP_0417,424,424__M_Left_thumb_finger.BMP,d9f3e13bb044e836fb6201ec87a59b6e2d6dcd0c9ee67bfbe438326fdf1519b3,validation
data/datasets/O+/cluster_6_2090.BMP,O+,SUBJECT_GROUP_0124,124,124__M_Right_middle_finger.BMP,8ac4f2e55d3c73057f60434e41f76aeb6e790abe417e854e0e4ff31bad82d263,train
data/datasets/O+/cluster_6_2096.BMP,O+,SUBJECT_GROUP_0072,72,72__M_Left_index_finger.BMP,2fe0175b24c0ba219888899f91e77bea4878d3b7b929fbe7dc9261d0aa8f1b4b,train
data/datasets/O+/cluster_6_2112.BMP,O+,SUBJECT_GROUP_0536,544,544__M_Right_index_finger.BMP,56544587df334c38e69292111cda24208698af0a63bb7943a364643a90130da5,train
data/datasets/O+/cluster_6_212.BMP,O+,SUBJECT_GROUP_0509,517,517__M_Right_ring_finger.BMP,9359a9271763487f4b7eb2ab68dbc5e54ecb08261ee8e7febee5ffdeef5b583d,train
data/datasets/O+/cluster_6_2123.BMP,O+,SUBJECT_GROUP_0451,458,458__M_Left_thumb_finger.BMP,dc1b7b75e977df7bee32a67e16ae99b06cbbe37f24840d3b9e22f1784bbc8b69,train
data/datasets/O+/cluster_6_2130.BMP,O+,SUBJECT_GROUP_0549,559,559__M_Left_little_finger.BMP,c0aad28b3427b14a22174da705cca3148aefb1791e1e13098878db6dd8ee0c0a,train
data/datasets/O+/cluster_6_2131.BMP,O+,SUBJECT_GROUP_0544,552,552__M_Right_little_finger.BMP,35a23d6785e73c4cae17d2311246807c559056a141a5d8df534cb0943b9442d6,train
data/datasets/O+/cluster_6_2137.BMP,O+,SUBJECT_GROUP_0289,294,294__M_Left_index_finger.BMP,1d1e3ef72becb74ecec3c5559a72cca007b93be00c4f878aba13c08fbfc2affe,train
data/datasets/O+/cluster_6_2149.BMP,O+,SUBJECT_GROUP_0386,392,392__M_Left_index_finger.BMP,417a77c9cefb4eaa1bc554d1b068de0120c7a372902a2f21f6e6c078adb3cead,train
data/datasets/O+/cluster_6_2154.BMP,O+,SUBJECT_GROUP_0270,275,275__F_Left_index_finger.BMP,21ad5f949c1772e7d5507341e532b850666c7f8e6855700ad7f0fcebac949c9a,validation
data/datasets/O+/cluster_6_2158.BMP,O+,SUBJECT_GROUP_0397,403,403__M_Left_thumb_finger.BMP,e6c0d74f7ad6bf43060b4e34da0d12b46c7c9dc17ef27bb36057116a7908530a,test
data/datasets/O+/cluster_6_2165.BMP,O+,SUBJECT_GROUP_0437,444,444__M_Right_ring_finger.BMP,65adb6efd5ca22d5117de4b1f4c62cc4a0a1fcb5607f8e5fd5ffab957a564963,train
data/datasets/O+/cluster_6_2167.BMP,O+,SUBJECT_GROUP_0008,8,8__M_Right_ring_finger.BMP,aa2ee713fcc2839c88345313a2fe86df93a9cb0c9e6166a5bacb56d7313671ba,train
data/datasets/O+/cluster_6_2169.BMP,O+,SUBJECT_GROUP_0049,49,49__M_Left_thumb_finger.BMP,431753caec193219f45c6075e7f2b4826c29df3c9fa2f5a95ca3f5e9e5703d69,train
data/datasets/O+/cluster_6_2177.BMP,O+,SUBJECT_GROUP_0397,403,403__M_Left_ring_finger.BMP,030d611ec78d2e1da55e3a99c6614d8122fa486f42b4477a0e86b9148aed7d51,test
data/datasets/O+/cluster_6_2185.BMP,O+,SUBJECT_GROUP_0401,407,407__M_Left_index_finger.BMP,7123473f15c34fa15d4ccf05adb6672965c1a7e7422be7c95a6763fe29636b38,train
data/datasets/O+/cluster_6_2190.BMP,O+,SUBJECT_GROUP_0584,597,597__M_Right_little_finger.BMP,a062510ac8ea156aa1ea31a6dd5ef9fa0b8bd513a1ca6f02ba78b86d25a7ace6,train
data/datasets/O+/cluster_6_2198.BMP,O+,SUBJECT_GROUP_0236,239,239__M_Left_little_finger.BMP,37ebac2865797355c456ff2b28f550b07653e77c81266d200761b6107243cda0,train
data/datasets/O+/cluster_6_2226.BMP,O+,SUBJECT_GROUP_0333,338,338__M_Left_thumb_finger.BMP,a9283996cc5253b7ad1a03854510ef877458d0b7f282d03a92dd3f8a9c54ae4c,validation
data/datasets/O+/cluster_6_2236.BMP,O+,SUBJECT_GROUP_0185,185,185__M_Left_thumb_finger.BMP,f56d3ee7c49671fc6b55eb28579a522d3c2c66cfafcf442c47cd862669d78049,train
data/datasets/O+/cluster_6_2244.BMP,O+,SUBJECT_GROUP_0067,67,67__F_Left_ring_finger.BMP,4e15291fa861912f1af2310dc08225a874d09b9a2e9f739b26c025eabb7b7f12,train
data/datasets/O+/cluster_6_2249.BMP,O+,SUBJECT_GROUP_0277,282,282__M_Left_index_finger.BMP,a02838de1e91ce00de94bae668e7b0ec0e3ea9efe43a69243b7b6cf2bbf53829,train
data/datasets/O+/cluster_6_2252.BMP,O+,SUBJECT_GROUP_0377,383,383__M_Right_middle_finger.BMP,9fd208a5d9ac54fa8ee9a460a0c8ecbc413b5f2a1fb342663f839a047ed85780,train
data/datasets/O+/cluster_6_2265.BMP,O+,SUBJECT_GROUP_0095,95,95__M_Right_ring_finger.BMP,40481162c69f33e6bacc2698b40c46d8db08282617a12cecf6adf5c3f79e5ca1,train
data/datasets/O+/cluster_6_2278.BMP,O+,SUBJECT_GROUP_0572,583,583__M_Left_middle_finger.BMP,8cc3284446a84df4e947181be67d32336f3af2c4371810d972abbe014e4c99f4,test
data/datasets/O+/cluster_6_2281.BMP,O+,SUBJECT_GROUP_0120,120,120__M_Left_thumb_finger.BMP,9a665a0151ef4e3c401b6bb477becabfcf5664f02bb87b643f6ce73e70a6e107,train
data/datasets/O+/cluster_6_2283.BMP,O+,SUBJECT_GROUP_0226,229,229__M_Right_ring_finger.BMP,a60eaa2d83da523b368c8d8749005302d604d68e79b6c73f76e52c9dffa9a4da,train
data/datasets/O+/cluster_6_2285.BMP,O+,SUBJECT_GROUP_0059,59,59__F_Left_middle_finger.BMP,b5d5eed65496f42ba69514ac041fef14b6e306a1a86115bdb76e4e415cbf8b4d,train
data/datasets/O+/cluster_6_2288.BMP,O+,SUBJECT_GROUP_0107,107,107__M_Left_thumb_finger.BMP,c1a3fa28a3d0eca45e7eb1cb360feecb2495322d3110be8de3dfb19e2231c20c,validation
data/datasets/O+/cluster_6_229.BMP,O+,SUBJECT_GROUP_0477,484,484__M_Left_index_finger.BMP,00d0820bc9ccd9e3c406986d1b424f65a98b3e4fd0685b0d997c031af2d84d1b,train
data/datasets/O+/cluster_6_2291.BMP,O+,SUBJECT_GROUP_0128,128,128__M_Left_middle_finger.BMP,de81d9e85cd8fdc31ad5b574eef1c9b9f8328564a0045bd50e00bc6dd6dcfbd6,train
data/datasets/O+/cluster_6_2296.BMP,O+,SUBJECT_GROUP_0093,93,93__M_Left_thumb_finger.BMP,a0387fdf7886bc259dcbf0e869c7443bdee7c667eb71ecb47eee6cc6cc7a452f,train
data/datasets/O+/cluster_6_2299.BMP,O+,SUBJECT_GROUP_0146,146,146__M_Left_ring_finger.BMP,4b16ec3b96ad36c540440c7a588d42d87f00cc18f2deb3dcf4c6d64a36120fc2,test
data/datasets/O+/cluster_6_230.BMP,O+,SUBJECT_GROUP_0182,182,182__M_Left_index_finger.BMP,1d182e4679708c93037cffb5a921c443402c8b520b128edab8dfaceb8a11e0c2,train
data/datasets/O+/cluster_6_2310.BMP,O+,SUBJECT_GROUP_0129,129,129__M_Left_thumb_finger.BMP,2c0d2b843f12f637eb04699923903eb348a5e0d20b12b910bc2fb2a8f0c02364,train
data/datasets/O+/cluster_6_2330.BMP,O+,SUBJECT_GROUP_0257,262,262__M_Left_middle_finger.BMP,d4449f4f8cbb1485f199ce9ad0df62622f0c4e4cc5b0a3827155f08d9e2bff48,train
data/datasets/O+/cluster_6_2340.BMP,O+,SUBJECT_GROUP_0175,175,175__M_Left_thumb_finger.BMP,2cc93bd7662278544bf4f1eacc5b0b8ce9f856586a860296cd161799d419ff40,train
data/datasets/O+/cluster_6_2342.BMP,O+,SUBJECT_GROUP_0246,250,250__F_Left_thumb_finger.BMP,fe40ac74ef085852e1ea4fe00186918b9dcecca66ccd26e127273810198be0ca,train
data/datasets/O+/cluster_6_2346.BMP,O+,SUBJECT_GROUP_0110,110,110__F_Left_index_finger.BMP,e45c409dee3dfe01468fd36af4ed3d38a95796ed820039dd01c21dde39cfe8af,train
data/datasets/O+/cluster_6_2349.BMP,O+,SUBJECT_GROUP_0342,347,347__M_Right_middle_finger.BMP,e1eb0e06e8354962ee0445f18010360f62440825697b8a558c187bd3b57edd06,train
data/datasets/O+/cluster_6_2351.BMP,O+,SUBJECT_GROUP_0436,443,443__M_Left_little_finger.BMP,879d2e1758201c388d1c63e931dda40afabafaec3ebeb322f41157d2d887f359,validation
data/datasets/O+/cluster_6_2353.BMP,O+,SUBJECT_GROUP_0316,321,321__M_Left_index_finger.BMP,72349e0799ecfad71ae71986320810dc0caa0ed74b9171412352a1d9a2b602b8,train
data/datasets/O+/cluster_6_2359.BMP,O+,SUBJECT_GROUP_0509,517,517__M_Right_thumb_finger.BMP,856b7d2aa03acd1b53364d0f2ae3127e37ae1f9fc0a10d3bfc1bc5074570e780,train
data/datasets/O+/cluster_6_2360.BMP,O+,SUBJECT_GROUP_0136,136,136__F_Left_thumb_finger.BMP,ac7d40fbd9bda6f8fbe5e10c34cd1cef03e2ff4d388fc43fb8182863e581e656,train
data/datasets/O+/cluster_6_2361.BMP,O+,SUBJECT_GROUP_0404,410,410__M_Left_ring_finger.BMP,f146a698b29566ab15d34f56b689981b2dcf4321acb1c2de8860927e762a1ebb,train
data/datasets/O+/cluster_6_2365.BMP,O+,SUBJECT_GROUP_0211,213,213__M_Left_thumb_finger.BMP,df6cea01eb7b83a8b5b98ce95efb3b5bb23abb0e8ead36145d30b542bcb13a37,train
data/datasets/O+/cluster_6_2366.BMP,O+,SUBJECT_GROUP_0371,377,377__M_Left_index_finger.BMP,6bffadcf82f0f79a2ddbc97e0b7eb70eac9254e948216e773b2670c6c6725bbc,test
data/datasets/O+/cluster_6_2384.BMP,O+,SUBJECT_GROUP_0043,43,43__F_Left_index_finger.BMP,2100e015b0c012749b1bfa0cf5285ecf1027ac63aab70f797767f2ddb984293e,train
data/datasets/O+/cluster_6_2385.BMP,O+,SUBJECT_GROUP_0368,373,373__M_Left_index_finger.BMP,51b0da0ecc3a8521a1a0e0200dddf1469d9410a445dac73d43195f353eacd9d8,validation
data/datasets/O+/cluster_6_2393.BMP,O+,SUBJECT_GROUP_0386,392,392__M_Right_little_finger.BMP,257c60038545f7beceecbbe7561ae0b334d88fc391ddaea6050915139ff07f69,train
data/datasets/O+/cluster_6_2402.BMP,O+,SUBJECT_GROUP_0220,223,223__M_Left_middle_finger.BMP,bd838840d7320f827e10026e0b5e5e78a03c8d55c8e46251df05270c08b6d33a,train
data/datasets/O+/cluster_6_2404.BMP,O+,SUBJECT_GROUP_0104,104,104__M_Left_index_finger.BMP,7b16524b142a76b231b65348be9085cf9602da13f4d24a1adf598f9026b41a62,validation
data/datasets/O+/cluster_6_2406.BMP,O+,SUBJECT_GROUP_0560,570,570__M_Right_index_finger.BMP,a1c7c018e89ac121abc2463162d1f200891a9bad7adc51a890ee0a8aca0d6daa,train
data/datasets/O+/cluster_6_2408.BMP,O+,SUBJECT_GROUP_0519,527,527__M_Left_index_finger.BMP,6c605c9ca7659230f45e1cf82e8a5d168fa9b65c7e01c53df37d5dd92f63bba0,train
data/datasets/O+/cluster_6_2424.BMP,O+,SUBJECT_GROUP_0423,430,430__F_Left_thumb_finger.BMP,c24971fe51a7603f59d53fbeea7bd5a9dfa67605cfcabf1dbf96cf5b26754580,test
data/datasets/O+/cluster_6_2425.BMP,O+,SUBJECT_GROUP_0486,493,493__M_Left_index_finger.BMP,4f2960a75421709341eb7bc97f1249fbf97a8dd4f57c4887a2861801026364e9,train
data/datasets/O+/cluster_6_2428.BMP,O+,SUBJECT_GROUP_0125,125,125__M_Left_index_finger.BMP,f95da1410de99a4165875a910816503bfe895ee87f0568083203818addf0b09d,test
data/datasets/O+/cluster_6_2431.BMP,O+,SUBJECT_GROUP_0139,139,139__M_Left_middle_finger.BMP,e7254fd518a410a2f9a0b77d2ad0fbfb75af10adc20f69b041a12465164841b8,train
data/datasets/O+/cluster_6_2435.BMP,O+,SUBJECT_GROUP_0176,176,176__M_Left_index_finger.BMP,390ceb2a547532c54d7d4aae96899fa473a7c8651b69a6674c13ea6566bb09a0,test
data/datasets/O+/cluster_6_2449.BMP,O+,SUBJECT_GROUP_0560,570,570__M_Left_index_finger.BMP,4881db4dd9b33959d88344758649a2777dbcfc9fa65e20efb09942d756828273,train
data/datasets/O+/cluster_6_245.BMP,O+,SUBJECT_GROUP_0220,223,223__M_Left_little_finger.BMP,6c45ffd63bf98fffa5cf9e483e03359f710c9d590f293fd9839d1a412a4f9e13,train
data/datasets/O+/cluster_6_2451.BMP,O+,SUBJECT_GROUP_0446,453,453__F_Left_middle_finger.BMP,c6344e4a799f3b103187c66eb915dee99db5aa500ef8e219c57a1ae848d1a69f,train
data/datasets/O+/cluster_6_2460.BMP,O+,SUBJECT_GROUP_0419,426,426__M_Left_thumb_finger.BMP,ffd26b21a1e03cf4c1618d38569f58977e857bb75624bd3a0e7635b64dbc0485,test
data/datasets/O+/cluster_6_2467.BMP,O+,SUBJECT_GROUP_0291,296,296__M_Left_index_finger.BMP,63b2badb42f0447bc45373fe98ec4d9ae9cbc1c66663b5ce15812f278e04ff27,train
data/datasets/O+/cluster_6_2473.BMP,O+,SUBJECT_GROUP_0294,299,299__M_Left_thumb_finger.BMP,f3e6e63320627af9a8633ce3f9244be7b7268598740945d9e4fc41547bf4c926,validation
data/datasets/O+/cluster_6_249.BMP,O+,SUBJECT_GROUP_0432,439,439__M_Left_index_finger.BMP,d8be412f675ea7a12b16d38bc2d57e9b60a64da6258546ab2dff1ab87592fd5b,train
data/datasets/O+/cluster_6_2500.BMP,O+,SUBJECT_GROUP_0456,463,463__F_Left_ring_finger.BMP,16e696efdda293ffcb16d7fd7b063e37c07bd93ee5281bd019a8f6d0f4a6e9f3,test
data/datasets/O+/cluster_6_2502.BMP,O+,SUBJECT_GROUP_0202,202,202__M_Left_middle_finger.BMP,652f9200d9e5f5dba37e2193608951d7529c64a986d4e0fb0f15d628266324b4,test
data/datasets/O+/cluster_6_2503.BMP,O+,SUBJECT_GROUP_0195,195,195__M_Left_middle_finger.BMP,a43e2a7a85f7b88fb7cbb3499c1164bc4765c4093c4c64aa7e1ca20f5c92d300,train
data/datasets/O+/cluster_6_2514.BMP,O+,SUBJECT_GROUP_0097,97,97__M_Left_index_finger.BMP,89ad2b6e5c36a24c3d59d24243575509ca9f6d3023ca17ec7ba982fc9ecb605e,train
data/datasets/O+/cluster_6_2519.BMP,O+,SUBJECT_GROUP_0583,596,596__M_Left_middle_finger.BMP,2ba1f136f89d99a9961916f9f48b1c16ef5c3673fc22b318094d9e991d5f4c56,train
data/datasets/O+/cluster_6_252.BMP,O+,SUBJECT_GROUP_0014,14,14__M_Left_index_finger.BMP,7212b1e028a529fef99cd71aeaf27300f44317e058d67e7da75f536813df6070,train
data/datasets/O+/cluster_6_2520.BMP,O+,SUBJECT_GROUP_0442,449,449__F_Left_thumb_finger.BMP,5b072ae3582f2b8fe6ff3bcce4f0eacde5ab9cf9a124cf37e7161f29fa9f2b14,train
data/datasets/O+/cluster_6_2521.BMP,O+,SUBJECT_GROUP_0363,368,368__M_Right_middle_finger.BMP,d065f4a01161e7c69ba8907f029b9909d74aac71dc78f00d95b959d2b8dc9860,train
data/datasets/O+/cluster_6_2524.BMP,O+,SUBJECT_GROUP_0567,578,578__M_Left_middle_finger.BMP,5a86f7417da2f63f21c621f33ee522c53ee24bdf0f63acdc5b119bfc2a8175f0,validation
data/datasets/O+/cluster_6_2526.BMP,O+,SUBJECT_GROUP_0092,204,204__F_Left_middle_finger.BMP,72062c45fa3befc3d7c91dec6ef043551d642f8915e74df1460a70c7209d464d,validation
data/datasets/O+/cluster_6_2537.BMP,O+,SUBJECT_GROUP_0068,68,68__M_Left_thumb_finger.BMP,51bc3731f03e9d3f67495780ce59b70c8554b4e5f8ae0e6c17f857a7bed88e95,test
data/datasets/O+/cluster_6_2545.BMP,O+,SUBJECT_GROUP_0050,50,50__M_Left_thumb_finger.BMP,00636a30632bcacff31a2f47a2d9dee178c83cfb55fcd573714bcc4cb3f3368b,train
data/datasets/O+/cluster_6_2548.BMP,O+,SUBJECT_GROUP_0480,487,487__M_Left_ring_finger.BMP,c6e730b0d703a68c29d5092eb7b87f3fd4c6e2eb9c14c23929e0e1d85efc2534,train
data/datasets/O+/cluster_6_2550.BMP,O+,SUBJECT_GROUP_0344,349,349__M_Left_thumb_finger.BMP,df3e1a0323cf3da092d2044943eb842ffa9a1362dd38a2219c8cc4130e47bd0d,train
data/datasets/O+/cluster_6_2551.BMP,O+,SUBJECT_GROUP_0019,19,19__M_Left_index_finger.BMP,ffb2059f7db3de4baa047bbbb493dab96df9ba2bd2e48321c4a23a455840c6ab,train
data/datasets/O+/cluster_6_2555.BMP,O+,SUBJECT_GROUP_0247,251,251__M_Left_index_finger.BMP,f7f54e0c397c4faa68000c87d3b2ad05b21211b46f53b457a50f670f8210c3f5,validation
data/datasets/O+/cluster_6_2566.BMP,O+,SUBJECT_GROUP_0172,172,172__M_Left_little_finger.BMP,29c8f58ca339d36bb8592ea0a5f69b3d1a589a72f360efdf7254ab4748b42062,train
data/datasets/O+/cluster_6_2578.BMP,O+,SUBJECT_GROUP_0176,176,176__M_Right_thumb_finger.BMP,9715fd070b833f9d2b8d5a1975dc197713646bd28f8e323b6bfc55e7c98f0448,test
data/datasets/O+/cluster_6_2586.BMP,O+,SUBJECT_GROUP_0398,404,404__M_Left_middle_finger.BMP,5706215e847293137df16d575b41812c7129bc6c285b8664b8ef28599caf92a0,validation
data/datasets/O+/cluster_6_2591.BMP,O+,SUBJECT_GROUP_0257,262,262__M_Left_thumb_finger.BMP,b03a52420dcb4da2fded692a80fa567f5837143f5b001726e6f9b06102831882,train
data/datasets/O+/cluster_6_2595.BMP,O+,SUBJECT_GROUP_0202,202,202__M_Left_thumb_finger.BMP,a380238d67a6ed56cf3b1d303cb00f081eff3dcbf27c6c92125ed45e37566745,test
data/datasets/O+/cluster_6_2617.BMP,O+,SUBJECT_GROUP_0133,133,133__M_Left_index_finger.BMP,4374b7c873303c3f6f8d2da7dea0e083a689327eb12e9214d29aa2b4c2e7ec6b,train
data/datasets/O+/cluster_6_2629.BMP,O+,SUBJECT_GROUP_0366,371,371__M_Left_ring_finger.BMP,4a2c7cbf7b1b6e468cf889077620ddf39d3f093c3ec61e920d7d498a89ba682e,train
data/datasets/O+/cluster_6_2630.BMP,O+,SUBJECT_GROUP_0498,505,505__M_Right_middle_finger.BMP,36d5b2b5007848c0b7e52b764354c0d0af0f5a4e63d23c1a962639e44c2d8198,train
data/datasets/O+/cluster_6_2631.BMP,O+,SUBJECT_GROUP_0544,552,552__M_Left_middle_finger.BMP,d716a3365634dd347a1e452c11da02f7b9a73ca575c5e1c2cf0069c39d77798e,train
data/datasets/O+/cluster_6_2635.BMP,O+,SUBJECT_GROUP_0162,162,162__M_Right_ring_finger.BMP,c8985f21b24a5da44d2c9e72545cdbe3195a90649d3fe713b1d9f0754e5574a4,train
data/datasets/O+/cluster_6_2637.BMP,O+,SUBJECT_GROUP_0507,515,515__M_Right_index_finger.BMP,1aeac026e057c01aba171bc188f71c492fa08f5802b6843694cc80470cfad173,train
data/datasets/O+/cluster_6_2639.BMP,O+,SUBJECT_GROUP_0206,208,208__M_Left_middle_finger.BMP,fc82bc4a96cddb65fe646a76e6c2a94903aac2e82839a0a7395301454ed92c31,train
data/datasets/O+/cluster_6_2644.BMP,O+,SUBJECT_GROUP_0512,520,520__M_Right_ring_finger.BMP,134cecfe7b9f7683746db07f33e6cc9e1990ee27c43dd5a7483e54f3fc464d87,train
data/datasets/O+/cluster_6_2651.BMP,O+,SUBJECT_GROUP_0425,432,432__M_Left_middle_finger.BMP,7d2511546951feface607af84696a810f0ef5f51466c1a45658fcce65a7e5dff,train
data/datasets/O+/cluster_6_2660.BMP,O+,SUBJECT_GROUP_0079,79,79__M_Left_index_finger.BMP,c6908d3bf3ff650bf08a7acbe0c7f2bdab7fa1f6ccb9e6c61d325f2010b19d1a,train
data/datasets/O+/cluster_6_2668.BMP,O+,SUBJECT_GROUP_0474,481,481__F_Left_thumb_finger.BMP,e02e38c7c070f4799c942f6839d0b7926161f714d2e6dff818f49fdcc1f09672,test
data/datasets/O+/cluster_6_267.BMP,O+,SUBJECT_GROUP_0006,6,6__M_Right_thumb_finger.BMP,e06c6d1cca9c4287eb2a46d7677063320d025729ca5aa8b01ae925ebf123d377,train
data/datasets/O+/cluster_6_2674.BMP,O+,SUBJECT_GROUP_0169,169,169__F_Left_thumb_finger.BMP,8efe2f6174a6692ab806e84ba108d039d30681389ab043345a846eab368e4bc9,train
data/datasets/O+/cluster_6_2677.BMP,O+,SUBJECT_GROUP_0581,594,594__M_Right_index_finger.BMP,a19f8a9294f5910fab85bcba40afb6648ceecc37bb3ca0ffc94175ddb9e81b2e,test
data/datasets/O+/cluster_6_2683.BMP,O+,SUBJECT_GROUP_0133,133,133__M_Right_little_finger.BMP,942d2854c3f400828d3c3ce5e9a67b2ac404ddab508a7c33834e24ebcdac5333,train
data/datasets/O+/cluster_6_2692.BMP,O+,SUBJECT_GROUP_0530,538,538__M_Left_index_finger.BMP,dc47af6a8f1b5efcbfd86ed7516d4b32dadce3baeee641b41feb4f66a5338f7e,train
data/datasets/O+/cluster_6_2695.BMP,O+,SUBJECT_GROUP_0391,397,397__M_Right_ring_finger.BMP,ad3bbeb2c6d01dc387adddefd57bad9815814b6cf2fa92d51b813e29194d646d,train
data/datasets/O+/cluster_6_2696.BMP,O+,SUBJECT_GROUP_0489,496,496__M_Right_ring_finger.BMP,eb69a4d840b4b9bc14bf40dc36b23bbbf353767d98b13a648933a855cbce9e14,train
data/datasets/O+/cluster_6_2708.BMP,O+,SUBJECT_GROUP_0156,156,156__F_Left_middle_finger.BMP,b3e6927fda3f607539b574190dbecbc610b934ec49061978e60f89ab409e4f09,train
data/datasets/O+/cluster_6_2710.BMP,O+,SUBJECT_GROUP_0365,370,370__M_Left_middle_finger.BMP,f3d35b527518a769580589f41e64ddae76c59a64e8a98885b042a0308ae28a68,train
data/datasets/O+/cluster_6_2721.BMP,O+,SUBJECT_GROUP_0331,336,336__M_Left_middle_finger.BMP,323ff0b63e222b238fc94bbe48b05d2d4055ad69ca65b11717f0ccbd78a1573e,train
data/datasets/O+/cluster_6_2733.BMP,O+,SUBJECT_GROUP_0026,26,26__M_Right_thumb_finger.BMP,145265435dddfa6793381d7d9cf4fef8a0029e0b5169bd058658430cc05db891,train
data/datasets/O+/cluster_6_2735.BMP,O+,SUBJECT_GROUP_0300,305,305__M_Right_index_finger.BMP,ff9891b6a7fe56cd3704668d11a3fddc44c56b9462e7d68f418ac1492e644d8d,test
data/datasets/O+/cluster_6_2744.BMP,O+,SUBJECT_GROUP_0367,372,372__M_Right_thumb_finger.BMP,db5d988a2b1aa5016369938c13d6a45d7e7f34109fbc3e271c9f06507b8103ab,train
data/datasets/O+/cluster_6_2748.BMP,O+,SUBJECT_GROUP_0440,447,447__M_Left_thumb_finger.BMP,b9d3ee9ac323e78ac124dbfb2f7a5da1a3659419f923acc46557f2746ad02cc3,train
data/datasets/O+/cluster_6_2749.BMP,O+,SUBJECT_GROUP_0197,197,197__M_Left_thumb_finger.BMP,5f488e9d44c7e810da93a7fd36652e2301779a555503caea3c443eb021695ee5,train
data/datasets/O+/cluster_6_2755.BMP,O+,SUBJECT_GROUP_0132,132,132__M_Left_little_finger.BMP,3ad4586e5300976d07462ed59e84a55380106bad2377a8b58177a87945f12393,test
data/datasets/O+/cluster_6_2769.BMP,O+,SUBJECT_GROUP_0095,95,95__M_Left_middle_finger.BMP,ed0e61bec33b9e29d8bd8c2dc2e3beb9e049b1fefcbe44a177642be19ef8237e,train
data/datasets/O+/cluster_6_2770.BMP,O+,SUBJECT_GROUP_0242,245,245__M_Left_index_finger.BMP,7d9fff759d6c1e1be13b687e30cbf7132bd2983655b2c6ad953bfa897b181b23,train
data/datasets/O+/cluster_6_2783.BMP,O+,SUBJECT_GROUP_0230,233,233__M_Left_index_finger.BMP,a472158784f6cfd642cb39fbbf3bb0d24750c96ee2be6e23b9c0443f7a5e6467,test
data/datasets/O+/cluster_6_2786.BMP,O+,SUBJECT_GROUP_0263,268,268__M_Left_thumb_finger.BMP,ad4383506b730a1999dcbf7c0a4b24736f9203d3722b380878ea1a5606ae7428,train
data/datasets/O+/cluster_6_279.BMP,O+,SUBJECT_GROUP_0525,533,533__M_Right_ring_finger.BMP,32976d4abe7717665a3a12d862540fd3d7c3ecfae4982684a4a02145c3b01c39,train
data/datasets/O+/cluster_6_2806.BMP,O+,SUBJECT_GROUP_0161,161,161__F_Left_thumb_finger.BMP,40919dbddbfcc4a4188212b8ee56a153f8ee2e51b1cd2598dc3b15c45aa41963,train
data/datasets/O+/cluster_6_2810.BMP,O+,SUBJECT_GROUP_0126,126,126__F_Left_thumb_finger.BMP,8831620b89099839dbe9b1343b71e57bf9ed42e665766bee5640af70cd55c66f,train
data/datasets/O+/cluster_6_2811.BMP,O+,SUBJECT_GROUP_0536,544,544__M_Right_ring_finger.BMP,6009bc615b1f665f0e974dc3951728e3e923eac517cb1681db32b53ad04a69c3,train
data/datasets/O+/cluster_6_2813.BMP,O+,SUBJECT_GROUP_0055,55,55__M_Left_ring_finger.BMP,42c675705811de823270972c2c86b37b61c193fa60d1442f983939e9b66704ed,train
data/datasets/O+/cluster_6_2817.BMP,O+,SUBJECT_GROUP_0173,173,173__F_Left_thumb_finger.BMP,cdd6ebc3f8ef770e4930751af0af83d2a786741e5168166403275ccdd0baa627,train
data/datasets/O+/cluster_6_2819.BMP,O+,SUBJECT_GROUP_0100,100,100__M_Left_thumb_finger.BMP,fd2d7cb2532e986d8ed9c23860d6d2d50d321afcd30fcef29fb3c9084db55ce9,train
data/datasets/O+/cluster_6_2839.BMP,O+,SUBJECT_GROUP_0513,521,521__M_Right_little_finger.BMP,03538f33e63fa77e78d0ed518e745e8805839148cfdd474202269aa4c4a4c119,train
data/datasets/O+/cluster_6_2844.BMP,O+,SUBJECT_GROUP_0331,336,336__M_Left_thumb_finger.BMP,4f0e369b12ccc51b8944d8a9e9b73ff71b4530c3d508483d2044d07ba621c553,train
data/datasets/O+/cluster_6_2851.BMP,O+,SUBJECT_GROUP_0321,326,326__M_Left_thumb_finger.BMP,9dac2cfbc6523c1615fd70d7f4f9292bf1aa2bf5c850b965488bd81a80e46e65,train
data/datasets/O+/cluster_6_2857.BMP,O+,SUBJECT_GROUP_0051,51,51__M_Left_thumb_finger.BMP,0af7c4dbaa12689d6c1d94d3f3ba5464d3356567dad42ded903b61f1e7edeb0a,train
data/datasets/O+/cluster_6_2858.BMP,O+,SUBJECT_GROUP_0355,360,360__M_Right_ring_finger.BMP,ed384d01dfd2955b4c50ba91697c3d44cc003a687b021ffa17615f192518c59f,test
data/datasets/O+/cluster_6_2863.BMP,O+,SUBJECT_GROUP_0389,395,395__M_Right_ring_finger.BMP,f804151bf17cd898bc4a2ab7ab9b6f99070e113b90570faddbb245507aca2a6a,train
data/datasets/O+/cluster_6_2865.BMP,O+,SUBJECT_GROUP_0292,577,577__M_Left_ring_finger.BMP,4123d9c8f777d4a01685a569e108f5a290c2085ee2ef091c5aad50ad117b539c,test
data/datasets/O+/cluster_6_2874.BMP,O+,SUBJECT_GROUP_0080,80,80__M_Left_thumb_finger.BMP,c30d1da2e4c40353520c0653a3f200133fae85da9b47513fa908ffe39d4204b7,train
data/datasets/O+/cluster_6_2892.BMP,O+,SUBJECT_GROUP_0292,590,590__M_Left_index_finger.BMP,5941ac966d2a009e678391900ac2e37287bdb5af6e95c797c5f6851b26b52411,test
data/datasets/O+/cluster_6_2897.BMP,O+,SUBJECT_GROUP_0077,77,77__M_Left_little_finger.BMP,69db39f2b3416b8c8dd75ae981d604ca8de4436c3e0d3a3a6693b5185cbfadfc,validation
data/datasets/O+/cluster_6_29.BMP,O+,SUBJECT_GROUP_0267,272,272__M_Right_ring_finger.BMP,738be2c54ba43710486220e3a3835e3ba15cd25fd9a6bc637b0f7c59343bc052,train
data/datasets/O+/cluster_6_2903.BMP,O+,SUBJECT_GROUP_0085,85,85__M_Right_little_finger.BMP,69b8dd59b03f13a1bf380e7ecdf3b2fffebc7c605983eabe76a600716bc76b0f,train
data/datasets/O+/cluster_6_2918.BMP,O+,SUBJECT_GROUP_0153,153,153__M_Left_little_finger.BMP,b5c7557db82374e91aca5910f545894719c428f10786926f46105f5653914f54,test
data/datasets/O+/cluster_6_2924.BMP,O+,SUBJECT_GROUP_0468,475,475__M_Left_thumb_finger.BMP,64eacb7aea2624002856a73af56b1d4dd8f2723fa2bc163a9143d5872b913b7c,validation
data/datasets/O+/cluster_6_2928.BMP,O+,SUBJECT_GROUP_0347,352,352__M_Right_ring_finger.BMP,62744e1a5ed0c40445a5f1371f98b29dcf92ab2231d99be27c10b36b077fe79b,train
data/datasets/O+/cluster_6_2941.BMP,O+,SUBJECT_GROUP_0228,231,231__M_Left_little_finger.BMP,7ae0eeb766723bef466219916f285e542409c0f3419a23e3252e1a0420363390,train
data/datasets/O+/cluster_6_2945.BMP,O+,SUBJECT_GROUP_0581,594,594__M_Left_thumb_finger.BMP,1392b34412b46a3ca6d28b0a1e3ea23eacbe0e67a0727926333418268e00a607,test
data/datasets/O+/cluster_6_2957.BMP,O+,SUBJECT_GROUP_0247,251,251__M_Left_thumb_finger.BMP,091885b0d6cc8b8b2e4dd9366fe205c00d9f21ab04473cf8f4e6d76355bcf90b,validation
data/datasets/O+/cluster_6_2963.BMP,O+,SUBJECT_GROUP_0492,499,499__M_Left_ring_finger.BMP,da38c51a0fe6974d08ec33d97cb1fedf1c681b3534e091548f4e34d3c3f5fdea,train
data/datasets/O+/cluster_6_2974.BMP,O+,SUBJECT_GROUP_0072,72,72__M_Left_thumb_finger.BMP,ee36691430747c5b9bcf0c81129bc6faa1c2a177b4faa61435e17b51f379f15b,train
data/datasets/O+/cluster_6_2976.BMP,O+,SUBJECT_GROUP_0124,124,124__M_Left_index_finger.BMP,599ca878c2f691841b1f5bd2dd2151b0c49a9bb820cd5d70053eb6d1f5a92ba7,train
data/datasets/O+/cluster_6_2985.BMP,O+,SUBJECT_GROUP_0312,317,317__M_Left_index_finger.BMP,f13bf1c47a9f6585b95faf363edfe73e4b1f97b65dd9ff5a4b9f8404288fa990,validation
data/datasets/O+/cluster_6_2986.BMP,O+,SUBJECT_GROUP_0373,379,379__F_Left_index_finger.BMP,f344efe14ae81477f655ffb129982c50cc05ba0a2750b55ae2416af325c93c19,train
data/datasets/O+/cluster_6_2995.BMP,O+,SUBJECT_GROUP_0318,323,323__M_Left_thumb_finger.BMP,72524eefa8524fef59d5565f683e5d72ed21aca94e596fa696017109d1f7be04,train
data/datasets/O+/cluster_6_3.BMP,O+,SUBJECT_GROUP_0335,340,340__M_Left_middle_finger.BMP,7b466e3f001743ae2d03bc175a7921f9579e25e0d6d9d7e60d27706a9b085691,validation
data/datasets/O+/cluster_6_30.BMP,O+,SUBJECT_GROUP_0519,527,527__M_Left_thumb_finger.BMP,3e2cab108c1178ab1252bc567ffe0ebb5425106f10e734a3ad37c9ceff43fccf,train
data/datasets/O+/cluster_6_3001.BMP,O+,SUBJECT_GROUP_0529,537,537__M_Left_thumb_finger.BMP,5e9e58e467d4fa8119a1f900cf792f98eec28bb9520e24bf2664d236d7d8ba6c,validation
data/datasets/O+/cluster_6_3010.BMP,O+,SUBJECT_GROUP_0093,93,93__M_Left_middle_finger.BMP,a0db780c88881a065f2de1b564ef73c8a1c907b8b4696dca519649edf021c9cb,train
data/datasets/O+/cluster_6_3024.BMP,O+,SUBJECT_GROUP_0316,321,321__M_Left_middle_finger.BMP,793c2997d829e19500e2e1cb8ae56b6723d31518ec690d0889378e9f44ba360d,train
data/datasets/O+/cluster_6_3027.BMP,O+,SUBJECT_GROUP_0410,416,416__M_Left_little_finger.BMP,bcc4b0a65c8259eadefd705120b7b6f5ac955164e98939898d410e821b3b3685,train
data/datasets/O+/cluster_6_3032.BMP,O+,SUBJECT_GROUP_0504,512,512__M_Right_middle_finger.BMP,b34e5db6d507b0125dcb109eb7806d236c176a0e44e853307b691e0fe190a879,train
data/datasets/O+/cluster_6_3036.BMP,O+,SUBJECT_GROUP_0380,386,386__M_Left_thumb_finger.BMP,d9e13edbacb45b8ddce5f8f7f0950862e65d88228c5852ec7de995dbe236fe4e,train
data/datasets/O+/cluster_6_305.BMP,O+,SUBJECT_GROUP_0367,372,372__M_Left_middle_finger.BMP,46fc3df9c768ff293cdfaa141522e5cfb6e02e0efc3cbe8aac0738e74b6e74e3,train
data/datasets/O+/cluster_6_3050.BMP,O+,SUBJECT_GROUP_0392,398,398__M_Right_thumb_finger.BMP,304df9f94e3f3d3f19ddef743fd3ebc2c381cd05aa13f35833d45db41cdfea4e,train
data/datasets/O+/cluster_6_3053.BMP,O+,SUBJECT_GROUP_0380,386,386__M_Left_middle_finger.BMP,c57def66bcc5d6400e7bc16c7df5fdf06631b5e09439953d115ce4fabfe8580b,train
data/datasets/O+/cluster_6_306.BMP,O+,SUBJECT_GROUP_0316,321,321__M_Right_ring_finger.BMP,ab4b4d60a18643306bd8de14163ee3834860fc8314e23a88913b041bc2348f38,train
data/datasets/O+/cluster_6_3071.BMP,O+,SUBJECT_GROUP_0305,310,310__M_Right_middle_finger.BMP,cf98072f4d12ad7bcf310edc9eae8a65a28a1cf9e6367128546869a02fb5623d,train
data/datasets/O+/cluster_6_3072.BMP,O+,SUBJECT_GROUP_0506,514,514__F_Left_middle_finger.BMP,16a22f5ed3bd57a2566791603db282a8208751825f3d5e714e8e61b980523f26,train
data/datasets/O+/cluster_6_3078.BMP,O+,SUBJECT_GROUP_0228,231,231__M_Left_index_finger.BMP,0b97bb83403f17da2a9b8de02ba379e1f05cc135ed123beef65882057cf29421,train
data/datasets/O+/cluster_6_3084.BMP,O+,SUBJECT_GROUP_0005,5,5__M_Left_ring_finger.BMP,3a1e30fec74adc51e24a4d39c2560bd0b8480e61bd80ea2e080a557f4219c710,train
data/datasets/O+/cluster_6_3090.BMP,O+,SUBJECT_GROUP_0234,237,237__M_Left_index_finger.BMP,382675e2fe281ce8e9fbb66bedc4bb5f18cfa7cf83a3295d987460de83f78277,train
data/datasets/O+/cluster_6_3093.BMP,O+,SUBJECT_GROUP_0075,75,75__F_Left_middle_finger.BMP,2f5692f2fce6dbba3579fa5dca89b86670438c9edb1aa8c59f1a6b6a8fa0a8fe,train
data/datasets/O+/cluster_6_3096.BMP,O+,SUBJECT_GROUP_0159,159,159__M_Left_ring_finger.BMP,4a02e98cc233f57d599c6c09fe3e7714de817620743a3d41de5a86718305d7af,train
data/datasets/O+/cluster_6_3112.BMP,O+,SUBJECT_GROUP_0406,412,412__M_Left_thumb_finger.BMP,8d7f2fd536d31f18a4bbc13a1c381c8b5b1ce908f3d778591e86a0a9bea5f057,train
data/datasets/O+/cluster_6_3122.BMP,O+,SUBJECT_GROUP_0577,589,589__M_Left_index_finger.BMP,3d88e9c76a61c2ecab5ec22fa728f0f0388e42fb339077e33e03fe793f7d9cce,validation
data/datasets/O+/cluster_6_3124.BMP,O+,SUBJECT_GROUP_0525,533,533__M_Left_ring_finger.BMP,7ae0a9a5c4c3f2c97794b8e023c13b40131241af0255ba682fb2b8e2ffcd49c4,train
data/datasets/O+/cluster_6_3138.BMP,O+,SUBJECT_GROUP_0083,83,83__M_Left_middle_finger.BMP,6068953140ef6f494d35e8f700b0defabcb13ebf7ca01339e476e575f55a8c7e,train
data/datasets/O+/cluster_6_3140.BMP,O+,SUBJECT_GROUP_0352,357,357__M_Left_thumb_finger.BMP,e4b3680a33c3d10a0b7478360795f4c11367b0f2c918dacbfbc0462da4a46490,train
data/datasets/O+/cluster_6_3147.BMP,O+,SUBJECT_GROUP_0376,382,382__M_Left_ring_finger.BMP,5a2955d49c38d4351245be642ea5a0af7bd698565782bbfcfcbad8eac5efb6c1,validation
data/datasets/O+/cluster_6_3153.BMP,O+,SUBJECT_GROUP_0026,26,26__M_Left_little_finger.BMP,fb7e943673589c924c5017920798ccf674915c1980c2821179d0cf3872df9674,train
data/datasets/O+/cluster_6_3158.BMP,O+,SUBJECT_GROUP_0405,411,411__M_Left_thumb_finger.BMP,6f0810a659316b8d09ad67ede5cd5d4133ded49da23c6c823ab54acace3cc836,train
data/datasets/O+/cluster_6_3167.BMP,O+,SUBJECT_GROUP_0360,365,365__M_Left_ring_finger.BMP,67cc8054cc2a82ab52a59ceaebd2f361ee58fb967927c0f2b044c1ad06992cca,test
data/datasets/O+/cluster_6_3174.BMP,O+,SUBJECT_GROUP_0404,410,410__M_Left_index_finger.BMP,ffb8f56d8128d4e283afc5cde7669132c7d8f744b3d6b6c407e24811ca8bafc4,train
data/datasets/O+/cluster_6_3181.BMP,O+,SUBJECT_GROUP_0380,386,386__M_Right_middle_finger.BMP,34cec9295ef861c6d3e4691550dd8b7f5c977f47e60aa3f183eb7077eedde2b6,train
data/datasets/O+/cluster_6_3184.BMP,O+,SUBJECT_GROUP_0321,326,326__M_Right_middle_finger.BMP,56b01f2a30b0d0cd2d6277a9ea33e4cd13f1dfeb61e491b32966f72fae3721f7,train
data/datasets/O+/cluster_6_3191.BMP,O+,SUBJECT_GROUP_0540,548,548__F_Right_index_finger.BMP,662b8b8f9b0edfb06f1c5560ae9bbf2315789a6961344d5dd9688f33fb1c4173,train
data/datasets/O+/cluster_6_3203.BMP,O+,SUBJECT_GROUP_0505,513,513__M_Left_index_finger.BMP,5949d00c2d34224b2925065e49dc7f6aff7ffff6d11d7eabc1e0189e9cfd7852,train
data/datasets/O+/cluster_6_3224.BMP,O+,SUBJECT_GROUP_0317,322,322__M_Left_ring_finger.BMP,bac1e8398fe686b9d312d2895035294e95dd56571aa8746b1b29c78988f69143,train
data/datasets/O+/cluster_6_3240.BMP,O+,SUBJECT_GROUP_0215,217,217__M_Left_thumb_finger.BMP,c76fb32f0d0e5ad93e7ac9e971a99b362a42188efc7f9b1e690f8dcbf4a13e3b,test
data/datasets/O+/cluster_6_3251.BMP,O+,SUBJECT_GROUP_0488,495,495__M_Left_thumb_finger.BMP,1ff71490917edf5a1c364a0ae069f5f7cfbe913025f1072d86bc684cc922e99d,validation
data/datasets/O+/cluster_6_3257.BMP,O+,SUBJECT_GROUP_0556,566,566__M_Left_middle_finger.BMP,47ed696d0a0d97681bf0ef881c5c6c0b7355c27091a7c87116750ca19305b256,train
data/datasets/O+/cluster_6_3262.BMP,O+,SUBJECT_GROUP_0035,35,35__M_Right_index_finger.BMP,ea07fb06250f1e8634bdeb6043eced2b154e677a3141d3dcbbf0484d02199406,validation
data/datasets/O+/cluster_6_3265.BMP,O+,SUBJECT_GROUP_0331,336,336__M_Right_thumb_finger.BMP,91cc108c2e24623d4e48d7f45c085f862eaa27dcc994cda463444f210a7b58b3,train
data/datasets/O+/cluster_6_3279.BMP,O+,SUBJECT_GROUP_0283,288,288__M_Left_thumb_finger.BMP,6c495a23df55eacaaf9136a56fa69b5826adf7e4b05f3a3b01a90fe4bfb30209,train
data/datasets/O+/cluster_6_328.BMP,O+,SUBJECT_GROUP_0158,158,158__M_Left_index_finger.BMP,9272561161ee17291e6d0c0031a492f742a00745e4340899c13b92ff5d710343,train
data/datasets/O+/cluster_6_3280.BMP,O+,SUBJECT_GROUP_0374,380,380__M_Left_index_finger.BMP,e44c995c26ac73f8b11e3b0194d1a95cfd2f08214e40c6ef8c1373ade77ddc8f,validation
data/datasets/O+/cluster_6_3281.BMP,O+,SUBJECT_GROUP_0140,140,140__F_Left_ring_finger.BMP,d253dbc989e5a5dc40726c1422451c9083147072a27cc07f453f822b02d3a77a,train
data/datasets/O+/cluster_6_3283.BMP,O+,SUBJECT_GROUP_0076,76,76__F_Left_thumb_finger.BMP,800946a705d8a973c45d752af5b50b9e20b558123a3f06c1bf69df15916b377c,train
data/datasets/O+/cluster_6_3285.BMP,O+,SUBJECT_GROUP_0286,291,291__M_Left_middle_finger.BMP,d2a728a67cfe29ff87efa863f8db355caa0c8950e8be2826f40b12cbdd51b0c2,train
data/datasets/O+/cluster_6_3296.BMP,O+,SUBJECT_GROUP_0438,445,445__M_Left_little_finger.BMP,5688c1958d94cf9aa1e355ebeb2db0cc2762ee2e4900348ea85bce3f4249f091,train
data/datasets/O+/cluster_6_3297.BMP,O+,SUBJECT_GROUP_0508,516,516__M_Left_index_finger.BMP,2efa14f6aab97eb2e2b4b527eedb511115cda0e347eeabeab0936cb554ffe7d4,train
data/datasets/O+/cluster_6_3298.BMP,O+,SUBJECT_GROUP_0541,549,549__M_Left_index_finger.BMP,b2e601b7a418a52c62a4ee789a4b44cbab6096bed52eef0ac893508081eada00,train
data/datasets/O+/cluster_6_3303.BMP,O+,SUBJECT_GROUP_0140,140,140__F_Left_middle_finger.BMP,7e6613a2e0707565d813efa4f78fb8c45f45f5f6ddd5de3d9a26ce0e9f946201,train
data/datasets/O+/cluster_6_3308.BMP,O+,SUBJECT_GROUP_0117,117,117__F_Left_index_finger.BMP,38c02e588699b20267dd6acb975a6357f54d3cf21027de4963fa011bf5f3459b,test
data/datasets/O+/cluster_6_3322.BMP,O+,SUBJECT_GROUP_0450,457,457__M_Right_index_finger.BMP,744fb22979482a80052790ccd8eb408e028c5c9526ffd8e8b030e3a7b2e28ba4,validation
data/datasets/O+/cluster_6_3324.BMP,O+,SUBJECT_GROUP_0022,22,22__M_Left_little_finger.BMP,24895cadc7c17e71021c87c78755eb7bd95100287c046581b2c2e6243b9c7cfb,test
data/datasets/O+/cluster_6_334.BMP,O+,SUBJECT_GROUP_0021,21,21__M_Right_ring_finger.BMP,2b71f5c85f85c6d46b31f33e5b5c719ef90e2f9eafbb51bf995ca41d2b2523be,test
data/datasets/O+/cluster_6_3341.BMP,O+,SUBJECT_GROUP_0433,440,440__M_Left_index_finger.BMP,2ace674fc947f0b1b4bf9e10e59a8d2a3460eb0c6ca5776ed987f740d75f3f73,train
data/datasets/O+/cluster_6_3349.BMP,O+,SUBJECT_GROUP_0166,166,166__M_Right_middle_finger.BMP,b33f6da0ebd0b7e37dd19a6838250c5be22038c6527f4725596cb19c3eab6124,train
data/datasets/O+/cluster_6_3355.BMP,O+,SUBJECT_GROUP_0500,507,507__M_Left_thumb_finger.BMP,a75d8fd898cfeda45aaa17ebde7ad38a76e522f2ea732d7bfa5767c1780953c7,train
data/datasets/O+/cluster_6_336.BMP,O+,SUBJECT_GROUP_0531,539,539__F_Left_middle_finger.BMP,1489b45c946eed08d8078a87dd26db42dec8fc3ef874243518477b6d0d2538a3,test
data/datasets/O+/cluster_6_3362.BMP,O+,SUBJECT_GROUP_0075,75,75__F_Right_little_finger.BMP,1130cf7b39a527931b114d97c14c7beba32a205da517f490ff92a8b6f993ce1b,train
data/datasets/O+/cluster_6_3377.BMP,O+,SUBJECT_GROUP_0386,392,392__M_Left_middle_finger.BMP,95b8feb4e1e16c255bad1a2335ee4496dd7a96cb3bc08df7a58ee8b877f5e1f8,train
data/datasets/O+/cluster_6_3415.BMP,O+,SUBJECT_GROUP_0358,363;376,363__M_Left_little_finger.BMP;376__F_Left_little_finger.BMP,e56cb771569062aa5bea543325814ce058f6f9a8ef30ffaad99368346a0db7c7,test
data/datasets/O+/cluster_6_3425.BMP,O+,SUBJECT_GROUP_0434,441,441__M_Left_ring_finger.BMP,445e02a173c17669a58e1d87958908417b8d8250c3f5ce800e8c2973b72c5d37,train
data/datasets/O+/cluster_6_3429.BMP,O+,SUBJECT_GROUP_0191,191,191__F_Left_ring_finger.BMP,8cba4166150b2dfbc1684844d59ab4384c381139a4872e1fc562362a638b186f,train
data/datasets/O+/cluster_6_3437.BMP,O+,SUBJECT_GROUP_0448,455,455__M_Right_little_finger.BMP,6b7ff9e5edc0e5d08e909aa6d6b813ae33189230e1cec664e89d1650e7cad109,train
data/datasets/O+/cluster_6_3439.BMP,O+,SUBJECT_GROUP_0377,383,383__M_Left_little_finger.BMP,3f5b0179f7020697107117cd2e45e83c45ccce71d4fc08ac80d572f7d096b4f4,train
data/datasets/O+/cluster_6_3441.BMP,O+,SUBJECT_GROUP_0238,241,241__M_Left_middle_finger.BMP,f37c31d4339d9ced0e3a384acd74b958cc5f16f32a06732d49eee68e756d6537,train
data/datasets/O+/cluster_6_3449.BMP,O+,SUBJECT_GROUP_0355,360,360__M_Left_index_finger.BMP,f46f515a25cdc0ed189149e26fb4532ab543a46f4b33cf89526c0cc45286c351,test
data/datasets/O+/cluster_6_345.BMP,O+,SUBJECT_GROUP_0287,292,292__M_Left_thumb_finger.BMP,c5d1216e0d8c88fe0f8650c8b0ee9774cb067f981e6e9a69704cce95251f1ba3,validation
data/datasets/O+/cluster_6_3454.BMP,O+,SUBJECT_GROUP_0398,404,404__M_Right_ring_finger.BMP,94ca7c578039525301ef54d27effc2b0e96f0777d00d2f0bdf0da7be1cdfa979,validation
data/datasets/O+/cluster_6_3456.BMP,O+,SUBJECT_GROUP_0560,570,570__M_Left_middle_finger.BMP,9eb8c1854efd790674f2a5cff6d5bed79a74031facada2110a339255d1dd8e09,train
data/datasets/O+/cluster_6_3465.BMP,O+,SUBJECT_GROUP_0426,433,433__M_Right_ring_finger.BMP,b187d75edf8a5b11b03a72d1a62d694163b851424babdb21a030b6ee5bf261d4,validation
data/datasets/O+/cluster_6_3466.BMP,O+,SUBJECT_GROUP_0163,163,163__M_Left_index_finger.BMP,d50381472165ce7f48b7fd04459f805000f4c2483c1e7655b72f81841bf5508c,train
data/datasets/O+/cluster_6_3469.BMP,O+,SUBJECT_GROUP_0168,168,168__M_Left_thumb_finger.BMP,6ac3eae23d15b74f5415ab0cb36f972c235773bf85926b09c1e0ff292d3d1572,train
data/datasets/O+/cluster_6_3487.BMP,O+,SUBJECT_GROUP_0459,466,466__F_Left_thumb_finger.BMP,98c4c413869fda5da75e739ae196f67c22bbdb8853ae7910ddca81746bfb354f,test
data/datasets/O+/cluster_6_3496.BMP,O+,SUBJECT_GROUP_0092,92,92__F_Left_middle_finger.BMP,7ec314d0bde2eec6bda7eda76bc2a15e7352241a2c22f2bb389ab7be1fc92365,validation
data/datasets/O+/cluster_6_3511.BMP,O+,SUBJECT_GROUP_0090,90,90__M_Left_index_finger.BMP,7dc818a6368747d5fcfbf5caa1c53d595ca88d72351ebd2b891e948ee9c18199,train
data/datasets/O+/cluster_6_3512.BMP,O+,SUBJECT_GROUP_0060,60,60__M_Left_middle_finger.BMP,98490500cfbeefb0379d0b46e8061875247578bcf4dfd0f0f68243b579f35cba,train
data/datasets/O+/cluster_6_3519.BMP,O+,SUBJECT_GROUP_0116,116,116__M_Left_middle_finger.BMP,b457ca58863a3a1841ed065ad886905d9bd66ad26b92433d06c330d7dfcf506b,test
data/datasets/O+/cluster_6_3520.BMP,O+,SUBJECT_GROUP_0492,499,499__M_Left_little_finger.BMP,de17858395e82dbfc297f6e04e4dd1c7385a3fab1d92da56d563369d5db6f8f2,train
data/datasets/O+/cluster_6_3521.BMP,O+,SUBJECT_GROUP_0357,362,362__M_Left_little_finger.BMP,8991f269673620c977fd612888ff89553cadda04aae44294a1cc8fdec3057f06,train
data/datasets/O+/cluster_6_3522.BMP,O+,SUBJECT_GROUP_0089,89,89__M_Right_ring_finger.BMP,ea45e320b38aee4c73d6bbf010110fb90a8c8686feede2e16e60a3186584de1f,validation
data/datasets/O+/cluster_6_3525.BMP,O+,SUBJECT_GROUP_0329,334,334__F_Left_index_finger.BMP,44926607bc1530287d8a16708e0bafaed38f1af868d559810429000a6e5b0f49,train
data/datasets/O+/cluster_6_3536.BMP,O+,SUBJECT_GROUP_0282,287,287__M_Left_middle_finger.BMP,5be1957bbb59d7260716d13a8dd235bc49c50700a499969999a8c7d50c9b8da6,train
data/datasets/O+/cluster_6_3537.BMP,O+,SUBJECT_GROUP_0064,64,64__M_Right_middle_finger.BMP,f6af85db6dc3cf09281584e795411d11562759e5c9b8355b660373bd612231e9,validation
data/datasets/O+/cluster_6_3539.BMP,O+,SUBJECT_GROUP_0448,455,455__M_Left_index_finger.BMP,d30b7b51beb6f386ace98bb5aeb7467c2f4ba16d87312e7efb3f580985731558,train
data/datasets/O+/cluster_6_3550.BMP,O+,SUBJECT_GROUP_0092,92,92__F_Left_thumb_finger.BMP,600c88873de37067f1a1fa477b3ce2199665e4381dd423a3e7fc4116d88dfccf,validation
data/datasets/O+/cluster_6_3568.BMP,O+,SUBJECT_GROUP_0320,325,325__M_Right_ring_finger.BMP,ab732b4dae031389d029d104caca80daeffd6dd013f8da77764c43fc643ba6a8,train
data/datasets/O+/cluster_6_357.BMP,O+,SUBJECT_GROUP_0446,453,453__F_Left_thumb_finger.BMP,2af64b5f45378ecc67a99a578ea8e9f46628d79843568783eb296a12b235a337,train
data/datasets/O+/cluster_6_3570.BMP,O+,SUBJECT_GROUP_0037,37,37__M_Left_index_finger.BMP,0ab5ce3e537e0ed9853abe397e3482a94daac16f6d577027c946d366eeb02125,train
data/datasets/O+/cluster_6_3575.BMP,O+,SUBJECT_GROUP_0374,380,380__M_Left_ring_finger.BMP,19c67881c24a983be19e62bf4006acbd4fa363dca300b5cc261450d2244724bb,validation
data/datasets/O+/cluster_6_3577.BMP,O+,SUBJECT_GROUP_0525,533,533__M_Left_middle_finger.BMP,05512bc4416ef0a368a00b081caf8803e6785a6e650702c60d676ff65eca78e6,train
data/datasets/O+/cluster_6_360.BMP,O+,SUBJECT_GROUP_0142,142,142__F_Left_thumb_finger.BMP,c4147f760db5649d44e08875ec8176a53b66f06ee80d9722b82437564f7f5a93,train
data/datasets/O+/cluster_6_3611.BMP,O+,SUBJECT_GROUP_0560,570,570__M_Right_ring_finger.BMP,25f05307cdf87023d97126499a96d1c35c3f6af7356a8bc288f41db5bd7f06f6,train
data/datasets/O+/cluster_6_3621.BMP,O+,SUBJECT_GROUP_0357,362,362__M_Left_middle_finger.BMP,183cf8fda91af12bebcfa933ae18775ecd6ac2919b6b2a9baa64f3ace7b42889,train
data/datasets/O+/cluster_6_3623.BMP,O+,SUBJECT_GROUP_0492,499,499__M_Left_middle_finger.BMP,8def6b8dde85541b2983467d162b529aef2c725be0509349b38527536b60d707,train
data/datasets/O+/cluster_6_3634.BMP,O+,SUBJECT_GROUP_0469,476,476__M_Left_little_finger.BMP,5cc360ba32334342c863fb8ade8f00f5a1f5082011f9119cb6cf81482d2aeb5f,validation
data/datasets/O+/cluster_6_3635.BMP,O+,SUBJECT_GROUP_0398,404,404__M_Left_thumb_finger.BMP,614605b9e34c17884a436fa4579c6964821b4307610d8ad4b66584b093052e11,validation
data/datasets/O+/cluster_6_3638.BMP,O+,SUBJECT_GROUP_0421,428,428__M_Left_middle_finger.BMP,63022f68eca5368e27def3ff4a2ecd8626caed5034d2bbe2c3f4b57a21fe51e5,train
data/datasets/O+/cluster_6_3640.BMP,O+,SUBJECT_GROUP_0320,325,325__M_Right_index_finger.BMP,69c0e7509d8811aef35c44d6e17b3bfd46bd65315598fddde4f5b96fd5a2f7e0,train
data/datasets/O+/cluster_6_3652.BMP,O+,SUBJECT_GROUP_0570,581,581__F_Left_thumb_finger.BMP,37837ef8e83847b3731b321ebd0316b1e0c76c9f90bcfea1b2255a9a76226474,train
data/datasets/O+/cluster_6_3668.BMP,O+,SUBJECT_GROUP_0145,145,145__M_Right_ring_finger.BMP,6e6054e471bb069ea2da02125613bc839bb64c5074df72fe6c4d1179b8cd48ee,train
data/datasets/O+/cluster_6_3672.BMP,O+,SUBJECT_GROUP_0158,158,158__M_Left_little_finger.BMP,739d9cc479fc58acd57b9ecc99cb82cc80c640fb1754289f99bb5633b102d14c,train
data/datasets/O+/cluster_6_3677.BMP,O+,SUBJECT_GROUP_0441,448,448__M_Right_little_finger.BMP,5c59aa5a638ce5e16ceed4a5cf237eab86b201db608559de47f67d2651f3a907,train
data/datasets/O+/cluster_6_368.BMP,O+,SUBJECT_GROUP_0278,283,283__M_Left_index_finger.BMP,863a2990f4e2cd0563b6b38197361a7e38f8d7d2c05914e94171d7e104994348,validation
data/datasets/O+/cluster_6_3686.BMP,O+,SUBJECT_GROUP_0324,329,329__M_Left_middle_finger.BMP,3828f280c2ddd8a3d229f1609dba4556680bf582c693ef177298910f6c0f8002,train
data/datasets/O+/cluster_6_3688.BMP,O+,SUBJECT_GROUP_0326,331,331__M_Left_middle_finger.BMP,682d78064acd71811ce247274f6c58173d6e50672708edc5fa6ab0317bfc07cf,train
data/datasets/O+/cluster_6_3693.BMP,O+,SUBJECT_GROUP_0359,364,364__M_Left_ring_finger.BMP,5800972ff6abc3327a4120e14abfd235e28681e7250fbfbb14262e087b4f0940,train
data/datasets/O+/cluster_6_3695.BMP,O+,SUBJECT_GROUP_0018,18,18__M_Left_little_finger.BMP,75e2e4fff26924fabda7c72e8f51056175760cac97a282605a9213ba385eb6f4,validation
data/datasets/O+/cluster_6_3697.BMP,O+,SUBJECT_GROUP_0412,419,419__F_Left_thumb_finger.BMP,2d95a7320247979bf3cd5ab7c47937fdd766e5e31965020d6fde65b042d9f0b9,train
data/datasets/O+/cluster_6_3705.BMP,O+,SUBJECT_GROUP_0306,311,311__M_Left_thumb_finger.BMP,b33d41d0deae50775942725d3737fc9f3e7e03fbcd8e2b17be5eb49c991a8fc1,validation
data/datasets/O+/cluster_6_371.BMP,O+,SUBJECT_GROUP_0398,404,404__M_Left_ring_finger.BMP,6f12327df1e17c5b638a1ce10daf76a67887336a93d5ed918a5506884570eea7,validation
data/datasets/O+/cluster_6_3727.BMP,O+,SUBJECT_GROUP_0415,422,422__M_Left_middle_finger.BMP,b89fcd9df8e9e8668f357bfe71ad14501fb66c8239b26e9ec055b921b34a1fed,train
data/datasets/O+/cluster_6_3730.BMP,O+,SUBJECT_GROUP_0126,126,126__F_Left_middle_finger.BMP,48ef71d9b2669d3b66fb637b78a7c560094a4e57bdc6a8e861d6e9d76bebfb7e,train
data/datasets/O+/cluster_6_3733.BMP,O+,SUBJECT_GROUP_0069,69,69__M_Left_index_finger.BMP,a9568f6804fe3cd4cab499359ad1f0dae817e2a501d42011bd07ef04a8a873da,train
data/datasets/O+/cluster_6_3737.BMP,O+,SUBJECT_GROUP_0476,483,483__M_Left_thumb_finger.BMP,b7d03a3bf4d5457fcf3a425b7989fbf6e2710b0834898d57048006994fecf5b7,train
data/datasets/O+/cluster_6_3743.BMP,O+,SUBJECT_GROUP_0012,12,12__M_Left_index_finger.BMP,8f185f2c127f8559f5c94018bc59d2c80398505b3e9ae7c4f58058e3dd4e7781,train
data/datasets/O+/cluster_6_3753.BMP,O+,SUBJECT_GROUP_0367,372,372__M_Left_thumb_finger.BMP,988562e4c74de6d40e48f522baedbbbc679172a6935fac34879762b0ac5f6ae6,train
data/datasets/O+/cluster_6_3754.BMP,O+,SUBJECT_GROUP_0457,464,464__M_Left_index_finger.BMP,d7eb92520b5547e5d4dc6b88a2b327a8460f01fcdea6dc6dfc642f70430ed7a0,train
data/datasets/O+/cluster_6_3758.BMP,O+,SUBJECT_GROUP_0436,443,443__M_Left_thumb_finger.BMP,fc7017c638d483be2c0155f590505302812bca28e14158d3a27af237151a9131,validation
data/datasets/O+/cluster_6_3774.BMP,O+,SUBJECT_GROUP_0280,285,285__M_Left_ring_finger.BMP,0af75ea9ac520de3daf0bdaaeddeeee19b0b0a97ff10b85f7c0aef7612a2fea8,train
data/datasets/O+/cluster_6_3776.BMP,O+,SUBJECT_GROUP_0147,147,147__M_Right_ring_finger.BMP,9b0c41ba27f7d5076594333646900b3e90ed68258428c6985f5ff7bca4febac3,train
data/datasets/O+/cluster_6_3781.BMP,O+,SUBJECT_GROUP_0252,256,256__M_Left_middle_finger.BMP,24f4579103966a89aa30c130abc37291fb53d9bf826304c25a3c408f7701a55d,test
data/datasets/O+/cluster_6_3784.BMP,O+,SUBJECT_GROUP_0011,11,11__M_Left_index_finger.BMP,1782e1ca292403c7f24ef6b07fb0d87a2bda60340ed44048adfbdcde1547a625,train
data/datasets/O+/cluster_6_3794.BMP,O+,SUBJECT_GROUP_0185,185,185__M_Left_middle_finger.BMP,ce6ca46a1a35bc7417f9fe8eba6f58b6f54917ef5fadf6165a666d94ecadff15,train
data/datasets/O+/cluster_6_3807.BMP,O+,SUBJECT_GROUP_0216,218,218__M_Left_thumb_finger.BMP,29bc4d9931084c5770f9dafceec791a66c4cb1f6a4387782bc8b042e0e64dd26,train
data/datasets/O+/cluster_6_3812.BMP,O+,SUBJECT_GROUP_0237,240,240__F_Left_index_finger.BMP,c45545c5c23c8995dac0ba1f757f12ede52a38acf61c7717b72145fd16718bee,train
data/datasets/O+/cluster_6_3817.BMP,O+,SUBJECT_GROUP_0361,366,366__M_Left_middle_finger.BMP,a1b86a0b28455f618524d43b0e3266ac63504cc380570e1ad278976eabcfee01,train
data/datasets/O+/cluster_6_3819.BMP,O+,SUBJECT_GROUP_0265,270,270__M_Left_thumb_finger.BMP,12a397f5005df8ca0d007208f0650d0ea85b739cde152d014237244a25b84787,train
data/datasets/O+/cluster_6_3826.BMP,O+,SUBJECT_GROUP_0451,458,458__M_Left_middle_finger.BMP,7698892f275e48a2f13b130c416843f43e0881a1b35c91d6b7dab55934e35d41,train
data/datasets/O+/cluster_6_3827.BMP,O+,SUBJECT_GROUP_0153,153,153__M_Left_index_finger.BMP,60a0ab6a354189582b830f2ebc6824b2e61f4c94eef36d42bcbf1fd81aee1285,test
data/datasets/O+/cluster_6_3831.BMP,O+,SUBJECT_GROUP_0100,100,100__M_Left_index_finger.BMP,881a73286add4b6e7b6144408327fb2b4a13d655bfd037f21dabdd98856ed317,train
data/datasets/O+/cluster_6_3844.BMP,O+,SUBJECT_GROUP_0397,403,403__M_Left_index_finger.BMP,6cfc8cf3197c35b03dd001d3dc9b4c90f4e511f524bc7118367c8e7436e2e807,test
data/datasets/O+/cluster_6_3852.BMP,O+,SUBJECT_GROUP_0185,185,185__M_Right_index_finger.BMP,b87604cd6373b2a4190538137f57b55ded9b86daf1412e62c676c99bdb832b23,train
data/datasets/O+/cluster_6_386.BMP,O+,SUBJECT_GROUP_0395,401,401__M_Left_thumb_finger.BMP,d796e3e3842cee782473abad1a09cc6be79edbb526a927533cc776641409fc33,train
data/datasets/O+/cluster_6_3860.BMP,O+,SUBJECT_GROUP_0585,598,598__M_Left_index_finger.BMP,d7e3643dcbb25f8dee6202497b34483cd790e599cf44bb0327409cb2a48dbc27,train
data/datasets/O+/cluster_6_3863.BMP,O+,SUBJECT_GROUP_0184,184,184__M_Left_middle_finger.BMP,aeee0953e10ce16ccd4d4ce319b226f512bccfe8032ae6f17d00ae93ebbe137b,train
data/datasets/O+/cluster_6_3869.BMP,O+,SUBJECT_GROUP_0392,398,398__M_Left_middle_finger.BMP,5304be83b5f2c84d79304ba5ba5494aafa9bc52bf8d3f0cb8ad430da59898e73,train
data/datasets/O+/cluster_6_3876.BMP,O+,SUBJECT_GROUP_0306,311,311__M_Left_middle_finger.BMP,a1efcc302aaec3776394b1c48239a70b274105dfd9e61c01d0f0e707b7360888,validation
data/datasets/O+/cluster_6_3880.BMP,O+,SUBJECT_GROUP_0116,116,116__M_Left_index_finger.BMP,ba56f918ac23a35c512ecde86add212112826d40723a628d0e67fc73e825fd3b,test
data/datasets/O+/cluster_6_3888.BMP,O+,SUBJECT_GROUP_0491,498,498__M_Left_ring_finger.BMP,9a2b23d18946e417e68ad9c7d5b42bce288e238662763e40c2294ab3a2e495ff,train
data/datasets/O+/cluster_6_3890.BMP,O+,SUBJECT_GROUP_0351,356,356__M_Left_little_finger.BMP,a5c53e2cba21bc80d0e2abe2b4667b2952e6a34b4f4cc0961793cb3515da367e,train
data/datasets/O+/cluster_6_3892.BMP,O+,SUBJECT_GROUP_0105,105,105__M_Left_ring_finger.BMP,024eb90624ea6da1ef6574a283cf85be0ba9549a370bc97868038feedd481504,train
data/datasets/O+/cluster_6_39.BMP,O+,SUBJECT_GROUP_0339,344,344__M_Left_middle_finger.BMP,a6bb85777389409a656693f1777e20053ce3bd2a1f6b089c94c0a2a6ccff84c6,train
data/datasets/O+/cluster_6_3906.BMP,O+,SUBJECT_GROUP_0466,473,473__M_Left_thumb_finger.BMP,cd528e23b47949ef53aa23a9f7c96e95002a3e747c989035b83d64d856ab4c58,train
data/datasets/O+/cluster_6_3912.BMP,O+,SUBJECT_GROUP_0319,324,324__M_Left_little_finger.BMP,d822231f7dc9b4baad77d92260d0ec6844b6240029315ff65c80a2223a5bf991,train
data/datasets/O+/cluster_6_3930.BMP,O+,SUBJECT_GROUP_0096,96,96__M_Left_index_finger.BMP,395f2de99b144248c98b5d0f263a8d078f4ef7222b7ab39616c0270c902f359c,test
data/datasets/O+/cluster_6_3939.BMP,O+,SUBJECT_GROUP_0523,531,531__M_Left_middle_finger.BMP,7041123ff94fd7d9cdbf9cd73dad8686435ad3ce50e130dc7c4ad9695624ccbd,validation
data/datasets/O+/cluster_6_3942.BMP,O+,SUBJECT_GROUP_0480,487,487__M_Left_middle_finger.BMP,9845827f5095171e7fee06fa5e7579cabe9cfb3b44b1c18175a342708bdbe922,train
data/datasets/O+/cluster_6_3943.BMP,O+,SUBJECT_GROUP_0350,355,355__M_Left_thumb_finger.BMP,7ebb6b3cebbf34260ef68d888e6047387acdabec476c92a46fb657421ab6d0cb,train
data/datasets/O+/cluster_6_3948.BMP,O+,SUBJECT_GROUP_0539,547,547__M_Left_ring_finger.BMP,4f79bac78f1a7d3c1abc32d4813dec1cade60327681f2b5200cd457c6cba75df,train
data/datasets/O+/cluster_6_3950.BMP,O+,SUBJECT_GROUP_0034,34,34__M_Right_ring_finger.BMP,ee45f8f00948766b57d4226c3a4cee8ed99424e6796eb3ed8f49517c21e0801b,test
data/datasets/O+/cluster_6_3956.BMP,O+,SUBJECT_GROUP_0026,26,26__M_Left_index_finger.BMP,d0c7ddd343d1d96dd6513c103442b735f134a0f70cf32d90a31f3d41ea803055,train
data/datasets/O+/cluster_6_3973.BMP,O+,SUBJECT_GROUP_0200,200,200__M_Left_thumb_finger.BMP,ddf047762c4434594d3610a861b192a5c4a0f8a9af4bed66745ff3e6646402f1,train
data/datasets/O+/cluster_6_3984.BMP,O+,SUBJECT_GROUP_0491,498,498__M_Left_middle_finger.BMP,7b49cfee92626485382d46f79c0df30b1531f8cdcaf80db95c57fa963b7cbf76,train
data/datasets/O+/cluster_6_3989.BMP,O+,SUBJECT_GROUP_0483,490,490__M_Left_index_finger.BMP,4a0e2d6b963b2478039064ac4768f29af2dc0fe87d4c82cdfa191b307ef71cf0,validation
data/datasets/O+/cluster_6_3991.BMP,O+,SUBJECT_GROUP_0064,64,64__M_Right_little_finger.BMP,f77dccfff7c3f5b30adfe51965ea92224b36c281d44d2bbbf6b52816fc305aa9,validation
data/datasets/O+/cluster_6_3995.BMP,O+,SUBJECT_GROUP_0531,539,539__F_Left_thumb_finger.BMP,e114f72b30efc796dd83b5cb0d3a31b3834a34a82b57d055563128172778259d,test
data/datasets/O+/cluster_6_3996.BMP,O+,SUBJECT_GROUP_0491,498,498__M_Left_index_finger.BMP,58f5b4f71b08dbd97fb07d3c6a6b07855c6218e98902d553fb60c5a92ff1850e,train
data/datasets/O+/cluster_6_4009.BMP,O+,SUBJECT_GROUP_0214,216,216__M_Left_middle_finger.BMP,4d66246a98b7f1cfa974af1c219e5fe2f81c1188d76ad789dd7188ac2fc56863,train
data/datasets/O+/cluster_6_4021.BMP,O+,SUBJECT_GROUP_0471,478,478__M_Left_index_finger.BMP,10708db7f157032344c277f650f69520448befd14bb49aa732f132733b84096f,train
data/datasets/O+/cluster_6_4031.BMP,O+,SUBJECT_GROUP_0110,110,110__F_Left_thumb_finger.BMP,8c2beaf6308c3b3eff1557548d1fb12a362e33c971f6e05d482874b6a4520e7b,train
data/datasets/O+/cluster_6_4035.BMP,O+,SUBJECT_GROUP_0073,73,73__M_Right_ring_finger.BMP,97b73e313699230b30271ca269694eeb66b5ff3da2fdf5a1669ee832543f6757,train
data/datasets/O+/cluster_6_4048.BMP,O+,SUBJECT_GROUP_0172,172,172__M_Left_thumb_finger.BMP,ff8a88e752a31bbeedf921c852e1500c3b30be3fa850093a4068ecaf6330d514,train
data/datasets/O+/cluster_6_4049.BMP,O+,SUBJECT_GROUP_0227,230,230__M_Left_middle_finger.BMP,9a7b4706112cece5c1adb1165eacbae2a9470c064aeca2dd24a6ee4a15d8027d,validation
data/datasets/O+/cluster_6_4056.BMP,O+,SUBJECT_GROUP_0059,59,59__F_Left_ring_finger.BMP,1b758146c09a5af8a3409dd3a84c710cab682f46b2102d1d7a5ffc12b892f01c,train
data/datasets/O+/cluster_6_4059.BMP,O+,SUBJECT_GROUP_0291,296,296__M_Left_ring_finger.BMP,0fbf7b8f8514ce569e53140948b5f40a31a2d1627874a712ed65139bafe918df,train
data/datasets/O+/cluster_6_4065.BMP,O+,SUBJECT_GROUP_0334,339,339__M_Left_thumb_finger.BMP,e7629fd7a7e54cecb598344bbc03d9a43adff660fc0b873e384771a9fff956af,validation
data/datasets/O+/cluster_6_4069.BMP,O+,SUBJECT_GROUP_0189,189,189__F_Left_index_finger.BMP,c054016c5404cc6ef15be7ce4168e656b79110b1084a3b938e718f93994d0d55,train
data/datasets/O+/cluster_6_4070.BMP,O+,SUBJECT_GROUP_0195,195,195__M_Left_thumb_finger.BMP,b8eb4517b80fd6ef01ae8a0df5d149da3ba9db3f0b86664381920348c7abfa4b,train
data/datasets/O+/cluster_6_4074.BMP,O+,SUBJECT_GROUP_0401,407,407__M_Left_middle_finger.BMP,292f72a0325707072df01279f7d34eab7222ae93e9f7fb8e3748c59f90564ade,train
data/datasets/O+/cluster_6_4082.BMP,O+,SUBJECT_GROUP_0449,456,456__M_Right_middle_finger.BMP,27c2f9ee5a46e3b358c06e336f15bc8f636bdc8d4138ee86dad7b3c602e01845,train
data/datasets/O+/cluster_6_4084.BMP,O+,SUBJECT_GROUP_0292,590,590__M_Left_middle_finger.BMP,774b1ea10d1aa7a8333fb9deb4d6c813332957f0225e6fe805083904ef653d4a,test
data/datasets/O+/cluster_6_409.BMP,O+,SUBJECT_GROUP_0506,514,514__F_Right_ring_finger.BMP,46fe0db50aa14c5b2a25724d42ba5654640b295e2a92f5de555e6d084d3db00f,train
data/datasets/O+/cluster_6_4091.BMP,O+,SUBJECT_GROUP_0026,26,26__M_Right_ring_finger.BMP,2f69fb110f067aed1fdb7a0506e7a56ef418d74a6e1a3e747585767aa0946705,train
data/datasets/O+/cluster_6_4093.BMP,O+,SUBJECT_GROUP_0083,83,83__M_Right_middle_finger.BMP,a221e2d6aec0b35c2559bd032fb9fe8c4fb6dcd1b572f0042da8afb5ac4c496b,train
data/datasets/O+/cluster_6_4094.BMP,O+,SUBJECT_GROUP_0178,178,178__M_Right_middle_finger.BMP,763278915ef1fb95a91af3fd796581acc72a323d6948982b75453f18651352ca,train
data/datasets/O+/cluster_6_4095.BMP,O+,SUBJECT_GROUP_0004,4,4__M_Right_little_finger.BMP,aaa2ec671cd9c3fb15fc9f03578b8db329267825247effd1febfc810a06f3457,train
data/datasets/O+/cluster_6_4100.BMP,O+,SUBJECT_GROUP_0368,373,373__M_Left_middle_finger.BMP,dc1c6f5106fc4d9070bf6f91ef65d131d5b87c43058e5cc010e84932126b92e4,validation
data/datasets/O+/cluster_6_4115.BMP,O+,SUBJECT_GROUP_0460,467,467__M_Left_thumb_finger.BMP,a19007b5495ae0e5d81c8967c3605b195ec9ce155d8df834cd06f2b33978460e,train
data/datasets/O+/cluster_6_4124.BMP,O+,SUBJECT_GROUP_0363,368,368__M_Left_thumb_finger.BMP,0e9e9fe54f3666236ed6e1e744d572451ef99f8eb3111c440f21518104711732,train
data/datasets/O+/cluster_6_4135.BMP,O+,SUBJECT_GROUP_0475,482,482__M_Left_index_finger.BMP,510df23cc133d9fa718ad9600cf4b13531e106c3993bca4f2e949bc869a69047,test
data/datasets/O+/cluster_6_4148.BMP,O+,SUBJECT_GROUP_0054,54,54__M_Right_little_finger.BMP,642680768cf5d596a21fffb90aab89682774775e5d66a30650c01658b1ffbf28,train
data/datasets/O+/cluster_6_4150.BMP,O+,SUBJECT_GROUP_0420,427,427__M_Left_ring_finger.BMP,0b83f28bcb4a6ff68ac03f632580ee259787536541a7d67ab73e7927e0cc1f71,train
data/datasets/O+/cluster_6_4155.BMP,O+,SUBJECT_GROUP_0233,236,236__M_Left_middle_finger.BMP,363de23b5cf7bf1b079e17f01c7a6a3520fe704d2a16ebb893263ecb86dc32cf,train
data/datasets/O+/cluster_6_4157.BMP,O+,SUBJECT_GROUP_0586,599,599__M_Left_middle_finger.BMP,0870b17b2d3301da6080eb421c9a2aa4e5a0cda686aed0f619e39b1b04cfb464,validation
data/datasets/O+/cluster_6_4159.BMP,O+,SUBJECT_GROUP_0292,554,554__M_Left_index_finger.BMP,6dd8bb648cf4ce9645d49667a7d0467df4f3dbff457359eb8e77488f871d4887,test
data/datasets/O+/cluster_6_4160.BMP,O+,SUBJECT_GROUP_0251,255,255__M_Right_middle_finger.BMP,8dd09df58f803b5e065f916936300613932b557d3ec38f5ac7f24c854a0f4a7f,train
data/datasets/O+/cluster_6_4162.BMP,O+,SUBJECT_GROUP_0510,518,518__M_Left_ring_finger.BMP,54bd83fa769059d31e19c9c6fd92e19af946091b9b3e869cade3d20555945ec9,train
data/datasets/O+/cluster_6_4190.BMP,O+,SUBJECT_GROUP_0394,400,400__M_Left_middle_finger.BMP,1066a109f6611fb58a31b900db072d934ce5296e112172d3234058653a506a40,test
data/datasets/O+/cluster_6_42.BMP,O+,SUBJECT_GROUP_0223,226,226__M_Left_index_finger.BMP,82ae63c0bb0e2f2c16167ec21499c4017ea04a06bac3782a18889594c22efc71,validation
data/datasets/O+/cluster_6_420.BMP,O+,SUBJECT_GROUP_0291,296,296__M_Right_middle_finger.BMP,fe60443f3d8bdcda114a5ad2052ee63e6f8c0a1560ffb6701980655bb55e895e,train
data/datasets/O+/cluster_6_4201.BMP,O+,SUBJECT_GROUP_0220,223,223__M_Left_index_finger.BMP,057586df7263fe2064133e6c63878a82c8eef162bbe24c2012c9e6b110d59b25,train
data/datasets/O+/cluster_6_4207.BMP,O+,SUBJECT_GROUP_0502,509,509__M_Left_thumb_finger.BMP,b58abb1fc1f230cba8934f995c7d67967a6c34bd744d0b391b55f768e66a4932,train
data/datasets/O+/cluster_6_4209.BMP,O+,SUBJECT_GROUP_0302,307,307__M_Left_thumb_finger.BMP,99b28083c57a6910cc6b280daab8df15515a05407cf7a3289120fc3ac04292e3,test
data/datasets/O+/cluster_6_4213.BMP,O+,SUBJECT_GROUP_0309,314,314__M_Left_little_finger.BMP,78fc9f5742cbc7ae0616d7dd432320c0a2a45ca1c12c6371284f8477a0b646d1,validation
data/datasets/O+/cluster_6_4223.BMP,O+,SUBJECT_GROUP_0393,399,399__M_Left_thumb_finger.BMP,37cefd337ee99f5cc236bf54ba4e82092fe686264004633e4a8389936223e1bb,validation
data/datasets/O+/cluster_6_423.BMP,O+,SUBJECT_GROUP_0220,223,223__M_Left_thumb_finger.BMP,5a22df33f448e3f21655548dc7dbac077de9c55814b71cd362e400a3e694d1b1,train
data/datasets/O+/cluster_6_4231.BMP,O+,SUBJECT_GROUP_0559,569,569__M_Left_thumb_finger.BMP,ffc32ac4d8b21bd154f47b35041a452e7bd48c3456026e8f479f47f310d332b1,train
data/datasets/O+/cluster_6_4237.BMP,O+,SUBJECT_GROUP_0209,211,211__M_Left_little_finger.BMP,dbe91ca64ad97643ba661a184d4db6dbcfe3090e6fe3905736663e028103af60,train
data/datasets/O+/cluster_6_4250.BMP,O+,SUBJECT_GROUP_0085,85,85__M_Left_middle_finger.BMP,831c436675a0674dc3c088651378c676ea2489d16d5b8e9625ad7939745b5530,train
data/datasets/O+/cluster_6_4254.BMP,O+,SUBJECT_GROUP_0181,181,181__M_Left_middle_finger.BMP,e02bfab87b3d69e25596ee112e2ea322c0ed55aa679653c02281856870821f9c,train
data/datasets/O+/cluster_6_4257.BMP,O+,SUBJECT_GROUP_0277,282,282__M_Right_index_finger.BMP,1fe697e012625c18eef1b9fb10f10e4f86238d9fd6ac18a388939e15521dc608,train
data/datasets/O+/cluster_6_427.BMP,O+,SUBJECT_GROUP_0372,378,378__F_Left_index_finger.BMP,0e3e881e373c8da4e4f0188ed0611c43795b7cd99127220159e1290075fa5a1a,train
data/datasets/O+/cluster_6_4287.BMP,O+,SUBJECT_GROUP_0074,74,74__F_Left_thumb_finger.BMP,c06d2d9809c0ad8187bd091b7108dd4d7598e438c4119db2715b2ebbd2db4d5f,test
data/datasets/O+/cluster_6_4289.BMP,O+,SUBJECT_GROUP_0044,44,44__M_Left_little_finger.BMP,c1dd02967175eee3f26971500b2448487d6e19cabbe1ec8b306e87805c105d9c,train
data/datasets/O+/cluster_6_4291.BMP,O+,SUBJECT_GROUP_0528,536,536__F_Left_middle_finger.BMP,e0cd4599b7ebc3834ab9c3d489fe33cbaad0f68ab488deafeb896757ed1ba206,test
data/datasets/O+/cluster_6_4294.BMP,O+,SUBJECT_GROUP_0585,598,598__M_Right_little_finger.BMP,8c406aa252133048584d1b98fd5330baca678bf4d98c6e9ea1729811ba842f16,train
data/datasets/O+/cluster_6_4308.BMP,O+,SUBJECT_GROUP_0089,89,89__M_Left_middle_finger.BMP,9cc33aeb794e15443490fcfdd024127caf3a893800171809d2b923d0a90be58e,validation
data/datasets/O+/cluster_6_4318.BMP,O+,SUBJECT_GROUP_0209,211,211__M_Left_middle_finger.BMP,5e13a9887737a321fd9fcdf0c9aeb4651ab8c822550b361f791f238cbef0bc0b,train
data/datasets/O+/cluster_6_4332.BMP,O+,SUBJECT_GROUP_0399,405,405__M_Left_middle_finger.BMP,1856e031b3ebbf1df40d5cd3f5cad528c2bcdc859c794752e9e0c2254970308e,train
data/datasets/O+/cluster_6_4340.BMP,O+,SUBJECT_GROUP_0300,305,305__M_Right_little_finger.BMP,4309c9185dad09690dfe8d1192672252973a01becfed08f544eca6e404f295a8,test
data/datasets/O+/cluster_6_4344.BMP,O+,SUBJECT_GROUP_0050,50,50__M_Right_ring_finger.BMP,4a808667ae39ec27fc6f7cb8f382c5b2c2b20b46ba745b05329d41f2cf576395,train
data/datasets/O+/cluster_6_4351.BMP,O+,SUBJECT_GROUP_0037,37,37__M_Left_middle_finger.BMP,1acf20d71291fc2c4c6b54821b872a53fb5b10753f3361ec7d19780fdc072c26,train
data/datasets/O+/cluster_6_4367.BMP,O+,SUBJECT_GROUP_0066,66,66__F_Left_index_finger.BMP,18ecf3e8a122ff0aa4b3b05cd8b78d72128c7314c915414b00ca1c14a27c8638,train
data/datasets/O+/cluster_6_4370.BMP,O+,SUBJECT_GROUP_0575,587,587__M_Right_ring_finger.BMP,b7e11f74073f24185555ad2cb456de0b3efb103645b8fad08fb01b15a68b60b2,test
data/datasets/O+/cluster_6_4377.BMP,O+,SUBJECT_GROUP_0504,512,512__M_Left_thumb_finger.BMP,6c7c09cfdb5c189a7b882e200fdac25160c7cfd2af8b9623a3bce359132a384c,train
data/datasets/O+/cluster_6_4379.BMP,O+,SUBJECT_GROUP_0165,165,165__M_Left_thumb_finger.BMP,4bf0291689a4759269e4071ca2139c62bc306d0f9c4c8d4cd7dc0201e7ffc3ef,train
data/datasets/O+/cluster_6_4390.BMP,O+,SUBJECT_GROUP_0063,63,63__M_Left_middle_finger.BMP,79bada0af2db6a7ca38414179fbe5aff63bec09f4e2770517b1c48741fe002a8,train
data/datasets/O+/cluster_6_4391.BMP,O+,SUBJECT_GROUP_0505,513,513__M_Right_ring_finger.BMP,8a20526623d3237e296be1926baa84985020510c9d0113d0a439f96b88292646,train
data/datasets/O+/cluster_6_4400.BMP,O+,SUBJECT_GROUP_0398,404,404__M_Left_index_finger.BMP,079ff234d99bc1898d2cbabc8717468b25ee5cff184f69df69855cc7a6014cbe,validation
data/datasets/O+/cluster_6_4402.BMP,O+,SUBJECT_GROUP_0384,390,390__F_Left_middle_finger.BMP,afb467692c8c99ef9648f694b9ec1e6532108f4dd65d3e550bad1ecc8dab2a2f,train
data/datasets/O+/cluster_6_4405.BMP,O+,SUBJECT_GROUP_0569,580,580__M_Left_index_finger.BMP,7923b58b8b51fd8c70bc5798ac137b74cd3535ce555a6c47777351d1a9ed22aa,test
data/datasets/O+/cluster_6_4413.BMP,O+,SUBJECT_GROUP_0219,222,222__M_Left_index_finger.BMP,afdbc336a04874ccd9258c9ba0f9557765d8b3db32c3a5d7c4a836d9b66906c6,train
data/datasets/O+/cluster_6_4426.BMP,O+,SUBJECT_GROUP_0018,18,18__M_Left_thumb_finger.BMP,e149aa3f8633c8433109c54bf5fab2c9074533ad74130587cfa22cd7e49cdcaf,validation
data/datasets/O+/cluster_6_4427.BMP,O+,SUBJECT_GROUP_0029,29,29__F_Left_thumb_finger.BMP,452568ee3da2ec809c6ce5f4c3a1cd140bca41fb73910467a6d637e10ce5a673,train
data/datasets/O+/cluster_6_4437.BMP,O+,SUBJECT_GROUP_0513,521,521__M_Right_ring_finger.BMP,0aefe6b07edb000f08367e78330b1eba0f7597c7bee9dd8afb5aaef7ae47b7ec,train
data/datasets/O+/cluster_6_4441.BMP,O+,SUBJECT_GROUP_0190,190,190__M_Left_thumb_finger.BMP,92e0c197cd1280e83484b404079230546b00f7cca830ed12302e936de5551076,train
data/datasets/O+/cluster_6_4453.BMP,O+,SUBJECT_GROUP_0058,58,58__M_Left_middle_finger.BMP,56543727fee93935e0c03e3e4edb62af30c3f5e4260e0170f256d8db9acebe61,validation
data/datasets/O+/cluster_6_4457.BMP,O+,SUBJECT_GROUP_0243,246,246__M_Left_middle_finger.BMP,9885f769a9584c58c0a6d23337c90749418df0aeb5ad2ae8713fec0f551a875c,train
data/datasets/O+/cluster_6_4464.BMP,O+,SUBJECT_GROUP_0166,166,166__M_Right_ring_finger.BMP,b1ade8a5be566b708440e5c74d4edbdbbdaff8d2d179f47cdfe6c0a011b623e7,train
data/datasets/O+/cluster_6_4469.BMP,O+,SUBJECT_GROUP_0496,503,503__M_Left_index_finger.BMP,debc11b2aa1018e726078ac88c347296714c135f47d7fe808c6dd7cd430b77eb,train
data/datasets/O+/cluster_6_4481.BMP,O+,SUBJECT_GROUP_0051,51,51__M_Left_middle_finger.BMP,526242453dfc9d77b336eba0b45721d8930fd115b666d00e8d853f54e9dfc415,train
data/datasets/O+/cluster_6_4482.BMP,O+,SUBJECT_GROUP_0386,392,392__M_Left_little_finger.BMP,3bbcc82fb41d14162e81a8a95cf86d9daee48b8b282f92d9560df79ec3c93f56,train
data/datasets/O+/cluster_6_4485.BMP,O+,SUBJECT_GROUP_0035,35,35__M_Left_index_finger.BMP,bac0edca27dfeb7a2f33201e0bd1d14223bc293806cbcac64f87c368f23f35f8,validation
data/datasets/O+/cluster_6_4495.BMP,O+,SUBJECT_GROUP_0069,69,69__M_Right_ring_finger.BMP,452366cf3eb6e3697961e86d54566f38099bbe3a5ab9e92b13b05420702764ea,train
data/datasets/O+/cluster_6_4501.BMP,O+,SUBJECT_GROUP_0146,146,146__M_Right_little_finger.BMP,6c8d009c20600ae1e9ba5eb686811d746a8e71e5d40eda883c9bb2f647766b2d,test
data/datasets/O+/cluster_6_4503.BMP,O+,SUBJECT_GROUP_0329,334,334__F_Left_thumb_finger.BMP,ee3bfdaa8f578dd4ccb769fcd4b539f53d9db0da675f01177d78709ff277229f,train
data/datasets/O+/cluster_6_4506.BMP,O+,SUBJECT_GROUP_0508,516,516__M_Left_middle_finger.BMP,196d46a730a38ca38e69bc83fee06733785a144bae2740ea5793abc7d7d38d39,train
data/datasets/O+/cluster_6_4519.BMP,O+,SUBJECT_GROUP_0132,132,132__M_Left_thumb_finger.BMP,522033ceea2dac3af773936afd88b6ef80e09c59d7d22ebb9e7916159123bd73,test
data/datasets/O+/cluster_6_4531.BMP,O+,SUBJECT_GROUP_0578,591,591__M_Left_middle_finger.BMP,7f7bcd2b9e4773f402810e42b42f34a4e2d3414c53a930d17f336002d288bcd3,test
data/datasets/O+/cluster_6_4532.BMP,O+,SUBJECT_GROUP_0468,475,475__M_Right_thumb_finger.BMP,2d0ae6d469d544da2b39d2d3baa6f6ecbfb50b25a427bf898afc9979fd8decd8,validation
data/datasets/O+/cluster_6_4535.BMP,O+,SUBJECT_GROUP_0320,325,325__M_Left_ring_finger.BMP,dae7b5b90d1ff386f385e1e57f83ddc284d3799ef146d0b6a9436a9eab002880,train
data/datasets/O+/cluster_6_4539.BMP,O+,SUBJECT_GROUP_0319,324,324__M_Left_thumb_finger.BMP,8417a44cf7707cae83c68dd795f3958c6bb99088f50838a2fb0157deaea0fabd,train
data/datasets/O+/cluster_6_4540.BMP,O+,SUBJECT_GROUP_0386,392,392__M_Left_thumb_finger.BMP,0b7de0efe90a32fc14552f12e7ea16ec9d679dc36f4586d63b0d7173806b1b00,train
data/datasets/O+/cluster_6_4542.BMP,O+,SUBJECT_GROUP_0065,65,65__M_Left_middle_finger.BMP,b84e45a6c618cfb3084ae6a43de8e9450113141131b0669012bc1551b32c7af7,train
data/datasets/O+/cluster_6_4545.BMP,O+,SUBJECT_GROUP_0114,114,114__F_Left_middle_finger.BMP,3ea46e2186fe4843d63620db636c0ebbe4b88e332f84f404fa80ccbdaf55386c,test
data/datasets/O+/cluster_6_4546.BMP,O+,SUBJECT_GROUP_0215,217,217__M_Left_middle_finger.BMP,01d98951ee9de5402212ffb49ece29dac607f52f61a7a7e1f36e79e2169a4039,test
data/datasets/O+/cluster_6_4547.BMP,O+,SUBJECT_GROUP_0164,164,164__M_Left_thumb_finger.BMP,9428029270771b29cdaf51d3f4a6dfede18a33d72fe6f0b009b13b12354b428e,train
data/datasets/O+/cluster_6_4548.BMP,O+,SUBJECT_GROUP_0020,20,20__M_Left_index_finger.BMP,f1ae1033a3671dcc51eb4cd6bfc33aeb7e7a1136b0f9a2013a150dd23b407e96,train
data/datasets/O+/cluster_6_4554.BMP,O+,SUBJECT_GROUP_0261,266,266__M_Left_middle_finger.BMP,ea3e3a4ecd5bacc2892621697e292b54470c554273d7fd2df9cf625068525f07,train
data/datasets/O+/cluster_6_4558.BMP,O+,SUBJECT_GROUP_0039,39,39__M_Left_thumb_finger.BMP,bad52e19a45033acb0d7a5e1b5bfe8945d254bb3a4ff676b3600f6d0139dc97e,train
data/datasets/O+/cluster_6_4560.BMP,O+,SUBJECT_GROUP_0378,384,384__F_Left_thumb_finger.BMP,41032feeb2b8d9d790438f31621ec2a78c95e04a503ccce5f6f280776c74a620,train
data/datasets/O+/cluster_6_4561.BMP,O+,SUBJECT_GROUP_0204,206,206__M_Right_ring_finger.BMP,1bae9f3db15321282f2fe250a8c698b424d2042df6887db71c1e37a95c3b5b68,validation
data/datasets/O+/cluster_6_4563.BMP,O+,SUBJECT_GROUP_0208,210,210__M_Left_middle_finger.BMP,c940126ae567663d09f4b4237d017b5b51afc44c68bea9f0a1b0398547a151ac,train
data/datasets/O+/cluster_6_4574.BMP,O+,SUBJECT_GROUP_0047,47,47__F_Left_middle_finger.BMP,ea48384d4855fce65897686d76444794223244b4e8ec08c1e57d5462e4fb0b7d,train
data/datasets/O+/cluster_6_4575.BMP,O+,SUBJECT_GROUP_0497,504,504__M_Left_middle_finger.BMP,193f045b70e60abd8da6b833845f0c47f9228a5d289e9fe8371b468c55b97197,train
data/datasets/O+/cluster_6_4587.BMP,O+,SUBJECT_GROUP_0020,20,20__M_Left_middle_finger.BMP,261684064b8dd9ca10cde31c7148cb3a5c309d395328bb090b9e0da03931f17f,train
data/datasets/O+/cluster_6_459.BMP,O+,SUBJECT_GROUP_0132,132,132__M_Left_index_finger.BMP,8f5e6d55fa21548de6c18121226d6e6bf11d6cb78ce368d6d48cb8a39363707c,test
data/datasets/O+/cluster_6_4590.BMP,O+,SUBJECT_GROUP_0410,416,416__M_Left_index_finger.BMP,90430f40da64f0012c6d37831c47e764e9c282ac3eceec8c26ce44df7d9479fa,train
data/datasets/O+/cluster_6_4594.BMP,O+,SUBJECT_GROUP_0147,147,147__M_Right_thumb_finger.BMP,c974e27a4ab54a7b589ca890ebb1ca7ac5c4533faa1aa12e0e939a501d6a2b93,train
data/datasets/O+/cluster_6_4595.BMP,O+,SUBJECT_GROUP_0456,463,463__F_Left_thumb_finger.BMP,41a61e73bed61635e84850587717189a86a3e5292b99701bad3348f27d6e25d5,test
data/datasets/O+/cluster_6_4597.BMP,O+,SUBJECT_GROUP_0222,225,225__M_Left_middle_finger.BMP,5d66208bed47be0e0a22202d2139db5c04bb99e16152357075dbf9c3bd1bac3c,validation
data/datasets/O+/cluster_6_4606.BMP,O+,SUBJECT_GROUP_0183,183,183__M_Right_little_finger.BMP,cf0061fccca62c601ebf91936755530d1c87c1b16b66eacae7ab04a3bfcd56d9,train
data/datasets/O+/cluster_6_461.BMP,O+,SUBJECT_GROUP_0285,290,290__M_Left_middle_finger.BMP,19ffef91b070714aa4c0b7615486f94af925a54784e8c0765ce776435b9735ef,train
data/datasets/O+/cluster_6_4612.BMP,O+,SUBJECT_GROUP_0461,468,468__F_Left_thumb_finger.BMP,28b089047a8430613ff08d648984a7ad3db3baa566d4001de714c56fffbee468,train
data/datasets/O+/cluster_6_4615.BMP,O+,SUBJECT_GROUP_0544,552,552__M_Left_ring_finger.BMP,42c63e1e91945e9d01228e93464d7f1472d63016dcddafc09f4726fc94179846,train
data/datasets/O+/cluster_6_4618.BMP,O+,SUBJECT_GROUP_0193,193,193__M_Right_little_finger.BMP,f25445531bd7a10081680bf454fec01a8970d9fd147f8fb3096ccca0442ef7fd,validation
data/datasets/O+/cluster_6_4625.BMP,O+,SUBJECT_GROUP_0504,512,512__M_Left_middle_finger.BMP,d65ec73bf93e495ee03994fe37719f82219b8566459dc5b9e0fc74dbec4309a3,train
data/datasets/O+/cluster_6_4631.BMP,O+,SUBJECT_GROUP_0114,114,114__F_Left_index_finger.BMP,da0c4c16724a6a7b94951c852d3941113d77a4e510c5f6d4b511d7a1894c717b,test
data/datasets/O+/cluster_6_4633.BMP,O+,SUBJECT_GROUP_0398,404,404__M_Right_middle_finger.BMP,bc8dbc80ee7f109f6fa4bf015d94c535685d270ce0ff2020d22a0a501fd87da0,validation
data/datasets/O+/cluster_6_4634.BMP,O+,SUBJECT_GROUP_0583,596,596__M_Left_index_finger.BMP,50e206267a25c7ea7444cd5ddd02e8f5b536fb2f01e839692205503c4dc1e792,train
data/datasets/O+/cluster_6_4640.BMP,O+,SUBJECT_GROUP_0048,48,48__F_Left_index_finger.BMP,4c209201b5c28dbf6c8dbf752a955554ce222dbf39314768962e14c340b909a7,test
data/datasets/O+/cluster_6_4645.BMP,O+,SUBJECT_GROUP_0182,182,182__M_Left_thumb_finger.BMP,26e8fef3bec0f852d85243f7c15bda92ff158f53d7c2699cd3def51934b74545,train
data/datasets/O+/cluster_6_4648.BMP,O+,SUBJECT_GROUP_0242,245,245__M_Right_ring_finger.BMP,61a72f460b48c93d2240bec0f3d9ee7a2ad076f8987c1e25c1c689ec405024e0,train
data/datasets/O+/cluster_6_4658.BMP,O+,SUBJECT_GROUP_0355,360,360__M_Right_little_finger.BMP,6aa5657143c455c67ed64db07a54e2b1b7371138f0ff1b40018ef61011fb1bf5,test
data/datasets/O+/cluster_6_4662.BMP,O+,SUBJECT_GROUP_0104,104,104__M_Left_thumb_finger.BMP,a014e6da577ce388a53b98e0ff18b629da31390af707527e52e0c3a5be388256,validation
data/datasets/O+/cluster_6_4674.BMP,O+,SUBJECT_GROUP_0317,322,322__M_Right_ring_finger.BMP,00446f4ee56f81ed9911ab7d6123ac0a4c72a982bfe02a09d7e3ff66584bdca0,train
data/datasets/O+/cluster_6_4675.BMP,O+,SUBJECT_GROUP_0137,137,137__M_Left_index_finger.BMP,b7dd5e21061b8fa3ffb9aefe478a141a5ee702927c75eb6304f892837df85577,validation
data/datasets/O+/cluster_6_4680.BMP,O+,SUBJECT_GROUP_0484,491,491__M_Right_middle_finger.BMP,94b37765f59b44b4d8e723fa1a09c703c7bfdfbb3a98acd3563fd08aa97ae23c,train
data/datasets/O+/cluster_6_4683.BMP,O+,SUBJECT_GROUP_0131,131,131__M_Left_ring_finger.BMP,827e733df5ea2d02a8cd131e9c80bd4333468aaec39cf48c84e78fb9f6967b64,train
data/datasets/O+/cluster_6_4694.BMP,O+,SUBJECT_GROUP_0484,491,491__M_Left_index_finger.BMP,6bffa8aee05ee9d4bf82f623b5c5716182d9c05ab56e3d47301a600d2e8ff765,train
data/datasets/O+/cluster_6_4697.BMP,O+,SUBJECT_GROUP_0510,518,518__M_Left_index_finger.BMP,8dc4cc67c90e49f480223c83f4d57bd5a50c810a26917d3d0e1c9591c528e3fa,train
data/datasets/O+/cluster_6_4702.BMP,O+,SUBJECT_GROUP_0197,197,197__M_Right_index_finger.BMP,7a8f1b19e7f5bcc5071e42f910d4c36e0fece123f85f3b5ad6ac6f35f3a46e67,train
data/datasets/O+/cluster_6_471.BMP,O+,SUBJECT_GROUP_0581,594,594__M_Right_little_finger.BMP,1a1b9935111ce226635884199884471551d717e6beec510b73efac1cc44f177b,test
data/datasets/O+/cluster_6_4714.BMP,O+,SUBJECT_GROUP_0166,166,166__M_Left_thumb_finger.BMP,358b587daf764f30b61ffd5c978bc0ca2e3b1cbafc2a5920ecc9cf3beadc3680,train
data/datasets/O+/cluster_6_4726.BMP,O+,SUBJECT_GROUP_0275,280,280__M_Left_middle_finger.BMP,62e7e2ddfe990883b01fc72a50a20ab1e0b275543f26958e57d83da141a276ba,train
data/datasets/O+/cluster_6_4727.BMP,O+,SUBJECT_GROUP_0227,230,230__M_Right_ring_finger.BMP,4ef381a59e3f8f4d7f23f3ad2b04cb078f0d782ed96002e6399ba86f4bb7e7cf,validation
data/datasets/O+/cluster_6_4730.BMP,O+,SUBJECT_GROUP_0371,377,377__M_Left_thumb_finger.BMP,2838764423aa68aaafe28d797e228c849953a91ab730720875f1d7a1f6f9e54b,test
data/datasets/O+/cluster_6_4736.BMP,O+,SUBJECT_GROUP_0196,196,196__M_Right_ring_finger.BMP,7dbc7cdb293f00c4fcb5cb50628c37fafcebb6a2cc6fd8d244dcb23b371edd22,train
data/datasets/O+/cluster_6_4750.BMP,O+,SUBJECT_GROUP_0057,57,57__M_Left_middle_finger.BMP,a458ff6d412caf4bb842541635da3aee48318e974713ab1b3cdbf687ef17084a,train
data/datasets/O+/cluster_6_4765.BMP,O+,SUBJECT_GROUP_0403,409,409__M_Left_index_finger.BMP,a4a33dca420bc915abde043831c130a656d500c5bc88b491937f242da1a90183,train
data/datasets/O+/cluster_6_4769.BMP,O+,SUBJECT_GROUP_0465,472,472__M_Left_thumb_finger.BMP,9769f3f0e0acf3bb47efa90f197530ab940903da3bf5a8b71a96bf84fb09b7bf,validation
data/datasets/O+/cluster_6_4777.BMP,O+,SUBJECT_GROUP_0448,455,455__M_Left_middle_finger.BMP,b20a0bebf337c7d7268493bc8e05351cd0e7d04f09fbffc47afe3ae6a46acc88,train
data/datasets/O+/cluster_6_4779.BMP,O+,SUBJECT_GROUP_0469,476,476__M_Left_index_finger.BMP,8a9f9a2410ef0e7cdd74410a4e003821d54355921826f977735f492706a79e05,validation
data/datasets/O+/cluster_6_4781.BMP,O+,SUBJECT_GROUP_0035,35,35__M_Left_middle_finger.BMP,c6ff35ab60f7fe03a11459094aa57f0718dc371f3f7b66bb963bcd8cfa386fca,validation
data/datasets/O+/cluster_6_4785.BMP,O+,SUBJECT_GROUP_0377,383,383__M_Left_index_finger.BMP,9412ce507f12e7f2700cfcf30900dbf291aa27bffe6c982b38e366429d523fa2,train
data/datasets/O+/cluster_6_4795.BMP,O+,SUBJECT_GROUP_0582,595,595__M_Left_index_finger.BMP,2483228e2837991ff95d3b47fbdd105fa0284b4e8058bc2894bc72ed0081c826,validation
data/datasets/O+/cluster_6_480.BMP,O+,SUBJECT_GROUP_0538,546,546__M_Left_index_finger.BMP,b14e207f52a8c7d5c580eec6088ad03fede1e00aebd44fefa9285ec7e6b84753,test
data/datasets/O+/cluster_6_4809.BMP,O+,SUBJECT_GROUP_0458,465,465__F_Left_thumb_finger.BMP,5c65081a2c75f9b26ee2f561d5d76086f6e0664439a14c9f0d07cf9edf5ee188,train
data/datasets/O+/cluster_6_4811.BMP,O+,SUBJECT_GROUP_0278,283,283__M_Left_middle_finger.BMP,49714af9cfecee371b30fa22fbdae8795f864026526fc1564e355a4fccefb959,validation
data/datasets/O+/cluster_6_4812.BMP,O+,SUBJECT_GROUP_0301,306,306__M_Left_index_finger.BMP,4628d1b43d9bc0656fcae2ff2a9efdcae910d6e6973dea035f8ee0893cd7b81c,train
data/datasets/O+/cluster_6_4816.BMP,O+,SUBJECT_GROUP_0521,529,529__M_Left_little_finger.BMP,9d98d2ceb142355d938aa654979020d593822b4a341ea7c346ee0207773f0092,train
data/datasets/O+/cluster_6_4828.BMP,O+,SUBJECT_GROUP_0586,599,599__M_Left_thumb_finger.BMP,262d553c018504927fdc3679666118f1776552f61dd8feb1bfad7e57ffa9294a,validation
data/datasets/O+/cluster_6_4839.BMP,O+,SUBJECT_GROUP_0542,550,550__F_Left_thumb_finger.BMP,48aa4ebef98f2d0dae6698e42f39fafba129ba200509dad1f6bbc3ce47584151,train
data/datasets/O+/cluster_6_485.BMP,O+,SUBJECT_GROUP_0324,329,329__M_Left_ring_finger.BMP,ce75db9a500e719e1c13dff23ba70f3268e5d137021cffbf9e01d2d3bf21c39d,train
data/datasets/O+/cluster_6_4852.BMP,O+,SUBJECT_GROUP_0003,3,3__M_Left_middle_finger.BMP,03cd9b1cc63d8a168cf92c516129ae3a4bf40d3153e69cba30db8ae9fec4579d,validation
data/datasets/O+/cluster_6_4853.BMP,O+,SUBJECT_GROUP_0551,561,561__M_Left_thumb_finger.BMP,aac85640a886b8930ed2ec870bbe2d4ec4238da28ded6f13856c953aedd44568,train
data/datasets/O+/cluster_6_4861.BMP,O+,SUBJECT_GROUP_0209,211,211__M_Left_ring_finger.BMP,6cb8776ae7f99ae94a15d2cf9266c8542478035e16a7dfae5226eb9f62290dc4,train
data/datasets/O+/cluster_6_4864.BMP,O+,SUBJECT_GROUP_0577,589,589__M_Left_thumb_finger.BMP,76ab7c55c50efaaf37be04fad965d3cac452e9ae8e4b2e5c77bf280525d9a5ac,validation
data/datasets/O+/cluster_6_4870.BMP,O+,SUBJECT_GROUP_0030,30,30__F_Right_thumb_finger.BMP,2a03d1b2e550c038898f487e2b5be4498b63228f54a5cdbacfd169e53fab32bd,train
data/datasets/O+/cluster_6_4873.BMP,O+,SUBJECT_GROUP_0275,280,280__M_Left_index_finger.BMP,d5489a529f79391584b3f0f233d32f3c0fb487be573a6934e950116dbca86301,train
data/datasets/O+/cluster_6_4874.BMP,O+,SUBJECT_GROUP_0411,417,417__M_Left_ring_finger.BMP,7b6aa54e4c159b674e815188e4d21484222c1bf3a04e0e14115365cb73a3f06c,train
data/datasets/O+/cluster_6_4883.BMP,O+,SUBJECT_GROUP_0421,428,428__M_Left_ring_finger.BMP,f34754355cff4103b781c7b9c161302ee15e36378f5c4c78e02259179605f2aa,train
data/datasets/O+/cluster_6_4888.BMP,O+,SUBJECT_GROUP_0290,295,295__M_Left_middle_finger.BMP,dcaeae0b76f27d1c4532160cf33e433f6ecee48ea68224730ca9bd7c698ebf10,train
data/datasets/O+/cluster_6_4889.BMP,O+,SUBJECT_GROUP_0145,145,145__M_Left_middle_finger.BMP,34b798ab40ba73f121a1d515bc204c040e31987fc8c8592c3abc88fbeef6fc3a,train
data/datasets/O+/cluster_6_4897.BMP,O+,SUBJECT_GROUP_0028,28,28__M_Right_ring_finger.BMP,fb0f4ac11b8d48af66444fbe72e5865f0c8a214d2c223c54ad6ea16e7986e699,train
data/datasets/O+/cluster_6_4909.BMP,O+,SUBJECT_GROUP_0150,150,150__M_Right_index_finger.BMP,314818ea61e5412775cdce6cd88cb371a523c73c3be492c6b39431638e9bb0b6,train
data/datasets/O+/cluster_6_4915.BMP,O+,SUBJECT_GROUP_0567,578,578__M_Left_ring_finger.BMP,55730585815e379c80f31829466091a2c40b523106eaf073609e4cc4140a52a3,validation
data/datasets/O+/cluster_6_4927.BMP,O+,SUBJECT_GROUP_0004,4,4__M_Left_index_finger.BMP,0c42254f35e787a0e780aab5249cc4be4fc138228e3228bc84413fa871c3cae9,train
data/datasets/O+/cluster_6_4936.BMP,O+,SUBJECT_GROUP_0427,434,434__M_Right_ring_finger.BMP,59cf0712e6ea11b550594dca8b732fe93d4e3e2e324a3bae281eab3608f0e204,train
data/datasets/O+/cluster_6_4942.BMP,O+,SUBJECT_GROUP_0509,517,517__M_Left_middle_finger.BMP,4aee2265293a14888676880d00f4b9fa74fdbf19bb6e07f160235ec961403fc4,train
data/datasets/O+/cluster_6_4944.BMP,O+,SUBJECT_GROUP_0469,476,476__M_Left_middle_finger.BMP,f083cc5f2f4c50113a8cbe610b6d28669e94f8f9f9a39b82e3bb1b09ab2d9cfc,validation
data/datasets/O+/cluster_6_4956.BMP,O+,SUBJECT_GROUP_0075,75,75__F_Right_index_finger.BMP,ee93b1f0ceb7a9848cfd1cc9f8d3343379ff4d5e5eb0312b2283ec785d8e8770,train
data/datasets/O+/cluster_6_498.BMP,O+,SUBJECT_GROUP_0351,356,356__M_Right_ring_finger.BMP,7174f0b95297f8ba042ee8632126e4f4f204ffe9600e3e8af052feec9a476749,train
data/datasets/O+/cluster_6_4981.BMP,O+,SUBJECT_GROUP_0066,66,66__F_Right_middle_finger.BMP,4e77fc53b3c7a69f4a4989bc19f9ed45cfcb56451b50a6796c2849611003cc47,train
data/datasets/O+/cluster_6_4985.BMP,O+,SUBJECT_GROUP_0319,324,324__M_Left_middle_finger.BMP,2a9cde1f27b6dc422960d6a4ee88f8c9db46ad59864b3a8fb215b61f2587b7ba,train
data/datasets/O+/cluster_6_4986.BMP,O+,SUBJECT_GROUP_0108,108,108__M_Left_middle_finger.BMP,509cb56121235037a50885568fe81d86641f0338ba1ffb97c137b1a3a3266226,validation
data/datasets/O+/cluster_6_4990.BMP,O+,SUBJECT_GROUP_0106,106,106__M_Left_index_finger.BMP,701fe9aae276988129cc07b98d58f1dc8b04fb71985dffa64b51b318f2afd66a,test
data/datasets/O+/cluster_6_5000.BMP,O+,SUBJECT_GROUP_0261,266,266__M_Left_thumb_finger.BMP,676e3d5f996365ac3ea80252a2b0413e38db2211947518f19d71c26a8bd18aaa,train
data/datasets/O+/cluster_6_501.BMP,O+,SUBJECT_GROUP_0238,241,241__M_Left_thumb_finger.BMP,016fa1ed10ed5ff79ec620671a3877c18f013997d786ad3b2eb2c6675d98edfc,train
data/datasets/O+/cluster_6_5025.BMP,O+,SUBJECT_GROUP_0571,582,582__M_Right_ring_finger.BMP,86f31435f2adde0e23f228b2fbbe681685089683379bf013c1ebc43a2423d493,validation
data/datasets/O+/cluster_6_5027.BMP,O+,SUBJECT_GROUP_0153,153,153__M_Left_middle_finger.BMP,e357cbe22b7ada38e0d41d1532765b20b2c5c0d316e44737cd4a11c535087529,test
data/datasets/O+/cluster_6_503.BMP,O+,SUBJECT_GROUP_0036,36,36__M_Left_index_finger.BMP,afa6dff0f53815954b8dd35566302075eb3a8545ce83d25384841a51e579adf3,train
data/datasets/O+/cluster_6_5032.BMP,O+,SUBJECT_GROUP_0074,74,74__F_Left_index_finger.BMP,43e89dd8a90e634f964a9bbfd2a6740a7ddbb49f9997c7e77c9dca4e5a65537a,test
data/datasets/O+/cluster_6_504.BMP,O+,SUBJECT_GROUP_0086,86,86__M_Right_thumb_finger.BMP,bdbd76f6951b063bd3e3e8df01534a1fbd79a4bd1b087bea20b463ed5a0b00a9,test
data/datasets/O+/cluster_6_5042.BMP,O+,SUBJECT_GROUP_0584,597,597__M_Left_middle_finger.BMP,c0b91dbcfa6cb13a9d0dfad1b31febb793d822ac2d00253b06fe83b35baf7c12,train
data/datasets/O+/cluster_6_5044.BMP,O+,SUBJECT_GROUP_0415,422,422__M_Right_ring_finger.BMP,b29d506e725f998d781bdc20c2e6016da8794ce3995c0044fd15b2c37b1bbd21,train
data/datasets/O+/cluster_6_5069.BMP,O+,SUBJECT_GROUP_0504,512,512__M_Left_ring_finger.BMP,60c73287a45a59ec73fbc4414b8b2a26fc0ce440b6cf7ff77b9bef1eb77b527f,train
data/datasets/O+/cluster_6_5073.BMP,O+,SUBJECT_GROUP_0088,88,88__F_Left_index_finger.BMP,5ace0a66b3e155108ac2a28ada86444a5b2e8d770160783a2d20762d64d8c24c,validation
data/datasets/O+/cluster_6_5079.BMP,O+,SUBJECT_GROUP_0359,364,364__M_Left_middle_finger.BMP,e8857fdc9cc1e776a41eff9bf178ed2edaf8f30ee796f417b5bc9f788a1c8096,train
data/datasets/O+/cluster_6_508.BMP,O+,SUBJECT_GROUP_0196,196,196__M_Left_ring_finger.BMP,61290e94349419f9bcfa074c3cd19b42a784b896eebefe6effca7c4d53027393,train
data/datasets/O+/cluster_6_5089.BMP,O+,SUBJECT_GROUP_0194,194,194__M_Left_thumb_finger.BMP,c12489946d515f19c31219dbe89341530a0dc5385aec94e5ba214e713dcca1dc,train
data/datasets/O+/cluster_6_5093.BMP,O+,SUBJECT_GROUP_0499,506,506__M_Left_middle_finger.BMP,2449fe90b09b0cc0fd22cd07f7e750eda7b7f9472163396ea645a00c3dc1ff3d,test
data/datasets/O+/cluster_6_5094.BMP,O+,SUBJECT_GROUP_0358,363,363__M_Right_little_finger.BMP,23b97c2ced05205adddbf83f397ba82d924274187bb75586b9ed9eaa4e9a2e27,test
data/datasets/O+/cluster_6_5112.BMP,O+,SUBJECT_GROUP_0194,194,194__M_Right_thumb_finger.BMP,220f0a9514a4ffa3ed65be7f7b9f8370a7d3c651634b5cdbcd70112d0350d51f,train
data/datasets/O+/cluster_6_5117.BMP,O+,SUBJECT_GROUP_0292,554,554__M_Right_middle_finger.BMP,5b895a2dc287dab615fd0f6b6887515b6cc3c8ddb13cb2cd729cfb17f1b38717,test
data/datasets/O+/cluster_6_5120.BMP,O+,SUBJECT_GROUP_0188,188,188__M_Left_ring_finger.BMP,fc92519c56dd7e26cdcec1aac50ccf3ee581404176bbe0b713a43fd40ebd62c1,train
data/datasets/O+/cluster_6_5127.BMP,O+,SUBJECT_GROUP_0555,565,565__M_Left_middle_finger.BMP,310980273eb796d2d278a85b17310372f0cb533ed5e3a925c231de6960b75a2c,train
data/datasets/O+/cluster_6_5131.BMP,O+,SUBJECT_GROUP_0129,129,129__M_Right_little_finger.BMP,3c599de7f151b6dcfc4a7b0c308fabac5df050ba977ad38dd13e24d7ae5cd28f,train
data/datasets/O+/cluster_6_5138.BMP,O+,SUBJECT_GROUP_0277,282,282__M_Left_middle_finger.BMP,ba12fe1a6d47590c3ab7aa4bfb5c370ebb6d218c632eacbe0606bf56a229298d,train
data/datasets/O+/cluster_6_516.BMP,O+,SUBJECT_GROUP_0380,386,386__M_Left_index_finger.BMP,767f4974c1d6d462291076ba9c03992f4dab9a87461d0d5e34ecd3200194203e,train
data/datasets/O+/cluster_6_5166.BMP,O+,SUBJECT_GROUP_0233,236,236__M_Right_ring_finger.BMP,9ac84b68a84444642e9465f672218e185de1720823f42c93ccfbb9fa37438805,train
data/datasets/O+/cluster_6_5167.BMP,O+,SUBJECT_GROUP_0122,122,122__M_Left_thumb_finger.BMP,82dec832965b76470cfd9331c441134ba115be088a124d8f6291910c9fbe7a12,test
data/datasets/O+/cluster_6_5168.BMP,O+,SUBJECT_GROUP_0444,451,451__M_Left_thumb_finger.BMP,28e3e04c14dfe100d451d62b64908ac704decf088279b4f14cc5ef1d58316891,train
data/datasets/O+/cluster_6_5179.BMP,O+,SUBJECT_GROUP_0345,350,350__M_Left_index_finger.BMP,8b55ad53447621aa0eda46e792a2373e21311839010a98a45177afa6b041606f,train
data/datasets/O+/cluster_6_5192.BMP,O+,SUBJECT_GROUP_0231,234,234__M_Left_thumb_finger.BMP,2621296a6ae076037af16b82d96b9644478f6bc072f102e7fac391d4f7c79dae,train
data/datasets/O+/cluster_6_5196.BMP,O+,SUBJECT_GROUP_0200,200,200__M_Left_middle_finger.BMP,6d1ebf3ef47263f25a37e22af863b5b6662214b98c5ce5588d131ffaab532e56,train
data/datasets/O+/cluster_6_5204.BMP,O+,SUBJECT_GROUP_0379,385,385__M_Left_thumb_finger.BMP,405915fd623ee9458837eddaea4b7d898adf5782cc2049ce44fa3e13c58f2d3d,train
data/datasets/O+/cluster_6_5206.BMP,O+,SUBJECT_GROUP_0344,349,349__M_Left_little_finger.BMP,58858acefb2d6191115b356643035d6c46946f0365ecd605e6c0218aee7a6aa3,train
data/datasets/O+/cluster_6_521.BMP,O+,SUBJECT_GROUP_0516,524,524__M_Left_thumb_finger.BMP,8996bf3f2f7b9e728075f7a6a176c9591bf7041654e9d52ac6edc91b81e5dd08,test
data/datasets/O+/cluster_6_5214.BMP,O+,SUBJECT_GROUP_0394,400,400__M_Left_index_finger.BMP,33f2fb558665fd9015d5be77d6d6827a7341f35f2b5807691b4520a4b49e9ad0,test
data/datasets/O+/cluster_6_5225.BMP,O+,SUBJECT_GROUP_0206,208,208__M_Left_thumb_finger.BMP,c2f544b390bca30a167dc1c295d8991447cc2aa47c2d074072bb2a2b8761e749,train
data/datasets/O+/cluster_6_5229.BMP,O+,SUBJECT_GROUP_0447,454,454__M_Right_thumb_finger.BMP,cfdde4f68d26567eb42a4ce9fe500ebf0ed90334e163d4a84b43dafe9fa186f4,train
data/datasets/O+/cluster_6_5238.BMP,O+,SUBJECT_GROUP_0582,595,595__M_Left_middle_finger.BMP,4399ff8380ce6a50ef63aa9d3d1b1d11380de51f92fbe56adf9ac7d3366787c5,validation
data/datasets/O+/cluster_6_5240.BMP,O+,SUBJECT_GROUP_0182,182,182__M_Right_middle_finger.BMP,ac0fcaabac83770a51f43e4e7d439bfd23fb77f1e0c3c8396643aa158592ca8b,train
data/datasets/O+/cluster_6_5249.BMP,O+,SUBJECT_GROUP_0225,228,228__M_Right_index_finger.BMP,5252b36756e641b8d8d2ae87998275694108f2a2b5f0cda432acddd7cb46d533,train
data/datasets/O+/cluster_6_5267.BMP,O+,SUBJECT_GROUP_0313,318,318__F_Left_thumb_finger.BMP,f36c7e2f3682af0d5e07fa5d9e746a8383407eeb21b1456330770710aad8d7ba,test
data/datasets/O+/cluster_6_5268.BMP,O+,SUBJECT_GROUP_0490,497,497__M_Left_thumb_finger.BMP,0453d7d27e452eacd72002a1cdf965131364d5ae5fc88236858d0298f8bea699,train
data/datasets/O+/cluster_6_527.BMP,O+,SUBJECT_GROUP_0099,99,99__M_Left_middle_finger.BMP,dde4f364f43c961746d8037fdb83ed6aa0a3787140782e1d1bfd013214a2b615,train
data/datasets/O+/cluster_6_5284.BMP,O+,SUBJECT_GROUP_0363,368,368__M_Left_middle_finger.BMP,5dbb78ee728c707562cc558c7c1acec6bccaa2abd7121df1209873f95d5d162c,train
data/datasets/O+/cluster_6_5293.BMP,O+,SUBJECT_GROUP_0438,445,445__M_Left_ring_finger.BMP,d8124a4d7afc968e9a69678b29f50e81c73fa5f6ce53c1645f54a565678dfe05,train
data/datasets/O+/cluster_6_5297.BMP,O+,SUBJECT_GROUP_0373,379,379__F_Left_middle_finger.BMP,7d2d9cc228d7e2d0f095eeabe846429c1c240980979531d5ca0adabe0d47524a,train
data/datasets/O+/cluster_6_53.BMP,O+,SUBJECT_GROUP_0392,398,398__M_Right_index_finger.BMP,45f9b70dad5851a0e637fe9ff2e78599b7870b7133a204876d8750953cb4d9ae,train
data/datasets/O+/cluster_6_5316.BMP,O+,SUBJECT_GROUP_0019,19,19__M_Right_ring_finger.BMP,5fd61039850c373e021b1b0f4a4e4dae71fc089199ba1433ee1b8cef8da14aac,train
data/datasets/O+/cluster_6_5317.BMP,O+,SUBJECT_GROUP_0585,598,598__M_Right_index_finger.BMP,5e0746cdf9a991d055e7b4b14bd28f943768d026a04befdd0ba53fc639f0bc30,train
data/datasets/O+/cluster_6_5329.BMP,O+,SUBJECT_GROUP_0429,436,436__M_Left_ring_finger.BMP,9f9abfcdaee62bf037268499ad5d4060532518755bfa76c3e3a75ba6f8055f07,train
data/datasets/O+/cluster_6_5330.BMP,O+,SUBJECT_GROUP_0407,413,413__M_Left_thumb_finger.BMP,fe157c144eb3456a0d8753233992931b4cb960135a3b3e9a005d72b7e2763428,train
data/datasets/O+/cluster_6_5331.BMP,O+,SUBJECT_GROUP_0150,150,150__M_Right_ring_finger.BMP,42f7870ddda4ffefc372e9e17754b560a6f3d7773e5c5b29b7b45b6b6a6b9e3c,train
data/datasets/O+/cluster_6_5338.BMP,O+,SUBJECT_GROUP_0039,39,39__M_Right_middle_finger.BMP,5b1a5a30ffeb73b13b2c274b9c85c7040b4a21086724f34b1fc12076d99178e3,train
data/datasets/O+/cluster_6_5344.BMP,O+,SUBJECT_GROUP_0268,273,273__M_Left_thumb_finger.BMP,4de07ccdd5652425c9fcdcc94c54f83418f180dae4b7788589f9e4a24eee5491,train
data/datasets/O+/cluster_6_5352.BMP,O+,SUBJECT_GROUP_0374,380,380__M_Left_middle_finger.BMP,81f31302d5236af3ad875e3ab9a4bdcc6c2601cefdeb57f2e0dfca38b1215210,validation
data/datasets/O+/cluster_6_5354.BMP,O+,SUBJECT_GROUP_0350,355,355__M_Right_ring_finger.BMP,7288dd3e6504194c3955ec9189e4def23d3d0d3d46ed3deb212574dcbc830fb0,train
data/datasets/O+/cluster_6_5357.BMP,O+,SUBJECT_GROUP_0236,239,239__M_Right_middle_finger.BMP,ded15d739b3209e4f2dc3316120b96bf4472eab571a4ee439cf94d889009fc7d,train
data/datasets/O+/cluster_6_5358.BMP,O+,SUBJECT_GROUP_0077,77,77__M_Left_thumb_finger.BMP,87ae3c1b34bae37c803511505d40bcf0c957cd56792e4119f33c050feaa8b25e,validation
data/datasets/O+/cluster_6_5364.BMP,O+,SUBJECT_GROUP_0404,410,410__M_Left_thumb_finger.BMP,e7c8e4370c5ad0d9e7bf4f9071837c57a94de7af275cec610751921cd3a57cfe,train
data/datasets/O+/cluster_6_5368.BMP,O+,SUBJECT_GROUP_0540,548,548__F_Right_ring_finger.BMP,2b309c26f832386dbd41d53db35d99bd037e3f441c38e24972d5dea60c387a63,train
data/datasets/O+/cluster_6_5372.BMP,O+,SUBJECT_GROUP_0001,1,1__M_Right_ring_finger.BMP,c60e3ab86c8bf2f140ea5322da054a3f5d01e18d74d2e1907a48342513b2c139,train
data/datasets/O+/cluster_6_5376.BMP,O+,SUBJECT_GROUP_0064,64,64__M_Left_middle_finger.BMP,73fce92cc90f1fde056698ba75fb688307852f1242b12c794f4b768482b16def,validation
data/datasets/O+/cluster_6_5382.BMP,O+,SUBJECT_GROUP_0550,585,585__M_Left_thumb_finger.BMP,2b308d5bcdc98a4eb7070ef9092aa4a376effeabfa35c5b1a7952ea8118fa666,test
data/datasets/O+/cluster_6_5388.BMP,O+,SUBJECT_GROUP_0032,32,32__M_Left_index_finger.BMP,87bdec38c99a5931668ce215382051ce354ee819ced2f045ae7aacf45688e2d5,train
data/datasets/O+/cluster_6_5401.BMP,O+,SUBJECT_GROUP_0233,236,236__M_Right_middle_finger.BMP,d082234c0d5ad1d9b3daf5f6d67ed991363c2ed79f2a0933a823a920023e6739,train
data/datasets/O+/cluster_6_5405.BMP,O+,SUBJECT_GROUP_0477,484,484__M_Left_thumb_finger.BMP,e64a1ee6cd5489e8681f1f4ea21d0297cefa54ed560b75a71653aa788dac769b,train
data/datasets/O+/cluster_6_5408.BMP,O+,SUBJECT_GROUP_0532,540,540__F_Left_thumb_finger.BMP,e613480e3a79d0978afa6e4202fba847acf55fcc7d1609b8eee2745715bac7dc,validation
data/datasets/O+/cluster_6_5413.BMP,O+,SUBJECT_GROUP_0474,481,481__F_Right_middle_finger.BMP,87a853256f66c618a2650410117f3aa48948fa07a2a4718f2209b05e50395501,test
data/datasets/O+/cluster_6_5422.BMP,O+,SUBJECT_GROUP_0372,378,378__F_Left_thumb_finger.BMP,3e0667a349b99e204f3cb987a35c4b41aa020902236922c783959c4ae58b37ef,train
data/datasets/O+/cluster_6_5426.BMP,O+,SUBJECT_GROUP_0020,20,20__M_Left_ring_finger.BMP,202cb2e500d719dccd0cb8d01519ccf611bb0a151f6576c06e70b2d0a1bde04e,train
data/datasets/O+/cluster_6_543.BMP,O+,SUBJECT_GROUP_0269,274,274__M_Right_little_finger.BMP,4002cd16ba6c3c84d74be7041b8da4b5326be4fecf544adcd0766e6b3a1c382b,test
data/datasets/O+/cluster_6_5433.BMP,O+,SUBJECT_GROUP_0058,58,58__M_Left_thumb_finger.BMP,4693a63494263c47443305afc9d5477b949e917deb6e89f6752313c33be99e28,validation
data/datasets/O+/cluster_6_5436.BMP,O+,SUBJECT_GROUP_0403,409,409__M_Right_ring_finger.BMP,7fc30093833f3aa1c2da3039b9c67bd5d1534495b02450a50ba9791f41915126,train
data/datasets/O+/cluster_6_5456.BMP,O+,SUBJECT_GROUP_0292,553,553__M_Right_middle_finger.BMP,261dd185a3453a7be8bb66ce68a5b50833fffe263f22722b93c9a10d0bfc5ab4,test
data/datasets/O+/cluster_6_546.BMP,O+,SUBJECT_GROUP_0546,556,556__F_Left_thumb_finger.BMP,aa333ef20e4fb66868aa48932d787f1eda76beb060cf9ce3430f626eb4292672,train
data/datasets/O+/cluster_6_5462.BMP,O+,SUBJECT_GROUP_0155,155,155__M_Left_thumb_finger.BMP,489a731aedab173c3ebdd22e84dc0f34682eb032a824ec871c806404b36ffd1e,train
data/datasets/O+/cluster_6_5478.BMP,O+,SUBJECT_GROUP_0339,344,344__M_Right_thumb_finger.BMP,c41382be2c93754b9ff2c04a270454ea7ebcca14362313ec96da25a714a79ef7,train
data/datasets/O+/cluster_6_5486.BMP,O+,SUBJECT_GROUP_0075,75,75__F_Left_index_finger.BMP,9d7ecb3c8bc53a2eb75b1ba98f6b375ef24a3dd7fb2f10742e4409c5a06500ab,train
data/datasets/O+/cluster_6_5487.BMP,O+,SUBJECT_GROUP_0168,168,168__M_Left_middle_finger.BMP,f3b27c0ce22b36a71b1b35b58edaae262eff51e00a6a9b777581685b9b39d8d1,train
data/datasets/O+/cluster_6_5492.BMP,O+,SUBJECT_GROUP_0224,227,227__M_Right_little_finger.BMP,424f4107b4d87a36e076a1254d95d9b0a4f8be3b5c30de79f77c7728d9459e2e,train
data/datasets/O+/cluster_6_5499.BMP,O+,SUBJECT_GROUP_0067,67,67__F_Left_middle_finger.BMP,bfc7d077b2c25f2d5df668e54331f4ad45e2dc1be17247e277c0c0eb333b83df,train
data/datasets/O+/cluster_6_5509.BMP,O+,SUBJECT_GROUP_0194,194,194__M_Left_index_finger.BMP,c221add5615946dbef60c518e3a320cc9dc1280018ae3735f0466b99b91e708a,train
data/datasets/O+/cluster_6_5517.BMP,O+,SUBJECT_GROUP_0161,161,161__F_Right_index_finger.BMP,727be333a10138b8f7d96dfff52af3067c9e9dcd4aa62131f5e1665f31917250,train
data/datasets/O+/cluster_6_5526.BMP,O+,SUBJECT_GROUP_0292,297,297__M_Left_thumb_finger.BMP,766b0e26cf067cc3191dff422205cf61e979fb5462f2c751e79abe458a4958bb,test
data/datasets/O+/cluster_6_5529.BMP,O+,SUBJECT_GROUP_0057,57,57__M_Left_thumb_finger.BMP,9f81690e529a7e00c30ec6aec9394ecc44370e757c638aaca0c0c34d220e728c,train
data/datasets/O+/cluster_6_553.BMP,O+,SUBJECT_GROUP_0292,554,554__M_Left_middle_finger.BMP,e2393100ddc20cf2ed648093678807e5cff6890e95b604cbbdcb18db6de86ac2,test
data/datasets/O+/cluster_6_5532.BMP,O+,SUBJECT_GROUP_0451,458,458__M_Left_little_finger.BMP,ba92fcade55bdf5eb1185a566a955dafe3f13a9bc59909f3a147ba4dab5be308,train
data/datasets/O+/cluster_6_5537.BMP,O+,SUBJECT_GROUP_0044,44,44__M_Left_middle_finger.BMP,c4dc92c6c0705369ee900abd689e8f36995cd25e752923ec51626cd4f06841d2,train
data/datasets/O+/cluster_6_5542.BMP,O+,SUBJECT_GROUP_0004,4,4__M_Left_middle_finger.BMP,48ede524a576b2ae9daca55af6b01e6a724e4ecdd72182a24db2169e9c9fc79f,train
data/datasets/O+/cluster_6_5543.BMP,O+,SUBJECT_GROUP_0503,510,510__M_Left_index_finger.BMP,28b235010bbe765a2340e43b536c296634ec2adf7f717c510d6507d30a49a15b,train
data/datasets/O+/cluster_6_5546.BMP,O+,SUBJECT_GROUP_0417,424,424__M_Left_index_finger.BMP,1091bd0a5f2cf06597553180a4c16b05253b625175673880864e5684c3b1e409,validation
data/datasets/O+/cluster_6_5551.BMP,O+,SUBJECT_GROUP_0429,436,436__M_Left_thumb_finger.BMP,19c9d26eb5019a79bf2da6a567cbdd019a93eab322b0ac0cb01b79b85939e9e3,train
data/datasets/O+/cluster_6_5560.BMP,O+,SUBJECT_GROUP_0474,481,481__F_Left_middle_finger.BMP,3b6d13dbf09eea28dc25f5a274a173c4c57d87905410613616b9ecb455840605,test
data/datasets/O+/cluster_6_5564.BMP,O+,SUBJECT_GROUP_0166,166,166__M_Left_index_finger.BMP,a486e95953b408b928556a94b28ce4b692cf346b0144b44594d8d9a0b08c7319,train
data/datasets/O+/cluster_6_5579.BMP,O+,SUBJECT_GROUP_0204,206,206__M_Left_thumb_finger.BMP,f5303f19158c7cd720da8529dc9c53b13024ca41d3fe60bcd1ac4a4955eeb81a,validation
data/datasets/O+/cluster_6_5580.BMP,O+,SUBJECT_GROUP_0314,319,319__M_Left_middle_finger.BMP,3b2ece49a01252371120c43b5af6ad01d2cf3285e63843044db1431f1337df08,test
data/datasets/O+/cluster_6_5599.BMP,O+,SUBJECT_GROUP_0322,327,327__M_Left_index_finger.BMP,92021e4b0db0a5fc4cb0890685609ba6f05353a657095b074cbab77be7aa55ae,train
data/datasets/O+/cluster_6_5603.BMP,O+,SUBJECT_GROUP_0084,84,84__M_Left_ring_finger.BMP,ee692c33644ab392104cb49ced4bc93adcc5ccf6d09ba9fd551a0cbde0c84212,test
data/datasets/O+/cluster_6_5621.BMP,O+,SUBJECT_GROUP_0411,417,417__M_Left_thumb_finger.BMP,fc0da792c4d12c48935f811f2ab4beddc5a4c28c4b419e62ac82c32e23ca4f1f,train
data/datasets/O+/cluster_6_5625.BMP,O+,SUBJECT_GROUP_0015,15,15__F_Right_index_finger.BMP,b3887517008d2fb1989c668aef6d7f9f1acfcf846c199a49a274ed917c6658a2,train
data/datasets/O+/cluster_6_5633.BMP,O+,SUBJECT_GROUP_0057,57,57__M_Left_ring_finger.BMP,c17a74eaa2088363875a2f084f833af5515975b2b4ad615db38a3dc28fa66641,train
data/datasets/O+/cluster_6_5634.BMP,O+,SUBJECT_GROUP_0584,597,597__M_Right_ring_finger.BMP,ab8655abc0d190b63f84ddb48d43770a2302c19bab5ed2abfa5a04c42955f94e,train
data/datasets/O+/cluster_6_5641.BMP,O+,SUBJECT_GROUP_0292,590,590__M_Left_thumb_finger.BMP,adfb13326692daa30713b5a99deb288e2b41a2270ac3443f9a377675c9ee4d32,test
data/datasets/O+/cluster_6_5643.BMP,O+,SUBJECT_GROUP_0174,174,174__F_Left_middle_finger.BMP,22b5a37154a9e046c9656d025b2806c7baf66e61fbf1321bd63d3b1fadea06dc,train
data/datasets/O+/cluster_6_565.BMP,O+,SUBJECT_GROUP_0043,43,43__F_Left_middle_finger.BMP,cd53d5c4447f0ac299e604eea6eb2909b0aab554ecb6d0c8db56abbc7165ea45,train
data/datasets/O+/cluster_6_5651.BMP,O+,SUBJECT_GROUP_0369,374,374__M_Left_middle_finger.BMP,501dfcf5c802c3562ebbb826727045f76961cfc0e8b362541f2e0a6027cf75e4,train
data/datasets/O+/cluster_6_567.BMP,O+,SUBJECT_GROUP_0525,533,533__M_Right_little_finger.BMP,9352f659c7c0213c5e51fb89e12d1317d35c89781da2587acaef24be036f508f,train
data/datasets/O+/cluster_6_5672.BMP,O+,SUBJECT_GROUP_0301,306,306__M_Left_thumb_finger.BMP,75a6a08c20c1aaa47ca2e11cd7576a2bf42f0a5136fd7c6f52e757afdbe55590,train
data/datasets/O+/cluster_6_568.BMP,O+,SUBJECT_GROUP_0196,196,196__M_Left_index_finger.BMP,beae76a2905279f9a2d14e1776a48912c23a167597b6c4c73677c45db5002c41,train
data/datasets/O+/cluster_6_5681.BMP,O+,SUBJECT_GROUP_0388,394,394__M_Left_thumb_finger.BMP,f4bde1053c6ad32607c59d86877444694e73b11b70219d6f0a7aa19256a6331a,train
data/datasets/O+/cluster_6_5682.BMP,O+,SUBJECT_GROUP_0117,117,117__F_Left_thumb_finger.BMP,f667910ca26f5fdf98182e32ab5e5765d72cef35db4523d8ec0b4e6d9b1542bf,test
data/datasets/O+/cluster_6_5683.BMP,O+,SUBJECT_GROUP_0433,440,440__M_Left_thumb_finger.BMP,8ffbd3a1cf377971fb64c00e15f93bcc9fb0e74a052fb7cc6182f6dd6805d5c1,train
data/datasets/O+/cluster_6_5686.BMP,O+,SUBJECT_GROUP_0535,543,543__M_Left_thumb_finger.BMP,a5f63e440e13e22dd51c613fa9fb306c7398eb2200b222ba85bcb9d80aed45d4,train
data/datasets/O+/cluster_6_5689.BMP,O+,SUBJECT_GROUP_0441,448,448__M_Right_ring_finger.BMP,7fced8a69bcd95a54d4181242cd0e4a564896fe3ec8cec4cfc6cfd0acd972fbb,train
data/datasets/O+/cluster_6_570.BMP,O+,SUBJECT_GROUP_0204,206,206__M_Left_little_finger.BMP,f01459b839857d6cbb1e1f191db6283267e32f994248bedc60e357c91b27b0bc,validation
data/datasets/O+/cluster_6_5704.BMP,O+,SUBJECT_GROUP_0358,363,363__M_Right_thumb_finger.BMP,379f2dc75cb78db5fd058e52b8b8d811d2c01b6b4f46fe70a2aba10733a797de,test
data/datasets/O+/cluster_6_5711.BMP,O+,SUBJECT_GROUP_0514,522,522__M_Left_ring_finger.BMP,c1a2954764929edd2ee80e182d2f8863db89005c6282b688393d373c1c7f72ed,train
data/datasets/O+/cluster_6_5721.BMP,O+,SUBJECT_GROUP_0005,5,5__M_Left_little_finger.BMP,b2e3a7212471c5fcb3c305d74f185a76bb2f2997b8656e42c9e743263c816246,train
data/datasets/O+/cluster_6_573.BMP,O+,SUBJECT_GROUP_0360,365,365__M_Right_index_finger.BMP,2fe4722b9594f20dbb78aa75f30f34231799b53f6478944d8b594541afc9d762,test
data/datasets/O+/cluster_6_5731.BMP,O+,SUBJECT_GROUP_0093,93,93__M_Left_index_finger.BMP,ef35924ea5c82796450de982f41b43fb71e00606d0e4e06cb169ec15c73ce30b,train
data/datasets/O+/cluster_6_5739.BMP,O+,SUBJECT_GROUP_0233,236,236__M_Left_index_finger.BMP,ae6d884116c68364ca7ebe75b234662ef7b083b7ccba6203d7995d159289cbbe,train
data/datasets/O+/cluster_6_574.BMP,O+,SUBJECT_GROUP_0404,410,410__M_Left_middle_finger.BMP,89657d77a52f07fffaf197bd7a6750753bbde1502689d4b93e7e960796046969,train
data/datasets/O+/cluster_6_5759.BMP,O+,SUBJECT_GROUP_0070,70,70__M_Left_middle_finger.BMP,f8bb7f7002228d4a44e9ca3f8a603013a4d20e9bad78f5d2deb7b287460079e6,validation
data/datasets/O+/cluster_6_5766.BMP,O+,SUBJECT_GROUP_0048,48,48__F_Left_ring_finger.BMP,930ea090a99d82cf3614441c896ed1df055a8e2977579e66b3dbe1790e6fd337,test
data/datasets/O+/cluster_6_5771.BMP,O+,SUBJECT_GROUP_0008,8,8__M_Left_middle_finger.BMP,c49eca3a5272ae64e44abed31afc71e8a5e51a6d24c3e76f5e51c4a49ccd9f38,train
data/datasets/O+/cluster_6_578.BMP,O+,SUBJECT_GROUP_0489,496,496__M_Left_thumb_finger.BMP,f8f67dfa57eb7437f95c6409c953647c6e678ce67f6a2884838aa9de423f5084,train
data/datasets/O+/cluster_6_5781.BMP,O+,SUBJECT_GROUP_0368,373,373__M_Left_thumb_finger.BMP,6d6e97268afb95fd4cf3dc01f042e901408ccd2a56a99252074df0397f3600f5,validation
data/datasets/O+/cluster_6_5788.BMP,O+,SUBJECT_GROUP_0231,234,234__M_Left_middle_finger.BMP,653638399151fa75d0425b8005dd4ce4619706abfec134cc6fc2e4e0688a933e,train
data/datasets/O+/cluster_6_5805.BMP,O+,SUBJECT_GROUP_0219,222,222__M_Left_thumb_finger.BMP,1c3ac232d49e8d88e82404aead232e455ddcaf4d28cacb7b7a34a1e072978948,train
data/datasets/O+/cluster_6_5815.BMP,O+,SUBJECT_GROUP_0163,163,163__M_Left_middle_finger.BMP,8b486bc8999c1e3cb3b1ef884152ac9ec4d009e8c217de99a174010a38ba6624,train
data/datasets/O+/cluster_6_582.BMP,O+,SUBJECT_GROUP_0285,290,290__M_Left_index_finger.BMP,3c6bc6058a0f1cab606c3407ce8e9edd60dfca2aed7bd4d53d59a64812ba9816,train
data/datasets/O+/cluster_6_5825.BMP,O+,SUBJECT_GROUP_0536,544,544__M_Left_middle_finger.BMP,a5a402ec930ce1bcb6a6b43b0be967e3d5696054fefb1f81065b64cc445e08bf,train
data/datasets/O+/cluster_6_5830.BMP,O+,SUBJECT_GROUP_0586,599,599__M_Right_little_finger.BMP,a3fbda1171fc987c1aa11205643d3f9324c2dcf67659431cf0707310dc136938,validation
data/datasets/O+/cluster_6_5833.BMP,O+,SUBJECT_GROUP_0107,107,107__M_Left_index_finger.BMP,4674a21e5e8336db7a5770f29d7793c57ea735559fd8b973541a9b76a0b37e97,validation
data/datasets/O+/cluster_6_5839.BMP,O+,SUBJECT_GROUP_0093,93,93__M_Right_ring_finger.BMP,63c71c113e5ab6a05f8d5ff92d3b402c7cd346377574e4ff2e26b502ebf9c494,train
data/datasets/O+/cluster_6_5851.BMP,O+,SUBJECT_GROUP_0300,305,305__M_Left_little_finger.BMP,a31c8efe57747c87438d0419bc74723837b412e08ecc5acdf7cffa1eb2d60262,test
data/datasets/O+/cluster_6_5858.BMP,O+,SUBJECT_GROUP_0557,567,567__M_Left_thumb_finger.BMP,05aa6dc80ef9a926b1387bdcca916efa67c41d735edfc1d62cd55cb4e26eacfa,test
data/datasets/O+/cluster_6_5862.BMP,O+,SUBJECT_GROUP_0140,140,140__F_Left_index_finger.BMP,5729c6ccfd2ea448b8667ac4bc004e4c8259296d1d7f24470397d9364170d9d5,train
data/datasets/O+/cluster_6_5864.BMP,O+,SUBJECT_GROUP_0444,451,451__M_Left_index_finger.BMP,7d8779c55e6354613f9c83594544c973156b87855906225fcaec1e6c5181bd65,train
data/datasets/O+/cluster_6_5872.BMP,O+,SUBJECT_GROUP_0350,355,355__M_Right_little_finger.BMP,cccc5d8742b27844ff10e6281aebb0c5053e7b25624be94c4471e3cb894e6160,train
data/datasets/O+/cluster_6_5874.BMP,O+,SUBJECT_GROUP_0473,480,480__M_Right_thumb_finger.BMP,9ac7fb9479a42c8be2cfc01c86be1aa792e8e8c2c40276ccbb4ef863b01fb220,validation
data/datasets/O+/cluster_6_5876.BMP,O+,SUBJECT_GROUP_0431,438,438__M_Left_thumb_finger.BMP,0b6fd11fc870790e213c2b76af1e550d5787d0ccd7ee201c5f239fd1363b13e8,train
data/datasets/O+/cluster_6_59.BMP,O+,SUBJECT_GROUP_0048,48,48__F_Left_middle_finger.BMP,d66f33f1741f4633eca7b19ee38c1fa9c7ac269776e5ab966687a11ee48f50c3,test
data/datasets/O+/cluster_6_5908.BMP,O+,SUBJECT_GROUP_0183,183,183__M_Left_thumb_finger.BMP,007bf3e5a7f009ede2893d559a911c5ad1e96a80b1d5de74fcdd4a28a2507d44,train
data/datasets/O+/cluster_6_5916.BMP,O+,SUBJECT_GROUP_0224,227,227__M_Left_ring_finger.BMP,66b5ab8ee1fec61e56706ec9dc5d55d67633bd942381b2bc291cd0b27e4aa972,train
data/datasets/O+/cluster_6_5921.BMP,O+,SUBJECT_GROUP_0346,351,351__M_Left_little_finger.BMP,8bd11c7f3f72cc2aa4696eac5dfe7f48364dbde9f4f1a00f3274b441b5fece3c,train
data/datasets/O+/cluster_6_5924.BMP,O+,SUBJECT_GROUP_0044,44,44__M_Right_middle_finger.BMP,961934fa901224b4859ee1bc4519d7b89384347f5b4206f35d2ba90808676377,train
data/datasets/O+/cluster_6_5931.BMP,O+,SUBJECT_GROUP_0095,95,95__M_Left_ring_finger.BMP,f733bb0d6d48a1d536b48d2984be205c04ec155a6fca4925f22c0ee16395c20c,train
data/datasets/O+/cluster_6_5936.BMP,O+,SUBJECT_GROUP_0328,333,333__M_Left_thumb_finger.BMP,d0dbc5cd5cb75f326076338631ff3d0cfd8a62f82c24d28805c12787354da528,train
data/datasets/O+/cluster_6_5939.BMP,O+,SUBJECT_GROUP_0054,54,54__M_Right_middle_finger.BMP,fe485c88ec6e2fb232b69f8598ac8c0b054c0806ddf4e49bfd6d8ce82386d301,train
data/datasets/O+/cluster_6_594.BMP,O+,SUBJECT_GROUP_0133,133,133__M_Left_little_finger.BMP,f3d2c930c73ec899104b43187d7e1e970574f814f042f989937720d17189c218,train
data/datasets/O+/cluster_6_5948.BMP,O+,SUBJECT_GROUP_0086,86,86__M_Left_thumb_finger.BMP,deadc2838af690d8fe03d969c27f22ade3c3ee0b1d5124a320e4d8c38df4903e,test
data/datasets/O+/cluster_6_5964.BMP,O+,SUBJECT_GROUP_0255,259,259__M_Left_index_finger.BMP,090d0dbf51f1946700d4558ab2439179545d79c2f3059a3ffc399e9d5394efaf,train
data/datasets/O+/cluster_6_5966.BMP,O+,SUBJECT_GROUP_0072,72,72__M_Left_little_finger.BMP,f4083c654a1ce71eac6f1531b749eda944499c1137235a4203c0b8c1f0b55347,train
data/datasets/O+/cluster_6_5977.BMP,O+,SUBJECT_GROUP_0304,309,309__M_Left_index_finger.BMP,67a43d2dd7da5801e35d3599075041b42aacf5e8567569a2ea0adfd2e8a02c82,validation
data/datasets/O+/cluster_6_5983.BMP,O+,SUBJECT_GROUP_0399,405,405__M_Left_thumb_finger.BMP,ef2610bfa04a45d9298d7286a4e249568235327a3d4cd920e3d2686819017165,train
data/datasets/O+/cluster_6_5987.BMP,O+,SUBJECT_GROUP_0402,408,408__M_Left_index_finger.BMP,2d0d6e4ca7dbc2389b3ed282a6098cb2b5b4e1fbda68e265a7169293aaf589dd,train
data/datasets/O+/cluster_6_5989.BMP,O+,SUBJECT_GROUP_0117,117,117__F_Left_middle_finger.BMP,45bf87410305ab190e79ea72e4da2d7e1f095e5266b62cf8a32d4f72b006f56e,test
data/datasets/O+/cluster_6_5994.BMP,O+,SUBJECT_GROUP_0219,222,222__M_Right_little_finger.BMP,8c3b96efde30746934507969abe0d6dec1abfc1eab644843954ea4fe697c982d,train
data/datasets/O+/cluster_6_602.BMP,O+,SUBJECT_GROUP_0092,92,92__F_Left_ring_finger.BMP,c16362c3627e01f0bfee4acfd206110b076e372fa2ffc432b2961285a5f58f74,validation
data/datasets/O+/cluster_6_622.BMP,O+,SUBJECT_GROUP_0139,139,139__M_Left_index_finger.BMP,e47ecedd548b04af4916d075ad41c1d16092d3e109261156ed5634476e40e5e4,train
data/datasets/O+/cluster_6_623.BMP,O+,SUBJECT_GROUP_0135,135,135__F_Left_index_finger.BMP,476491ba24eb48ad7ffe5f3f1d20539302ff72a18ddd6e8e6c36072fbc30af0e,train
data/datasets/O+/cluster_6_626.BMP,O+,SUBJECT_GROUP_0407,413,413__M_Left_index_finger.BMP,db6e4836442f292572f229eb69cbee8b550f5d3054169fe6ce3271bcbbaf767a,train
data/datasets/O+/cluster_6_64.BMP,O+,SUBJECT_GROUP_0439,446,446__M_Left_thumb_finger.BMP,5faeda288dde23ecc730582b4f95a8f5bf3c09e23c6034f9dbab616ed1db8817,train
data/datasets/O+/cluster_6_642.BMP,O+,SUBJECT_GROUP_0294,299,299__M_Right_little_finger.BMP,e951094e1d3bfc7869f32a50440a4968b2fbe72aa7a46983cedcd78a7c43bde8,validation
data/datasets/O+/cluster_6_655.BMP,O+,SUBJECT_GROUP_0146,146,146__M_Left_thumb_finger.BMP,819b3477a2741d1a29dc2fdf66819aad5acd56fda0223f38d8b0f856f9ce7861,test
data/datasets/O+/cluster_6_661.BMP,O+,SUBJECT_GROUP_0453,460,460__M_Right_ring_finger.BMP,ebf9a56be9230911aa60b604f8c2bdaa51c4f21f35d80fcdd5035cba36e57464,test
data/datasets/O+/cluster_6_665.BMP,O+,SUBJECT_GROUP_0482,489,489__M_Left_thumb_finger.BMP,e2360a0f74df8f5ea79ff9175c3ea252e233fe32108991bd9780b4d3346bed1c,train
data/datasets/O+/cluster_6_671.BMP,O+,SUBJECT_GROUP_0513,521,521__M_Right_middle_finger.BMP,de30b691d17d566d779c7374a238f1f39aac55d39d1bfceb99cb1c3ec53d2c85,train
data/datasets/O+/cluster_6_679.BMP,O+,SUBJECT_GROUP_0571,582,582__M_Right_index_finger.BMP,e6701dd9a1d55813838395dd896faded758f42c2d0ccad923df973b4baabeaba,validation
data/datasets/O+/cluster_6_684.BMP,O+,SUBJECT_GROUP_0441,448,448__M_Left_thumb_finger.BMP,574c154a218cafa86e6417a1613333404351873288eef8abd2de435107f39e00,train
data/datasets/O+/cluster_6_689.BMP,O+,SUBJECT_GROUP_0524,532,532__M_Left_middle_finger.BMP,247540b3891a19f87b1242d66cd1ebae3b9964acf11f67143872f570cc225add,test
data/datasets/O+/cluster_6_69.BMP,O+,SUBJECT_GROUP_0316,321,321__M_Right_middle_finger.BMP,9ee5fe5b75e2668160ed518536b178753566c535d8ff84b9a383442748212bcb,train
data/datasets/O+/cluster_6_70.BMP,O+,SUBJECT_GROUP_0139,139,139__M_Right_ring_finger.BMP,e9c1fc6cf4627df0be906854d26a8ab9c50ad82944c785d311816b98d2cfec17,train
data/datasets/O+/cluster_6_709.BMP,O+,SUBJECT_GROUP_0047,47,47__F_Right_index_finger.BMP,c6c00f47962e76cbdbc6ba2f65447f26cbec91dfb37f455d29736cfb07bbc4b4,train
data/datasets/O+/cluster_6_717.BMP,O+,SUBJECT_GROUP_0157,157,157__M_Left_thumb_finger.BMP,be713fe8c5a265e1f8ce27634c90728d26879647b9fee15227200e485099d71c,train
data/datasets/O+/cluster_6_720.BMP,O+,SUBJECT_GROUP_0358,363;376,363__M_Left_little_finger.BMP;376__F_Left_little_finger.BMP,e56cb771569062aa5bea543325814ce058f6f9a8ef30ffaad99368346a0db7c7,test
data/datasets/O+/cluster_6_724.BMP,O+,SUBJECT_GROUP_0583,596,596__M_Right_middle_finger.BMP,6eb341f878fee4dcc887e0c50a01f055445e54810e86ae9494aa586d7442314e,train
data/datasets/O+/cluster_6_732.BMP,O+,SUBJECT_GROUP_0084,84,84__M_Right_ring_finger.BMP,dfe8598d70547c149a8aa8802686a75cf1bba5596cbad64f067620394d1af70c,test
data/datasets/O+/cluster_6_734.BMP,O+,SUBJECT_GROUP_0453,460,460__M_Left_middle_finger.BMP,36653e52f166009204829abed7547d120ed2cdccefa433a570ad38da608fb288,test
data/datasets/O+/cluster_6_752.BMP,O+,SUBJECT_GROUP_0346,351,351__M_Left_ring_finger.BMP,ccf777081715db76780714ed0f90a0539a0c4c12d15dabfdc296a15a03256470,train
data/datasets/O+/cluster_6_762.BMP,O+,SUBJECT_GROUP_0455,462,462__M_Left_middle_finger.BMP,1657b256141452c520abf9f8152fb66e43ecea92ad07b0cdf61de20455fd2228,train
data/datasets/O+/cluster_6_771.BMP,O+,SUBJECT_GROUP_0149,149,149__F_Left_little_finger.BMP,75e7128178d0642a8d3c748f8343b68560eb441b0cfcc1df8d65c803dc2f9f77,train
data/datasets/O+/cluster_6_773.BMP,O+,SUBJECT_GROUP_0567,578,578__M_Right_index_finger.BMP,2ca606f3d03a1eed3aa12c6080c4d6203eba6a637c5dc4e99f75b59bf9998203,validation
data/datasets/O+/cluster_6_774.BMP,O+,SUBJECT_GROUP_0101,101,101__M_Left_thumb_finger.BMP,897856144cbf9c2ee0745431cecf2bdea1a4d19a72f551e31b951a631d125b28,train
data/datasets/O+/cluster_6_784.BMP,O+,SUBJECT_GROUP_0350,355,355__M_Left_middle_finger.BMP,4696cf6448f7f6b2ae48dd3e522732e5d634e4bba80edd0daf17386d999a24c8,train
data/datasets/O+/cluster_6_794.BMP,O+,SUBJECT_GROUP_0585,598,598__M_Left_thumb_finger.BMP,86805637e3f7fecc7d60223a6b015d11692818d32faacdf6c1cae3a1a3dcefb4,train
data/datasets/O+/cluster_6_797.BMP,O+,SUBJECT_GROUP_0002,2,2__F_Left_middle_finger.BMP,5f8644ef32fb88239950ee311d7ac2c9205cf6d34557538edac889de6ffe171d,train
data/datasets/O+/cluster_6_799.BMP,O+,SUBJECT_GROUP_0315,320,320__M_Left_index_finger.BMP,69ac17e04f9ddd8787c1f53ccfd0c57e8d58e291410ff57b78870f202e3c31bb,train
data/datasets/O+/cluster_6_803.BMP,O+,SUBJECT_GROUP_0170,170,170__M_Right_thumb_finger.BMP,de4c515acb456c9e6f3f8c79f5391bebe9401465cec0b8a9e830786a1d1cee78,validation
data/datasets/O+/cluster_6_804.BMP,O+,SUBJECT_GROUP_0508,516,516__M_Right_middle_finger.BMP,fe04e8729a28647667da30a55f39e4ce34cfed224c2ef245e788b9656f592ecf,train
data/datasets/O+/cluster_6_808.BMP,O+,SUBJECT_GROUP_0013,13,13__F_Left_middle_finger.BMP,33b92f9c12fb03aa4207ecf9557a9cad6f402e1aecf6b9c71eb26d2063a359ab,train
data/datasets/O+/cluster_6_812.BMP,O+,SUBJECT_GROUP_0398,404,404__M_Left_little_finger.BMP,379e2a078a9806cf5f4187c5a746adb6e9536250e794465d870280be3b045e13,validation
data/datasets/O+/cluster_6_813.BMP,O+,SUBJECT_GROUP_0397,403,403__M_Left_middle_finger.BMP,162760d309ea06834e49587093f19f9f8dcbe36b1988f430d7c43af2e1f5c7cc,test
data/datasets/O+/cluster_6_837.BMP,O+,SUBJECT_GROUP_0389,395,395__M_Left_thumb_finger.BMP,89d918f47d58a6b7b8ca709ef8ae0ab67ab51e2e7d35cf1ae12f7e0ca8f20f2e,train
data/datasets/O+/cluster_6_839.BMP,O+,SUBJECT_GROUP_0382,388,388__F_Left_thumb_finger.BMP,4e5e562110d216fa205cc70642f6d3cac2487fa46e5727ada15e6d01544cc9b1,train
data/datasets/O+/cluster_6_843.BMP,O+,SUBJECT_GROUP_0469,476,476__M_Left_thumb_finger.BMP,cfe1ddaeb55aa23f745ac1bec56aa504d4bf38a1a10beb4de72851e2a30d8788,validation
data/datasets/O+/cluster_6_844.BMP,O+,SUBJECT_GROUP_0308,313,313__M_Left_middle_finger.BMP,1f84b62e6ac0802e7551033a8d69d97e3860bad421fdc023ce3c543117a68a5a,train
data/datasets/O+/cluster_6_850.BMP,O+,SUBJECT_GROUP_0346,351,351__M_Left_middle_finger.BMP,a252bee5ab132f989bd2b3eef7a8f73f541f2e7c2e67c990cbc5e5baa5de0dbe,train
data/datasets/O+/cluster_6_855.BMP,O+,SUBJECT_GROUP_0277,282,282__M_Right_ring_finger.BMP,fdc8e02b40c25da98147537b5b68ee4febc1e14533df3597d7d81c110ecf5241,train
data/datasets/O+/cluster_6_856.BMP,O+,SUBJECT_GROUP_0507,515,515__M_Left_middle_finger.BMP,e5f42f0d6213dc8b5ec75afbd9734b9aec84a037b679fbfddf25fcec623143c7,train
data/datasets/O+/cluster_6_858.BMP,O+,SUBJECT_GROUP_0148,148,148__M_Right_middle_finger.BMP,61c407787f13cbcc6308f5fdcd6def1f287d0426d8e06bd4e9ea79589d05f20a,train
data/datasets/O+/cluster_6_861.BMP,O+,SUBJECT_GROUP_0156,156,156__F_Right_thumb_finger.BMP,98e6aa577454c1d192d5a663e3540fc4a0f695c8ba980425bf4161c40ec4a106,train
data/datasets/O+/cluster_6_885.BMP,O+,SUBJECT_GROUP_0158,158,158__M_Right_ring_finger.BMP,ae877213f01c3b4b7e50d117cbec3d5e538d9557047a60e896bee694a02aea0e,train
data/datasets/O+/cluster_6_893.BMP,O+,SUBJECT_GROUP_0358,376,376__F_Left_thumb_finger.BMP,1ecf1ad97a70897136a4b598d9fa17e86af6913d60b9308a4d5902dcc6c1200a,test
data/datasets/O+/cluster_6_902.BMP,O+,SUBJECT_GROUP_0175,175,175__M_Left_index_finger.BMP,bfe18fdf6e3febbfb19ab139934a1050929f61c16aff095ca4b17546be07a6ab,train
data/datasets/O+/cluster_6_911.BMP,O+,SUBJECT_GROUP_0229,232,232__M_Right_thumb_finger.BMP,7e506090e2aaf62f7b0282d7f0b709aa9a0f33488751a0ac9184d8ff5557a484,train
data/datasets/O+/cluster_6_932.BMP,O+,SUBJECT_GROUP_0276,281,281__M_Right_index_finger.BMP,107572d41cba7b490b88c6bb47e556ee859e1fb5c1123b921be2d851a62eb93a,train
data/datasets/O+/cluster_6_935.BMP,O+,SUBJECT_GROUP_0410,416,416__M_Right_ring_finger.BMP,7f89f188aca6df56199a0bffc0f122f4dba9f92fd23b554172a06e508b00f0dd,train
data/datasets/O+/cluster_6_937.BMP,O+,SUBJECT_GROUP_0085,85,85__M_Left_index_finger.BMP,292833a5cce278b83e2dd485838239eedf901e9e0d992e848f9ca1448767a17e,train
data/datasets/O+/cluster_6_941.BMP,O+,SUBJECT_GROUP_0549,559,559__M_Right_ring_finger.BMP,7f926314f11d7d4b8adaa980aef272d27af91b5cd0a17e60cc7ea13d4c6810de,train
data/datasets/O+/cluster_6_954.BMP,O+,SUBJECT_GROUP_0438,445,445__M_Right_middle_finger.BMP,39d85230b23fa9f494962fe5631dc6647ca11aa9f4bacd64029d890c4ae0b467,train
data/datasets/O+/cluster_6_971.BMP,O+,SUBJECT_GROUP_0569,580,580__M_Left_thumb_finger.BMP,4e78f95c7bb3e8fa16adeb0e2ca838422ad2d0f6876ebe5460b271b8b61f01e1,test
data/datasets/O+/cluster_6_975.BMP,O+,SUBJECT_GROUP_0492,499,499__M_Right_ring_finger.BMP,2fdf7714b52a2bd5516d3e05059f1568b3d549926a77a93d72ae9acbeec99aee,train
data/datasets/O+/cluster_6_978.BMP,O+,SUBJECT_GROUP_0359,364,364__M_Left_index_finger.BMP,ec6cb96fcaeb3292a979f71536907284614044cafaea9764566293328e0d4849,train
data/datasets/O+/cluster_6_981.BMP,O+,SUBJECT_GROUP_0269,274,274__M_Left_thumb_finger.BMP,fe5efd46a4bd8a711a2e594049f26fe8e1e163064ea9cc0b1fe7622f78de6bad,test
data/datasets/O+/cluster_6_990.BMP,O+,SUBJECT_GROUP_0171,171,171__M_Left_index_finger.BMP,b8fe0d72f981ef5ba3843b94fa14478735bfa028dfa98d52f5a34322ada6a195,train
data/datasets/O-/cluster_7_1002.BMP,O-,SUBJECT_GROUP_0292,590,590__M_Left_ring_finger.BMP,aa2d9b6901246d35d20d67227f654723e20e35221c06f858745dcb459c2a6c10,test
data/datasets/O-/cluster_7_1014.BMP,O-,SUBJECT_GROUP_0427,434,434__M_Right_middle_finger.BMP,6f8021d61cfcb4ec484c2ee456c9d09d83a99b99ba0c9a6693298b743c1f9dd1,train
data/datasets/O-/cluster_7_1028.BMP,O-,SUBJECT_GROUP_0330,335,335__M_Right_middle_finger.BMP,9d8bf3dfd02220641641855c929cb8db591c161fdbc3d1f874284e3745c4a093,train
data/datasets/O-/cluster_7_1037.BMP,O-,SUBJECT_GROUP_0399,405,405__M_Right_middle_finger.BMP,c8985071ab135891f0e34a557958badbef9c2f8450c7306583673112ab7f60f5,train
data/datasets/O-/cluster_7_1040.BMP,O-,SUBJECT_GROUP_0292,297;590,297__M_Left_little_finger.BMP;590__M_Left_little_finger.BMP,19e238c67bdeaf32857132e195bb34b608e72b359f071ab36d2305d237577b90,test
data/datasets/O-/cluster_7_1043.BMP,O-,SUBJECT_GROUP_0274,279,279__M_Left_middle_finger.BMP,10ebe0589cd53428cd3cdf3cdf337d715746de83cbbe6f619642db7e63ede167,train
data/datasets/O-/cluster_7_1046.BMP,O-,SUBJECT_GROUP_0566,576,576__M_Right_ring_finger.BMP,90e8c6afefb0d7ac0f5d7c0bc7e0bcf36592e4541ffb2da61df78265b154d29c,train
data/datasets/O-/cluster_7_1047.BMP,O-,SUBJECT_GROUP_0470,477,477__M_Left_thumb_finger.BMP,0180c1a9c5a26fd6bcb07c9aa67f3d22dea29c20e9e57ca7e23b48c0f7a89c49,train
data/datasets/O-/cluster_7_1061.BMP,O-,SUBJECT_GROUP_0515,523,523__F_Left_ring_finger.BMP,84e2553372c02888e4142d6f47de27fd4458b2789a910d40d8617946b472f142,train
data/datasets/O-/cluster_7_1091.BMP,O-,SUBJECT_GROUP_0418,425,425__M_Left_ring_finger.BMP,9c9d43c59fcc07bdefcafc2e56a33d7946678f351f0414cd8031036cbb5b536e,train
data/datasets/O-/cluster_7_1099.BMP,O-,SUBJECT_GROUP_0064,260,260__M_Right_index_finger.BMP,3b72121fc798fa74fff5aa99ad7f9c0975253e22afb80c387d776e280ddfcf9f,validation
data/datasets/O-/cluster_7_1104.BMP,O-,SUBJECT_GROUP_0049,49,49__M_Right_little_finger.BMP,e42699060639f7a2898edd58fff475b8ca1c6522087c84e3a0bc1bf404482b40,train
data/datasets/O-/cluster_7_112.BMP,O-,SUBJECT_GROUP_0207,209,209__F_Left_index_finger.BMP,93ccf892418eb386058cb40c0cc4a9c88d774a557404cd92b40d6284251046f5,train
data/datasets/O-/cluster_7_1120.BMP,O-,SUBJECT_GROUP_0135,135,135__F_Right_little_finger.BMP,5d7699728e68827917bbdb54a567593d6e801ecdbbfe52b07ad3e5601c02603e,train
data/datasets/O-/cluster_7_1121.BMP,O-,SUBJECT_GROUP_0435,442,442__F_Right_little_finger.BMP,0c982ede698f8458d7f17f68f117527e91254dc8ca0f3d92f586294fadda4fb5,validation
data/datasets/O-/cluster_7_1127.BMP,O-,SUBJECT_GROUP_0574,586,586__M_Left_index_finger.BMP,4fef2dd33907ab11cfc2465685bc4cda962703a96eadd0658265223f29c0fb4b,test
data/datasets/O-/cluster_7_1129.BMP,O-,SUBJECT_GROUP_0507,515,515__M_Left_ring_finger.BMP,379eaf5bc5e9211be8f2c8431d53e66d8fd995307533c6a829b40362b80a6cfa,train
data/datasets/O-/cluster_7_1131.BMP,O-,SUBJECT_GROUP_0381,387,387__F_Left_ring_finger.BMP,879f09486f36edc9c6006a0a166f930d9e5c7658ad79f6f023ed965d70e418ea,validation
data/datasets/O-/cluster_7_114.BMP,O-,SUBJECT_GROUP_0064,260,260__M_Left_middle_finger.BMP,5e886754ea5beef02c9df4d9f950781988247a932b095d82f8ce4bdb04c18b79,validation
data/datasets/O-/cluster_7_1144.BMP,O-,SUBJECT_GROUP_0083,83,83__M_Right_ring_finger.BMP,7000df19e0dff8dfcfd65ebd88c22eafb2dd666d92cd49d0e1cf7dd7d191899d,train
data/datasets/O-/cluster_7_1151.BMP,O-,SUBJECT_GROUP_0056,56,56__F_Right_middle_finger.BMP,08d5632711bdf7f04db70bdd57e50b181e8762bf67bd6fbad17e8dae41f9bb52,validation
data/datasets/O-/cluster_7_1173.BMP,O-,SUBJECT_GROUP_0423,430,430__F_Right_ring_finger.BMP,381b96b94d54cc0c7da1f10455de14a96a96bbaaa91d6c59bbd2a50986c26fdb,test
data/datasets/O-/cluster_7_1177.BMP,O-,SUBJECT_GROUP_0273,278,278__M_Right_middle_finger.BMP,06275659bd91ba42c3fc5fe00ba204c3b14b7841a6226ab604c4379b28b2c00c,train
data/datasets/O-/cluster_7_1180.BMP,O-,SUBJECT_GROUP_0419,426,426__M_Left_ring_finger.BMP,f6ca2a40b908d310317fb37c7181198bafcbcc649098a804cf7e3c397b467490,test
data/datasets/O-/cluster_7_1200.BMP,O-,SUBJECT_GROUP_0431,438,438__M_Right_little_finger.BMP,acab954307e549a20207d92622ad0c66d92dffc171e47572d62398231e0c4562,train
data/datasets/O-/cluster_7_1203.BMP,O-,SUBJECT_GROUP_0412,419,419__F_Left_ring_finger.BMP,15cd4b00d3579a4d28fcf3e27a1cf5d91517be62535ebefe387126c66e42a172,train
data/datasets/O-/cluster_7_1207.BMP,O-,SUBJECT_GROUP_0566,576,576__M_Left_little_finger.BMP,971157d1129c0c1c4ff11f48182f27792e9595d7476db0fad66257080d6fc708,train
data/datasets/O-/cluster_7_1216.BMP,O-,SUBJECT_GROUP_0274,279,279__M_Left_index_finger.BMP,af079d0d6e8e516a81d25e2140041d4de21621e1152727997f9ab822d5a3c7ec,train
data/datasets/O-/cluster_7_1223.BMP,O-,SUBJECT_GROUP_0130,130,130__F_Left_index_finger.BMP,923da329993dc1ac93a50c55d70561853fb913475bb3e932651dfdd99e11c3da,train
data/datasets/O-/cluster_7_1224.BMP,O-,SUBJECT_GROUP_0527,535,535__M_Right_middle_finger.BMP,2c571d796d3c8c373f789e8028b914b9ac96598f11d7bcf3f9ebef86cc53f755,train
data/datasets/O-/cluster_7_1233.BMP,O-,SUBJECT_GROUP_0489,496,496__M_Right_little_finger.BMP,683daec82148da510d2c4e864db15e057e02fa0a8f993e1bc1367aa349f374a8,train
data/datasets/O-/cluster_7_1234.BMP,O-,SUBJECT_GROUP_0174,174,174__F_Left_little_finger.BMP,4585529eb3d943620310ab34959cbefac1dcd305f41de893e98cebda5d9fc65d,train
data/datasets/O-/cluster_7_1235.BMP,O-,SUBJECT_GROUP_0122,122,122__M_Left_middle_finger.BMP,dedea87a73084947fbce99d9403d2e28f018c7a7ccca16971f5fb833564aeee1,test
data/datasets/O-/cluster_7_1244.BMP,O-,SUBJECT_GROUP_0479,486,486__M_Right_little_finger.BMP,362cf625cbd494620358094e6bac4680d508de170a89866252b91f7f17cf0480,train
data/datasets/O-/cluster_7_1263.BMP,O-,SUBJECT_GROUP_0390,396,396__M_Left_index_finger.BMP,20f27a14aebc2b2bb1116c00688414b38dd30ad8bd3d9ba4e9b22deee0f2c591,train
data/datasets/O-/cluster_7_1273.BMP,O-,SUBJECT_GROUP_0355,360,360__M_Left_middle_finger.BMP,220ca11bebe5655df1ee62004777e8dc55c68fb2de627c3595a5883e0a816d9d,test
data/datasets/O-/cluster_7_1292.BMP,O-,SUBJECT_GROUP_0164,164,164__M_Right_index_finger.BMP,0bfb7ef346fb7d316fe973c4df258efde241b47a9b977c46d1816a96faaec094,train
data/datasets/O-/cluster_7_1306.BMP,O-,SUBJECT_GROUP_0249,253,253__F_Right_ring_finger.BMP,127cd5df203803051e2ffa4758e6326f730fb4e89ab676ac54de84759438682a,train
data/datasets/O-/cluster_7_1312.BMP,O-,SUBJECT_GROUP_0105,105,105__M_Right_middle_finger.BMP,20a6f3f7db9c05ea97c4dbaa9cfc1af00e082fb8fd94db1d65dab1c497c41431,train
data/datasets/O-/cluster_7_1313.BMP,O-,SUBJECT_GROUP_0537,545,545__M_Right_ring_finger.BMP,ece66f95c7d9a7d484a53fc3d93b38a025b934c15eadb82947828d3c763226aa,validation
data/datasets/O-/cluster_7_1321.BMP,O-,SUBJECT_GROUP_0432,439,439__M_Right_middle_finger.BMP,9bb5b4035fed8f859c7344ab50986e446fc7b807f7dcd08e883a4ae3b91fa13c,train
data/datasets/O-/cluster_7_1334.BMP,O-,SUBJECT_GROUP_0470,477,477__M_Right_ring_finger.BMP,28c651134a26cd0d726feed3e5c424021361bcd2b9c96024dd0832e70015172b,train
data/datasets/O-/cluster_7_1335.BMP,O-,SUBJECT_GROUP_0271,276,276__M_Right_ring_finger.BMP,bc83625737889580858cc5d3fac61df06e71b7c4cfcb87c2f5af8cf2056d058e,train
data/datasets/O-/cluster_7_1338.BMP,O-,SUBJECT_GROUP_0395,401,401__M_Right_little_finger.BMP,6fb0229c3693f460693e6ac1916d31411dd71f94dff22d0811f36ad40bb9487e,train
data/datasets/O-/cluster_7_1343.BMP,O-,SUBJECT_GROUP_0557,567,567__M_Right_middle_finger.BMP,0b30d0a6b714022a76003f29440d2a1ce9f2a494702f5e91512e72bd0f8d70ea,test
data/datasets/O-/cluster_7_1346.BMP,O-,SUBJECT_GROUP_0089,89,89__M_Left_index_finger.BMP,04f695a6d0017386a0011cdaae716fc3b746f1a495330276a450ff96045ef278,validation
data/datasets/O-/cluster_7_1352.BMP,O-,SUBJECT_GROUP_0405,411,411__M_Right_middle_finger.BMP,2b6618fd2ba8dd079d1d0b69cb5bb0843490182f9bc33972ecce501731676a60,train
data/datasets/O-/cluster_7_1357.BMP,O-,SUBJECT_GROUP_0345,350,350__M_Left_middle_finger.BMP,de9bd75e6bb03a05e347e006dc1ffd3306fc25c3246457b51c6820910dbc67fc,train
data/datasets/O-/cluster_7_1358.BMP,O-,SUBJECT_GROUP_0357,362,362__M_Left_ring_finger.BMP,f759536145a371c67d21b1c10b192761135ad97b75d4e670127eda64f53b1aab,train
data/datasets/O-/cluster_7_1380.BMP,O-,SUBJECT_GROUP_0499,506,506__M_Right_little_finger.BMP,4e1940fdb5ff96e9a6657f3f3b82d7f3961247ff3286be9a7991c1e45440091c,test
data/datasets/O-/cluster_7_1392.BMP,O-,SUBJECT_GROUP_0493,500,500__M_Left_ring_finger.BMP,b6b8717d44a258af2076217c838159a4cb663a0db8e4d4d754f4a01f3cfba206,validation
data/datasets/O-/cluster_7_1406.BMP,O-,SUBJECT_GROUP_0148,148,148__M_Left_index_finger.BMP,f2e00df695cf287d340c4503df86615608033b95076d13c52d9dee89cddb13ac,train
data/datasets/O-/cluster_7_1408.BMP,O-,SUBJECT_GROUP_0546,556,556__F_Right_middle_finger.BMP,3b090072b747fb7240d9d6f95470d92a7bdceb355af41def719acf73d0921b0d,train
data/datasets/O-/cluster_7_141.BMP,O-,SUBJECT_GROUP_0467,474,474__M_Right_little_finger.BMP,3b1b3e53c79404ccc03f56fb7af6ce828f5c7afa41ef6e06d5182dc54d418017,train
data/datasets/O-/cluster_7_1418.BMP,O-,SUBJECT_GROUP_0381,387,387__F_Left_little_finger.BMP,279048d46e3fdc6ea76260f3405799e8c5b28ada355f422366e6addc7da36e10,validation
data/datasets/O-/cluster_7_1441.BMP,O-,SUBJECT_GROUP_0524,532,532__M_Right_little_finger.BMP,9bb041fa800e9071b3251e658c1b7aef4efd56f7e718f75f7f9784705fd340dd,test
data/datasets/O-/cluster_7_1443.BMP,O-,SUBJECT_GROUP_0435,442,442__F_Right_middle_finger.BMP,9cc1b891b756bfcbb21864b686fb25117243bc3a9745261449a068524caea41b,validation
data/datasets/O-/cluster_7_1453.BMP,O-,SUBJECT_GROUP_0564,574,574__F_Right_middle_finger.BMP,0191c7a4f5cbb02a3be5a55e227c17c913ee9ba0ea121ef14cf316be2d716b46,train
data/datasets/O-/cluster_7_1468.BMP,O-,SUBJECT_GROUP_0092,92;204;418,204__F_Left_little_finger.BMP;418__F_Left_little_finger.BMP;92__F_Left_little_finger.BMP,f8d2daa39625039730a97bde175c91ab53e48e0728c24f9baf428717f662f8fa,validation
data/datasets/O-/cluster_7_1477.BMP,O-,SUBJECT_GROUP_0461,468,468__F_Left_index_finger.BMP,312d071971b839982b220017e7fdee597721905fa461a4d53271146a1cdc1f40,train
data/datasets/O-/cluster_7_148.BMP,O-,SUBJECT_GROUP_0445,452,452__F_Right_index_finger.BMP,e4ef68ed91470e1dd44d99cdae56cfaf62ee3a0e4440acb2e8bbfe99b973c57a,train
data/datasets/O-/cluster_7_1487.BMP,O-,SUBJECT_GROUP_0411,417,417__M_Left_index_finger.BMP,2e1db7556a81f3c3c2fa3c8f98422406fd109b5cd036be725ac15823c964b12b,train
data/datasets/O-/cluster_7_1489.BMP,O-,SUBJECT_GROUP_0467,474,474__M_Left_ring_finger.BMP,456d8af2401cdb2e19ed4e38099c3012c58e70b224faac54fdf6a1086e2deddd,train
data/datasets/O-/cluster_7_1493.BMP,O-,SUBJECT_GROUP_0467,474,474__M_Left_index_finger.BMP,581575a3b15f2c1395a5e5c9f9fa03ed36f6a086c5af3121c5ff6ce593e286df,train
data/datasets/O-/cluster_7_1497.BMP,O-,SUBJECT_GROUP_0362,367,367__M_Left_index_finger.BMP,45dbe1bc34335c67d840a5774a0f0167ece18fee6fe64aa507d80afe777f0b97,train
data/datasets/O-/cluster_7_1498.BMP,O-,SUBJECT_GROUP_0538,546,546__M_Right_index_finger.BMP,769fac8285b88bfaeb86aef16d93dd5447a64adea7de5929315450a95f97c726,test
data/datasets/O-/cluster_7_1499.BMP,O-,SUBJECT_GROUP_0184,184,184__M_Right_ring_finger.BMP,d16796441624bab1986230a4c7c7a5fe51d0ab3b9b1a40f0cb32481b89ffef1e,train
data/datasets/O-/cluster_7_1504.BMP,O-,SUBJECT_GROUP_0307,312,312__M_Left_index_finger.BMP,9810eecba7787cc07ee46972aaf227994dcab84a1b30e2aa3192cc7c88722508,validation
data/datasets/O-/cluster_7_1508.BMP,O-,SUBJECT_GROUP_0358,376,376__F_Left_index_finger.BMP,947be67afe5defdb39366398655c9bec461f37e7f8c49f7c6f1e503326cce88e,test
data/datasets/O-/cluster_7_1520.BMP,O-,SUBJECT_GROUP_0282,287,287__M_Right_little_finger.BMP,48f510a9020bdb128fa9e4650ab518e92bf0f735fcca1fbf1f6777cfffe742af,train
data/datasets/O-/cluster_7_1523.BMP,O-,SUBJECT_GROUP_0187,187,187__M_Right_ring_finger.BMP,bf632ee87476c8048df8c7bcb52f42e4ef4b24535be124d9123c07775f57f0a7,train
data/datasets/O-/cluster_7_1541.BMP,O-,SUBJECT_GROUP_0330,335,335__M_Right_index_finger.BMP,207f148d280efd51387bb3994235802b989479fdb7e02471a89a0cf540f63d60,train
data/datasets/O-/cluster_7_1546.BMP,O-,SUBJECT_GROUP_0271,276,276__M_Left_index_finger.BMP,f26df0c10b9f7155dcd3d3be23fe10488d61dbbd390d1164629ffe007798a887,train
data/datasets/O-/cluster_7_1547.BMP,O-,SUBJECT_GROUP_0371,377,377__M_Right_little_finger.BMP,c8347dd330cc9309b90ab763f06a77d3f99b8c2778fdb604e643a21f42d0e57c,test
data/datasets/O-/cluster_7_1552.BMP,O-,SUBJECT_GROUP_0515,523,523__F_Right_ring_finger.BMP,5dacc93095ca9b21b85a6cb2c666ecc5d12bdae9263f5f21eb14d258f934738f,train
data/datasets/O-/cluster_7_1568.BMP,O-,SUBJECT_GROUP_0205,207,207__M_Right_little_finger.BMP,ea194573a78a73e9da469f9fefd832850b1fd52de54614ce426091b3d80f2cf7,validation
data/datasets/O-/cluster_7_1574.BMP,O-,SUBJECT_GROUP_0304,309,309__M_Right_middle_finger.BMP,6d0c941f49378485884c8c3c23a70b6234b666a6e20aba6e3363be5ae1922003,validation
data/datasets/O-/cluster_7_1580.BMP,O-,SUBJECT_GROUP_0115,115,115__F_Left_thumb_finger.BMP,eaabd28a851efb1101ce34f7d9bd7b857ce81cb6fc448842a470aa36660e71a6,train
data/datasets/O-/cluster_7_1584.BMP,O-,SUBJECT_GROUP_0188,188,188__M_Right_little_finger.BMP,70291c1fde612ef9729ff8fcf195d3fb8db322efa45a5168e883c0f28833d060,train
data/datasets/O-/cluster_7_1586.BMP,O-,SUBJECT_GROUP_0292,577,577__M_Right_middle_finger.BMP,c0e7be263c12fff74831789af755d8ec599c96ced651c47f6bf819ce63fd916e,test
data/datasets/O-/cluster_7_1590.BMP,O-,SUBJECT_GROUP_0184,184,184__M_Left_index_finger.BMP,373936a9e1638380fc686e4ce5daa90aa091782cdb9de0cb0600b9107e42ed25,train
data/datasets/O-/cluster_7_1591.BMP,O-,SUBJECT_GROUP_0029,29,29__F_Left_little_finger.BMP,2f8f9f7eb1771050064c2656874c0ec8b25838fccacbe86402e61e7e5ec5733d,train
data/datasets/O-/cluster_7_1592.BMP,O-,SUBJECT_GROUP_0514,522,522__M_Right_little_finger.BMP,493fab857c763ed32e04dcdbc68b7c9a1fa7a23ee7ddd657a908b1fdd2bd8aec,train
data/datasets/O-/cluster_7_1594.BMP,O-,SUBJECT_GROUP_0537,545,545__M_Left_index_finger.BMP,03ea27f0557e1802047c65a7be7b3d91b43d2a21c3e69d167916b55acf1850cf,validation
data/datasets/O-/cluster_7_1596.BMP,O-,SUBJECT_GROUP_0209,211,211__M_Right_ring_finger.BMP,06a17f63f1762f45684808fc83eed05e250c245e74a5e25d35b4ab6bcb73d757,train
data/datasets/O-/cluster_7_1610.BMP,O-,SUBJECT_GROUP_0446,453,453__F_Right_ring_finger.BMP,da612901bdb013314d9d468f6cfd58279dceca512c12779f8f0e6f97b01daec1,train
data/datasets/O-/cluster_7_1628.BMP,O-,SUBJECT_GROUP_0157,157,157__M_Right_index_finger.BMP,782c677ca116bb779823528c5ab391723dd40807b0b4a5fe4f8ff32e29e6867f,train
data/datasets/O-/cluster_7_1635.BMP,O-,SUBJECT_GROUP_0047,47,47__F_Left_index_finger.BMP,21d0a4f703e2743d1645fceb76b042290d39b367574f11fb128fa4f1a0ef2da4,train
data/datasets/O-/cluster_7_1638.BMP,O-,SUBJECT_GROUP_0109,109,109__F_Left_ring_finger.BMP,48c9cc405e9d5a4e3386877ecc9b6b9f47693f54fd6d97bb5a2d0724f83b181c,train
data/datasets/O-/cluster_7_1641.BMP,O-,SUBJECT_GROUP_0284,289,289__F_Right_little_finger.BMP,cb6615ea9720b00f9322f6e45d6b729ab3ff08ece9b2f7c87de566cb2acc2ef2,validation
data/datasets/O-/cluster_7_1643.BMP,O-,SUBJECT_GROUP_0094,94,94__M_Left_index_finger.BMP,da06b7856b9e7ed905d2fc08ea14a2f4d3cdc12d6a036a053d29d05725439716,train
data/datasets/O-/cluster_7_1657.BMP,O-,SUBJECT_GROUP_0542,550,550__F_Right_little_finger.BMP,a480e3f5c28b515dcb8092afde923f46121390b61e63d665346916b6429aa204,train
data/datasets/O-/cluster_7_1662.BMP,O-,SUBJECT_GROUP_0019,19,19__M_Right_little_finger.BMP,399aa3a682210b109a3ec4c7ff276699a5fbc2e06f64d0b536352a80de2c94a2,train
data/datasets/O-/cluster_7_1678.BMP,O-,SUBJECT_GROUP_0536,544,544__M_Right_little_finger.BMP,c184345e423343fe6ae17585524d25db50a4c36375e6cc997c0c910f8b766ebb,train
data/datasets/O-/cluster_7_1683.BMP,O-,SUBJECT_GROUP_0569,580,580__M_Right_little_finger.BMP,64f336cd5f4086eb8078992faa5b8daba05ed070d1055b6cda3c7c91585cfb8e,test
data/datasets/O-/cluster_7_170.BMP,O-,SUBJECT_GROUP_0499,506,506__M_Right_ring_finger.BMP,ceec9ef1f80c761c7f1d3efcaaf9dcbe31ab63f18fc14b16b832b7602f5be1fc,test
data/datasets/O-/cluster_7_1707.BMP,O-,SUBJECT_GROUP_0258,263,263__F_Left_little_finger.BMP,e006e428607462ab5cc8ad6e5f445a919d07f54352a223ae7c4c021bc2566768,train
data/datasets/O-/cluster_7_1725.BMP,O-,SUBJECT_GROUP_0395,401,401__M_Left_little_finger.BMP,af37302bbda65b1e5f8e18b7e837b58e2cd424c24e8e4ced7b28f60de7ef0fed,train
data/datasets/O-/cluster_7_1728.BMP,O-,SUBJECT_GROUP_0445,452,452__F_Right_little_finger.BMP,f051e5be6f35e27dfb43367af6693d04d2ac0ceb83f857824c277f3e506ec764,train
data/datasets/O-/cluster_7_173.BMP,O-,SUBJECT_GROUP_0272,277,277__M_Right_middle_finger.BMP,b065c9dafd40b7bd14eea3093db6165ffd29ae9e173e93108ddd22f08a86e6a1,train
data/datasets/O-/cluster_7_1742.BMP,O-,SUBJECT_GROUP_0261,266,266__M_Left_little_finger.BMP,cc696623d892bd639a19643222c1e98ea7b0347bf484abe15e2f0d9c8d1ce435,train
data/datasets/O-/cluster_7_1743.BMP,O-,SUBJECT_GROUP_0272,277,277__M_Left_thumb_finger.BMP,a96627a08691daa8640a4467d394ee08331208632ba6ee8965fe7a4479eb48d5,train
data/datasets/O-/cluster_7_1748.BMP,O-,SUBJECT_GROUP_0555,565,565__M_Right_middle_finger.BMP,b6bcce0f33c43cbaab6c6cf0eebb2dbc431889f3f0b70cf684e4154bc9932140,train
data/datasets/O-/cluster_7_1749.BMP,O-,SUBJECT_GROUP_0382,388,388__F_Right_middle_finger.BMP,0168867ea05c62e1ad40c7754d85de4b0d95743d9cae366aad348a7c9c327075,train
data/datasets/O-/cluster_7_1759.BMP,O-,SUBJECT_GROUP_0495,502,502__F_Left_thumb_finger.BMP,81a3fc4a582fc62488cd86ffed4cac6b982675951159cd9bb944f61d95e6bc43,train
data/datasets/O-/cluster_7_1765.BMP,O-,SUBJECT_GROUP_0469,476,476__M_Right_middle_finger.BMP,07d22e4c0f06b29e84858a4951f53fe1333a43d4977b3a0f4a25358bf24c2509,validation
data/datasets/O-/cluster_7_1770.BMP,O-,SUBJECT_GROUP_0408,414,414__M_Right_little_finger.BMP,ec55efa689b3546e4addd5a9ca67e4d5009bce11435b046dac90dab51814eaa7,train
data/datasets/O-/cluster_7_1775.BMP,O-,SUBJECT_GROUP_0442,449,449__F_Right_little_finger.BMP,7caa4ff2cdbce67d564570b8bbca59b22b9141ac1c5fc561265edf5d1c70b576,train
data/datasets/O-/cluster_7_1780.BMP,O-,SUBJECT_GROUP_0328,333,333__M_Right_ring_finger.BMP,e7f4102f51e7d3cbc7b48c57b341b6b51ceff8f6bf55ba3c6219fe1a93bf9a8f,train
data/datasets/O-/cluster_7_1795.BMP,O-,SUBJECT_GROUP_0554,564,564__M_Right_ring_finger.BMP,af6618111eff6dcc645d9d5827f641c3a739fca760bb3403b77ba65149682385,train
data/datasets/O-/cluster_7_1805.BMP,O-,SUBJECT_GROUP_0383,389,389__F_Right_ring_finger.BMP,954015c2ae7c0c64d32c4bea3c60c9ef6e1234e99123781279205defe2d3b285,train
data/datasets/O-/cluster_7_1819.BMP,O-,SUBJECT_GROUP_0092,92;204;418,204__F_Left_little_finger.BMP;418__F_Left_little_finger.BMP;92__F_Left_little_finger.BMP,f8d2daa39625039730a97bde175c91ab53e48e0728c24f9baf428717f662f8fa,validation
data/datasets/O-/cluster_7_1821.BMP,O-,SUBJECT_GROUP_0486,493,493__M_Left_middle_finger.BMP,a6e10ffdc687082dfccafc4daaca2d07e53ff08305e9eba33039bc33130b42bd,train
data/datasets/O-/cluster_7_1822.BMP,O-,SUBJECT_GROUP_0291,296,296__M_Right_little_finger.BMP,cca75b0ddda1d4c44903ef20408f174ce4bc649fc517d916dd5370b9ea59a0b4,train
data/datasets/O-/cluster_7_1823.BMP,O-,SUBJECT_GROUP_0383,389,389__F_Left_ring_finger.BMP,18163e3b23a7475b2f454a8d119c3059967f4ef3757473e004e7eeadfa1a709b,train
data/datasets/O-/cluster_7_1841.BMP,O-,SUBJECT_GROUP_0557,567,567__M_Right_ring_finger.BMP,d2d958df83a4586f76a249a0a569910412e0d3a5062d91569b82fcbbecdce094,test
data/datasets/O-/cluster_7_1847.BMP,O-,SUBJECT_GROUP_0372,378,378__F_Right_little_finger.BMP,7229984853bd5730880f9315ed4b4f172838cc1b68304875b8e44f9b3722bb01,train
data/datasets/O-/cluster_7_1849.BMP,O-,SUBJECT_GROUP_0179,179,179__M_Right_middle_finger.BMP,8e3f641aa9a7c65cb15249554f5bf11d461c6c8e5405f68a050a842e2e58fa13,train
data/datasets/O-/cluster_7_1850.BMP,O-,SUBJECT_GROUP_0119,119,119__F_Left_ring_finger.BMP,6341855d379e064daeafe0b21ed5b750a47953391ac8f8215c19e519662f7134,test
data/datasets/O-/cluster_7_1852.BMP,O-,SUBJECT_GROUP_0564,574,574__F_Left_index_finger.BMP,9a69feb72dfd114c1e00ebfdb71941451b65fb31b2b0946e75497e1d3ea7a8fc,train
data/datasets/O-/cluster_7_1857.BMP,O-,SUBJECT_GROUP_0551,561,561__M_Right_ring_finger.BMP,1be6f619b8ca818f6eafddedc7b9b709fe5f82edb6f1f4e77e84a9b25d80728d,train
data/datasets/O-/cluster_7_1864.BMP,O-,SUBJECT_GROUP_0487,494,494__F_Right_ring_finger.BMP,ba94ab2b8dfd49afb48278c605515ee41c9a590e4a10e82f84e9e6ad2af2e83f,train
data/datasets/O-/cluster_7_1873.BMP,O-,SUBJECT_GROUP_0064,260,260__M_Right_ring_finger.BMP,5db80fe9050556661aaca270da5b2d027077e36d87b6e27e3b29e30f3a132d60,validation
data/datasets/O-/cluster_7_188.BMP,O-,SUBJECT_GROUP_0508,516,516__M_Right_little_finger.BMP,bbf08f9d196702c1ab4483030aca0858810d15c26b60bea947fb24181ae4c70f,train
data/datasets/O-/cluster_7_1887.BMP,O-,SUBJECT_GROUP_0076,76,76__F_Right_index_finger.BMP,c0535c9492dda080ed924c7c61e0841d7d382fd9e505394220095ab3379f76de,train
data/datasets/O-/cluster_7_189.BMP,O-,SUBJECT_GROUP_0092,92,92__F_Right_little_finger.BMP,72dbbdbf113a019b585bb5ac4e33b04f68b879ba5eff9a15e1e8feee1d25bbde,validation
data/datasets/O-/cluster_7_1895.BMP,O-,SUBJECT_GROUP_0303,308,308__M_Right_little_finger.BMP,4c6573864df943f1871d8ced6e1ff99cd8d4bb4d3b49507a12a9e4a767d6c74f,train
data/datasets/O-/cluster_7_1902.BMP,O-,SUBJECT_GROUP_0276,281,281__M_Left_little_finger.BMP,14bb61e37b266e13a3d039316593595a7d5724a7610e1f541c48f4bad20182f1,train
data/datasets/O-/cluster_7_1903.BMP,O-,SUBJECT_GROUP_0153,153,153__M_Right_ring_finger.BMP,c4af036c210af026a5b4278c5d3536184f1c27df79ee9c357e8004dac969332e,test
data/datasets/O-/cluster_7_1921.BMP,O-,SUBJECT_GROUP_0489,496,496__M_Left_index_finger.BMP,26de6c1653fde5faf74fa75b2ceea423a6b89e8ba7366ee6dfc468a5f0758302,train
data/datasets/O-/cluster_7_1923.BMP,O-,SUBJECT_GROUP_0562,572,572__F_Right_little_finger.BMP,ebdb8475a68487739a064e29e34be0a93c703b780046d4892f94575997c1a1c8,validation
data/datasets/O-/cluster_7_1927.BMP,O-,SUBJECT_GROUP_0301,306,306__M_Right_index_finger.BMP,c816a020569cc85ba3b3844498af31382ba420923fba3e9cfc2564d9f5377b23,train
data/datasets/O-/cluster_7_1932.BMP,O-,SUBJECT_GROUP_0278,283,283__M_Left_little_finger.BMP,c396a44a60dae74040e4a1afd8ee297c8e9e1b347893637b7c63772a36a34c59,validation
data/datasets/O-/cluster_7_1944.BMP,O-,SUBJECT_GROUP_0428,435,435__F_Right_little_finger.BMP,341ff59f1df68fed0078d5a0d13eff956f09a457b29878c4e301a30af9faac25,test
data/datasets/O-/cluster_7_1945.BMP,O-,SUBJECT_GROUP_0090,90,90__M_Right_ring_finger.BMP,61b3535bb7bc29ac0b0eea32fae7bde6cb271b601e48d278e3e16af5aa5608cb,train
data/datasets/O-/cluster_7_1946.BMP,O-,SUBJECT_GROUP_0517,525,525__M_Left_index_finger.BMP,3a9e8944dfa99aebd7ce3bcbbf03d66326579511a95fed2507a1c7b48f40648e,train
data/datasets/O-/cluster_7_1952.BMP,O-,SUBJECT_GROUP_0301,306,306__M_Right_thumb_finger.BMP,0dcd23d7cc480ad80cf769b973ec3c0c644f7f8ef3452470721c1375640f19ff,train
data/datasets/O-/cluster_7_1957.BMP,O-,SUBJECT_GROUP_0335,340,340__M_Right_middle_finger.BMP,e1d7456d8a224d382a31d1c55f97b2b35082d6e744c561673e9dcd39517663bb,validation
data/datasets/O-/cluster_7_1961.BMP,O-,SUBJECT_GROUP_0473,480,480__M_Left_ring_finger.BMP,8c1f23e78b8339c8fdf01b06c53379e04d8708821bcb588140ffb6fb6cfeb681,validation
data/datasets/O-/cluster_7_1962.BMP,O-,SUBJECT_GROUP_0487,494,494__F_Left_index_finger.BMP,17ea5a851908db2925d26545ca8787abf70193b4a64b90b56d40409c01f36e86,train
data/datasets/O-/cluster_7_1963.BMP,O-,SUBJECT_GROUP_0217,220,220__F_Left_index_finger.BMP,71c263e944203090f8f78fc1653f03f6a57201f5e509d88eee0ca5134f89cce9,validation
data/datasets/O-/cluster_7_1964.BMP,O-,SUBJECT_GROUP_0200,200,200__M_Left_little_finger.BMP,8c810cf24307260c0d597f4286ba836175816c39e27960a7347c96898d71637b,train
data/datasets/O-/cluster_7_1975.BMP,O-,SUBJECT_GROUP_0072,72,72__M_Left_ring_finger.BMP,5ccb1acfeb1671ea7470d341f2381b8405092ce1c5757415fce7c6fb26174e7d,train
data/datasets/O-/cluster_7_1978.BMP,O-,SUBJECT_GROUP_0563,573,573__F_Right_little_finger.BMP,6671855d602f343c4944723a1ea03a491c2b364871af8e63d0e229fcf12902a2,test
data/datasets/O-/cluster_7_2.BMP,O-,SUBJECT_GROUP_0223,226,226__M_Left_little_finger.BMP,909b97dfc7737f3b3b3841e099aa356fbccd2caf3f063282b5e6d668ba32df5d,validation
data/datasets/O-/cluster_7_2010.BMP,O-,SUBJECT_GROUP_0301,306,306__M_Right_little_finger.BMP,c801693d04c72842a62b3ce582c34fe1331f165bb4a1c0c7d4c54a46132410cb,train
data/datasets/O-/cluster_7_2022.BMP,O-,SUBJECT_GROUP_0559,569,569__M_Right_index_finger.BMP,0936896ed4e43a39a49a9c493747c2dafe4e6c081a3ef845a2e0c4272d5fe292,train
data/datasets/O-/cluster_7_2023.BMP,O-,SUBJECT_GROUP_0174,174,174__F_Right_index_finger.BMP,f6a802d96ef4133742d777b9791cdc47fe917cd47382d92f3abb54354aa76ce4,train
data/datasets/O-/cluster_7_203.BMP,O-,SUBJECT_GROUP_0147,147,147__M_Left_middle_finger.BMP,9a82f3a9d2a9f23b614be5d33caacd5a011407472ca2c3ca49d08fc04841ebe0,train
data/datasets/O-/cluster_7_2047.BMP,O-,SUBJECT_GROUP_0383,389,389__F_Left_index_finger.BMP,99151599ef8be49c8b14aa5a60a7b70f176d29422c59b33ff8a4b161b632ab18,train
data/datasets/O-/cluster_7_2050.BMP,O-,SUBJECT_GROUP_0261,266,266__M_Right_little_finger.BMP,54f5521f8888038430786901e3bf914defa463dbe55a43423df410c297688262,train
data/datasets/O-/cluster_7_2058.BMP,O-,SUBJECT_GROUP_0295,300,300__F_Right_little_finger.BMP,0b02833fe316edfc9605f2be1fb73c2fc0ab2e21e45a316defb319fce3f3e399,test
data/datasets/O-/cluster_7_2060.BMP,O-,SUBJECT_GROUP_0112,112,112__M_Left_index_finger.BMP,ef9c9288fd76c1f2e356c2fc4f506e6f56c455f2842062bfaf653869bfc8de2a,train
data/datasets/O-/cluster_7_2061.BMP,O-,SUBJECT_GROUP_0094,94,94__M_Left_little_finger.BMP,a4212a1243395be10f13bddc4fed8402a14089238e863f3fa28f515830c17b76,train
data/datasets/O-/cluster_7_2071.BMP,O-,SUBJECT_GROUP_0458,465,465__F_Left_index_finger.BMP,ebe045d711ca1e15501199effe71315928141f4077173448a5f1c29a186eed34,train
data/datasets/O-/cluster_7_21.BMP,O-,SUBJECT_GROUP_0118,118,118__F_Right_index_finger.BMP,35e485979124e508716387c3fc27eda7c958dc553fd7e9752cdc2b120758b9e8,train
data/datasets/O-/cluster_7_2105.BMP,O-,SUBJECT_GROUP_0223,226,226__M_Left_middle_finger.BMP,b595d1e2b9e5fb62ce8a58d2ddc74a289016189e16c998beeaad282945db70c3,validation
data/datasets/O-/cluster_7_2134.BMP,O-,SUBJECT_GROUP_0006,6,6__M_Left_middle_finger.BMP,ecd0d4a1e627e916c65f5da1a50c806a2bbdb9e7e481066204aa48681dfc9b79,train
data/datasets/O-/cluster_7_2139.BMP,O-,SUBJECT_GROUP_0225,228,228__M_Left_index_finger.BMP,c6e93c4057c65a36e49a8f1888bf683216fc0e264c4544884a885564d34b69bc,train
data/datasets/O-/cluster_7_2151.BMP,O-,SUBJECT_GROUP_0368,373,373__M_Left_little_finger.BMP,d4d7168eeaaade9f075fce28550a2e770b618671fad2ce4a1773b2d7c0316149,validation
data/datasets/O-/cluster_7_2153.BMP,O-,SUBJECT_GROUP_0074,74,74__F_Right_little_finger.BMP,8e13543441810a8da4ee9e189ba72e2ed6c2000e359e54cd9d184472b0a1937d,test
data/datasets/O-/cluster_7_2157.BMP,O-,SUBJECT_GROUP_0343,348,348__F_Left_little_finger.BMP,8ba3c7fb22e495c362f2b2226cbbae6fa7ca92c8cb8955f7c4e79c9661db7af2,train
data/datasets/O-/cluster_7_2159.BMP,O-,SUBJECT_GROUP_0112,112,112__M_Right_little_finger.BMP,d70362cb7c55dacc3ed72088f62e95986bd8f0cd1c277ce7cc77d51c2d00bd94,train
data/datasets/O-/cluster_7_2172.BMP,O-,SUBJECT_GROUP_0212,214,214__M_Right_little_finger.BMP,9a108d585eeb2201dd075a51c7bd8461e0bb0e95ef6a9de4d45c9b665c9f97ba,train
data/datasets/O-/cluster_7_2196.BMP,O-,SUBJECT_GROUP_0548,558,558__M_Left_index_finger.BMP,f999cc591ae48ad4a886eabc6ef48c1eb18acb7e042f7f91a7baa488bc1deaeb,train
data/datasets/O-/cluster_7_2200.BMP,O-,SUBJECT_GROUP_0066,66,66__F_Right_little_finger.BMP,a5f2fac7b8980be299bff9a6b098bc1b301addfd57f03f1a89eeb0739fce1c1a,train
data/datasets/O-/cluster_7_2203.BMP,O-,SUBJECT_GROUP_0440,447,447__M_Right_ring_finger.BMP,263f6768523f6133d1e36250116699d901b711017289962aec99c738d9bb0cbe,train
data/datasets/O-/cluster_7_2204.BMP,O-,SUBJECT_GROUP_0381,387,387__F_Left_index_finger.BMP,66e4900834b9c9fcae892b1b2f8c1dcc4500b7904868fce9b027f01de255a5a2,validation
data/datasets/O-/cluster_7_2219.BMP,O-,SUBJECT_GROUP_0240,243,243__M_Left_index_finger.BMP,8b015382b747bfa5202bb88d5603ffa3d8942055333105430516b6f982e9af6c,test
data/datasets/O-/cluster_7_2224.BMP,O-,SUBJECT_GROUP_0122,122,122__M_Right_ring_finger.BMP,62f409e668074aff149b672db56438eb024e44f17c6911089f692bceec6caab5,test
data/datasets/O-/cluster_7_2238.BMP,O-,SUBJECT_GROUP_0006,6,6__M_Left_index_finger.BMP,24e84862450b016d7c5edbaef7c85c0d6795eacc65b91a16c6e027f2ee90cba2,train
data/datasets/O-/cluster_7_2241.BMP,O-,SUBJECT_GROUP_0051,51,51__M_Right_little_finger.BMP,7852fb34782020faa1b364380b96028d5cf5dc8f7ca52df77f571895368966e2,train
data/datasets/O-/cluster_7_2246.BMP,O-,SUBJECT_GROUP_0273,278,278__M_Left_index_finger.BMP,4c7b5a5e7a4d21c1a437173c033208d990e38c5b21820fb34271517fdde95deb,train
data/datasets/O-/cluster_7_2247.BMP,O-,SUBJECT_GROUP_0579,592,592__M_Right_little_finger.BMP,9652656508aa8ca18bf0faecac531b95cd95b8552a7143d11c47ab34b323ff7b,train
data/datasets/O-/cluster_7_2248.BMP,O-,SUBJECT_GROUP_0285,290,290__M_Right_little_finger.BMP,f9d556556e635ff29075701ddd71c711f31f0b17438eadc3dd33739d6d26f893,train
data/datasets/O-/cluster_7_2251.BMP,O-,SUBJECT_GROUP_0489,496,496__M_Left_ring_finger.BMP,39f5043cf022a067012830e219e6085c372edf992859571fa8921fefb12d5a63,train
data/datasets/O-/cluster_7_2270.BMP,O-,SUBJECT_GROUP_0292,511;590,511__M_Left_ring_finger.BMP;590__M_Right_middle_finger.BMP,34e2c0ef9a81a5ae4a45cee737d6e00ab76289cc9a4e4137aa935103311d4dbd,test
data/datasets/O-/cluster_7_2271.BMP,O-,SUBJECT_GROUP_0527,535,535__M_Left_middle_finger.BMP,fc6fd3b472797f7b42ff42ede2609379719f4de6112fa3a10f610db2cea527f1,train
data/datasets/O-/cluster_7_2272.BMP,O-,SUBJECT_GROUP_0232,235,235__M_Left_little_finger.BMP,e8c9e632c03ae7f34971cfe13c85d84a5e59c4eb51146a031caa601a59fffe5c,train
data/datasets/O-/cluster_7_2273.BMP,O-,SUBJECT_GROUP_0238,241,241__M_Right_little_finger.BMP,5c8d77fb53ca627ecfb0a695788a44108015d43a26c00a5c04d86f271ee600ed,train
data/datasets/O-/cluster_7_2275.BMP,O-,SUBJECT_GROUP_0573,584,584__M_Left_little_finger.BMP,f86b31b5ddac1998da77465e9feb510116a65b5989397cc23fe2e32179f1f91f,train
data/datasets/O-/cluster_7_228.BMP,O-,SUBJECT_GROUP_0136,136,136__F_Right_index_finger.BMP,b8ded359f0b62ac8515ca8dbe5127430e241bd9669c00256493bce2c71804070,train
data/datasets/O-/cluster_7_2280.BMP,O-,SUBJECT_GROUP_0069,69,69__M_Right_little_finger.BMP,9cd2f49b9b6ba33c19844f9dc003741d0c45068917db79ddea1c1cdc62c2a1bd,train
data/datasets/O-/cluster_7_2282.BMP,O-,SUBJECT_GROUP_0440,447,447__M_Right_little_finger.BMP,63c8e1e7dd2a71d41ee6874402baf0432945fc5644c89419e15ee8cf4f74cd0d,train
data/datasets/O-/cluster_7_2290.BMP,O-,SUBJECT_GROUP_0447,454,454__M_Left_index_finger.BMP,5e633f17c4a1bee5002ee4e220e5f71f610428215257f8ea82a242c766aed6bd,train
data/datasets/O-/cluster_7_2300.BMP,O-,SUBJECT_GROUP_0073,73,73__M_Right_little_finger.BMP,6f2a27ad6a42d70fd14af16215d32ee26092e29aea6137021f8269a27a42488a,train
data/datasets/O-/cluster_7_2305.BMP,O-,SUBJECT_GROUP_0579,592,592__M_Left_middle_finger.BMP,be5c0783d01bd39310329f6b2c88597374c7d298814eadc15c7834bec337dcd7,train
data/datasets/O-/cluster_7_2306.BMP,O-,SUBJECT_GROUP_0494,501,501__M_Right_middle_finger.BMP,0f9c69c23e887ed877602819a6a6b988cb55b9d944bf3a5df769c9bb1bfc2883,train
data/datasets/O-/cluster_7_2316.BMP,O-,SUBJECT_GROUP_0031,31,31__F_Left_middle_finger.BMP,19de0f13bcd210011236f1809aab2e13d2f021537dc9821dd649bb8a4904cc06,train
data/datasets/O-/cluster_7_2317.BMP,O-,SUBJECT_GROUP_0192,192,192__M_Left_middle_finger.BMP,86cfdf7b0450de71fd9cc76921ae00e687ef5c4474ce6b9647c02abfcd2eb0dc,validation
data/datasets/O-/cluster_7_2331.BMP,O-,SUBJECT_GROUP_0191,191,191__F_Right_little_finger.BMP,f30aacb4195bd742b58f32d712a45ebdda9afe5e5b3d52e3b6254a3a6f62c227,train
data/datasets/O-/cluster_7_2332.BMP,O-,SUBJECT_GROUP_0246,250,250__F_Left_index_finger.BMP,9f21c9ca9838514f054f3816f1fc419df807a56bb598a24d8853ea6fc77ec727,train
data/datasets/O-/cluster_7_2338.BMP,O-,SUBJECT_GROUP_0199,199,199__M_Right_little_finger.BMP,517d9d548f4f49f569b266e06ade85e81474fbe0dcdb66b73226710a1b4e8abe,train
data/datasets/O-/cluster_7_2379.BMP,O-,SUBJECT_GROUP_0192,192,192__M_Left_ring_finger.BMP,5117c9d86d4955bacb5959a06a6f67a56d06fde17f8ee444f009924f1ceeabf2,validation
data/datasets/O-/cluster_7_238.BMP,O-,SUBJECT_GROUP_0270,275,275__F_Right_ring_finger.BMP,c312d668f4537f7c61600812af1e9a7a1784efad3f538d735aea9f3e28ade965,validation
data/datasets/O-/cluster_7_239.BMP,O-,SUBJECT_GROUP_0330,335,335__M_Right_ring_finger.BMP,4faa6115c75b46bafa7172ede1f6af31c8203571e9b200e8fc14cf616e360fb1,train
data/datasets/O-/cluster_7_2391.BMP,O-,SUBJECT_GROUP_0025,25,25__F_Left_little_finger.BMP,6b2782cf563f79592df4d54756cbf3797aa43810db517c749800c8781e13bba6,train
data/datasets/O-/cluster_7_2395.BMP,O-,SUBJECT_GROUP_0123,123,123__M_Left_little_finger.BMP,951a7568369522603f3f59cab147bf5c23a4a1bfde99fc19d0ee8ef9eb29f669,train
data/datasets/O-/cluster_7_2398.BMP,O-,SUBJECT_GROUP_0459,466,466__F_Right_little_finger.BMP,fdf64363829dd6335f3c250f5c788b888e05087f2f75f283c8057de2cda7ee97,test
data/datasets/O-/cluster_7_24.BMP,O-,SUBJECT_GROUP_0192,192,192__M_Left_little_finger.BMP,90e6a7a0f4592105adca6c2c5fd26980854a3770a8391784a875a837772d2d2a,validation
data/datasets/O-/cluster_7_2463.BMP,O-,SUBJECT_GROUP_0084,84,84__M_Right_little_finger.BMP,a48889ae213f771106607db9fb4f6ed07285235d1a79fce833fe018b7c2bb83c,test
data/datasets/O-/cluster_7_2465.BMP,O-,SUBJECT_GROUP_0147,147,147__M_Left_index_finger.BMP,82f9bbde48ef915eee8d79f863fe514701fd09b1fa669d73e74994040beb3c7b,train
data/datasets/O-/cluster_7_247.BMP,O-,SUBJECT_GROUP_0207,209,209__F_Left_middle_finger.BMP,4927c4a8bd45d736edd1a391aa9f8600991b39c1c115bbabfe2c6c188bce02c6,train
data/datasets/O-/cluster_7_2482.BMP,O-,SUBJECT_GROUP_0157,157,157__M_Left_index_finger.BMP,653f6dd59077881de44efbdb2a38ca936261953cc481fb844b702cce9335d9a2,train
data/datasets/O-/cluster_7_2494.BMP,O-,SUBJECT_GROUP_0408,414,414__M_Right_ring_finger.BMP,9d45793d1ece6fab27210b4596fc49722172f968bee1f32a4b7163c08415c54d,train
data/datasets/O-/cluster_7_2496.BMP,O-,SUBJECT_GROUP_0297,302,302__M_Right_index_finger.BMP,eb887efe79e27ddc6508bb7dfba80e167c9fb696cc666fe203cd7329102814be,train
data/datasets/O-/cluster_7_250.BMP,O-,SUBJECT_GROUP_0098,98,98__M_Right_ring_finger.BMP,d7b2ccf051bc9f974a64e97cadd0079e9aad84223aac0fe841cfb86d27ed033e,test
data/datasets/O-/cluster_7_2504.BMP,O-,SUBJECT_GROUP_0282,287,287__M_Right_ring_finger.BMP,4af789579e5dec0dbe8f278a2b9020b9c69e8e238f2e82cd7b60e5b3f48eca58,train
data/datasets/O-/cluster_7_2529.BMP,O-,SUBJECT_GROUP_0426,433,433__M_Right_little_finger.BMP,fe4eac03241e2bbdd6484074bc4ebbd6bf62d3756aed1d0962eac0e605642ff9,validation
data/datasets/O-/cluster_7_2540.BMP,O-,SUBJECT_GROUP_0442,449,449__F_Left_little_finger.BMP,2bec3ab705cc5392b0b176fcc7199062a9db0267c26770d647ea8704476ce1f0,train
data/datasets/O-/cluster_7_256.BMP,O-,SUBJECT_GROUP_0362,367,367__M_Right_ring_finger.BMP,2d73e1ae8cc057366b1a67998ef3e7f23b33fee7d5b89a3a6fe758b9b104fa2a,train
data/datasets/O-/cluster_7_2572.BMP,O-,SUBJECT_GROUP_0343,348,348__F_Right_little_finger.BMP,5b5076d5a7eaf641aadbf69496cb9e565ce92b55d8a62e27af3dcd9afb1493e7,train
data/datasets/O-/cluster_7_2574.BMP,O-,SUBJECT_GROUP_0317,322,322__M_Right_little_finger.BMP,7313f6beadd81b7221ad93ca8e244181c1504fc1388cc444f3897b43500b97a0,train
data/datasets/O-/cluster_7_2588.BMP,O-,SUBJECT_GROUP_0573,584,584__M_Left_ring_finger.BMP,b93b64182e1b55548be6398baf23cf47643ba2a974d0189b188edddd97a20526,train
data/datasets/O-/cluster_7_2597.BMP,O-,SUBJECT_GROUP_0354,359,359__M_Left_index_finger.BMP,3dac4d589ba71aa13823e22eb7b02a51b644039390a2a2bb2e41083bfe715bb9,train
data/datasets/O-/cluster_7_260.BMP,O-,SUBJECT_GROUP_0556,566,566__M_Right_little_finger.BMP,1d122a2fa4d0f61dbada5207d4e5c5191608383ce7920ad1d3472970163289f4,train
data/datasets/O-/cluster_7_261.BMP,O-,SUBJECT_GROUP_0370,375,375__M_Left_index_finger.BMP,879a7abe2c6c5b388980884bc914050da6f9ed95c3a0b57ec415cdc623f28d20,train
data/datasets/O-/cluster_7_2610.BMP,O-,SUBJECT_GROUP_0453,460,460__M_Right_little_finger.BMP,bd9e3904414ee2e1e3cad2c8f2e9ae9ace062d236c3a15d52311a1da8723782c,test
data/datasets/O-/cluster_7_2632.BMP,O-,SUBJECT_GROUP_0258,263,263__F_Left_index_finger.BMP,38a23dfc529335062f94e54638a776d6b44292ae51a93e3194304295962924c8,train
data/datasets/O-/cluster_7_2634.BMP,O-,SUBJECT_GROUP_0550,560,560__F_Right_little_finger.BMP,8b3b6b2f791691011e657ba0ca96536b78c4c944ec17678ba8b5beb006440c9e,test
data/datasets/O-/cluster_7_2636.BMP,O-,SUBJECT_GROUP_0200,200,200__M_Right_ring_finger.BMP,005fe22f64d741166b208bdef941199b6cba12e97cd7c153a069ba7e085648d7,train
data/datasets/O-/cluster_7_2655.BMP,O-,SUBJECT_GROUP_0106,106,106__M_Right_ring_finger.BMP,33d6db0f956eec9b5b853a0cb0c18683ff6ca97dea244db39067b1a9dc8b8112,test
data/datasets/O-/cluster_7_2665.BMP,O-,SUBJECT_GROUP_0408,414,414__M_Left_little_finger.BMP,637f6130fade8fa4f28f52e56e8a881d093bbbffa2773e80f1cd735fd6e330a7,train
data/datasets/O-/cluster_7_2687.BMP,O-,SUBJECT_GROUP_0248,252,252__F_Left_index_finger.BMP,c0ce28f68ba8da89ade987d07dc5594d2c77d175bff2f0df46f612e4de29b242,test
data/datasets/O-/cluster_7_269.BMP,O-,SUBJECT_GROUP_0362,367,367__M_Left_middle_finger.BMP,2e90d04713a04d5edf90ce58aeb0e2227e2aaea887b7c3fce437e5bc2fb4d665,train
data/datasets/O-/cluster_7_2691.BMP,O-,SUBJECT_GROUP_0006,6,6__M_Right_little_finger.BMP,3c0a0be1e6feca92034042318136acf47acccec75f13bacfac668b03f83e6b6e,train
data/datasets/O-/cluster_7_2697.BMP,O-,SUBJECT_GROUP_0259,264,264__M_Left_ring_finger.BMP,18dbfd90008bb7f08ce7bf216c7c2e7defef32e0e69222d669738085a4b642a1,train
data/datasets/O-/cluster_7_2701.BMP,O-,SUBJECT_GROUP_0473,480,480__M_Left_little_finger.BMP,0683cc51e4a0d4493075d8e158477671c60bc41f89f02701e139441c403e478d,validation
data/datasets/O-/cluster_7_2713.BMP,O-,SUBJECT_GROUP_0249,253,253__F_Right_little_finger.BMP,fd1531a3632d1d2e83dbeefcbbac0f40794e6ae2128f8fb0162f05463284684b,train
data/datasets/O-/cluster_7_2717.BMP,O-,SUBJECT_GROUP_0467,474,474__M_Left_little_finger.BMP,9202c5546f19b66e204b24e156415272f673db09e3ec157d6d686d6ca9e6203a,train
data/datasets/O-/cluster_7_2732.BMP,O-,SUBJECT_GROUP_0558,568,568__M_Left_middle_finger.BMP,0b4806756f8259877bfe3fdd7ea29649dcec8b3af610714a74ba27369ba47986,train
data/datasets/O-/cluster_7_2738.BMP,O-,SUBJECT_GROUP_0110,110,110__F_Right_middle_finger.BMP,8448899f3b8e4fb336b2f2159a252f16c829d6593755e236c49c9a875d4027a8,train
data/datasets/O-/cluster_7_275.BMP,O-,SUBJECT_GROUP_0124,124,124__M_Left_little_finger.BMP,b92c00a03668597b21572d6496cc4d731cc79278088a3d0b5df018aa822de4bb,train
data/datasets/O-/cluster_7_2760.BMP,O-,SUBJECT_GROUP_0414,421,421__F_Right_middle_finger.BMP,9ad7c28e8c85ddfd8fdab32ab460c6d1779b406a5abe9b9565a3d0b3953435ce,train
data/datasets/O-/cluster_7_2761.BMP,O-,SUBJECT_GROUP_0439,446,446__M_Left_middle_finger.BMP,cce70c9d43234947c119ee3794663682707f4edeb20870bf84e7dd4343c73832,train
data/datasets/O-/cluster_7_2765.BMP,O-,SUBJECT_GROUP_0334,339,339__M_Right_little_finger.BMP,809394f0f7b8ecaeba03510c9464c13f273b857c104052e5faef6dc347c1535f,validation
data/datasets/O-/cluster_7_2772.BMP,O-,SUBJECT_GROUP_0296,301,301__F_Left_index_finger.BMP,aa55d936eb0ff93e5b1b891f32cf9475e0b212a1aef4e04317194affa8ec0b5e,train
data/datasets/O-/cluster_7_2774.BMP,O-,SUBJECT_GROUP_0118,118,118__F_Left_little_finger.BMP,2035c71047cf04dc3640b1433125d0002e1a7e227ac299834d516001d0f81dd1,train
data/datasets/O-/cluster_7_2780.BMP,O-,SUBJECT_GROUP_0191,191,191__F_Left_little_finger.BMP,702642e9c4de18506737314bfca3e53d15d0f3ad8d3d9f2e455d2abd20eda936,train
data/datasets/O-/cluster_7_2802.BMP,O-,SUBJECT_GROUP_0056,56,56__F_Left_index_finger.BMP,f4d626013a6ec728cc359522d451172c76602817bb8d309b23903b32c5896f15,validation
data/datasets/O-/cluster_7_2805.BMP,O-,SUBJECT_GROUP_0388,394,394__M_Left_index_finger.BMP,04666c4e01fa95eebf37dfaf0a4ab2caa2d4314fdfc055e5ab451470b1f3601a,train
data/datasets/O-/cluster_7_2808.BMP,O-,SUBJECT_GROUP_0338,343,343__M_Right_index_finger.BMP,60dbc2d0407fbc57749476b093b90841b127d83d9508ecd85fff03ae18dc7b2a,train
data/datasets/O-/cluster_7_2809.BMP,O-,SUBJECT_GROUP_0500,507,507__M_Right_little_finger.BMP,2e3da75b3cbfcbf5d345f6fdc423de365909cb67b70f4ace9554a976ce5b9f0a,train
data/datasets/O-/cluster_7_2829.BMP,O-,SUBJECT_GROUP_0052,52,52__M_Left_middle_finger.BMP,692da6aa203bdc4e18dcd131b5a84560da2fb332a4f1cf19899a671a1f65fb42,train
data/datasets/O-/cluster_7_283.BMP,O-,SUBJECT_GROUP_0406,412,412__M_Left_little_finger.BMP,10a0dc0d8e71ae93e81ef7b87b6e5d6991c7fd131799fbb5b8a3f8dc55f0d8e1,train
data/datasets/O-/cluster_7_2832.BMP,O-,SUBJECT_GROUP_0573,584,584__M_Left_index_finger.BMP,f14c9d348555a828ac1b92c3461358aa811723e6822e1db1eebbfaf02cf38362,train
data/datasets/O-/cluster_7_2838.BMP,O-,SUBJECT_GROUP_0343,348,348__F_Right_ring_finger.BMP,1c3477f3e3e2776e1b75051f40d0230517edcc7d7f3ff2f2237e81dc3b30b1aa,train
data/datasets/O-/cluster_7_2847.BMP,O-,SUBJECT_GROUP_0250,254,254__M_Left_little_finger.BMP,a0f450a27b916caef1e421c2a7cf29d55a77330373d30474e395b95674e8cd0a,validation
data/datasets/O-/cluster_7_285.BMP,O-,SUBJECT_GROUP_0208,210,210__M_Left_ring_finger.BMP,7badb041396077adce2d2416712e8b2db869d0b854f5923b2773ca6913e5d94a,train
data/datasets/O-/cluster_7_2852.BMP,O-,SUBJECT_GROUP_0005,5,5__M_Left_thumb_finger.BMP,d5932b545d76e8e7733ecce1da15339a304241dac6b45e2c907c048ed70bb8fd,train
data/datasets/O-/cluster_7_2859.BMP,O-,SUBJECT_GROUP_0091,91,91__F_Right_index_finger.BMP,754e38ff9dad194344ca7bf14dc077de8f07042d3384d3651c4198ad27280a7a,train
data/datasets/O-/cluster_7_2862.BMP,O-,SUBJECT_GROUP_0240,243,243__M_Right_index_finger.BMP,bc2f3b6b4fa787da4e43c956ebbf221ff701807cfb559e548299debdac437dc1,test
data/datasets/O-/cluster_7_2870.BMP,O-,SUBJECT_GROUP_0173,173,173__F_Right_index_finger.BMP,95fc0c9cdedefd1d8c64aef9ef7037365adfe98101c5d0a59c8ffc62e6ae5cb2,train
data/datasets/O-/cluster_7_2873.BMP,O-,SUBJECT_GROUP_0419,426,426__M_Right_middle_finger.BMP,d2f42472c1aa2672ea517a0dc92572040b9cc1f851132eb1580e89abb6f6d6a1,test
data/datasets/O-/cluster_7_2878.BMP,O-,SUBJECT_GROUP_0255,259,259__M_Left_little_finger.BMP,2585d2231917af5c7b8974b711cce709be6c3f91413f023981857161d50c2eb3,train
data/datasets/O-/cluster_7_2881.BMP,O-,SUBJECT_GROUP_0287,292,292__M_Right_middle_finger.BMP,04cff3fb71e5743601415dbbcd421015dacd3ba78a10d582280e4140b7f6fbe7,validation
data/datasets/O-/cluster_7_2891.BMP,O-,SUBJECT_GROUP_0263,268,268__M_Right_middle_finger.BMP,9aded8ac6e312f83ccdad5fac858d352327d6ed6b03b82e008a7c65d0d6739e1,train
data/datasets/O-/cluster_7_2906.BMP,O-,SUBJECT_GROUP_0344,349,349__M_Right_index_finger.BMP,f735726ba923a87b981a88377d5c6380c6250dd5d3e8920c2c977287a8163571,train
data/datasets/O-/cluster_7_2908.BMP,O-,SUBJECT_GROUP_0213,215,215__M_Right_ring_finger.BMP,c3aef09551a78b082ad16186067e5962e80946ae8cc0b155e2220ea1ca13199e,train
data/datasets/O-/cluster_7_2916.BMP,O-,SUBJECT_GROUP_0161,161,161__F_Right_ring_finger.BMP,47a5a38b8fcd61af7607f246545f18c4b27ade5d7573fb772d7eca7c1a022b9e,train
data/datasets/O-/cluster_7_2948.BMP,O-,SUBJECT_GROUP_0419,426,426__M_Left_middle_finger.BMP,208677cbbfdc560c3d3f3c6bcbe5650f7df1854964f9bd3a776efcc8ce8f6580,test
data/datasets/O-/cluster_7_2962.BMP,O-,SUBJECT_GROUP_0292,511,511__M_Right_ring_finger.BMP,cd544b3d19ec026db5513549663951af815db5d3d6c466c762fb312243dd7d42,test
data/datasets/O-/cluster_7_2982.BMP,O-,SUBJECT_GROUP_0203,205,205__F_Left_thumb_finger.BMP,c396e291974b84ab421bfb7386832ff3fdba2814464ae0d45c22d25c1f17fe67,test
data/datasets/O-/cluster_7_2987.BMP,O-,SUBJECT_GROUP_0542,550,550__F_Right_index_finger.BMP,41298902318b7db594dc5e8044507df694a9e0ce838ddd038811927adc9ae9c4,train
data/datasets/O-/cluster_7_2990.BMP,O-,SUBJECT_GROUP_0417,424,424__M_Left_middle_finger.BMP,0e522ec22b73e4e310bee138f6444add6389df3035efc02ec6c584a7c554743c,validation
data/datasets/O-/cluster_7_2991.BMP,O-,SUBJECT_GROUP_0550,560,560__F_Left_index_finger.BMP,8af347a7639e88895e4e312cebe0dd2740d60eeacfcdfab94693da8ef0a25d57,test
data/datasets/O-/cluster_7_2992.BMP,O-,SUBJECT_GROUP_0172,172,172__M_Right_ring_finger.BMP,38c630cb5edeb367ff143f5979fa0043e49192e2bc898a86c982db144d4780fd,train
data/datasets/O-/cluster_7_3005.BMP,O-,SUBJECT_GROUP_0232,235,235__M_Left_index_finger.BMP,d691de3bf30e2547823042cf5bb049b91362d77a575aa748e89065fd391c6226,train
data/datasets/O-/cluster_7_3014.BMP,O-,SUBJECT_GROUP_0315,320,320__M_Right_little_finger.BMP,2c578e8428645343161f0cbb0d027a740f38f40184779dd70841e25e63028be8,train
data/datasets/O-/cluster_7_3016.BMP,O-,SUBJECT_GROUP_0024,24,24__F_Right_little_finger.BMP,ac2d2920fd612d6c15f573ecebb7a315da8a26e2eb6211eb331c2388aa6f6abd,test
data/datasets/O-/cluster_7_3019.BMP,O-,SUBJECT_GROUP_0177,177,177__F_Right_ring_finger.BMP,b9dec38a29caac3c7d5441ad900b2a694b0164067d100202cb2a29c45cc04071,train
data/datasets/O-/cluster_7_302.BMP,O-,SUBJECT_GROUP_0427,434,434__M_Left_index_finger.BMP,701f40b4fe6fdcdee49b5ffadc2878789e108ec1558c944e95e2bad92560364e,train
data/datasets/O-/cluster_7_3026.BMP,O-,SUBJECT_GROUP_0526,534,534__F_Left_thumb_finger.BMP,e2aceaf078e58d79ceae7cae38453766dcd572af610127ddf1c816b33e12fb8c,train
data/datasets/O-/cluster_7_3033.BMP,O-,SUBJECT_GROUP_0308,313,313__M_Right_little_finger.BMP,a78e5425817651f6463033d806b07016d531de2f0af52ea97435f1067d65aa63,train
data/datasets/O-/cluster_7_3035.BMP,O-,SUBJECT_GROUP_0344,349,349__M_Left_index_finger.BMP,381a309444ebbd2d638314b1acca481de2cfafc4920c1b320c6c47eabbaa134a,train
data/datasets/O-/cluster_7_3037.BMP,O-,SUBJECT_GROUP_0424,431,431__M_Left_middle_finger.BMP,93bbf2460401c3886bf6cd730b13ac34564180e076a5db3fd1bf06e8dbea5ef4,validation
data/datasets/O-/cluster_7_3038.BMP,O-,SUBJECT_GROUP_0150,150,150__M_Right_little_finger.BMP,e12790c87670f53f20a68d75e329fa3ab060547a6d6d0148a9cdb6b22225de36,train
data/datasets/O-/cluster_7_3046.BMP,O-,SUBJECT_GROUP_0296,301,301__F_Left_ring_finger.BMP,a65b46ba2cc27a17181d139213920c8c7bdde95466c96393e8ea941382eac7bb,train
data/datasets/O-/cluster_7_3049.BMP,O-,SUBJECT_GROUP_0469,476,476__M_Right_little_finger.BMP,080a97676e34f67a8a01e08af83708b624bbee079073151b9afd1e0e75d3a618,validation
data/datasets/O-/cluster_7_3054.BMP,O-,SUBJECT_GROUP_0136,136,136__F_Left_index_finger.BMP,d4f701e081e9617a2f408ad597d880de7ddbc931680ce529ef6a413d4638ea34,train
data/datasets/O-/cluster_7_3079.BMP,O-,SUBJECT_GROUP_0579,592,592__M_Left_index_finger.BMP,133542839e1a53e3b856b97b30dc4502be7fee769ce0f6e0a76db8e55eab4f90,train
data/datasets/O-/cluster_7_309.BMP,O-,SUBJECT_GROUP_0292,577,577__M_Left_index_finger.BMP,b220c0118c7f1b3c470a772c1a83fae8cc2de2181b98a0004f5c74798be87dc7,test
data/datasets/O-/cluster_7_3091.BMP,O-,SUBJECT_GROUP_0579,592,592__M_Right_middle_finger.BMP,80f9a5c6c7fcb24d5f87713fead84000e7e2a6a34437daf9396299c8a9b06492,train
data/datasets/O-/cluster_7_311.BMP,O-,SUBJECT_GROUP_0281,286,286__M_Right_little_finger.BMP,f6697891c2450043436879d1f202971a0ca23ac4c42d516faf637030b471bafb,train
data/datasets/O-/cluster_7_3111.BMP,O-,SUBJECT_GROUP_0271,276,276__M_Left_little_finger.BMP,df29c32838a4858a595b9488dea3ccbf38c3c2606d1b44b925efcb54a9aca663,train
data/datasets/O-/cluster_7_3115.BMP,O-,SUBJECT_GROUP_0258,263,263__F_Right_ring_finger.BMP,d484ab922989eb4ea0d9de4bdb1ed66b97d6daf8469b9bad17356bc807cbe85b,train
data/datasets/O-/cluster_7_3123.BMP,O-,SUBJECT_GROUP_0582,595,595__M_Right_ring_finger.BMP,0915a82fcfa98c1c81f6c7bc586f55f40b542f9ffa7042f8e549a1632598952a,validation
data/datasets/O-/cluster_7_3133.BMP,O-,SUBJECT_GROUP_0466,473,473__M_Right_little_finger.BMP,110378724ecb8eae78695e402d3f6b32f86d2a258c2e32856c79eec5ce0925a4,train
data/datasets/O-/cluster_7_3137.BMP,O-,SUBJECT_GROUP_0273,278,278__M_Right_ring_finger.BMP,58264d218b3e2ac96d05963ec1ee11e19dcfe3f75ce504d0f4c33ece1da65baf,train
data/datasets/O-/cluster_7_3139.BMP,O-,SUBJECT_GROUP_0442,449,449__F_Left_middle_finger.BMP,0303dd68bef3c83c64723f27a014916c7dd186ccea1a6660fc3fdec042da61e7,train
data/datasets/O-/cluster_7_3155.BMP,O-,SUBJECT_GROUP_0033,33,33__M_Right_middle_finger.BMP,fb5198a93e000c2ab92f1eddacb92298423e248f3156e21403c4f72520cd4df7,validation
data/datasets/O-/cluster_7_3162.BMP,O-,SUBJECT_GROUP_0130,130,130__F_Right_little_finger.BMP,52c01189d442771f1407e8959c56a25b9f1f1c2e31adec84c80a4c8add0cdc36,train
data/datasets/O-/cluster_7_3171.BMP,O-,SUBJECT_GROUP_0565,575,575__M_Left_thumb_finger.BMP,077e87d79be3eb53775bd24fa4b6deaad8cc4b5109ee90a2452e5f67ca09339f,validation
data/datasets/O-/cluster_7_3178.BMP,O-,SUBJECT_GROUP_0159,159,159__M_Right_little_finger.BMP,820147719108ccb15eefb2611bbc510a709b11a0307741c4fdb1932160486489,train
data/datasets/O-/cluster_7_3186.BMP,O-,SUBJECT_GROUP_0292,590,590__M_Right_index_finger.BMP,d561494d56627427895c1f61d74c0bef20e9c88055a0ae4225c37b24e7f8b070,test
data/datasets/O-/cluster_7_3193.BMP,O-,SUBJECT_GROUP_0098,98,98__M_Right_little_finger.BMP,701e438292ac601b9dbad174883dd0d7c30f734c62e09f06473ab1e4a83f894d,test
data/datasets/O-/cluster_7_3200.BMP,O-,SUBJECT_GROUP_0189,189,189__F_Right_little_finger.BMP,e8eeb2aa765eac9d126d17622f1fb4d3175d43d355b13f7b6aec8357a29825d4,train
data/datasets/O-/cluster_7_3202.BMP,O-,SUBJECT_GROUP_0174,174,174__F_Right_ring_finger.BMP,0321b43c8f608173650198fdf6bd8b6f50e2e6ca7441b848e1e4a82314037f47,train
data/datasets/O-/cluster_7_3211.BMP,O-,SUBJECT_GROUP_0529,537,537__M_Right_little_finger.BMP,74a6f79549678eef9881383b9dcc44da9007782aad51078936496e998e5e0844,validation
data/datasets/O-/cluster_7_3214.BMP,O-,SUBJECT_GROUP_0579,592,592__M_Left_little_finger.BMP,f02de06c1986e65ebae0b9a6eee3379368b1f0d66cfa0863c6a7aab2e4ba5613,train
data/datasets/O-/cluster_7_3215.BMP,O-,SUBJECT_GROUP_0027,27,27__M_Left_little_finger.BMP,f9b4acebc04f85361985fd3097223e1246df134fbe4847d3e5c7230517401473,train
data/datasets/O-/cluster_7_322.BMP,O-,SUBJECT_GROUP_0372,378,378__F_Right_ring_finger.BMP,3b85c902c5aba026fa58741b07ca01bc88fc6442283ea7d52212aae2c2e0c48b,train
data/datasets/O-/cluster_7_3236.BMP,O-,SUBJECT_GROUP_0109,109,109__F_Right_middle_finger.BMP,6f3f47a73e43d7381170a70633f98450736be78f7a730631225ee3232e426b06,train
data/datasets/O-/cluster_7_3244.BMP,O-,SUBJECT_GROUP_0474,481,481__F_Left_index_finger.BMP,e577fb7cdc420771d89c6004063d6cbae1c4c65335cc88c9e062f6ce327faf25,test
data/datasets/O-/cluster_7_3252.BMP,O-,SUBJECT_GROUP_0529,537,537__M_Left_index_finger.BMP,64694cc1b65db805208fe666d65003a9eabca51748af531ba23518555cad9b85,validation
data/datasets/O-/cluster_7_326.BMP,O-,SUBJECT_GROUP_0516,524,524__M_Left_index_finger.BMP,c760d1f0b5cfdb4d3b3eabc71a29b84dd27f15976f2e53eb39fbd2b8bd71eaee,test
data/datasets/O-/cluster_7_3276.BMP,O-,SUBJECT_GROUP_0029,29,29__F_Left_middle_finger.BMP,1c9c568ec966eb527818015e03024d58bf9c8ec1c098ddeda3ab423a296dd582,train
data/datasets/O-/cluster_7_33.BMP,O-,SUBJECT_GROUP_0440,447,447__M_Left_little_finger.BMP,eb573cb01053a1a403cf1c1b70118f5e9ee0029a8621eb85ff49179eb1aaad56,train
data/datasets/O-/cluster_7_3305.BMP,O-,SUBJECT_GROUP_0262,267,267__M_Left_middle_finger.BMP,44f5f3c01777c48cf1c12ec0e29120f0a149f8b85659e0737d1c6ea3462e34ab,test
data/datasets/O-/cluster_7_3318.BMP,O-,SUBJECT_GROUP_0240,243,243__M_Right_middle_finger.BMP,7e117a1a7f814d254ec29d9987bd0042af46f8016c3fa0c98d8d361af680b877,test
data/datasets/O-/cluster_7_3328.BMP,O-,SUBJECT_GROUP_0201,201,201__F_Left_middle_finger.BMP,86db0efdffeaa091c1d6bded611f747af83a7693961ea57c0c780e0e60a35aac,train
data/datasets/O-/cluster_7_3330.BMP,O-,SUBJECT_GROUP_0082,82,82__M_Right_ring_finger.BMP,8e03bb916e4282123ac8c89078c37004c0273505247f4c0f3bdc828a824ed2a1,validation
data/datasets/O-/cluster_7_3332.BMP,O-,SUBJECT_GROUP_0362,367,367__M_Right_middle_finger.BMP,86a968a714c4f1e9ad215afc70fd1aaa524d1c82f96aa0d2e447741c24a69f41,train
data/datasets/O-/cluster_7_3340.BMP,O-,SUBJECT_GROUP_0356,361,361__M_Left_little_finger.BMP,827f9515c4b5477bdd2ae0be04c4f54080742b069dc7db244ecb89a11969313e,train
data/datasets/O-/cluster_7_3363.BMP,O-,SUBJECT_GROUP_0092,418,418__F_Left_ring_finger.BMP,fe834e9d7d852e838d2506e27d5ec129fc631e81e982f099ef390fbfe5d7b4a1,validation
data/datasets/O-/cluster_7_3364.BMP,O-,SUBJECT_GROUP_0502,509,509__M_Left_index_finger.BMP,c121092ec8a2bb76fe020e1d2077bdb9b6b45ba968f14888e477b1ef1100a7dd,train
data/datasets/O-/cluster_7_3378.BMP,O-,SUBJECT_GROUP_0435,442,442__F_Right_ring_finger.BMP,29d44be4544257b349dbbfb8ac0ca06a8d9615b8db9b623c1d88b4ca9d94138b,validation
data/datasets/O-/cluster_7_3384.BMP,O-,SUBJECT_GROUP_0263,268,268__M_Left_index_finger.BMP,c2bba5d391b538c2920e5e729e4ecdb84d9bc3644cd238394cdb2d99a4653863,train
data/datasets/O-/cluster_7_3391.BMP,O-,SUBJECT_GROUP_0565,575,575__M_Right_ring_finger.BMP,d71de1fe881d6bde9dba9e47f29a93779846fcf1546a1decd4780fd13184727f,validation
data/datasets/O-/cluster_7_3392.BMP,O-,SUBJECT_GROUP_0466,473,473__M_Left_index_finger.BMP,a97487b37b416641d1eebb60521c924b7e05708a66f61291a27b86787d305340,train
data/datasets/O-/cluster_7_3405.BMP,O-,SUBJECT_GROUP_0532,540,540__F_Right_little_finger.BMP,a0859fcddd9a60fd424b36eb52e17e4acb8703fa97b85294e7542dc17bc16182,validation
data/datasets/O-/cluster_7_3406.BMP,O-,SUBJECT_GROUP_0260,265,265__M_Left_little_finger.BMP,96e7c0eaec6d49a9c014b065c812b1b739af83d5d44aa402bed2857b9fe59bb5,test
data/datasets/O-/cluster_7_3412.BMP,O-,SUBJECT_GROUP_0169,169,169__F_Left_little_finger.BMP,51edbb9fb164c00910b1b932d28d448955ab07930cc5dda9da58411528a75138,train
data/datasets/O-/cluster_7_3413.BMP,O-,SUBJECT_GROUP_0118,118,118__F_Left_middle_finger.BMP,b123474d2fe2bcf3d4b1b7461d57f2f4bbee9695b2a1af19056980e346ed8a84,train
data/datasets/O-/cluster_7_342.BMP,O-,SUBJECT_GROUP_0254,258,258__M_Left_ring_finger.BMP,514f410fa145e10c47c90fa7649d26c06ce82db9d1b05719633be6f46fac96cd,train
data/datasets/O-/cluster_7_3428.BMP,O-,SUBJECT_GROUP_0518,526,526__F_Left_little_finger.BMP,669a0cc90849ebf2173113a57db3ad6f4290e028685c718820c09e27678416d5,train
data/datasets/O-/cluster_7_3434.BMP,O-,SUBJECT_GROUP_0064,260,260__M_Left_thumb_finger.BMP,f39ef6c9d889edd76ae1d3c74f8e712f20360887ac20afea690066f3d88fd11f,validation
data/datasets/O-/cluster_7_3463.BMP,O-,SUBJECT_GROUP_0017,17,17__M_Right_index_finger.BMP,03a359e31d41265beb2112df553e4f96f50204c9cc1fce09ac0e7ba26f7f5876,test
data/datasets/O-/cluster_7_3479.BMP,O-,SUBJECT_GROUP_0257,262,262__M_Left_index_finger.BMP,f271806bdf683a32f410391261109e789596b9b10bce49ce30ba420041e379e4,train
data/datasets/O-/cluster_7_3484.BMP,O-,SUBJECT_GROUP_0562,572,572__F_Left_middle_finger.BMP,4ca2b9546238fd035a968376b874e2e8e38fb2fee00aa672051772aadb60dd6e,validation
data/datasets/O-/cluster_7_35.BMP,O-,SUBJECT_GROUP_0586,599,599__M_Left_index_finger.BMP,db16ba8c878ea5442654558fe73bbdfefbde3c0c3f812fc6eef14cf587c5c584,validation
data/datasets/O-/cluster_7_350.BMP,O-,SUBJECT_GROUP_0512,520,520__M_Right_index_finger.BMP,788b8a62425d7c57f401a182e4d4d945803546effded62f9e375a351b77f25c8,train
data/datasets/O-/cluster_7_3503.BMP,O-,SUBJECT_GROUP_0390,396,396__M_Left_little_finger.BMP,13671ddd0492261f9352ed37e4d6fa9321082a2786f7417c5c0cfd7717db9b87,train
data/datasets/O-/cluster_7_3510.BMP,O-,SUBJECT_GROUP_0203,205,205__F_Left_index_finger.BMP,2afeea2273007476c7a4c61ce284a173c00e2d847e2171a0511a4ce9ab28cabd,test
data/datasets/O-/cluster_7_3514.BMP,O-,SUBJECT_GROUP_0553,563,563__M_Right_ring_finger.BMP,aca36eb543ede113565dd1b5d8edc136ebdb705d8dd863f1daae96c77449e3ae,train
data/datasets/O-/cluster_7_3527.BMP,O-,SUBJECT_GROUP_0257,262,262__M_Right_little_finger.BMP,c6691ebf75e128122d839e9174fa22280438f9581725a6e5b304814fabdd6bdc,train
data/datasets/O-/cluster_7_3531.BMP,O-,SUBJECT_GROUP_0414,421,421__F_Left_middle_finger.BMP,78da12d4724bf016d52ca772b761e11834cb1811b2a56a35c1160cdd903bd620,train
data/datasets/O-/cluster_7_3534.BMP,O-,SUBJECT_GROUP_0027,27,27__M_Left_thumb_finger.BMP,43bed605dbcb8292f8b1c2356453c15189805cab3ee61b344061c3091ab9ce57,train
data/datasets/O-/cluster_7_3545.BMP,O-,SUBJECT_GROUP_0131,131,131__M_Right_middle_finger.BMP,fc57d80ddcd7d6e5f355fd56edbd779c149a9e5b8cdfc5a990bdb9c90e8181db,train
data/datasets/O-/cluster_7_3548.BMP,O-,SUBJECT_GROUP_0064,260,260__M_Right_little_finger.BMP,c76c7c59ded6e526a3a8999b73c1a2e36614b81565a656bc365fa0afa16c00c7,validation
data/datasets/O-/cluster_7_3549.BMP,O-,SUBJECT_GROUP_0566,576,576__M_Right_little_finger.BMP,c6ed1b87cfcf4a5b41df6d02a5bda39f48d7c6683d6af9a941310253e8f38796,train
data/datasets/O-/cluster_7_3557.BMP,O-,SUBJECT_GROUP_0495,502,502__F_Left_middle_finger.BMP,0210814b0b1c230fda32c4805a6a7af1e2dca447abb2b251d3e1b43b9aa2eea8,train
data/datasets/O-/cluster_7_3567.BMP,O-,SUBJECT_GROUP_0092,418,418__F_Left_index_finger.BMP,3cea2b502da784f964637719d5bec941f6a6e74cf11b7a5affee4a32f8ef830d,validation
data/datasets/O-/cluster_7_3593.BMP,O-,SUBJECT_GROUP_0024,24,24__F_Left_ring_finger.BMP,c9b77b6a22cd78c27ca04f44840e962ab7c92456d3f78d21aa4864cfa442d205,test
data/datasets/O-/cluster_7_3598.BMP,O-,SUBJECT_GROUP_0405,411,411__M_Right_little_finger.BMP,0a46f7b679af34914c688b40211f08b0452800981fe0cc7cedd0396ab7e74888,train
data/datasets/O-/cluster_7_3602.BMP,O-,SUBJECT_GROUP_0439,446,446__M_Left_ring_finger.BMP,6b103b0d62ee57b941ebc1459c139f647338a20d6a907afcb211b54e0a867376,train
data/datasets/O-/cluster_7_3603.BMP,O-,SUBJECT_GROUP_0200,200,200__M_Right_middle_finger.BMP,4944ac72e6144484d489d6461e2ffd7920ef2c7ae3d2e5a995043c2636748123,train
data/datasets/O-/cluster_7_3609.BMP,O-,SUBJECT_GROUP_0282,287,287__M_Left_index_finger.BMP,5a3c0db2eccfaf2d41d471008deb3ce2204f4dded083ec77ced9cd73884d285c,train
data/datasets/O-/cluster_7_3616.BMP,O-,SUBJECT_GROUP_0207,209,209__F_Right_ring_finger.BMP,0a135225be28b32b82a931adefda710e349f9da26433a02816aa30d67c1ff042,train
data/datasets/O-/cluster_7_3628.BMP,O-,SUBJECT_GROUP_0177,177,177__F_Right_little_finger.BMP,cd14905bc6e8a4a8e7b9bd070c900b772304d8651aaee7550ed9ef5b986fd131,train
data/datasets/O-/cluster_7_3631.BMP,O-,SUBJECT_GROUP_0115,115,115__F_Right_little_finger.BMP,75f710284d94bfd78aa0731618e610ae8fd8cab89aa534e25407c53b73d4576a,train
data/datasets/O-/cluster_7_3636.BMP,O-,SUBJECT_GROUP_0382,388,388__F_Left_index_finger.BMP,8f1b6987499cb9904782d7408c105f5d4e206016106f9d82e7eb693887cceb38,train
data/datasets/O-/cluster_7_3637.BMP,O-,SUBJECT_GROUP_0513,521,521__M_Right_index_finger.BMP,d81354f2c572eff3a6ed7a8c0b2b93eb057905bd74ced5318a25960b5fe07557,train
data/datasets/O-/cluster_7_3641.BMP,O-,SUBJECT_GROUP_0243,246,246__M_Right_little_finger.BMP,69cb77992703130fd0d6aace560d929e92e7058913d0db5f5de7f78ae43567e3,train
data/datasets/O-/cluster_7_3646.BMP,O-,SUBJECT_GROUP_0466,473,473__M_Right_ring_finger.BMP,8bbecc4461f90e634f8b612dbafccd056905082aefe501e28ce311d89cde1902,train
data/datasets/O-/cluster_7_3657.BMP,O-,SUBJECT_GROUP_0201,201,201__F_Right_middle_finger.BMP,eee740f6b26b8dbf5dda634a0f762f877333014e8af307222e15f5516208ddfe,train
data/datasets/O-/cluster_7_3658.BMP,O-,SUBJECT_GROUP_0314,319,319__M_Right_index_finger.BMP,646509978a178882d8fe53740a89174f77f2e2d21834cd9873937d00ef490bbc,test
data/datasets/O-/cluster_7_3671.BMP,O-,SUBJECT_GROUP_0081,81,81__F_Right_ring_finger.BMP,76824cd40b6e27634aa01af56934949cd9a694eefbcf0d944252a55ee6193938,test
data/datasets/O-/cluster_7_3722.BMP,O-,SUBJECT_GROUP_0394,400,400__M_Right_ring_finger.BMP,90e039e73c1c1490af6789b059db9469f6703f6c387fdcafe710eae426934d3e,test
data/datasets/O-/cluster_7_373.BMP,O-,SUBJECT_GROUP_0570,581,581__F_Left_index_finger.BMP,97e83d7565fb1089a766799c7687c2868cde290015a5af71d2f507ee15fd8329,train
data/datasets/O-/cluster_7_3742.BMP,O-,SUBJECT_GROUP_0287,292,292__M_Right_little_finger.BMP,5fb8fab7983e054cbc094e9c014c56b8cd30970d85e74850bcfd97ff1a444482,validation
data/datasets/O-/cluster_7_3744.BMP,O-,SUBJECT_GROUP_0565,575,575__M_Left_little_finger.BMP,3121486c3e72ee7a8b4fd01378e7c0f96fe843d8b505e412e0b94817418291a2,validation
data/datasets/O-/cluster_7_3757.BMP,O-,SUBJECT_GROUP_0330,335,335__M_Right_little_finger.BMP,8b036f4c71d85bc9f5189971a2a99d08db7dffb460298138bc67be49a5772755,train
data/datasets/O-/cluster_7_3762.BMP,O-,SUBJECT_GROUP_0423,430,430__F_Left_index_finger.BMP,22eb6d6c7cede50a522077f0ebaa2cb58becc1ef3d4260668f3f9b04f421bb4b,test
data/datasets/O-/cluster_7_3765.BMP,O-,SUBJECT_GROUP_0297,302,302__M_Right_little_finger.BMP,41ccb51bdfc464f1c878cf3a01dca4dcbd3c223bfb2a48a4435759530b12cf74,train
data/datasets/O-/cluster_7_3768.BMP,O-,SUBJECT_GROUP_0345,350,350__M_Right_ring_finger.BMP,b6591c3a423d9163684814e4cfe917c7b84346436aac3b377e6adf688569c8da,train
data/datasets/O-/cluster_7_3773.BMP,O-,SUBJECT_GROUP_0400,406,406__M_Right_middle_finger.BMP,e9d2bde3789402f95683dd97cab393e89a99e8621abebae2cae9bb83eee87a4d,train
data/datasets/O-/cluster_7_3775.BMP,O-,SUBJECT_GROUP_0149,149,149__F_Right_little_finger.BMP,ac707c97429ea9db9f3e6304a741922b82561072362a07e01804ebe8f91950fb,train
data/datasets/O-/cluster_7_378.BMP,O-,SUBJECT_GROUP_0255,259,259__M_Left_middle_finger.BMP,3ecec9b1067309ad00a2077cd873fe3def4d3188f815d180978ec992f3ee31e7,train
data/datasets/O-/cluster_7_3782.BMP,O-,SUBJECT_GROUP_0333,338,338__M_Left_index_finger.BMP,6d94101e73920e993fe42e07056ab33f427bdf60962f8fbe094e22b46718ab79,validation
data/datasets/O-/cluster_7_3792.BMP,O-,SUBJECT_GROUP_0470,477,477__M_Left_index_finger.BMP,7d68ec9d52b552d2ab4ac77948e3b24ce0cc15b32009a3449e0f51f8dd5468d0,train
data/datasets/O-/cluster_7_38.BMP,O-,SUBJECT_GROUP_0187,187,187__M_Left_thumb_finger.BMP,7a015ce515ab46091b95182dfeac3198bf58c713d4b245835a64b621adf03067,train
data/datasets/O-/cluster_7_3800.BMP,O-,SUBJECT_GROUP_0557,567,567__M_Left_index_finger.BMP,4fe7bd1b4d9457f41a8fd2a5e6510b4f6b74abaf10065ae898d682dc32e2b614,test
data/datasets/O-/cluster_7_3815.BMP,O-,SUBJECT_GROUP_0423,430,430__F_Right_little_finger.BMP,c99b7a21c2376a7413de71413e441d67472015f3ed5221b30923f89d6d35b616,test
data/datasets/O-/cluster_7_3821.BMP,O-,SUBJECT_GROUP_0493,500,500__M_Left_little_finger.BMP,48429864e3636479519d76e16c171d570fd11841d4c2be95b0720d0d88eb67d0,validation
data/datasets/O-/cluster_7_3835.BMP,O-,SUBJECT_GROUP_0527,535,535__M_Left_little_finger.BMP,810ab2c769530d3b8bb5ff7260f85d263ff6786932a7f3978de09e45202009ff,train
data/datasets/O-/cluster_7_3836.BMP,O-,SUBJECT_GROUP_0340,345,345__M_Right_middle_finger.BMP,449da698e8a305185629344be4a9ec2998ead338df3612e83845db4b7de1f40b,test
data/datasets/O-/cluster_7_3845.BMP,O-,SUBJECT_GROUP_0192,192,192__M_Left_index_finger.BMP,d43055912f46ab4067f9dbfc21942b5e9f2fd76b360a06547d233e7822fb1003,validation
data/datasets/O-/cluster_7_3853.BMP,O-,SUBJECT_GROUP_0141,141,141__F_Right_index_finger.BMP,ea183944d2237ed6c1edbcba09529012747172ee8156c25aac9abbff48e20fc5,test
data/datasets/O-/cluster_7_3871.BMP,O-,SUBJECT_GROUP_0292,511;553,511__M_Left_index_finger.BMP;553__M_Left_little_finger.BMP,d61b34941d0ed949773fe71f67eed1f0a8583006a340e572ed697e187e3f9711,test
data/datasets/O-/cluster_7_3874.BMP,O-,SUBJECT_GROUP_0485,492,492__F_Left_little_finger.BMP,e8fdbe7b22b4037025fc028c2be66dfa60f588555b40031f34deb174b6fea5e0,validation
data/datasets/O-/cluster_7_3878.BMP,O-,SUBJECT_GROUP_0244,247,247__M_Right_ring_finger.BMP,155cc515fd8966ccdc4190868ec3cf4e7d2330600bf0326164ae2a36e24abd08,train
data/datasets/O-/cluster_7_3879.BMP,O-,SUBJECT_GROUP_0284,289,289__F_Left_index_finger.BMP,db49b427b7e05f3fd0dff2c03b3768c38a45a6c45fb997c9cb015a40239648c4,validation
data/datasets/O-/cluster_7_3889.BMP,O-,SUBJECT_GROUP_0198,198,198__M_Right_ring_finger.BMP,426cf13b071530fb925bdb7a105f2495cb6ae76ecfc3f378ceed350377ad8002,train
data/datasets/O-/cluster_7_3894.BMP,O-,SUBJECT_GROUP_0264,269,269__M_Left_little_finger.BMP,fc4fd8d391f6218d207a1b3fcad52afc2ba76796d1b068fcf5cc7a00d467e321,train
data/datasets/O-/cluster_7_3899.BMP,O-,SUBJECT_GROUP_0213,215,215__M_Right_middle_finger.BMP,2a543823a2a16d92b48ba07542e67f2f0d156cc1ba1b9f7de9c5dc9451030c82,train
data/datasets/O-/cluster_7_390.BMP,O-,SUBJECT_GROUP_0399,405,405__M_Left_ring_finger.BMP,4981711f67241b235eb03bc95492fafbce2f6a0632cf5b0a7f11195f59009179,train
data/datasets/O-/cluster_7_391.BMP,O-,SUBJECT_GROUP_0120,120,120__M_Right_little_finger.BMP,aaf807e00f932f05ad3b705d34c90ca9b729d79c000dacbb4fe2bc9159568431,train
data/datasets/O-/cluster_7_3910.BMP,O-,SUBJECT_GROUP_0373,379,379__F_Right_ring_finger.BMP,c69453a2433a9791fb137eac73e2bdaba84ee4bda334454177d9b4ff6af410a6,train
data/datasets/O-/cluster_7_3919.BMP,O-,SUBJECT_GROUP_0091,91,91__F_Left_ring_finger.BMP,d7c504d81fa452e522b80b9df7c3c6a8965bba3e05aaaec5429f73e9b3ff8970,train
data/datasets/O-/cluster_7_3951.BMP,O-,SUBJECT_GROUP_0180,180,180__F_Left_ring_finger.BMP,8b0a44da10532f91585dba470b1f48cf9f660155ab0c3f7d9aae9f6bb1def32e,test
data/datasets/O-/cluster_7_3953.BMP,O-,SUBJECT_GROUP_0211,213,213__M_Right_ring_finger.BMP,4efab68f8a1b84aec92a41a8097e971e0b9e28966bb3ac4d436cd1d934bfdd6b,train
data/datasets/O-/cluster_7_3963.BMP,O-,SUBJECT_GROUP_0496,503,503__M_Right_ring_finger.BMP,6594abc7eda21b5e54bcb5af8214dd3e221f67a9686f618e10798a304e8e549f,train
data/datasets/O-/cluster_7_3965.BMP,O-,SUBJECT_GROUP_0526,534,534__F_Right_little_finger.BMP,fa54308683cb9ee979e55525dcc3c8fb7eddf247115e9317459a638970388b60,train
data/datasets/O-/cluster_7_3966.BMP,O-,SUBJECT_GROUP_0295,300,300__F_Left_ring_finger.BMP,009c9cc60945f3f5e593a998d650d730a9a81db68a463877e0845755d37dc97e,test
data/datasets/O-/cluster_7_3985.BMP,O-,SUBJECT_GROUP_0493,500,500__M_Left_index_finger.BMP,83c3d33a01f00d0f3a23858568be54e084fe933620cda3e222f1c8c8a2c87a78,validation
data/datasets/O-/cluster_7_3987.BMP,O-,SUBJECT_GROUP_0044,44,44__M_Right_index_finger.BMP,46c04157cc34a723215ab325955e675cf9960331a681dac9096367fb3fab86cc,train
data/datasets/O-/cluster_7_399.BMP,O-,SUBJECT_GROUP_0120,120,120__M_Left_little_finger.BMP,a17a453c1b85fbacc1409bdf9c8d354efbc9b958bb46d6633f4272348f5e32a9,train
data/datasets/O-/cluster_7_3999.BMP,O-,SUBJECT_GROUP_0530,538,538__M_Left_little_finger.BMP,67d98bbc8d6d1d4023c12e4515b9dac1f272d40fa6f750a3bf9141d448295dca,train
data/datasets/O-/cluster_7_4034.BMP,O-,SUBJECT_GROUP_0300,305,305__M_Right_ring_finger.BMP,d0c62dd20193934bbfdc2414d851663340e9c43b01ef953de7dcea8146af8a9f,test
data/datasets/O-/cluster_7_4036.BMP,O-,SUBJECT_GROUP_0364,369,369__F_Left_little_finger.BMP,87eeeefb7000c7e11de6e483a99b6d5cdfcb8e7d356c1af9eb76850eea901dac,validation
data/datasets/O-/cluster_7_404.BMP,O-,SUBJECT_GROUP_0217,220,220__F_Left_little_finger.BMP,0d37e003904798f8d3d7b380ea6bd96bf5dc114281503cee7b80076452c82350,validation
data/datasets/O-/cluster_7_4046.BMP,O-,SUBJECT_GROUP_0483,490,490__M_Right_little_finger.BMP,b607336d6508d42cff2d855bf9551ac6bfdfbd9db4f3eff05ce9a36444845e30,validation
data/datasets/O-/cluster_7_4053.BMP,O-,SUBJECT_GROUP_0330,335,335__M_Left_middle_finger.BMP,fc126c21a41cda9c4b039ca38f25b77e5cb32183b8c0f19fbc6205667d8c62e6,train
data/datasets/O-/cluster_7_4060.BMP,O-,SUBJECT_GROUP_0478,485,485__M_Right_little_finger.BMP,ec1c664cdda91df97bb118dc794b40bd633ef71d07b8ee9fd5b141bcaa2f4ccb,validation
data/datasets/O-/cluster_7_4061.BMP,O-,SUBJECT_GROUP_0198,198,198__M_Left_index_finger.BMP,105ccad489c7de549ee94c449430ca2b3548da24541a064c2072e3d8647c33be,train
data/datasets/O-/cluster_7_4067.BMP,O-,SUBJECT_GROUP_0208,210,210__M_Left_index_finger.BMP,1b7c164f563600be014adf10f1a2b24c17bc8e7b720a509e9f12da1230d845be,train
data/datasets/O-/cluster_7_407.BMP,O-,SUBJECT_GROUP_0358,363,363__M_Right_middle_finger.BMP,24d8e56e748af274fa83f1f94bb47900d3da33e0feee2c9675eabcee758751fa,test
data/datasets/O-/cluster_7_4081.BMP,O-,SUBJECT_GROUP_0555,565,565__M_Right_ring_finger.BMP,8dba549539bffc598a0948ff9ba45b24906b6f43a7ba969b34611390510eb202,train
data/datasets/O-/cluster_7_4090.BMP,O-,SUBJECT_GROUP_0480,487,487__M_Right_middle_finger.BMP,41c006a08fa1053080e4fd200255ad14c5cb9a7028024547f868772df44f0ee3,train
data/datasets/O-/cluster_7_4107.BMP,O-,SUBJECT_GROUP_0440,447,447__M_Right_middle_finger.BMP,cecd01194d75df9cc30d1ff9655c302ab260cea327da65104134f432f9c805a9,train
data/datasets/O-/cluster_7_4111.BMP,O-,SUBJECT_GROUP_0211,213,213__M_Right_little_finger.BMP,b9093d1a2aef0341975d5e1ef8e9d4c6efedeeebaa434fb47b264f0a3f21c467,train
data/datasets/O-/cluster_7_4114.BMP,O-,SUBJECT_GROUP_0542,550,550__F_Left_little_finger.BMP,749cd68066d7e676d312abe5cd761acc657bbe496b3b092badf785488ec2fcae,train
data/datasets/O-/cluster_7_4118.BMP,O-,SUBJECT_GROUP_0305,310,310__M_Left_ring_finger.BMP,73ebbc8b8b041d92a32c87b1c023d3599649095ddeb2678df5905d5f775e0f53,train
data/datasets/O-/cluster_7_4129.BMP,O-,SUBJECT_GROUP_0103,103,103__F_Right_little_finger.BMP,cfe0f32ea96eae31c4a8b9cdf00426643f52ba6d85bd04a819b625ce91783ecf,train
data/datasets/O-/cluster_7_413.BMP,O-,SUBJECT_GROUP_0358,376,376__F_Left_middle_finger.BMP,a224f906a11635069ac8f8487426189ea1ecc226a51e6fceb46bed60d3754318,test
data/datasets/O-/cluster_7_4131.BMP,O-,SUBJECT_GROUP_0246,250,250__F_Left_middle_finger.BMP,e7cfd5b2e7abf1af34df9edad5a05e6ecf2eac7a15ba310d3194b89cf17f4ca3,train
data/datasets/O-/cluster_7_4132.BMP,O-,SUBJECT_GROUP_0456,463,463__F_Right_little_finger.BMP,b6f4ee118a09b573e455a30a1e4f1d296c8c773b1b4889f65d770932fbf1a550,test
data/datasets/O-/cluster_7_4133.BMP,O-,SUBJECT_GROUP_0524,532,532__M_Left_thumb_finger.BMP,0fed6f142e54eb03bb99b53dac5775b30193603e6d7805557ac092bb8b9d0ca5,test
data/datasets/O-/cluster_7_4139.BMP,O-,SUBJECT_GROUP_0388,394,394__M_Left_middle_finger.BMP,40d94a475a0c00e2f2dbf9655c1f37d6701bafa6249d3b66a6ba17bee1b16c7d,train
data/datasets/O-/cluster_7_414.BMP,O-,SUBJECT_GROUP_0310,315,315__F_Right_little_finger.BMP,62e8064f2ac2599801015d6581b5523dcafbdd201a2d1f8f9e1858dfe0dcb2eb,train
data/datasets/O-/cluster_7_4149.BMP,O-,SUBJECT_GROUP_0414,421,421__F_Left_ring_finger.BMP,d0f14247d741dd99f31591d4d5bfba0fb537bfc35969bc71f20ec3c4bfb84264,train
data/datasets/O-/cluster_7_4161.BMP,O-,SUBJECT_GROUP_0459,466,466__F_Left_index_finger.BMP,06cd18a64d63e04fb7aa70e14a6d35135c201dcb026084713956d3076bfe80cf,test
data/datasets/O-/cluster_7_4166.BMP,O-,SUBJECT_GROUP_0220,223,223__M_Right_middle_finger.BMP,f4be007257763eaeccec06e0917991081ca39f8670bcfda781fda6ee59707693,train
data/datasets/O-/cluster_7_4171.BMP,O-,SUBJECT_GROUP_0531,539,539__F_Right_index_finger.BMP,97241b0a32c58cf4962603a45f10a21ed3906df21c47e532f164b212640946d4,test
data/datasets/O-/cluster_7_4179.BMP,O-,SUBJECT_GROUP_0279,284,284__M_Right_ring_finger.BMP,f5cb30ed15be96e5e78667252956d5d3ab11a446a481163ae7819c5c633edfe2,train
data/datasets/O-/cluster_7_4186.BMP,O-,SUBJECT_GROUP_0335,340,340__M_Left_thumb_finger.BMP,5a62d80c7677c7f1c814bc90443bb4f639c0e8a06ecc75bffd18c628a9f443c6,validation
data/datasets/O-/cluster_7_4193.BMP,O-,SUBJECT_GROUP_0161,161,161__F_Left_ring_finger.BMP,73b74b2296cebb99c8a13bf2dfd39e5756ce0803bcffbf04963b113bba4838a3,train
data/datasets/O-/cluster_7_4199.BMP,O-,SUBJECT_GROUP_0239,242,242__M_Left_index_finger.BMP,ce79ee0ed838be68d8c163a29d3db2f93213d87dcd20f1b0548c6c248e03e7b8,test
data/datasets/O-/cluster_7_4203.BMP,O-,SUBJECT_GROUP_0270,275,275__F_Right_little_finger.BMP,98c581ef1426dd44468e8abc9c1f1aafb6b4a1d93a38ea557df29600fbfae0b4,validation
data/datasets/O-/cluster_7_4219.BMP,O-,SUBJECT_GROUP_0390,396,396__M_Right_little_finger.BMP,f5396899979e1709b05caca782faecb75fb090bc6cdd735f8140ae987b5b5f0d,train
data/datasets/O-/cluster_7_4232.BMP,O-,SUBJECT_GROUP_0322,327,327__M_Right_ring_finger.BMP,20009f1184fd4de148952a793a5a94f7d225cafcdaae881b5c6979a4efc15024,train
data/datasets/O-/cluster_7_4235.BMP,O-,SUBJECT_GROUP_0292,511;553,511__M_Left_index_finger.BMP;553__M_Left_little_finger.BMP,d61b34941d0ed949773fe71f67eed1f0a8583006a340e572ed697e187e3f9711,test
data/datasets/O-/cluster_7_4236.BMP,O-,SUBJECT_GROUP_0319,324,324__M_Right_little_finger.BMP,ebec850016caae0eb633a24faa78e719fd0fdd3baa973245f2ea14efa7e096d4,train
data/datasets/O-/cluster_7_4239.BMP,O-,SUBJECT_GROUP_0336,341,341__M_Right_little_finger.BMP,3b01879cc0684352e3ff4f3a171f947d8053fadd8b39be9b2a6e0a4f6ecfb090,validation
data/datasets/O-/cluster_7_4265.BMP,O-,SUBJECT_GROUP_0434,441,441__M_Right_middle_finger.BMP,8d1e96e97e6c8536694c362f92ff5b85f5c04523ed953bfb9d5151b09f452987,train
data/datasets/O-/cluster_7_429.BMP,O-,SUBJECT_GROUP_0209,211,211__M_Right_little_finger.BMP,dff3c6d83e9558fe3f8eefb5127d2bf6117cd8e6a1f7b87d71d52ed63b919f48,train
data/datasets/O-/cluster_7_4293.BMP,O-,SUBJECT_GROUP_0502,509,509__M_Right_middle_finger.BMP,9bbb2d5ce597afa2458217ba71034ff7c2437b1ee2571bdd96fb8707204dd4fb,train
data/datasets/O-/cluster_7_4295.BMP,O-,SUBJECT_GROUP_0502,509,509__M_Left_little_finger.BMP,28159c88c13df1d532dbed24f1080c5bf5c172df9e6d60165b576ce8ae7d1c82,train
data/datasets/O-/cluster_7_430.BMP,O-,SUBJECT_GROUP_0512,520,520__M_Right_little_finger.BMP,5f4cd28c2444cfd74e596426c1363510edb875b5f2bc1d9f21ca889fac15f07b,train
data/datasets/O-/cluster_7_4301.BMP,O-,SUBJECT_GROUP_0072,72,72__M_Right_middle_finger.BMP,3185e8ada2472ccd0ff110158d2507e0d53dd0596dcb0d1e88ba22d48cb43369,train
data/datasets/O-/cluster_7_4309.BMP,O-,SUBJECT_GROUP_0299,304,304__M_Right_middle_finger.BMP,04be6cc94740b54934d6cec022b3b3f4449458ff76f412d279dcb002d21a972d,train
data/datasets/O-/cluster_7_4311.BMP,O-,SUBJECT_GROUP_0120,120,120__M_Left_index_finger.BMP,2c099ddcbcc72dca3bd2059823b05db27587637d48e255d34bc3ee55fbd0b154,train
data/datasets/O-/cluster_7_4313.BMP,O-,SUBJECT_GROUP_0413,420,420__M_Left_index_finger.BMP,c82c31984ba5bf581049f09432ca48bdd69ae731483ad00856e178beb7e33af5,train
data/datasets/O-/cluster_7_4324.BMP,O-,SUBJECT_GROUP_0522,530,530__M_Left_middle_finger.BMP,f000e2ae7b12734f1e278f66688fd5b9e0f9065c64d05c8a534bcbe8584357f5,test
data/datasets/O-/cluster_7_4325.BMP,O-,SUBJECT_GROUP_0013,13,13__F_Right_ring_finger.BMP,110c9a7715be616fa30e5f3a885d272fd4cc36ea3217150fb7451b37f5420a64,train
data/datasets/O-/cluster_7_433.BMP,O-,SUBJECT_GROUP_0357,362,362__M_Left_index_finger.BMP,f191faab641f34906e436e577d907b4a83e243bfcf57594b22bf565bf0fa8cae,train
data/datasets/O-/cluster_7_4341.BMP,O-,SUBJECT_GROUP_0084,84,84__M_Right_index_finger.BMP,a7ad32b4f7b2446e76b54d2f9669e3079bab7e44762ee82e086af54be8fb6f2a,test
data/datasets/O-/cluster_7_4346.BMP,O-,SUBJECT_GROUP_0388,394,394__M_Left_little_finger.BMP,07466b9cf1c8a0d5c76d7181af5dbc9f4e344cbbc5f3a2e0fd2bd3ac1022d717,train
data/datasets/O-/cluster_7_4348.BMP,O-,SUBJECT_GROUP_0210,212,212__M_Right_little_finger.BMP,c9ff7ee85fac29ffb99b3ec4dede3e7b97cb1b9f64beb54f16eab0fd70f59f1c,train
data/datasets/O-/cluster_7_4353.BMP,O-,SUBJECT_GROUP_0187,187,187__M_Right_middle_finger.BMP,bbf416a8f3cda43b0d8cf40b52bf6cec7075a99e72ed6630702d2cdeafda7103,train
data/datasets/O-/cluster_7_4361.BMP,O-,SUBJECT_GROUP_0585,598,598__M_Right_thumb_finger.BMP,240c94da516cf3a79c33d3f0ac96bdc20bd45425c00497f2282fe5dd8e553756,train
data/datasets/O-/cluster_7_437.BMP,O-,SUBJECT_GROUP_0279,284,284__M_Right_little_finger.BMP,d45cc3ef2f622b5b51ece2cf622480bcfe56ffac423a77d854755f5a8a29851a,train
data/datasets/O-/cluster_7_440.BMP,O-,SUBJECT_GROUP_0427,434,434__M_Right_little_finger.BMP,9efd79e73be417250e5f76e6aa5ce2360c84074b78a130b32bff8eb2732cbb02,train
data/datasets/O-/cluster_7_4404.BMP,O-,SUBJECT_GROUP_0092,418,418__F_Right_ring_finger.BMP,913a888988c453ffc75448fb9efdf80974aeffa4774336b1809696d523c71f66,validation
data/datasets/O-/cluster_7_4410.BMP,O-,SUBJECT_GROUP_0487,494,494__F_Right_index_finger.BMP,2104b84a7217b9907615e6eb53d320a5f83fe5127962b04e3dfa00941c16ba72,train
data/datasets/O-/cluster_7_4414.BMP,O-,SUBJECT_GROUP_0064,260,260__M_Left_index_finger.BMP,7034b51a7980f0f33a156c98bfec331782afeb971e3075a6805e5f10db65d54d,validation
data/datasets/O-/cluster_7_4416.BMP,O-,SUBJECT_GROUP_0201,201,201__F_Right_ring_finger.BMP,d62eab2abc13fff6fd3fcfd8e959ccaea9f8b0436a371809f126a8a7c35af30c,train
data/datasets/O-/cluster_7_442.BMP,O-,SUBJECT_GROUP_0321,326,326__M_Left_middle_finger.BMP,c308e8ac037c257e3ccccfd13ccaefcd0e0344442cf378ebd1dac5b043138954,train
data/datasets/O-/cluster_7_4420.BMP,O-,SUBJECT_GROUP_0287,292,292__M_Right_index_finger.BMP,f5f3b7de7cc49fd752d9403b625081df35ac1cf328dff7ad54a6ea842850e750,validation
data/datasets/O-/cluster_7_4425.BMP,O-,SUBJECT_GROUP_0395,401,401__M_Left_middle_finger.BMP,1f874ef6b34cb49a4eb31b8d60ebfe4664704d397e4dfe0b404ba30a7c4a9526,train
data/datasets/O-/cluster_7_443.BMP,O-,SUBJECT_GROUP_0319,324,324__M_Right_ring_finger.BMP,4523d93adac5f66f5adc5ffbe2ba46410aea7b18202cab564ccbdc9ae3acc9e1,train
data/datasets/O-/cluster_7_4431.BMP,O-,SUBJECT_GROUP_0046,46,46__M_Left_index_finger.BMP,29e8b676fe49a27ca93cf0a6681606c40a09a72a13f25fc75833d4dcccec4d0b,train
data/datasets/O-/cluster_7_4436.BMP,O-,SUBJECT_GROUP_0115,115,115__F_Left_middle_finger.BMP,b147a45c72c798846813555f70f6b4e6983e0ab2b0c2b21954a31071c87760d1,train
data/datasets/O-/cluster_7_4438.BMP,O-,SUBJECT_GROUP_0362,367,367__M_Right_little_finger.BMP,f2352029498f2118832ef6d93ac66ccacc3335e48cc2f98ed877b8ded4a6bd4a,train
data/datasets/O-/cluster_7_4445.BMP,O-,SUBJECT_GROUP_0048,48,48__F_Left_little_finger.BMP,1c1d40f1e3ca6d939e925245d94c25eab06f6e24fc4ea0d032ac2aae5d5a74cb,test
data/datasets/O-/cluster_7_4448.BMP,O-,SUBJECT_GROUP_0396,402,402__M_Right_ring_finger.BMP,79f3e91bd2421049c174ec8207635cf31adcd4873e64099b986514a377d2d18c,train
data/datasets/O-/cluster_7_4452.BMP,O-,SUBJECT_GROUP_0527,535,535__M_Left_ring_finger.BMP,66401c24daa4238ad09d5f9f47df142f88f9370c67bdfbf5a0bdb3b9588eead8,train
data/datasets/O-/cluster_7_4460.BMP,O-,SUBJECT_GROUP_0535,543,543__M_Left_index_finger.BMP,6fedc03cb013eaf3f6e8b2bf3a47875552e6f42a6e896cecabaa779040abd97f,train
data/datasets/O-/cluster_7_4462.BMP,O-,SUBJECT_GROUP_0199,199,199__M_Right_ring_finger.BMP,d3466ea3178290d777490004718b5ac54b9b7586e85ce4af326494a85d7f18a1,train
data/datasets/O-/cluster_7_4473.BMP,O-,SUBJECT_GROUP_0516,524,524__M_Right_little_finger.BMP,9ccf56b1d0da01523bcda5fd6f900581adb86434e32dc0020c18ca5d811ef9c3,test
data/datasets/O-/cluster_7_4497.BMP,O-,SUBJECT_GROUP_0285,290,290__M_Right_ring_finger.BMP,f8f0bdf668b74c8ee24187d59cf6d03c65fe99d7402fd8f5377aad42a36b4a84,train
data/datasets/O-/cluster_7_4507.BMP,O-,SUBJECT_GROUP_0210,212,212__M_Right_index_finger.BMP,2371fd24a12a4cbcb33c6eae7042eeb38835d87b937c36cd452549be8ac92a0e,train
data/datasets/O-/cluster_7_4517.BMP,O-,SUBJECT_GROUP_0266,271,271__M_Right_ring_finger.BMP,1b05da59da313651d3efc70552fb048f7366f742faf91f10c1d439c1921c73c2,train
data/datasets/O-/cluster_7_452.BMP,O-,SUBJECT_GROUP_0272,277,277__M_Left_index_finger.BMP,00baa6141755d2b503a4176d74dcd2fda131f9fee88699dc4121638dce9f902a,train
data/datasets/O-/cluster_7_4522.BMP,O-,SUBJECT_GROUP_0076,76,76__F_Right_little_finger.BMP,26ddd66a90ccc7fd91120c772fed93c5022c10b965d28dd70814b510e0c1471b,train
data/datasets/O-/cluster_7_4525.BMP,O-,SUBJECT_GROUP_0435,442,442__F_Left_middle_finger.BMP,3358a74ab19bcb740e61dca5b0d40ac3cd615b86bd0c179bfe91ee8590bd425a,validation
data/datasets/O-/cluster_7_4530.BMP,O-,SUBJECT_GROUP_0192,192,192__M_Right_little_finger.BMP,a26cfda535653ee321782ede9bc2fceacf65899c8a03dbbd7433b74c978eb425,validation
data/datasets/O-/cluster_7_4536.BMP,O-,SUBJECT_GROUP_0377,383,383__M_Right_little_finger.BMP,d22c1ced06f2713a449cb1c4fffa7d7c9c5490e0df29c78bbc2df97eb29615ac,train
data/datasets/O-/cluster_7_4538.BMP,O-,SUBJECT_GROUP_0423,430,430__F_Right_middle_finger.BMP,6e46889921c43f51de9079d9037fa7d21ce5724218c18b3f69bf767ac7be0d40,test
data/datasets/O-/cluster_7_4544.BMP,O-,SUBJECT_GROUP_0287,292,292__M_Left_ring_finger.BMP,4b3ee0f7f3ab585bf82a651cf5b92b6e812b505dc664c7bcb52aa7c07077473c,validation
data/datasets/O-/cluster_7_4556.BMP,O-,SUBJECT_GROUP_0558,568,568__M_Left_thumb_finger.BMP,e9612a16ba137251a67b6c1bc7d3e091015b0d58d02754d78efe5a7ae025a27c,train
data/datasets/O-/cluster_7_4565.BMP,O-,SUBJECT_GROUP_0169,169,169__F_Left_middle_finger.BMP,02df7cbbe3772c9dc59ed47b3b936afa127d50d81745c1441ae18ee11789c41b,train
data/datasets/O-/cluster_7_4583.BMP,O-,SUBJECT_GROUP_0198,198,198__M_Right_index_finger.BMP,428d12b701d4738596a5110d05c06f31db33e7f2e21df967fdf54d3edc6dad81,train
data/datasets/O-/cluster_7_4586.BMP,O-,SUBJECT_GROUP_0296,301,301__F_Left_little_finger.BMP,8884d2e594108d20cf2c30ad25fc4f70562b9a4bc77de1aac0531d2ef2a09b2d,train
data/datasets/O-/cluster_7_4588.BMP,O-,SUBJECT_GROUP_0296,301,301__F_Right_ring_finger.BMP,d82453c63f5ea33d6c1d9ba628d2d35cd6dcd20638b275493e6faf15f2edc1b1,train
data/datasets/O-/cluster_7_4599.BMP,O-,SUBJECT_GROUP_0354,359,359__M_Left_little_finger.BMP,3b14858a6b556c8b84009998a0c408aaec9931b139dafb33eff7f627c743d4c5,train
data/datasets/O-/cluster_7_460.BMP,O-,SUBJECT_GROUP_0298,303,303__F_Right_index_finger.BMP,2ff3c6df786c8a71cd96065c6cc3e504c75c47182d84ffe9e467fb26d531d0d5,train
data/datasets/O-/cluster_7_4605.BMP,O-,SUBJECT_GROUP_0479,486,486__M_Left_index_finger.BMP,97f4cc530e637233389843d75f6ac3504743b74b133bcb3c3ac4d65045e046b3,train
data/datasets/O-/cluster_7_4610.BMP,O-,SUBJECT_GROUP_0473,480,480__M_Left_index_finger.BMP,495ceef43af94a6eaf1ddb82271a85a5eba800c41e33d4383a8630dc9d71662f,validation
data/datasets/O-/cluster_7_4614.BMP,O-,SUBJECT_GROUP_0553,563,563__M_Left_middle_finger.BMP,ab922932e288e5940348ad85c10400c4e1e75320c2c8244f65a896f872c78a24,train
data/datasets/O-/cluster_7_4620.BMP,O-,SUBJECT_GROUP_0124,124,124__M_Right_little_finger.BMP,a7940e7198810aaa60b553cca2fdfe281b73c1f5d6e9aaf65a0832939f799d2d,train
data/datasets/O-/cluster_7_4639.BMP,O-,SUBJECT_GROUP_0379,385,385__M_Left_index_finger.BMP,480f3e3fafa9bae2613ace3fd3afdbc40a8cad72760f69fec009c6bb3f061d1a,train
data/datasets/O-/cluster_7_4666.BMP,O-,SUBJECT_GROUP_0396,402,402__M_Right_index_finger.BMP,9a111305ca34bb712820ac415e9ec99996ad2200560d73d1846e90e4dce9a706,train
data/datasets/O-/cluster_7_4698.BMP,O-,SUBJECT_GROUP_0579,592,592__M_Left_thumb_finger.BMP,3c27babda920e7b28a01d783ab7894b137d049ffc85f0170981d12c7c1ce6c3c,train
data/datasets/O-/cluster_7_4710.BMP,O-,SUBJECT_GROUP_0292,297,297__M_Right_index_finger.BMP,d0aef8ce2b69df0396cfb5800ceca26b514dc6506b735d69efa180de7eb06d98,test
data/datasets/O-/cluster_7_4715.BMP,O-,SUBJECT_GROUP_0168,168,168__M_Right_little_finger.BMP,ff7725dc4f90595b3d64c23d2d49be6312aa19ec8bb7d0cd83999fd4328ad3ba,train
data/datasets/O-/cluster_7_4719.BMP,O-,SUBJECT_GROUP_0157,157,157__M_Left_ring_finger.BMP,2ad7ae695091e1389b648e99a0b0b820e921e69fb142709a57f0051d121be0d7,train
data/datasets/O-/cluster_7_4722.BMP,O-,SUBJECT_GROUP_0352,357,357__M_Right_middle_finger.BMP,dd1a46722b7243bea3ccc1c9aba70f4dc8447d7008c1383e96dde35bbc759275,train
data/datasets/O-/cluster_7_4737.BMP,O-,SUBJECT_GROUP_0211,213,213__M_Left_middle_finger.BMP,11902d6c6cd64a217a8f074df6528323218ed61e99153281a9b62791030b00b9,train
data/datasets/O-/cluster_7_4739.BMP,O-,SUBJECT_GROUP_0526,534,534__F_Right_index_finger.BMP,39ffbf2823fcae4e8d8ddb413b270446b7e7363b24e9c964d3c0e97a00f5c9b8,train
data/datasets/O-/cluster_7_4749.BMP,O-,SUBJECT_GROUP_0336,341,341__M_Left_ring_finger.BMP,658ff8b63c80147138f7b18d026ab4b369538031b5c181e2c2a43a98dc5262af,validation
data/datasets/O-/cluster_7_4771.BMP,O-,SUBJECT_GROUP_0365,370,370__M_Left_thumb_finger.BMP,4d1485265f2306e8d54667ab9d7e49846e44fa614c01d1e65f2dc31a1caadc4e,train
data/datasets/O-/cluster_7_4776.BMP,O-,SUBJECT_GROUP_0042,42,42__F_Left_index_finger.BMP,3318e52d70bc45b0b5ab7ee0df7b1092146972eaec021e3cee06c272e2a715a1,train
data/datasets/O-/cluster_7_4778.BMP,O-,SUBJECT_GROUP_0263,268,268__M_Left_little_finger.BMP,d181c2788c7883f3783225fb629237e90bd5f45a8d91c1b2ecd97012e3976713,train
data/datasets/O-/cluster_7_4784.BMP,O-,SUBJECT_GROUP_0438,445,445__M_Left_index_finger.BMP,1dfe9672db99d929ef49a6b64c245c9bf06ffacc142e39d14792c65b5ffd932e,train
data/datasets/O-/cluster_7_4793.BMP,O-,SUBJECT_GROUP_0265,270,270__M_Right_index_finger.BMP,d3f3f221956248c1c14ad7a28f500f03140f3ce404014b84a19dab6f8da3754f,train
data/datasets/O-/cluster_7_4796.BMP,O-,SUBJECT_GROUP_0249,253,253__F_Left_thumb_finger.BMP,973eaff73d0ed8f88b54b7dfd0b9fc1faf54685a92515eb3aa18ebc07a1fd1f4,train
data/datasets/O-/cluster_7_48.BMP,O-,SUBJECT_GROUP_0372,378,378__F_Right_index_finger.BMP,a73faa8d653359f8ceda18a31234b1bc548867121ea4b3ffbbc33cf324892d27,train
data/datasets/O-/cluster_7_4825.BMP,O-,SUBJECT_GROUP_0458,465,465__F_Right_middle_finger.BMP,bf7bf796cd619aedc97430da22d5f34bda2e4367cf57b6beb34bce4daaef27b0,train
data/datasets/O-/cluster_7_483.BMP,O-,SUBJECT_GROUP_0414,421,421__F_Right_ring_finger.BMP,888fb86586f661eb5da55e771a58fffdd11b518f2be78bc9f0db0eaf49b062b2,train
data/datasets/O-/cluster_7_4836.BMP,O-,SUBJECT_GROUP_0413,420,420__M_Right_middle_finger.BMP,4dc6dc1b65e373f2aee04b5eac0edb4517e419c1631dc6efe39ee5819e79b69d,train
data/datasets/O-/cluster_7_4847.BMP,O-,SUBJECT_GROUP_0137,137,137__M_Right_thumb_finger.BMP,0fb5bc798a864b23d5d28913dc5d70c740b6635f345fdde34a688918ff96efa7,validation
data/datasets/O-/cluster_7_4858.BMP,O-,SUBJECT_GROUP_0019,19,19__M_Right_middle_finger.BMP,e40fba11177718a755e45dd2f6cb1d14a51c170ba862c1edc88d23f996fcfc58,train
data/datasets/O-/cluster_7_489.BMP,O-,SUBJECT_GROUP_0390,396,396__M_Right_index_finger.BMP,534686cd979a123d02afcc40028d4e7c00523ad8a9cb1f770a647db03e90bfb6,train
data/datasets/O-/cluster_7_4918.BMP,O-,SUBJECT_GROUP_0106,106,106__M_Right_little_finger.BMP,ad3a1a9f5da08bf42b2025d99ace2cc22b1cbaf80b392fb43b2af1ae3560a4a4,test
data/datasets/O-/cluster_7_4921.BMP,O-,SUBJECT_GROUP_0249,253,253__F_Left_middle_finger.BMP,b53b88d45464754d2a41fdea4d907ff565fd6caf34f62202a4c54a0a5c856871,train
data/datasets/O-/cluster_7_4923.BMP,O-,SUBJECT_GROUP_0554,564,564__M_Left_middle_finger.BMP,34f749b81054f2b054aa233b5503d8a59b3fdaf803948f7b634d6f1e1b86a8e6,train
data/datasets/O-/cluster_7_4929.BMP,O-,SUBJECT_GROUP_0265,270,270__M_Right_ring_finger.BMP,759ccac912e73407c9dadaff49a7aa00f7e4d469741b3f6d1f1976203fcf4f99,train
data/datasets/O-/cluster_7_493.BMP,O-,SUBJECT_GROUP_0478,485,485__M_Right_ring_finger.BMP,bc7895a6effe27c171d7859252b0656d463c0683502958aebe3f2cb6fb93eb9e,validation
data/datasets/O-/cluster_7_4939.BMP,O-,SUBJECT_GROUP_0012,12,12__M_Right_ring_finger.BMP,52936ec14c714f60fc4170ffb74cf6bfcccc7ea4d508f14772cfcfc055cd4db0,train
data/datasets/O-/cluster_7_4950.BMP,O-,SUBJECT_GROUP_0395,401,401__M_Left_index_finger.BMP,15bc1057e40f2d63b561e44bf3da8920ecc87dba7de4d98039cb5bb77561cd1e,train
data/datasets/O-/cluster_7_4954.BMP,O-,SUBJECT_GROUP_0069,69,69__M_Right_middle_finger.BMP,7601cbaee30fbeb0cafd14f5ad11403bed2990ae90decef240363284ec7feb79,train
data/datasets/O-/cluster_7_4977.BMP,O-,SUBJECT_GROUP_0549,559,559__M_Right_little_finger.BMP,305bf941991951afa66ca0c90bcd8a135c8e33e4e2d1cde914cf766ef3d5f2e9,train
data/datasets/O-/cluster_7_4979.BMP,O-,SUBJECT_GROUP_0367,372,372__M_Left_little_finger.BMP,4a063a0d1acd4bbe00bb3925dcc1ee1cc7b243b428a09902721e1031534f9297,train
data/datasets/O-/cluster_7_4983.BMP,O-,SUBJECT_GROUP_0090,90,90__M_Right_index_finger.BMP,134687a765aed602b06653d1847bd1a4fd3cbe4258a7721e1c7a04a26cdd6557,train
data/datasets/O-/cluster_7_4987.BMP,O-,SUBJECT_GROUP_0343,348,348__F_Right_index_finger.BMP,1f12ed8556b5a718b2c5aabf754c0f15286c7ef749aae796a43037cd0171f622,train
data/datasets/O-/cluster_7_499.BMP,O-,SUBJECT_GROUP_0259,264,264__M_Left_index_finger.BMP,07dd007ac2ffd8b21cf80b7b393d32f7ab3d229d1c81df8dc9d5ff5a5ae771ab,train
data/datasets/O-/cluster_7_4995.BMP,O-,SUBJECT_GROUP_0010,10,10__M_Left_little_finger.BMP,98e29cf968c37489b101f8d04a3e40c87546c8d9c86add7da1ceb7b02dcb5e43,train
data/datasets/O-/cluster_7_5021.BMP,O-,SUBJECT_GROUP_0181,181,181__M_Right_little_finger.BMP,f17da3ec8ab6fbda19588faa9fc00290d4990fa67c24efa5c847ca91c3357900,train
data/datasets/O-/cluster_7_5022.BMP,O-,SUBJECT_GROUP_0463,470,470__F_Right_little_finger.BMP,05670e28699e50bbf9e581b8e409d29111cbb60849d88ffe909630c6f0f73877,train
data/datasets/O-/cluster_7_5034.BMP,O-,SUBJECT_GROUP_0390,396,396__M_Right_ring_finger.BMP,b8fa6346647aaff5eb32481318cdce26daf306db7d1322a654016bd59602fe76,train
data/datasets/O-/cluster_7_5036.BMP,O-,SUBJECT_GROUP_0018,18,18__M_Right_little_finger.BMP,c2f22b61f8402c2b9e246dc56edc14b255e350f521302b4e134a20322a5a4f0e,validation
data/datasets/O-/cluster_7_5040.BMP,O-,SUBJECT_GROUP_0201,201,201__F_Left_index_finger.BMP,e3964724585b9d38823711dec5000095c74ae0eeac69486f71c0261c8578f154,train
data/datasets/O-/cluster_7_5056.BMP,O-,SUBJECT_GROUP_0201,201,201__F_Left_little_finger.BMP,ac53f2225f5605d33ba9d290b7c212c62520d5c70bcbf5085afa62254101128c,train
data/datasets/O-/cluster_7_5059.BMP,O-,SUBJECT_GROUP_0531,539,539__F_Right_little_finger.BMP,41d1139e3fe13378da985f2e794a4a421dacc29e85d8a3ad2a4b620c644ff822,test
data/datasets/O-/cluster_7_5068.BMP,O-,SUBJECT_GROUP_0045,45,45__M_Right_little_finger.BMP,0b61f326f317ec52d0eba7e285a24e30b96047585456abec3601f9d26f8e3f7a,train
data/datasets/O-/cluster_7_5080.BMP,O-,SUBJECT_GROUP_0575,587,587__M_Right_little_finger.BMP,4e6d690ead47dafd447cff715f8a9f9fa503eaa3e9b5a5ab3353cb5c40cb9010,test
data/datasets/O-/cluster_7_511.BMP,O-,SUBJECT_GROUP_0280,285,285__M_Left_middle_finger.BMP,3fbf08bab8e46febb273ab4d14cd0614ee489d5cc832c8d36670e266cde95ce8,train
data/datasets/O-/cluster_7_5111.BMP,O-,SUBJECT_GROUP_0141,141,141__F_Right_little_finger.BMP,f7a7ea3715c79b144d6820b9add44aa5f8634482aa0cb7730c4c731eded20641,test
data/datasets/O-/cluster_7_5113.BMP,O-,SUBJECT_GROUP_0065,65,65__M_Right_little_finger.BMP,5a2bb658d632ea13b186db88bfaeb98ca9a2013fbc8840ad89b8117f418bf8e8,train
data/datasets/O-/cluster_7_5132.BMP,O-,SUBJECT_GROUP_0585,598,598__M_Left_little_finger.BMP,4c03b49499937e7b5fd335258f462341ca6cc33e60aab972765a74249a8482c3,train
data/datasets/O-/cluster_7_5133.BMP,O-,SUBJECT_GROUP_0338,343,343__M_Left_little_finger.BMP,95912a51c0116d643ebc634da4d4e4d4e3dd07d154eecf9dff4ff2fa6fb020b1,train
data/datasets/O-/cluster_7_5150.BMP,O-,SUBJECT_GROUP_0578,591,591__M_Right_ring_finger.BMP,b685c1fdb47119ca28ab1e0fcc485da00fbd895d54872289ae3733391f6fd188,test
data/datasets/O-/cluster_7_5154.BMP,O-,SUBJECT_GROUP_0382,388,388__F_Right_little_finger.BMP,7d43f9827a12b822aa2cceaf47bf1561d9b1dbd9f437b19dcdc25ef9dcd16d13,train
data/datasets/O-/cluster_7_5157.BMP,O-,SUBJECT_GROUP_0203,205,205__F_Right_ring_finger.BMP,98db514810d090debe171a17f5d90f37bfb4bc15a241f0cc8ea5c2ae05f91ec1,test
data/datasets/O-/cluster_7_5159.BMP,O-,SUBJECT_GROUP_0255,259,259__M_Right_ring_finger.BMP,44a5e19dfe9b95831b345ff51b96e201c29f3a2fd376d9a6d0c806e94c075a5a,train
data/datasets/O-/cluster_7_519.BMP,O-,SUBJECT_GROUP_0265,270,270__M_Left_index_finger.BMP,351cc5ba1434c5a3f4e4840d8ce18ad627db4fe8a1dbb995d01b8644fc8c5081,train
data/datasets/O-/cluster_7_5207.BMP,O-,SUBJECT_GROUP_0424,431,431__M_Left_little_finger.BMP,1138da437ecdc980a52a426a8b35cd40e14c9fa30fc6f7af52ef8e2def79c235,validation
data/datasets/O-/cluster_7_5237.BMP,O-,SUBJECT_GROUP_0119,119,119__F_Left_thumb_finger.BMP,f5801670c2de6bc32a7436bde5edde8c54d12ddd7b45abd8f3e3fde59fb87047,test
data/datasets/O-/cluster_7_5242.BMP,O-,SUBJECT_GROUP_0272,277,277__M_Right_ring_finger.BMP,2d82014ac5ebcb6020dd0b3ae8aea280d717e3b0c980b215304f94b38ff32238,train
data/datasets/O-/cluster_7_5300.BMP,O-,SUBJECT_GROUP_0528,536,536__F_Left_little_finger.BMP,42cc0f38338a91d3f845f8701e9cafc4aeabf6466515e742112ac629ab15dfeb,test
data/datasets/O-/cluster_7_5303.BMP,O-,SUBJECT_GROUP_0113,113,113__M_Right_little_finger.BMP,85384ac7874bda2259f49a0f2bfbe9c463a9042d09f8dd67ec6d480eedd707bb,train
data/datasets/O-/cluster_7_5304.BMP,O-,SUBJECT_GROUP_0122,122,122__M_Left_index_finger.BMP,def12efb542bf46250f025ce4ec3bc6c3436c4702b7f1bb80ef96beeab452a8d,test
data/datasets/O-/cluster_7_5311.BMP,O-,SUBJECT_GROUP_0100,100,100__M_Left_little_finger.BMP,856c81df8c8f363c59c1c9d1be9d1f3a03a95412d3ab117c1b2abd30f82056db,train
data/datasets/O-/cluster_7_5315.BMP,O-,SUBJECT_GROUP_0027,27,27__M_Right_index_finger.BMP,5a00c51a5fd65ea278ac4f6278aaad1ca4f08071f4579d675b335a7837b2c64f,train
data/datasets/O-/cluster_7_5320.BMP,O-,SUBJECT_GROUP_0160,160,160__M_Left_ring_finger.BMP,9be403cf12483b2c73f183ea0991a652150abf11ba70e0aacb11aba2e1d2a73b,train
data/datasets/O-/cluster_7_5325.BMP,O-,SUBJECT_GROUP_0479,486,486__M_Left_ring_finger.BMP,d4078481ef4366fe61c3f31d97ff2625d2148f8a289f63eb7ac1aaa36f12be32,train
data/datasets/O-/cluster_7_5326.BMP,O-,SUBJECT_GROUP_0292,511;590,511__M_Left_ring_finger.BMP;590__M_Right_middle_finger.BMP,34e2c0ef9a81a5ae4a45cee737d6e00ab76289cc9a4e4137aa935103311d4dbd,test
data/datasets/O-/cluster_7_5328.BMP,O-,SUBJECT_GROUP_0423,430,430__F_Left_middle_finger.BMP,ccbe9dc9950afb1103f90db5349e0fbfa87da41533550cc77e55157b58363d21,test
data/datasets/O-/cluster_7_5351.BMP,O-,SUBJECT_GROUP_0009,9,9__M_Right_index_finger.BMP,f6f09d19c99c4f6cea5f4ce3b37d63fe03bb7632cf3de5778536be71bd8749be,train
data/datasets/O-/cluster_7_538.BMP,O-,SUBJECT_GROUP_0558,568,568__M_Right_ring_finger.BMP,e69b7de56ec8e22d55cc6ceb0c2d5fb435e09e6549dd8e03676586933da3f5ec,train
data/datasets/O-/cluster_7_5380.BMP,O-,SUBJECT_GROUP_0092,92;204;418,204__F_Left_little_finger.BMP;418__F_Left_little_finger.BMP;92__F_Left_little_finger.BMP,f8d2daa39625039730a97bde175c91ab53e48e0728c24f9baf428717f662f8fa,validation
data/datasets/O-/cluster_7_5391.BMP,O-,SUBJECT_GROUP_0560,570,570__M_Left_little_finger.BMP,b782d1e6d92492fd9cbf317f7ee012b6263fb969b43137be16d22c273fe236b3,train
data/datasets/O-/cluster_7_541.BMP,O-,SUBJECT_GROUP_0367,372,372__M_Left_ring_finger.BMP,f2f278b1d1be383024e6113dd4cd87cf40e4fdf9a5d69e6500de63d4f8d5fb8a,train
data/datasets/O-/cluster_7_5412.BMP,O-,SUBJECT_GROUP_0400,406,406__M_Right_little_finger.BMP,1abab913185f0b7181ccaeb5653e07421f72507c99885405ec888bb95d42b924,train
data/datasets/O-/cluster_7_5415.BMP,O-,SUBJECT_GROUP_0530,538,538__M_Left_middle_finger.BMP,d98f26ed16fe37aaf92365ab201ff07faf19c84565cf6cc7da42c5251887eacd,train
data/datasets/O-/cluster_7_5419.BMP,O-,SUBJECT_GROUP_0024,24,24__F_Right_ring_finger.BMP,10aa1f15c4c48af885d5033d6de1be797b6c33783880418b29ad654e54f5d61b,test
data/datasets/O-/cluster_7_5429.BMP,O-,SUBJECT_GROUP_0299,304,304__M_Right_index_finger.BMP,f306544e715626d04c366d7327623fbb214b19b88bf0e4899334e0cf10dc7159,train
data/datasets/O-/cluster_7_5439.BMP,O-,SUBJECT_GROUP_0176,176,176__M_Right_little_finger.BMP,9595d8f80ba54f28d79d98581deaea9abe9cca793df58ecd594ff9723761af95,test
data/datasets/O-/cluster_7_5447.BMP,O-,SUBJECT_GROUP_0292,297;590,297__M_Left_little_finger.BMP;590__M_Left_little_finger.BMP,19e238c67bdeaf32857132e195bb34b608e72b359f071ab36d2305d237577b90,test
data/datasets/O-/cluster_7_5457.BMP,O-,SUBJECT_GROUP_0012,12,12__M_Right_middle_finger.BMP,fd66ce2b6dbe5d53434d37e4f2279b1db22a1e240c8d1185424660b693a4da87,train
data/datasets/O-/cluster_7_5470.BMP,O-,SUBJECT_GROUP_0476,483,483__M_Right_ring_finger.BMP,87c35fec1f6d00c5f821ba751b75c7cd830179f0e77e7f319f0626d5ecc30f36,train
data/datasets/O-/cluster_7_549.BMP,O-,SUBJECT_GROUP_0131,131,131__M_Right_ring_finger.BMP,b4a4a2e2679878a8c5655782c62b151cdcdebe04dfb333b134550c4506904a1b,train
data/datasets/O-/cluster_7_5494.BMP,O-,SUBJECT_GROUP_0109,109,109__F_Right_index_finger.BMP,145655eb922b5b8696bc3dbbf471c851c4e0e877a06d6f497e4c6f8545317f1a,train
data/datasets/O-/cluster_7_5500.BMP,O-,SUBJECT_GROUP_0064,260,260__M_Right_middle_finger.BMP,5eacc2b6839131c975107f253e76ad2b8b3646cf2dbc9d7e82b7dab7e298da73,validation
data/datasets/O-/cluster_7_552.BMP,O-,SUBJECT_GROUP_0534,542,542__M_Left_index_finger.BMP,2cf3f2da335b789e7399e8f8b167675d1af68f8824340ec9445fd83bd4c81e03,train
data/datasets/O-/cluster_7_5528.BMP,O-,SUBJECT_GROUP_0554,564,564__M_Right_thumb_finger.BMP,c0cb3c31e7ef4449f21086f3b3165f908b92a1981ba81277d080931be0b2d8af,train
data/datasets/O-/cluster_7_5544.BMP,O-,SUBJECT_GROUP_0348,353,353__M_Right_little_finger.BMP,be37c8121c5e4a59b90b4c330d49c11b5c6103b104303364364dc0edf9612db4,train
data/datasets/O-/cluster_7_5548.BMP,O-,SUBJECT_GROUP_0170,170,170__M_Right_little_finger.BMP,adbbf003bfbafac7551d17480f8ba74e992be657835dd7eec70a30233dc958aa,validation
data/datasets/O-/cluster_7_5555.BMP,O-,SUBJECT_GROUP_0296,301,301__F_Left_middle_finger.BMP,b2e6572135afdfb7181fc1839369a7bc9c7ecd280b9bbe904ab61901a4df82c6,train
data/datasets/O-/cluster_7_5557.BMP,O-,SUBJECT_GROUP_0399,405,405__M_Right_ring_finger.BMP,d6612c18a233b5d9b1a74fe912fca2ff66b1368e37bbaeb324e6c5299653c0b3,train
data/datasets/O-/cluster_7_5558.BMP,O-,SUBJECT_GROUP_0430,437,437__M_Right_ring_finger.BMP,2e0e8a9d391e5d8baacb0f3d763c0c4d927d194989399d2a9da926c4d566d581,test
data/datasets/O-/cluster_7_5572.BMP,O-,SUBJECT_GROUP_0397,403,403__M_Right_little_finger.BMP,f1ae0fff585d2110d887942af1cd331e13d7e0a65cc1688134978071a0fd7813,test
data/datasets/O-/cluster_7_5584.BMP,O-,SUBJECT_GROUP_0142,142,142__F_Right_ring_finger.BMP,4f79e0198b5445d6056395cb2936248718066d39fd0972d7bc6f0de3a2b5b8d2,train
data/datasets/O-/cluster_7_5585.BMP,O-,SUBJECT_GROUP_0343,348,348__F_Left_middle_finger.BMP,a9854648e84eba9b7c1ff463760e0f9462466ebc7821296204276a567171287c,train
data/datasets/O-/cluster_7_5588.BMP,O-,SUBJECT_GROUP_0379,385,385__M_Right_little_finger.BMP,2f2e7e0b7cee45560abf2e89cbc884c905060ae489c741e586ddeb3c84f6284d,train
data/datasets/O-/cluster_7_5610.BMP,O-,SUBJECT_GROUP_0336,341,341__M_Left_index_finger.BMP,5633fd9bbcdf6348fee5743c82c70393ba9128c88a040f09b0087d3fa9adcc56,validation
data/datasets/O-/cluster_7_5615.BMP,O-,SUBJECT_GROUP_0157,157,157__M_Right_middle_finger.BMP,5f66cac793fa867dbf78584a43c0a8294ab22a9e9fccbc79610a6cf35ac30eb2,train
data/datasets/O-/cluster_7_5617.BMP,O-,SUBJECT_GROUP_0119,119,119__F_Left_middle_finger.BMP,f91a273a7cd4934d52bac60ed6ad4b7a20ba610539024ac0b7043e83369e2cf5,test
data/datasets/O-/cluster_7_562.BMP,O-,SUBJECT_GROUP_0379,385,385__M_Right_middle_finger.BMP,a8183fc9d3f3a541e713b811289f23252f87c9d9c93d84746d2bb8ac6f358036,train
data/datasets/O-/cluster_7_5648.BMP,O-,SUBJECT_GROUP_0565,575,575__M_Left_middle_finger.BMP,91f7e0db74e36efccdf15691b412a0d5278183a2212e5f3c25fb8aed49bc8af4,validation
data/datasets/O-/cluster_7_5655.BMP,O-,SUBJECT_GROUP_0092,92,92__F_Right_index_finger.BMP,7127479fb9677f8dddb42c2db99662781620dd25dd33eed2aea9bf65ffc1e0e4,validation
data/datasets/O-/cluster_7_5656.BMP,O-,SUBJECT_GROUP_0383,389,389__F_Right_little_finger.BMP,f42bb698bcb01631b34a449d788b88522db42c883625de7be183a8a49f6ee68f,train
data/datasets/O-/cluster_7_5664.BMP,O-,SUBJECT_GROUP_0111,111,111__M_Right_little_finger.BMP,c1ae1ea7eac44c3aa7e14c1f3df07c4636f56d5f1aa162cc587876c6dda61f46,train
data/datasets/O-/cluster_7_5684.BMP,O-,SUBJECT_GROUP_0042,42,42__F_Left_middle_finger.BMP,1c3dba99aeaac84c0098702a7f1976fead18d48c0624e73b82e7234ba16777b1,train
data/datasets/O-/cluster_7_5696.BMP,O-,SUBJECT_GROUP_0534,542,542__M_Right_index_finger.BMP,f0b9c3a8f54fe80df1f30efb9db6c47056b8452e8aef27b243235425a9fbcc59,train
data/datasets/O-/cluster_7_57.BMP,O-,SUBJECT_GROUP_0493,500,500__M_Right_middle_finger.BMP,4e3416b652c3043f9d3b0d141fad9d32b8db0fc8ae255a69aac378ce8fda619f,validation
data/datasets/O-/cluster_7_5700.BMP,O-,SUBJECT_GROUP_0287,292,292__M_Left_middle_finger.BMP,198bed16a0132a90274bbc1c65fe0a46866aa2660bee251d53cc973ebbf25b6a,validation
data/datasets/O-/cluster_7_571.BMP,O-,SUBJECT_GROUP_0407,413,413__M_Right_middle_finger.BMP,937d986a87fb159dd7c8b5e0a582b374cdd924be49bc56f0a99cda8b8b1550ac,train
data/datasets/O-/cluster_7_5719.BMP,O-,SUBJECT_GROUP_0330,335,335__M_Left_little_finger.BMP,8792c89f2ba54ceed020a6015b309dcd9df017415c04b8332d6b3d696e6cefc2,train
data/datasets/O-/cluster_7_5727.BMP,O-,SUBJECT_GROUP_0327,332,332__M_Left_ring_finger.BMP,0ebfc39df8124a50d62f3d70f590e0e8426a6e1fd74c59b2094567a05174f48e,train
data/datasets/O-/cluster_7_5729.BMP,O-,SUBJECT_GROUP_0310,315,315__F_Left_little_finger.BMP,03af3db3da28ddb90a588f510588d22141b142b722f5e8cd37b9debc2075d77a,train
data/datasets/O-/cluster_7_5748.BMP,O-,SUBJECT_GROUP_0420,427,427__M_Right_index_finger.BMP,f114da49f353cc90e56db505d4413cf89d4a8b1cf19ebf0f68c4058672a379e3,train
data/datasets/O-/cluster_7_5753.BMP,O-,SUBJECT_GROUP_0072,72,72__M_Right_little_finger.BMP,f85ab945b47f9763cc5e14716900cbc36aebbbd0a38ea4e49ecafb898805bb03,train
data/datasets/O-/cluster_7_5758.BMP,O-,SUBJECT_GROUP_0579,592,592__M_Left_ring_finger.BMP,e961db790eaa5c638a34b1960787b1f0e3d840278ad01a0b6c5b9b34523ead26,train
data/datasets/O-/cluster_7_5772.BMP,O-,SUBJECT_GROUP_0543,551,551__F_Right_ring_finger.BMP,bda51357b595a8a1abda8645ba2aad4a978ef8a3a2605ca3fe86135e56e6cf9d,validation
data/datasets/O-/cluster_7_5773.BMP,O-,SUBJECT_GROUP_0413,420,420__M_Right_ring_finger.BMP,af6108bbadb97845ea89ee60c1b7d1434c60a24e5b062c625802de31747f0cde,train
data/datasets/O-/cluster_7_5776.BMP,O-,SUBJECT_GROUP_0062,62,62__M_Left_little_finger.BMP,36548e8b6d30834335b1d97f8a4308c19d9ab2e102950a162394c69e8556d3bc,train
data/datasets/O-/cluster_7_5791.BMP,O-,SUBJECT_GROUP_0287,292,292__M_Right_ring_finger.BMP,790969be1193164eeb933632d192302f5be49033b26f5cd87b6d988721c725d5,validation
data/datasets/O-/cluster_7_5793.BMP,O-,SUBJECT_GROUP_0301,306,306__M_Left_middle_finger.BMP,2852a55cef0c70aed5edad50c9a7fcc03457986b7ed1bc8b44bd451222273b61,train
data/datasets/O-/cluster_7_5795.BMP,O-,SUBJECT_GROUP_0109,109,109__F_Left_index_finger.BMP,029ad86133bfb2454061461c1fbf5ce9136c76cef3ceac8cbbb404173dbb0b38,train
data/datasets/O-/cluster_7_580.BMP,O-,SUBJECT_GROUP_0527,535,535__M_Left_index_finger.BMP,1196526a9f8c882e3f2c6c35e4d6d1fc0a9a0854a64a721dbec498f8389c0c2e,train
data/datasets/O-/cluster_7_5826.BMP,O-,SUBJECT_GROUP_0334,339,339__M_Left_index_finger.BMP,cf0649e9d9970ae44a013aee91c6ed568e2ebe0ac810fcb793e2492d01a20649,validation
data/datasets/O-/cluster_7_5829.BMP,O-,SUBJECT_GROUP_0494,501,501__M_Right_little_finger.BMP,741b8963273bea2660ded3f29c13d141a795d33f9d117eaaaeb81f11a9294f69,train
data/datasets/O-/cluster_7_5831.BMP,O-,SUBJECT_GROUP_0330,335,335__M_Left_ring_finger.BMP,ea88c472090fc0d51c740bf74c4697a62de13997cb34eb6d64220b9d9918a810,train
data/datasets/O-/cluster_7_5837.BMP,O-,SUBJECT_GROUP_0439,446,446__M_Left_little_finger.BMP,dfce1aba817200ab8767c7fe0853f6178634a984374b6b812e3fd9f40436a2e9,train
data/datasets/O-/cluster_7_5846.BMP,O-,SUBJECT_GROUP_0418,425,425__M_Left_middle_finger.BMP,6add5713afbb0285d95b10a1b7b40c6c7ca29b9a9d4a0c53d04eb0c6614c841f,train
data/datasets/O-/cluster_7_5853.BMP,O-,SUBJECT_GROUP_0205,207,207__M_Left_ring_finger.BMP,4ce07fdb37faa10880b6eb7d64fab67476b3845d69446c8b5995c2be026308ad,validation
data/datasets/O-/cluster_7_5855.BMP,O-,SUBJECT_GROUP_0071,71,71__M_Right_little_finger.BMP,4b12475c64cb2cde4dce894385e743eec8ba3210b5b011629de9cf6e250c31c6,train
data/datasets/O-/cluster_7_5859.BMP,O-,SUBJECT_GROUP_0440,447,447__M_Right_index_finger.BMP,5ce2751163d82d39e516a0a272162fe43e908c1a568d7d3e9c374ed434cd4543,train
data/datasets/O-/cluster_7_5863.BMP,O-,SUBJECT_GROUP_0493,500,500__M_Right_index_finger.BMP,2b11a877ca153654d44f26a0fc744692d4066ca8a327f6a04cb9e2664cf2429b,validation
data/datasets/O-/cluster_7_5866.BMP,O-,SUBJECT_GROUP_0334,339,339__M_Left_ring_finger.BMP,2de88bd0b1452df4efd66b76088f6d79e7cb4a34cd28b40f0d2c6662bcb24891,validation
data/datasets/O-/cluster_7_5867.BMP,O-,SUBJECT_GROUP_0153,153,153__M_Right_middle_finger.BMP,816d6c3b045d3e0b593f5677171504632a629fe3038f16ee2da4fff7aa3d176a,test
data/datasets/O-/cluster_7_5879.BMP,O-,SUBJECT_GROUP_0555,565,565__M_Right_little_finger.BMP,5919b8cf8f15541a9290b7b8235bf577224b7fd29f01441f32f526d49cfc21e9,train
data/datasets/O-/cluster_7_5889.BMP,O-,SUBJECT_GROUP_0189,189,189__F_Right_ring_finger.BMP,ff003ccc1f6c8beaac6b2e9a2e84e2df150280caafdd9fb66510a53699be6c0d,train
data/datasets/O-/cluster_7_5893.BMP,O-,SUBJECT_GROUP_0500,507,507__M_Right_ring_finger.BMP,95fd145c6acd6a1e4581169682e2aad2cc0bacfa61ab1e01cea7a297dadaa956,train
data/datasets/O-/cluster_7_5899.BMP,O-,SUBJECT_GROUP_0031,31,31__F_Right_index_finger.BMP,3d1a0b0563bb231059f5c58cfb04737bbcaefd31199f7ad965f549738f5fa8e3,train
data/datasets/O-/cluster_7_5900.BMP,O-,SUBJECT_GROUP_0445,452,452__F_Right_ring_finger.BMP,2830fe9ba8f11b56b2368ed566bb4ec77fbdd52b7297a1bd1c22d089ec94b8ad,train
data/datasets/O-/cluster_7_5906.BMP,O-,SUBJECT_GROUP_0001,1,1__M_Right_little_finger.BMP,e7f53d742222b8011e90e0d2cd6b493bb4305ce34dceb164e5b5a1880c0d87dc,train
data/datasets/O-/cluster_7_591.BMP,O-,SUBJECT_GROUP_0554,564,564__M_Right_index_finger.BMP,fe2c86f5c272583e1df1a3834da5926ac9b062d4db40234b46324a269b4a65c2,train
data/datasets/O-/cluster_7_5912.BMP,O-,SUBJECT_GROUP_0499,506,506__M_Left_index_finger.BMP,b063e0f218ef87b76d40f2a0d457d448ffcd85a31f376416716a547200d83692,test
data/datasets/O-/cluster_7_5914.BMP,O-,SUBJECT_GROUP_0563,573,573__F_Left_little_finger.BMP,067cfe8ec8839fe996b66a7273d13738ed09c312508fd676ba631edb4bde9d47,test
data/datasets/O-/cluster_7_5932.BMP,O-,SUBJECT_GROUP_0210,212,212__M_Left_ring_finger.BMP,73ac262ab0e77eb5ddf56debadee038c7b73c648c7fe5623fe01965e34d0e8c4,train
data/datasets/O-/cluster_7_5934.BMP,O-,SUBJECT_GROUP_0529,537,537__M_Right_index_finger.BMP,dca4270e51cfa47a1cb20a11e41b9d5edb3a1782935e182c0dab16e1dd201c88,validation
data/datasets/O-/cluster_7_5940.BMP,O-,SUBJECT_GROUP_0258,263,263__F_Right_middle_finger.BMP,739d076a738e1ad170574ff66a0c9f5f5892bc15bc946afc6f24ac317e51e99b,train
data/datasets/O-/cluster_7_5942.BMP,O-,SUBJECT_GROUP_0553,563,563__M_Right_little_finger.BMP,f58d9462142580da95f6e94420dcaa26ada780c706e038584fab565b5d52f9f9,train
data/datasets/O-/cluster_7_5943.BMP,O-,SUBJECT_GROUP_0078,78,78__F_Right_little_finger.BMP,fdf3a02c93cacf528f02769590dc4235745abe03f9eb1419efd9698ea53098be,train
data/datasets/O-/cluster_7_5944.BMP,O-,SUBJECT_GROUP_0292,577,577__M_Left_middle_finger.BMP,a233e7a98f8c4c79ddee1df84125f205281cbf8109bc3aab59fd3e869d16aff1,test
data/datasets/O-/cluster_7_5952.BMP,O-,SUBJECT_GROUP_0119,119,119__F_Left_little_finger.BMP,04852e30d2ad819a723833d28a21c60bd07bbe6d21f95766fca21e7b54a006f4,test
data/datasets/O-/cluster_7_5958.BMP,O-,SUBJECT_GROUP_0396,402,402__M_Left_middle_finger.BMP,53dd541ae0b2b0431459a1a2c7150a908bb1de6ad20edaecb4fc3ff31defc70b,train
data/datasets/O-/cluster_7_5959.BMP,O-,SUBJECT_GROUP_0258,263,263__F_Left_middle_finger.BMP,0cbee9c4f9d470eefda248510b501666c9673d0eb9e97c4fefad8b53e58760a9,train
data/datasets/O-/cluster_7_5960.BMP,O-,SUBJECT_GROUP_0211,213,213__M_Left_index_finger.BMP,33c1168370ae99a54f781a51ad3887780aaee88bd1e39936655b6ff60601c84a,train
data/datasets/O-/cluster_7_5962.BMP,O-,SUBJECT_GROUP_0394,400,400__M_Right_little_finger.BMP,39fc8a0e4224f486c911b41315c41b332fbe5471ad367ea84bd8d8fe57d0bfbb,test
data/datasets/O-/cluster_7_5965.BMP,O-,SUBJECT_GROUP_0338,343,343__M_Right_little_finger.BMP,397276a82361a5b7c526de7ba8a6f15fcfab69b99e8ef51478f0482eb50436c3,train
data/datasets/O-/cluster_7_5967.BMP,O-,SUBJECT_GROUP_0403,409,409__M_Left_middle_finger.BMP,8de6e016671267f6b0d75c2d48b0c21483b5e3a12a613cb64a8dc6c914b9fead,train
data/datasets/O-/cluster_7_5969.BMP,O-,SUBJECT_GROUP_0565,575,575__M_Left_index_finger.BMP,0f0f10232203b7f687ef4ed5f7baef222142474b1d824375cf42389fa0b2cd69,validation
data/datasets/O-/cluster_7_5975.BMP,O-,SUBJECT_GROUP_0494,501,501__M_Left_index_finger.BMP,151b8df1ce971a75327169a37a62b63d6578413ee370f83e0f9b696d066dd4af,train
data/datasets/O-/cluster_7_5976.BMP,O-,SUBJECT_GROUP_0550,560,560__F_Right_middle_finger.BMP,67ab7e9b2e2b387868ccc98c51535131a3ef1a4739c45167cb70ba107d2ab165,test
data/datasets/O-/cluster_7_5979.BMP,O-,SUBJECT_GROUP_0370,375,375__M_Left_middle_finger.BMP,6e911dcb88e707605554a370f7e53e597077541354a990c8471400c2e3c5c7a6,train
data/datasets/O-/cluster_7_5986.BMP,O-,SUBJECT_GROUP_0179,179,179__M_Left_thumb_finger.BMP,c5649ac3dae46c4b68d5bd6a5eb40c5b32638f37a79abc05dc5830d1d264badd,train
data/datasets/O-/cluster_7_604.BMP,O-,SUBJECT_GROUP_0263,268,268__M_Right_ring_finger.BMP,c5231749c39e8631b7f7a05a88b16cc6130c441390ca364d0c4e79995512801d,train
data/datasets/O-/cluster_7_607.BMP,O-,SUBJECT_GROUP_0207,209,209__F_Right_little_finger.BMP,771d60aabddc26ef6af8284510e0d540d4299a8a46698c211f9040e45441804d,train
data/datasets/O-/cluster_7_610.BMP,O-,SUBJECT_GROUP_0468,475,475__M_Right_middle_finger.BMP,d564b5b47df7bbe054107b932c412c72564ca2b1e5c46cc633376980662a8c2e,validation
data/datasets/O-/cluster_7_612.BMP,O-,SUBJECT_GROUP_0187,187,187__M_Right_little_finger.BMP,135017fdaf17fcfac2642aee02e286d59f37b08a45ffe753d60823283bcd825a,train
data/datasets/O-/cluster_7_625.BMP,O-,SUBJECT_GROUP_0584,597,597__M_Left_index_finger.BMP,3ff0415ef2f87c77c8c01b8b17b7c3cd0042394e379d70e7ea3ac32a7487e9b3,train
data/datasets/O-/cluster_7_631.BMP,O-,SUBJECT_GROUP_0478,485,485__M_Right_middle_finger.BMP,382c4050a25aad46812ce5cd4f2df7bc8c3383dc17a42d11bc75743de2fb2ff2,validation
data/datasets/O-/cluster_7_636.BMP,O-,SUBJECT_GROUP_0335,340,340__M_Right_little_finger.BMP,19bb028f8ffcc2564908347dce846b409fbef5b7968205295ffebd65bd1c0bcb,validation
data/datasets/O-/cluster_7_643.BMP,O-,SUBJECT_GROUP_0514,522,522__M_Left_index_finger.BMP,cae5f4100121568cc8637d9c0dd74fc0eeb3d4efc33de6f2825617efbf934cf4,train
data/datasets/O-/cluster_7_649.BMP,O-,SUBJECT_GROUP_0517,525,525__M_Right_little_finger.BMP,03e865dddb84283c9b145d139d10fe08d374e301889f612bf82dbc60c818c5b5,train
data/datasets/O-/cluster_7_65.BMP,O-,SUBJECT_GROUP_0285,290,290__M_Left_little_finger.BMP,f89c7c21ce7b31e49eb253cbaea4d747653875c31249c7f344abbb56495322eb,train
data/datasets/O-/cluster_7_653.BMP,O-,SUBJECT_GROUP_0344,349,349__M_Right_thumb_finger.BMP,b50d5dc8c86610a70c851709f2b4424d9428fa0670c890fb6b32d1fa83c1baf2,train
data/datasets/O-/cluster_7_654.BMP,O-,SUBJECT_GROUP_0235,238,238__M_Right_ring_finger.BMP,f9d2fedcba4823873663fb8d57ccef6ba31817f581775fdd89aa86c173f899ea,train
data/datasets/O-/cluster_7_664.BMP,O-,SUBJECT_GROUP_0262,267,267__M_Right_little_finger.BMP,c3083aa89581bcfb8c3f809da6210c4c0f1fde2a3f1a5dcb29e4293de5b104bf,test
data/datasets/O-/cluster_7_666.BMP,O-,SUBJECT_GROUP_0148,148,148__M_Right_little_finger.BMP,2ab78376e93090ed352494ca41c8ce419ee8b4f87d64d9c7d79cf12d9d7ebd8e,train
data/datasets/O-/cluster_7_668.BMP,O-,SUBJECT_GROUP_0381,387,387__F_Left_middle_finger.BMP,f31dd6b01592b678461daae7068ddc3d0191d3ddd0274ab105f1180f1ecb4dcd,validation
data/datasets/O-/cluster_7_677.BMP,O-,SUBJECT_GROUP_0508,516,516__M_Right_ring_finger.BMP,7eee5449557d7547d73496e7e6af7f00136fe31767a95a0cecb9ad9d7c93ea71,train
data/datasets/O-/cluster_7_68.BMP,O-,SUBJECT_GROUP_0081,81,81__F_Right_index_finger.BMP,455ec5ecc7bbb7e540cb88a86c5a4c30365b8d4bddb61127f329ba1a9a0c224f,test
data/datasets/O-/cluster_7_691.BMP,O-,SUBJECT_GROUP_0112,112,112__M_Left_middle_finger.BMP,73738738cbd839d77410f61b87685f2db2ba6d3f072a5d024d3248e738c2cf7b,train
data/datasets/O-/cluster_7_697.BMP,O-,SUBJECT_GROUP_0223,226,226__M_Right_middle_finger.BMP,22d940e897065817ff7f32011e27fc9dad013e2f869e6c9eda6e397456806588,validation
data/datasets/O-/cluster_7_702.BMP,O-,SUBJECT_GROUP_0132,132,132__M_Right_ring_finger.BMP,b31806b8e238d537efd04a06fc8107aee366f42b8519baf584286dda164ec7d8,test
data/datasets/O-/cluster_7_712.BMP,O-,SUBJECT_GROUP_0101,101,101__M_Right_index_finger.BMP,39dbb316979deda937d650596771d00c5cc5b1b4c8fba50cb3c547837bb0cfb9,train
data/datasets/O-/cluster_7_715.BMP,O-,SUBJECT_GROUP_0126,126,126__F_Left_ring_finger.BMP,1a3b629958f3a4f791c348c16277d0690038e411ddba435fa4a584c8be567f46,train
data/datasets/O-/cluster_7_729.BMP,O-,SUBJECT_GROUP_0296,301,301__F_Right_middle_finger.BMP,430d37fd462c9e0ebd80151fa85d80efed58a5acf186502c11cb28f69830b516,train
data/datasets/O-/cluster_7_740.BMP,O-,SUBJECT_GROUP_0208,210,210__M_Left_thumb_finger.BMP,ffe4ab0a346c05152a9cd2fa7af175e67a767e85fd4cdb8796fbeaa65ac11c3f,train
data/datasets/O-/cluster_7_75.BMP,O-,SUBJECT_GROUP_0303,308,308__M_Left_index_finger.BMP,1265b192930bf02737cd3c6961e3d16defd2eefa1a5c294c476e3cc6746bdad7,train
data/datasets/O-/cluster_7_750.BMP,O-,SUBJECT_GROUP_0540,548,548__F_Left_index_finger.BMP,a1f7bb5c6492b17b7cb31444c8d23218a671189fb0450f8e5022899ae98d1b8d,train
data/datasets/O-/cluster_7_759.BMP,O-,SUBJECT_GROUP_0271,276,276__M_Right_little_finger.BMP,15d704385ee76c5501450799f04d5538350b9d8d3eee7f1096fddeb2cf7f9a77,train
data/datasets/O-/cluster_7_779.BMP,O-,SUBJECT_GROUP_0045,45,45__M_Right_ring_finger.BMP,72bd7a16791a750c1952f96f24dbd3dbac8ad86840a6df0b7028826ca3704517,train
data/datasets/O-/cluster_7_783.BMP,O-,SUBJECT_GROUP_0238,241,241__M_Right_middle_finger.BMP,5953dfeeada23bfdbd2112490214b80984a41858403b241a7a7c97e4f5740662,train
data/datasets/O-/cluster_7_789.BMP,O-,SUBJECT_GROUP_0273,278,278__M_Left_ring_finger.BMP,5a4ffecf1a1cb1cc00d6b40023d56058a40ba8457e7f30db924b10f7cc2d24a8,train
data/datasets/O-/cluster_7_79.BMP,O-,SUBJECT_GROUP_0012,12,12__M_Right_little_finger.BMP,212d2a0b611751aee22327645e2c7d5e9b7d2fc12b0338fcd117084731da7068,train
data/datasets/O-/cluster_7_796.BMP,O-,SUBJECT_GROUP_0447,454,454__M_Left_middle_finger.BMP,8a0f773d2b39cc95a478eec742e27e1edac56c37606d60095a6b2c9b9e8d9c66,train
data/datasets/O-/cluster_7_809.BMP,O-,SUBJECT_GROUP_0086,86,86__M_Left_middle_finger.BMP,757b88a023844c48d780fe4b54475a5ba9710d7cd6fe57f614336411c4f50628,test
data/datasets/O-/cluster_7_816.BMP,O-,SUBJECT_GROUP_0524,532,532__M_Right_ring_finger.BMP,340ff03fcc21977806eef8266d6076b89afd27648be4255670553acff6742b42,test
data/datasets/O-/cluster_7_822.BMP,O-,SUBJECT_GROUP_0110,110,110__F_Left_little_finger.BMP,6271150a28abbc58c88fa139db654f6763dc58efa0ea5e1d3bfc67bcba97edfa,train
data/datasets/O-/cluster_7_828.BMP,O-,SUBJECT_GROUP_0432,439,439__M_Right_ring_finger.BMP,3542a51cbe9cb11b6626a108c2eee9274a10160f50965c06a88188ab594bd34a,train
data/datasets/O-/cluster_7_831.BMP,O-,SUBJECT_GROUP_0009,9,9__M_Right_middle_finger.BMP,aa565556f609fbd13ec364af7cc7905aa3dc39da8d08b5959ce15a7368918b9e,train
data/datasets/O-/cluster_7_842.BMP,O-,SUBJECT_GROUP_0490,497,497__M_Right_middle_finger.BMP,851faad6dcb62892e838f4323face76b853d776ec804483af7297f847a715e84,train
data/datasets/O-/cluster_7_845.BMP,O-,SUBJECT_GROUP_0249,253,253__F_Left_little_finger.BMP,e1918d310d83c62f9802b87b95930e80d704730678be7d616e9b00d6db8c541f,train
data/datasets/O-/cluster_7_847.BMP,O-,SUBJECT_GROUP_0494,501,501__M_Left_middle_finger.BMP,18660f7c89a56f81579edbaad7de560af937f65bc7402d5b0b3c00665aeed4f0,train
data/datasets/O-/cluster_7_85.BMP,O-,SUBJECT_GROUP_0177,177,177__F_Left_middle_finger.BMP,750b7558dd05088f156e2fe46a712c1c03fb3d9130e6a3fefef1272b1faf8248,train
data/datasets/O-/cluster_7_863.BMP,O-,SUBJECT_GROUP_0196,196,196__M_Right_little_finger.BMP,aff0e6b4f0e0ebc0317f68afbcf80906ab7f2d0f2dd59008daa1237c6bb19b95,train
data/datasets/O-/cluster_7_869.BMP,O-,SUBJECT_GROUP_0372,378,378__F_Right_middle_finger.BMP,a8782940a80ec56ff70e9f374313a242923096677f702675e3a7beecf8859a60,train
data/datasets/O-/cluster_7_870.BMP,O-,SUBJECT_GROUP_0198,198,198__M_Right_little_finger.BMP,898a10d7648fcaebf159108958aa1ca7c4940750fcf6ab073ce4f6d086370bb8,train
data/datasets/O-/cluster_7_88.BMP,O-,SUBJECT_GROUP_0010,10,10__M_Left_index_finger.BMP,4d1701c627a7d425533c8a93cf1bab07349dfeed515ff6a2b566278d5ddbc699,train
data/datasets/O-/cluster_7_897.BMP,O-,SUBJECT_GROUP_0213,215,215__M_Left_little_finger.BMP,ffcb9d7bab5471fa19ce7dd69fbc0ee2dca0fcf5026edaec4eb190990fd06aa5,train
data/datasets/O-/cluster_7_9.BMP,O-,SUBJECT_GROUP_0297,302,302__M_Right_middle_finger.BMP,98e3d5d400c2dba6bf248b115d6906a27e9c517ec9d3ea60d0b482bd3e0c665d,train
data/datasets/O-/cluster_7_900.BMP,O-,SUBJECT_GROUP_0261,266,266__M_Left_index_finger.BMP,9e88ce47b86247c1768b2ba03ef7b060602fd78e472e0090d758a3b4044e936c,train
data/datasets/O-/cluster_7_91.BMP,O-,SUBJECT_GROUP_0382,388,388__F_Left_little_finger.BMP,c4bc12d1e008facfaec647d27c1559fd23ea7dbc59a72f7b177117c3a6ce8078,train
data/datasets/O-/cluster_7_910.BMP,O-,SUBJECT_GROUP_0445,452,452__F_Left_index_finger.BMP,84c3cd0df297d562dbc813fa20365bed2d852b6c7ef1e031405005f6088972da,train
data/datasets/O-/cluster_7_918.BMP,O-,SUBJECT_GROUP_0515,523,523__F_Right_little_finger.BMP,72a9af56dd0037bc95cf52487e1d313c91dbec210b120ae7a38fdc3e77a06aaf,train
data/datasets/O-/cluster_7_926.BMP,O-,SUBJECT_GROUP_0524,532,532__M_Right_middle_finger.BMP,1c1c5d6fff297eae269c76eb15bfdf9b8544d32941abe40540ad61fccb2c0ff4,test
data/datasets/O-/cluster_7_936.BMP,O-,SUBJECT_GROUP_0255,259,259__M_Right_little_finger.BMP,b49373100eac615b932d5f06c8af39f55b21711f8381eb81f91876c436446f93,train
data/datasets/O-/cluster_7_938.BMP,O-,SUBJECT_GROUP_0458,465,465__F_Left_little_finger.BMP,5dfa99fb36f93ce6df43c53f6d9af957ff1efdb50e3677b7a4c4eab56328e14b,train
data/datasets/O-/cluster_7_957.BMP,O-,SUBJECT_GROUP_0088,88,88__F_Left_ring_finger.BMP,c46e6ff62b0d72c8ea2abb22ec9e929b2c71cffbca9aecf84f44c49ab9a2ebe3,validation
data/datasets/O-/cluster_7_964.BMP,O-,SUBJECT_GROUP_0142,142,142__F_Right_little_finger.BMP,4d7883aa9e2e84b9e98ad02a4da2a9a54f58562b0e564fd1cc72b59c116a55a4,train
data/datasets/O-/cluster_7_977.BMP,O-,SUBJECT_GROUP_0259,264,264__M_Left_little_finger.BMP,fea966c82dc26d02cef82c959c9855ee6f93b7e4a15352b830dd4075454cfb4d,train
data/datasets/O-/cluster_7_979.BMP,O-,SUBJECT_GROUP_0412,419,419__F_Left_little_finger.BMP,161d1d600169091d355d871dce2c0712cac1517319d7e03404ebe4b550b27476,train
data/datasets/O-/cluster_7_985.BMP,O-,SUBJECT_GROUP_0379,385,385__M_Left_ring_finger.BMP,bcc572d8d125421007bbb7d2106a4899b33f43c5007a783b780a2ca986e7b06f,train
data/datasets/O-/cluster_7_998.BMP,O-,SUBJECT_GROUP_0096,96,96__M_Right_index_finger.BMP,a3d0a3b6be4ee8c86ff61070315bb6df1b654b8ac41c5ad43c3bd42fc8adce4a,test
data/datasets/O-/cluster_7_999.BMP,O-,SUBJECT_GROUP_0131,131,131__M_Left_index_finger.BMP,6f15548b48803081b5663b3cfa2c25d56243bf23f229d07bf2f10bff4165febc,train
