filepath,width,height,file_size,brightness,contrast,background_intensity,image_quality
data/datasets/A+/cluster_0_2609.BMP,96,103,39690,161.25445556640625,110.52259826660156,92.43215942382812,15038.0498046875
data/datasets/A+/cluster_0_262.BMP,96,103,39690,135.29257202148438,106.34881591796875,92.41708374023438,18864.833984375
data/datasets/A+/cluster_0_2640.BMP,96,103,39690,145.11256408691406,94.61775207519531,91.43153381347656,11167.3251953125
data/datasets/A+/cluster_0_2642.BMP,96,103,39690,131.3927001953125,109.18683624267578,92.4302749633789,18231.484375
data/datasets/A+/cluster_0_2670.BMP,96,103,39690,158.45458984375,104.39254760742188,91.88756561279297,21078.2109375
data/datasets/A+/cluster_0_2672.BMP,96,103,39690,125.39765167236328,109.06261444091797,86.94095611572266,20427.041015625
data/datasets/A+/cluster_0_2678.BMP,96,103,39690,102.99747467041016,109.62454986572266,90.29837036132812,10261.9990234375
data/datasets/A+/cluster_0_2679.BMP,96,103,39690,113.39441680908203,107.88799285888672,91.50439453125,17382.77734375
data/datasets/A+/cluster_0_2693.BMP,96,103,39690,160.382080078125,85.46174621582031,92.43341827392578,7679.7099609375
data/datasets/A+/cluster_0_271.BMP,96,103,39690,157.81654357910156,102.37451171875,91.79083251953125,20090.65234375
data/datasets/A+/cluster_0_2716.BMP,96,103,39690,158.70529174804688,104.11981964111328,92.26570129394531,16013.095703125
data/datasets/A+/cluster_0_2719.BMP,96,103,39690,147.77963256835938,103.56237030029297,91.8354263305664,19867.638671875
data/datasets/A+/cluster_0_273.BMP,96,103,39690,162.57058715820312,103.98977661132812,92.43404388427734,19442.7734375
data/datasets/A+/cluster_0_2737.BMP,96,103,39690,139.75384521484375,110.34603881835938,92.41645812988281,20052.30078125
data/datasets/A+/cluster_0_2782.BMP,96,103,39690,135.3983612060547,102.20997619628906,86.70100402832031,12269.78125
data/datasets/A+/cluster_0_2784.BMP,96,103,39690,170.2956085205078,97.8116683959961,90.84861755371094,14684.24609375
data/datasets/A+/cluster_0_2812.BMP,96,103,39690,143.96510314941406,106.50350952148438,90.03768920898438,20550.23046875
data/datasets/A+/cluster_0_2821.BMP,96,103,39690,151.26385498046875,92.23854064941406,92.43404388427734,6419.40478515625
data/datasets/A+/cluster_0_2849.BMP,96,103,39690,135.9495391845703,98.36318969726562,88.09735870361328,16195.771484375
data/datasets/A+/cluster_0_2860.BMP,96,103,39690,103.25940704345703,105.84053802490234,92.43341827392578,11300.57421875
data/datasets/A+/cluster_0_2871.BMP,96,103,39690,158.5574493408203,89.02224731445312,89.22110748291016,15158.5107421875
data/datasets/A+/cluster_0_2872.BMP,96,103,39690,138.82666015625,109.87785339355469,92.43404388427734,14560.4248046875
data/datasets/A+/cluster_0_2895.BMP,96,103,39690,155.45054626464844,92.30258178710938,92.24434661865234,10308.3642578125
data/datasets/A+/cluster_0_2902.BMP,96,103,39690,149.0697784423828,105.81251525878906,88.54711151123047,21192.4140625
data/datasets/A+/cluster_0_291.BMP,96,103,39690,143.288330078125,102.94212341308594,91.13756561279297,19105.9375
data/datasets/A+/cluster_0_2913.BMP,96,103,39690,148.54287719726562,112.73731994628906,92.25816345214844,12192.951171875
data/datasets/A+/cluster_0_2922.BMP,96,103,39690,137.90452575683594,109.64546203613281,92.34170532226562,20910.07421875
data/datasets/A+/cluster_0_2927.BMP,96,103,39690,168.6525115966797,103.74069213867188,92.08480072021484,12159.7841796875
data/datasets/A+/cluster_0_2930.BMP,96,103,39690,134.42637634277344,109.9347915649414,92.01130676269531,15729.7255859375
data/datasets/A+/cluster_0_2951.BMP,96,103,39690,180.70913696289062,97.79113006591797,91.944091796875,13517.486328125
data/datasets/A+/cluster_0_2959.BMP,96,103,39690,158.43800354003906,109.02165985107422,92.18656158447266,19511.640625
data/datasets/A+/cluster_0_2970.BMP,96,103,39690,129.208740234375,106.95519256591797,91.57160949707031,17967.955078125
data/datasets/A+/cluster_0_2983.BMP,96,103,39690,174.38238525390625,95.94759368896484,91.61934661865234,16087.1015625
data/datasets/A+/cluster_0_2984.BMP,96,103,39690,128.2152099609375,104.28793334960938,89.65703582763672,20469.46484375
data/datasets/A+/cluster_0_3006.BMP,96,103,39690,149.0831298828125,107.9949951171875,91.92776489257812,18661.93359375
data/datasets/A+/cluster_0_3013.BMP,96,103,39690,189.01739501953125,96.11927795410156,92.39447021484375,13472.8828125
data/datasets/A+/cluster_0_3028.BMP,96,103,39690,162.81533813476562,104.16352844238281,92.35615539550781,21757.4375
data/datasets/A+/cluster_0_303.BMP,96,103,39690,140.80723571777344,110.07763671875,88.98680877685547,16596.05859375
data/datasets/A+/cluster_0_3044.BMP,96,103,39690,160.54783630371094,97.71343231201172,92.43404388427734,15551.37890625
data/datasets/A+/cluster_0_3056.BMP,96,103,39690,157.86630249023438,109.5827865600586,92.38316345214844,14972.6142578125
data/datasets/A+/cluster_0_3064.BMP,96,103,39690,175.81846618652344,99.115966796875,90.6645736694336,18214.4453125
data/datasets/A+/cluster_0_3067.BMP,96,103,39690,151.92921447753906,82.06351470947266,92.43404388427734,5886.056640625
data/datasets/A+/cluster_0_3085.BMP,96,103,39690,144.17344665527344,109.38691711425781,92.43404388427734,15260.8701171875
data/datasets/A+/cluster_0_3089.BMP,96,103,39690,126.71692657470703,112.71714782714844,92.37751007080078,15363.33984375
data/datasets/A+/cluster_0_3092.BMP,96,103,39690,170.36306762695312,96.9813003540039,91.0898208618164,16294.71484375
data/datasets/A+/cluster_0_3100.BMP,96,103,39690,147.80258178710938,108.64376831054688,90.88630676269531,13681.7421875
data/datasets/A+/cluster_0_3102.BMP,96,103,39690,160.29156494140625,108.96471405029297,91.73178100585938,9362.8359375
data/datasets/A+/cluster_0_3104.BMP,96,103,39690,127.5547103881836,109.99114227294922,92.28077697753906,20732.767578125
data/datasets/A+/cluster_0_3109.BMP,96,103,39690,155.4906005859375,107.46095275878906,92.43404388427734,16604.798828125
data/datasets/A+/cluster_0_3117.BMP,96,103,39690,163.45944213867188,93.33396911621094,92.43404388427734,10068.30859375
data/datasets/A+/cluster_0_3127.BMP,96,103,39690,151.66909790039062,104.61823272705078,90.23806762695312,18157.57421875
data/datasets/A+/cluster_0_3134.BMP,96,103,39690,174.59152221679688,102.69210052490234,88.89007568359375,17774.001953125
data/datasets/A+/cluster_0_3136.BMP,96,103,39690,173.91575622558594,99.80361938476562,92.43404388427734,11830.662109375
data/datasets/A+/cluster_0_3152.BMP,96,103,39690,152.2073211669922,103.70470428466797,92.13253784179688,18789.81640625
data/datasets/A+/cluster_0_3163.BMP,96,103,39690,125.54166412353516,108.31802368164062,90.50376892089844,12963.642578125
data/datasets/A+/cluster_0_3179.BMP,96,103,39690,149.318359375,111.18449401855469,92.32097625732422,14159.9365234375
data/datasets/A+/cluster_0_3187.BMP,96,103,39690,85.34142303466797,103.07398986816406,78.5050277709961,13151.9140625
data/datasets/A+/cluster_0_3189.BMP,96,103,39690,152.3272705078125,104.092041015625,92.42902374267578,16837.908203125
data/datasets/A+/cluster_0_3198.BMP,96,103,39690,145.54348754882812,106.86935424804688,92.20037841796875,18505.87109375
data/datasets/A+/cluster_0_3199.BMP,96,103,39690,176.06422424316406,88.96556091308594,92.43215942382812,9080.158203125
data/datasets/A+/cluster_0_32.BMP,96,103,39690,157.35780334472656,102.48686218261719,90.89698791503906,14395.0947265625
data/datasets/A+/cluster_0_320.BMP,96,103,39690,123.3373794555664,104.0611801147461,83.55402374267578,20787.6875
data/datasets/A+/cluster_0_3207.BMP,96,103,39690,168.28953552246094,100.65978240966797,91.9095458984375,17534.26953125
data/datasets/A+/cluster_0_3209.BMP,96,103,39690,148.55471801757812,110.1775131225586,92.43404388427734,16249.5625
data/datasets/A+/cluster_0_3256.BMP,96,103,39690,151.90675354003906,104.37171173095703,86.4604263305664,20532.392578125
data/datasets/A+/cluster_0_3261.BMP,96,103,39690,156.23876953125,109.66448211669922,92.25188446044922,15226.8828125
data/datasets/A+/cluster_0_3263.BMP,96,103,39690,150.9701690673828,104.80170440673828,91.54019927978516,22088.24609375
data/datasets/A+/cluster_0_3270.BMP,96,103,39690,143.93719482421875,102.27774810791016,92.43404388427734,12383.404296875
data/datasets/A+/cluster_0_3274.BMP,96,103,39690,135.40017700195312,108.068603515625,92.43404388427734,13702.81640625
data/datasets/A+/cluster_0_3275.BMP,96,103,39690,153.0957794189453,110.17687225341797,92.41771697998047,16254.689453125
data/datasets/A+/cluster_0_3284.BMP,96,103,39690,151.34475708007812,106.42919158935547,92.43404388427734,16164.255859375
data/datasets/A+/cluster_0_3289.BMP,96,103,39690,140.6896209716797,110.4691162109375,92.3913345336914,19157.296875
data/datasets/A+/cluster_0_3291.BMP,96,103,39690,116.6213607788086,113.76248931884766,92.08165740966797,13251.365234375
data/datasets/A+/cluster_0_3293.BMP,96,103,39690,204.6924591064453,80.12903594970703,90.9742431640625,7193.60498046875
data/datasets/A+/cluster_0_3295.BMP,96,103,39690,152.03378295898438,94.06343078613281,92.43404388427734,7558.0966796875
data/datasets/A+/cluster_0_3299.BMP,96,103,39690,136.72998046875,106.58448028564453,91.44723510742188,19113.21484375
data/datasets/A+/cluster_0_3321.BMP,96,103,39690,165.2222900390625,100.91616821289062,92.43153381347656,11938.970703125
data/datasets/A+/cluster_0_3323.BMP,96,103,39690,166.29226684570312,109.54000854492188,92.41645812988281,15169.755859375
data/datasets/A+/cluster_0_3331.BMP,96,103,39690,134.94427490234375,111.86515045166016,92.4214859008789,18381.951171875
data/datasets/A+/cluster_0_3334.BMP,96,103,39690,153.8020782470703,107.98822784423828,91.10615539550781,13615.6611328125
data/datasets/A+/cluster_0_3338.BMP,96,103,39690,159.69842529296875,101.90763854980469,88.21858978271484,13901.583984375
data/datasets/A+/cluster_0_3339.BMP,96,103,39690,147.72117614746094,108.40916442871094,92.43404388427734,16904.771484375
data/datasets/A+/cluster_0_3359.BMP,96,103,39690,132.00657653808594,109.60186767578125,92.11683654785156,17767.734375
data/datasets/A+/cluster_0_3360.BMP,96,103,39690,148.86448669433594,102.20832824707031,92.42462158203125,16434.271484375
data/datasets/A+/cluster_0_3371.BMP,96,103,39690,156.58192443847656,109.787109375,92.41960144042969,14755.630859375
data/datasets/A+/cluster_0_339.BMP,96,103,39690,131.54298400878906,104.83454132080078,88.37185668945312,20223.560546875
data/datasets/A+/cluster_0_3395.BMP,96,103,39690,135.37924194335938,109.05271911621094,92.12876892089844,17070.96484375
data/datasets/A+/cluster_0_3400.BMP,96,103,39690,167.42698669433594,100.52989196777344,90.97299194335938,15457.05078125
data/datasets/A+/cluster_0_3403.BMP,96,103,39690,165.6930694580078,110.11746978759766,92.42650604248047,14509.2197265625
data/datasets/A+/cluster_0_3407.BMP,96,103,39690,157.4901885986328,105.24855041503906,88.51507568359375,19949.732421875
data/datasets/A+/cluster_0_3410.BMP,96,103,39690,150.0823211669922,91.62169647216797,92.43215942382812,7677.3037109375
data/datasets/A+/cluster_0_343.BMP,96,103,39690,161.4860382080078,108.14578247070312,92.38316345214844,12270.806640625
data/datasets/A+/cluster_0_3433.BMP,96,103,39690,168.3264617919922,102.00936889648438,92.42273712158203,19568.044921875
data/datasets/A+/cluster_0_3442.BMP,96,103,39690,104.84597778320312,109.72917938232422,89.194091796875,10241.626953125
data/datasets/A+/cluster_0_3445.BMP,96,103,39690,167.88682556152344,107.39950561523438,92.03141021728516,11691.22265625
data/datasets/A+/cluster_0_3447.BMP,96,103,39690,163.8189697265625,102.12901306152344,91.33668518066406,21325.4765625
data/datasets/A+/cluster_0_3450.BMP,96,103,39690,160.29742431640625,96.88352966308594,92.42839050292969,8608.806640625
data/datasets/A+/cluster_0_3461.BMP,96,103,39690,162.36923217773438,104.60501098632812,91.98869323730469,17763.26171875
data/datasets/A+/cluster_0_3472.BMP,96,103,39690,145.69711303710938,88.62689971923828,86.04711151123047,7739.2333984375
data/datasets/A+/cluster_0_3475.BMP,96,103,39690,160.038330078125,108.4497299194336,92.41834259033203,16234.001953125
data/datasets/A+/cluster_0_3485.BMP,96,103,39690,152.72491455078125,94.56453704833984,92.43404388427734,7872.00341796875
data/datasets/A+/cluster_0_3486.BMP,96,103,39690,147.1527099609375,101.64759063720703,87.31846618652344,20545.50390625
data/datasets/A+/cluster_0_3493.BMP,96,103,39690,162.0800018310547,88.28270721435547,92.43404388427734,10585.55859375
data/datasets/A+/cluster_0_3495.BMP,96,103,39690,138.6754608154297,107.49308013916016,92.3844223022461,17539.9296875
data/datasets/A+/cluster_0_3500.BMP,96,103,39690,126.88420104980469,111.22428894042969,92.41834259033203,16700.21875
data/datasets/A+/cluster_0_3523.BMP,96,103,39690,125.40109252929688,110.11051177978516,83.5050277709961,20326.75390625
data/datasets/A+/cluster_0_3526.BMP,96,103,39690,154.78570556640625,100.93787384033203,91.0301513671875,15835.296875
data/datasets/A+/cluster_0_3528.BMP,96,103,39690,153.87904357910156,105.82456970214844,89.58165740966797,21357.5625
data/datasets/A+/cluster_0_3532.BMP,96,103,39690,151.46571350097656,105.77620697021484,92.43404388427734,19625.736328125
data/datasets/A+/cluster_0_354.BMP,96,103,39690,159.1422882080078,105.58551025390625,92.08039855957031,19620.5859375
data/datasets/A+/cluster_0_3540.BMP,96,103,39690,140.068359375,107.30763244628906,88.65892028808594,17307.875
data/datasets/A+/cluster_0_3544.BMP,96,103,39690,144.57948303222656,108.95858001708984,92.38191223144531,19924.673828125
data/datasets/A+/cluster_0_3552.BMP,96,103,39690,160.2335205078125,111.52467346191406,92.02010345458984,14224.748046875
data/datasets/A+/cluster_0_3556.BMP,96,103,39690,150.4006805419922,103.53094482421875,91.98931884765625,17546.421875
data/datasets/A+/cluster_0_3560.BMP,96,103,39690,134.02700805664062,109.74285888671875,92.42399597167969,14317.80859375
data/datasets/A+/cluster_0_3564.BMP,96,103,39690,128.38784790039062,108.13370513916016,92.43404388427734,12166.6064453125
data/datasets/A+/cluster_0_3574.BMP,96,103,39690,157.95681762695312,96.53547668457031,92.43404388427734,11344.501953125
data/datasets/A+/cluster_0_3590.BMP,96,103,39690,163.53640747070312,105.4473648071289,91.78580474853516,20414.474609375
data/datasets/A+/cluster_0_3592.BMP,96,103,39690,157.75172424316406,106.55143737792969,92.43404388427734,17842.1640625
data/datasets/A+/cluster_0_3599.BMP,96,103,39690,148.2991485595703,107.0676040649414,92.40264129638672,17735.9765625
data/datasets/A+/cluster_0_3605.BMP,96,103,39690,136.30642700195312,110.10480499267578,92.00251007080078,18873.666015625
data/datasets/A+/cluster_0_3606.BMP,96,103,39690,157.78225708007812,89.40697479248047,92.43404388427734,7430.2890625
data/datasets/A+/cluster_0_3608.BMP,96,103,39690,153.0210418701172,102.03734588623047,87.9302749633789,14683.1875
data/datasets/A+/cluster_0_3618.BMP,96,103,39690,142.10679626464844,109.16474151611328,92.10301208496094,14748.25
data/datasets/A+/cluster_0_3629.BMP,96,103,39690,154.9654083251953,103.60450744628906,91.7801513671875,20379.44921875
data/datasets/A+/cluster_0_3647.BMP,96,103,39690,122.30926513671875,107.38417053222656,85.43656158447266,17352.546875
data/datasets/A+/cluster_0_3689.BMP,96,103,39690,145.7739715576172,107.4630355834961,92.4051513671875,13966.283203125
data/datasets/A+/cluster_0_3699.BMP,96,103,39690,167.75070190429688,103.89278411865234,92.2405776977539,15344.72265625
data/datasets/A+/cluster_0_3703.BMP,96,103,39690,153.59718322753906,101.67807006835938,90.2242431640625,18198.76953125
data/datasets/A+/cluster_0_3708.BMP,96,103,39690,150.88612365722656,110.78105926513672,92.33731079101562,11789.328125
data/datasets/A+/cluster_0_3716.BMP,96,103,39690,168.4282989501953,100.52521514892578,92.305908203125,19603.85546875
data/datasets/A+/cluster_0_3741.BMP,96,103,39690,122.45853424072266,108.40612030029297,87.17525482177734,23123.9453125
data/datasets/A+/cluster_0_3750.BMP,96,103,39690,161.481689453125,89.83184814453125,92.430908203125,10267.9990234375
data/datasets/A+/cluster_0_3756.BMP,96,103,39690,146.12965393066406,88.15252685546875,92.43404388427734,7990.92578125
data/datasets/A+/cluster_0_3759.BMP,96,103,39690,127.82787322998047,111.89604187011719,92.3542709350586,15818.2177734375
data/datasets/A+/cluster_0_3761.BMP,96,103,39690,161.13784790039062,91.76779174804688,89.38693237304688,11227.029296875
data/datasets/A+/cluster_0_3783.BMP,96,103,39690,155.45904541015625,106.58576202392578,92.4302749633789,19398.72265625
data/datasets/A+/cluster_0_3785.BMP,96,103,39690,139.44508361816406,105.66841125488281,89.81846618652344,17759.99609375
data/datasets/A+/cluster_0_3787.BMP,96,103,39690,170.89361572265625,102.64928436279297,92.2242431640625,20908.765625
data/datasets/A+/cluster_0_3798.BMP,96,103,39690,191.54844665527344,89.43717956542969,91.80025482177734,11041.8037109375
data/datasets/A+/cluster_0_381.BMP,96,103,39690,133.1931610107422,108.09513854980469,82.5301513671875,20578.935546875
data/datasets/A+/cluster_0_3814.BMP,96,103,39690,106.89957427978516,103.96656036376953,90.1501235961914,17415.689453125
data/datasets/A+/cluster_0_3822.BMP,96,103,39690,144.92799377441406,108.7245864868164,92.32223510742188,19602.009765625
data/datasets/A+/cluster_0_3840.BMP,96,103,39690,147.16575622558594,111.92162322998047,92.4258804321289,11770.2734375
data/datasets/A+/cluster_0_3868.BMP,96,103,39690,129.6706085205078,84.43513488769531,84.36431884765625,7020.65576171875
data/datasets/A+/cluster_0_3872.BMP,96,103,39690,145.05511474609375,105.83975219726562,86.54460144042969,20855.67578125
data/datasets/A+/cluster_0_3873.BMP,96,103,39690,135.52154541015625,109.6587142944336,90.34547424316406,12476.748046875
data/datasets/A+/cluster_0_3895.BMP,96,103,39690,147.03944396972656,111.3779067993164,91.49434661865234,11406.599609375
data/datasets/A+/cluster_0_3918.BMP,96,103,39690,177.75384521484375,101.99198150634766,92.43341827392578,13675.67578125
data/datasets/A+/cluster_0_3921.BMP,96,103,39690,149.3289794921875,95.62545013427734,89.53831481933594,11354.61328125
data/datasets/A+/cluster_0_3931.BMP,241,298,215890,133.45286560058594,107.96218872070312,147.18414306640625,4554.40625
data/datasets/A+/cluster_0_3946.BMP,96,103,39690,160.35336303710938,104.863037109375,89.88945007324219,16446.23046875
data/datasets/A+/cluster_0_3960.BMP,96,103,39690,133.2939910888672,107.05003356933594,82.25062561035156,21084.125
data/datasets/A+/cluster_0_3974.BMP,96,103,39690,150.4154510498047,111.90647888183594,92.29522705078125,16054.259765625
data/datasets/A+/cluster_0_3986.BMP,96,103,39690,162.55410766601562,102.2968978881836,86.27449798583984,18565.41796875
data/datasets/A+/cluster_0_400.BMP,96,103,39690,134.4773406982422,108.78923034667969,92.15577697753906,20699.6953125
data/datasets/A+/cluster_0_4007.BMP,96,103,39690,131.5191192626953,103.14238739013672,92.2154541015625,18724.41015625
data/datasets/A+/cluster_0_401.BMP,96,103,39690,184.77194213867188,97.9823226928711,91.59233856201172,15217.681640625
data/datasets/A+/cluster_0_4018.BMP,96,103,39690,167.33242797851562,95.39534759521484,89.83480072021484,13542.5576171875
data/datasets/A+/cluster_0_4023.BMP,96,103,39690,146.57655334472656,89.48941040039062,92.43341827392578,7948.4580078125
data/datasets/A+/cluster_0_4024.BMP,96,103,39690,177.70863342285156,91.6125259399414,90.61683654785156,13261.580078125
data/datasets/A+/cluster_0_4038.BMP,96,103,39690,143.71450805664062,103.60636901855469,91.46419525146484,22497.587890625
data/datasets/A+/cluster_0_4047.BMP,96,103,39690,152.7083282470703,102.31216430664062,89.86620330810547,16140.3828125
data/datasets/A+/cluster_0_405.BMP,96,103,39690,153.3172607421875,104.15343475341797,85.42964935302734,15972.7802734375
data/datasets/A+/cluster_0_4050.BMP,96,103,39690,157.3026885986328,98.62474060058594,92.39321899414062,16285.2890625
data/datasets/A+/cluster_0_4055.BMP,96,103,39690,173.46429443359375,100.06631469726562,92.35803985595703,14768.1689453125
data/datasets/A+/cluster_0_4057.BMP,96,103,39690,138.44912719726562,114.7406005859375,91.6111831665039,7121.453125
data/datasets/A+/cluster_0_4071.BMP,96,103,39690,135.3506317138672,110.37118530273438,92.37060546875,15022.296875
data/datasets/A+/cluster_0_4079.BMP,96,103,39690,147.46450805664062,108.07914733886719,92.39196014404297,15973.5234375
data/datasets/A+/cluster_0_408.BMP,96,103,39690,140.3877410888672,113.36785888671875,92.43215942382812,15090.5791015625
data/datasets/A+/cluster_0_410.BMP,96,103,39690,163.6960906982422,94.87670135498047,90.35050201416016,11902.57421875
data/datasets/A+/cluster_0_4110.BMP,96,103,39690,147.78509521484375,104.90060424804688,91.2707290649414,17386.05859375
data/datasets/A+/cluster_0_4120.BMP,96,103,39690,172.5404510498047,98.99507141113281,91.47110748291016,16060.6962890625
data/datasets/A+/cluster_0_4138.BMP,96,103,39690,149.5693817138672,111.2720718383789,92.43153381347656,17327.51953125
data/datasets/A+/cluster_0_4146.BMP,96,103,39690,148.82200622558594,105.90116119384766,92.43404388427734,14476.630859375
data/datasets/A+/cluster_0_4175.BMP,96,103,39690,147.52548217773438,106.51821899414062,91.77261352539062,17700.91796875
data/datasets/A+/cluster_0_4187.BMP,96,103,39690,154.16079711914062,106.31500244140625,92.41960144042969,14667.982421875
data/datasets/A+/cluster_0_4189.BMP,96,103,39690,167.9760284423828,103.5605697631836,92.39635467529297,21085.96484375
data/datasets/A+/cluster_0_4196.BMP,96,103,39690,134.82008361816406,106.80635833740234,85.40829467773438,19519.9140625
data/datasets/A+/cluster_0_4210.BMP,96,103,39690,159.14208984375,107.00515747070312,92.42902374267578,20032.48046875
data/datasets/A+/cluster_0_4217.BMP,96,103,39690,151.40220642089844,106.06575775146484,87.52010345458984,18501.50390625
data/datasets/A+/cluster_0_4233.BMP,96,103,39690,135.30885314941406,107.19395446777344,89.55150604248047,20014.65234375
data/datasets/A+/cluster_0_4242.BMP,96,103,39690,133.93507385253906,105.9676513671875,90.25439453125,18495.48828125
data/datasets/A+/cluster_0_4248.BMP,96,103,39690,133.80734252929688,105.71776580810547,91.69032287597656,16647.55859375
data/datasets/A+/cluster_0_4260.BMP,96,103,39690,160.33566284179688,102.85554504394531,88.53768920898438,19943.33203125
data/datasets/A+/cluster_0_4264.BMP,96,103,39690,181.81068420410156,96.5772476196289,89.819091796875,15670.76953125
data/datasets/A+/cluster_0_4270.BMP,96,103,39690,121.27224731445312,110.49568176269531,91.2361831665039,14011.79296875
data/datasets/A+/cluster_0_4280.BMP,96,103,39690,135.16151428222656,112.4088134765625,92.39887237548828,17509.10546875
data/datasets/A+/cluster_0_4305.BMP,96,103,39690,153.09678649902344,110.14166259765625,92.42713928222656,16760.216796875
data/datasets/A+/cluster_0_4322.BMP,96,103,39690,100.85275268554688,104.28185272216797,82.65766143798828,18276.23046875
data/datasets/A+/cluster_0_4336.BMP,96,103,39690,182.84202575683594,93.25982666015625,91.39635467529297,14782.11328125
data/datasets/A+/cluster_0_4338.BMP,96,103,39690,127.32585144042969,109.1078872680664,87.27889251708984,15956.330078125
data/datasets/A+/cluster_0_4358.BMP,96,103,39690,146.77508544921875,113.02516174316406,92.39007568359375,15432.775390625
data/datasets/A+/cluster_0_4381.BMP,96,103,39690,151.38015747070312,104.40753936767578,90.49308776855469,19843.55078125
data/datasets/A+/cluster_0_4386.BMP,96,103,39690,130.00343322753906,111.20218658447266,92.25753784179688,13266.7451171875
data/datasets/A+/cluster_0_4396.BMP,96,103,39690,151.9345703125,87.49645233154297,90.8404541015625,5403.2548828125
data/datasets/A+/cluster_0_4399.BMP,96,103,39690,160.5733184814453,104.91963195800781,90.47361755371094,18867.755859375
data/datasets/A+/cluster_0_4401.BMP,96,103,39690,126.69225311279297,108.58590698242188,91.50188446044922,19604.234375
data/datasets/A+/cluster_0_4403.BMP,96,103,39690,126.57463836669922,104.38310241699219,89.30779266357422,19740.4140625
data/datasets/A+/cluster_0_4411.BMP,96,103,39690,163.97117614746094,94.07643127441406,92.42776489257812,7466.7734375
data/datasets/A+/cluster_0_4412.BMP,96,103,39690,149.0487518310547,107.18602752685547,92.38756561279297,16475.42578125
data/datasets/A+/cluster_0_4417.BMP,96,103,39690,169.33343505859375,97.08905029296875,92.43404388427734,12460.89453125
data/datasets/A+/cluster_0_4423.BMP,96,103,39690,157.1456298828125,105.56723022460938,90.8611831665039,14239.787109375
data/datasets/A+/cluster_0_4432.BMP,96,103,39690,135.96591186523438,100.56067657470703,92.37374114990234,7603.087890625
data/datasets/A+/cluster_0_4442.BMP,96,103,39690,153.7193603515625,107.66824340820312,92.4095458984375,17452.07421875
data/datasets/A+/cluster_0_4468.BMP,96,103,39690,157.5410614013672,105.32369995117188,92.4101791381836,18241.1015625
data/datasets/A+/cluster_0_4474.BMP,96,103,39690,155.2792205810547,94.01278686523438,88.40577697753906,15117.6357421875
data/datasets/A+/cluster_0_4484.BMP,96,103,39690,169.7470703125,104.58601379394531,92.43404388427734,18112.318359375
data/datasets/A+/cluster_0_4491.BMP,96,103,39690,168.57049560546875,99.79810333251953,91.5207290649414,18960.2109375
data/datasets/A+/cluster_0_4493.BMP,96,103,39690,123.2216796875,106.33345794677734,91.71105194091797,26002.640625
data/datasets/A+/cluster_0_4502.BMP,96,103,39690,162.4722900390625,97.9327163696289,89.19660949707031,17360.037109375
data/datasets/A+/cluster_0_4528.BMP,96,103,39690,154.6016387939453,98.37287902832031,87.50879669189453,15853.5390625
data/datasets/A+/cluster_0_4529.BMP,96,103,39690,134.47340393066406,104.77303314208984,90.44095611572266,20850.87109375
data/datasets/A+/cluster_0_4543.BMP,96,103,39690,147.67950439453125,102.9624252319336,91.39007568359375,18814.408203125
data/datasets/A+/cluster_0_4552.BMP,96,103,39690,156.15371704101562,100.65795135498047,88.89070129394531,20002.275390625
data/datasets/A+/cluster_0_4562.BMP,96,103,39690,154.79116821289062,113.71856689453125,92.41708374023438,10527.44921875
data/datasets/A+/cluster_0_4579.BMP,96,103,39690,166.1796112060547,103.9812240600586,92.4001235961914,18879.7109375
data/datasets/A+/cluster_0_4580.BMP,96,103,39690,139.74110412597656,114.80601501464844,91.96922302246094,11154.30859375
data/datasets/A+/cluster_0_4593.BMP,96,103,39690,148.0640106201172,105.22434997558594,86.93656158447266,14899.36328125
data/datasets/A+/cluster_0_4598.BMP,96,103,39690,168.09799194335938,96.9920883178711,91.78580474853516,15662.40625
data/datasets/A+/cluster_0_4608.BMP,96,103,39690,166.20236206054688,104.88560485839844,92.20226287841797,15934.935546875
data/datasets/A+/cluster_0_4617.BMP,96,103,39690,134.8735809326172,106.38233947753906,91.39761352539062,20943.865234375
data/datasets/A+/cluster_0_4646.BMP,96,103,39690,145.67677307128906,106.31134033203125,90.58039855957031,16588.99609375
data/datasets/A+/cluster_0_4649.BMP,96,103,39690,123.70479583740234,110.17508697509766,92.22110748291016,18668.27734375
data/datasets/A+/cluster_0_4653.BMP,96,103,39690,171.06735229492188,98.4123764038086,87.8492431640625,14364.6640625
data/datasets/A+/cluster_0_468.BMP,96,103,39690,130.3039093017578,112.53435516357422,92.430908203125,13605.4140625
data/datasets/A+/cluster_0_4689.BMP,96,103,39690,138.7556610107422,110.19412994384766,88.07160949707031,20435.845703125
data/datasets/A+/cluster_0_4690.BMP,96,103,39690,163.65614318847656,100.14511108398438,89.47676086425781,13996.697265625
data/datasets/A+/cluster_0_4692.BMP,96,103,39690,181.1216583251953,100.95796203613281,92.4214859008789,13408.224609375
data/datasets/A+/cluster_0_4693.BMP,96,103,39690,149.68739318847656,107.93511199951172,88.46293640136719,16063.80859375
data/datasets/A+/cluster_0_4695.BMP,96,103,39690,146.2043914794922,109.73008728027344,92.41331481933594,17964.6640625
data/datasets/A+/cluster_0_4700.BMP,96,103,39690,137.54257202148438,103.53034210205078,92.43341827392578,13367.703125
data/datasets/A+/cluster_0_4743.BMP,96,103,39690,169.7089385986328,104.1806411743164,92.43404388427734,14904.1240234375
data/datasets/A+/cluster_0_4768.BMP,96,103,39690,159.07069396972656,105.25601959228516,92.21796417236328,19660.28125
data/datasets/A+/cluster_0_4780.BMP,96,103,39690,139.68780517578125,110.09123229980469,92.05339050292969,15311.158203125
data/datasets/A+/cluster_0_4786.BMP,96,103,39690,151.0233612060547,111.63931274414062,92.37814331054688,14596.4619140625
data/datasets/A+/cluster_0_4802.BMP,96,103,39690,159.8487091064453,104.80694580078125,92.39949798583984,15993.8681640625
data/datasets/A+/cluster_0_4803.BMP,96,103,39690,169.6851806640625,100.53491973876953,91.37939453125,18144.685546875
data/datasets/A+/cluster_0_4821.BMP,96,103,39690,161.9620819091797,95.67333984375,92.43404388427734,9117.208984375
data/datasets/A+/cluster_0_4827.BMP,96,103,39690,157.4681396484375,92.1183090209961,89.63756561279297,13632.19140625
data/datasets/A+/cluster_0_4831.BMP,96,103,39690,139.84921264648438,94.06639099121094,92.43215942382812,11626.4794921875
data/datasets/A+/cluster_0_4840.BMP,96,103,39690,166.25404357910156,100.0030288696289,89.97612762451172,13383.53125
data/datasets/A+/cluster_0_4846.BMP,96,103,39690,146.49868774414062,111.3475341796875,92.42902374267578,11285.5009765625
data/datasets/A+/cluster_0_4855.BMP,96,103,39690,132.89361572265625,104.9007339477539,91.39007568359375,21558.2578125
data/datasets/A+/cluster_0_486.BMP,96,103,39690,129.88531494140625,109.5960464477539,86.72864532470703,15595.67578125
data/datasets/A+/cluster_0_4865.BMP,96,103,39690,192.54530334472656,86.36866760253906,90.97801208496094,11355.845703125
data/datasets/A+/cluster_0_4871.BMP,96,103,39690,151.14462280273438,105.16258239746094,89.78077697753906,17620.7890625
data/datasets/A+/cluster_0_4881.BMP,96,103,39690,141.405029296875,108.9155502319336,91.3404541015625,16960.515625
data/datasets/A+/cluster_0_4892.BMP,96,103,39690,160.0385284423828,111.13037109375,92.42650604248047,15818.265625
data/datasets/A+/cluster_0_4905.BMP,96,103,39690,165.01254272460938,106.56734466552734,92.39761352539062,21144.046875
data/datasets/A+/cluster_0_4910.BMP,96,103,39690,155.8635711669922,107.42889404296875,91.91080474853516,19554.732421875
data/datasets/A+/cluster_0_4924.BMP,96,103,39690,143.3268585205078,105.62601470947266,92.42211151123047,20641.6171875
data/datasets/A+/cluster_0_4928.BMP,96,103,39690,106.23321533203125,105.19886016845703,85.3913345336914,20550.990234375
data/datasets/A+/cluster_0_4949.BMP,96,103,39690,194.6071014404297,90.07672119140625,90.39887237548828,15183.46484375
data/datasets/A+/cluster_0_4959.BMP,96,103,39690,159.63905334472656,104.03377532958984,92.42462158203125,22237.28515625
data/datasets/A+/cluster_0_497.BMP,96,103,39690,191.23028564453125,88.95757293701172,92.43404388427734,6749.82861328125
data/datasets/A+/cluster_0_4970.BMP,96,103,39690,145.57736206054688,95.70890045166016,89.8492431640625,13762.8671875
data/datasets/A+/cluster_0_4973.BMP,96,103,39690,135.41424560546875,109.1256332397461,92.05779266357422,20742.80078125
data/datasets/A+/cluster_0_4978.BMP,96,103,39690,145.52296447753906,92.71823120117188,91.25627899169922,9434.828125
data/datasets/A+/cluster_0_4998.BMP,241,298,215890,152.61328125,103.01825714111328,161.2006072998047,4857.435546875
data/datasets/A+/cluster_0_5004.BMP,96,103,39690,132.021240234375,105.31619262695312,92.27952575683594,17608.658203125
data/datasets/A+/cluster_0_502.BMP,96,103,39690,130.58120727539062,114.60503387451172,92.41645812988281,11993.2724609375
data/datasets/A+/cluster_0_5038.BMP,96,103,39690,171.86822509765625,103.98461151123047,92.430908203125,14502.775390625
data/datasets/A+/cluster_0_5046.BMP,96,103,39690,181.25323486328125,91.9748764038086,91.48869323730469,14363.65625
data/datasets/A+/cluster_0_5051.BMP,96,103,39690,151.74545288085938,97.84381103515625,88.7154541015625,17625.990234375
data/datasets/A+/cluster_0_5083.BMP,96,103,39690,143.20004272460938,103.6391372680664,91.2550277709961,21423.2734375
data/datasets/A+/cluster_0_5087.BMP,96,103,39690,169.1647491455078,101.46292877197266,91.33165740966797,15580.927734375
data/datasets/A+/cluster_0_5095.BMP,96,103,39690,121.39643859863281,108.77396392822266,92.43404388427734,8405.3359375
data/datasets/A+/cluster_0_5105.BMP,96,103,39690,173.45913696289062,101.71924591064453,90.56658172607422,19999.044921875
data/datasets/A+/cluster_0_5118.BMP,96,103,39690,181.71925354003906,101.22068786621094,92.43404388427734,13432.814453125
data/datasets/A+/cluster_0_5123.BMP,96,103,39690,136.7172393798828,102.41069793701172,91.47361755371094,22020.013671875
data/datasets/A+/cluster_0_5124.BMP,96,103,39690,155.41453552246094,94.79611206054688,92.43404388427734,7813.11328125
data/datasets/A+/cluster_0_5140.BMP,96,103,39690,166.3864288330078,102.18448638916016,91.3404541015625,17251.271484375
data/datasets/A+/cluster_0_5170.BMP,96,103,39690,135.7755889892578,91.17539978027344,86.51445007324219,11076.5517578125
data/datasets/A+/cluster_0_5178.BMP,96,103,39690,169.77700805664062,103.34905242919922,90.8492431640625,19620.36328125
data/datasets/A+/cluster_0_5184.BMP,96,103,39690,119.55562591552734,103.76594543457031,85.21922302246094,22893.8671875
data/datasets/A+/cluster_0_5187.BMP,96,103,39690,161.83505249023438,97.19074249267578,92.43404388427734,12191.6337890625
data/datasets/A+/cluster_0_5197.BMP,96,103,39690,164.941650390625,93.18880462646484,92.42273712158203,9535.82421875
data/datasets/A+/cluster_0_5203.BMP,96,103,39690,138.97764587402344,107.4229965209961,86.76758575439453,19893.20703125
data/datasets/A+/cluster_0_5209.BMP,96,103,39690,151.84678649902344,105.56387329101562,87.04773712158203,18485.107421875
data/datasets/A+/cluster_0_5223.BMP,96,103,39690,137.24322509765625,105.63336944580078,90.8398208618164,20144.578125
data/datasets/A+/cluster_0_5226.BMP,96,103,39690,131.35830688476562,109.15689086914062,91.48680877685547,14156.85546875
data/datasets/A+/cluster_0_5235.BMP,96,103,39690,137.84213256835938,105.6054916381836,90.375,21885.8828125
data/datasets/A+/cluster_0_5251.BMP,96,103,39690,129.02427673339844,112.12965393066406,91.87688446044922,13310.8828125
data/datasets/A+/cluster_0_5253.BMP,96,103,39690,182.83778381347656,96.06846618652344,92.43404388427734,18135.83203125
data/datasets/A+/cluster_0_5256.BMP,96,103,39690,164.26719665527344,96.80194091796875,90.71356964111328,12554.98828125
data/datasets/A+/cluster_0_5270.BMP,96,103,39690,151.11175537109375,106.33024597167969,92.43341827392578,11665.580078125
data/datasets/A+/cluster_0_5278.BMP,96,103,39690,159.3657989501953,104.92047119140625,92.43215942382812,17481.04296875
data/datasets/A+/cluster_0_5286.BMP,96,103,39690,136.38461303710938,104.53800964355469,90.77198791503906,17611.0234375
data/datasets/A+/cluster_0_5298.BMP,96,103,39690,159.1739501953125,106.64346313476562,91.89258575439453,13446.2890625
data/datasets/A+/cluster_0_5301.BMP,96,103,39690,148.36822509765625,106.6621322631836,91.36808776855469,16243.2021484375
data/datasets/A+/cluster_0_5302.BMP,96,103,39690,166.99038696289062,89.62476348876953,90.5439682006836,11751.93359375
data/datasets/A+/cluster_0_5305.BMP,96,103,39690,129.77943420410156,107.28633880615234,91.04271697998047,18339.0
data/datasets/A+/cluster_0_5307.BMP,96,103,39690,161.6245880126953,103.30262756347656,88.444091796875,20770.71484375
data/datasets/A+/cluster_0_532.BMP,96,103,39690,141.41110229492188,106.2208480834961,91.82223510742188,23344.177734375
data/datasets/A+/cluster_0_5343.BMP,96,103,39690,139.18638610839844,109.98681640625,92.39635467529297,19413.904296875
data/datasets/A+/cluster_0_535.BMP,96,103,39690,170.91909790039062,105.32621002197266,92.42399597167969,17491.529296875
data/datasets/A+/cluster_0_5362.BMP,96,103,39690,141.94114685058594,108.15841674804688,92.16583251953125,18431.69921875
data/datasets/A+/cluster_0_5366.BMP,96,103,39690,144.44569396972656,106.38016510009766,92.16708374023438,19620.6640625
data/datasets/A+/cluster_0_5369.BMP,96,103,39690,172.22047424316406,103.6513442993164,92.41394805908203,17087.158203125
data/datasets/A+/cluster_0_5383.BMP,96,103,39690,143.95166015625,104.7170639038086,92.33731079101562,21819.6796875
data/datasets/A+/cluster_0_539.BMP,96,103,39690,178.49362182617188,99.7031021118164,92.43404388427734,9109.96484375
data/datasets/A+/cluster_0_5392.BMP,96,103,39690,136.14805603027344,106.07445526123047,89.69786071777344,19422.5703125
data/datasets/A+/cluster_0_5395.BMP,96,103,39690,155.33981323242188,82.87053680419922,92.43215942382812,7328.751953125
data/datasets/A+/cluster_0_5418.BMP,96,103,39690,161.34890747070312,102.29322814941406,92.04460144042969,17282.412109375
data/datasets/A+/cluster_0_5445.BMP,96,103,39690,155.81411743164062,103.1646728515625,91.03831481933594,16910.2578125
data/datasets/A+/cluster_0_5448.BMP,96,103,39690,171.0701904296875,108.16153717041016,92.4214859008789,12859.248046875
data/datasets/A+/cluster_0_5451.BMP,96,103,39690,149.31796264648438,107.60676574707031,85.10301208496094,19391.705078125
data/datasets/A+/cluster_0_5461.BMP,96,103,39690,141.5831298828125,97.6803970336914,92.43404388427734,6646.546875
data/datasets/A+/cluster_0_5466.BMP,96,103,39690,147.74130249023438,107.34615325927734,91.0163345336914,11844.4326171875
data/datasets/A+/cluster_0_5481.BMP,96,103,39690,146.07736206054688,110.31648254394531,92.11495208740234,15071.267578125
data/datasets/A+/cluster_0_5493.BMP,96,103,39690,123.8125991821289,113.34085845947266,91.5464859008789,10483.814453125
data/datasets/A+/cluster_0_5505.BMP,96,103,39690,139.90231323242188,92.37542724609375,91.20916748046875,11317.45703125
data/datasets/A+/cluster_0_551.BMP,96,103,39690,142.34031677246094,109.6131820678711,92.36872100830078,20791.28125
data/datasets/A+/cluster_0_5514.BMP,96,103,39690,146.08505249023438,106.30812072753906,91.04837036132812,20347.5546875
data/datasets/A+/cluster_0_5521.BMP,96,103,39690,166.9012908935547,108.16893005371094,92.42462158203125,14937.8564453125
data/datasets/A+/cluster_0_5567.BMP,96,103,39690,158.13905334472656,91.49022674560547,92.43404388427734,11024.6884765625
data/datasets/A+/cluster_0_5574.BMP,96,103,39690,178.56512451171875,97.9307861328125,91.95226287841797,14982.9921875
data/datasets/A+/cluster_0_5591.BMP,96,103,39690,166.9027099609375,104.3266830444336,92.43404388427734,17814.283203125
data/datasets/A+/cluster_0_560.BMP,96,103,39690,148.07382202148438,109.74549102783203,91.80841827392578,19565.7109375
data/datasets/A+/cluster_0_5600.BMP,96,103,39690,161.2508087158203,104.91150665283203,92.42964935302734,16422.03515625
data/datasets/A+/cluster_0_5601.BMP,96,103,39690,141.3239288330078,106.38328552246094,91.05402374267578,19825.34375
data/datasets/A+/cluster_0_5606.BMP,96,103,39690,164.18496704101562,104.25788879394531,91.13191223144531,15598.9482421875
data/datasets/A+/cluster_0_5616.BMP,96,103,39690,159.07423400878906,100.65750885009766,91.58228302001953,14758.3759765625
data/datasets/A+/cluster_0_5630.BMP,96,103,39690,124.46147155761719,111.94459533691406,92.43404388427734,12827.486328125
data/datasets/A+/cluster_0_5631.BMP,96,103,39690,159.19154357910156,100.5809097290039,89.71607971191406,19397.36328125
data/datasets/A+/cluster_0_5636.BMP,96,103,39690,149.6827392578125,104.78992462158203,91.06532287597656,16066.76171875
data/datasets/A+/cluster_0_564.BMP,96,103,39690,106.72694396972656,102.10712432861328,83.58605194091797,16681.1875
data/datasets/A+/cluster_0_5647.BMP,96,103,39690,160.1039581298828,101.57466888427734,92.43404388427734,14070.3984375
data/datasets/A+/cluster_0_5652.BMP,96,103,39690,129.17869567871094,108.85857391357422,89.7638168334961,21921.13671875
data/datasets/A+/cluster_0_5653.BMP,96,103,39690,169.29661560058594,103.5350570678711,92.39384460449219,15223.7197265625
data/datasets/A+/cluster_0_5660.BMP,96,103,39690,151.17434692382812,102.95275115966797,91.0,21004.1015625
data/datasets/A+/cluster_0_5687.BMP,96,103,39690,161.02346801757812,105.22900390625,92.08919525146484,14389.650390625
data/datasets/A+/cluster_0_5691.BMP,96,103,39690,141.08302307128906,107.64295959472656,92.4051513671875,14867.607421875
data/datasets/A+/cluster_0_5715.BMP,96,103,39690,129.66929626464844,95.48527526855469,86.9145736694336,9275.94140625
data/datasets/A+/cluster_0_5730.BMP,96,103,39690,178.25111389160156,104.1435317993164,92.42713928222656,11533.904296875
data/datasets/A+/cluster_0_5734.BMP,96,103,39690,129.5235595703125,113.34923553466797,92.42776489257812,14826.580078125
data/datasets/A+/cluster_0_5740.BMP,96,103,39690,139.90402221679688,111.51432800292969,92.26947021484375,13376.7412109375
data/datasets/A+/cluster_0_576.BMP,96,103,39690,170.43031311035156,102.9947280883789,92.40264129638672,19053.150390625
data/datasets/A+/cluster_0_5780.BMP,96,103,39690,126.7953109741211,107.83464813232422,82.42650604248047,16975.96875
data/datasets/A+/cluster_0_5786.BMP,96,103,39690,159.7372589111328,104.9949722290039,91.2198486328125,18237.18359375
data/datasets/A+/cluster_0_5799.BMP,96,103,39690,148.67030334472656,108.3795166015625,91.10615539550781,19231.681640625
data/datasets/A+/cluster_0_5800.BMP,96,103,39690,128.94073486328125,96.89273834228516,90.36683654785156,14328.017578125
data/datasets/A+/cluster_0_581.BMP,96,103,39690,157.93568420410156,97.40155792236328,92.43404388427734,10445.072265625
data/datasets/A+/cluster_0_5812.BMP,96,103,39690,144.4970703125,106.80119323730469,92.39887237548828,15753.59765625
data/datasets/A+/cluster_0_5813.BMP,96,103,39690,149.4331512451172,106.08087921142578,92.42650604248047,17877.15234375
data/datasets/A+/cluster_0_5827.BMP,96,103,39690,144.53195190429688,104.5752182006836,89.55339050292969,18523.94140625
data/datasets/A+/cluster_0_5860.BMP,96,103,39690,149.73675537109375,103.685546875,91.46231079101562,19823.763671875
data/datasets/A+/cluster_0_5871.BMP,96,103,39690,166.9218292236328,98.27033233642578,92.43404388427734,12937.099609375
data/datasets/A+/cluster_0_5875.BMP,96,103,39690,159.92950439453125,104.46109771728516,88.88693237304688,20027.5703125
data/datasets/A+/cluster_0_5880.BMP,96,103,39690,135.84121704101562,109.65493774414062,92.43153381347656,18522.2421875
data/datasets/A+/cluster_0_5884.BMP,96,103,39690,108.489990234375,103.36402130126953,84.5163345336914,17612.7734375
data/datasets/A+/cluster_0_5885.BMP,96,103,39690,153.14552307128906,100.67544555664062,83.4145736694336,16825.525390625
data/datasets/A+/cluster_0_589.BMP,96,103,39690,152.19357299804688,107.95294952392578,92.42902374267578,17008.318359375
data/datasets/A+/cluster_0_5903.BMP,96,103,39690,167.55946350097656,100.43199920654297,91.2154541015625,17675.02734375
data/datasets/A+/cluster_0_5913.BMP,96,103,39690,148.39309692382812,91.33616638183594,90.58228302001953,12224.92578125
data/datasets/A+/cluster_0_5917.BMP,96,103,39690,162.5681610107422,102.74383544921875,92.43404388427734,16532.76171875
data/datasets/A+/cluster_0_5918.BMP,96,103,39690,174.5226593017578,100.23651123046875,92.43341827392578,16989.009765625
data/datasets/A+/cluster_0_5922.BMP,96,103,39690,156.7718505859375,103.48725128173828,90.91960144042969,20657.689453125
data/datasets/A+/cluster_0_5928.BMP,96,103,39690,166.26223754882812,100.04676055908203,91.14258575439453,21643.1796875
data/datasets/A+/cluster_0_5946.BMP,96,103,39690,157.7808380126953,105.14685821533203,92.42462158203125,17346.32421875
data/datasets/A+/cluster_0_5947.BMP,96,103,39690,154.48876953125,96.8053970336914,92.43404388427734,10530.56640625
data/datasets/A+/cluster_0_5951.BMP,96,103,39690,177.62681579589844,98.09808349609375,92.40829467773438,16857.40234375
data/datasets/A+/cluster_0_5978.BMP,96,103,39690,171.1770782470703,102.44886016845703,92.26319122314453,17739.41015625
data/datasets/A+/cluster_0_5993.BMP,96,103,39690,128.61660766601562,111.85086822509766,92.4302749633789,13630.75390625
data/datasets/A+/cluster_0_608.BMP,96,103,39690,164.86488342285156,106.8336410522461,92.43279266357422,17066.6484375
data/datasets/A+/cluster_0_614.BMP,96,103,39690,131.4082794189453,108.81571960449219,92.31720733642578,19284.609375
data/datasets/A+/cluster_0_62.BMP,96,103,39690,142.17263793945312,102.5780258178711,83.96858978271484,20656.953125
data/datasets/A+/cluster_0_635.BMP,96,103,39690,129.1051788330078,110.08826446533203,89.80779266357422,17084.166015625
data/datasets/A+/cluster_0_638.BMP,96,103,39690,177.6016387939453,95.4906005859375,91.73995208740234,18258.859375
data/datasets/A+/cluster_0_644.BMP,96,103,39690,174.46328735351562,96.46807861328125,90.24372100830078,16740.212890625
data/datasets/A+/cluster_0_660.BMP,96,103,39690,178.26608276367188,100.52960205078125,92.43279266357422,16260.814453125
data/datasets/A+/cluster_0_678.BMP,96,103,39690,153.22886657714844,104.59413146972656,92.43404388427734,16588.453125
data/datasets/A+/cluster_0_686.BMP,96,103,39690,138.31776428222656,107.36475372314453,92.43279266357422,16422.72265625
data/datasets/A+/cluster_0_694.BMP,96,103,39690,144.7529296875,106.89362335205078,92.23806762695312,23725.140625
data/datasets/A+/cluster_0_696.BMP,96,103,39690,133.70257568359375,107.18538665771484,91.03392028808594,22218.69140625
data/datasets/A+/cluster_0_707.BMP,96,103,39690,157.73817443847656,109.39936065673828,92.42713928222656,11933.02734375
data/datasets/A+/cluster_0_713.BMP,96,103,39690,161.28387451171875,103.46028137207031,92.41771697998047,15972.4169921875
data/datasets/A+/cluster_0_714.BMP,96,103,39690,126.77184295654297,106.39964294433594,90.17273712158203,16286.7939453125
data/datasets/A+/cluster_0_730.BMP,96,103,39690,176.85336303710938,97.56006622314453,91.39258575439453,18648.333984375
data/datasets/A+/cluster_0_733.BMP,96,103,39690,150.72097778320312,111.15620422363281,92.36180877685547,14685.462890625
data/datasets/A+/cluster_0_746.BMP,96,103,39690,107.26456451416016,110.60870361328125,91.91268920898438,13940.4140625
data/datasets/A+/cluster_0_755.BMP,96,103,39690,158.64674377441406,105.79315185546875,91.63630676269531,15063.4111328125
data/datasets/A+/cluster_0_768.BMP,96,103,39690,136.58546447753906,110.58749389648438,92.42462158203125,19395.10546875
data/datasets/A+/cluster_0_77.BMP,96,103,39690,158.70358276367188,105.78433990478516,91.59861755371094,20035.623046875
data/datasets/A+/cluster_0_777.BMP,96,103,39690,137.3372802734375,112.28713989257812,92.43341827392578,19035.64453125
data/datasets/A+/cluster_0_798.BMP,96,103,39690,165.8451690673828,94.8714828491211,92.42273712158203,8953.7890625
data/datasets/A+/cluster_0_826.BMP,96,103,39690,166.56027221679688,103.90666198730469,92.43341827392578,14908.181640625
data/datasets/A+/cluster_0_836.BMP,96,103,39690,171.39077758789062,106.77201843261719,85.29460144042969,16807.48828125
data/datasets/A+/cluster_0_868.BMP,96,103,39690,143.84385681152344,112.49783325195312,92.43404388427734,17768.8984375
data/datasets/A+/cluster_0_872.BMP,96,103,39690,139.5027313232422,106.31965637207031,87.02261352539062,21085.73828125
data/datasets/A+/cluster_0_875.BMP,96,103,39690,137.4272918701172,108.32183837890625,92.40326690673828,20348.69921875
data/datasets/A+/cluster_0_878.BMP,96,103,39690,179.00657653808594,97.04287719726562,92.41960144042969,14895.1201171875
data/datasets/A+/cluster_0_880.BMP,96,103,39690,167.5833282470703,108.54167175292969,92.42085266113281,12725.3115234375
data/datasets/A+/cluster_0_881.BMP,96,103,39690,162.76182556152344,106.20282745361328,91.24246215820312,14825.810546875
data/datasets/A+/cluster_0_908.BMP,96,103,39690,131.7066192626953,94.8593978881836,86.70477294921875,9728.58203125
data/datasets/A+/cluster_0_940.BMP,96,103,39690,152.2189483642578,106.38897705078125,91.62876892089844,19066.30859375
data/datasets/A+/cluster_0_956.BMP,96,103,39690,134.41575622558594,104.33904266357422,90.71858978271484,18474.935546875
data/datasets/A+/cluster_0_965.BMP,96,103,39690,143.4424591064453,109.56533813476562,92.27700805664062,17348.21875
data/datasets/A+/cluster_0_983.BMP,96,103,39690,152.21885681152344,108.2591781616211,92.42902374267578,22376.865234375
data/datasets/A+/cluster_0_987.BMP,96,103,39690,163.19882202148438,100.24288177490234,91.76821899414062,14626.150390625
data/datasets/A+/cluster_0_994.BMP,96,103,39690,128.73544311523438,105.85352325439453,87.59233856201172,22835.5703125
data/datasets/A-/cluster_1_0.BMP,96,103,39690,102.70307159423828,103.12706756591797,89.03266143798828,17263.39453125
data/datasets/A-/cluster_1_1.BMP,96,103,39690,136.45863342285156,109.22623443603516,92.39258575439453,19632.15234375
data/datasets/A-/cluster_1_1000.BMP,96,103,39690,113.3785400390625,102.52665710449219,80.93153381347656,23315.599609375
data/datasets/A-/cluster_1_1007.BMP,96,103,39690,131.35244750976562,104.97216796875,90.89761352539062,21223.205078125
data/datasets/A-/cluster_1_1008.BMP,96,103,39690,123.32564544677734,105.68051147460938,86.40200805664062,15170.53515625
data/datasets/A-/cluster_1_101.BMP,96,103,39690,127.9034194946289,105.49568939208984,91.49623107910156,20153.86328125
data/datasets/A-/cluster_1_1010.BMP,96,103,39690,147.11953735351562,107.725830078125,91.14949798583984,16081.583984375
data/datasets/A-/cluster_1_1011.BMP,96,103,39690,96.7947998046875,103.25924682617188,86.92273712158203,16057.44140625
data/datasets/A-/cluster_1_1015.BMP,96,103,39690,137.80441284179688,105.6629867553711,91.71733856201172,16752.533203125
data/datasets/A-/cluster_1_1020.BMP,96,103,39690,93.70732116699219,110.3009262084961,84.91771697998047,10925.9814453125
data/datasets/A-/cluster_1_1022.BMP,96,103,39690,160.6819305419922,104.09162139892578,86.34296417236328,15943.880859375
data/datasets/A-/cluster_1_1025.BMP,96,103,39690,151.08140563964844,82.24260711669922,87.819091796875,6805.4150390625
data/datasets/A-/cluster_1_1027.BMP,96,103,39690,132.2378692626953,110.43964385986328,92.33228302001953,18377.33203125
data/datasets/A-/cluster_1_1031.BMP,96,103,39690,131.99200439453125,86.56668090820312,84.73995208740234,9905.775390625
data/datasets/A-/cluster_1_1034.BMP,96,103,39690,139.41302490234375,108.31600189208984,92.41834259033203,18716.6796875
data/datasets/A-/cluster_1_1049.BMP,96,103,39690,42.660396575927734,75.95268249511719,70.13693237304688,7832.5615234375
data/datasets/A-/cluster_1_1058.BMP,96,103,39690,167.744140625,98.14940643310547,91.24748992919922,16935.1953125
data/datasets/A-/cluster_1_1060.BMP,96,103,39690,125.7052001953125,108.1580810546875,86.50816345214844,19013.755859375
data/datasets/A-/cluster_1_1068.BMP,96,103,39690,129.4260711669922,110.1199951171875,85.37437438964844,12954.017578125
data/datasets/A-/cluster_1_1072.BMP,96,103,39690,123.62085723876953,98.28372192382812,86.13127899169922,11033.607421875
data/datasets/A-/cluster_1_1080.BMP,96,103,39690,142.03903198242188,109.1182861328125,90.08228302001953,20201.591796875
data/datasets/A-/cluster_1_1085.BMP,96,103,39690,76.8919906616211,96.74359893798828,83.60803985595703,14171.75
data/datasets/A-/cluster_1_1086.BMP,96,103,39690,138.34445190429688,109.32374572753906,86.87374114990234,23109.765625
data/datasets/A-/cluster_1_1092.BMP,96,103,39690,157.41656494140625,105.1787109375,92.37814331054688,24634.5234375
data/datasets/A-/cluster_1_1095.BMP,96,103,39690,124.97977447509766,109.97669982910156,92.00753784179688,13045.9501953125
data/datasets/A-/cluster_1_11.BMP,96,103,39690,112.6072006225586,106.4867935180664,91.26821899414062,15517.4287109375
data/datasets/A-/cluster_1_1106.BMP,96,103,39690,154.0121307373047,104.40985107421875,92.20414733886719,19380.224609375
data/datasets/A-/cluster_1_1107.BMP,96,103,39690,135.9931182861328,107.39424133300781,87.39510345458984,18526.25
data/datasets/A-/cluster_1_1109.BMP,96,103,39690,146.63339233398438,110.6176528930664,92.43404388427734,16770.9453125
data/datasets/A-/cluster_1_1110.BMP,96,103,39690,118.35770416259766,110.30167388916016,83.20100402832031,14425.5830078125
data/datasets/A-/cluster_1_1113.BMP,96,103,39690,128.13734436035156,109.19438934326172,92.10929870605469,19512.53515625
data/datasets/A-/cluster_1_1115.BMP,96,103,39690,160.7508087158203,104.32828521728516,92.41708374023438,21714.646484375
data/datasets/A-/cluster_1_1117.BMP,96,103,39690,121.78802490234375,107.93238067626953,90.3888168334961,16927.064453125
data/datasets/A-/cluster_1_1128.BMP,96,103,39690,123.28923797607422,108.27843475341797,89.81156158447266,18714.947265625
data/datasets/A-/cluster_1_1133.BMP,96,103,39690,126.2917709350586,111.72293090820312,86.7939682006836,15403.6337890625
data/datasets/A-/cluster_1_1139.BMP,96,103,39690,128.50526428222656,86.24535369873047,84.2148208618164,4992.408203125
data/datasets/A-/cluster_1_1143.BMP,96,103,39690,170.193359375,96.21591186523438,92.43404388427734,12434.98828125
data/datasets/A-/cluster_1_1149.BMP,96,103,39690,126.23624420166016,107.49763488769531,91.29208374023438,19852.01171875
data/datasets/A-/cluster_1_115.BMP,96,103,39690,143.94357299804688,84.68698120117188,90.75691223144531,8878.0078125
data/datasets/A-/cluster_1_1155.BMP,96,103,39690,124.16090393066406,108.75584411621094,92.43279266357422,16349.07421875
data/datasets/A-/cluster_1_1163.BMP,96,103,39690,143.3189697265625,105.9181900024414,91.0395736694336,18446.6640625
data/datasets/A-/cluster_1_1165.BMP,96,103,39690,128.02447509765625,111.11339569091797,91.79711151123047,19813.0859375
data/datasets/A-/cluster_1_1172.BMP,96,103,39690,113.48058319091797,108.32563781738281,90.68467712402344,16582.052734375
data/datasets/A-/cluster_1_1178.BMP,96,103,39690,114.3884506225586,105.66497802734375,86.7801513671875,17551.5390625
data/datasets/A-/cluster_1_1187.BMP,96,103,39690,157.49130249023438,103.26861572265625,88.25188446044922,15709.65234375
data/datasets/A-/cluster_1_1194.BMP,96,103,39690,118.29682159423828,102.9314956665039,81.34233856201172,22121.53515625
data/datasets/A-/cluster_1_1197.BMP,96,103,39690,116.29045104980469,107.42352294921875,87.74623107910156,15260.1640625
data/datasets/A-/cluster_1_120.BMP,96,103,39690,123.74160766601562,103.82369232177734,92.3404541015625,10420.029296875
data/datasets/A-/cluster_1_1208.BMP,96,103,39690,117.87975311279297,106.8119888305664,92.43341827392578,15243.83203125
data/datasets/A-/cluster_1_1211.BMP,96,103,39690,138.04722595214844,107.928466796875,92.14761352539062,18649.74609375
data/datasets/A-/cluster_1_1213.BMP,96,103,39690,145.93295288085938,108.16864013671875,92.4258804321289,16034.0908203125
data/datasets/A-/cluster_1_1227.BMP,96,103,39690,155.09193420410156,108.39859008789062,92.43279266357422,17643.265625
data/datasets/A-/cluster_1_1230.BMP,96,103,39690,136.2237091064453,106.79366302490234,91.54837036132812,19444.80078125
data/datasets/A-/cluster_1_1239.BMP,96,103,39690,106.46460723876953,105.8136978149414,91.49120330810547,14938.203125
data/datasets/A-/cluster_1_124.BMP,96,103,39690,152.26254272460938,83.31204223632812,87.28329467773438,7827.0234375
data/datasets/A-/cluster_1_1240.BMP,96,103,39690,126.78974151611328,90.27567291259766,91.73680877685547,11584.890625
data/datasets/A-/cluster_1_1241.BMP,96,103,39690,109.08070373535156,106.68718719482422,90.69974517822266,15353.81640625
data/datasets/A-/cluster_1_1246.BMP,96,103,39690,124.39724731445312,104.15840911865234,91.6413345336914,22054.37109375
data/datasets/A-/cluster_1_1253.BMP,96,103,39690,147.0,102.54666900634766,89.87876892089844,21768.478515625
data/datasets/A-/cluster_1_1269.BMP,96,103,39690,128.3303985595703,104.16797637939453,90.88819122314453,20513.96875
data/datasets/A-/cluster_1_1271.BMP,96,103,39690,112.930419921875,102.9364013671875,79.40641021728516,18902.19921875
data/datasets/A-/cluster_1_1275.BMP,96,103,39690,74.7635498046875,95.69781494140625,77.71796417236328,11669.1435546875
data/datasets/A-/cluster_1_1287.BMP,96,103,39690,148.3658905029297,102.52235412597656,88.90452575683594,13792.091796875
data/datasets/A-/cluster_1_1289.BMP,96,103,39690,150.18800354003906,107.27425384521484,91.81156158447266,17284.478515625
data/datasets/A-/cluster_1_129.BMP,96,103,39690,127.10133361816406,103.38487243652344,84.24623107910156,20387.48828125
data/datasets/A-/cluster_1_1297.BMP,96,103,39690,129.92587280273438,105.73648834228516,90.45477294921875,21215.03125
data/datasets/A-/cluster_1_1305.BMP,96,103,39690,134.48817443847656,106.90713500976562,91.62311553955078,19837.626953125
data/datasets/A-/cluster_1_131.BMP,96,103,39690,153.73452758789062,96.21171569824219,92.43404388427734,13261.8203125
data/datasets/A-/cluster_1_1314.BMP,96,103,39690,142.00576782226562,106.77852630615234,86.89384460449219,17132.2578125
data/datasets/A-/cluster_1_1317.BMP,96,103,39690,146.39016723632812,106.75900268554688,84.5904541015625,21562.08984375
data/datasets/A-/cluster_1_132.BMP,96,103,39690,125.64805603027344,105.59859466552734,84.0301513671875,22602.72265625
data/datasets/A-/cluster_1_1324.BMP,96,103,39690,99.15998840332031,106.05038452148438,89.4604263305664,15156.9599609375
data/datasets/A-/cluster_1_1351.BMP,96,103,39690,134.3193817138672,106.49297332763672,92.43404388427734,16524.1328125
data/datasets/A-/cluster_1_136.BMP,96,103,39690,130.8718719482422,101.39872741699219,89.34861755371094,22079.91015625
data/datasets/A-/cluster_1_1364.BMP,96,103,39690,141.501220703125,110.2032241821289,92.4189682006836,20549.095703125
data/datasets/A-/cluster_1_1368.BMP,96,103,39690,129.5733184814453,107.8840103149414,85.01947021484375,18660.05078125
data/datasets/A-/cluster_1_1370.BMP,96,103,39690,116.00101470947266,110.612060546875,83.67022705078125,15585.3740234375
data/datasets/A-/cluster_1_1371.BMP,96,103,39690,143.413330078125,101.47856140136719,86.694091796875,21390.109375
data/datasets/A-/cluster_1_138.BMP,96,103,39690,125.02235412597656,108.0567855834961,92.03392028808594,18615.734375
data/datasets/A-/cluster_1_1383.BMP,96,103,39690,100.91960144042969,111.50247955322266,87.0251235961914,11383.572265625
data/datasets/A-/cluster_1_1386.BMP,96,103,39690,79.4721908569336,96.00553131103516,76.29145812988281,14674.810546875
data/datasets/A-/cluster_1_1401.BMP,96,103,39690,133.46278381347656,113.22872161865234,92.16206359863281,13520.40234375
data/datasets/A-/cluster_1_1403.BMP,96,103,39690,136.31573486328125,108.75757598876953,91.29083251953125,17507.806640625
data/datasets/A-/cluster_1_1409.BMP,96,103,39690,132.31442260742188,94.94463348388672,89.28392028808594,12189.6064453125
data/datasets/A-/cluster_1_1411.BMP,241,298,215890,123.81841278076172,105.28166961669922,156.68142700195312,4875.84130859375
data/datasets/A-/cluster_1_1416.BMP,96,103,39690,120.93183898925781,106.0086898803711,88.06407165527344,16423.810546875
data/datasets/A-/cluster_1_1421.BMP,96,103,39690,143.0164794921875,99.91098022460938,88.6300277709961,16658.6484375
data/datasets/A-/cluster_1_1424.BMP,96,103,39690,121.79793548583984,109.01618957519531,84.15703582763672,22166.986328125
data/datasets/A-/cluster_1_1429.BMP,96,103,39690,144.75262451171875,102.19954681396484,85.6714859008789,20393.435546875
data/datasets/A-/cluster_1_1437.BMP,96,103,39690,119.86276245117188,104.75289154052734,86.05213928222656,21811.861328125
data/datasets/A-/cluster_1_1449.BMP,96,103,39690,127.42566680908203,112.20221710205078,92.189697265625,17110.62109375
data/datasets/A-/cluster_1_1451.BMP,96,103,39690,157.98159790039062,101.41698455810547,91.73995208740234,16999.357421875
data/datasets/A-/cluster_1_1452.BMP,96,103,39690,110.58576202392578,106.85717010498047,80.58668518066406,18029.33984375
data/datasets/A-/cluster_1_1455.BMP,96,103,39690,130.7131805419922,105.9544677734375,91.3888168334961,17460.212890625
data/datasets/A-/cluster_1_1466.BMP,96,103,39690,125.59182739257812,92.45481872558594,92.16394805908203,8566.509765625
data/datasets/A-/cluster_1_1469.BMP,96,103,39690,147.9531707763672,100.37286376953125,89.07914733886719,12184.01171875
data/datasets/A-/cluster_1_1474.BMP,96,103,39690,80.30622863769531,104.10009002685547,78.9001235961914,9700.599609375
data/datasets/A-/cluster_1_1479.BMP,96,103,39690,142.2849884033203,109.41345977783203,92.40452575683594,19590.69921875
data/datasets/A-/cluster_1_1485.BMP,96,103,39690,157.79237365722656,103.30258178710938,90.54460144042969,20460.484375
data/datasets/A-/cluster_1_1488.BMP,96,103,39690,82.59142303466797,104.28390502929688,90.41960144042969,6406.7763671875
data/datasets/A-/cluster_1_1506.BMP,96,103,39690,114.37257385253906,106.68777465820312,91.11620330810547,16422.1484375
data/datasets/A-/cluster_1_1509.BMP,96,103,39690,150.3922882080078,101.43223571777344,87.61306762695312,19385.912109375
data/datasets/A-/cluster_1_1511.BMP,96,103,39690,119.5753402709961,106.500244140625,90.20854187011719,14612.17578125
data/datasets/A-/cluster_1_1516.BMP,96,103,39690,104.89613342285156,104.76587677001953,92.42902374267578,18025.359375
data/datasets/A-/cluster_1_1518.BMP,96,103,39690,114.74160766601562,106.31220245361328,85.17713928222656,18074.072265625
data/datasets/A-/cluster_1_1519.BMP,96,103,39690,112.09516906738281,105.1119384765625,86.569091796875,18233.330078125
data/datasets/A-/cluster_1_1525.BMP,96,103,39690,160.61761474609375,102.37773132324219,92.17525482177734,19455.75
data/datasets/A-/cluster_1_1526.BMP,96,103,39690,119.96207427978516,108.34910583496094,91.44346618652344,15884.681640625
data/datasets/A-/cluster_1_1532.BMP,96,103,39690,137.8364715576172,98.75987243652344,85.62311553955078,13760.6982421875
data/datasets/A-/cluster_1_1539.BMP,96,103,39690,117.09951782226562,108.01519775390625,83.44849395751953,15595.35546875
data/datasets/A-/cluster_1_1558.BMP,96,103,39690,127.88602447509766,96.37870025634766,91.89384460449219,12355.08203125
data/datasets/A-/cluster_1_1572.BMP,96,103,39690,145.38754272460938,106.60470581054688,85.444091796875,22114.12890625
data/datasets/A-/cluster_1_1583.BMP,96,103,39690,132.79884338378906,103.84414672851562,87.69786071777344,19017.36328125
data/datasets/A-/cluster_1_1585.BMP,96,103,39690,142.8233184814453,106.16626739501953,92.4189682006836,14865.2890625
data/datasets/A-/cluster_1_1597.BMP,96,103,39690,138.6595916748047,108.8411636352539,92.30339050292969,16945.1640625
data/datasets/A-/cluster_1_1606.BMP,241,298,215890,138.68910217285156,106.23831939697266,158.59825134277344,5420.82958984375
data/datasets/A-/cluster_1_1621.BMP,96,103,39690,129.06674194335938,103.42538452148438,85.85050201416016,15398.8408203125
data/datasets/A-/cluster_1_1623.BMP,96,103,39690,126.4680404663086,109.89994812011719,85.40641021728516,18291.8125
data/datasets/A-/cluster_1_1624.BMP,96,103,39690,167.83970642089844,87.12385559082031,92.43404388427734,11432.21484375
data/datasets/A-/cluster_1_1626.BMP,96,103,39690,119.06421661376953,104.01719665527344,88.86243438720703,19243.51953125
data/datasets/A-/cluster_1_1627.BMP,96,103,39690,150.58323669433594,104.20700073242188,91.42713928222656,20107.353515625
data/datasets/A-/cluster_1_1630.BMP,96,103,39690,139.87884521484375,109.27979278564453,92.4189682006836,12521.5556640625
data/datasets/A-/cluster_1_1640.BMP,96,103,39690,143.4789581298828,110.74159240722656,85.4447250366211,20561.09765625
data/datasets/A-/cluster_1_1645.BMP,96,103,39690,133.20721435546875,106.4524154663086,86.72110748291016,20600.494140625
data/datasets/A-/cluster_1_1648.BMP,96,103,39690,150.36984252929688,97.3266372680664,89.4095458984375,11491.193359375
data/datasets/A-/cluster_1_1650.BMP,96,103,39690,169.1808319091797,100.9738998413086,92.43279266357422,18210.703125
data/datasets/A-/cluster_1_1652.BMP,96,103,39690,166.01719665527344,96.75946807861328,90.83668518066406,15024.71484375
data/datasets/A-/cluster_1_1663.BMP,96,103,39690,99.05400848388672,102.599365234375,91.63693237304688,17962.359375
data/datasets/A-/cluster_1_1684.BMP,96,103,39690,105.2463607788086,110.02268981933594,84.68215942382812,14568.205078125
data/datasets/A-/cluster_1_1692.BMP,96,103,39690,107.68699645996094,106.328369140625,91.1199722290039,16507.462890625
data/datasets/A-/cluster_1_1694.BMP,96,103,39690,123.74160766601562,103.82369232177734,92.3404541015625,10420.029296875
data/datasets/A-/cluster_1_1697.BMP,96,103,39690,138.76779174804688,105.77001190185547,92.25439453125,18015.125
data/datasets/A-/cluster_1_17.BMP,96,103,39690,69.86579895019531,95.76224517822266,77.33039855957031,9815.9013671875
data/datasets/A-/cluster_1_1709.BMP,96,103,39690,119.8919906616211,103.60663604736328,88.76884460449219,13657.7421875
data/datasets/A-/cluster_1_171.BMP,96,103,39690,97.83070373535156,108.83073425292969,89.13253784179688,14895.921875
data/datasets/A-/cluster_1_1717.BMP,96,103,39690,125.60983276367188,107.80144500732422,85.39447021484375,22296.5390625
data/datasets/A-/cluster_1_1718.BMP,96,103,39690,138.87681579589844,109.52770233154297,89.76570129394531,21403.95703125
data/datasets/A-/cluster_1_1719.BMP,96,103,39690,136.78863525390625,110.44454193115234,91.86431884765625,18747.5625
data/datasets/A-/cluster_1_172.BMP,96,103,39690,123.75515747070312,106.25363159179688,87.2939682006836,15937.896484375
data/datasets/A-/cluster_1_1721.BMP,96,103,39690,137.07989501953125,102.55846405029297,87.2154541015625,18646.28125
data/datasets/A-/cluster_1_1724.BMP,96,103,39690,156.74322509765625,101.76268005371094,91.56281280517578,19373.75390625
data/datasets/A-/cluster_1_1738.BMP,96,103,39690,161.06422424316406,85.64168548583984,92.43404388427734,12609.912109375
data/datasets/A-/cluster_1_1744.BMP,96,103,39690,135.9125213623047,109.39298248291016,88.70539855957031,17390.69921875
data/datasets/A-/cluster_1_1751.BMP,96,103,39690,160.1660614013672,102.61666870117188,92.43153381347656,15011.271484375
data/datasets/A-/cluster_1_1752.BMP,96,103,39690,143.89117431640625,92.5513916015625,86.84735870361328,13259.513671875
data/datasets/A-/cluster_1_176.BMP,96,103,39690,154.6908416748047,103.54031372070312,91.75627899169922,19537.287109375
data/datasets/A-/cluster_1_178.BMP,96,103,39690,137.714599609375,105.22103118896484,89.43215942382812,21235.5546875
data/datasets/A-/cluster_1_1789.BMP,96,103,39690,127.37884521484375,103.16058349609375,86.40389251708984,23600.21875
data/datasets/A-/cluster_1_1791.BMP,241,298,215890,114.9482421875,106.56648254394531,137.0948486328125,4326.03515625
data/datasets/A-/cluster_1_1804.BMP,96,103,39690,167.9789581298828,104.197265625,92.13379669189453,18915.31640625
data/datasets/A-/cluster_1_1806.BMP,96,103,39690,142.02508544921875,105.54303741455078,90.59547424316406,22322.55859375
data/datasets/A-/cluster_1_1807.BMP,96,103,39690,126.10942840576172,109.32051086425781,92.0345458984375,15746.673828125
data/datasets/A-/cluster_1_1813.BMP,96,103,39690,96.15382385253906,107.20658874511719,91.3285140991211,9580.408203125
data/datasets/A-/cluster_1_1814.BMP,96,103,39690,114.48847198486328,108.15406036376953,88.74748992919922,17993.873046875
data/datasets/A-/cluster_1_1817.BMP,96,103,39690,138.53428649902344,108.51326751708984,91.63379669189453,15431.8515625
data/datasets/A-/cluster_1_1818.BMP,96,103,39690,122.02174377441406,103.41857147216797,89.91519927978516,18253.29296875
data/datasets/A-/cluster_1_1826.BMP,96,103,39690,120.45995330810547,108.4962387084961,82.45162963867188,19391.62890625
data/datasets/A-/cluster_1_1827.BMP,96,103,39690,151.6648406982422,106.86324310302734,86.7751235961914,19138.685546875
data/datasets/A-/cluster_1_1838.BMP,96,103,39690,95.21126556396484,100.96471405029297,89.74183654785156,18223.9609375
data/datasets/A-/cluster_1_1839.BMP,96,103,39690,150.53297424316406,100.75599670410156,89.41708374023438,15603.783203125
data/datasets/A-/cluster_1_1853.BMP,96,103,39690,141.11256408691406,110.01181030273438,83.55841827392578,18376.00390625
data/datasets/A-/cluster_1_1863.BMP,96,103,39690,128.51254272460938,105.3652572631836,87.20791625976562,18311.107421875
data/datasets/A-/cluster_1_1875.BMP,96,103,39690,135.78216552734375,101.14264678955078,89.18781280517578,14922.30859375
data/datasets/A-/cluster_1_1885.BMP,96,103,39690,120.88703155517578,107.3219985961914,84.01068115234375,18063.912109375
data/datasets/A-/cluster_1_1891.BMP,96,103,39690,140.6625213623047,100.76276397705078,90.68843841552734,19192.234375
data/datasets/A-/cluster_1_1892.BMP,96,103,39690,143.580810546875,108.86835479736328,92.4189682006836,18653.90625
data/datasets/A-/cluster_1_1893.BMP,96,103,39690,124.91777801513672,109.24226379394531,91.61180877685547,17293.333984375
data/datasets/A-/cluster_1_1897.BMP,96,103,39690,128.06674194335938,112.47298431396484,91.38127899169922,16445.61328125
data/datasets/A-/cluster_1_1905.BMP,96,103,39690,132.06785583496094,108.73773193359375,87.92022705078125,18605.1953125
data/datasets/A-/cluster_1_1909.BMP,96,103,39690,139.3068389892578,104.57418060302734,91.5464859008789,17216.986328125
data/datasets/A-/cluster_1_1924.BMP,96,103,39690,144.0733184814453,98.14766693115234,92.38191223144531,9423.4921875
data/datasets/A-/cluster_1_1925.BMP,96,103,39690,131.36256408691406,104.58631896972656,85.52889251708984,20968.751953125
data/datasets/A-/cluster_1_1926.BMP,96,103,39690,133.06947326660156,102.16512298583984,87.54962158203125,21911.732421875
data/datasets/A-/cluster_1_1930.BMP,96,103,39690,138.84829711914062,107.66966247558594,91.72989654541016,20393.1015625
data/datasets/A-/cluster_1_1934.BMP,96,103,39690,129.72906494140625,109.41865539550781,85.1344223022461,18832.857421875
data/datasets/A-/cluster_1_1938.BMP,96,103,39690,157.63592529296875,101.32723236083984,86.35364532470703,17709.69140625
data/datasets/A-/cluster_1_1939.BMP,96,103,39690,143.98483276367188,108.20297241210938,90.49874114990234,11580.95703125
data/datasets/A-/cluster_1_1943.BMP,96,103,39690,123.35042572021484,108.77374267578125,81.92211151123047,16594.921875
data/datasets/A-/cluster_1_1953.BMP,96,103,39690,138.5031280517578,102.95608520507812,89.48429870605469,19006.751953125
data/datasets/A-/cluster_1_1954.BMP,96,103,39690,156.92526245117188,102.99334716796875,91.9792709350586,14668.15234375
data/datasets/A-/cluster_1_1965.BMP,96,103,39690,63.58970642089844,96.06127166748047,70.55150604248047,9765.1318359375
data/datasets/A-/cluster_1_1969.BMP,96,103,39690,151.7130889892578,107.45406341552734,92.40766143798828,17049.46484375
data/datasets/A-/cluster_1_1971.BMP,96,103,39690,130.85983276367188,105.87580871582031,90.09422302246094,20063.5625
data/datasets/A-/cluster_1_1973.BMP,96,103,39690,149.8687286376953,105.82140350341797,92.17399597167969,19306.216796875
data/datasets/A-/cluster_1_1989.BMP,96,103,39690,121.61620330810547,107.30250549316406,89.79522705078125,23878.73046875
data/datasets/A-/cluster_1_1997.BMP,96,103,39690,135.57200622558594,105.67711639404297,90.53831481933594,16955.33984375
data/datasets/A-/cluster_1_1998.BMP,96,103,39690,120.86316680908203,105.25402069091797,91.64007568359375,21404.55078125
data/datasets/A-/cluster_1_200.BMP,96,103,39690,101.37257385253906,105.78742218017578,92.430908203125,15660.52734375
data/datasets/A-/cluster_1_2000.BMP,96,103,39690,139.57069396972656,105.341552734375,91.20665740966797,20979.25
data/datasets/A-/cluster_1_2002.BMP,96,103,39690,152.18112182617188,101.37598419189453,85.9447250366211,20997.08984375
data/datasets/A-/cluster_1_2011.BMP,96,103,39690,82.0340805053711,97.33470916748047,80.24560546875,16846.392578125
data/datasets/A-/cluster_1_2013.BMP,96,103,39690,159.13673400878906,104.34056091308594,92.43404388427734,14626.5625
data/datasets/A-/cluster_1_2017.BMP,96,103,39690,144.37965393066406,109.9310531616211,88.49372100830078,18077.84375
data/datasets/A-/cluster_1_202.BMP,96,103,39690,156.07220458984375,103.8055191040039,91.7060317993164,18858.888671875
data/datasets/A-/cluster_1_2028.BMP,96,103,39690,147.07989501953125,110.09772491455078,92.42776489257812,12945.076171875
data/datasets/A-/cluster_1_2030.BMP,96,103,39690,150.3587188720703,110.08329772949219,92.40829467773438,15240.4521484375
data/datasets/A-/cluster_1_2032.BMP,96,103,39690,127.2841796875,108.94781494140625,91.48492431640625,18820.546875
data/datasets/A-/cluster_1_2037.BMP,96,103,39690,123.90493774414062,104.48683166503906,85.57223510742188,16038.037109375
data/datasets/A-/cluster_1_2039.BMP,96,103,39690,107.81361389160156,109.34801483154297,92.40264129638672,16639.96484375
data/datasets/A-/cluster_1_204.BMP,96,103,39690,133.55885314941406,105.08512878417969,89.20226287841797,18326.98828125
data/datasets/A-/cluster_1_2043.BMP,96,103,39690,151.85072326660156,109.455810546875,92.43341827392578,17836.30859375
data/datasets/A-/cluster_1_2045.BMP,96,103,39690,152.1776885986328,93.05680847167969,85.4604263305664,11344.80078125
data/datasets/A-/cluster_1_2046.BMP,96,103,39690,131.42030334472656,106.82756042480469,89.50314331054688,20428.564453125
data/datasets/A-/cluster_1_2049.BMP,96,103,39690,159.06361389160156,103.8342056274414,92.42839050292969,17839.1015625
data/datasets/A-/cluster_1_2057.BMP,96,103,39690,139.03872680664062,104.13648223876953,90.58228302001953,16088.20703125
data/datasets/A-/cluster_1_2063.BMP,96,103,39690,131.28924560546875,107.1198501586914,92.04271697998047,17357.455078125
data/datasets/A-/cluster_1_2068.BMP,96,103,39690,162.91717529296875,104.22624969482422,92.32537841796875,21594.970703125
data/datasets/A-/cluster_1_2073.BMP,96,103,39690,135.63865661621094,99.04109954833984,84.83416748046875,10552.677734375
data/datasets/A-/cluster_1_2077.BMP,96,103,39690,123.53307342529297,108.93582916259766,92.17839050292969,13726.421875
data/datasets/A-/cluster_1_2079.BMP,96,103,39690,140.84759521484375,112.4571533203125,92.43153381347656,13796.08203125
data/datasets/A-/cluster_1_2084.BMP,96,103,39690,155.3502197265625,104.54733276367188,91.92273712158203,15624.314453125
data/datasets/A-/cluster_1_2089.BMP,96,103,39690,128.0398406982422,99.7242660522461,84.055908203125,15025.7763671875
data/datasets/A-/cluster_1_2093.BMP,96,103,39690,127.65928649902344,106.51856994628906,90.09610748291016,16089.244140625
data/datasets/A-/cluster_1_2095.BMP,96,103,39690,137.17233276367188,102.18412780761719,90.03266143798828,20171.9453125
data/datasets/A-/cluster_1_2098.BMP,96,103,39690,121.1390609741211,110.69152069091797,91.85741424560547,16425.298828125
data/datasets/A-/cluster_1_2099.BMP,96,103,39690,141.9460906982422,105.90597534179688,85.19535064697266,19964.421875
data/datasets/A-/cluster_1_2102.BMP,96,103,39690,105.06159210205078,104.8748779296875,87.33416748046875,16813.4140625
data/datasets/A-/cluster_1_2103.BMP,96,103,39690,128.3229217529297,103.92093658447266,91.3957290649414,18617.150390625
data/datasets/A-/cluster_1_2106.BMP,96,103,39690,140.3433380126953,108.60550689697266,92.2895736694336,20153.51171875
data/datasets/A-/cluster_1_2107.BMP,96,103,39690,129.03509521484375,109.24793243408203,90.50251007080078,13363.314453125
data/datasets/A-/cluster_1_2109.BMP,96,103,39690,111.97198486328125,106.83159637451172,91.81532287597656,17128.044921875
data/datasets/A-/cluster_1_2110.BMP,96,103,39690,141.76153564453125,104.75489044189453,85.74120330810547,17945.77734375
data/datasets/A-/cluster_1_2111.BMP,96,103,39690,143.313720703125,92.92044067382812,90.10112762451172,12558.201171875
data/datasets/A-/cluster_1_2124.BMP,96,103,39690,165.1185302734375,91.84239959716797,92.43404388427734,8757.0576171875
data/datasets/A-/cluster_1_2143.BMP,96,103,39690,143.3854217529297,102.58271026611328,87.2707290649414,15277.5703125
data/datasets/A-/cluster_1_2145.BMP,96,103,39690,135.5803985595703,104.72576141357422,85.70162963867188,15288.3564453125
data/datasets/A-/cluster_1_2147.BMP,96,103,39690,157.85679626464844,93.67627716064453,91.21356964111328,11117.962890625
data/datasets/A-/cluster_1_2148.BMP,96,103,39690,140.3587188720703,102.08250427246094,85.89447021484375,14865.095703125
data/datasets/A-/cluster_1_2152.BMP,96,103,39690,148.41879272460938,106.33927154541016,91.11431884765625,16505.765625
data/datasets/A-/cluster_1_2171.BMP,96,103,39690,151.8958282470703,104.71064758300781,92.12688446044922,20122.7734375
data/datasets/A-/cluster_1_2176.BMP,96,103,39690,145.2393798828125,104.69534301757812,92.11808776855469,20138.09765625
data/datasets/A-/cluster_1_2180.BMP,96,103,39690,101.32433319091797,108.61717987060547,79.07035064697266,11421.16796875
data/datasets/A-/cluster_1_2184.BMP,96,103,39690,135.19882202148438,106.6849594116211,90.935302734375,14493.08203125
data/datasets/A-/cluster_1_2188.BMP,96,103,39690,91.64765167236328,107.64897155761719,83.75188446044922,10619.7900390625
data/datasets/A-/cluster_1_2191.BMP,96,103,39690,135.49241638183594,103.4642333984375,84.56720733642578,19378.56640625
data/datasets/A-/cluster_1_2192.BMP,96,103,39690,65.98462677001953,90.14525604248047,72.55464935302734,14679.82421875
data/datasets/A-/cluster_1_2194.BMP,96,103,39690,134.9695587158203,110.5995101928711,92.28203582763672,18681.65625
data/datasets/A-/cluster_1_2199.BMP,96,103,39690,137.9210205078125,107.18965911865234,92.43404388427734,20276.708984375
data/datasets/A-/cluster_1_22.BMP,96,103,39690,175.43800354003906,96.44996643066406,89.8448486328125,14628.935546875
data/datasets/A-/cluster_1_221.BMP,96,103,39690,119.21713256835938,108.69670104980469,81.82600402832031,19157.73828125
data/datasets/A-/cluster_1_2214.BMP,96,103,39690,113.61256408691406,108.76453399658203,90.95916748046875,13946.875
data/datasets/A-/cluster_1_2218.BMP,96,103,39690,156.5674591064453,104.35594177246094,91.19597625732422,18182.6875
data/datasets/A-/cluster_1_2222.BMP,96,103,39690,96.12328338623047,102.3568115234375,83.31658172607422,15392.96484375
data/datasets/A-/cluster_1_2223.BMP,96,103,39690,142.9327392578125,103.651123046875,87.83731079101562,21477.19140625
data/datasets/A-/cluster_1_2227.BMP,96,103,39690,156.870849609375,103.38265228271484,91.55213928222656,20437.703125
data/datasets/A-/cluster_1_2230.BMP,96,103,39690,132.88076782226562,110.47223663330078,91.87562561035156,16367.20703125
data/datasets/A-/cluster_1_2242.BMP,96,103,39690,96.03873443603516,98.2867431640625,83.40641021728516,17751.396484375
data/datasets/A-/cluster_1_2253.BMP,96,103,39690,139.1328887939453,102.57706451416016,87.07097625732422,17379.609375
data/datasets/A-/cluster_1_2258.BMP,96,103,39690,140.81695556640625,111.57160186767578,92.43404388427734,12462.650390625
data/datasets/A-/cluster_1_2261.BMP,96,103,39690,135.061279296875,106.9661636352539,84.95226287841797,23631.4375
data/datasets/A-/cluster_1_2263.BMP,96,103,39690,99.67607116699219,104.19234466552734,92.0785140991211,17710.5625
data/datasets/A-/cluster_1_2267.BMP,96,103,39690,153.05218505859375,107.90855407714844,92.41771697998047,17242.138671875
data/datasets/A-/cluster_1_2279.BMP,96,103,39690,124.35608673095703,107.20114135742188,91.57600402832031,19673.109375
data/datasets/A-/cluster_1_2284.BMP,96,103,39690,130.79652404785156,104.65441131591797,90.16583251953125,20280.6640625
data/datasets/A-/cluster_1_2287.BMP,96,103,39690,151.10122680664062,104.5134506225586,90.21796417236328,19989.904296875
data/datasets/A-/cluster_1_2294.BMP,96,103,39690,145.54530334472656,107.28169250488281,91.73178100585938,21057.86328125
data/datasets/A-/cluster_1_2303.BMP,96,103,39690,157.9014892578125,100.54668426513672,91.85741424560547,17613.267578125
data/datasets/A-/cluster_1_2313.BMP,96,103,39690,126.4234390258789,106.99454498291016,90.50125885009766,21903.0546875
data/datasets/A-/cluster_1_2315.BMP,96,103,39690,151.22320556640625,105.71529388427734,92.42211151123047,17728.11328125
data/datasets/A-/cluster_1_2318.BMP,96,103,39690,157.0029296875,97.8330078125,90.30464935302734,15344.267578125
data/datasets/A-/cluster_1_2324.BMP,96,103,39690,131.86083984375,108.45450592041016,92.34610748291016,23629.83203125
data/datasets/A-/cluster_1_2326.BMP,96,103,39690,165.14593505859375,96.44921875,89.2895736694336,17624.26953125
data/datasets/A-/cluster_1_2328.BMP,96,103,39690,131.19822692871094,113.19084930419922,92.42085266113281,13357.048828125
data/datasets/A-/cluster_1_2334.BMP,96,103,39690,98.57625579833984,107.65399169921875,90.05653381347656,12272.986328125
data/datasets/A-/cluster_1_2339.BMP,96,103,39690,138.81704711914062,105.80827331542969,89.85301208496094,15596.271484375
data/datasets/A-/cluster_1_2341.BMP,96,103,39690,149.61398315429688,105.59159851074219,92.05779266357422,19998.052734375
data/datasets/A-/cluster_1_2350.BMP,96,103,39690,116.47815704345703,104.84464263916016,80.96105194091797,20676.546875
data/datasets/A-/cluster_1_2356.BMP,96,103,39690,136.84213256835938,109.70027923583984,92.42902374267578,17469.478515625
data/datasets/A-/cluster_1_2357.BMP,96,103,39690,101.16929626464844,105.02864074707031,87.59735870361328,14014.96484375
data/datasets/A-/cluster_1_237.BMP,96,103,39690,135.099609375,108.67444610595703,92.16143035888672,20041.79296875
data/datasets/A-/cluster_1_2370.BMP,96,103,39690,128.49696350097656,105.94640350341797,85.15641021728516,19050.0859375
data/datasets/A-/cluster_1_2371.BMP,96,103,39690,132.5155792236328,105.72648620605469,86.67337036132812,22386.1796875
data/datasets/A-/cluster_1_2376.BMP,96,103,39690,128.5533905029297,104.27972412109375,83.69786071777344,23857.021484375
data/datasets/A-/cluster_1_2378.BMP,96,103,39690,99.319580078125,102.93669128417969,90.08480072021484,17706.0859375
data/datasets/A-/cluster_1_2380.BMP,96,103,39690,139.61448669433594,113.2332763671875,92.35803985595703,17217.22265625
data/datasets/A-/cluster_1_2386.BMP,96,103,39690,100.73422241210938,102.2051010131836,81.83919525146484,19644.91015625
data/datasets/A-/cluster_1_2396.BMP,96,103,39690,134.37318420410156,104.5673828125,90.97989654541016,19829.32421875
data/datasets/A-/cluster_1_2400.BMP,96,103,39690,115.0305404663086,105.25428771972656,81.67337036132812,15462.638671875
data/datasets/A-/cluster_1_2401.BMP,96,103,39690,106.09638214111328,104.21292114257812,88.94723510742188,16617.365234375
data/datasets/A-/cluster_1_2403.BMP,96,103,39690,130.22158813476562,110.3065185546875,91.3398208618164,16220.705078125
data/datasets/A-/cluster_1_2405.BMP,96,103,39690,124.79014587402344,104.37435150146484,90.94849395751953,19452.55859375
data/datasets/A-/cluster_1_2422.BMP,96,103,39690,99.87580871582031,108.02554321289062,91.92273712158203,11709.96484375
data/datasets/A-/cluster_1_2439.BMP,96,103,39690,140.9489288330078,105.62564849853516,92.43404388427734,14288.7939453125
data/datasets/A-/cluster_1_2441.BMP,96,103,39690,157.12884521484375,102.18048858642578,90.84233856201172,16752.4453125
data/datasets/A-/cluster_1_2454.BMP,96,103,39690,157.55906677246094,106.15794372558594,91.0464859008789,19499.08203125
data/datasets/A-/cluster_1_246.BMP,96,103,39690,98.2806396484375,99.71607208251953,80.54271697998047,14574.703125
data/datasets/A-/cluster_1_2479.BMP,96,103,39690,136.64007568359375,104.05120849609375,92.43404388427734,18330.11328125
data/datasets/A-/cluster_1_2480.BMP,96,103,39690,136.46409606933594,100.91827392578125,84.42650604248047,17647.609375
data/datasets/A-/cluster_1_2483.BMP,96,103,39690,149.63632202148438,100.46048736572266,90.80213928222656,18100.9453125
data/datasets/A-/cluster_1_2486.BMP,96,103,39690,111.01193237304688,107.64297485351562,91.69535064697266,15865.6494140625
data/datasets/A-/cluster_1_2489.BMP,96,103,39690,132.3386993408203,107.86149597167969,89.03077697753906,14920.7626953125
data/datasets/A-/cluster_1_2490.BMP,96,103,39690,150.1343994140625,106.23181915283203,90.87060546875,17942.798828125
data/datasets/A-/cluster_1_2491.BMP,96,103,39690,152.9864501953125,100.9996337890625,86.48241424560547,17218.07421875
data/datasets/A-/cluster_1_2493.BMP,96,103,39690,134.81077575683594,107.47077941894531,91.43467712402344,19992.349609375
data/datasets/A-/cluster_1_2495.BMP,96,103,39690,146.1808319091797,97.04135131835938,92.01947021484375,14568.2021484375
data/datasets/A-/cluster_1_2497.BMP,96,103,39690,136.71096801757812,109.56996154785156,92.43404388427734,17373.93359375
data/datasets/A-/cluster_1_2506.BMP,96,103,39690,157.6876983642578,85.24370574951172,90.42462158203125,7249.025390625
data/datasets/A-/cluster_1_2508.BMP,96,103,39690,138.3995819091797,109.4576644897461,85.85615539550781,21484.966796875
data/datasets/A-/cluster_1_2518.BMP,96,103,39690,163.35609436035156,102.40351867675781,91.8542709350586,18908.779296875
data/datasets/A-/cluster_1_2523.BMP,96,103,39690,129.60791015625,107.48580932617188,88.25627899169922,17510.8984375
data/datasets/A-/cluster_1_2531.BMP,96,103,39690,142.24716186523438,97.01071166992188,87.79145812988281,8858.171875
data/datasets/A-/cluster_1_2534.BMP,96,103,39690,113.05936431884766,109.30437469482422,84.38945007324219,14855.498046875
data/datasets/A-/cluster_1_2538.BMP,96,103,39690,180.36781311035156,90.53643798828125,91.0351791381836,12102.3564453125
data/datasets/A-/cluster_1_2554.BMP,96,103,39690,143.65928649902344,107.57089233398438,92.38065338134766,19674.38671875
data/datasets/A-/cluster_1_2557.BMP,96,103,39690,127.84941101074219,110.16629028320312,83.52638244628906,20659.703125
data/datasets/A-/cluster_1_2565.BMP,96,103,39690,119.51365661621094,104.04608154296875,91.16583251953125,19405.94921875
data/datasets/A-/cluster_1_2573.BMP,96,103,39690,134.0410614013672,104.09367370605469,86.32600402832031,17740.49609375
data/datasets/A-/cluster_1_2575.BMP,96,103,39690,126.59809875488281,105.92266845703125,92.11180877685547,20037.52734375
data/datasets/A-/cluster_1_2592.BMP,96,103,39690,127.15766906738281,108.0604019165039,80.25188446044922,20586.44921875
data/datasets/A-/cluster_1_2593.BMP,96,103,39690,107.0006103515625,106.30733489990234,84.53706359863281,13611.146484375
data/datasets/A-/cluster_1_2604.BMP,96,103,39690,115.44205474853516,107.63963317871094,92.34610748291016,19700.078125
data/datasets/A-/cluster_1_2612.BMP,96,103,39690,90.76516723632812,110.57618713378906,91.42964935302734,7456.9814453125
data/datasets/A-/cluster_1_2613.BMP,96,103,39690,140.20489501953125,102.2862319946289,89.1344223022461,23762.6640625
data/datasets/A-/cluster_1_2615.BMP,96,103,39690,174.17283630371094,94.97693634033203,90.810302734375,13121.50390625
data/datasets/A-/cluster_1_2627.BMP,96,103,39690,133.55117797851562,108.1959457397461,88.43215942382812,18324.71875
data/datasets/A-/cluster_1_2638.BMP,96,103,39690,158.92819213867188,97.12162780761719,89.73806762695312,18360.958984375
data/datasets/A-/cluster_1_2647.BMP,96,103,39690,119.03165435791016,104.57736206054688,83.81218719482422,19434.611328125
data/datasets/A-/cluster_1_2650.BMP,96,103,39690,138.21510314941406,104.63716125488281,91.63379669189453,17699.693359375
data/datasets/A-/cluster_1_2654.BMP,96,103,39690,153.3364715576172,108.62511444091797,92.33291625976562,16254.62109375
data/datasets/A-/cluster_1_2661.BMP,96,103,39690,153.5369110107422,102.39861297607422,90.83228302001953,15401.17578125
data/datasets/A-/cluster_1_2663.BMP,96,103,39690,155.52670288085938,100.33755493164062,90.05967712402344,16148.060546875
data/datasets/A-/cluster_1_2681.BMP,96,103,39690,152.5020294189453,104.03084564208984,91.14447021484375,17617.892578125
data/datasets/A-/cluster_1_2694.BMP,96,103,39690,102.9851303100586,110.54915618896484,88.87562561035156,15324.513671875
data/datasets/A-/cluster_1_270.BMP,96,103,39690,68.30673217773438,93.68292236328125,74.5163345336914,12289.6328125
data/datasets/A-/cluster_1_2707.BMP,96,103,39690,151.3977508544922,104.13419342041016,90.82035064697266,15892.509765625
data/datasets/A-/cluster_1_2718.BMP,96,103,39690,151.82554626464844,108.12269592285156,92.37248992919922,16902.853515625
data/datasets/A-/cluster_1_2741.BMP,96,103,39690,63.82109451293945,89.3427734375,77.16519927978516,12833.412109375
data/datasets/A-/cluster_1_2745.BMP,96,103,39690,139.18052673339844,105.3849105834961,91.10929870605469,16423.599609375
data/datasets/A-/cluster_1_2746.BMP,96,103,39690,127.46086120605469,108.44497680664062,85.805908203125,17540.419921875
data/datasets/A-/cluster_1_2747.BMP,96,103,39690,93.32048797607422,101.50030517578125,90.66834259033203,14191.279296875
data/datasets/A-/cluster_1_2752.BMP,96,103,39690,135.53721618652344,106.12843322753906,88.67525482177734,22225.212890625
data/datasets/A-/cluster_1_2754.BMP,96,103,39690,154.91636657714844,102.78214263916016,89.55841827392578,15691.220703125
data/datasets/A-/cluster_1_2757.BMP,96,103,39690,121.77801513671875,106.64789581298828,92.09547424316406,18244.90625
data/datasets/A-/cluster_1_2768.BMP,96,103,39690,133.55288696289062,106.51576232910156,91.92273712158203,18328.92578125
data/datasets/A-/cluster_1_2776.BMP,96,103,39690,130.74595642089844,111.55300903320312,92.1601791381836,14282.76953125
data/datasets/A-/cluster_1_278.BMP,96,103,39690,127.11630249023438,105.4355697631836,91.05904388427734,16169.4072265625
data/datasets/A-/cluster_1_2781.BMP,96,103,39690,150.4778594970703,107.64786529541016,92.41708374023438,18666.765625
data/datasets/A-/cluster_1_2785.BMP,96,103,39690,166.9827117919922,98.54354095458984,92.3844223022461,16302.306640625
data/datasets/A-/cluster_1_2788.BMP,96,103,39690,153.62510681152344,103.8702163696289,88.05841827392578,19543.76171875
data/datasets/A-/cluster_1_2790.BMP,96,103,39690,142.5275115966797,104.23233032226562,91.4949722290039,20723.51171875
data/datasets/A-/cluster_1_2794.BMP,96,103,39690,149.79541015625,101.85652160644531,90.87185668945312,14068.8154296875
data/datasets/A-/cluster_1_2797.BMP,96,103,39690,131.8628692626953,106.6434097290039,92.430908203125,13625.693359375
data/datasets/A-/cluster_1_2799.BMP,96,103,39690,138.59759521484375,104.45792388916016,86.05276489257812,24169.42578125
data/datasets/A-/cluster_1_2807.BMP,96,103,39690,166.01527404785156,100.74447631835938,89.78894805908203,13930.4765625
data/datasets/A-/cluster_1_2815.BMP,96,103,39690,96.5107192993164,107.46524047851562,89.55402374267578,9453.1875
data/datasets/A-/cluster_1_2820.BMP,96,103,39690,144.2301788330078,102.67615509033203,88.78329467773438,19246.82421875
data/datasets/A-/cluster_1_2826.BMP,96,103,39690,133.25819396972656,108.07520294189453,91.09233856201172,17234.6640625
data/datasets/A-/cluster_1_2834.BMP,96,103,39690,116.8884506225586,104.74866485595703,90.36746215820312,19753.37890625
data/datasets/A-/cluster_1_2836.BMP,96,103,39690,145.33929443359375,107.2951889038086,92.40766143798828,17376.728515625
data/datasets/A-/cluster_1_2840.BMP,96,103,39690,155.1577606201172,109.7101058959961,92.39510345458984,16354.5615234375
data/datasets/A-/cluster_1_2841.BMP,96,103,39690,120.72431182861328,109.25312042236328,85.64823913574219,12201.185546875
data/datasets/A-/cluster_1_2843.BMP,96,103,39690,132.1531219482422,107.85486602783203,90.42022705078125,22252.29296875
data/datasets/A-/cluster_1_2848.BMP,96,103,39690,141.70701599121094,98.93466186523438,92.43404388427734,10781.05078125
data/datasets/A-/cluster_1_2853.BMP,96,103,39690,150.73948669433594,89.75093078613281,92.43404388427734,10068.46484375
data/datasets/A-/cluster_1_2867.BMP,96,103,39690,143.72593688964844,108.69519805908203,92.24246215820312,18265.23828125
data/datasets/A-/cluster_1_2868.BMP,96,103,39690,114.31007385253906,104.64724731445312,83.63127899169922,18930.490234375
data/datasets/A-/cluster_1_2875.BMP,96,103,39690,121.34273529052734,108.77071380615234,91.14384460449219,16355.43359375
data/datasets/A-/cluster_1_2877.BMP,96,103,39690,130.62429809570312,108.09002685546875,84.48115539550781,22083.96875
data/datasets/A-/cluster_1_2879.BMP,96,103,39690,137.08535766601562,109.36390686035156,92.37562561035156,20135.51953125
data/datasets/A-/cluster_1_288.BMP,96,103,39690,145.27023315429688,107.92379760742188,88.08668518066406,16851.505859375
data/datasets/A-/cluster_1_2883.BMP,96,103,39690,119.39755249023438,107.7016830444336,86.189697265625,14295.7451171875
data/datasets/A-/cluster_1_2885.BMP,96,103,39690,124.82069396972656,110.11673736572266,92.33793640136719,16673.9140625
data/datasets/A-/cluster_1_2888.BMP,96,103,39690,150.62196350097656,101.20094299316406,86.31532287597656,20610.20703125
data/datasets/A-/cluster_1_289.BMP,96,103,39690,129.82008361816406,107.56673431396484,87.6947250366211,22459.154296875
data/datasets/A-/cluster_1_2912.BMP,96,103,39690,142.72987365722656,105.00192260742188,89.19158172607422,19621.830078125
data/datasets/A-/cluster_1_2915.BMP,96,103,39690,116.73462677001953,103.99301147460938,88.64070129394531,21123.38671875
data/datasets/A-/cluster_1_2933.BMP,96,103,39690,127.63359832763672,104.5027084350586,90.98743438720703,21219.125
data/datasets/A-/cluster_1_2938.BMP,96,103,39690,113.10891723632812,107.33568572998047,91.9792709350586,21342.8046875
data/datasets/A-/cluster_1_2944.BMP,96,103,39690,132.77720642089844,107.97264099121094,89.78141021728516,16686.73828125
data/datasets/A-/cluster_1_2950.BMP,96,103,39690,139.21844482421875,107.52580261230469,89.430908203125,21607.10546875
data/datasets/A-/cluster_1_2955.BMP,96,103,39690,143.839599609375,106.71690368652344,89.01256561279297,22553.09765625
data/datasets/A-/cluster_1_2966.BMP,96,103,39690,101.32615661621094,102.38426208496094,89.72676086425781,19062.361328125
data/datasets/A-/cluster_1_2971.BMP,96,103,39690,105.47896575927734,101.1044692993164,87.19849395751953,17595.81640625
data/datasets/A-/cluster_1_2972.BMP,96,103,39690,137.9976806640625,104.0228271484375,86.4861831665039,20086.61328125
data/datasets/A-/cluster_1_2977.BMP,96,103,39690,116.90453338623047,105.01303100585938,89.26004791259766,18530.1953125
data/datasets/A-/cluster_1_2980.BMP,96,103,39690,115.56159210205078,107.9426040649414,85.78580474853516,21244.19921875
data/datasets/A-/cluster_1_2996.BMP,96,103,39690,127.07190704345703,104.4992446899414,83.19158172607422,19259.1640625
data/datasets/A-/cluster_1_3002.BMP,96,103,39690,152.5133514404297,108.28050231933594,86.41960144042969,21116.400390625
data/datasets/A-/cluster_1_3029.BMP,96,103,39690,129.2718505859375,111.2185287475586,92.4189682006836,17013.671875
data/datasets/A-/cluster_1_3039.BMP,96,103,39690,149.45762634277344,108.6253890991211,92.29271697998047,19326.39453125
data/datasets/A-/cluster_1_3042.BMP,96,103,39690,83.18648529052734,102.30390167236328,78.25314331054688,11084.92578125
data/datasets/A-/cluster_1_3043.BMP,96,103,39690,132.39007568359375,102.3781509399414,86.4648208618164,16457.736328125
data/datasets/A-/cluster_1_3047.BMP,96,103,39690,130.47613525390625,107.73699951171875,91.23995208740234,18308.78125
data/datasets/A-/cluster_1_3052.BMP,96,103,39690,127.20317840576172,106.7339859008789,85.93781280517578,16850.89453125
data/datasets/A-/cluster_1_3058.BMP,96,103,39690,174.6719207763672,103.13090515136719,92.43404388427734,15299.6484375
data/datasets/A-/cluster_1_3059.BMP,96,103,39690,155.6542205810547,99.56763458251953,90.4007568359375,16831.3125
data/datasets/A-/cluster_1_3060.BMP,96,103,39690,149.83201599121094,100.47498321533203,92.43404388427734,11188.966796875
data/datasets/A-/cluster_1_3062.BMP,96,103,39690,128.28297424316406,106.60244750976562,90.96922302246094,22045.001953125
data/datasets/A-/cluster_1_3066.BMP,96,103,39690,142.96875,105.19732666015625,91.71293640136719,17538.25
data/datasets/A-/cluster_1_3069.BMP,96,103,39690,127.36610412597656,105.04295349121094,86.8310317993164,19242.57421875
data/datasets/A-/cluster_1_307.BMP,96,103,39690,132.82574462890625,107.3345718383789,92.29460144042969,21270.375
data/datasets/A-/cluster_1_3073.BMP,96,103,39690,135.0917205810547,107.78711700439453,87.91206359863281,18429.91796875
data/datasets/A-/cluster_1_3075.BMP,96,103,39690,63.428497314453125,88.52577209472656,88.32914733886719,10992.5966796875
data/datasets/A-/cluster_1_308.BMP,96,103,39690,137.4039306640625,87.65878295898438,90.99685668945312,9430.599609375
data/datasets/A-/cluster_1_3083.BMP,96,103,39690,141.2468719482422,105.78073120117188,91.78894805908203,16680.294921875
data/datasets/A-/cluster_1_3087.BMP,96,103,39690,127.16161346435547,108.25387573242188,91.72676086425781,16764.56640625
data/datasets/A-/cluster_1_3088.BMP,96,103,39690,133.90493774414062,111.61713409423828,92.35112762451172,19928.30078125
data/datasets/A-/cluster_1_3094.BMP,96,103,39690,161.1499786376953,100.351318359375,91.45477294921875,16311.119140625
data/datasets/A-/cluster_1_3095.BMP,96,103,39690,114.0595703125,112.86827850341797,91.7248764038086,9794.7666015625
data/datasets/A-/cluster_1_310.BMP,96,103,39690,154.46925354003906,103.52822875976562,92.23429870605469,16477.3046875
data/datasets/A-/cluster_1_3105.BMP,96,103,39690,109.12085723876953,110.71715545654297,92.13756561279297,15523.6328125
data/datasets/A-/cluster_1_3110.BMP,96,103,39690,126.1421890258789,105.96302032470703,83.2104263305664,20778.212890625
data/datasets/A-/cluster_1_3116.BMP,96,103,39690,136.12307739257812,93.4526138305664,83.31720733642578,7566.580078125
data/datasets/A-/cluster_1_3131.BMP,96,103,39690,123.79995727539062,109.49880981445312,92.36054992675781,19687.640625
data/datasets/A-/cluster_1_3141.BMP,96,103,39690,102.76901245117188,102.46705627441406,89.59107971191406,15084.1123046875
data/datasets/A-/cluster_1_3144.BMP,96,103,39690,126.95944213867188,108.70547485351562,84.95916748046875,21149.87890625
data/datasets/A-/cluster_1_3148.BMP,96,103,39690,142.03306579589844,104.68029022216797,88.1802749633789,21759.34375
data/datasets/A-/cluster_1_3149.BMP,96,103,39690,110.08778381347656,105.38263702392578,91.14070129394531,18035.96484375
data/datasets/A-/cluster_1_3159.BMP,96,103,39690,99.52518463134766,102.7178955078125,89.1714859008789,15652.486328125
data/datasets/A-/cluster_1_3160.BMP,96,103,39690,149.9943389892578,101.19978332519531,85.27449798583984,17423.912109375
data/datasets/A-/cluster_1_3164.BMP,96,103,39690,148.12672424316406,106.20753479003906,87.94158172607422,17690.87890625
data/datasets/A-/cluster_1_3165.BMP,96,103,39690,148.31492614746094,105.44805908203125,92.21419525146484,17947.322265625
data/datasets/A-/cluster_1_3169.BMP,96,103,39690,173.14866638183594,96.81204986572266,84.83416748046875,15608.787109375
data/datasets/A-/cluster_1_3172.BMP,96,103,39690,111.04429626464844,105.93600463867188,89.68718719482422,16462.759765625
data/datasets/A-/cluster_1_3194.BMP,96,103,39690,137.5304412841797,109.18888854980469,92.37248992919922,19718.34375
data/datasets/A-/cluster_1_3205.BMP,96,103,39690,115.2982406616211,105.10343170166016,90.29145812988281,18365.34765625
data/datasets/A-/cluster_1_3212.BMP,96,103,39690,113.83980560302734,105.75544738769531,90.52764129638672,17350.87890625
data/datasets/A-/cluster_1_3213.BMP,96,103,39690,117.65756225585938,111.34719848632812,92.42839050292969,14622.6611328125
data/datasets/A-/cluster_1_3226.BMP,96,103,39690,114.2989501953125,108.39424896240234,92.41268920898438,16301.146484375
data/datasets/A-/cluster_1_3227.BMP,96,103,39690,106.7947006225586,106.31428527832031,85.06092834472656,20926.76953125
data/datasets/A-/cluster_1_3230.BMP,96,103,39690,131.58546447753906,105.45203399658203,91.9792709350586,19959.998046875
data/datasets/A-/cluster_1_324.BMP,96,103,39690,87.99028778076172,96.69820404052734,88.55402374267578,13997.861328125
data/datasets/A-/cluster_1_3242.BMP,96,103,39690,116.09779357910156,109.59901428222656,80.1507568359375,17155.59375
data/datasets/A-/cluster_1_3260.BMP,96,103,39690,129.09901428222656,110.01470947265625,87.73178100585938,20774.89453125
data/datasets/A-/cluster_1_327.BMP,96,103,39690,151.29925537109375,105.49519348144531,90.28203582763672,14564.3740234375
data/datasets/A-/cluster_1_3272.BMP,96,103,39690,87.7465591430664,103.5722427368164,77.84861755371094,11735.49609375
data/datasets/A-/cluster_1_3278.BMP,96,103,39690,120.38703155517578,104.50616455078125,88.875,24413.853515625
data/datasets/A-/cluster_1_3286.BMP,96,103,39690,128.77589416503906,104.3936767578125,87.84233856201172,19909.6015625
data/datasets/A-/cluster_1_3290.BMP,96,103,39690,90.09496307373047,107.15873718261719,82.79962158203125,10859.5419921875
data/datasets/A-/cluster_1_3301.BMP,96,103,39690,90.71844482421875,108.57990264892578,80.97550201416016,8327.037109375
data/datasets/A-/cluster_1_331.BMP,96,103,39690,146.17587280273438,106.40851593017578,91.6689682006836,17222.7265625
data/datasets/A-/cluster_1_3311.BMP,96,103,39690,131.94073486328125,108.0051498413086,85.84233856201172,23261.94921875
data/datasets/A-/cluster_1_3314.BMP,96,103,39690,128.931640625,106.57789611816406,91.7801513671875,20864.99609375
data/datasets/A-/cluster_1_3316.BMP,96,103,39690,126.73037719726562,108.8448715209961,85.64258575439453,20745.185546875
data/datasets/A-/cluster_1_3317.BMP,96,103,39690,147.17425537109375,104.45325469970703,91.77135467529297,19762.484375
data/datasets/A-/cluster_1_3319.BMP,96,103,39690,128.42080688476562,110.22615814208984,92.24183654785156,18458.236328125
data/datasets/A-/cluster_1_3326.BMP,96,103,39690,109.21561431884766,106.40648651123047,88.68404388427734,22989.193359375
data/datasets/A-/cluster_1_3329.BMP,96,103,39690,127.90311431884766,112.08674621582031,92.43404388427734,15826.18359375
data/datasets/A-/cluster_1_3350.BMP,96,103,39690,144.27255249023438,112.67100524902344,92.43404388427734,16354.916015625
data/datasets/A-/cluster_1_3353.BMP,96,103,39690,116.86599731445312,105.98236846923828,82.564697265625,21528.26953125
data/datasets/A-/cluster_1_3356.BMP,96,103,39690,99.7955093383789,110.57540130615234,89.78831481933594,7047.060546875
data/datasets/A-/cluster_1_3372.BMP,96,103,39690,126.58980560302734,103.48082733154297,88.04522705078125,24980.8203125
data/datasets/A-/cluster_1_3381.BMP,96,103,39690,85.20974731445312,101.50484466552734,88.68467712402344,14130.1279296875
data/datasets/A-/cluster_1_3394.BMP,96,103,39690,145.73907470703125,106.24475860595703,92.37688446044922,25672.71484375
data/datasets/A-/cluster_1_3404.BMP,96,103,39690,140.86073303222656,104.70136260986328,92.42525482177734,12601.673828125
data/datasets/A-/cluster_1_3409.BMP,96,103,39690,160.9844207763672,100.2029800415039,91.30025482177734,18502.59375
data/datasets/A-/cluster_1_3414.BMP,96,103,39690,148.52862548828125,95.01644897460938,85.56218719482422,13121.494140625
data/datasets/A-/cluster_1_3416.BMP,96,103,39690,124.49767303466797,111.15283966064453,90.11746215820312,17561.23828125
data/datasets/A-/cluster_1_3421.BMP,96,103,39690,167.2877197265625,99.04861450195312,91.44220733642578,16184.216796875
data/datasets/A-/cluster_1_3423.BMP,96,103,39690,99.19407653808594,106.39508819580078,90.37939453125,10160.7724609375
data/datasets/A-/cluster_1_3424.BMP,96,103,39690,151.82867431640625,105.1318359375,88.55150604248047,16686.169921875
data/datasets/A-/cluster_1_3435.BMP,96,103,39690,144.22906494140625,104.77357482910156,84.65577697753906,22821.001953125
data/datasets/A-/cluster_1_3438.BMP,96,103,39690,135.23806762695312,107.22695922851562,85.62060546875,20463.716796875
data/datasets/A-/cluster_1_3444.BMP,96,103,39690,132.92263793945312,105.24388885498047,90.60489654541016,16649.455078125
data/datasets/A-/cluster_1_3451.BMP,96,103,39690,133.612060546875,105.35842895507812,88.21796417236328,20645.7734375
data/datasets/A-/cluster_1_3453.BMP,96,103,39690,138.98968505859375,106.8507308959961,87.57349395751953,25100.708984375
data/datasets/A-/cluster_1_3457.BMP,96,103,39690,114.77275848388672,102.51354217529297,90.32223510742188,16958.771484375
data/datasets/A-/cluster_1_3467.BMP,96,103,39690,168.28509521484375,100.67867279052734,92.39258575439453,15923.177734375
data/datasets/A-/cluster_1_3471.BMP,96,103,39690,129.3039093017578,102.55738830566406,89.32788848876953,19098.89453125
data/datasets/A-/cluster_1_3473.BMP,96,103,39690,90.92121887207031,109.529541015625,81.53392028808594,8904.189453125
data/datasets/A-/cluster_1_3474.BMP,96,103,39690,84.78044128417969,96.31169891357422,76.45100402832031,15528.212890625
data/datasets/A-/cluster_1_3477.BMP,96,103,39690,137.22622680664062,103.93981170654297,85.5207290649414,20711.95703125
data/datasets/A-/cluster_1_3478.BMP,96,103,39690,138.1110382080078,106.34952545166016,86.42022705078125,18681.26953125
data/datasets/A-/cluster_1_3483.BMP,96,103,39690,135.28660583496094,105.04612731933594,85.19974517822266,15759.37109375
data/datasets/A-/cluster_1_3499.BMP,96,103,39690,155.16929626464844,105.70167541503906,87.03706359863281,19224.21875
data/datasets/A-/cluster_1_3501.BMP,96,103,39690,151.7414093017578,105.90050506591797,92.30779266357422,23831.44921875
data/datasets/A-/cluster_1_3502.BMP,96,103,39690,115.26213836669922,104.63841247558594,85.43341827392578,18540.45703125
data/datasets/A-/cluster_1_3506.BMP,96,103,39690,131.04449462890625,110.46780395507812,91.80276489257812,13503.6962890625
data/datasets/A-/cluster_1_3518.BMP,96,103,39690,82.93001556396484,106.46607208251953,89.61620330810547,8390.0537109375
data/datasets/A-/cluster_1_3529.BMP,96,103,39690,134.6114501953125,104.20626068115234,88.95414733886719,21798.88671875
data/datasets/A-/cluster_1_3530.BMP,96,103,39690,162.55410766601562,100.9604263305664,90.97550201416016,20100.359375
data/datasets/A-/cluster_1_3535.BMP,96,103,39690,131.4091796875,106.005859375,89.82035064697266,21174.55078125
data/datasets/A-/cluster_1_3547.BMP,96,103,39690,118.35699462890625,108.16873931884766,91.1501235961914,17498.40234375
data/datasets/A-/cluster_1_3551.BMP,96,103,39690,146.45802307128906,109.46307373046875,90.46858978271484,20638.4921875
data/datasets/A-/cluster_1_3553.BMP,96,103,39690,151.518310546875,106.82616424560547,90.32097625732422,22972.294921875
data/datasets/A-/cluster_1_3559.BMP,96,103,39690,152.11538696289062,104.17096710205078,91.6714859008789,20028.37109375
data/datasets/A-/cluster_1_356.BMP,96,103,39690,155.23361206054688,104.92460632324219,91.75565338134766,20701.8984375
data/datasets/A-/cluster_1_3561.BMP,96,103,39690,53.82554626464844,85.23847198486328,72.14698791503906,9695.7666015625
data/datasets/A-/cluster_1_3572.BMP,96,103,39690,143.28317260742188,106.29139709472656,84.26507568359375,24087.021484375
data/datasets/A-/cluster_1_3582.BMP,96,103,39690,144.3970489501953,99.6247329711914,89.05402374267578,13933.63671875
data/datasets/A-/cluster_1_3585.BMP,96,103,39690,131.73695373535156,108.86186218261719,92.18153381347656,18401.8671875
data/datasets/A-/cluster_1_3586.BMP,96,103,39690,146.20065307617188,101.1789321899414,85.7707290649414,22949.609375
data/datasets/A-/cluster_1_3587.BMP,96,103,39690,153.15220642089844,98.59186553955078,89.55715942382812,18503.580078125
data/datasets/A-/cluster_1_3615.BMP,96,103,39690,112.7336196899414,105.76668548583984,82.86934661865234,18436.5859375
data/datasets/A-/cluster_1_3619.BMP,96,103,39690,114.67182159423828,105.71076965332031,84.0251235961914,17525.015625
data/datasets/A-/cluster_1_3625.BMP,96,103,39690,168.5139617919922,86.32525634765625,92.43404388427734,9179.15625
data/datasets/A-/cluster_1_3633.BMP,96,103,39690,139.1912384033203,105.07991027832031,89.47676086425781,20861.99609375
data/datasets/A-/cluster_1_364.BMP,96,103,39690,148.30410766601562,103.3256607055664,90.63191223144531,16711.33984375
data/datasets/A-/cluster_1_3643.BMP,96,103,39690,93.37176513671875,101.2806167602539,88.33228302001953,16389.259765625
data/datasets/A-/cluster_1_3648.BMP,96,103,39690,125.61701202392578,107.99220275878906,92.42902374267578,17103.65234375
data/datasets/A-/cluster_1_3656.BMP,96,103,39690,121.6355209350586,109.78411102294922,83.29837036132812,17000.44921875
data/datasets/A-/cluster_1_3660.BMP,96,103,39690,93.9936294555664,99.87118530273438,84.70854187011719,17300.53125
data/datasets/A-/cluster_1_3661.BMP,96,103,39690,138.88601684570312,85.36812591552734,89.77135467529297,7575.7138671875
data/datasets/A-/cluster_1_3663.BMP,96,103,39690,154.99322509765625,108.17823028564453,92.36180877685547,18787.3203125
data/datasets/A-/cluster_1_3674.BMP,96,103,39690,140.9566192626953,108.06082916259766,84.21419525146484,21831.046875
data/datasets/A-/cluster_1_3675.BMP,96,103,39690,136.50323486328125,106.5037612915039,88.02889251708984,20928.51171875
data/datasets/A-/cluster_1_3679.BMP,96,103,39690,116.0661392211914,107.78996276855469,92.23743438720703,20712.8828125
data/datasets/A-/cluster_1_3685.BMP,96,103,39690,125.74494171142578,102.88822937011719,90.36054992675781,21482.07421875
data/datasets/A-/cluster_1_3687.BMP,96,103,39690,131.20550537109375,108.05646514892578,86.58480072021484,18636.0625
data/datasets/A-/cluster_1_369.BMP,96,103,39690,139.4466094970703,108.19336700439453,84.02198791503906,20830.12890625
data/datasets/A-/cluster_1_3690.BMP,96,103,39690,118.96359252929688,108.24915313720703,91.60741424560547,23342.8828125
data/datasets/A-/cluster_1_3698.BMP,96,103,39690,130.7656707763672,111.22404479980469,92.39447021484375,15622.0849609375
data/datasets/A-/cluster_1_3702.BMP,96,103,39690,132.78408813476562,103.89437103271484,82.77010345458984,23021.1640625
data/datasets/A-/cluster_1_3704.BMP,96,103,39690,128.4459991455078,109.35751342773438,92.4189682006836,19211.1328125
data/datasets/A-/cluster_1_3712.BMP,96,103,39690,94.85143280029297,101.24658966064453,81.52764129638672,15809.869140625
data/datasets/A-/cluster_1_3715.BMP,96,103,39690,111.40382385253906,114.07305145263672,92.37562561035156,10968.60546875
data/datasets/A-/cluster_1_3723.BMP,96,103,39690,157.1531219482422,99.66007232666016,90.3655776977539,13816.10546875
data/datasets/A-/cluster_1_3728.BMP,96,103,39690,87.75960540771484,101.40042114257812,79.87060546875,12542.640625
data/datasets/A-/cluster_1_3729.BMP,96,103,39690,155.7756805419922,91.33989715576172,92.37123107910156,9011.09375
data/datasets/A-/cluster_1_3731.BMP,96,103,39690,98.43942260742188,99.87174224853516,87.52952575683594,18959.203125
data/datasets/A-/cluster_1_374.BMP,96,103,39690,50.258697509765625,87.1338119506836,74.33605194091797,6403.52734375
data/datasets/A-/cluster_1_3746.BMP,96,103,39690,131.8323211669922,109.3174819946289,91.60364532470703,12078.0029296875
data/datasets/A-/cluster_1_3749.BMP,96,103,39690,137.32969665527344,108.85086059570312,91.89196014404297,15223.0244140625
data/datasets/A-/cluster_1_3752.BMP,96,103,39690,114.27851867675781,104.9416275024414,90.19158172607422,17533.37890625
data/datasets/A-/cluster_1_3764.BMP,96,103,39690,109.36660766601562,103.8404541015625,82.79083251953125,20647.36328125
data/datasets/A-/cluster_1_3767.BMP,96,103,39690,151.469970703125,102.80069732666016,90.9748764038086,17454.14453125
data/datasets/A-/cluster_1_3772.BMP,96,103,39690,125.78246307373047,100.94071197509766,83.67650604248047,14140.4140625
data/datasets/A-/cluster_1_3778.BMP,96,103,39690,140.094970703125,107.15997314453125,90.58731079101562,15502.720703125
data/datasets/A-/cluster_1_3780.BMP,96,103,39690,144.39613342285156,107.49113464355469,89.29083251953125,19684.30859375
data/datasets/A-/cluster_1_3786.BMP,96,103,39690,104.08232116699219,101.47197723388672,90.12876892089844,20240.28515625
data/datasets/A-/cluster_1_3793.BMP,96,103,39690,147.8010711669922,102.92329406738281,90.23115539550781,21431.923828125
data/datasets/A-/cluster_1_3802.BMP,96,103,39690,152.42213439941406,107.25489807128906,89.2964859008789,21244.96875
data/datasets/A-/cluster_1_3805.BMP,96,103,39690,150.6122589111328,107.0804214477539,89.08605194091797,19798.755859375
data/datasets/A-/cluster_1_3806.BMP,96,103,39690,168.4666290283203,101.80879211425781,92.43404388427734,19384.970703125
data/datasets/A-/cluster_1_3816.BMP,96,103,39690,164.54742431640625,96.55404663085938,89.42337036132812,13663.974609375
data/datasets/A-/cluster_1_3825.BMP,96,103,39690,142.0006103515625,110.39286804199219,92.0138168334961,20508.28125
data/datasets/A-/cluster_1_3828.BMP,96,103,39690,164.0864715576172,91.9018783569336,92.04899597167969,12759.646484375
data/datasets/A-/cluster_1_3829.BMP,241,298,215890,153.92623901367188,94.20270538330078,169.07421875,3077.4013671875
data/datasets/A-/cluster_1_383.BMP,96,103,39690,97.95833587646484,103.82384490966797,80.72299194335938,16374.6259765625
data/datasets/A-/cluster_1_3832.BMP,96,103,39690,133.04661560058594,105.5800552368164,91.57914733886719,23933.25390625
data/datasets/A-/cluster_1_3833.BMP,96,103,39690,124.25910186767578,110.087646484375,88.82788848876953,14136.13671875
data/datasets/A-/cluster_1_3841.BMP,96,103,39690,115.26931762695312,105.68919372558594,86.80779266357422,20509.0703125
data/datasets/A-/cluster_1_3846.BMP,96,103,39690,127.31462097167969,110.65182495117188,92.11683654785156,15656.0498046875
data/datasets/A-/cluster_1_3849.BMP,96,103,39690,139.83627319335938,97.25313568115234,86.29522705078125,14218.501953125
data/datasets/A-/cluster_1_3850.BMP,96,103,39690,141.6087188720703,106.70520782470703,91.21670532226562,19110.734375
data/datasets/A-/cluster_1_3851.BMP,96,103,39690,95.64836120605469,105.86779022216797,83.319091796875,14406.591796875
data/datasets/A-/cluster_1_3856.BMP,96,103,39690,137.76132202148438,108.12287139892578,92.43404388427734,16206.337890625
data/datasets/A-/cluster_1_3858.BMP,96,103,39690,137.0601806640625,108.8199462890625,87.31218719482422,17615.6640625
data/datasets/A-/cluster_1_3862.BMP,96,103,39690,149.04086303710938,103.11558532714844,88.11934661865234,18866.29296875
data/datasets/A-/cluster_1_3877.BMP,96,103,39690,125.15655517578125,103.48780059814453,87.38756561279297,17334.51171875
data/datasets/A-/cluster_1_389.BMP,96,103,39690,136.1906280517578,105.484130859375,86.92525482177734,14537.861328125
data/datasets/A-/cluster_1_3915.BMP,96,103,39690,165.06614685058594,102.74134826660156,91.8008804321289,18589.2890625
data/datasets/A-/cluster_1_3922.BMP,96,103,39690,151.7266387939453,104.65333557128906,86.78580474853516,18029.470703125
data/datasets/A-/cluster_1_3923.BMP,96,103,39690,133.36326599121094,106.56288146972656,91.09735870361328,17859.138671875
data/datasets/A-/cluster_1_3927.BMP,96,103,39690,157.8864288330078,102.46051788330078,92.43404388427734,16784.90625
data/datasets/A-/cluster_1_393.BMP,96,103,39690,115.8892593383789,105.36822509765625,82.37060546875,17789.01953125
data/datasets/A-/cluster_1_3936.BMP,96,103,39690,125.43092346191406,109.20372009277344,92.19095611572266,18138.37890625
data/datasets/A-/cluster_1_3941.BMP,96,103,39690,149.7555694580078,85.94449615478516,92.34107971191406,7113.5107421875
data/datasets/A-/cluster_1_3945.BMP,96,103,39690,94.82585144042969,104.09437561035156,78.12374114990234,16549.541015625
data/datasets/A-/cluster_1_3952.BMP,96,103,39690,139.8612518310547,107.1032485961914,92.05715942382812,22772.818359375
data/datasets/A-/cluster_1_3959.BMP,96,103,39690,165.9716796875,99.84791564941406,90.77889251708984,16040.796875
data/datasets/A-/cluster_1_3961.BMP,96,103,39690,139.50384521484375,95.08226013183594,92.43404388427734,9958.634765625
data/datasets/A-/cluster_1_3964.BMP,96,103,39690,88.9617691040039,99.5640640258789,83.47612762451172,15085.490234375
data/datasets/A-/cluster_1_3970.BMP,96,103,39690,114.38319396972656,109.06394958496094,85.15892028808594,16662.4375
data/datasets/A-/cluster_1_3980.BMP,96,103,39690,120.39057159423828,105.93854522705078,78.14070129394531,15467.8359375
data/datasets/A-/cluster_1_3983.BMP,96,103,39690,106.62530517578125,113.19025421142578,92.01068115234375,8246.0546875
data/datasets/A-/cluster_1_3990.BMP,96,103,39690,92.35922241210938,99.2705078125,81.51947021484375,13643.9375
data/datasets/A-/cluster_1_3992.BMP,96,103,39690,127.37590789794922,106.49198913574219,86.37437438964844,19724.833984375
data/datasets/A-/cluster_1_40.BMP,96,103,39690,148.81857299804688,106.36113739013672,89.73492431640625,21187.98046875
data/datasets/A-/cluster_1_4000.BMP,96,103,39690,123.43072509765625,108.33202362060547,91.87562561035156,17038.0390625
data/datasets/A-/cluster_1_4003.BMP,96,103,39690,150.2627410888672,98.82010650634766,88.31407165527344,14814.20703125
data/datasets/A-/cluster_1_4016.BMP,96,103,39690,132.26759338378906,107.3935775756836,92.17964935302734,20702.189453125
data/datasets/A-/cluster_1_4017.BMP,96,103,39690,123.00455474853516,109.24681854248047,92.43404388427734,18824.99609375
data/datasets/A-/cluster_1_402.BMP,96,103,39690,134.51901245117188,108.4232177734375,82.72676086425781,17954.95703125
data/datasets/A-/cluster_1_4025.BMP,96,103,39690,135.6866912841797,105.0845718383789,92.33605194091797,17424.23046875
data/datasets/A-/cluster_1_4027.BMP,96,103,39690,158.87945556640625,102.19220733642578,88.60238647460938,14626.162109375
data/datasets/A-/cluster_1_4028.BMP,96,103,39690,134.61549377441406,93.4850082397461,86.50879669189453,10465.783203125
data/datasets/A-/cluster_1_4040.BMP,96,103,39690,132.3743896484375,110.52376556396484,89.76004791259766,20100.62890625
data/datasets/A-/cluster_1_4043.BMP,96,103,39690,151.45257568359375,105.75294494628906,88.88568115234375,16820.1015625
data/datasets/A-/cluster_1_4054.BMP,96,103,39690,107.72886657714844,106.56287384033203,91.14196014404297,14512.021484375
data/datasets/A-/cluster_1_4068.BMP,96,103,39690,118.85123443603516,106.77781677246094,89.45665740966797,17123.48046875
data/datasets/A-/cluster_1_4077.BMP,96,103,39690,154.86549377441406,100.14398956298828,88.85176086425781,13422.2548828125
data/datasets/A-/cluster_1_4078.BMP,96,103,39690,99.82847595214844,111.47395324707031,91.07223510742188,8642.736328125
data/datasets/A-/cluster_1_4083.BMP,96,103,39690,102.4935302734375,109.07532501220703,86.85364532470703,14014.3193359375
data/datasets/A-/cluster_1_4085.BMP,96,103,39690,136.69711303710938,107.12877655029297,88.57097625732422,18511.58984375
data/datasets/A-/cluster_1_4097.BMP,96,103,39690,110.85325622558594,107.85069274902344,90.94597625732422,14383.8515625
data/datasets/A-/cluster_1_4108.BMP,96,103,39690,135.4404296875,110.6173095703125,92.40326690673828,18189.158203125
data/datasets/A-/cluster_1_4116.BMP,96,103,39690,128.45155334472656,108.5080795288086,91.26130676269531,19088.322265625
data/datasets/A-/cluster_1_4123.BMP,96,103,39690,131.81260681152344,106.5420913696289,89.81658172607422,20356.26953125
data/datasets/A-/cluster_1_4125.BMP,241,298,215890,141.46157836914062,107.32560729980469,175.69766235351562,4710.4814453125
data/datasets/A-/cluster_1_4126.BMP,96,103,39690,90.04368591308594,100.9627685546875,89.9742431640625,14639.337890625
data/datasets/A-/cluster_1_4136.BMP,96,103,39690,77.26891326904297,92.50482177734375,85.64823913574219,16340.7275390625
data/datasets/A-/cluster_1_4137.BMP,96,103,39690,131.86094665527344,109.67555236816406,86.2707290649414,18314.41796875
data/datasets/A-/cluster_1_4140.BMP,96,103,39690,121.0063705444336,104.98445129394531,84.68341827392578,20080.7734375
data/datasets/A-/cluster_1_4142.BMP,96,103,39690,158.83070373535156,83.77349853515625,89.92650604248047,8517.8876953125
data/datasets/A-/cluster_1_4154.BMP,96,103,39690,106.65473175048828,106.4357681274414,91.71231079101562,17256.330078125
data/datasets/A-/cluster_1_4163.BMP,96,103,39690,127.09769439697266,107.87020874023438,91.4748764038086,15548.630859375
data/datasets/A-/cluster_1_4164.BMP,96,103,39690,151.8856201171875,108.6587142944336,87.38065338134766,16007.921875
data/datasets/A-/cluster_1_4165.BMP,96,103,39690,123.1314697265625,109.10131072998047,83.8310317993164,17345.0859375
data/datasets/A-/cluster_1_4170.BMP,96,103,39690,145.63743591308594,106.43144989013672,91.75691223144531,19318.666015625
data/datasets/A-/cluster_1_4172.BMP,96,103,39690,150.83151245117188,101.49150085449219,90.01445007324219,15819.0927734375
data/datasets/A-/cluster_1_4174.BMP,96,103,39690,119.07210540771484,106.37964630126953,82.02198791503906,18035.9296875
data/datasets/A-/cluster_1_4177.BMP,96,103,39690,97.33232116699219,106.54837036132812,84.77889251708984,13303.03515625
data/datasets/A-/cluster_1_418.BMP,96,103,39690,154.38673400878906,91.0087890625,89.60992431640625,12411.8818359375
data/datasets/A-/cluster_1_4184.BMP,96,103,39690,123.70833587646484,106.92337036132812,92.41268920898438,20744.513671875
data/datasets/A-/cluster_1_4226.BMP,96,103,39690,126.56270599365234,108.32688903808594,85.1388168334961,17626.91015625
data/datasets/A-/cluster_1_4227.BMP,96,103,39690,150.16848754882812,101.99945068359375,90.98303985595703,19359.5546875
data/datasets/A-/cluster_1_4230.BMP,96,103,39690,104.79652404785156,109.1405258178711,88.96607971191406,11064.4658203125
data/datasets/A-/cluster_1_4234.BMP,96,103,39690,101.62014770507812,96.20112609863281,84.29334259033203,25293.333984375
data/datasets/A-/cluster_1_4243.BMP,96,103,39690,121.25171661376953,105.86371612548828,81.7851791381836,19143.033203125
data/datasets/A-/cluster_1_4244.BMP,96,103,39690,147.60093688964844,88.74674224853516,86.57537841796875,10610.28515625
data/datasets/A-/cluster_1_4245.BMP,96,103,39690,150.7360382080078,101.89720916748047,90.47235870361328,17075.98046875
data/datasets/A-/cluster_1_4255.BMP,96,103,39690,109.47077178955078,108.39982604980469,81.32349395751953,15802.7275390625
data/datasets/A-/cluster_1_4256.BMP,96,103,39690,165.7281494140625,83.00720977783203,91.08354187011719,6685.541015625
data/datasets/A-/cluster_1_4261.BMP,96,103,39690,143.0662384033203,105.69845581054688,91.48303985595703,18185.705078125
data/datasets/A-/cluster_1_4262.BMP,96,103,39690,160.85487365722656,102.7385025024414,88.30276489257812,19051.83203125
data/datasets/A-/cluster_1_4266.BMP,96,103,39690,126.0659408569336,87.85539245605469,85.90264129638672,6232.41015625
data/datasets/A-/cluster_1_4267.BMP,96,103,39690,97.66080474853516,107.47480773925781,92.40264129638672,8336.091796875
data/datasets/A-/cluster_1_4269.BMP,96,103,39690,139.3700408935547,108.71656799316406,90.96293640136719,13829.126953125
data/datasets/A-/cluster_1_4272.BMP,96,103,39690,121.30278778076172,109.03453826904297,92.21293640136719,15987.42578125
data/datasets/A-/cluster_1_4274.BMP,96,103,39690,122.19771575927734,107.42420196533203,91.78894805908203,15910.720703125
data/datasets/A-/cluster_1_4277.BMP,96,103,39690,121.90898132324219,108.94509887695312,91.26821899414062,14656.119140625
data/datasets/A-/cluster_1_428.BMP,96,103,39690,149.51304626464844,106.37616729736328,90.90389251708984,13575.482421875
data/datasets/A-/cluster_1_4297.BMP,96,103,39690,120.01335144042969,103.38140106201172,92.43215942382812,17589.705078125
data/datasets/A-/cluster_1_4298.BMP,96,103,39690,144.061279296875,111.7134017944336,92.35803985595703,16086.46484375
data/datasets/A-/cluster_1_4299.BMP,96,103,39690,133.09344482421875,108.98345947265625,92.43341827392578,23139.78515625
data/datasets/A-/cluster_1_4304.BMP,96,103,39690,125.1109390258789,109.16756439208984,92.42085266113281,14723.97265625
data/datasets/A-/cluster_1_4312.BMP,96,103,39690,161.13400268554688,102.7444839477539,90.65264129638672,18716.234375
data/datasets/A-/cluster_1_4317.BMP,96,103,39690,149.2308807373047,103.33707427978516,91.94535064697266,21037.8046875
data/datasets/A-/cluster_1_4320.BMP,96,103,39690,124.0077896118164,105.07280731201172,89.35301208496094,21689.765625
data/datasets/A-/cluster_1_4326.BMP,96,103,39690,135.541259765625,104.94682312011719,92.13065338134766,23338.400390625
data/datasets/A-/cluster_1_4329.BMP,96,103,39690,123.24413299560547,100.5992431640625,89.04334259033203,13218.515625
data/datasets/A-/cluster_1_4333.BMP,96,103,39690,131.55856323242188,110.1457290649414,86.40766143798828,16859.80078125
data/datasets/A-/cluster_1_4334.BMP,96,103,39690,137.2181396484375,98.7372055053711,89.31532287597656,13262.3603515625
data/datasets/A-/cluster_1_4339.BMP,96,103,39690,126.0305404663086,104.28872680664062,90.91268920898438,19478.14453125
data/datasets/A-/cluster_1_4349.BMP,96,103,39690,118.00879669189453,108.02396392822266,91.05150604248047,16147.96484375
data/datasets/A-/cluster_1_4350.BMP,96,103,39690,145.9298095703125,106.45652770996094,91.61934661865234,18580.587890625
data/datasets/A-/cluster_1_4355.BMP,96,103,39690,122.16373443603516,107.1225814819336,91.16834259033203,16429.3515625
data/datasets/A-/cluster_1_4360.BMP,96,103,39690,108.81502532958984,103.07190704345703,86.5257568359375,22253.154296875
data/datasets/A-/cluster_1_4368.BMP,96,103,39690,137.95985412597656,108.56330871582031,92.28266143798828,17037.533203125
data/datasets/A-/cluster_1_4376.BMP,96,103,39690,97.15453338623047,110.57896423339844,92.35552978515625,8516.625
data/datasets/A-/cluster_1_4382.BMP,96,103,39690,119.86235809326172,106.83102416992188,85.92964935302734,19219.853515625
data/datasets/A-/cluster_1_4384.BMP,96,103,39690,128.01455688476562,109.4127197265625,91.49434661865234,13872.36328125
data/datasets/A-/cluster_1_4385.BMP,96,103,39690,108.27720642089844,105.7409896850586,83.20477294921875,18044.86328125
data/datasets/A-/cluster_1_4392.BMP,96,103,39690,111.50687408447266,107.418701171875,86.41143035888672,19005.0625
data/datasets/A-/cluster_1_4415.BMP,96,103,39690,161.25576782226562,109.45524597167969,92.38191223144531,14912.611328125
data/datasets/A-/cluster_1_4419.BMP,96,103,39690,157.6306610107422,87.29183197021484,88.46419525146484,8803.3056640625
data/datasets/A-/cluster_1_4424.BMP,96,103,39690,101.58080291748047,103.18853759765625,91.09358978271484,16533.5546875
data/datasets/A-/cluster_1_4434.BMP,96,103,39690,124.11104583740234,106.34339904785156,92.35803985595703,16999.869140625
data/datasets/A-/cluster_1_4435.BMP,96,103,39690,175.16363525390625,96.81998443603516,92.38253784179688,15209.685546875
data/datasets/A-/cluster_1_4440.BMP,96,103,39690,99.74919128417969,101.38226318359375,88.36683654785156,16314.7265625
data/datasets/A-/cluster_1_4451.BMP,96,103,39690,159.97097778320312,101.66810607910156,91.33731079101562,12557.134765625
data/datasets/A-/cluster_1_4455.BMP,96,103,39690,137.5164794921875,106.58478546142578,83.96105194091797,26554.05078125
data/datasets/A-/cluster_1_4461.BMP,96,103,39690,128.35255432128906,108.87152099609375,89.07160949707031,16886.599609375
data/datasets/A-/cluster_1_448.BMP,96,103,39690,129.54641723632812,105.35726165771484,92.41583251953125,18712.49609375
data/datasets/A-/cluster_1_4486.BMP,96,103,39690,132.8628692626953,110.02332305908203,87.74874114990234,17645.533203125
data/datasets/A-/cluster_1_4494.BMP,96,103,39690,143.91343688964844,106.47640991210938,89.13065338134766,16420.33984375
data/datasets/A-/cluster_1_4498.BMP,96,103,39690,169.47471618652344,99.04994201660156,88.40829467773438,18411.96484375
data/datasets/A-/cluster_1_45.BMP,96,103,39690,140.2832794189453,107.45742797851562,91.91960144042969,14874.888671875
data/datasets/A-/cluster_1_4500.BMP,96,103,39690,129.94366455078125,107.31175994873047,92.18215942382812,20180.705078125
data/datasets/A-/cluster_1_4504.BMP,96,103,39690,130.15028381347656,106.94181823730469,91.11431884765625,15252.3369140625
data/datasets/A-/cluster_1_4505.BMP,96,103,39690,136.90443420410156,106.03131103515625,92.43341827392578,18289.416015625
data/datasets/A-/cluster_1_4509.BMP,96,103,39690,145.66079711914062,96.93736267089844,89.80715942382812,15719.919921875
data/datasets/A-/cluster_1_4510.BMP,96,103,39690,134.14158630371094,107.9532241821289,91.92337036132812,17969.3515625
data/datasets/A-/cluster_1_4514.BMP,96,103,39690,130.902099609375,106.91637420654297,87.64887237548828,14397.91796875
data/datasets/A-/cluster_1_4521.BMP,96,103,39690,137.77862548828125,106.73402404785156,89.28706359863281,19157.24609375
data/datasets/A-/cluster_1_453.BMP,96,103,39690,123.5276107788086,107.85729217529297,88.36054992675781,21332.79296875
data/datasets/A-/cluster_1_454.BMP,96,103,39690,141.8293914794922,103.71327209472656,90.8913345336914,20132.44921875
data/datasets/A-/cluster_1_4550.BMP,96,103,39690,124.73533630371094,108.72858428955078,92.40389251708984,17342.177734375
data/datasets/A-/cluster_1_4551.BMP,96,103,39690,132.5178985595703,108.1007080078125,88.51884460449219,18910.265625
data/datasets/A-/cluster_1_4553.BMP,96,103,39690,57.00131607055664,88.92982482910156,77.69723510742188,7886.8056640625
data/datasets/A-/cluster_1_4555.BMP,96,103,39690,113.72846221923828,104.96930694580078,86.57726287841797,20975.40234375
data/datasets/A-/cluster_1_4559.BMP,96,103,39690,151.70257568359375,106.31879425048828,89.78768920898438,16584.326171875
data/datasets/A-/cluster_1_4564.BMP,96,103,39690,159.76942443847656,104.35343933105469,87.19660949707031,21167.48828125
data/datasets/A-/cluster_1_4570.BMP,96,103,39690,136.44862365722656,107.8896713256836,90.01947021484375,18797.072265625
data/datasets/A-/cluster_1_4571.BMP,96,103,39690,78.586669921875,98.13098907470703,88.13693237304688,14269.458984375
data/datasets/A-/cluster_1_4582.BMP,96,103,39690,123.51456451416016,103.40609741210938,89.26570129394531,18777.921875
data/datasets/A-/cluster_1_4585.BMP,96,103,39690,143.09364318847656,103.40264892578125,90.7638168334961,18237.2890625
data/datasets/A-/cluster_1_4589.BMP,96,103,39690,129.19003295898438,108.39999389648438,81.07035064697266,20552.359375
data/datasets/A-/cluster_1_4603.BMP,96,103,39690,124.6597900390625,104.06999206542969,85.1947250366211,22892.8984375
data/datasets/A-/cluster_1_4609.BMP,96,103,39690,112.9886703491211,105.30686950683594,90.37185668945312,17549.033203125
data/datasets/A-/cluster_1_4624.BMP,96,103,39690,128.51588439941406,108.94750213623047,91.93404388427734,16987.375
data/datasets/A-/cluster_1_4628.BMP,96,103,39690,111.21703338623047,106.20787048339844,90.87814331054688,14829.8330078125
data/datasets/A-/cluster_1_4629.BMP,96,103,39690,123.06199645996094,107.55259704589844,92.16394805908203,20732.09765625
data/datasets/A-/cluster_1_464.BMP,96,103,39690,138.4781494140625,101.4954605102539,86.11369323730469,13812.3193359375
data/datasets/A-/cluster_1_4641.BMP,96,103,39690,138.54440307617188,104.61106872558594,92.25251007080078,16297.134765625
data/datasets/A-/cluster_1_4650.BMP,96,103,39690,115.67961120605469,108.65255737304688,92.41708374023438,17832.6328125
data/datasets/A-/cluster_1_4651.BMP,96,103,39690,120.73604583740234,107.76668548583984,84.6689682006836,21639.62109375
data/datasets/A-/cluster_1_4654.BMP,96,103,39690,160.98361206054688,103.78448486328125,92.00627899169922,18981.90625
data/datasets/A-/cluster_1_4661.BMP,96,103,39690,129.42132568359375,104.75174713134766,86.0904541015625,17410.28125
data/datasets/A-/cluster_1_4665.BMP,96,103,39690,137.54388427734375,106.24124145507812,90.91583251953125,21619.80078125
data/datasets/A-/cluster_1_4672.BMP,96,103,39690,149.635009765625,104.20510864257812,86.42085266113281,19093.89453125
data/datasets/A-/cluster_1_4676.BMP,96,103,39690,103.81846618652344,105.7813949584961,84.92211151123047,18558.29296875
data/datasets/A-/cluster_1_4682.BMP,96,103,39690,161.20985412597656,105.86529541015625,92.35992431640625,18803.5078125
data/datasets/A-/cluster_1_4684.BMP,96,103,39690,111.12469482421875,100.90642547607422,84.26319122314453,22289.259765625
data/datasets/A-/cluster_1_4686.BMP,96,103,39690,136.71217346191406,102.41889190673828,91.6042709350586,20527.1171875
data/datasets/A-/cluster_1_4688.BMP,96,103,39690,139.94984436035156,105.96269989013672,92.19535064697266,21344.2265625
data/datasets/A-/cluster_1_469.BMP,96,103,39690,153.91909790039062,104.64546966552734,92.43404388427734,13507.6875
data/datasets/A-/cluster_1_4691.BMP,96,103,39690,96.32271575927734,103.72914123535156,84.81532287597656,16442.486328125
data/datasets/A-/cluster_1_4696.BMP,96,103,39690,132.37600708007812,104.56291198730469,90.2154541015625,18325.505859375
data/datasets/A-/cluster_1_47.BMP,96,103,39690,149.57888793945312,109.45526885986328,89.3542709350586,17893.0859375
data/datasets/A-/cluster_1_4713.BMP,96,103,39690,124.1213607788086,111.57191467285156,92.314697265625,13706.74609375
data/datasets/A-/cluster_1_4716.BMP,96,103,39690,151.97390747070312,104.0663070678711,91.21293640136719,18363.166015625
data/datasets/A-/cluster_1_4717.BMP,96,103,39690,143.4012908935547,91.55020141601562,87.6388168334961,12016.453125
data/datasets/A-/cluster_1_4720.BMP,96,103,39690,128.97067260742188,106.06520080566406,90.35803985595703,16225.880859375
data/datasets/A-/cluster_1_4721.BMP,96,103,39690,137.9935302734375,100.79376220703125,92.4095458984375,13374.15625
data/datasets/A-/cluster_1_4723.BMP,96,103,39690,98.83080291748047,103.61808013916016,80.03768920898438,15008.7890625
data/datasets/A-/cluster_1_4729.BMP,96,103,39690,133.4231414794922,103.48155212402344,88.61495208740234,22153.6796875
data/datasets/A-/cluster_1_4738.BMP,96,103,39690,141.22047424316406,107.01727294921875,83.86180877685547,25421.20703125
data/datasets/A-/cluster_1_4742.BMP,96,103,39690,121.13248443603516,105.82380676269531,91.84673309326172,21308.40234375
data/datasets/A-/cluster_1_4744.BMP,96,103,39690,155.7906494140625,103.05379486083984,91.59735870361328,19111.896484375
data/datasets/A-/cluster_1_4745.BMP,96,103,39690,133.0710906982422,101.74769592285156,90.10364532470703,17458.6796875
data/datasets/A-/cluster_1_4755.BMP,96,103,39690,114.45651245117188,109.4879150390625,83.61934661865234,16848.287109375
data/datasets/A-/cluster_1_4764.BMP,96,103,39690,145.02427673339844,104.10491180419922,92.42085266113281,19290.640625
data/datasets/A-/cluster_1_4766.BMP,96,103,39690,153.14361572265625,104.72602081298828,91.63127899169922,18306.970703125
data/datasets/A-/cluster_1_4772.BMP,96,103,39690,124.57392883300781,108.75984191894531,92.41960144042969,13405.40625
data/datasets/A-/cluster_1_4775.BMP,96,103,39690,133.5633087158203,107.96692657470703,92.43215942382812,14847.685546875
data/datasets/A-/cluster_1_4782.BMP,96,103,39690,159.76153564453125,107.18919372558594,91.84107971191406,19947.53515625
data/datasets/A-/cluster_1_4787.BMP,96,103,39690,119.42566680908203,109.55369567871094,92.0697250366211,18857.22265625
data/datasets/A-/cluster_1_4792.BMP,96,103,39690,130.8445587158203,107.21643829345703,86.07914733886719,19810.0546875
data/datasets/A-/cluster_1_4801.BMP,96,103,39690,143.5021209716797,106.84835815429688,84.92650604248047,23147.767578125
data/datasets/A-/cluster_1_4804.BMP,96,103,39690,140.5433807373047,105.1869888305664,91.11369323730469,19469.62890625
data/datasets/A-/cluster_1_4806.BMP,96,103,39690,133.75576782226562,109.173583984375,85.75753784179688,20917.46484375
data/datasets/A-/cluster_1_4808.BMP,96,103,39690,103.8913803100586,107.04278564453125,92.12562561035156,13274.029296875
data/datasets/A-/cluster_1_481.BMP,96,103,39690,123.33232116699219,106.00263214111328,88.4258804321289,22624.80859375
data/datasets/A-/cluster_1_4820.BMP,96,103,39690,82.62540435791016,101.59617614746094,84.24183654785156,13164.359375
data/datasets/A-/cluster_1_4822.BMP,96,103,39690,115.97633361816406,105.85289001464844,91.42713928222656,21481.59375
data/datasets/A-/cluster_1_4833.BMP,96,103,39690,90.54743194580078,100.92291259765625,87.99623107910156,14121.5
data/datasets/A-/cluster_1_4835.BMP,96,103,39690,137.4702606201172,102.56631469726562,91.2845458984375,21092.607421875
data/datasets/A-/cluster_1_4844.BMP,96,103,39690,98.62257385253906,106.76856231689453,91.37625885009766,11201.439453125
data/datasets/A-/cluster_1_4851.BMP,96,103,39690,118.5738296508789,98.79418182373047,91.94660949707031,13665.6591796875
data/datasets/A-/cluster_1_4860.BMP,96,103,39690,111.10315704345703,104.55543518066406,86.8354263305664,21679.82421875
data/datasets/A-/cluster_1_4862.BMP,96,103,39690,118.18193817138672,101.4745101928711,83.39698791503906,24248.677734375
data/datasets/A-/cluster_1_4878.BMP,96,103,39690,150.91453552246094,105.821044921875,91.3285140991211,18006.380859375
data/datasets/A-/cluster_1_4887.BMP,96,103,39690,103.54237365722656,104.84144592285156,90.13819122314453,15640.6298828125
data/datasets/A-/cluster_1_4895.BMP,96,103,39690,158.70773315429688,103.23635864257812,90.69974517822266,18192.439453125
data/datasets/A-/cluster_1_4899.BMP,96,103,39690,127.09759521484375,106.66728973388672,92.04711151123047,21318.412109375
data/datasets/A-/cluster_1_4900.BMP,96,103,39690,131.2791290283203,107.93791961669922,90.62311553955078,20082.6796875
data/datasets/A-/cluster_1_4902.BMP,96,103,39690,114.97552490234375,106.06302642822266,92.18404388427734,20909.033203125
data/datasets/A-/cluster_1_4903.BMP,96,103,39690,111.62409210205078,114.1602554321289,91.89070129394531,9444.7919921875
data/datasets/A-/cluster_1_4904.BMP,96,103,39690,102.77639770507812,103.83364868164062,87.5094223022461,14797.7919921875
data/datasets/A-/cluster_1_491.BMP,96,103,39690,129.21824645996094,107.56283569335938,86.65200805664062,19037.3984375
data/datasets/A-/cluster_1_4914.BMP,96,103,39690,140.22056579589844,108.59461212158203,92.42776489257812,20032.740234375
data/datasets/A-/cluster_1_4922.BMP,96,103,39690,133.572509765625,106.32129669189453,87.88756561279297,16767.095703125
data/datasets/A-/cluster_1_4934.BMP,96,103,39690,108.62409210205078,103.73969268798828,86.16331481933594,20994.58984375
data/datasets/A-/cluster_1_494.BMP,96,103,39690,135.03013610839844,108.52647399902344,92.43404388427734,19143.53125
data/datasets/A-/cluster_1_4943.BMP,96,103,39690,130.52467346191406,104.81472778320312,87.55402374267578,17262.951171875
data/datasets/A-/cluster_1_4972.BMP,96,103,39690,152.72694396972656,104.82546997070312,92.43404388427734,17440.953125
data/datasets/A-/cluster_1_4989.BMP,96,103,39690,121.25475311279297,105.07061004638672,85.2292709350586,19004.103515625
data/datasets/A-/cluster_1_4991.BMP,96,103,39690,126.84567260742188,105.92850494384766,91.33039855957031,19269.87109375
data/datasets/A-/cluster_1_4993.BMP,96,103,39690,114.80056762695312,111.84156036376953,79.95477294921875,14528.7109375
data/datasets/A-/cluster_1_4996.BMP,96,103,39690,115.81401824951172,105.85955047607422,88.65766143798828,17389.4609375
data/datasets/A-/cluster_1_5.BMP,96,103,39690,110.02801513671875,104.91439056396484,84.24685668945312,18373.9296875
data/datasets/A-/cluster_1_5003.BMP,96,103,39690,122.61670684814453,109.10081481933594,91.11620330810547,17945.4140625
data/datasets/A-/cluster_1_5006.BMP,96,103,39690,120.94367218017578,102.23058319091797,88.70980072021484,21984.28125
data/datasets/A-/cluster_1_5007.BMP,96,103,39690,156.49453735351562,103.79447174072266,92.41519927978516,20223.677734375
data/datasets/A-/cluster_1_5014.BMP,96,103,39690,133.28408813476562,110.1039047241211,90.73115539550781,20808.1953125
data/datasets/A-/cluster_1_5015.BMP,96,103,39690,88.93932342529297,105.46227264404297,91.1714859008789,12788.91015625
data/datasets/A-/cluster_1_5037.BMP,96,103,39690,106.68213653564453,105.61455535888672,85.27010345458984,18724.46484375
data/datasets/A-/cluster_1_5039.BMP,96,103,39690,136.70458984375,109.86239624023438,92.3957290649414,13977.3193359375
data/datasets/A-/cluster_1_5048.BMP,96,103,39690,90.42880249023438,103.31131744384766,78.83291625976562,16095.5947265625
data/datasets/A-/cluster_1_5063.BMP,96,103,39690,183.33181762695312,86.87537384033203,92.43404388427734,8151.4765625
data/datasets/A-/cluster_1_5072.BMP,96,103,39690,128.39208984375,105.36557006835938,85.93467712402344,23944.69921875
data/datasets/A-/cluster_1_5085.BMP,96,103,39690,108.79672241210938,112.57891082763672,92.3800277709961,9963.21484375
data/datasets/A-/cluster_1_5086.BMP,96,103,39690,122.4864501953125,102.3721923828125,84.49308776855469,22147.482421875
data/datasets/A-/cluster_1_5088.BMP,96,103,39690,138.7031707763672,107.69849395751953,92.40892028808594,18960.9296875
data/datasets/A-/cluster_1_509.BMP,96,103,39690,137.97471618652344,107.5862808227539,91.40264129638672,22928.65234375
data/datasets/A-/cluster_1_5091.BMP,96,103,39690,102.31148529052734,100.75435638427734,84.81218719482422,13793.6611328125
data/datasets/A-/cluster_1_5102.BMP,96,103,39690,127.20671844482422,106.34979248046875,91.45539855957031,18934.498046875
data/datasets/A-/cluster_1_5108.BMP,96,103,39690,138.96763610839844,108.44337463378906,90.14384460449219,15282.728515625
data/datasets/A-/cluster_1_512.BMP,96,103,39690,109.875,106.14495849609375,89.38065338134766,15514.4296875
data/datasets/A-/cluster_1_5126.BMP,96,103,39690,138.07049560546875,104.67598724365234,89.2449722290039,21230.7265625
data/datasets/A-/cluster_1_5128.BMP,96,103,39690,155.7293701171875,105.359619140625,88.0552749633789,21107.08203125
data/datasets/A-/cluster_1_5137.BMP,96,103,39690,138.55238342285156,107.37956237792969,91.43718719482422,15799.20703125
data/datasets/A-/cluster_1_5143.BMP,96,103,39690,64.14016723632812,97.7525634765625,77.4792709350586,5633.27490234375
data/datasets/A-/cluster_1_5174.BMP,96,103,39690,134.54661560058594,105.81220245361328,92.43404388427734,20676.7421875
data/datasets/A-/cluster_1_5175.BMP,96,103,39690,111.1911392211914,100.44145965576172,86.88379669189453,14793.72265625
data/datasets/A-/cluster_1_5177.BMP,96,103,39690,118.0794906616211,106.3311538696289,92.16834259033203,21807.76171875
data/datasets/A-/cluster_1_5181.BMP,96,103,39690,124.17455291748047,105.46492767333984,88.1199722290039,15035.322265625
data/datasets/A-/cluster_1_5182.BMP,96,103,39690,137.0889892578125,107.76045227050781,85.8398208618164,18723.509765625
data/datasets/A-/cluster_1_5185.BMP,96,103,39690,135.52659606933594,89.7930679321289,88.33919525146484,10023.4794921875
data/datasets/A-/cluster_1_5191.BMP,96,103,39690,105.4027099609375,103.7139663696289,89.1947250366211,20741.638671875
data/datasets/A-/cluster_1_5195.BMP,96,103,39690,101.38349151611328,106.65898895263672,86.32662963867188,16392.341796875
data/datasets/A-/cluster_1_5201.BMP,96,103,39690,79.05127716064453,98.81358337402344,92.1802749633789,11332.66796875
data/datasets/A-/cluster_1_5216.BMP,96,103,39690,156.71450805664062,102.25674438476562,92.42902374267578,18588.32421875
data/datasets/A-/cluster_1_5218.BMP,96,103,39690,151.98948669433594,106.55496215820312,91.81343841552734,18457.4609375
data/datasets/A-/cluster_1_5221.BMP,96,103,39690,130.77305603027344,96.1988525390625,92.43279266357422,6811.708984375
data/datasets/A-/cluster_1_5222.BMP,96,103,39690,147.2591094970703,105.616943359375,90.92211151123047,17202.5
data/datasets/A-/cluster_1_5224.BMP,96,103,39690,128.9031219482422,91.55469512939453,84.93404388427734,11338.63671875
data/datasets/A-/cluster_1_5227.BMP,96,103,39690,146.29925537109375,107.88094329833984,89.25314331054688,17373.599609375
data/datasets/A-/cluster_1_5228.BMP,96,103,39690,120.31725311279297,107.46964263916016,85.55464935302734,20185.287109375
data/datasets/A-/cluster_1_5243.BMP,96,103,39690,111.28013610839844,107.98641967773438,91.13379669189453,14664.2255859375
data/datasets/A-/cluster_1_5245.BMP,96,103,39690,128.1206512451172,112.38518524169922,91.5992431640625,13604.037109375
data/datasets/A-/cluster_1_5252.BMP,96,103,39690,146.28378295898438,92.65911865234375,89.34547424316406,13064.662109375
data/datasets/A-/cluster_1_5255.BMP,96,103,39690,137.7166290283203,100.93048858642578,88.75627899169922,15077.591796875
data/datasets/A-/cluster_1_526.BMP,96,103,39690,111.5908203125,102.87596130371094,85.32035064697266,17927.162109375
data/datasets/A-/cluster_1_5263.BMP,96,103,39690,121.25495910644531,104.39241027832031,87.01319122314453,20742.87109375
data/datasets/A-/cluster_1_5275.BMP,96,103,39690,159.70640563964844,103.61739349365234,90.52010345458984,15491.3427734375
data/datasets/A-/cluster_1_5279.BMP,96,103,39690,158.14886474609375,99.25969696044922,92.42650604248047,14379.302734375
data/datasets/A-/cluster_1_528.BMP,96,103,39690,154.200439453125,100.59657287597656,90.4535140991211,18748.078125
data/datasets/A-/cluster_1_5280.BMP,96,103,39690,158.4720916748047,94.81907653808594,92.43404388427734,11243.23828125
data/datasets/A-/cluster_1_5281.BMP,96,103,39690,173.11215209960938,96.28800201416016,88.56407165527344,19868.28515625
data/datasets/A-/cluster_1_5287.BMP,96,103,39690,136.393310546875,107.92080688476562,83.39887237548828,18696.91015625
data/datasets/A-/cluster_1_5294.BMP,96,103,39690,125.66161346435547,110.87542724609375,85.58856964111328,20055.25
data/datasets/A-/cluster_1_5296.BMP,96,103,39690,136.1870880126953,108.82636260986328,85.18153381347656,18884.775390625
data/datasets/A-/cluster_1_530.BMP,96,103,39690,157.3048095703125,96.40807342529297,92.36934661865234,15147.068359375
data/datasets/A-/cluster_1_5306.BMP,96,103,39690,130.11549377441406,105.24258422851562,88.49120330810547,16757.5546875
data/datasets/A-/cluster_1_5310.BMP,96,103,39690,115.28650665283203,110.82057189941406,90.47235870361328,10901.5390625
data/datasets/A-/cluster_1_5318.BMP,96,103,39690,110.7265396118164,107.50634765625,91.79962158203125,20174.884765625
data/datasets/A-/cluster_1_5322.BMP,96,103,39690,117.61114501953125,104.99659729003906,91.13568115234375,18356.111328125
data/datasets/A-/cluster_1_5323.BMP,96,103,39690,138.14370727539062,107.82940673828125,88.98492431640625,18641.349609375
data/datasets/A-/cluster_1_5334.BMP,96,103,39690,139.07554626464844,105.13433837890625,91.95414733886719,19283.607421875
data/datasets/A-/cluster_1_5339.BMP,96,103,39690,164.14361572265625,91.38704681396484,92.42273712158203,12630.619140625
data/datasets/A-/cluster_1_5355.BMP,96,103,39690,131.9404296875,102.0644302368164,91.05715942382812,21867.630859375
data/datasets/A-/cluster_1_5359.BMP,96,103,39690,167.48411560058594,102.91552734375,91.28768920898438,14199.955078125
data/datasets/A-/cluster_1_5361.BMP,96,103,39690,132.0149688720703,108.33659362792969,92.14761352539062,18811.576171875
data/datasets/A-/cluster_1_5373.BMP,96,103,39690,52.59516525268555,88.1397705078125,80.2594223022461,6629.96875
data/datasets/A-/cluster_1_5377.BMP,96,103,39690,134.56219482421875,109.16168975830078,91.2845458984375,18530.162109375
data/datasets/A-/cluster_1_5378.BMP,96,103,39690,145.78387451171875,94.40667724609375,86.73806762695312,14455.2314453125
data/datasets/A-/cluster_1_5379.BMP,96,103,39690,137.4331512451172,110.43077087402344,92.10992431640625,19778.794921875
data/datasets/A-/cluster_1_5385.BMP,96,103,39690,145.10992431640625,104.76346588134766,85.00314331054688,22799.240234375
data/datasets/A-/cluster_1_5393.BMP,96,103,39690,121.45995330810547,105.36443328857422,90.43907165527344,20851.404296875
data/datasets/A-/cluster_1_5397.BMP,96,103,39690,107.13227844238281,104.24739837646484,91.7154541015625,18376.080078125
data/datasets/A-/cluster_1_5398.BMP,96,103,39690,111.2286605834961,102.9974365234375,84.92273712158203,21486.40234375
data/datasets/A-/cluster_1_5407.BMP,96,103,39690,133.38400268554688,87.20791625976562,86.20037841796875,8916.244140625
data/datasets/A-/cluster_1_5410.BMP,96,103,39690,53.12297821044922,82.99549865722656,73.37437438964844,10712.0791015625
data/datasets/A-/cluster_1_5425.BMP,96,103,39690,141.2364501953125,110.10543823242188,87.04208374023438,18534.267578125
data/datasets/A-/cluster_1_5428.BMP,96,103,39690,148.80511474609375,104.2530288696289,92.25565338134766,20097.7578125
data/datasets/A-/cluster_1_5434.BMP,96,103,39690,81.15776824951172,97.23845672607422,79.32977294921875,14503.6689453125
data/datasets/A-/cluster_1_5442.BMP,96,103,39690,143.7668914794922,89.95625305175781,91.64321899414062,9072.08203125
data/datasets/A-/cluster_1_5444.BMP,96,103,39690,128.82028198242188,106.56525421142578,87.29460144042969,19895.56640625
data/datasets/A-/cluster_1_5446.BMP,96,103,39690,163.5177001953125,101.99272155761719,89.54271697998047,19991.3984375
data/datasets/A-/cluster_1_545.BMP,96,103,39690,118.20368194580078,110.61273193359375,92.43404388427734,17865.17578125
data/datasets/A-/cluster_1_5454.BMP,96,103,39690,120.10062408447266,111.56883239746094,92.41708374023438,13984.37890625
data/datasets/A-/cluster_1_5463.BMP,96,103,39690,135.5397491455078,105.51869201660156,88.82914733886719,18718.9296875
data/datasets/A-/cluster_1_5467.BMP,96,103,39690,142.60406494140625,102.6343994140625,88.75376892089844,15368.81640625
data/datasets/A-/cluster_1_5469.BMP,96,103,39690,138.50961303710938,106.01761627197266,90.32474517822266,20693.74609375
data/datasets/A-/cluster_1_547.BMP,96,103,39690,90.12661743164062,100.13069152832031,88.98995208740234,14032.365234375
data/datasets/A-/cluster_1_5475.BMP,96,103,39690,93.07958984375,103.19525146484375,90.86746215820312,14226.546875
data/datasets/A-/cluster_1_548.BMP,96,103,39690,103.00859832763672,108.35684967041016,91.2751235961914,11658.392578125
data/datasets/A-/cluster_1_5482.BMP,96,103,39690,146.129150390625,105.7822036743164,90.95665740966797,18711.79296875
data/datasets/A-/cluster_1_5489.BMP,96,103,39690,142.37318420410156,99.58590698242188,92.43404388427734,11795.44140625
data/datasets/A-/cluster_1_5490.BMP,96,103,39690,145.5933380126953,104.9990005493164,92.43404388427734,17361.859375
data/datasets/A-/cluster_1_5496.BMP,96,103,39690,69.88005828857422,91.377685546875,75.3404541015625,15408.17578125
data/datasets/A-/cluster_1_550.BMP,96,103,39690,127.9581298828125,108.09065246582031,87.14196014404297,21311.28125
data/datasets/A-/cluster_1_5501.BMP,96,103,39690,165.26324462890625,98.89517974853516,90.48743438720703,21373.9921875
data/datasets/A-/cluster_1_5511.BMP,96,103,39690,143.34971618652344,108.09467315673828,92.24120330810547,16408.734375
data/datasets/A-/cluster_1_5523.BMP,96,103,39690,153.53732299804688,102.5736312866211,85.28203582763672,19730.63671875
data/datasets/A-/cluster_1_5530.BMP,96,103,39690,92.00050354003906,102.45455169677734,88.50627899169922,12601.2353515625
data/datasets/A-/cluster_1_5533.BMP,96,103,39690,146.5645294189453,103.7183837890625,92.05904388427734,14462.583984375
data/datasets/A-/cluster_1_5536.BMP,96,103,39690,139.83424377441406,89.73587036132812,87.98680877685547,8531.5517578125
data/datasets/A-/cluster_1_5545.BMP,96,103,39690,101.9794692993164,109.17666625976562,81.89384460449219,11802.2197265625
data/datasets/A-/cluster_1_555.BMP,96,103,39690,134.18385314941406,105.73497009277344,89.94284057617188,20300.025390625
data/datasets/A-/cluster_1_5550.BMP,96,103,39690,143.2914581298828,96.43183898925781,90.34358978271484,11973.8447265625
data/datasets/A-/cluster_1_5556.BMP,96,103,39690,64.43416595458984,91.29814910888672,83.13819122314453,12519.53515625
data/datasets/A-/cluster_1_5559.BMP,96,103,39690,99.47046661376953,104.78141021728516,89.90138244628906,12430.115234375
data/datasets/A-/cluster_1_5568.BMP,96,103,39690,139.9950408935547,92.7547378540039,89.98115539550781,9957.990234375
data/datasets/A-/cluster_1_5569.BMP,96,103,39690,125.4617691040039,109.54937744140625,87.18341827392578,18970.427734375
data/datasets/A-/cluster_1_5573.BMP,96,103,39690,120.68699645996094,111.69609832763672,92.39321899414062,16284.146484375
data/datasets/A-/cluster_1_558.BMP,96,103,39690,134.46783447265625,109.24493408203125,92.30904388427734,17815.33203125
data/datasets/A-/cluster_1_5582.BMP,96,103,39690,98.39451599121094,104.91133880615234,81.43843841552734,17265.314453125
data/datasets/A-/cluster_1_5587.BMP,96,103,39690,139.95712280273438,106.19989013671875,88.49937438964844,17627.05859375
data/datasets/A-/cluster_1_5590.BMP,96,103,39690,133.40928649902344,107.92678833007812,92.3611831665039,17516.41015625
data/datasets/A-/cluster_1_5595.BMP,96,103,39690,144.544189453125,105.87080383300781,92.14070129394531,21638.71875
data/datasets/A-/cluster_1_5596.BMP,96,103,39690,136.71429443359375,105.22675323486328,87.49308776855469,19571.716796875
data/datasets/A-/cluster_1_56.BMP,96,103,39690,113.5447006225586,107.36679077148438,86.49308776855469,18163.638671875
data/datasets/A-/cluster_1_5602.BMP,96,103,39690,136.70570373535156,108.91917419433594,92.4051513671875,21335.861328125
data/datasets/A-/cluster_1_5605.BMP,96,103,39690,84.20570373535156,101.8892822265625,80.20162963867188,14050.1640625
data/datasets/A-/cluster_1_5611.BMP,96,103,39690,138.82847595214844,111.57608795166016,92.42399597167969,14900.7373046875
data/datasets/A-/cluster_1_5613.BMP,96,103,39690,149.6895294189453,95.98387145996094,89.5138168334961,13057.7763671875
data/datasets/A-/cluster_1_5614.BMP,96,103,39690,136.91302490234375,108.3779525756836,92.14070129394531,22664.865234375
data/datasets/A-/cluster_1_5624.BMP,96,103,39690,103.9096908569336,106.04354858398438,92.39635467529297,13560.794921875
data/datasets/A-/cluster_1_5628.BMP,96,103,39690,124.43476867675781,110.76119995117188,92.3699722290039,19676.9765625
data/datasets/A-/cluster_1_563.BMP,96,103,39690,144.95205688476562,85.7371826171875,92.42713928222656,8851.27734375
data/datasets/A-/cluster_1_5654.BMP,96,103,39690,107.1946792602539,106.97826385498047,89.53831481933594,12588.48046875
data/datasets/A-/cluster_1_5658.BMP,96,103,39690,136.26901245117188,106.28260040283203,89.26947021484375,21328.859375
data/datasets/A-/cluster_1_5659.BMP,96,103,39690,147.8602294921875,99.8074722290039,90.4101791381836,15749.09375
data/datasets/A-/cluster_1_5662.BMP,241,298,215890,151.37355041503906,91.64460754394531,167.04808044433594,3460.944091796875
data/datasets/A-/cluster_1_5666.BMP,96,103,39690,151.68922424316406,104.74495697021484,87.25691223144531,20271.140625
data/datasets/A-/cluster_1_5669.BMP,241,298,215890,121.24868774414062,105.8675308227539,146.3034210205078,5013.5537109375
data/datasets/A-/cluster_1_5674.BMP,96,103,39690,150.05471801757812,105.26549530029297,91.93467712402344,22344.744140625
data/datasets/A-/cluster_1_5676.BMP,96,103,39690,140.08059692382812,105.62846374511719,89.79460144042969,18006.1875
data/datasets/A-/cluster_1_5688.BMP,96,103,39690,137.35194396972656,109.73992156982422,89.09735870361328,14233.673828125
data/datasets/A-/cluster_1_5695.BMP,96,103,39690,145.76547241210938,111.2130126953125,92.430908203125,16000.4375
data/datasets/A-/cluster_1_5710.BMP,96,103,39690,116.33343505859375,106.9414291381836,91.930908203125,19217.35546875
data/datasets/A-/cluster_1_5713.BMP,96,103,39690,136.07554626464844,104.18760681152344,89.79083251953125,18505.28515625
data/datasets/A-/cluster_1_5724.BMP,96,103,39690,135.31492614746094,107.91482543945312,92.41771697998047,17098.72265625
data/datasets/A-/cluster_1_5725.BMP,96,103,39690,134.80804443359375,106.4815444946289,91.2638168334961,14704.982421875
data/datasets/A-/cluster_1_5733.BMP,96,103,39690,142.77548217773438,104.67250061035156,90.32977294921875,21117.94140625
data/datasets/A-/cluster_1_5738.BMP,96,103,39690,137.81907653808594,107.5495834350586,91.50251007080078,18999.619140625
data/datasets/A-/cluster_1_5743.BMP,96,103,39690,104.66545104980469,104.70295715332031,92.20037841796875,18229.265625
data/datasets/A-/cluster_1_5754.BMP,96,103,39690,122.07331848144531,110.2045669555664,87.0785140991211,12609.046875
data/datasets/A-/cluster_1_5757.BMP,96,103,39690,51.427284240722656,84.43091583251953,72.88127899169922,8725.970703125
data/datasets/A-/cluster_1_5778.BMP,96,103,39690,123.8715591430664,106.4641342163086,83.99246215820312,24185.517578125
data/datasets/A-/cluster_1_5779.BMP,96,103,39690,140.5426788330078,98.89167785644531,90.0257568359375,13211.6015625
data/datasets/A-/cluster_1_5782.BMP,96,103,39690,136.04551696777344,102.8406982421875,90.26947021484375,23100.82421875
data/datasets/A-/cluster_1_5784.BMP,96,103,39690,101.4452896118164,108.54737091064453,86.1991195678711,14812.0283203125
data/datasets/A-/cluster_1_5787.BMP,96,103,39690,116.63025665283203,109.180908203125,83.98052978515625,14617.4482421875
data/datasets/A-/cluster_1_5789.BMP,96,103,39690,111.117919921875,105.84068298339844,92.05150604248047,20188.15234375
data/datasets/A-/cluster_1_579.BMP,96,103,39690,144.00111389160156,100.57416534423828,86.11306762695312,16980.41796875
data/datasets/A-/cluster_1_5794.BMP,96,103,39690,110.74726867675781,112.46707153320312,92.33228302001953,11258.306640625
data/datasets/A-/cluster_1_5797.BMP,96,103,39690,139.2593994140625,98.46218872070312,88.16645812988281,14377.4287109375
data/datasets/A-/cluster_1_5801.BMP,96,103,39690,137.08383178710938,105.51317596435547,91.77638244628906,21739.73046875
data/datasets/A-/cluster_1_5802.BMP,96,103,39690,99.01324462890625,104.03492736816406,89.64698791503906,13103.2802734375
data/datasets/A-/cluster_1_5816.BMP,96,103,39690,111.61963653564453,103.95579528808594,91.66708374023438,16389.8828125
data/datasets/A-/cluster_1_5819.BMP,96,103,39690,156.25778198242188,104.18981170654297,92.3888168334961,21503.65625
data/datasets/A-/cluster_1_5821.BMP,96,103,39690,158.27163696289062,102.77975463867188,88.82223510742188,17780.94921875
data/datasets/A-/cluster_1_5838.BMP,96,103,39690,135.24281311035156,106.24319458007812,91.00816345214844,20342.33203125
data/datasets/A-/cluster_1_584.BMP,96,103,39690,134.492919921875,97.65705871582031,87.37311553955078,16665.0625
data/datasets/A-/cluster_1_5840.BMP,96,103,39690,137.72421264648438,111.51496124267578,91.55025482177734,15474.51171875
data/datasets/A-/cluster_1_5848.BMP,96,103,39690,104.77740478515625,108.5458984375,88.28580474853516,16629.57421875
data/datasets/A-/cluster_1_5857.BMP,96,103,39690,151.73533630371094,103.8731918334961,92.43404388427734,15180.96484375
data/datasets/A-/cluster_1_5878.BMP,96,103,39690,101.0069808959961,104.54644775390625,90.74308776855469,14710.642578125
data/datasets/A-/cluster_1_5882.BMP,96,103,39690,116.04702758789062,106.59884643554688,92.38316345214844,16617.73828125
data/datasets/A-/cluster_1_5891.BMP,96,103,39690,145.27467346191406,105.80323028564453,86.70916748046875,16594.34765625
data/datasets/A-/cluster_1_5898.BMP,96,103,39690,155.89431762695312,103.74640655517578,91.37688446044922,16427.25390625
data/datasets/A-/cluster_1_5901.BMP,96,103,39690,122.38531494140625,111.74469757080078,91.92650604248047,12009.078125
data/datasets/A-/cluster_1_5907.BMP,96,103,39690,126.11053466796875,101.82317352294922,88.37814331054688,16004.20703125
data/datasets/A-/cluster_1_5920.BMP,96,103,39690,142.09243774414062,100.2605972290039,92.43404388427734,12911.091796875
data/datasets/A-/cluster_1_5927.BMP,96,103,39690,112.28984832763672,103.13133239746094,91.47235870361328,17023.896484375
data/datasets/A-/cluster_1_5935.BMP,96,103,39690,128.39401245117188,111.815673828125,91.7638168334961,13361.900390625
data/datasets/A-/cluster_1_5945.BMP,96,103,39690,110.7052001953125,107.54759216308594,92.07474517822266,18309.51171875
data/datasets/A-/cluster_1_5949.BMP,96,103,39690,130.7030792236328,106.89984893798828,89.680908203125,16476.0625
data/datasets/A-/cluster_1_5953.BMP,96,103,39690,130.33090209960938,109.63681030273438,92.14447021484375,17318.962890625
data/datasets/A-/cluster_1_5955.BMP,96,103,39690,122.81856536865234,105.96501159667969,92.37751007080078,20204.80859375
data/datasets/A-/cluster_1_596.BMP,96,103,39690,153.0646209716797,104.0960464477539,91.37939453125,21359.671875
data/datasets/A-/cluster_1_5972.BMP,96,103,39690,123.37702178955078,106.61775207519531,91.65452575683594,15344.56640625
data/datasets/A-/cluster_1_5982.BMP,96,103,39690,148.0797882080078,104.33291625976562,85.6689682006836,21265.71875
data/datasets/A-/cluster_1_5984.BMP,96,103,39690,126.18153381347656,85.9521484375,84.0948486328125,8112.697265625
data/datasets/A-/cluster_1_599.BMP,96,103,39690,135.11427307128906,103.35478973388672,91.41394805908203,21071.3203125
data/datasets/A-/cluster_1_5991.BMP,96,103,39690,129.38308715820312,104.7540283203125,91.8699722290039,21867.91796875
data/datasets/A-/cluster_1_5996.BMP,96,103,39690,105.33717346191406,105.6258773803711,90.95477294921875,20477.48046875
data/datasets/A-/cluster_1_5997.BMP,96,103,39690,135.32958984375,110.9092025756836,92.14447021484375,18080.166015625
data/datasets/A-/cluster_1_5998.BMP,96,103,39690,118.92839813232422,107.86546325683594,87.44786071777344,16787.37890625
data/datasets/A-/cluster_1_600.BMP,96,103,39690,146.85548400878906,108.78761291503906,92.38191223144531,22360.701171875
data/datasets/A-/cluster_1_603.BMP,96,103,39690,101.29227447509766,112.54291534423828,91.50753784179688,7057.5244140625
data/datasets/A-/cluster_1_605.BMP,96,103,39690,84.09840393066406,98.37744140625,86.54083251953125,16033.26171875
data/datasets/A-/cluster_1_606.BMP,96,103,39690,101.17475891113281,105.98199462890625,84.22235870361328,12441.0810546875
data/datasets/A-/cluster_1_611.BMP,96,103,39690,120.77497863769531,106.46417236328125,91.85050201416016,19611.78125
data/datasets/A-/cluster_1_613.BMP,96,103,39690,139.78671264648438,107.80934143066406,91.56532287597656,16706.9296875
data/datasets/A-/cluster_1_615.BMP,96,103,39690,121.06017303466797,110.42195129394531,90.83039855957031,15293.216796875
data/datasets/A-/cluster_1_618.BMP,96,103,39690,127.9203109741211,107.52745056152344,84.82537841796875,23054.3203125
data/datasets/A-/cluster_1_621.BMP,96,103,39690,155.6547393798828,95.20128631591797,92.09735870361328,15313.095703125
data/datasets/A-/cluster_1_627.BMP,96,103,39690,129.45347595214844,99.46121215820312,83.13504791259766,13745.734375
data/datasets/A-/cluster_1_629.BMP,96,103,39690,143.56715393066406,94.4388656616211,89.71293640136719,11160.341796875
data/datasets/A-/cluster_1_63.BMP,96,103,39690,142.6560516357422,105.80204772949219,92.02387237548828,19021.2734375
data/datasets/A-/cluster_1_637.BMP,96,103,39690,128.47491455078125,106.5448226928711,91.53077697753906,20673.7265625
data/datasets/A-/cluster_1_640.BMP,96,103,39690,150.5133514404297,105.22003173828125,91.51696014404297,17448.265625
data/datasets/A-/cluster_1_652.BMP,96,103,39690,76.17172241210938,94.94723510742188,73.24811553955078,16561.37890625
data/datasets/A-/cluster_1_658.BMP,96,103,39690,97.08757781982422,106.6214370727539,92.25879669189453,13085.81640625
data/datasets/A-/cluster_1_659.BMP,96,103,39690,118.48310852050781,105.36797332763672,87.34107971191406,21876.390625
data/datasets/A-/cluster_1_66.BMP,96,103,39690,131.319580078125,107.13921356201172,87.8008804321289,19793.51171875
data/datasets/A-/cluster_1_67.BMP,96,103,39690,146.68214416503906,109.69876098632812,92.43341827392578,16275.8203125
data/datasets/A-/cluster_1_673.BMP,96,103,39690,167.90878295898438,102.936767578125,92.02889251708984,18319.47265625
data/datasets/A-/cluster_1_675.BMP,96,103,39690,124.32939147949219,107.94697570800781,85.48178100585938,20002.484375
data/datasets/A-/cluster_1_680.BMP,96,103,39690,127.15361785888672,110.90077209472656,92.2154541015625,17094.888671875
data/datasets/A-/cluster_1_685.BMP,96,103,39690,103.73270416259766,108.71344757080078,92.13065338134766,15386.505859375
data/datasets/A-/cluster_1_690.BMP,96,103,39690,125.90604400634766,109.15757751464844,91.63693237304688,16501.09375
data/datasets/A-/cluster_1_699.BMP,96,103,39690,103.18921661376953,107.57310485839844,91.28706359863281,13921.359375
data/datasets/A-/cluster_1_704.BMP,96,103,39690,136.5957794189453,108.40763092041016,86.88065338134766,23083.478515625
data/datasets/A-/cluster_1_708.BMP,96,103,39690,129.76719665527344,94.65284729003906,89.2154541015625,10642.048828125
data/datasets/A-/cluster_1_711.BMP,96,103,39690,134.74807739257812,105.45660400390625,86.04019927978516,22683.81640625
data/datasets/A-/cluster_1_727.BMP,96,103,39690,148.4227294921875,105.70134735107422,89.2550277709961,23471.984375
data/datasets/A-/cluster_1_73.BMP,96,103,39690,111.84627532958984,103.08576202392578,88.55715942382812,22241.74609375
data/datasets/A-/cluster_1_731.BMP,96,103,39690,126.73432159423828,106.22384643554688,90.94849395751953,20162.853515625
data/datasets/A-/cluster_1_738.BMP,96,103,39690,124.48381805419922,92.00157928466797,86.03831481933594,11213.470703125
data/datasets/A-/cluster_1_739.BMP,96,103,39690,139.60487365722656,107.53874969482422,91.9095458984375,19236.42578125
data/datasets/A-/cluster_1_74.BMP,241,298,215890,134.5670623779297,105.52513885498047,167.48182678222656,5126.712890625
data/datasets/A-/cluster_1_741.BMP,96,103,39690,164.63491821289062,106.7508544921875,92.38127899169922,19356.009765625
data/datasets/A-/cluster_1_743.BMP,96,103,39690,147.56149291992188,104.5053482055664,91.41771697998047,21009.3359375
data/datasets/A-/cluster_1_757.BMP,96,103,39690,121.96025848388672,106.13780212402344,86.51256561279297,23609.79296875
data/datasets/A-/cluster_1_765.BMP,96,103,39690,125.01506805419922,106.98441314697266,86.12688446044922,21640.08984375
data/datasets/A-/cluster_1_767.BMP,96,103,39690,157.82867431640625,100.18762969970703,92.24246215820312,18409.052734375
data/datasets/A-/cluster_1_770.BMP,96,103,39690,121.74211120605469,107.81446838378906,92.43404388427734,17742.4921875
data/datasets/A-/cluster_1_782.BMP,96,103,39690,144.6226806640625,108.0904769897461,92.30025482177734,19113.62109375
data/datasets/A-/cluster_1_791.BMP,96,103,39690,115.3231201171875,112.28356170654297,92.17964935302734,11693.375
data/datasets/A-/cluster_1_793.BMP,96,103,39690,103.07261657714844,105.89686584472656,82.00188446044922,19688.4140625
data/datasets/A-/cluster_1_795.BMP,96,103,39690,56.30875778198242,91.30937957763672,76.09861755371094,6498.537109375
data/datasets/A-/cluster_1_805.BMP,96,103,39690,161.06614685058594,101.32489776611328,91.6507568359375,20330.4765625
data/datasets/A-/cluster_1_806.BMP,96,103,39690,131.33616638183594,106.01277160644531,91.8197250366211,20692.8671875
data/datasets/A-/cluster_1_810.BMP,96,103,39690,141.2727508544922,109.2173843383789,84.1155776977539,19673.26953125
data/datasets/A-/cluster_1_811.BMP,96,103,39690,153.7108612060547,104.93435668945312,89.84735870361328,17269.26953125
data/datasets/A-/cluster_1_821.BMP,96,103,39690,117.74372863769531,108.25233459472656,90.82977294921875,16157.9921875
data/datasets/A-/cluster_1_824.BMP,96,103,39690,123.64836120605469,111.4976806640625,89.83228302001953,14172.646484375
data/datasets/A-/cluster_1_83.BMP,96,103,39690,134.06715393066406,109.52518463134766,85.16080474853516,14768.50390625
data/datasets/A-/cluster_1_830.BMP,96,103,39690,122.86175537109375,110.61798095703125,91.86306762695312,12734.8955078125
data/datasets/A-/cluster_1_835.BMP,96,103,39690,137.65200805664062,107.22637176513672,87.3699722290039,23090.052734375
data/datasets/A-/cluster_1_84.BMP,96,103,39690,144.71217346191406,103.20335388183594,88.65892028808594,22941.42578125
data/datasets/A-/cluster_1_841.BMP,96,103,39690,88.74969482421875,99.83187866210938,79.84296417236328,17428.318359375
data/datasets/A-/cluster_1_857.BMP,96,103,39690,123.7152099609375,105.17227172851562,91.27387237548828,20655.107421875
data/datasets/A-/cluster_1_86.BMP,96,103,39690,146.3152313232422,100.21027374267578,87.40829467773438,14575.73828125
data/datasets/A-/cluster_1_860.BMP,96,103,39690,105.78600311279297,108.37336730957031,85.77198791503906,13640.564453125
data/datasets/A-/cluster_1_862.BMP,96,103,39690,101.19872283935547,104.05748748779297,88.34358978271484,20000.9453125
data/datasets/A-/cluster_1_865.BMP,96,103,39690,183.7102508544922,96.49483489990234,92.26319122314453,17017.39453125
data/datasets/A-/cluster_1_873.BMP,96,103,39690,114.00111389160156,108.00604248046875,88.45665740966797,18789.26171875
data/datasets/A-/cluster_1_877.BMP,96,103,39690,167.375,98.69194793701172,90.94346618652344,17218.49609375
data/datasets/A-/cluster_1_883.BMP,96,103,39690,133.90928649902344,90.04036712646484,84.23931884765625,8949.9267578125
data/datasets/A-/cluster_1_89.BMP,96,103,39690,114.4515609741211,109.56104278564453,91.6714859008789,11767.1240234375
data/datasets/A-/cluster_1_890.BMP,96,103,39690,112.36933898925781,113.31985473632812,92.43404388427734,9743.1787109375
data/datasets/A-/cluster_1_894.BMP,96,103,39690,124.66423797607422,107.91476440429688,92.17211151123047,17402.34765625
data/datasets/A-/cluster_1_912.BMP,96,103,39690,149.41525268554688,107.14800262451172,92.42337036132812,17346.8203125
data/datasets/A-/cluster_1_913.BMP,96,103,39690,143.3020782470703,106.33984375,90.33416748046875,17976.25390625
data/datasets/A-/cluster_1_917.BMP,96,103,39690,93.7115707397461,100.56326293945312,89.1413345336914,14043.517578125
data/datasets/A-/cluster_1_92.BMP,96,103,39690,144.46905517578125,107.70891571044922,91.8498764038086,16124.009765625
data/datasets/A-/cluster_1_923.BMP,96,103,39690,70.15867614746094,98.76532745361328,89.35238647460938,9673.5712890625
data/datasets/A-/cluster_1_924.BMP,96,103,39690,127.12419128417969,106.20311737060547,89.16960144042969,16232.228515625
data/datasets/A-/cluster_1_927.BMP,96,103,39690,130.3720703125,106.38507080078125,86.58039855957031,16593.55859375
data/datasets/A-/cluster_1_93.BMP,96,103,39690,122.52447509765625,109.22481536865234,91.87123107910156,14278.201171875
data/datasets/A-/cluster_1_931.BMP,96,103,39690,118.8055191040039,104.55551147460938,89.78580474853516,20781.171875
data/datasets/A-/cluster_1_947.BMP,96,103,39690,128.12600708007812,110.57476806640625,92.3844223022461,18650.388671875
data/datasets/A-/cluster_1_955.BMP,96,103,39690,123.43376159667969,106.74469757080078,92.42337036132812,19796.5546875
data/datasets/A-/cluster_1_960.BMP,96,103,39690,171.8785400390625,97.41905975341797,88.9302749633789,12996.1484375
data/datasets/A-/cluster_1_966.BMP,96,103,39690,77.2677001953125,100.45903015136719,71.88127899169922,10144.673828125
data/datasets/A-/cluster_1_97.BMP,96,103,39690,129.40452575683594,109.5599365234375,92.36683654785156,20159.26171875
data/datasets/A-/cluster_1_973.BMP,96,103,39690,107.95701599121094,103.13609313964844,90.0464859008789,18182.37109375
data/datasets/A-/cluster_1_974.BMP,96,103,39690,145.4531707763672,91.35742950439453,86.08919525146484,10287.837890625
data/datasets/A-/cluster_1_98.BMP,96,103,39690,130.42515563964844,106.39521026611328,86.71419525146484,23992.017578125
data/datasets/A-/cluster_1_986.BMP,96,103,39690,110.5760498046875,105.36933898925781,87.67839050292969,22665.89453125
data/datasets/A-/cluster_1_99.BMP,96,103,39690,143.3245391845703,101.93994903564453,90.02135467529297,17456.34375
data/datasets/AB+/cluster_4_100.BMP,96,103,39690,150.58717346191406,108.81245422363281,86.60615539550781,14678.11328125
data/datasets/AB+/cluster_4_1016.BMP,96,103,39690,176.24635314941406,99.76806640625,92.10992431640625,12595.080078125
data/datasets/AB+/cluster_4_103.BMP,96,103,39690,155.49595642089844,106.02378845214844,92.12123107910156,13464.376953125
data/datasets/AB+/cluster_4_1030.BMP,96,103,39690,147.99171447753906,106.56463623046875,88.25439453125,18129.287109375
data/datasets/AB+/cluster_4_1042.BMP,96,103,39690,136.6460418701172,110.71112823486328,84.62060546875,16797.966796875
data/datasets/AB+/cluster_4_1044.BMP,96,103,39690,162.96571350097656,104.40948486328125,91.03831481933594,16518.958984375
data/datasets/AB+/cluster_4_1054.BMP,96,103,39690,122.2430191040039,97.86009979248047,83.5094223022461,5678.05078125
data/datasets/AB+/cluster_4_107.BMP,96,103,39690,173.44174194335938,88.6990737915039,90.99874114990234,12216.029296875
data/datasets/AB+/cluster_4_1071.BMP,96,103,39690,155.96621704101562,109.28951263427734,92.4258804321289,19791.30078125
data/datasets/AB+/cluster_4_1074.BMP,96,103,39690,146.69012451171875,110.3359375,92.33480072021484,17013.994140625
data/datasets/AB+/cluster_4_1096.BMP,96,103,39690,148.91717529296875,112.90859985351562,92.3957290649414,12165.853515625
data/datasets/AB+/cluster_4_1116.BMP,96,103,39690,149.9119110107422,108.42401885986328,92.32160949707031,15594.876953125
data/datasets/AB+/cluster_4_1130.BMP,96,103,39690,136.79086303710938,95.51412200927734,92.4258804321289,6364.8740234375
data/datasets/AB+/cluster_4_1132.BMP,96,103,39690,154.1943817138672,110.69161987304688,92.42964935302734,16386.236328125
data/datasets/AB+/cluster_4_1141.BMP,96,103,39690,157.84425354003906,99.10175323486328,92.43404388427734,12841.81640625
data/datasets/AB+/cluster_4_1148.BMP,96,103,39690,136.55511474609375,117.75331115722656,92.4258804321289,7977.2421875
data/datasets/AB+/cluster_4_1154.BMP,96,103,39690,134.46278381347656,115.16995239257812,92.4145736694336,9495.4833984375
data/datasets/AB+/cluster_4_1162.BMP,96,103,39690,171.04864501953125,102.00029754638672,92.38316345214844,16745.6484375
data/datasets/AB+/cluster_4_1164.BMP,96,103,39690,168.03549194335938,97.57903289794922,92.43404388427734,10230.951171875
data/datasets/AB+/cluster_4_1167.BMP,96,103,39690,168.37530517578125,105.40314483642578,91.78768920898438,13489.76953125
data/datasets/AB+/cluster_4_1175.BMP,96,103,39690,158.10386657714844,111.68102264404297,86.42337036132812,12438.5341796875
data/datasets/AB+/cluster_4_1179.BMP,96,103,39690,189.64036560058594,92.7326431274414,91.45980072021484,12860.0244140625
data/datasets/AB+/cluster_4_1185.BMP,96,103,39690,112.21035766601562,115.6561279296875,91.18843841552734,6346.970703125
data/datasets/AB+/cluster_4_1193.BMP,96,103,39690,178.29086303710938,103.81006622314453,92.36808776855469,9477.482421875
data/datasets/AB+/cluster_4_1195.BMP,96,103,39690,157.7164306640625,106.97390747070312,92.05025482177734,14590.373046875
data/datasets/AB+/cluster_4_12.BMP,96,103,39690,169.4327392578125,103.33028411865234,92.32286071777344,15997.12890625
data/datasets/AB+/cluster_4_1204.BMP,96,103,39690,152.35244750976562,111.2772445678711,92.2707290649414,14402.33203125
data/datasets/AB+/cluster_4_1218.BMP,96,103,39690,151.39239501953125,110.53215789794922,92.43279266357422,16198.57421875
data/datasets/AB+/cluster_4_1226.BMP,96,103,39690,138.6485595703125,111.44868469238281,92.35364532470703,16569.9609375
data/datasets/AB+/cluster_4_1232.BMP,96,103,39690,163.1533203125,95.32939147949219,92.43404388427734,9788.78125
data/datasets/AB+/cluster_4_1238.BMP,96,103,39690,133.45550537109375,107.18006896972656,92.20916748046875,12317.1728515625
data/datasets/AB+/cluster_4_1243.BMP,96,103,39690,141.76092529296875,111.46368408203125,92.43404388427734,14349.0625
data/datasets/AB+/cluster_4_1254.BMP,96,103,39690,134.67941284179688,111.26011657714844,92.19032287597656,14514.701171875
data/datasets/AB+/cluster_4_1255.BMP,96,103,39690,125.06340789794922,114.31696319580078,88.19284057617188,10850.8310546875
data/datasets/AB+/cluster_4_1276.BMP,96,103,39690,149.5987091064453,100.0833969116211,92.43279266357422,6987.39453125
data/datasets/AB+/cluster_4_1277.BMP,96,103,39690,141.43800354003906,100.32852935791016,89.92399597167969,10292.220703125
data/datasets/AB+/cluster_4_1278.BMP,96,103,39690,133.130859375,112.71674346923828,92.43404388427734,11700.611328125
data/datasets/AB+/cluster_4_1283.BMP,96,103,39690,163.67486572265625,108.8145980834961,92.39823913574219,13491.291015625
data/datasets/AB+/cluster_4_1285.BMP,96,103,39690,169.311279296875,97.85200500488281,92.43341827392578,13298.76171875
data/datasets/AB+/cluster_4_1288.BMP,96,103,39690,161.217529296875,88.30545043945312,92.42902374267578,4584.7158203125
data/datasets/AB+/cluster_4_1318.BMP,96,103,39690,133.6000213623047,110.71601867675781,92.15264129638672,16252.537109375
data/datasets/AB+/cluster_4_1332.BMP,96,103,39690,168.5746307373047,103.96385955810547,92.21168518066406,17343.630859375
data/datasets/AB+/cluster_4_1339.BMP,96,103,39690,187.2504119873047,96.24129486083984,92.28203582763672,12562.3603515625
data/datasets/AB+/cluster_4_1355.BMP,96,103,39690,157.7916717529297,108.59696197509766,92.43404388427734,15998.994140625
data/datasets/AB+/cluster_4_1363.BMP,96,103,39690,149.31431579589844,116.25347137451172,92.4258804321289,9588.552734375
data/datasets/AB+/cluster_4_1372.BMP,96,103,39690,170.72532653808594,107.51661682128906,92.38945007324219,11872.75
data/datasets/AB+/cluster_4_1379.BMP,96,103,39690,134.7322998046875,112.90524291992188,92.09735870361328,11262.904296875
data/datasets/AB+/cluster_4_1391.BMP,96,103,39690,160.75485229492188,109.94793701171875,92.42022705078125,13744.6494140625
data/datasets/AB+/cluster_4_1397.BMP,96,103,39690,154.4773406982422,107.03885650634766,92.064697265625,13470.6943359375
data/datasets/AB+/cluster_4_1400.BMP,96,103,39690,116.45701599121094,110.19330596923828,86.60176086425781,12611.0712890625
data/datasets/AB+/cluster_4_1402.BMP,96,103,39690,152.0426788330078,110.028076171875,92.43404388427734,11039.1015625
data/datasets/AB+/cluster_4_1404.BMP,96,103,39690,127.03013610839844,111.25161743164062,88.40577697753906,13746.875
data/datasets/AB+/cluster_4_1414.BMP,96,103,39690,116.07463836669922,111.2713851928711,86.53329467773438,7955.697265625
data/datasets/AB+/cluster_4_1415.BMP,96,103,39690,160.53216552734375,107.90790557861328,92.29711151123047,15460.818359375
data/datasets/AB+/cluster_4_1419.BMP,96,103,39690,136.56927490234375,111.9551773071289,91.18781280517578,11059.51953125
data/datasets/AB+/cluster_4_1425.BMP,96,103,39690,153.8389892578125,95.55506896972656,92.43404388427734,5408.8662109375
data/datasets/AB+/cluster_4_1430.BMP,96,103,39690,169.45347595214844,102.57537841796875,92.4302749633789,14548.1484375
data/datasets/AB+/cluster_4_1431.BMP,96,103,39690,152.0469207763672,110.90171813964844,91.82726287841797,11689.912109375
data/datasets/AB+/cluster_4_1436.BMP,96,103,39690,161.45640563964844,107.27344512939453,92.00753784179688,11167.359375
data/datasets/AB+/cluster_4_1446.BMP,96,103,39690,142.975830078125,112.15050506591797,92.4189682006836,14689.99609375
data/datasets/AB+/cluster_4_1454.BMP,96,103,39690,159.20176696777344,106.32884979248047,91.29962158203125,11298.88671875
data/datasets/AB+/cluster_4_1459.BMP,96,103,39690,157.4966583251953,106.28681182861328,91.82349395751953,16063.650390625
data/datasets/AB+/cluster_4_1464.BMP,96,103,39690,158.08990478515625,105.8127212524414,92.1388168334961,17029.017578125
data/datasets/AB+/cluster_4_1467.BMP,96,103,39690,155.63784790039062,111.22154998779297,92.41645812988281,11668.0556640625
data/datasets/AB+/cluster_4_1480.BMP,96,103,39690,167.88369750976562,96.97026824951172,92.43404388427734,14203.673828125
data/datasets/AB+/cluster_4_1495.BMP,96,103,39690,155.36721801757812,107.43181610107422,92.42273712158203,16147.544921875
data/datasets/AB+/cluster_4_15.BMP,96,103,39690,160.80804443359375,108.31973266601562,92.17713928222656,14858.884765625
data/datasets/AB+/cluster_4_1502.BMP,96,103,39690,144.2537384033203,112.52904510498047,83.73303985595703,11705.5634765625
data/datasets/AB+/cluster_4_1510.BMP,96,103,39690,126.37742614746094,112.17122650146484,91.48554992675781,10592.65625
data/datasets/AB+/cluster_4_1512.BMP,96,103,39690,154.14077758789062,91.31549072265625,91.95791625976562,10298.48828125
data/datasets/AB+/cluster_4_1521.BMP,96,103,39690,145.36761474609375,108.39543914794922,92.42462158203125,17714.80859375
data/datasets/AB+/cluster_4_1534.BMP,96,103,39690,178.26890563964844,100.27548217773438,92.32474517822266,15988.66015625
data/datasets/AB+/cluster_4_156.BMP,96,103,39690,168.66494750976562,110.94330596923828,92.4258804321289,10631.0634765625
data/datasets/AB+/cluster_4_1562.BMP,96,103,39690,140.54551696777344,107.78572082519531,92.30715942382812,17376.423828125
data/datasets/AB+/cluster_4_1563.BMP,96,103,39690,150.10922241210938,95.14679718017578,92.43404388427734,6207.39453125
data/datasets/AB+/cluster_4_1569.BMP,96,103,39690,171.8528594970703,103.43449401855469,92.10552978515625,13040.88671875
data/datasets/AB+/cluster_4_1570.BMP,96,103,39690,145.62237548828125,94.62926483154297,92.42273712158203,7001.74951171875
data/datasets/AB+/cluster_4_1607.BMP,96,103,39690,175.1635284423828,103.80265808105469,92.42713928222656,14441.517578125
data/datasets/AB+/cluster_4_1611.BMP,96,103,39690,181.2114715576172,101.26933288574219,92.22235870361328,9584.25390625
data/datasets/AB+/cluster_4_1612.BMP,96,103,39690,130.94781494140625,97.24457550048828,85.26004791259766,7637.1953125
data/datasets/AB+/cluster_4_1615.BMP,96,103,39690,157.3097686767578,104.45765686035156,92.03580474853516,17855.568359375
data/datasets/AB+/cluster_4_1631.BMP,96,103,39690,155.86265563964844,83.97457885742188,91.11369323730469,7136.736328125
data/datasets/AB+/cluster_4_1637.BMP,96,103,39690,151.37075805664062,108.74510192871094,91.63065338134766,11413.3505859375
data/datasets/AB+/cluster_4_1646.BMP,96,103,39690,179.632080078125,100.80809020996094,92.39510345458984,19276.6796875
data/datasets/AB+/cluster_4_1667.BMP,96,103,39690,165.32666015625,105.0345458984375,90.94723510742188,11576.78515625
data/datasets/AB+/cluster_4_1672.BMP,96,103,39690,173.7708282470703,101.90697479248047,92.3492431640625,13506.419921875
data/datasets/AB+/cluster_4_1679.BMP,96,103,39690,140.7244110107422,111.38599395751953,85.06281280517578,15734.875
data/datasets/AB+/cluster_4_1686.BMP,96,103,39690,160.705810546875,108.89700317382812,92.43404388427734,20037.345703125
data/datasets/AB+/cluster_4_1695.BMP,96,103,39690,148.21551513671875,110.15548706054688,92.38819122314453,20173.70703125
data/datasets/AB+/cluster_4_1716.BMP,96,103,39690,161.79176330566406,107.64712524414062,92.43404388427734,13188.609375
data/datasets/AB+/cluster_4_1723.BMP,96,103,39690,145.47117614746094,110.1622085571289,91.69220733642578,12748.8515625
data/datasets/AB+/cluster_4_1737.BMP,96,103,39690,141.61671447753906,96.25482940673828,89.22864532470703,7584.6591796875
data/datasets/AB+/cluster_4_1740.BMP,96,103,39690,149.6881103515625,114.14434814453125,92.12625885009766,8891.734375
data/datasets/AB+/cluster_4_1756.BMP,96,103,39690,171.0656280517578,104.00926208496094,92.38945007324219,14786.8046875
data/datasets/AB+/cluster_4_1757.BMP,96,103,39690,143.21298217773438,99.10536193847656,92.43215942382812,7474.5546875
data/datasets/AB+/cluster_4_1781.BMP,96,103,39690,144.2614288330078,104.3580322265625,91.62751007080078,16150.3984375
data/datasets/AB+/cluster_4_1785.BMP,96,103,39690,141.88308715820312,104.8664779663086,88.29460144042969,13643.845703125
data/datasets/AB+/cluster_4_1798.BMP,96,103,39690,162.22866821289062,113.04769897460938,92.4189682006836,10169.8486328125
data/datasets/AB+/cluster_4_1801.BMP,96,103,39690,152.48057556152344,95.16059875488281,91.82662963867188,9549.5703125
data/datasets/AB+/cluster_4_1809.BMP,96,103,39690,164.59091186523438,110.40724182128906,92.43153381347656,10624.9619140625
data/datasets/AB+/cluster_4_1810.BMP,96,103,39690,175.5823211669922,92.05925750732422,92.43279266357422,8912.458984375
data/datasets/AB+/cluster_4_182.BMP,96,103,39690,179.46136474609375,92.70991516113281,91.18153381347656,12927.1689453125
data/datasets/AB+/cluster_4_183.BMP,96,103,39690,164.1898193359375,107.2301025390625,91.60364532470703,12175.458984375
data/datasets/AB+/cluster_4_1830.BMP,96,103,39690,147.8997802734375,104.15746307373047,92.30213928222656,16878.724609375
data/datasets/AB+/cluster_4_1858.BMP,96,103,39690,133.125,112.60095977783203,86.48743438720703,11339.4345703125
data/datasets/AB+/cluster_4_1866.BMP,96,103,39690,146.74191284179688,115.8606185913086,92.1551513671875,8895.52734375
data/datasets/AB+/cluster_4_1878.BMP,96,103,39690,180.0526885986328,96.11063385009766,91.51256561279297,12609.591796875
data/datasets/AB+/cluster_4_1898.BMP,96,103,39690,154.27427673339844,105.96775817871094,92.25879669189453,19969.978515625
data/datasets/AB+/cluster_4_191.BMP,96,103,39690,152.8131103515625,113.12784576416016,92.43404388427734,9245.49609375
data/datasets/AB+/cluster_4_1912.BMP,96,103,39690,177.7322998046875,102.52632904052734,91.2198486328125,8224.0302734375
data/datasets/AB+/cluster_4_1917.BMP,96,103,39690,111.11832427978516,114.41002655029297,92.16960144042969,10440.3671875
data/datasets/AB+/cluster_4_193.BMP,96,103,39690,170.49514770507812,94.65859985351562,92.43404388427734,5437.8544921875
data/datasets/AB+/cluster_4_1959.BMP,96,103,39690,171.87510681152344,99.58914947509766,90.68843841552734,13042.623046875
data/datasets/AB+/cluster_4_196.BMP,96,103,39690,136.76901245117188,109.18360137939453,92.24685668945312,16339.341796875
data/datasets/AB+/cluster_4_1967.BMP,96,103,39690,152.47410583496094,103.78883361816406,92.32600402832031,10675.46484375
data/datasets/AB+/cluster_4_1972.BMP,96,103,39690,144.7956085205078,108.42020416259766,92.17085266113281,16811.52734375
data/datasets/AB+/cluster_4_1974.BMP,96,103,39690,149.42596435546875,108.35575866699219,92.34358978271484,5752.7919921875
data/datasets/AB+/cluster_4_1976.BMP,96,103,39690,158.57342529296875,106.43760681152344,92.430908203125,13277.224609375
data/datasets/AB+/cluster_4_1982.BMP,96,103,39690,136.387939453125,110.01830291748047,91.59233856201172,16456.220703125
data/datasets/AB+/cluster_4_1992.BMP,96,103,39690,153.30642700195312,109.16742706298828,90.7638168334961,18986.419921875
data/datasets/AB+/cluster_4_1993.BMP,96,103,39690,150.780029296875,107.18120574951172,91.96858978271484,13540.5712890625
data/datasets/AB+/cluster_4_201.BMP,96,103,39690,172.79388427734375,99.82494354248047,91.2801513671875,13032.568359375
data/datasets/AB+/cluster_4_2019.BMP,96,103,39690,167.60244750976562,104.454345703125,92.23680877685547,15076.884765625
data/datasets/AB+/cluster_4_2029.BMP,96,103,39690,142.6925506591797,91.45169067382812,92.43404388427734,6697.7490234375
data/datasets/AB+/cluster_4_2033.BMP,96,103,39690,149.0462188720703,101.19686889648438,92.43404388427734,7624.37939453125
data/datasets/AB+/cluster_4_2062.BMP,96,103,39690,149.282470703125,106.00643920898438,91.54208374023438,15244.001953125
data/datasets/AB+/cluster_4_2064.BMP,96,103,39690,174.2847900390625,100.44412231445312,92.310302734375,14261.54296875
data/datasets/AB+/cluster_4_2072.BMP,96,103,39690,149.12681579589844,111.41593933105469,92.04899597167969,9695.615234375
data/datasets/AB+/cluster_4_2081.BMP,96,103,39690,129.9025115966797,107.36166381835938,92.39698791503906,11558.4697265625
data/datasets/AB+/cluster_4_2091.BMP,96,103,39690,192.54388427734375,89.33924865722656,91.80150604248047,7705.79443359375
data/datasets/AB+/cluster_4_2104.BMP,96,103,39690,157.04884338378906,104.59114837646484,92.00565338134766,17542.8984375
data/datasets/AB+/cluster_4_2115.BMP,96,103,39690,139.9496307373047,112.15840148925781,92.42337036132812,13752.21875
data/datasets/AB+/cluster_4_2118.BMP,96,103,39690,172.02325439453125,106.31549835205078,92.43404388427734,15442.2099609375
data/datasets/AB+/cluster_4_213.BMP,96,103,39690,151.25100708007812,105.37013244628906,90.17713928222656,12432.1904296875
data/datasets/AB+/cluster_4_2132.BMP,96,103,39690,170.1427001953125,101.11394500732422,90.79334259033203,12942.8388671875
data/datasets/AB+/cluster_4_2138.BMP,96,103,39690,157.4396209716797,98.27030181884766,92.43404388427734,9483.20703125
data/datasets/AB+/cluster_4_2141.BMP,96,103,39690,161.17971801757812,94.85614013671875,92.43404388427734,9041.458984375
data/datasets/AB+/cluster_4_2144.BMP,96,103,39690,156.08282470703125,100.6259994506836,92.43215942382812,11146.337890625
data/datasets/AB+/cluster_4_216.BMP,96,103,39690,154.68031311035156,100.86685943603516,87.52323913574219,17593.125
data/datasets/AB+/cluster_4_2162.BMP,96,103,39690,159.72683715820312,98.54263305664062,87.79899597167969,15600.66015625
data/datasets/AB+/cluster_4_2175.BMP,96,103,39690,169.17677307128906,100.1337661743164,92.43404388427734,14561.9873046875
data/datasets/AB+/cluster_4_2178.BMP,96,103,39690,129.873779296875,112.88823699951172,91.42650604248047,9744.923828125
data/datasets/AB+/cluster_4_2181.BMP,96,103,39690,163.3558807373047,96.78152465820312,91.72173309326172,10059.3720703125
data/datasets/AB+/cluster_4_2183.BMP,96,103,39690,145.91990661621094,111.59417724609375,92.27826690673828,13924.8701171875
data/datasets/AB+/cluster_4_2189.BMP,96,103,39690,144.21116638183594,110.02604675292969,89.39698791503906,13336.927734375
data/datasets/AB+/cluster_4_2193.BMP,96,103,39690,172.28660583496094,103.29532623291016,91.9698486328125,12647.224609375
data/datasets/AB+/cluster_4_2195.BMP,96,103,39690,135.61265563964844,116.14149475097656,92.42462158203125,10762.837890625
data/datasets/AB+/cluster_4_2208.BMP,96,103,39690,159.13096618652344,104.63063049316406,88.1457290649414,19367.40234375
data/datasets/AB+/cluster_4_222.BMP,96,103,39690,167.76951599121094,107.33060455322266,92.43404388427734,16166.1953125
data/datasets/AB+/cluster_4_2228.BMP,96,103,39690,155.88046264648438,102.43058013916016,89.83919525146484,15760.103515625
data/datasets/AB+/cluster_4_2234.BMP,96,103,39690,169.06503295898438,100.93421936035156,91.72864532470703,11630.408203125
data/datasets/AB+/cluster_4_2237.BMP,96,103,39690,169.74403381347656,101.76569366455078,92.1344223022461,12742.669921875
data/datasets/AB+/cluster_4_2254.BMP,96,103,39690,133.9359893798828,116.0409927368164,80.75816345214844,9975.044921875
data/datasets/AB+/cluster_4_2286.BMP,241,298,215890,154.35247802734375,108.2012710571289,152.9413299560547,3281.3671875
data/datasets/AB+/cluster_4_2298.BMP,96,103,39690,138.79823303222656,111.25895690917969,85.35238647460938,19680.56640625
data/datasets/AB+/cluster_4_2309.BMP,96,103,39690,138.3466796875,110.24706268310547,91.68718719482422,17734.099609375
data/datasets/AB+/cluster_4_2311.BMP,96,103,39690,144.33929443359375,107.33216094970703,91.74748992919922,13338.134765625
data/datasets/AB+/cluster_4_2314.BMP,96,103,39690,143.26931762695312,112.66324615478516,92.24560546875,14392.1845703125
data/datasets/AB+/cluster_4_2321.BMP,96,103,39690,126.87044525146484,112.65123748779297,91.20100402832031,15636.56640625
data/datasets/AB+/cluster_4_2327.BMP,96,103,39690,151.777099609375,110.62425994873047,92.43404388427734,18365.58984375
data/datasets/AB+/cluster_4_2329.BMP,96,103,39690,158.14796447753906,108.4322280883789,92.34170532226562,15794.509765625
data/datasets/AB+/cluster_4_234.BMP,96,103,39690,157.2408905029297,100.14593505859375,92.43404388427734,7869.8681640625
data/datasets/AB+/cluster_4_2352.BMP,96,103,39690,169.79965209960938,93.3116455078125,92.43404388427734,9325.23046875
data/datasets/AB+/cluster_4_2363.BMP,96,103,39690,147.22987365722656,106.87418365478516,88.65452575683594,11645.947265625
data/datasets/AB+/cluster_4_2368.BMP,96,103,39690,113.33849334716797,114.34375,92.40326690673828,9366.607421875
data/datasets/AB+/cluster_4_2369.BMP,96,103,39690,178.92080688476562,97.99697875976562,91.88630676269531,11545.560546875
data/datasets/AB+/cluster_4_2372.BMP,96,103,39690,145.3960418701172,107.78423309326172,92.42525482177734,18513.19140625
data/datasets/AB+/cluster_4_2377.BMP,96,103,39690,170.1783905029297,100.85618591308594,92.1507568359375,15389.6474609375
data/datasets/AB+/cluster_4_2411.BMP,96,103,39690,141.5851593017578,110.1551742553711,89.68656158447266,18513.84375
data/datasets/AB+/cluster_4_2412.BMP,96,103,39690,142.35305786132812,108.35169982910156,87.25314331054688,13366.85546875
data/datasets/AB+/cluster_4_2419.BMP,96,103,39690,119.5561294555664,115.9598388671875,92.37060546875,9820.03125
data/datasets/AB+/cluster_4_2436.BMP,96,103,39690,146.16970825195312,106.34647369384766,92.43404388427734,14288.0224609375
data/datasets/AB+/cluster_4_2444.BMP,96,103,39690,163.63693237304688,97.23848724365234,89.56720733642578,11230.1318359375
data/datasets/AB+/cluster_4_2445.BMP,96,103,39690,143.49949645996094,109.08795166015625,92.42525482177734,12287.06640625
data/datasets/AB+/cluster_4_2446.BMP,96,103,39690,146.8404083251953,110.89173126220703,90.4792709350586,17619.32421875
data/datasets/AB+/cluster_4_2450.BMP,96,103,39690,155.8218994140625,105.43932342529297,92.27135467529297,16655.044921875
data/datasets/AB+/cluster_4_2453.BMP,96,103,39690,158.2222900390625,109.22189331054688,92.43404388427734,18700.005859375
data/datasets/AB+/cluster_4_2458.BMP,96,103,39690,130.81643676757812,87.97193145751953,83.78077697753906,5115.0400390625
data/datasets/AB+/cluster_4_2462.BMP,96,103,39690,135.86013793945312,108.63446807861328,90.35803985595703,15116.46875
data/datasets/AB+/cluster_4_2477.BMP,96,103,39690,167.69761657714844,90.64704132080078,92.43404388427734,10643.4921875
data/datasets/AB+/cluster_4_2481.BMP,96,103,39690,138.6471405029297,111.39923858642578,92.25062561035156,14520.265625
data/datasets/AB+/cluster_4_2488.BMP,96,103,39690,161.8805694580078,110.01851654052734,92.43404388427734,13439.48828125
data/datasets/AB+/cluster_4_2498.BMP,96,103,39690,161.86245727539062,103.84185028076172,92.43404388427734,10997.255859375
data/datasets/AB+/cluster_4_2501.BMP,96,103,39690,139.37196350097656,114.14000701904297,92.4258804321289,10468.1220703125
data/datasets/AB+/cluster_4_2505.BMP,96,103,39690,147.72622680664062,110.26313018798828,92.1388168334961,15406.9873046875
data/datasets/AB+/cluster_4_2507.BMP,96,103,39690,166.61154174804688,109.06334686279297,92.41834259033203,13222.599609375
data/datasets/AB+/cluster_4_251.BMP,96,103,39690,159.81776428222656,108.82701110839844,92.26004791259766,13954.263671875
data/datasets/AB+/cluster_4_2512.BMP,96,103,39690,165.09506225585938,107.89978790283203,92.2851791381836,12990.96484375
data/datasets/AB+/cluster_4_2513.BMP,96,103,39690,132.34739685058594,110.58786010742188,92.42399597167969,14923.564453125
data/datasets/AB+/cluster_4_2527.BMP,96,103,39690,181.01547241210938,96.32015228271484,92.37876892089844,10174.423828125
data/datasets/AB+/cluster_4_2530.BMP,96,103,39690,148.30926513671875,106.60218811035156,89.10741424560547,15247.720703125
data/datasets/AB+/cluster_4_2536.BMP,96,103,39690,164.66940307617188,107.10392761230469,92.36620330810547,15654.87109375
data/datasets/AB+/cluster_4_2549.BMP,96,103,39690,155.306640625,108.62734985351562,92.12374114990234,13718.861328125
data/datasets/AB+/cluster_4_2556.BMP,96,103,39690,138.55218505859375,112.10562133789062,92.43404388427734,9613.6552734375
data/datasets/AB+/cluster_4_2561.BMP,96,103,39690,177.15220642089844,102.7430191040039,92.39196014404297,13418.2197265625
data/datasets/AB+/cluster_4_257.BMP,96,103,39690,143.6458282470703,103.76280212402344,92.43404388427734,9358.5771484375
data/datasets/AB+/cluster_4_2577.BMP,96,103,39690,158.13238525390625,110.19257354736328,92.43341827392578,16359.8828125
data/datasets/AB+/cluster_4_2579.BMP,96,103,39690,184.86569213867188,99.20831298828125,92.41771697998047,14717.576171875
data/datasets/AB+/cluster_4_2585.BMP,96,103,39690,145.745849609375,112.58525085449219,92.21356964111328,10448.529296875
data/datasets/AB+/cluster_4_2602.BMP,96,103,39690,158.80865478515625,109.36287689208984,92.43404388427734,14759.986328125
data/datasets/AB+/cluster_4_2607.BMP,96,103,39690,168.78903198242188,96.36441802978516,92.4214859008789,10494.216796875
data/datasets/AB+/cluster_4_2611.BMP,96,103,39690,139.93385314941406,110.12007141113281,92.25062561035156,15942.90234375
data/datasets/AB+/cluster_4_2614.BMP,96,103,39690,131.6100311279297,111.61971282958984,92.43404388427734,15525.0712890625
data/datasets/AB+/cluster_4_2618.BMP,96,103,39690,138.75,107.76836395263672,90.26256561279297,15901.3125
data/datasets/AB+/cluster_4_2619.BMP,96,103,39690,179.57049560546875,97.7379379272461,92.43153381347656,15223.703125
data/datasets/AB+/cluster_4_2621.BMP,96,103,39690,142.7798309326172,110.25967407226562,92.03831481933594,14493.3505859375
data/datasets/AB+/cluster_4_263.BMP,96,103,39690,155.95559692382812,109.80193328857422,91.1300277709961,10513.0185546875
data/datasets/AB+/cluster_4_264.BMP,96,103,39690,152.7649688720703,98.42149353027344,92.43404388427734,8294.7109375
data/datasets/AB+/cluster_4_265.BMP,96,103,39690,159.16737365722656,109.6415786743164,91.88819122314453,12427.9345703125
data/datasets/AB+/cluster_4_2666.BMP,96,103,39690,167.57069396972656,93.66423034667969,92.43404388427734,6071.4248046875
data/datasets/AB+/cluster_4_2673.BMP,96,103,39690,167.37388610839844,97.21439361572266,92.43404388427734,8031.099609375
data/datasets/AB+/cluster_4_2675.BMP,96,103,39690,148.1896209716797,107.29217529296875,89.68907165527344,17004.69140625
data/datasets/AB+/cluster_4_268.BMP,96,103,39690,150.0249786376953,107.01693725585938,91.40389251708984,13956.787109375
data/datasets/AB+/cluster_4_2680.BMP,96,103,39690,152.36630249023438,98.89852142333984,89.97047424316406,13336.1884765625
data/datasets/AB+/cluster_4_2686.BMP,96,103,39690,147.0314483642578,111.29466247558594,92.43153381347656,11569.798828125
data/datasets/AB+/cluster_4_2688.BMP,96,103,39690,161.93618774414062,89.798583984375,92.43341827392578,8433.44140625
data/datasets/AB+/cluster_4_2699.BMP,96,103,39690,141.4212188720703,113.37301635742188,92.4214859008789,16419.59765625
data/datasets/AB+/cluster_4_27.BMP,96,103,39690,117.35163879394531,112.14399719238281,83.64887237548828,13344.19921875
data/datasets/AB+/cluster_4_2700.BMP,96,103,39690,127.20924377441406,111.53865814208984,92.41583251953125,13574.1904296875
data/datasets/AB+/cluster_4_2709.BMP,96,103,39690,146.51011657714844,111.9729232788086,91.33039855957031,10706.4013671875
data/datasets/AB+/cluster_4_272.BMP,96,103,39690,146.39117431640625,113.34195709228516,89.78768920898438,13634.3125
data/datasets/AB+/cluster_4_2720.BMP,96,103,39690,162.77731323242188,97.33558654785156,92.43404388427734,7396.169921875
data/datasets/AB+/cluster_4_2726.BMP,96,103,39690,135.60983276367188,109.40143585205078,85.70854187011719,19412.732421875
data/datasets/AB+/cluster_4_2727.BMP,96,103,39690,158.1924591064453,109.05500030517578,91.96105194091797,8930.08984375
data/datasets/AB+/cluster_4_2743.BMP,96,103,39690,172.95712280273438,100.55436706542969,91.41834259033203,18371.59765625
data/datasets/AB+/cluster_4_2763.BMP,96,103,39690,143.20994567871094,103.76678466796875,90.18215942382812,15012.3486328125
data/datasets/AB+/cluster_4_2787.BMP,96,103,39690,131.94033813476562,112.15337371826172,92.40138244628906,17071.0859375
data/datasets/AB+/cluster_4_2796.BMP,96,103,39690,155.26254272460938,107.30781555175781,91.11872100830078,14284.3935546875
data/datasets/AB+/cluster_4_2801.BMP,96,103,39690,140.6214599609375,109.95431518554688,91.86180877685547,12328.337890625
data/datasets/AB+/cluster_4_2804.BMP,96,103,39690,134.402099609375,112.24966430664062,92.42650604248047,12175.0400390625
data/datasets/AB+/cluster_4_2818.BMP,96,103,39690,160.17698669433594,92.7688217163086,92.43153381347656,7632.6025390625
data/datasets/AB+/cluster_4_282.BMP,96,103,39690,154.80502319335938,108.20518493652344,91.38127899169922,12326.5546875
data/datasets/AB+/cluster_4_2822.BMP,96,103,39690,160.18911743164062,94.99687194824219,92.43404388427734,9320.98046875
data/datasets/AB+/cluster_4_2837.BMP,96,103,39690,171.62803649902344,105.8709716796875,92.43341827392578,15978.3544921875
data/datasets/AB+/cluster_4_2850.BMP,96,103,39690,150.72047424316406,111.55135345458984,92.43153381347656,13262.736328125
data/datasets/AB+/cluster_4_2854.BMP,96,103,39690,163.40493774414062,107.68647003173828,92.43153381347656,15600.177734375
data/datasets/AB+/cluster_4_2856.BMP,96,103,39690,157.47845458984375,108.92977142333984,91.37625885009766,15401.4072265625
data/datasets/AB+/cluster_4_2861.BMP,96,103,39690,162.81472778320312,99.2267837524414,90.75251007080078,17984.884765625
data/datasets/AB+/cluster_4_2864.BMP,96,103,39690,192.21429443359375,98.00941467285156,91.60050201416016,4510.60107421875
data/datasets/AB+/cluster_4_2876.BMP,96,103,39690,145.76890563964844,111.15776824951172,92.37060546875,15182.765625
data/datasets/AB+/cluster_4_2889.BMP,96,103,39690,134.55612182617188,108.506591796875,92.24685668945312,16009.1689453125
data/datasets/AB+/cluster_4_2896.BMP,96,103,39690,169.612060546875,99.10681915283203,92.43404388427734,13268.712890625
data/datasets/AB+/cluster_4_2900.BMP,96,103,39690,122.02609252929688,113.45750427246094,88.564697265625,13725.171875
data/datasets/AB+/cluster_4_2901.BMP,96,103,39690,168.85214233398438,108.95023345947266,92.28706359863281,14526.169921875
data/datasets/AB+/cluster_4_2911.BMP,96,103,39690,124.4757308959961,113.08961486816406,83.44535064697266,17793.125
data/datasets/AB+/cluster_4_2929.BMP,96,103,39690,163.4453887939453,101.02276611328125,92.43404388427734,14116.2802734375
data/datasets/AB+/cluster_4_2931.BMP,96,103,39690,174.01698303222656,94.6019287109375,92.43404388427734,9916.4423828125
data/datasets/AB+/cluster_4_2937.BMP,96,103,39690,147.90948486328125,115.77671813964844,92.35678100585938,9613.689453125
data/datasets/AB+/cluster_4_2943.BMP,96,103,39690,150.29986572265625,107.97572326660156,92.4051513671875,12319.517578125
data/datasets/AB+/cluster_4_2949.BMP,96,103,39690,148.9937286376953,103.11570739746094,91.1344223022461,15847.0703125
data/datasets/AB+/cluster_4_2956.BMP,96,103,39690,137.1057891845703,110.68113708496094,92.06343841552734,17016.07421875
data/datasets/AB+/cluster_4_296.BMP,96,103,39690,140.87965393066406,112.2737045288086,92.36808776855469,14785.1953125
data/datasets/AB+/cluster_4_2960.BMP,96,103,39690,158.04783630371094,103.22515106201172,92.43215942382812,11528.3017578125
data/datasets/AB+/cluster_4_2961.BMP,96,103,39690,158.89239501953125,103.6199722290039,91.1111831665039,15539.232421875
data/datasets/AB+/cluster_4_2965.BMP,96,103,39690,132.5887908935547,110.40476989746094,83.33668518066406,17208.68359375
data/datasets/AB+/cluster_4_2981.BMP,96,103,39690,174.802490234375,103.38291931152344,91.15703582763672,15378.03125
data/datasets/AB+/cluster_4_2988.BMP,96,103,39690,151.18568420410156,107.13790893554688,91.71419525146484,17560.78515625
data/datasets/AB+/cluster_4_3000.BMP,96,103,39690,167.2118682861328,106.13508605957031,92.43341827392578,18091.484375
data/datasets/AB+/cluster_4_3003.BMP,96,103,39690,161.37600708007812,107.59683990478516,92.3398208618164,13719.359375
data/datasets/AB+/cluster_4_3011.BMP,96,103,39690,168.44265747070312,102.10443115234375,90.9648208618164,16740.5546875
data/datasets/AB+/cluster_4_3015.BMP,96,103,39690,178.23118591308594,97.99657440185547,92.43404388427734,10282.923828125
data/datasets/AB+/cluster_4_3018.BMP,96,103,39690,153.1906280517578,98.56132507324219,92.43404388427734,6642.15625
data/datasets/AB+/cluster_4_3021.BMP,96,103,39690,144.45358276367188,111.8943862915039,91.46356964111328,9523.119140625
data/datasets/AB+/cluster_4_3022.BMP,96,103,39690,186.20721435546875,98.75639343261719,91.6086654663086,15030.3828125
data/datasets/AB+/cluster_4_3031.BMP,96,103,39690,123.10983276367188,109.65390014648438,91.23680877685547,15995.7412109375
data/datasets/AB+/cluster_4_304.BMP,96,103,39690,146.75393676757812,113.66160583496094,91.76004791259766,8166.369140625
data/datasets/AB+/cluster_4_3041.BMP,96,103,39690,133.22006225585938,109.51295471191406,91.0138168334961,14235.20703125
data/datasets/AB+/cluster_4_3045.BMP,96,103,39690,122.0909194946289,110.3828353881836,86.92273712158203,12200.439453125
data/datasets/AB+/cluster_4_3077.BMP,96,103,39690,129.1051788330078,108.3917465209961,87.85615539550781,13298.1328125
data/datasets/AB+/cluster_4_3097.BMP,96,103,39690,160.2920684814453,92.07044219970703,89.44158172607422,8165.326171875
data/datasets/AB+/cluster_4_3098.BMP,96,103,39690,139.217529296875,116.21749877929688,85.15389251708984,10569.833984375
data/datasets/AB+/cluster_4_3103.BMP,96,103,39690,182.23391723632812,98.39859008789062,92.43404388427734,9089.404296875
data/datasets/AB+/cluster_4_3107.BMP,96,103,39690,155.31846618652344,108.04203796386719,91.77010345458984,15258.041015625
data/datasets/AB+/cluster_4_3121.BMP,96,103,39690,162.99838256835938,104.5561294555664,92.43404388427734,20584.08203125
data/datasets/AB+/cluster_4_313.BMP,96,103,39690,168.48745727539062,101.53433990478516,92.43404388427734,10567.2265625
data/datasets/AB+/cluster_4_3130.BMP,96,103,39690,137.174560546875,119.16002655029297,91.39007568359375,6028.65966796875
data/datasets/AB+/cluster_4_3132.BMP,96,103,39690,136.1768798828125,110.66580200195312,88.59358978271484,11944.7861328125
data/datasets/AB+/cluster_4_3150.BMP,96,103,39690,178.27406311035156,94.84645080566406,92.43404388427734,7279.39697265625
data/datasets/AB+/cluster_4_3151.BMP,96,103,39690,154.08798217773438,102.06037902832031,88.11431884765625,13800.4716796875
data/datasets/AB+/cluster_4_316.BMP,96,103,39690,159.5497589111328,106.64635467529297,88.31281280517578,18562.63671875
data/datasets/AB+/cluster_4_3168.BMP,96,103,39690,114.54328155517578,114.21814727783203,92.32537841796875,9408.873046875
data/datasets/AB+/cluster_4_3173.BMP,96,103,39690,138.05966186523438,115.74700164794922,88.78831481933594,10573.1904296875
data/datasets/AB+/cluster_4_3176.BMP,96,103,39690,136.7030792236328,113.91022491455078,92.42273712158203,12362.2470703125
data/datasets/AB+/cluster_4_3177.BMP,96,103,39690,135.0980987548828,113.76140594482422,90.26130676269531,8331.6083984375
data/datasets/AB+/cluster_4_3190.BMP,96,103,39690,128.3480987548828,113.3875503540039,86.39258575439453,14868.7470703125
data/datasets/AB+/cluster_4_3208.BMP,96,103,39690,136.739990234375,108.49142456054688,83.85803985595703,17610.71484375
data/datasets/AB+/cluster_4_321.BMP,96,103,39690,166.97128295898438,103.36092376708984,92.41771697998047,16770.09375
data/datasets/AB+/cluster_4_3210.BMP,96,103,39690,127.57190704345703,114.09303283691406,92.42776489257812,11376.32421875
data/datasets/AB+/cluster_4_3216.BMP,96,103,39690,133.28306579589844,112.43848419189453,91.1413345336914,12204.3076171875
data/datasets/AB+/cluster_4_3220.BMP,96,103,39690,160.07351684570312,107.14424133300781,92.18718719482422,14329.150390625
data/datasets/AB+/cluster_4_3221.BMP,96,103,39690,168.5403594970703,105.79039001464844,92.42776489257812,14791.732421875
data/datasets/AB+/cluster_4_3223.BMP,96,103,39690,171.0343780517578,97.56434631347656,92.4258804321289,7145.60986328125
data/datasets/AB+/cluster_4_3237.BMP,96,103,39690,145.1631317138672,108.04131317138672,92.38504791259766,18224.64453125
data/datasets/AB+/cluster_4_3238.BMP,96,103,39690,141.82241821289062,113.16119384765625,92.38504791259766,11293.451171875
data/datasets/AB+/cluster_4_3243.BMP,96,103,39690,151.20236206054688,104.03602600097656,92.35803985595703,19493.37890625
data/datasets/AB+/cluster_4_3248.BMP,96,103,39690,157.19700622558594,109.97299194335938,91.72864532470703,8583.806640625
data/datasets/AB+/cluster_4_3249.BMP,96,103,39690,119.37115478515625,114.60994720458984,88.4214859008789,9883.21875
data/datasets/AB+/cluster_4_325.BMP,96,103,39690,161.37600708007812,107.59683990478516,92.3398208618164,13719.359375
data/datasets/AB+/cluster_4_3250.BMP,96,103,39690,188.6187286376953,93.10389709472656,90.04208374023438,13931.064453125
data/datasets/AB+/cluster_4_3253.BMP,96,103,39690,156.14442443847656,97.40715026855469,92.4258804321289,8981.6083984375
data/datasets/AB+/cluster_4_3254.BMP,96,103,39690,163.0261993408203,105.12162017822266,92.29271697998047,14555.50390625
data/datasets/AB+/cluster_4_3258.BMP,96,103,39690,140.31674194335938,111.92510223388672,92.19535064697266,13811.763671875
data/datasets/AB+/cluster_4_3264.BMP,96,103,39690,130.15463256835938,114.7787857055664,86.72550201416016,12762.880859375
data/datasets/AB+/cluster_4_3287.BMP,96,103,39690,131.8264617919922,114.57747650146484,91.57035064697266,7142.3857421875
data/datasets/AB+/cluster_4_3302.BMP,96,103,39690,146.4481201171875,113.20366668701172,92.43404388427734,11618.1044921875
data/datasets/AB+/cluster_4_3313.BMP,96,103,39690,145.8571014404297,109.2146224975586,87.4560317993164,15918.2099609375
data/datasets/AB+/cluster_4_333.BMP,96,103,39690,171.34375,101.42240142822266,92.43404388427734,16793.37109375
data/datasets/AB+/cluster_4_3345.BMP,96,103,39690,171.6193389892578,95.81267547607422,92.42713928222656,11736.408203125
data/datasets/AB+/cluster_4_3348.BMP,96,103,39690,139.60891723632812,111.53321838378906,92.3310317993164,15258.796875
data/datasets/AB+/cluster_4_3351.BMP,96,103,39690,152.06411743164062,106.77555084228516,86.68341827392578,16122.408203125
data/datasets/AB+/cluster_4_3352.BMP,96,103,39690,153.0015106201172,110.95417785644531,92.32788848876953,14339.400390625
data/datasets/AB+/cluster_4_3366.BMP,96,103,39690,163.12864685058594,108.66358947753906,92.43404388427734,15253.3916015625
data/datasets/AB+/cluster_4_3368.BMP,96,103,39690,169.24392700195312,100.54702758789062,92.42839050292969,15083.25
data/datasets/AB+/cluster_4_337.BMP,96,103,39690,172.47947692871094,103.25104522705078,92.38819122314453,14743.4609375
data/datasets/AB+/cluster_4_3375.BMP,96,103,39690,147.72239685058594,107.80358123779297,87.65389251708984,19040.462890625
data/datasets/AB+/cluster_4_338.BMP,96,103,39690,139.25607299804688,114.87046813964844,91.82662963867188,10573.869140625
data/datasets/AB+/cluster_4_3387.BMP,96,103,39690,102.83120727539062,117.11434173583984,91.11431884765625,4502.962890625
data/datasets/AB+/cluster_4_3393.BMP,96,103,39690,166.28225708007812,102.47091674804688,92.43341827392578,9782.3955078125
data/datasets/AB+/cluster_4_3397.BMP,96,103,39690,141.6564483642578,107.88597869873047,90.63253784179688,15714.87109375
data/datasets/AB+/cluster_4_3398.BMP,96,103,39690,166.0845489501953,99.91495513916016,91.86746215820312,15561.310546875
data/datasets/AB+/cluster_4_340.BMP,96,103,39690,156.64492797851562,108.61131286621094,92.3197250366211,16170.779296875
data/datasets/AB+/cluster_4_3422.BMP,96,103,39690,160.94033813476562,102.8306655883789,91.89196014404297,15063.494140625
data/datasets/AB+/cluster_4_3427.BMP,96,103,39690,136.0343780517578,111.96024322509766,89.54208374023438,11897.48828125
data/datasets/AB+/cluster_4_3432.BMP,96,103,39690,139.99453735351562,113.3699722290039,92.22110748291016,9866.412109375
data/datasets/AB+/cluster_4_344.BMP,96,103,39690,165.7932891845703,108.21068572998047,92.25879669189453,10325.876953125
data/datasets/AB+/cluster_4_3440.BMP,96,103,39690,165.61033630371094,102.08763122558594,90.20414733886719,15853.755859375
data/datasets/AB+/cluster_4_3446.BMP,96,103,39690,161.04226684570312,102.68782806396484,90.97299194335938,11933.876953125
data/datasets/AB+/cluster_4_3452.BMP,96,103,39690,174.7468719482422,98.50948333740234,91.83291625976562,14795.876953125
data/datasets/AB+/cluster_4_3458.BMP,96,103,39690,133.72482299804688,115.52348327636719,90.48429870605469,12940.23046875
data/datasets/AB+/cluster_4_3459.BMP,96,103,39690,144.32028198242188,112.11229705810547,92.40200805664062,12778.982421875
data/datasets/AB+/cluster_4_347.BMP,96,103,39690,158.97805786132812,106.30247497558594,92.43404388427734,12775.263671875
data/datasets/AB+/cluster_4_3489.BMP,96,103,39690,169.21470642089844,99.69087219238281,91.99246215820312,14657.234375
data/datasets/AB+/cluster_4_349.BMP,96,103,39690,162.58737182617188,107.46580505371094,92.40641021728516,14786.8154296875
data/datasets/AB+/cluster_4_3492.BMP,96,103,39690,139.1898193359375,110.2330322265625,92.4095458984375,19600.771484375
data/datasets/AB+/cluster_4_3504.BMP,96,103,39690,180.28549194335938,101.07990264892578,92.430908203125,12303.841796875
data/datasets/AB+/cluster_4_3505.BMP,96,103,39690,161.89036560058594,106.0127182006836,92.35489654541016,14946.376953125
data/datasets/AB+/cluster_4_3524.BMP,96,103,39690,155.20216369628906,109.59878540039062,91.80967712402344,16710.64453125
data/datasets/AB+/cluster_4_3542.BMP,96,103,39690,132.25181579589844,110.91889953613281,92.38127899169922,18339.8984375
data/datasets/AB+/cluster_4_355.BMP,96,103,39690,136.30531311035156,111.96340942382812,92.37751007080078,14342.423828125
data/datasets/AB+/cluster_4_3558.BMP,96,103,39690,143.44932556152344,107.44912719726562,91.67902374267578,17150.162109375
data/datasets/AB+/cluster_4_3563.BMP,96,103,39690,151.5902099609375,95.10432434082031,92.40200805664062,4305.1708984375
data/datasets/AB+/cluster_4_3565.BMP,96,103,39690,146.50970458984375,109.29209899902344,92.42337036132812,13051.052734375
data/datasets/AB+/cluster_4_3566.BMP,96,103,39690,160.94781494140625,110.57408905029297,88.57977294921875,14925.4072265625
data/datasets/AB+/cluster_4_3578.BMP,96,103,39690,146.26243591308594,112.55804443359375,92.42337036132812,15407.189453125
data/datasets/AB+/cluster_4_358.BMP,96,103,39690,152.22471618652344,94.49674987792969,92.43404388427734,4882.02490234375
data/datasets/AB+/cluster_4_3580.BMP,96,103,39690,161.83758544921875,111.38719940185547,92.43404388427734,15450.521484375
data/datasets/AB+/cluster_4_3581.BMP,96,103,39690,164.65220642089844,103.81541442871094,91.70037841796875,14726.203125
data/datasets/AB+/cluster_4_3588.BMP,96,103,39690,144.96359252929688,110.58792114257812,92.20037841796875,16892.796875
data/datasets/AB+/cluster_4_359.BMP,96,103,39690,165.5503692626953,100.19902801513672,92.43404388427734,11067.65625
data/datasets/AB+/cluster_4_3594.BMP,96,103,39690,194.57838439941406,92.62881469726562,92.43404388427734,13435.7109375
data/datasets/AB+/cluster_4_3596.BMP,96,103,39690,169.6641387939453,104.11131286621094,92.43404388427734,15191.947265625
data/datasets/AB+/cluster_4_3604.BMP,96,103,39690,163.9650115966797,104.90220642089844,91.80276489257812,13588.234375
data/datasets/AB+/cluster_4_361.BMP,96,103,39690,160.41282653808594,105.7184829711914,91.76004791259766,13265.28515625
data/datasets/AB+/cluster_4_3624.BMP,96,103,39690,160.3941192626953,108.78628540039062,92.4302749633789,13466.318359375
data/datasets/AB+/cluster_4_3626.BMP,96,103,39690,166.597900390625,104.65866088867188,92.37185668945312,19150.470703125
data/datasets/AB+/cluster_4_3642.BMP,96,103,39690,130.3297882080078,112.55919647216797,91.6802749633789,10098.380859375
data/datasets/AB+/cluster_4_3649.BMP,96,103,39690,183.55369567871094,91.66455841064453,92.43404388427734,9131.7919921875
data/datasets/AB+/cluster_4_365.BMP,96,103,39690,170.4431610107422,107.37672424316406,92.40452575683594,15105.27734375
data/datasets/AB+/cluster_4_3659.BMP,96,103,39690,151.91140747070312,94.90579986572266,91.94849395751953,11386.033203125
data/datasets/AB+/cluster_4_3662.BMP,96,103,39690,154.41403198242188,111.85021209716797,92.39761352539062,16069.3154296875
data/datasets/AB+/cluster_4_3667.BMP,96,103,39690,136.77012634277344,113.6058120727539,91.60992431640625,12087.478515625
data/datasets/AB+/cluster_4_3669.BMP,96,103,39690,145.87045288085938,94.19562530517578,92.43404388427734,7662.5146484375
data/datasets/AB+/cluster_4_3673.BMP,96,103,39690,142.143310546875,109.08006286621094,84.95916748046875,13016.15234375
data/datasets/AB+/cluster_4_3678.BMP,96,103,39690,140.53125,110.22261047363281,92.04208374023438,14595.470703125
data/datasets/AB+/cluster_4_3691.BMP,96,103,39690,161.3976593017578,107.24703979492188,86.6111831665039,16109.76171875
data/datasets/AB+/cluster_4_3692.BMP,96,103,39690,168.2095489501953,102.8155288696289,92.43404388427734,14348.423828125
data/datasets/AB+/cluster_4_3694.BMP,96,103,39690,168.22987365722656,89.26748657226562,92.43404388427734,6292.517578125
data/datasets/AB+/cluster_4_37.BMP,96,103,39690,168.94912719726562,110.22049713134766,92.3913345336914,11549.365234375
data/datasets/AB+/cluster_4_3707.BMP,96,103,39690,160.8180694580078,107.89674377441406,92.34296417236328,15805.294921875
data/datasets/AB+/cluster_4_3709.BMP,96,103,39690,149.64866638183594,109.5002212524414,86.72361755371094,18065.55859375
data/datasets/AB+/cluster_4_3725.BMP,96,103,39690,168.4560089111328,107.24429321289062,91.97235870361328,15127.7294921875
data/datasets/AB+/cluster_4_3726.BMP,96,103,39690,162.24008178710938,108.4552001953125,92.3800277709961,17776.359375
data/datasets/AB+/cluster_4_3735.BMP,96,103,39690,156.85861206054688,106.4927749633789,92.15389251708984,16790.224609375
data/datasets/AB+/cluster_4_3739.BMP,96,103,39690,132.1753692626953,112.75001525878906,92.17022705078125,13977.068359375
data/datasets/AB+/cluster_4_3747.BMP,96,103,39690,176.67779541015625,94.66974639892578,92.43404388427734,10201.6513671875
data/datasets/AB+/cluster_4_3751.BMP,96,103,39690,134.9998016357422,109.31230926513672,87.93843841552734,14255.95703125
data/datasets/AB+/cluster_4_385.BMP,96,103,39690,162.03509521484375,103.2273178100586,91.069091796875,16428.4375
data/datasets/AB+/cluster_4_3857.BMP,96,103,39690,169.4935302734375,106.03858184814453,92.27952575683594,16010.962890625
data/datasets/AB+/cluster_4_3859.BMP,96,103,39690,142.8239288330078,111.09979248046875,91.16645812988281,10992.15234375
data/datasets/AB+/cluster_4_3861.BMP,96,103,39690,130.36923217773438,109.6187973022461,92.42713928222656,14586.6708984375
data/datasets/AB+/cluster_4_3864.BMP,96,103,39690,156.72976684570312,105.3080062866211,91.01570129394531,14019.03515625
data/datasets/AB+/cluster_4_3875.BMP,96,103,39690,170.40594482421875,92.127685546875,90.43467712402344,13838.134765625
data/datasets/AB+/cluster_4_388.BMP,241,298,215890,161.17567443847656,106.56224822998047,170.77056884765625,3131.05859375
data/datasets/AB+/cluster_4_3881.BMP,96,103,39690,154.3699493408203,114.10833740234375,92.43404388427734,10497.716796875
data/datasets/AB+/cluster_4_3884.BMP,96,103,39690,151.4652099609375,108.0058364868164,91.33605194091797,14880.5166015625
data/datasets/AB+/cluster_4_3887.BMP,96,103,39690,172.4897918701172,109.52743530273438,92.194091796875,3738.18896484375
data/datasets/AB+/cluster_4_3896.BMP,96,103,39690,167.3016815185547,103.62036895751953,92.1155776977539,13906.4951171875
data/datasets/AB+/cluster_4_3898.BMP,96,103,39690,152.09375,112.18943786621094,92.25251007080078,9840.4384765625
data/datasets/AB+/cluster_4_3901.BMP,96,103,39690,173.87368774414062,110.32279968261719,92.42902374267578,8349.0078125
data/datasets/AB+/cluster_4_3907.BMP,96,103,39690,155.4968719482422,111.67586517333984,92.43404388427734,15200.6279296875
data/datasets/AB+/cluster_4_392.BMP,96,103,39690,167.3942108154297,107.69246673583984,92.3957290649414,11722.0380859375
data/datasets/AB+/cluster_4_3920.BMP,96,103,39690,144.7939910888672,115.52632141113281,83.40766143798828,6815.7236328125
data/datasets/AB+/cluster_4_3924.BMP,96,103,39690,167.99241638183594,93.39547729492188,92.43404388427734,7448.9453125
data/datasets/AB+/cluster_4_3932.BMP,96,103,39690,137.87338256835938,99.68350982666016,92.43215942382812,7243.7451171875
data/datasets/AB+/cluster_4_3934.BMP,96,103,39690,127.57139587402344,114.17754364013672,86.49183654785156,11475.455078125
data/datasets/AB+/cluster_4_3955.BMP,96,103,39690,138.7533416748047,101.54131317138672,86.20916748046875,6385.0068359375
data/datasets/AB+/cluster_4_3967.BMP,96,103,39690,157.60275268554688,101.8571548461914,92.43404388427734,15289.88671875
data/datasets/AB+/cluster_4_397.BMP,96,103,39690,170.49514770507812,94.65859985351562,92.43404388427734,5437.8544921875
data/datasets/AB+/cluster_4_3978.BMP,96,103,39690,144.43557739257812,110.73949432373047,91.54773712158203,14215.2265625
data/datasets/AB+/cluster_4_3988.BMP,96,103,39690,168.905029296875,101.02737426757812,91.95226287841797,14727.5693359375
data/datasets/AB+/cluster_4_3998.BMP,96,103,39690,169.068359375,107.86099243164062,92.37185668945312,12311.998046875
data/datasets/AB+/cluster_4_4.BMP,96,103,39690,164.8960418701172,105.85901641845703,92.16708374023438,13476.423828125
data/datasets/AB+/cluster_4_4001.BMP,96,103,39690,118.93780517578125,120.76750183105469,92.40641021728516,5492.60302734375
data/datasets/AB+/cluster_4_4010.BMP,96,103,39690,165.6682891845703,95.76367950439453,92.43404388427734,10172.0439453125
data/datasets/AB+/cluster_4_4041.BMP,96,103,39690,150.72239685058594,107.79403686523438,86.94032287597656,19489.173828125
data/datasets/AB+/cluster_4_4052.BMP,96,103,39690,138.27639770507812,111.31195831298828,91.185302734375,11918.40234375
data/datasets/AB+/cluster_4_4058.BMP,96,103,39690,157.13400268554688,103.07991790771484,89.99623107910156,13832.6806640625
data/datasets/AB+/cluster_4_4066.BMP,96,103,39690,172.74899291992188,93.01624298095703,92.43404388427734,8442.177734375
data/datasets/AB+/cluster_4_4073.BMP,96,103,39690,161.9864501953125,103.92394256591797,92.43404388427734,17510.19140625
data/datasets/AB+/cluster_4_4096.BMP,96,103,39690,157.14036560058594,100.82028198242188,92.43404388427734,7606.88818359375
data/datasets/AB+/cluster_4_4105.BMP,96,103,39690,174.42738342285156,103.82210540771484,92.39070129394531,18969.98828125
data/datasets/AB+/cluster_4_4106.BMP,96,103,39690,142.96621704101562,113.71635437011719,92.36872100830078,15129.369140625
data/datasets/AB+/cluster_4_411.BMP,96,103,39690,115.57666015625,112.34101104736328,91.68279266357422,13199.0537109375
data/datasets/AB+/cluster_4_4119.BMP,96,103,39690,168.4331512451172,101.91609954833984,91.1388168334961,14636.658203125
data/datasets/AB+/cluster_4_4122.BMP,96,103,39690,168.19973754882812,108.4698715209961,92.43404388427734,14379.267578125
data/datasets/AB+/cluster_4_4127.BMP,96,103,39690,158.53378295898438,106.50439453125,92.09673309326172,14603.90625
data/datasets/AB+/cluster_4_4134.BMP,96,103,39690,143.77882385253906,111.94720458984375,91.56407165527344,9972.60546875
data/datasets/AB+/cluster_4_4144.BMP,96,103,39690,166.99160766601562,102.23524475097656,92.41394805908203,19923.96484375
data/datasets/AB+/cluster_4_4145.BMP,96,103,39690,168.3656005859375,97.88838195800781,92.42964935302734,8812.1025390625
data/datasets/AB+/cluster_4_4167.BMP,96,103,39690,154.1554412841797,111.09486389160156,92.42273712158203,14380.5078125
data/datasets/AB+/cluster_4_4169.BMP,96,103,39690,142.96055603027344,106.91700744628906,91.59735870361328,16288.09765625
data/datasets/AB+/cluster_4_4176.BMP,96,103,39690,167.7012481689453,102.11246490478516,91.49246215820312,17635.27734375
data/datasets/AB+/cluster_4_4218.BMP,96,103,39690,164.52993774414062,105.01475524902344,92.42964935302734,9872.4658203125
data/datasets/AB+/cluster_4_4220.BMP,96,103,39690,154.30056762695312,91.74786376953125,92.42964935302734,8560.2880859375
data/datasets/AB+/cluster_4_4221.BMP,96,103,39690,193.01254272460938,93.52825927734375,92.06846618652344,10538.23828125
data/datasets/AB+/cluster_4_4240.BMP,96,103,39690,136.1135711669922,89.10961151123047,85.7638168334961,6339.515625
data/datasets/AB+/cluster_4_4278.BMP,96,103,39690,154.40928649902344,103.07415008544922,92.43404388427734,15764.115234375
data/datasets/AB+/cluster_4_4282.BMP,96,103,39690,163.8052215576172,109.56906127929688,91.62311553955078,11941.0
data/datasets/AB+/cluster_4_4283.BMP,96,103,39690,142.248779296875,106.56639099121094,90.93592834472656,16367.6015625
data/datasets/AB+/cluster_4_4284.BMP,96,103,39690,152.44215393066406,107.93218994140625,89.99372100830078,18418.2578125
data/datasets/AB+/cluster_4_4292.BMP,96,103,39690,153.143310546875,101.62152099609375,91.68279266357422,16537.638671875
data/datasets/AB+/cluster_4_4296.BMP,96,103,39690,180.20974731445312,93.53866577148438,92.3699722290039,9493.5126953125
data/datasets/AB+/cluster_4_4319.BMP,96,103,39690,117.62702178955078,116.87582397460938,84.62625885009766,6386.4111328125
data/datasets/AB+/cluster_4_435.BMP,96,103,39690,156.60183715820312,105.20123291015625,92.24874114990234,16330.9375
data/datasets/AB+/cluster_4_4352.BMP,96,103,39690,150.28306579589844,106.14700317382812,90.13693237304688,13703.0576171875
data/datasets/AB+/cluster_4_436.BMP,96,103,39690,139.82373046875,87.59710693359375,91.45100402832031,5438.64111328125
data/datasets/AB+/cluster_4_4365.BMP,96,103,39690,160.59324645996094,108.27466583251953,91.64949798583984,11034.44140625
data/datasets/AB+/cluster_4_4369.BMP,96,103,39690,143.99200439453125,108.25730895996094,91.875,15365.453125
data/datasets/AB+/cluster_4_4372.BMP,96,103,39690,168.13673400878906,101.62068176269531,91.13693237304688,16425.58984375
data/datasets/AB+/cluster_4_4374.BMP,96,103,39690,134.56927490234375,112.36319732666016,86.65892028808594,16364.8759765625
data/datasets/AB+/cluster_4_4375.BMP,96,103,39690,160.60153198242188,108.13585662841797,92.43404388427734,17467.70703125
data/datasets/AB+/cluster_4_438.BMP,96,103,39690,165.69943237304688,106.49302673339844,92.09422302246094,12620.0078125
data/datasets/AB+/cluster_4_4393.BMP,96,103,39690,134.74008178710938,98.791259765625,91.63819122314453,7282.84130859375
data/datasets/AB+/cluster_4_4409.BMP,96,103,39690,138.65109252929688,109.43140411376953,92.43404388427734,11109.7109375
data/datasets/AB+/cluster_4_4429.BMP,96,103,39690,155.11427307128906,106.76233673095703,92.37876892089844,20527.634765625
data/datasets/AB+/cluster_4_446.BMP,96,103,39690,159.2620391845703,103.708984375,91.38191223144531,13372.111328125
data/datasets/AB+/cluster_4_4465.BMP,96,103,39690,160.19265747070312,106.48513793945312,92.4095458984375,12862.05859375
data/datasets/AB+/cluster_4_4467.BMP,96,103,39690,129.599609375,114.69284057617188,92.32223510742188,12080.21875
data/datasets/AB+/cluster_4_447.BMP,96,103,39690,161.36317443847656,105.80313110351562,91.95728302001953,13860.962890625
data/datasets/AB+/cluster_4_4477.BMP,96,103,39690,139.20277404785156,111.71627807617188,92.25188446044922,16085.6513671875
data/datasets/AB+/cluster_4_4499.BMP,96,103,39690,161.3048095703125,106.16163635253906,90.98429870605469,16259.314453125
data/datasets/AB+/cluster_4_4515.BMP,96,103,39690,153.5723114013672,97.47664642333984,92.43404388427734,8220.9892578125
data/datasets/AB+/cluster_4_4523.BMP,96,103,39690,137.4622802734375,108.8766860961914,92.39510345458984,18749.072265625
data/datasets/AB+/cluster_4_4534.BMP,96,103,39690,176.22764587402344,104.05673217773438,92.43404388427734,14762.4755859375
data/datasets/AB+/cluster_4_4537.BMP,96,103,39690,171.65382385253906,105.95626068115234,92.42525482177734,16041.8056640625
data/datasets/AB+/cluster_4_455.BMP,96,103,39690,171.1454315185547,93.9857177734375,92.42964935302734,9881.166015625
data/datasets/AB+/cluster_4_4557.BMP,96,103,39690,167.99969482421875,103.99555206298828,92.43404388427734,13396.62890625
data/datasets/AB+/cluster_4_4566.BMP,96,103,39690,127.29753112792969,109.98015594482422,87.57474517822266,13861.83984375
data/datasets/AB+/cluster_4_4567.BMP,96,103,39690,171.504150390625,106.1862564086914,92.31595611572266,15434.306640625
data/datasets/AB+/cluster_4_458.BMP,96,103,39690,146.26527404785156,109.40560913085938,90.17337036132812,11837.064453125
data/datasets/AB+/cluster_4_4591.BMP,96,103,39690,149.68557739257812,109.4607162475586,91.2707290649414,20608.98828125
data/datasets/AB+/cluster_4_4611.BMP,96,103,39690,149.97694396972656,110.29603576660156,92.43279266357422,16101.421875
data/datasets/AB+/cluster_4_4619.BMP,96,103,39690,174.26962280273438,108.62528228759766,92.42964935302734,12305.111328125
data/datasets/AB+/cluster_4_462.BMP,96,103,39690,177.19569396972656,102.60408782958984,92.36180877685547,15059.201171875
data/datasets/AB+/cluster_4_4622.BMP,96,103,39690,186.06239318847656,99.98065948486328,92.43404388427734,14376.7666015625
data/datasets/AB+/cluster_4_4623.BMP,96,103,39690,182.96652221679688,94.88157653808594,91.64823913574219,12328.3779296875
data/datasets/AB+/cluster_4_4626.BMP,96,103,39690,157.6234893798828,109.62815856933594,91.6802749633789,8912.75390625
data/datasets/AB+/cluster_4_463.BMP,96,103,39690,162.1505889892578,107.13961029052734,92.314697265625,16697.12890625
data/datasets/AB+/cluster_4_4679.BMP,96,103,39690,150.2839813232422,110.78976440429688,92.43279266357422,18715.265625
data/datasets/AB+/cluster_4_4681.BMP,96,103,39690,149.6110382080078,90.80906677246094,92.43341827392578,8433.396484375
data/datasets/AB+/cluster_4_4687.BMP,96,103,39690,166.45509338378906,99.96688842773438,92.43279266357422,8254.3232421875
data/datasets/AB+/cluster_4_4699.BMP,96,103,39690,186.9453887939453,94.32735443115234,92.41960144042969,12472.359375
data/datasets/AB+/cluster_4_4701.BMP,96,103,39690,162.96490478515625,90.65744018554688,92.43153381347656,2684.1640625
data/datasets/AB+/cluster_4_4706.BMP,96,103,39690,166.07838439941406,99.59342956542969,92.43404388427734,11018.7109375
data/datasets/AB+/cluster_4_4707.BMP,96,103,39690,166.45327758789062,105.46743774414062,91.8655776977539,14887.73046875
data/datasets/AB+/cluster_4_4709.BMP,96,103,39690,153.69851684570312,108.61119842529297,86.85238647460938,12341.1591796875
data/datasets/AB+/cluster_4_472.BMP,96,103,39690,138.36245727539062,111.03929138183594,90.92713928222656,19881.6171875
data/datasets/AB+/cluster_4_4732.BMP,96,103,39690,181.16555786132812,101.31742095947266,92.43341827392578,17111.171875
data/datasets/AB+/cluster_4_4733.BMP,96,103,39690,160.927490234375,107.18181610107422,92.39007568359375,12834.06640625
data/datasets/AB+/cluster_4_474.BMP,96,103,39690,148.37277221679688,107.54119110107422,89.3354263305664,14980.20703125
data/datasets/AB+/cluster_4_4747.BMP,96,103,39690,169.45388793945312,91.80846405029297,92.41080474853516,7917.943359375
data/datasets/AB+/cluster_4_4752.BMP,96,103,39690,134.3629608154297,112.75959777832031,92.37311553955078,14985.55078125
data/datasets/AB+/cluster_4_4753.BMP,96,103,39690,174.30026245117188,98.86824035644531,91.03580474853516,11047.3603515625
data/datasets/AB+/cluster_4_4760.BMP,96,103,39690,158.03317260742188,111.48419189453125,92.43404388427734,13268.63671875
data/datasets/AB+/cluster_4_4761.BMP,96,103,39690,142.5668487548828,110.12579345703125,91.24372100830078,12367.673828125
data/datasets/AB+/cluster_4_4762.BMP,96,103,39690,161.98573303222656,106.38526153564453,90.87562561035156,21284.17578125
data/datasets/AB+/cluster_4_477.BMP,96,103,39690,161.32666015625,108.92218017578125,92.40766143798828,18702.28515625
data/datasets/AB+/cluster_4_4788.BMP,96,103,39690,135.64886474609375,110.48119354248047,91.12248992919922,16080.419921875
data/datasets/AB+/cluster_4_4789.BMP,96,103,39690,151.03872680664062,104.59259033203125,91.33668518066406,16469.439453125
data/datasets/AB+/cluster_4_4790.BMP,96,103,39690,132.0027313232422,108.66934967041016,91.39070129394531,13966.7998046875
data/datasets/AB+/cluster_4_4810.BMP,96,103,39690,165.48544311523438,104.42489624023438,92.41206359863281,15402.7265625
data/datasets/AB+/cluster_4_4815.BMP,96,103,39690,157.4118194580078,110.77108001708984,92.38945007324219,13664.4375
data/datasets/AB+/cluster_4_4818.BMP,96,103,39690,188.0516815185547,89.4407730102539,92.43404388427734,9485.4814453125
data/datasets/AB+/cluster_4_482.BMP,96,103,39690,129.7662811279297,111.92662048339844,91.30779266357422,11528.4931640625
data/datasets/AB+/cluster_4_4823.BMP,96,103,39690,180.67465209960938,99.67314147949219,92.04083251953125,13215.55859375
data/datasets/AB+/cluster_4_4826.BMP,241,298,215890,168.32778930664062,93.17847442626953,177.65931701660156,2893.18408203125
data/datasets/AB+/cluster_4_4829.BMP,96,103,39690,119.11316680908203,111.15418243408203,91.84861755371094,12117.2509765625
data/datasets/AB+/cluster_4_4832.BMP,96,103,39690,132.71046447753906,111.59235382080078,91.68718719482422,13663.25
data/datasets/AB+/cluster_4_4845.BMP,96,103,39690,128.8541717529297,112.8974380493164,85.189697265625,11079.9892578125
data/datasets/AB+/cluster_4_4856.BMP,96,103,39690,135.77467346191406,113.58857727050781,92.41394805908203,16481.03515625
data/datasets/AB+/cluster_4_4863.BMP,96,103,39690,137.9778594970703,92.55479431152344,88.08039855957031,7906.0947265625
data/datasets/AB+/cluster_4_4867.BMP,96,103,39690,149.19720458984375,108.30204010009766,91.25188446044922,16906.76953125
data/datasets/AB+/cluster_4_4876.BMP,96,103,39690,123.17829895019531,111.0195541381836,91.28266143798828,13703.8662109375
data/datasets/AB+/cluster_4_4894.BMP,96,103,39690,156.47744750976562,108.23201751708984,92.40200805664062,15220.2333984375
data/datasets/AB+/cluster_4_4896.BMP,96,103,39690,160.70367431640625,105.42321014404297,92.40452575683594,20680.806640625
data/datasets/AB+/cluster_4_4906.BMP,96,103,39690,148.65867614746094,109.47440338134766,92.08039855957031,10729.818359375
data/datasets/AB+/cluster_4_4919.BMP,96,103,39690,157.5004119873047,104.7457504272461,91.40577697753906,14703.974609375
data/datasets/AB+/cluster_4_492.BMP,96,103,39690,165.54803466796875,100.246337890625,91.45854187011719,16034.119140625
data/datasets/AB+/cluster_4_4925.BMP,96,103,39690,159.3516387939453,109.48291015625,92.43404388427734,15620.1328125
data/datasets/AB+/cluster_4_4940.BMP,96,103,39690,161.8289794921875,104.76289367675781,92.01004791259766,17644.451171875
data/datasets/AB+/cluster_4_4946.BMP,96,103,39690,174.32797241210938,105.19221496582031,92.1595458984375,14277.8134765625
data/datasets/AB+/cluster_4_495.BMP,96,103,39690,142.43760681152344,111.17654418945312,91.52449798583984,10717.974609375
data/datasets/AB+/cluster_4_4951.BMP,96,103,39690,140.87156677246094,106.11195373535156,92.42902374267578,12861.62890625
data/datasets/AB+/cluster_4_4961.BMP,96,103,39690,163.4908905029297,109.32733917236328,92.26193237304688,15458.2509765625
data/datasets/AB+/cluster_4_4963.BMP,96,103,39690,117.84617614746094,110.59844970703125,89.64698791503906,12743.103515625
data/datasets/AB+/cluster_4_4965.BMP,96,103,39690,186.4631805419922,89.20199584960938,92.43404388427734,12051.6689453125
data/datasets/AB+/cluster_4_4967.BMP,96,103,39690,151.95205688476562,112.16619110107422,92.4214859008789,12417.0185546875
data/datasets/AB+/cluster_4_4976.BMP,96,103,39690,133.09637451171875,110.62223052978516,86.96670532226562,19643.18359375
data/datasets/AB+/cluster_4_4982.BMP,96,103,39690,161.0654296875,109.28900909423828,92.37060546875,13943.1787109375
data/datasets/AB+/cluster_4_4997.BMP,96,103,39690,164.22178649902344,107.70295715332031,92.430908203125,18629.96875
data/datasets/AB+/cluster_4_5009.BMP,96,103,39690,160.8046112060547,111.2663803100586,92.38504791259766,11398.08203125
data/datasets/AB+/cluster_4_5023.BMP,96,103,39690,161.0556182861328,98.46514129638672,92.43404388427734,9930.18359375
data/datasets/AB+/cluster_4_5026.BMP,96,103,39690,173.59193420410156,97.4781494140625,91.37562561035156,14816.365234375
data/datasets/AB+/cluster_4_5028.BMP,96,103,39690,129.95944213867188,117.1929702758789,92.41708374023438,9178.115234375
data/datasets/AB+/cluster_4_5030.BMP,96,103,39690,155.20701599121094,107.69284057617188,92.04962158203125,14207.404296875
data/datasets/AB+/cluster_4_5031.BMP,96,103,39690,131.3441619873047,113.46976470947266,92.0251235961914,12895.2275390625
data/datasets/AB+/cluster_4_5041.BMP,96,103,39690,142.20286560058594,115.52312469482422,92.43404388427734,10689.2080078125
data/datasets/AB+/cluster_4_5045.BMP,96,103,39690,151.76385498046875,98.86995697021484,92.43404388427734,11638.546875
data/datasets/AB+/cluster_4_5052.BMP,96,103,39690,140.6754608154297,108.04048919677734,85.33793640136719,15645.5185546875
data/datasets/AB+/cluster_4_5057.BMP,96,103,39690,174.26263427734375,101.15901947021484,92.00188446044922,10844.49609375
data/datasets/AB+/cluster_4_506.BMP,96,103,39690,140.92617797851562,96.74578857421875,92.43341827392578,9475.814453125
data/datasets/AB+/cluster_4_5065.BMP,96,103,39690,128.46116638183594,110.13175964355469,91.08228302001953,13080.35546875
data/datasets/AB+/cluster_4_5075.BMP,96,103,39690,154.3602294921875,109.5675277709961,92.28768920898438,12323.654296875
data/datasets/AB+/cluster_4_5076.BMP,96,103,39690,142.21156311035156,111.59537506103516,92.12876892089844,10978.103515625
data/datasets/AB+/cluster_4_5078.BMP,96,103,39690,160.13743591308594,105.22067260742188,91.5904541015625,15652.126953125
data/datasets/AB+/cluster_4_5090.BMP,96,103,39690,137.96885681152344,110.71125793457031,91.83416748046875,14376.5517578125
data/datasets/AB+/cluster_4_5099.BMP,96,103,39690,152.45782470703125,110.25686645507812,90.42211151123047,12453.271484375
data/datasets/AB+/cluster_4_51.BMP,96,103,39690,163.63653564453125,108.68501281738281,91.98743438720703,11484.1435546875
data/datasets/AB+/cluster_4_5103.BMP,96,103,39690,142.4685516357422,110.0057601928711,92.42964935302734,18100.37109375
data/datasets/AB+/cluster_4_5104.BMP,96,103,39690,174.62672424316406,104.35894012451172,92.42776489257812,13543.5205078125
data/datasets/AB+/cluster_4_5106.BMP,96,103,39690,168.0674591064453,107.14977264404297,92.41331481933594,17719.732421875
data/datasets/AB+/cluster_4_5109.BMP,96,103,39690,187.805419921875,99.04386138916016,91.63819122314453,15045.353515625
data/datasets/AB+/cluster_4_5110.BMP,96,103,39690,155.30148315429688,112.03083801269531,92.32223510742188,10241.119140625
data/datasets/AB+/cluster_4_5115.BMP,96,103,39690,179.17080688476562,98.89836883544922,92.07474517822266,12363.8896484375
data/datasets/AB+/cluster_4_5119.BMP,96,103,39690,171.6387481689453,100.99884033203125,92.43404388427734,13870.3916015625
data/datasets/AB+/cluster_4_5121.BMP,96,103,39690,173.90139770507812,93.05191802978516,92.43404388427734,9477.955078125
data/datasets/AB+/cluster_4_5122.BMP,96,103,39690,187.93820190429688,96.95379638671875,91.88253784179688,9221.451171875
data/datasets/AB+/cluster_4_5145.BMP,96,103,39690,176.24069213867188,100.28828430175781,91.6601791381836,14536.9970703125
data/datasets/AB+/cluster_4_515.BMP,96,103,39690,165.7981414794922,106.5568618774414,92.43341827392578,14544.568359375
data/datasets/AB+/cluster_4_5151.BMP,96,103,39690,136.879150390625,108.87169647216797,92.15577697753906,15826.873046875
data/datasets/AB+/cluster_4_5156.BMP,96,103,39690,195.6697998046875,93.49557495117188,92.43279266357422,9422.86328125
data/datasets/AB+/cluster_4_5160.BMP,96,103,39690,128.3181610107422,111.28683471679688,90.87185668945312,12406.2919921875
data/datasets/AB+/cluster_4_518.BMP,96,103,39690,154.38137817382812,102.65897369384766,92.43279266357422,12940.86328125
data/datasets/AB+/cluster_4_5183.BMP,96,103,39690,207.74473571777344,75.89521026611328,92.4302749633789,4857.0732421875
data/datasets/AB+/cluster_4_5189.BMP,96,103,39690,168.07412719726562,102.95110321044922,91.09610748291016,14220.8935546875
data/datasets/AB+/cluster_4_5190.BMP,96,103,39690,177.34597778320312,100.16636657714844,91.05150604248047,7058.4462890625
data/datasets/AB+/cluster_4_5193.BMP,96,103,39690,167.93658447265625,102.42687225341797,92.41268920898438,15689.8232421875
data/datasets/AB+/cluster_4_5198.BMP,96,103,39690,139.73220825195312,117.26575469970703,83.0,7867.826171875
data/datasets/AB+/cluster_4_520.BMP,96,103,39690,147.3816680908203,110.11588287353516,92.33228302001953,18426.01953125
data/datasets/AB+/cluster_4_5200.BMP,96,103,39690,166.5943603515625,94.22074127197266,92.43404388427734,8037.0087890625
data/datasets/AB+/cluster_4_5212.BMP,96,103,39690,162.66726684570312,106.04142761230469,92.4101791381836,16595.064453125
data/datasets/AB+/cluster_4_5241.BMP,96,103,39690,155.7278594970703,109.15718841552734,92.40452575683594,16008.23828125
data/datasets/AB+/cluster_4_5261.BMP,96,103,39690,145.81361389160156,106.5818099975586,91.28329467773438,12948.36328125
data/datasets/AB+/cluster_4_5264.BMP,96,103,39690,125.54985809326172,114.4281005859375,92.42022705078125,13355.833984375
data/datasets/AB+/cluster_4_5265.BMP,96,103,39690,197.3664093017578,89.8759536743164,91.18215942382812,8868.201171875
data/datasets/AB+/cluster_4_5266.BMP,96,103,39690,159.021240234375,106.31473541259766,92.43404388427734,12078.7431640625
data/datasets/AB+/cluster_4_5273.BMP,96,103,39690,180.99302673339844,90.05205535888672,92.43404388427734,7743.423828125
data/datasets/AB+/cluster_4_5283.BMP,96,103,39690,175.01527404785156,103.65601348876953,92.40892028808594,14230.51171875
data/datasets/AB+/cluster_4_5291.BMP,96,103,39690,159.37783813476562,105.99286651611328,92.430908203125,14711.44140625
data/datasets/AB+/cluster_4_5313.BMP,96,103,39690,171.080810546875,102.98445129394531,92.41960144042969,18153.83203125
data/datasets/AB+/cluster_4_5327.BMP,96,103,39690,150.7356414794922,106.28816986083984,92.41583251953125,17497.322265625
data/datasets/AB+/cluster_4_5335.BMP,96,103,39690,162.0226593017578,105.72366333007812,92.42902374267578,19862.9609375
data/datasets/AB+/cluster_4_5345.BMP,96,103,39690,152.20448303222656,110.83750915527344,92.43404388427734,16458.4765625
data/datasets/AB+/cluster_4_5347.BMP,96,103,39690,152.061279296875,107.25157928466797,92.42776489257812,14086.7705078125
data/datasets/AB+/cluster_4_5348.BMP,96,103,39690,135.1458282470703,112.2363052368164,92.05653381347656,18184.97265625
data/datasets/AB+/cluster_4_5350.BMP,96,103,39690,184.2136993408203,104.31494140625,92.42399597167969,9916.93359375
data/datasets/AB+/cluster_4_5353.BMP,96,103,39690,134.70712280273438,110.13243865966797,92.43153381347656,16816.66796875
data/datasets/AB+/cluster_4_5365.BMP,96,103,39690,148.90089416503906,106.69136810302734,92.38191223144531,18162.021484375
data/datasets/AB+/cluster_4_537.BMP,96,103,39690,108.22775268554688,115.9217300415039,92.39698791503906,6686.25390625
data/datasets/AB+/cluster_4_5371.BMP,96,103,39690,135.0185089111328,110.47940826416016,90.55025482177734,13797.302734375
data/datasets/AB+/cluster_4_5381.BMP,96,103,39690,142.07666015625,108.54578399658203,88.53266143798828,14503.2998046875
data/datasets/AB+/cluster_4_5389.BMP,96,103,39690,157.03883361816406,113.80021667480469,92.30150604248047,9271.4296875
data/datasets/AB+/cluster_4_540.BMP,96,103,39690,149.99827575683594,112.32979583740234,92.43404388427734,14735.5791015625
data/datasets/AB+/cluster_4_5402.BMP,96,103,39690,158.73057556152344,109.30833435058594,92.3492431640625,13552.73046875
data/datasets/AB+/cluster_4_5404.BMP,96,103,39690,153.71844482421875,106.74392700195312,90.73178100585938,12983.59375
data/datasets/AB+/cluster_4_5411.BMP,96,103,39690,163.4389190673828,86.94313049316406,92.43404388427734,5256.7919921875
data/datasets/AB+/cluster_4_5417.BMP,96,103,39690,156.62803649902344,110.34133911132812,92.42525482177734,15238.896484375
data/datasets/AB+/cluster_4_542.BMP,96,103,39690,183.44781494140625,94.37926483154297,88.20980072021484,11660.4990234375
data/datasets/AB+/cluster_4_5420.BMP,96,103,39690,157.80885314941406,111.1460952758789,91.34107971191406,7821.5185546875
data/datasets/AB+/cluster_4_5423.BMP,96,103,39690,195.07281494140625,95.75865173339844,92.43404388427734,13098.498046875
data/datasets/AB+/cluster_4_5437.BMP,96,103,39690,134.14987182617188,112.25267791748047,92.42085266113281,13265.244140625
data/datasets/AB+/cluster_4_544.BMP,96,103,39690,169.65756225585938,104.38065338134766,92.20414733886719,15995.6953125
data/datasets/AB+/cluster_4_5441.BMP,96,103,39690,161.81796264648438,107.29578399658203,92.430908203125,6498.435546875
data/datasets/AB+/cluster_4_5455.BMP,96,103,39690,133.06634521484375,112.1080093383789,92.34610748291016,17782.18359375
data/datasets/AB+/cluster_4_5459.BMP,96,103,39690,157.59779357910156,92.99089813232422,92.43341827392578,9206.0126953125
data/datasets/AB+/cluster_4_5472.BMP,96,103,39690,177.2520294189453,92.24852752685547,92.42839050292969,6642.2861328125
data/datasets/AB+/cluster_4_5495.BMP,96,103,39690,157.46490478515625,109.09342956542969,91.2801513671875,9399.34765625
data/datasets/AB+/cluster_4_55.BMP,96,103,39690,139.6341094970703,109.75737762451172,91.32160949707031,12471.40234375
data/datasets/AB+/cluster_4_5504.BMP,96,103,39690,174.5262908935547,102.77855682373047,92.43341827392578,15957.2900390625
data/datasets/AB+/cluster_4_5508.BMP,96,103,39690,172.43719482421875,105.68367004394531,92.40703582763672,14562.513671875
data/datasets/AB+/cluster_4_5512.BMP,96,103,39690,148.34132385253906,110.13400268554688,92.26507568359375,16818.732421875
data/datasets/AB+/cluster_4_5520.BMP,96,103,39690,139.31674194335938,109.57005310058594,92.13065338134766,13574.435546875
data/datasets/AB+/cluster_4_5525.BMP,96,103,39690,154.64027404785156,90.94620513916016,92.42902374267578,8099.07080078125
data/datasets/AB+/cluster_4_5531.BMP,96,103,39690,131.96743774414062,110.18206024169922,91.34799194335938,11766.9189453125
data/datasets/AB+/cluster_4_554.BMP,96,103,39690,153.65200805664062,93.6593246459961,92.4001235961914,8086.0673828125
data/datasets/AB+/cluster_4_5540.BMP,96,103,39690,133.62135314941406,109.36724853515625,89.96858978271484,13431.072265625
data/datasets/AB+/cluster_4_5549.BMP,96,103,39690,136.32666015625,112.28456115722656,92.32977294921875,13165.0419921875
data/datasets/AB+/cluster_4_5562.BMP,96,103,39690,162.989990234375,108.29841613769531,92.43404388427734,12375.568359375
data/datasets/AB+/cluster_4_5565.BMP,96,103,39690,118.40240478515625,114.88288879394531,84.33416748046875,11765.140625
data/datasets/AB+/cluster_4_557.BMP,96,103,39690,172.4962615966797,91.6581802368164,92.42273712158203,11459.1767578125
data/datasets/AB+/cluster_4_5575.BMP,96,103,39690,157.69447326660156,109.00916290283203,92.4258804321289,20618.61328125
data/datasets/AB+/cluster_4_5583.BMP,96,103,39690,152.02943420410156,109.01872253417969,90.82474517822266,19908.08984375
data/datasets/AB+/cluster_4_5594.BMP,96,103,39690,156.41595458984375,95.38251495361328,92.40326690673828,4875.96826171875
data/datasets/AB+/cluster_4_5620.BMP,96,103,39690,146.03579711914062,115.97283172607422,92.32035064697266,7134.36962890625
data/datasets/AB+/cluster_4_5640.BMP,96,103,39690,157.67930603027344,102.42863464355469,91.83668518066406,14065.76171875
data/datasets/AB+/cluster_4_5657.BMP,96,103,39690,172.37753295898438,100.56332397460938,91.4792709350586,11838.25390625
data/datasets/AB+/cluster_4_566.BMP,96,103,39690,168.62469482421875,103.8457260131836,92.43341827392578,12483.123046875
data/datasets/AB+/cluster_4_5665.BMP,96,103,39690,132.5781707763672,110.2162857055664,92.07349395751953,16604.59765625
data/datasets/AB+/cluster_4_5667.BMP,96,103,39690,152.5227508544922,101.63188171386719,92.43404388427734,11409.970703125
data/datasets/AB+/cluster_4_5668.BMP,96,103,39690,163.9176788330078,103.79129791259766,88.32474517822266,19311.80859375
data/datasets/AB+/cluster_4_5670.BMP,96,103,39690,150.16110229492188,108.521484375,92.42273712158203,17312.84765625
data/datasets/AB+/cluster_4_5675.BMP,96,103,39690,180.20974731445312,93.53866577148438,92.3699722290039,9493.5126953125
data/datasets/AB+/cluster_4_5678.BMP,96,103,39690,170.0803985595703,92.11807250976562,92.43404388427734,9386.9541015625
data/datasets/AB+/cluster_4_5679.BMP,96,103,39690,158.7726593017578,105.72900390625,92.43404388427734,9157.640625
data/datasets/AB+/cluster_4_5697.BMP,96,103,39690,173.22421264648438,100.5567398071289,91.58480072021484,16365.27734375
data/datasets/AB+/cluster_4_5705.BMP,96,103,39690,166.07797241210938,93.9527816772461,89.97676086425781,9962.818359375
data/datasets/AB+/cluster_4_5720.BMP,96,103,39690,135.7649688720703,109.7893295288086,91.36683654785156,14727.18359375
data/datasets/AB+/cluster_4_5737.BMP,96,103,39690,140.16525268554688,109.94420623779297,88.62437438964844,17506.447265625
data/datasets/AB+/cluster_4_5742.BMP,96,103,39690,139.49908447265625,114.02996063232422,92.25376892089844,10800.267578125
data/datasets/AB+/cluster_4_5744.BMP,96,103,39690,166.8651885986328,101.82208251953125,91.2361831665039,16496.564453125
data/datasets/AB+/cluster_4_5768.BMP,96,103,39690,180.80177307128906,100.55390167236328,87.2939682006836,9063.52734375
data/datasets/AB+/cluster_4_5770.BMP,96,103,39690,169.0556182861328,103.26245880126953,90.35364532470703,16749.478515625
data/datasets/AB+/cluster_4_5796.BMP,96,103,39690,164.46127319335938,98.28823852539062,92.43404388427734,9681.4765625
data/datasets/AB+/cluster_4_5811.BMP,96,103,39690,135.46945190429688,116.68901824951172,92.43404388427734,10249.025390625
data/datasets/AB+/cluster_4_5820.BMP,96,103,39690,150.75778198242188,108.16073608398438,92.43215942382812,15770.8037109375
data/datasets/AB+/cluster_4_5828.BMP,96,103,39690,198.1613006591797,93.35142517089844,92.42964935302734,9768.38671875
data/datasets/AB+/cluster_4_5832.BMP,96,103,39690,184.08575439453125,93.05876922607422,92.39887237548828,14768.533203125
data/datasets/AB+/cluster_4_5836.BMP,96,103,39690,158.60891723632812,105.09113311767578,92.43404388427734,16313.048828125
data/datasets/AB+/cluster_4_5841.BMP,96,103,39690,156.4553985595703,106.92848205566406,92.35176086425781,15173.1796875
data/datasets/AB+/cluster_4_5844.BMP,96,103,39690,146.23138427734375,112.77835083007812,92.41708374023438,13603.201171875
data/datasets/AB+/cluster_4_5847.BMP,96,103,39690,156.87045288085938,94.08671569824219,88.2851791381836,10580.5849609375
data/datasets/AB+/cluster_4_5854.BMP,96,103,39690,166.90200805664062,102.8082275390625,90.6199722290039,11360.3798828125
data/datasets/AB+/cluster_4_5861.BMP,96,103,39690,140.2843780517578,105.24702453613281,92.43341827392578,8779.84375
data/datasets/AB+/cluster_4_5865.BMP,96,103,39690,156.563720703125,106.6481704711914,91.36431884765625,10982.0478515625
data/datasets/AB+/cluster_4_5873.BMP,96,103,39690,151.73826599121094,108.68685913085938,92.27010345458984,19122.8046875
data/datasets/AB+/cluster_4_588.BMP,96,103,39690,149.63723754882812,111.42426300048828,92.43404388427734,17779.5
data/datasets/AB+/cluster_4_5897.BMP,96,103,39690,156.65443420410156,113.16815948486328,92.43404388427734,8431.3056640625
data/datasets/AB+/cluster_4_590.BMP,96,103,39690,156.44265747070312,103.68730926513672,92.43404388427734,3946.66650390625
data/datasets/AB+/cluster_4_5905.BMP,96,103,39690,172.385009765625,107.4068374633789,92.42776489257812,11844.6904296875
data/datasets/AB+/cluster_4_5919.BMP,96,103,39690,149.05531311035156,110.74588012695312,92.25314331054688,12875.404296875
data/datasets/AB+/cluster_4_5925.BMP,96,103,39690,149.23280334472656,109.81963348388672,92.14196014404297,13153.56640625
data/datasets/AB+/cluster_4_5926.BMP,96,103,39690,130.1199493408203,110.7244644165039,90.67462158203125,15209.1171875
data/datasets/AB+/cluster_4_5929.BMP,96,103,39690,165.82736206054688,104.83061218261719,92.43341827392578,14490.388671875
data/datasets/AB+/cluster_4_5933.BMP,96,103,39690,154.09324645996094,108.24343872070312,92.43279266357422,16374.39453125
data/datasets/AB+/cluster_4_5957.BMP,96,103,39690,140.1696014404297,112.81351470947266,92.305908203125,17469.4296875
data/datasets/AB+/cluster_4_5971.BMP,96,103,39690,150.2614288330078,94.09596252441406,92.43404388427734,6337.90966796875
data/datasets/AB+/cluster_4_598.BMP,96,103,39690,140.6102294921875,110.17375946044922,89.94284057617188,10686.3740234375
data/datasets/AB+/cluster_4_5988.BMP,96,103,39690,147.5235595703125,111.21656799316406,92.42902374267578,16652.466796875
data/datasets/AB+/cluster_4_616.BMP,96,103,39690,154.8488006591797,103.71210479736328,91.37437438964844,12497.1162109375
data/datasets/AB+/cluster_4_619.BMP,96,103,39690,168.12510681152344,105.39366149902344,92.3492431640625,14943.55078125
data/datasets/AB+/cluster_4_628.BMP,96,103,39690,132.3203887939453,110.4749984741211,91.8398208618164,14898.0830078125
data/datasets/AB+/cluster_4_632.BMP,96,103,39690,176.9878692626953,99.79704284667969,92.15641021728516,11695.6162109375
data/datasets/AB+/cluster_4_639.BMP,96,103,39690,121.44538879394531,112.48100280761719,92.3913345336914,14961.240234375
data/datasets/AB+/cluster_4_650.BMP,96,103,39690,158.1682891845703,107.55317687988281,91.1501235961914,15962.375
data/datasets/AB+/cluster_4_663.BMP,96,103,39690,137.20509338378906,110.32683563232422,92.43404388427734,17626.65234375
data/datasets/AB+/cluster_4_687.BMP,96,103,39690,144.1666717529297,109.38530731201172,89.35552978515625,11569.53515625
data/datasets/AB+/cluster_4_700.BMP,96,103,39690,193.2343292236328,74.44091796875,91.69284057617188,5194.8232421875
data/datasets/AB+/cluster_4_703.BMP,96,103,39690,160.76315307617188,104.65011596679688,91.62876892089844,19073.73828125
data/datasets/AB+/cluster_4_705.BMP,96,103,39690,147.61427307128906,108.58931732177734,91.77764129638672,16507.89453125
data/datasets/AB+/cluster_4_719.BMP,96,103,39690,152.8935089111328,108.72191619873047,92.40138244628906,13027.6064453125
data/datasets/AB+/cluster_4_72.BMP,96,103,39690,171.7066192626953,102.33927154541016,90.97801208496094,15040.216796875
data/datasets/AB+/cluster_4_721.BMP,96,103,39690,191.60133361816406,94.30326080322266,92.42776489257812,10809.9208984375
data/datasets/AB+/cluster_4_722.BMP,96,103,39690,138.7264404296875,113.09758758544922,90.87123107910156,8911.73828125
data/datasets/AB+/cluster_4_735.BMP,96,103,39690,178.4347686767578,88.0619888305664,92.43404388427734,5482.9296875
data/datasets/AB+/cluster_4_737.BMP,96,103,39690,159.05723571777344,100.21720886230469,90.74120330810547,9770.10546875
data/datasets/AB+/cluster_4_748.BMP,96,103,39690,146.86407470703125,97.40676879882812,90.01319122314453,8748.84765625
data/datasets/AB+/cluster_4_751.BMP,96,103,39690,158.49757385253906,98.249267578125,92.43404388427734,12081.458984375
data/datasets/AB+/cluster_4_76.BMP,96,103,39690,169.9935302734375,98.9093246459961,92.32349395751953,16625.951171875
data/datasets/AB+/cluster_4_760.BMP,96,103,39690,164.287109375,102.98892974853516,92.43404388427734,14375.6142578125
data/datasets/AB+/cluster_4_775.BMP,96,103,39690,143.3274688720703,108.548828125,92.43341827392578,14662.5751953125
data/datasets/AB+/cluster_4_787.BMP,96,103,39690,165.94700622558594,106.1413345336914,90.50062561035156,20783.43359375
data/datasets/AB+/cluster_4_788.BMP,96,103,39690,138.43234252929688,109.48299407958984,89.72361755371094,16385.626953125
data/datasets/AB+/cluster_4_802.BMP,96,103,39690,148.4390106201172,99.8299560546875,92.43404388427734,8666.8046875
data/datasets/AB+/cluster_4_807.BMP,96,103,39690,169.34768676757812,105.40731811523438,91.94786071777344,12652.16015625
data/datasets/AB+/cluster_4_815.BMP,96,103,39690,160.01597595214844,105.99507904052734,91.90264129638672,12950.640625
data/datasets/AB+/cluster_4_823.BMP,96,103,39690,141.57423400878906,114.6472396850586,92.42337036132812,13357.240234375
data/datasets/AB+/cluster_4_849.BMP,96,103,39690,181.54925537109375,96.56241607666016,91.07600402832031,13124.947265625
data/datasets/AB+/cluster_4_859.BMP,96,103,39690,137.03762817382812,111.34690856933594,92.43404388427734,13431.1416015625
data/datasets/AB+/cluster_4_87.BMP,96,103,39690,154.21197509765625,110.07272338867188,91.69346618652344,9292.505859375
data/datasets/AB+/cluster_4_879.BMP,96,103,39690,183.4325408935547,102.84242248535156,92.43404388427734,11840.611328125
data/datasets/AB+/cluster_4_882.BMP,96,103,39690,151.75637817382812,107.74304962158203,92.30276489257812,15358.2568359375
data/datasets/AB+/cluster_4_886.BMP,96,103,39690,148.86256408691406,113.70387268066406,92.07662963867188,8943.4345703125
data/datasets/AB+/cluster_4_925.BMP,96,103,39690,135.13743591308594,113.65769958496094,92.42776489257812,13127.5859375
data/datasets/AB+/cluster_4_929.BMP,96,103,39690,149.9164581298828,105.49114227294922,90.04271697998047,11612.197265625
data/datasets/AB+/cluster_4_930.BMP,96,103,39690,169.0758514404297,102.55742645263672,91.22299194335938,13926.626953125
data/datasets/AB+/cluster_4_933.BMP,96,103,39690,178.46652221679688,96.7936019897461,92.17022705078125,13466.8837890625
data/datasets/AB+/cluster_4_934.BMP,96,103,39690,133.0249786376953,97.11487579345703,89.7550277709961,8492.3857421875
data/datasets/AB+/cluster_4_939.BMP,96,103,39690,169.46409606933594,102.81381225585938,91.62185668945312,16511.5234375
data/datasets/AB+/cluster_4_951.BMP,96,103,39690,152.05572509765625,104.28484344482422,92.41519927978516,16085.8935546875
data/datasets/AB+/cluster_4_958.BMP,96,103,39690,171.63572692871094,106.747802734375,92.36808776855469,15991.3115234375
data/datasets/AB+/cluster_4_959.BMP,96,103,39690,145.71905517578125,111.58485412597656,92.27764129638672,16280.974609375
data/datasets/AB+/cluster_4_961.BMP,96,103,39690,151.78782653808594,104.63330841064453,91.02261352539062,14882.369140625
data/datasets/AB+/cluster_4_962.BMP,96,103,39690,137.77113342285156,112.28260040283203,89.78831481933594,17099.3671875
data/datasets/AB+/cluster_4_968.BMP,96,103,39690,165.71682739257812,108.73572540283203,86.75376892089844,16017.05859375
data/datasets/AB+/cluster_4_972.BMP,96,103,39690,157.47764587402344,107.51183319091797,92.35364532470703,16737.865234375
data/datasets/AB+/cluster_4_976.BMP,96,103,39690,165.1406707763672,92.30953216552734,92.43404388427734,11560.6875
data/datasets/AB+/cluster_4_996.BMP,96,103,39690,189.65878295898438,96.95598602294922,92.30339050292969,2979.189453125
data/datasets/AB+/cluster_4_997.BMP,96,103,39690,124.70115661621094,113.4072036743164,92.05276489257812,11812.59375
data/datasets/AB-/cluster_5_1003.BMP,96,103,39690,155.3003692626953,104.42645263671875,89.46607971191406,18809.96484375
data/datasets/AB-/cluster_5_1013.BMP,96,103,39690,93.62044525146484,101.0030288696289,81.19158172607422,13211.65625
data/datasets/AB-/cluster_5_1024.BMP,96,103,39690,164.94134521484375,107.37374114990234,92.43404388427734,17111.220703125
data/datasets/AB-/cluster_5_105.BMP,96,103,39690,95.21318817138672,99.24317169189453,82.50062561035156,16765.546875
data/datasets/AB-/cluster_5_1052.BMP,96,103,39690,156.66656494140625,103.54947662353516,89.57977294921875,15261.84375
data/datasets/AB-/cluster_5_1056.BMP,96,103,39690,157.7745819091797,95.260009765625,92.43404388427734,7776.830078125
data/datasets/AB-/cluster_5_1064.BMP,96,103,39690,167.25454711914062,96.64189147949219,90.84422302246094,15564.8203125
data/datasets/AB-/cluster_5_1066.BMP,96,103,39690,123.8878402709961,106.7052001953125,92.27638244628906,19554.546875
data/datasets/AB-/cluster_5_1069.BMP,96,103,39690,111.98958587646484,91.63912963867188,83.64447021484375,9842.701171875
data/datasets/AB-/cluster_5_1073.BMP,96,103,39690,182.45004272460938,86.40791320800781,90.7248764038086,13935.25
data/datasets/AB-/cluster_5_1076.BMP,96,103,39690,165.7401885986328,91.43634796142578,88.34358978271484,10246.4189453125
data/datasets/AB-/cluster_5_1079.BMP,96,103,39690,137.6612091064453,102.9725341796875,92.36872100830078,15080.087890625
data/datasets/AB-/cluster_5_1081.BMP,96,103,39690,166.2022705078125,100.4775390625,88.27010345458984,11202.134765625
data/datasets/AB-/cluster_5_1097.BMP,96,103,39690,137.4998016357422,102.31425476074219,92.4189682006836,11908.458984375
data/datasets/AB-/cluster_5_1098.BMP,96,103,39690,143.6173095703125,105.45744323730469,85.05339050292969,18423.859375
data/datasets/AB-/cluster_5_110.BMP,96,103,39690,121.51314544677734,101.064697265625,86.35678100585938,16950.5546875
data/datasets/AB-/cluster_5_1102.BMP,96,103,39690,128.3989715576172,110.1295394897461,91.72550201416016,15181.896484375
data/datasets/AB-/cluster_5_1103.BMP,96,103,39690,165.93133544921875,92.2343978881836,89.56281280517578,14083.6123046875
data/datasets/AB-/cluster_5_1112.BMP,96,103,39690,128.16798400878906,108.59402465820312,86.11872100830078,17878.96484375
data/datasets/AB-/cluster_5_1124.BMP,96,103,39690,103.82939147949219,102.08683776855469,91.61054992675781,16844.00390625
data/datasets/AB-/cluster_5_113.BMP,96,103,39690,168.07858276367188,101.21775817871094,91.22676086425781,15628.037109375
data/datasets/AB-/cluster_5_1137.BMP,96,103,39690,154.20823669433594,106.70271301269531,92.4302749633789,19981.873046875
data/datasets/AB-/cluster_5_1142.BMP,96,103,39690,172.11245727539062,97.4529800415039,88.24560546875,21364.578125
data/datasets/AB-/cluster_5_1147.BMP,96,103,39690,132.39381408691406,103.3360824584961,92.43404388427734,11862.521484375
data/datasets/AB-/cluster_5_1152.BMP,96,103,39690,146.61256408691406,102.2672348022461,82.63316345214844,19698.953125
data/datasets/AB-/cluster_5_1158.BMP,96,103,39690,159.49635314941406,103.34344482421875,90.0257568359375,20798.67578125
data/datasets/AB-/cluster_5_1166.BMP,96,103,39690,142.18112182617188,111.25494384765625,92.43404388427734,14581.392578125
data/datasets/AB-/cluster_5_1168.BMP,96,103,39690,169.82220458984375,92.69381713867188,87.81846618652344,10882.728515625
data/datasets/AB-/cluster_5_1170.BMP,96,103,39690,146.5718994140625,103.83517456054688,85.29145812988281,20572.98828125
data/datasets/AB-/cluster_5_1171.BMP,96,103,39690,141.11073303222656,107.84251403808594,91.44535064697266,14248.078125
data/datasets/AB-/cluster_5_1176.BMP,96,103,39690,171.527099609375,88.04959869384766,92.23554992675781,9025.716796875
data/datasets/AB-/cluster_5_118.BMP,96,103,39690,152.19720458984375,102.48467254638672,83.89823913574219,18952.45703125
data/datasets/AB-/cluster_5_1192.BMP,96,103,39690,160.81826782226562,100.42395782470703,92.43404388427734,14503.1484375
data/datasets/AB-/cluster_5_1198.BMP,96,103,39690,133.08413696289062,81.79084014892578,81.79962158203125,6993.908203125
data/datasets/AB-/cluster_5_1202.BMP,96,103,39690,129.3174591064453,111.61775207519531,81.2405776977539,11230.361328125
data/datasets/AB-/cluster_5_1206.BMP,96,103,39690,134.6989288330078,105.51080322265625,83.48931884765625,16603.994140625
data/datasets/AB-/cluster_5_121.BMP,96,103,39690,147.3610382080078,107.09693145751953,86.54899597167969,24160.07421875
data/datasets/AB-/cluster_5_1215.BMP,96,103,39690,154.2260284423828,105.64498138427734,89.46922302246094,17802.19140625
data/datasets/AB-/cluster_5_1219.BMP,96,103,39690,124.02892303466797,108.7791748046875,84.50816345214844,18232.130859375
data/datasets/AB-/cluster_5_122.BMP,96,103,39690,187.68295288085938,93.5345458984375,88.61934661865234,14582.634765625
data/datasets/AB-/cluster_5_1220.BMP,96,103,39690,153.0168914794922,90.69627380371094,87.56720733642578,11274.646484375
data/datasets/AB-/cluster_5_1228.BMP,96,103,39690,138.4441680908203,107.96128845214844,91.63253784179688,15317.2109375
data/datasets/AB-/cluster_5_1229.BMP,96,103,39690,117.96611785888672,107.71783447265625,92.310302734375,16433.587890625
data/datasets/AB-/cluster_5_123.BMP,96,103,39690,135.59071350097656,105.06249237060547,91.42650604248047,15809.1220703125
data/datasets/AB-/cluster_5_1237.BMP,96,103,39690,176.7002410888672,100.3095703125,92.43404388427734,13337.1865234375
data/datasets/AB-/cluster_5_1242.BMP,96,103,39690,161.28216552734375,91.09117889404297,88.72738647460938,10286.697265625
data/datasets/AB-/cluster_5_1245.BMP,96,103,39690,158.95883178710938,96.54134368896484,92.32349395751953,11747.8984375
data/datasets/AB-/cluster_5_1249.BMP,96,103,39690,156.98463439941406,106.16657257080078,83.98995208740234,18016.85546875
data/datasets/AB-/cluster_5_1259.BMP,96,103,39690,177.5004119873047,98.5283432006836,91.09107971191406,13423.001953125
data/datasets/AB-/cluster_5_1261.BMP,96,103,39690,166.08413696289062,96.7406005859375,92.03266143798828,14755.302734375
data/datasets/AB-/cluster_5_1286.BMP,96,103,39690,145.56654357910156,96.05397033691406,92.21105194091797,12047.9423828125
data/datasets/AB-/cluster_5_1294.BMP,96,103,39690,137.77427673339844,107.0415267944336,91.69723510742188,16913.3828125
data/datasets/AB-/cluster_5_1299.BMP,96,103,39690,151.4154510498047,105.11181640625,84.22864532470703,18336.85546875
data/datasets/AB-/cluster_5_130.BMP,96,103,39690,98.00819396972656,111.98193359375,90.3492431640625,8067.56396484375
data/datasets/AB-/cluster_5_1300.BMP,96,103,39690,152.07089233398438,99.1855239868164,89.18341827392578,9403.03515625
data/datasets/AB-/cluster_5_1304.BMP,96,103,39690,154.05856323242188,108.19490814208984,86.91583251953125,19672.505859375
data/datasets/AB-/cluster_5_1311.BMP,96,103,39690,175.48898315429688,99.30313873291016,89.55841827392578,15213.8623046875
data/datasets/AB-/cluster_5_1327.BMP,96,103,39690,169.21885681152344,106.50122833251953,90.64007568359375,16432.72265625
data/datasets/AB-/cluster_5_1331.BMP,96,103,39690,139.7393798828125,105.54869079589844,91.59861755371094,17616.66015625
data/datasets/AB-/cluster_5_1354.BMP,96,103,39690,173.21844482421875,96.05162048339844,92.43404388427734,10381.275390625
data/datasets/AB-/cluster_5_1374.BMP,96,103,39690,140.2602081298828,111.34627532958984,92.43404388427734,13277.83203125
data/datasets/AB-/cluster_5_139.BMP,96,103,39690,92.03580474853516,105.08866882324219,92.19158172607422,7720.0703125
data/datasets/AB-/cluster_5_1398.BMP,96,103,39690,143.73028564453125,109.4552993774414,92.43279266357422,16659.265625
data/datasets/AB-/cluster_5_1417.BMP,96,103,39690,107.54389190673828,97.11011505126953,92.43341827392578,9748.197265625
data/datasets/AB-/cluster_5_1422.BMP,96,103,39690,126.85143280029297,108.14312744140625,92.0697250366211,14913.4853515625
data/datasets/AB-/cluster_5_1423.BMP,96,103,39690,161.03883361816406,103.3059310913086,85.80402374267578,17694.779296875
data/datasets/AB-/cluster_5_1432.BMP,96,103,39690,182.4422607421875,93.76791381835938,89.87688446044922,16814.203125
data/datasets/AB-/cluster_5_1435.BMP,96,103,39690,133.57635498046875,110.24554443359375,84.71922302246094,12230.4150390625
data/datasets/AB-/cluster_5_1439.BMP,96,103,39690,139.2515106201172,109.58209228515625,83.79145812988281,12191.123046875
data/datasets/AB-/cluster_5_1440.BMP,96,103,39690,163.7273406982422,101.06689453125,91.87123107910156,18799.076171875
data/datasets/AB-/cluster_5_1444.BMP,96,103,39690,170.1843719482422,91.05928039550781,92.42337036132812,7453.2685546875
data/datasets/AB-/cluster_5_1448.BMP,96,103,39690,152.70559692382812,85.10748291015625,89.4742431640625,6557.63330078125
data/datasets/AB-/cluster_5_1478.BMP,96,103,39690,136.73098754882812,79.3803482055664,92.43404388427734,4600.71533203125
data/datasets/AB-/cluster_5_1494.BMP,96,103,39690,153.12257385253906,99.72181701660156,87.55150604248047,21044.712890625
data/datasets/AB-/cluster_5_1524.BMP,96,103,39690,141.77032470703125,101.48249053955078,84.28580474853516,22209.6953125
data/datasets/AB-/cluster_5_1538.BMP,96,103,39690,157.2214813232422,106.91170501708984,88.07788848876953,17485.390625
data/datasets/AB-/cluster_5_1543.BMP,96,103,39690,156.8433380126953,99.74046325683594,87.17839050292969,12870.6103515625
data/datasets/AB-/cluster_5_1544.BMP,96,103,39690,136.82705688476562,85.0333251953125,89.71293640136719,8141.9638671875
data/datasets/AB-/cluster_5_1550.BMP,96,103,39690,154.4866485595703,98.30928039550781,92.34233856201172,16655.2109375
data/datasets/AB-/cluster_5_1561.BMP,96,103,39690,159.5727081298828,98.22956085205078,92.43404388427734,13553.25
data/datasets/AB-/cluster_5_1565.BMP,96,103,39690,124.74747467041016,115.26627349853516,92.23869323730469,8274.0703125
data/datasets/AB-/cluster_5_1571.BMP,96,103,39690,146.11215209960938,106.3199234008789,92.43341827392578,13308.2919921875
data/datasets/AB-/cluster_5_1573.BMP,96,103,39690,147.7721405029297,107.66213989257812,85.8957290649414,18813.0859375
data/datasets/AB-/cluster_5_1575.BMP,96,103,39690,163.1937713623047,102.07247924804688,92.40703582763672,13887.501953125
data/datasets/AB-/cluster_5_1577.BMP,96,103,39690,160.6397705078125,103.42063903808594,86.9145736694336,20766.896484375
data/datasets/AB-/cluster_5_1582.BMP,96,103,39690,147.99777221679688,97.9262466430664,84.70414733886719,21114.8359375
data/datasets/AB-/cluster_5_1589.BMP,96,103,39690,158.00222778320312,99.7828140258789,91.0552749633789,19486.81640625
data/datasets/AB-/cluster_5_1600.BMP,96,103,39690,134.5314483642578,106.24898529052734,86.71670532226562,23655.5234375
data/datasets/AB-/cluster_5_1613.BMP,96,103,39690,150.97532653808594,105.8304443359375,91.87437438964844,18844.8828125
data/datasets/AB-/cluster_5_1629.BMP,96,103,39690,143.4302215576172,99.86475372314453,92.39823913574219,16714.96484375
data/datasets/AB-/cluster_5_1632.BMP,96,103,39690,146.95529174804688,102.72444152832031,86.68592834472656,15511.294921875
data/datasets/AB-/cluster_5_1660.BMP,96,103,39690,155.85386657714844,106.7098617553711,92.17964935302734,19405.283203125
data/datasets/AB-/cluster_5_1661.BMP,96,103,39690,151.74453735351562,98.42640686035156,87.85050201416016,14956.68359375
data/datasets/AB-/cluster_5_1676.BMP,96,103,39690,160.1226806640625,106.48761749267578,92.40577697753906,19439.35546875
data/datasets/AB-/cluster_5_1677.BMP,96,103,39690,130.91595458984375,100.07194519042969,84.46293640136719,14442.3359375
data/datasets/AB-/cluster_5_168.BMP,96,103,39690,158.2210693359375,95.14727783203125,90.67462158203125,12612.482421875
data/datasets/AB-/cluster_5_1680.BMP,96,103,39690,171.35255432128906,105.29900360107422,92.30967712402344,15875.603515625
data/datasets/AB-/cluster_5_1706.BMP,96,103,39690,103.55774688720703,107.14769744873047,86.59610748291016,9528.701171875
data/datasets/AB-/cluster_5_1710.BMP,96,103,39690,153.56988525390625,107.23379516601562,86.70288848876953,17630.37109375
data/datasets/AB-/cluster_5_1711.BMP,96,103,39690,143.96328735351562,106.03749084472656,92.42713928222656,17116.609375
data/datasets/AB-/cluster_5_1735.BMP,96,103,39690,153.885009765625,104.41780853271484,91.14384460449219,16998.94921875
data/datasets/AB-/cluster_5_1739.BMP,96,103,39690,142.6485595703125,109.91963195800781,92.32788848876953,17436.197265625
data/datasets/AB-/cluster_5_1747.BMP,96,103,39690,136.8233184814453,112.46693420410156,82.49874114990234,9815.4873046875
data/datasets/AB-/cluster_5_175.BMP,96,103,39690,164.70297241210938,103.09844970703125,91.91394805908203,18970.779296875
data/datasets/AB-/cluster_5_1753.BMP,96,103,39690,161.8123016357422,106.00943756103516,80.03203582763672,12467.1396484375
data/datasets/AB-/cluster_5_1754.BMP,96,103,39690,171.77963256835938,101.3956527709961,88.314697265625,17670.841796875
data/datasets/AB-/cluster_5_1758.BMP,96,103,39690,162.75364685058594,103.0220718383789,89.41519927978516,18511.130859375
data/datasets/AB-/cluster_5_1760.BMP,96,103,39690,89.25859832763672,109.30984497070312,83.3498764038086,7560.3759765625
data/datasets/AB-/cluster_5_1772.BMP,96,103,39690,137.06138610839844,74.96974182128906,87.99560546875,5880.609375
data/datasets/AB-/cluster_5_1773.BMP,96,103,39690,148.42132568359375,95.93401336669922,88.57726287841797,17404.51171875
data/datasets/AB-/cluster_5_1783.BMP,96,103,39690,95.2145004272461,98.51476287841797,87.57474517822266,17897.572265625
data/datasets/AB-/cluster_5_1788.BMP,96,103,39690,158.54257202148438,100.22660064697266,88.41519927978516,12898.818359375
data/datasets/AB-/cluster_5_179.BMP,96,103,39690,154.9735107421875,110.1580810546875,82.22173309326172,17698.962890625
data/datasets/AB-/cluster_5_1792.BMP,96,103,39690,144.4807891845703,106.63927459716797,92.09422302246094,17476.37890625
data/datasets/AB-/cluster_5_180.BMP,96,103,39690,153.6906280517578,99.80900573730469,92.43279266357422,12939.8046875
data/datasets/AB-/cluster_5_1831.BMP,96,103,39690,150.8380889892578,99.98448944091797,90.42211151123047,17161.62890625
data/datasets/AB-/cluster_5_1836.BMP,96,103,39690,136.57989501953125,111.97105407714844,92.38630676269531,17223.486328125
data/datasets/AB-/cluster_5_1845.BMP,96,103,39690,161.4658203125,105.0423812866211,92.27700805664062,16943.26171875
data/datasets/AB-/cluster_5_1855.BMP,96,103,39690,126.97694396972656,111.52388000488281,90.43781280517578,9753.142578125
data/datasets/AB-/cluster_5_1861.BMP,96,103,39690,210.52316284179688,86.26673889160156,92.41080474853516,8186.95166015625
data/datasets/AB-/cluster_5_1867.BMP,96,103,39690,130.0697784423828,102.11231994628906,83.57349395751953,20954.2890625
data/datasets/AB-/cluster_5_1872.BMP,96,103,39690,167.58546447753906,100.00926971435547,91.814697265625,16447.27734375
data/datasets/AB-/cluster_5_190.BMP,96,103,39690,144.5652313232422,109.73220825195312,92.01193237304688,15624.560546875
data/datasets/AB-/cluster_5_1901.BMP,96,103,39690,151.39523315429688,105.04058074951172,85.35301208496094,20401.73046875
data/datasets/AB-/cluster_5_1913.BMP,96,103,39690,132.5062713623047,110.05653381347656,91.53706359863281,11171.267578125
data/datasets/AB-/cluster_5_1914.BMP,96,103,39690,169.072509765625,100.05593872070312,90.2594223022461,19941.9453125
data/datasets/AB-/cluster_5_1916.BMP,96,103,39690,163.48817443847656,104.06985473632812,92.42462158203125,9672.123046875
data/datasets/AB-/cluster_5_1933.BMP,96,103,39690,139.41636657714844,105.28955078125,86.94346618652344,17963.671875
data/datasets/AB-/cluster_5_1936.BMP,96,103,39690,119.68537902832031,104.8345947265625,90.68341827392578,14726.06640625
data/datasets/AB-/cluster_5_1949.BMP,96,103,39690,167.7393798828125,100.79570770263672,89.99623107910156,17997.55859375
data/datasets/AB-/cluster_5_1950.BMP,96,103,39690,121.58201599121094,104.80045318603516,92.31784057617188,19788.14453125
data/datasets/AB-/cluster_5_197.BMP,96,103,39690,157.51861572265625,98.86798858642578,90.77261352539062,20480.580078125
data/datasets/AB-/cluster_5_1970.BMP,96,103,39690,188.70944213867188,89.47088623046875,87.83605194091797,13510.9404296875
data/datasets/AB-/cluster_5_1983.BMP,96,103,39690,136.54925537109375,103.99556732177734,83.8542709350586,18885.1875
data/datasets/AB-/cluster_5_1986.BMP,96,103,39690,198.04298400878906,85.30252838134766,91.98115539550781,10447.341796875
data/datasets/AB-/cluster_5_1990.BMP,96,103,39690,105.31017303466797,105.62157440185547,92.00062561035156,19531.6640625
data/datasets/AB-/cluster_5_1994.BMP,96,103,39690,156.80319213867188,98.02082824707031,86.37185668945312,15001.796875
data/datasets/AB-/cluster_5_2006.BMP,96,103,39690,144.7791290283203,102.90374755859375,89.57914733886719,15665.2158203125
data/datasets/AB-/cluster_5_2007.BMP,96,103,39690,151.78448486328125,110.94837188720703,84.43781280517578,18275.03125
data/datasets/AB-/cluster_5_2015.BMP,96,103,39690,161.0178985595703,94.75486755371094,87.18404388427734,6086.61572265625
data/datasets/AB-/cluster_5_2016.BMP,96,103,39690,129.43850708007812,108.54598999023438,86.93718719482422,21930.099609375
data/datasets/AB-/cluster_5_2021.BMP,96,103,39690,131.56077575683594,108.8103256225586,91.54837036132812,22351.25390625
data/datasets/AB-/cluster_5_2024.BMP,96,103,39690,168.05421447753906,96.79901885986328,91.3197250366211,10248.443359375
data/datasets/AB-/cluster_5_2025.BMP,96,103,39690,158.40968322753906,103.75276184082031,91.01947021484375,22239.890625
data/datasets/AB-/cluster_5_2034.BMP,96,103,39690,143.1112518310547,107.45701599121094,89.57349395751953,15277.455078125
data/datasets/AB-/cluster_5_2036.BMP,96,103,39690,134.54965209960938,107.29090118408203,86.74623107910156,20130.853515625
data/datasets/AB-/cluster_5_2051.BMP,96,103,39690,63.94781494140625,96.91130065917969,74.25251007080078,8542.365234375
data/datasets/AB-/cluster_5_2052.BMP,96,103,39690,137.8504180908203,96.21728515625,88.10741424560547,13782.9638671875
data/datasets/AB-/cluster_5_2055.BMP,96,103,39690,90.07797241210938,101.52455139160156,90.53580474853516,19775.8671875
data/datasets/AB-/cluster_5_2066.BMP,96,103,39690,130.33656311035156,109.17768859863281,91.47299194335938,13784.951171875
data/datasets/AB-/cluster_5_2069.BMP,96,103,39690,145.04298400878906,96.15827941894531,92.43404388427734,10183.197265625
data/datasets/AB-/cluster_5_2075.BMP,96,103,39690,152.50242614746094,92.79297637939453,87.06532287597656,16117.064453125
data/datasets/AB-/cluster_5_208.BMP,96,103,39690,143.85194396972656,92.73627471923828,92.43404388427734,11219.546875
data/datasets/AB-/cluster_5_2082.BMP,96,103,39690,145.93841552734375,106.18818664550781,92.2964859008789,23228.58203125
data/datasets/AB-/cluster_5_2085.BMP,96,103,39690,155.6300506591797,106.89480590820312,92.42902374267578,20700.744140625
data/datasets/AB-/cluster_5_2086.BMP,96,103,39690,170.78387451171875,96.6695785522461,92.43341827392578,15737.416015625
data/datasets/AB-/cluster_5_210.BMP,96,103,39690,150.9944305419922,103.77812194824219,91.90264129638672,17434.822265625
data/datasets/AB-/cluster_5_2113.BMP,96,103,39690,131.7243194580078,106.31739044189453,91.55967712402344,17750.35546875
data/datasets/AB-/cluster_5_2116.BMP,96,103,39690,158.27113342285156,99.54290771484375,92.42337036132812,18460.73046875
data/datasets/AB-/cluster_5_2117.BMP,96,103,39690,159.1939697265625,89.93165588378906,89.04585266113281,9739.9033203125
data/datasets/AB-/cluster_5_2119.BMP,96,103,39690,155.26708984375,110.89466857910156,92.43404388427734,13257.173828125
data/datasets/AB-/cluster_5_2121.BMP,96,103,39690,155.83535766601562,105.49674987792969,92.4001235961914,18714.2890625
data/datasets/AB-/cluster_5_2125.BMP,96,103,39690,104.1946792602539,103.11957550048828,78.94786071777344,16097.4541015625
data/datasets/AB-/cluster_5_214.BMP,96,103,39690,143.5931396484375,107.75140380859375,92.24748992919922,17207.83203125
data/datasets/AB-/cluster_5_2140.BMP,96,103,39690,135.2897491455078,78.08010864257812,92.0050277709961,5714.6357421875
data/datasets/AB-/cluster_5_215.BMP,96,103,39690,170.74110412597656,90.84779357910156,92.43279266357422,11942.66015625
data/datasets/AB-/cluster_5_2155.BMP,96,103,39690,101.57221221923828,105.72145080566406,91.56092834472656,11652.81640625
data/datasets/AB-/cluster_5_2160.BMP,96,103,39690,144.33151245117188,105.25013732910156,92.12185668945312,15253.701171875
data/datasets/AB-/cluster_5_2166.BMP,96,103,39690,171.5178985595703,88.20687866210938,91.97235870361328,9644.7421875
data/datasets/AB-/cluster_5_2168.BMP,96,103,39690,150.13653564453125,105.29537963867188,92.34799194335938,18368.96875
data/datasets/AB-/cluster_5_217.BMP,96,103,39690,197.8529510498047,87.57008361816406,92.0,12585.078125
data/datasets/AB-/cluster_5_219.BMP,96,103,39690,177.09425354003906,97.0250244140625,91.23743438720703,16131.896484375
data/datasets/AB-/cluster_5_220.BMP,96,103,39690,169.60133361816406,87.69805908203125,88.98052978515625,8628.26171875
data/datasets/AB-/cluster_5_2201.BMP,96,103,39690,126.90099334716797,83.87094116210938,82.02387237548828,6972.59375
data/datasets/AB-/cluster_5_2207.BMP,96,103,39690,131.1727294921875,103.99968719482422,88.11808776855469,15651.7109375
data/datasets/AB-/cluster_5_2229.BMP,96,103,39690,130.7564697265625,81.38060760498047,88.41394805908203,7145.462890625
data/datasets/AB-/cluster_5_224.BMP,96,103,39690,105.77002716064453,109.93461608886719,90.43279266357422,11677.296875
data/datasets/AB-/cluster_5_2255.BMP,96,103,39690,123.90998840332031,106.53740692138672,85.65326690673828,20290.970703125
data/datasets/AB-/cluster_5_226.BMP,96,103,39690,140.7124786376953,107.46676635742188,89.28894805908203,18171.8515625
data/datasets/AB-/cluster_5_2260.BMP,96,103,39690,155.7224884033203,104.2763671875,90.93153381347656,16895.70703125
data/datasets/AB-/cluster_5_2262.BMP,96,103,39690,146.291259765625,109.642578125,92.4001235961914,8723.9736328125
data/datasets/AB-/cluster_5_2277.BMP,96,103,39690,154.00930786132812,106.80255889892578,85.57160949707031,18955.767578125
data/datasets/AB-/cluster_5_2292.BMP,96,103,39690,160.87106323242188,102.49920654296875,91.96922302246094,14306.1513671875
data/datasets/AB-/cluster_5_2293.BMP,96,103,39690,154.82534790039062,91.3036117553711,92.43404388427734,6158.8564453125
data/datasets/AB-/cluster_5_2302.BMP,96,103,39690,138.55421447753906,107.55452728271484,80.930908203125,21001.1328125
data/datasets/AB-/cluster_5_2319.BMP,96,103,39690,138.20762634277344,111.94091796875,92.10489654541016,13196.21484375
data/datasets/AB-/cluster_5_2325.BMP,96,103,39690,143.74241638183594,108.34318542480469,91.1601791381836,18007.3203125
data/datasets/AB-/cluster_5_233.BMP,96,103,39690,141.71824645996094,87.36671447753906,91.68153381347656,5786.005859375
data/datasets/AB-/cluster_5_2343.BMP,96,103,39690,169.91787719726562,89.85515594482422,89.67776489257812,8598.03125
data/datasets/AB-/cluster_5_2345.BMP,96,103,39690,147.95559692382812,105.77446746826172,89.90829467773438,22134.419921875
data/datasets/AB-/cluster_5_2347.BMP,241,298,215890,189.92703247070312,78.96786499023438,192.80735778808594,2793.12841796875
data/datasets/AB-/cluster_5_2348.BMP,96,103,39690,149.39663696289062,105.95828247070312,85.65389251708984,23565.97265625
data/datasets/AB-/cluster_5_2354.BMP,96,103,39690,170.3139190673828,102.2681655883789,92.43404388427734,14791.36328125
data/datasets/AB-/cluster_5_2364.BMP,96,103,39690,180.89846801757812,97.32048034667969,86.61872100830078,14329.587890625
data/datasets/AB-/cluster_5_2367.BMP,96,103,39690,170.53590393066406,97.55223083496094,91.70791625976562,15860.228515625
data/datasets/AB-/cluster_5_2381.BMP,96,103,39690,143.8506317138672,106.2104721069336,92.41834259033203,17877.65234375
data/datasets/AB-/cluster_5_2382.BMP,96,103,39690,150.32351684570312,105.582275390625,88.1300277709961,17214.015625
data/datasets/AB-/cluster_5_240.BMP,96,103,39690,145.71278381347656,106.54837036132812,89.36872100830078,17698.912109375
data/datasets/AB-/cluster_5_2410.BMP,96,103,39690,148.36337280273438,103.59706115722656,89.70162963867188,16384.53515625
data/datasets/AB-/cluster_5_2416.BMP,96,103,39690,125.6775894165039,112.95852661132812,83.94158172607422,12919.177734375
data/datasets/AB-/cluster_5_2417.BMP,96,103,39690,149.816650390625,89.60835266113281,92.43404388427734,9441.5634765625
data/datasets/AB-/cluster_5_2421.BMP,96,103,39690,133.65524291992188,87.79966735839844,92.43404388427734,6800.6875
data/datasets/AB-/cluster_5_2423.BMP,96,103,39690,173.9253692626953,98.01618194580078,91.28141021728516,16720.40625
data/datasets/AB-/cluster_5_243.BMP,96,103,39690,133.6790008544922,107.41098022460938,91.81846618652344,19372.43359375
data/datasets/AB-/cluster_5_2430.BMP,96,103,39690,166.09779357910156,88.94232940673828,92.43341827392578,8915.525390625
data/datasets/AB-/cluster_5_2432.BMP,96,103,39690,163.26193237304688,95.50259399414062,90.97110748291016,8936.087890625
data/datasets/AB-/cluster_5_2433.BMP,96,103,39690,169.01901245117188,95.61226654052734,91.03203582763672,12535.23828125
data/datasets/AB-/cluster_5_244.BMP,96,103,39690,108.16960144042969,114.77208709716797,91.87814331054688,6823.173828125
data/datasets/AB-/cluster_5_2443.BMP,96,103,39690,137.1873016357422,108.9205322265625,91.52952575683594,16061.8046875
data/datasets/AB-/cluster_5_2457.BMP,96,103,39690,150.95883178710938,93.8089828491211,86.35301208496094,17426.484375
data/datasets/AB-/cluster_5_2478.BMP,96,103,39690,137.24180603027344,103.05561828613281,88.56407165527344,21307.818359375
data/datasets/AB-/cluster_5_248.BMP,96,103,39690,147.20428466796875,106.13024139404297,91.44095611572266,14482.55078125
data/datasets/AB-/cluster_5_2485.BMP,96,103,39690,175.0304412841797,100.1341323852539,92.42713928222656,18079.548828125
data/datasets/AB-/cluster_5_2487.BMP,96,103,39690,140.5104217529297,105.8268051147461,91.60992431640625,18814.5703125
data/datasets/AB-/cluster_5_2499.BMP,96,103,39690,191.9650115966797,84.8862533569336,91.23869323730469,10886.080078125
data/datasets/AB-/cluster_5_2509.BMP,96,103,39690,114.12338256835938,104.40706634521484,88.11746215820312,14847.01953125
data/datasets/AB-/cluster_5_2515.BMP,96,103,39690,127.52872467041016,108.28269958496094,87.46670532226562,18922.029296875
data/datasets/AB-/cluster_5_253.BMP,96,103,39690,118.66889190673828,107.50794982910156,82.9836654663086,19267.146484375
data/datasets/AB-/cluster_5_2532.BMP,96,103,39690,143.45297241210938,99.54000091552734,87.79522705078125,15469.220703125
data/datasets/AB-/cluster_5_2539.BMP,96,103,39690,156.43658447265625,106.08966064453125,92.35678100585938,18894.3125
data/datasets/AB-/cluster_5_2542.BMP,96,103,39690,164.46824645996094,89.70206451416016,84.25125885009766,8436.421875
data/datasets/AB-/cluster_5_2546.BMP,96,103,39690,165.93649291992188,92.24224853515625,90.43843841552734,8059.7900390625
data/datasets/AB-/cluster_5_2547.BMP,96,103,39690,133.1265106201172,85.87997436523438,87.12123107910156,6846.962890625
data/datasets/AB-/cluster_5_2558.BMP,96,103,39690,100.80693817138672,98.67112731933594,90.0741195678711,19994.84375
data/datasets/AB-/cluster_5_2560.BMP,96,103,39690,169.0078887939453,104.26342010498047,92.32097625732422,14806.755859375
data/datasets/AB-/cluster_5_2563.BMP,96,103,39690,159.84768676757812,104.16143798828125,92.37814331054688,17708.80078125
data/datasets/AB-/cluster_5_2564.BMP,96,103,39690,161.59768676757812,99.87339782714844,91.33039855957031,17378.03515625
data/datasets/AB-/cluster_5_2567.BMP,96,103,39690,98.52214813232422,112.45337677001953,90.77449798583984,9500.69140625
data/datasets/AB-/cluster_5_2569.BMP,96,103,39690,162.81846618652344,99.1087646484375,87.59358978271484,16229.794921875
data/datasets/AB-/cluster_5_2571.BMP,96,103,39690,168.28448486328125,98.1616439819336,91.67273712158203,17095.3671875
data/datasets/AB-/cluster_5_258.BMP,96,103,39690,157.6100311279297,95.94757843017578,89.47864532470703,15414.40234375
data/datasets/AB-/cluster_5_2581.BMP,96,103,39690,161.43760681152344,87.09722137451172,89.37123107910156,9653.91796875
data/datasets/AB-/cluster_5_2583.BMP,96,103,39690,153.5503692626953,103.61409759521484,86.35678100585938,19465.271484375
data/datasets/AB-/cluster_5_2584.BMP,96,103,39690,144.1270294189453,93.03926086425781,84.95980072021484,7186.83740234375
data/datasets/AB-/cluster_5_2589.BMP,96,103,39690,144.5175018310547,107.2005615234375,85.33731079101562,16462.8359375
data/datasets/AB-/cluster_5_2590.BMP,96,103,39690,137.05764770507812,106.15502166748047,84.71670532226562,18063.220703125
data/datasets/AB-/cluster_5_2594.BMP,96,103,39690,130.01112365722656,84.11767578125,89.5785140991211,4998.97314453125
data/datasets/AB-/cluster_5_2599.BMP,96,103,39690,125.09334564208984,104.54154968261719,91.34358978271484,12973.07421875
data/datasets/AB-/cluster_5_2600.BMP,96,103,39690,134.30198669433594,88.93841552734375,85.58291625976562,9199.943359375
data/datasets/AB-/cluster_5_2605.BMP,96,103,39690,154.7202606201172,106.00993347167969,92.4145736694336,14802.177734375
data/datasets/AB-/cluster_5_2626.BMP,96,103,39690,170.97259521484375,99.5612564086914,90.2895736694336,18813.435546875
data/datasets/AB-/cluster_5_2641.BMP,96,103,39690,137.4608612060547,96.45291137695312,86.4836654663086,11978.001953125
data/datasets/AB-/cluster_5_2646.BMP,96,103,39690,136.4553985595703,106.50773620605469,91.50691223144531,18323.146484375
data/datasets/AB-/cluster_5_2649.BMP,96,103,39690,169.59425354003906,102.30131530761719,90.61808776855469,10505.892578125
data/datasets/AB-/cluster_5_2652.BMP,96,103,39690,123.34557342529297,106.84201049804688,84.78894805908203,14421.421875
data/datasets/AB-/cluster_5_266.BMP,96,103,39690,129.82119750976562,109.8205337524414,92.41708374023438,16354.9833984375
data/datasets/AB-/cluster_5_2664.BMP,96,103,39690,158.8368682861328,105.01315307617188,92.32537841796875,18717.537109375
data/datasets/AB-/cluster_5_2669.BMP,96,103,39690,189.26072692871094,96.43032836914062,90.67650604248047,10623.5947265625
data/datasets/AB-/cluster_5_2682.BMP,96,103,39690,151.13157653808594,105.96358489990234,88.99748992919922,14267.876953125
data/datasets/AB-/cluster_5_2706.BMP,96,103,39690,128.2531280517578,105.23741149902344,84.72235870361328,17649.232421875
data/datasets/AB-/cluster_5_2711.BMP,96,103,39690,173.48391723632812,99.7101821899414,92.43215942382812,15478.69921875
data/datasets/AB-/cluster_5_2712.BMP,96,103,39690,157.462890625,111.95872497558594,92.40389251708984,12624.625
data/datasets/AB-/cluster_5_2728.BMP,96,103,39690,140.8887481689453,105.509033203125,89.5257568359375,15860.376953125
data/datasets/AB-/cluster_5_2736.BMP,96,103,39690,150.77841186523438,102.06118774414062,85.59673309326172,20284.345703125
data/datasets/AB-/cluster_5_2739.BMP,96,103,39690,151.21774291992188,102.57063293457031,87.37374114990234,22417.6171875
data/datasets/AB-/cluster_5_2762.BMP,96,103,39690,152.77508544921875,102.65321350097656,83.78266143798828,17643.529296875
data/datasets/AB-/cluster_5_277.BMP,96,103,39690,137.14442443847656,107.0794906616211,91.45791625976562,13086.611328125
data/datasets/AB-/cluster_5_2771.BMP,96,103,39690,142.04075622558594,87.4665298461914,85.9214859008789,6999.0185546875
data/datasets/AB-/cluster_5_2777.BMP,96,103,39690,182.9289093017578,89.53804779052734,91.61243438720703,13441.8017578125
data/datasets/AB-/cluster_5_2779.BMP,96,103,39690,173.73968505859375,98.37447357177734,91.60992431640625,15470.986328125
data/datasets/AB-/cluster_5_2792.BMP,96,103,39690,127.91525268554688,106.4568099975586,91.90766143798828,16187.5302734375
data/datasets/AB-/cluster_5_2795.BMP,96,103,39690,154.08889770507812,100.23533630371094,90.4949722290039,19569.521484375
data/datasets/AB-/cluster_5_281.BMP,96,103,39690,185.5391387939453,95.75123596191406,92.43404388427734,9627.197265625
data/datasets/AB-/cluster_5_2814.BMP,96,103,39690,174.78225708007812,92.92616271972656,88.180908203125,12742.193359375
data/datasets/AB-/cluster_5_2823.BMP,96,103,39690,110.06007385253906,112.0665512084961,92.25062561035156,10481.6494140625
data/datasets/AB-/cluster_5_2825.BMP,96,103,39690,152.80218505859375,104.2115478515625,91.10803985595703,16189.53515625
data/datasets/AB-/cluster_5_2830.BMP,96,103,39690,147.90524291992188,103.47079467773438,88.30276489257812,18338.236328125
data/datasets/AB-/cluster_5_2835.BMP,96,103,39690,168.5055694580078,97.66204833984375,89.89447021484375,16880.990234375
data/datasets/AB-/cluster_5_2869.BMP,96,103,39690,150.85244750976562,102.74478149414062,91.56658172607422,19594.92578125
data/datasets/AB-/cluster_5_2886.BMP,241,298,215890,181.8461456298828,95.82625579833984,184.19349670410156,4147.9462890625
data/datasets/AB-/cluster_5_2890.BMP,96,103,39690,132.7173309326172,103.88990783691406,84.95477294921875,19183.33203125
data/datasets/AB-/cluster_5_2893.BMP,96,103,39690,166.33151245117188,83.9675521850586,87.0785140991211,6581.1396484375
data/datasets/AB-/cluster_5_2898.BMP,96,103,39690,178.23867797851562,99.9863052368164,90.40326690673828,14362.107421875
data/datasets/AB-/cluster_5_2899.BMP,96,103,39690,142.3431396484375,106.3664779663086,91.91834259033203,17026.85546875
data/datasets/AB-/cluster_5_2905.BMP,96,103,39690,149.9795684814453,104.70934295654297,88.27952575683594,19192.80078125
data/datasets/AB-/cluster_5_2907.BMP,96,103,39690,166.00262451171875,94.23316192626953,90.27135467529297,16331.1337890625
data/datasets/AB-/cluster_5_2914.BMP,96,103,39690,148.03843688964844,109.2833251953125,92.43404388427734,11507.064453125
data/datasets/AB-/cluster_5_2921.BMP,96,103,39690,172.56138610839844,94.88984680175781,90.83039855957031,17132.0
data/datasets/AB-/cluster_5_2925.BMP,96,103,39690,157.1016387939453,108.05382537841797,86.31532287597656,14607.306640625
data/datasets/AB-/cluster_5_293.BMP,96,103,39690,156.74606323242188,100.36225128173828,86.94032287597656,20189.560546875
data/datasets/AB-/cluster_5_294.BMP,96,103,39690,146.9241485595703,106.45703887939453,82.16331481933594,21029.25
data/datasets/AB-/cluster_5_2958.BMP,96,103,39690,107.87236785888672,109.60517120361328,85.74246215820312,16227.216796875
data/datasets/AB-/cluster_5_2969.BMP,96,103,39690,132.7675018310547,88.53108215332031,90.93718719482422,5957.3134765625
data/datasets/AB-/cluster_5_2975.BMP,96,103,39690,132.7808380126953,84.57122802734375,88.51821899414062,6411.146484375
data/datasets/AB-/cluster_5_2989.BMP,96,103,39690,140.15443420410156,109.6565933227539,81.3241195678711,16392.01953125
data/datasets/AB-/cluster_5_299.BMP,96,103,39690,143.31857299804688,107.41510009765625,92.35992431640625,18144.890625
data/datasets/AB-/cluster_5_2993.BMP,96,103,39690,152.2238006591797,89.4134292602539,90.9007568359375,11425.26953125
data/datasets/AB-/cluster_5_2999.BMP,96,103,39690,153.5497589111328,104.14761352539062,87.12688446044922,20098.81640625
data/datasets/AB-/cluster_5_3007.BMP,96,103,39690,94.48978424072266,104.0371322631836,78.08165740966797,10317.24609375
data/datasets/AB-/cluster_5_3008.BMP,96,103,39690,129.93942260742188,108.80607604980469,83.01696014404297,18785.908203125
data/datasets/AB-/cluster_5_3051.BMP,96,103,39690,132.98411560058594,111.98667907714844,83.79083251953125,13245.23828125
data/datasets/AB-/cluster_5_3057.BMP,96,103,39690,126.9168701171875,108.43878936767578,91.84547424316406,19081.953125
data/datasets/AB-/cluster_5_3063.BMP,96,103,39690,146.64694213867188,89.10853576660156,92.42337036132812,6847.3681640625
data/datasets/AB-/cluster_5_3074.BMP,96,103,39690,132.95388793945312,103.44307708740234,84.35489654541016,13973.3076171875
data/datasets/AB-/cluster_5_3080.BMP,96,103,39690,127.58828735351562,103.36531829833984,91.05715942382812,19165.42578125
data/datasets/AB-/cluster_5_3082.BMP,96,103,39690,144.86883544921875,97.55316925048828,92.14698791503906,8177.443359375
data/datasets/AB-/cluster_5_31.BMP,96,103,39690,144.69761657714844,102.21009063720703,83.06092834472656,13925.404296875
data/datasets/AB-/cluster_5_312.BMP,96,103,39690,129.342529296875,109.81136322021484,91.66708374023438,20689.919921875
data/datasets/AB-/cluster_5_3129.BMP,96,103,39690,114.16737365722656,107.39566802978516,83.72864532470703,19737.86328125
data/datasets/AB-/cluster_5_3135.BMP,96,103,39690,151.0297393798828,110.60375213623047,92.42713928222656,15156.1953125
data/datasets/AB-/cluster_5_314.BMP,96,103,39690,138.21005249023438,108.90318298339844,90.66519927978516,12195.251953125
data/datasets/AB-/cluster_5_315.BMP,96,103,39690,132.1418914794922,104.64518737792969,91.7964859008789,21240.99609375
data/datasets/AB-/cluster_5_3157.BMP,96,103,39690,129.518310546875,109.90467834472656,77.2035140991211,14782.03515625
data/datasets/AB-/cluster_5_317.BMP,96,103,39690,131.22775268554688,112.05912017822266,78.26821899414062,12256.48828125
data/datasets/AB-/cluster_5_318.BMP,96,103,39690,140.11184692382812,110.39781951904297,92.26507568359375,19084.748046875
data/datasets/AB-/cluster_5_3182.BMP,96,103,39690,150.6505889892578,107.51488494873047,81.79271697998047,19289.765625
data/datasets/AB-/cluster_5_3188.BMP,96,103,39690,127.80663299560547,104.68400573730469,92.15892028808594,25532.17578125
data/datasets/AB-/cluster_5_3192.BMP,96,103,39690,142.5347900390625,101.94427490234375,91.95037841796875,24675.841796875
data/datasets/AB-/cluster_5_3197.BMP,96,103,39690,116.50263214111328,107.12894439697266,81.2292709350586,17385.501953125
data/datasets/AB-/cluster_5_3204.BMP,96,103,39690,149.5360107421875,107.67073822021484,92.38191223144531,15843.130859375
data/datasets/AB-/cluster_5_3247.BMP,96,103,39690,143.43800354003906,107.64424133300781,91.24183654785156,17407.8125
data/datasets/AB-/cluster_5_3266.BMP,96,103,39690,144.76324462890625,108.08586883544922,85.08354187011719,19997.462890625
data/datasets/AB-/cluster_5_3268.BMP,96,103,39690,141.47239685058594,90.88397979736328,84.35112762451172,7407.1396484375
data/datasets/AB-/cluster_5_3273.BMP,96,103,39690,173.19093322753906,100.16876220703125,92.36934661865234,11657.7197265625
data/datasets/AB-/cluster_5_3277.BMP,96,103,39690,149.01072692871094,93.129638671875,92.43404388427734,8543.2919921875
data/datasets/AB-/cluster_5_3282.BMP,96,103,39690,140.8048095703125,106.98548889160156,92.43404388427734,15464.060546875
data/datasets/AB-/cluster_5_3294.BMP,96,103,39690,132.896240234375,107.75635528564453,84.67525482177734,17701.572265625
data/datasets/AB-/cluster_5_330.BMP,96,103,39690,171.90089416503906,101.1611557006836,89.37814331054688,15883.58203125
data/datasets/AB-/cluster_5_3304.BMP,96,103,39690,147.6414794921875,91.87530517578125,87.55715942382812,10811.74609375
data/datasets/AB-/cluster_5_3306.BMP,96,103,39690,180.0646209716797,98.83078002929688,92.43404388427734,13881.1220703125
data/datasets/AB-/cluster_5_3310.BMP,96,103,39690,173.45863342285156,97.2900619506836,92.32035064697266,21318.46875
data/datasets/AB-/cluster_5_3312.BMP,96,103,39690,143.0497589111328,98.3718032836914,86.64258575439453,19683.44921875
data/datasets/AB-/cluster_5_332.BMP,96,103,39690,150.84091186523438,104.79947662353516,83.26570129394531,19347.79296875
data/datasets/AB-/cluster_5_3320.BMP,96,103,39690,148.6664581298828,107.33549499511719,86.20539855957031,14456.6484375
data/datasets/AB-/cluster_5_3327.BMP,96,103,39690,136.47239685058594,95.80641174316406,92.42462158203125,6533.62353515625
data/datasets/AB-/cluster_5_3333.BMP,96,103,39690,142.11175537109375,110.60509490966797,89.43907165527344,19103.1640625
data/datasets/AB-/cluster_5_3369.BMP,96,103,39690,176.17971801757812,92.99003601074219,91.83480072021484,11678.12109375
data/datasets/AB-/cluster_5_3374.BMP,96,103,39690,105.29227447509766,111.45184326171875,73.10364532470703,9264.67578125
data/datasets/AB-/cluster_5_3380.BMP,96,103,39690,180.60406494140625,99.542236328125,92.43215942382812,12721.9892578125
data/datasets/AB-/cluster_5_3382.BMP,96,103,39690,125.52194213867188,105.8699951171875,92.39949798583984,16056.396484375
data/datasets/AB-/cluster_5_3383.BMP,96,103,39690,152.63966369628906,105.6199951171875,92.01570129394531,14132.724609375
data/datasets/AB-/cluster_5_3388.BMP,96,103,39690,91.42172241210938,101.82352447509766,89.52952575683594,14778.89453125
data/datasets/AB-/cluster_5_3389.BMP,96,103,39690,163.73675537109375,104.614501953125,86.27700805664062,18218.453125
data/datasets/AB-/cluster_5_3401.BMP,96,103,39690,123.57372283935547,106.55592346191406,89.97299194335938,13936.8203125
data/datasets/AB-/cluster_5_341.BMP,96,103,39690,164.53671264648438,98.1714096069336,91.54522705078125,16809.33203125
data/datasets/AB-/cluster_5_3417.BMP,96,103,39690,131.76881408691406,112.94510650634766,80.61369323730469,15321.951171875
data/datasets/AB-/cluster_5_3418.BMP,96,103,39690,147.42465209960938,106.00457000732422,91.48429870605469,21648.193359375
data/datasets/AB-/cluster_5_3420.BMP,96,103,39690,81.92829895019531,104.70191955566406,90.89007568359375,8134.1435546875
data/datasets/AB-/cluster_5_3426.BMP,241,298,215890,205.93426513671875,81.65859985351562,196.16233825683594,3552.2021484375
data/datasets/AB-/cluster_5_3430.BMP,96,103,39690,105.35568237304688,105.4100570678711,90.60176086425781,13194.5986328125
data/datasets/AB-/cluster_5_346.BMP,96,103,39690,155.21298217773438,92.56463623046875,91.625,7753.09765625
data/datasets/AB-/cluster_5_3468.BMP,96,103,39690,188.1960906982422,97.9602279663086,92.42776489257812,13247.5712890625
data/datasets/AB-/cluster_5_3476.BMP,96,103,39690,125.63248443603516,105.87187194824219,92.0697250366211,18129.01953125
data/datasets/AB-/cluster_5_3480.BMP,96,103,39690,152.2014617919922,103.17826843261719,91.72110748291016,21399.509765625
data/datasets/AB-/cluster_5_3488.BMP,96,103,39690,137.2792205810547,84.10930633544922,85.36620330810547,7766.36767578125
data/datasets/AB-/cluster_5_3491.BMP,96,103,39690,177.1977081298828,96.1873550415039,89.68907165527344,12790.921875
data/datasets/AB-/cluster_5_3494.BMP,96,103,39690,165.87600708007812,101.47779083251953,91.52323913574219,17521.177734375
data/datasets/AB-/cluster_5_3497.BMP,96,103,39690,91.21308898925781,101.57935333251953,78.25062561035156,15749.201171875
data/datasets/AB-/cluster_5_3508.BMP,96,103,39690,141.46348571777344,86.27754211425781,87.23806762695312,9937.4248046875
data/datasets/AB-/cluster_5_3516.BMP,96,103,39690,150.68507385253906,102.74771881103516,91.5898208618164,16863.095703125
data/datasets/AB-/cluster_5_3517.BMP,96,103,39690,107.97815704345703,113.45578002929688,92.43404388427734,10604.0546875
data/datasets/AB-/cluster_5_352.BMP,96,103,39690,157.94882202148438,102.8814926147461,90.97676086425781,24293.78515625
data/datasets/AB-/cluster_5_353.BMP,96,103,39690,140.2506103515625,104.2731704711914,86.50188446044922,20301.890625
data/datasets/AB-/cluster_5_3538.BMP,96,103,39690,144.57351684570312,78.52586364746094,88.694091796875,7286.59228515625
data/datasets/AB-/cluster_5_3541.BMP,96,103,39690,123.97309875488281,105.82855987548828,90.25251007080078,15805.671875
data/datasets/AB-/cluster_5_3543.BMP,96,103,39690,144.9589385986328,111.03701782226562,92.43341827392578,15096.0009765625
data/datasets/AB-/cluster_5_3546.BMP,96,103,39690,130.5752410888672,106.62924194335938,82.125,19713.998046875
data/datasets/AB-/cluster_5_3554.BMP,96,103,39690,157.566650390625,102.39673614501953,82.4836654663086,17065.748046875
data/datasets/AB-/cluster_5_3571.BMP,96,103,39690,161.41433715820312,100.36479187011719,90.23931884765625,13639.45703125
data/datasets/AB-/cluster_5_3573.BMP,96,103,39690,145.0023193359375,107.51959991455078,92.16645812988281,19768.16015625
data/datasets/AB-/cluster_5_3597.BMP,96,103,39690,151.57908630371094,102.37506103515625,91.24811553955078,19128.95703125
data/datasets/AB-/cluster_5_3601.BMP,96,103,39690,169.58970642089844,94.81255340576172,91.57726287841797,12457.962890625
data/datasets/AB-/cluster_5_3617.BMP,96,103,39690,139.120849609375,105.34098052978516,92.42964935302734,17362.544921875
data/datasets/AB-/cluster_5_3622.BMP,96,103,39690,158.9247589111328,106.98688507080078,83.99874114990234,18788.625
data/datasets/AB-/cluster_5_3627.BMP,96,103,39690,155.09121704101562,108.69731903076172,88.69095611572266,17445.75390625
data/datasets/AB-/cluster_5_3644.BMP,96,103,39690,155.5906219482422,99.61296844482422,89.58354187011719,13220.0634765625
data/datasets/AB-/cluster_5_3645.BMP,96,103,39690,142.97845458984375,106.07105255126953,91.8611831665039,19673.287109375
data/datasets/AB-/cluster_5_3654.BMP,96,103,39690,149.18487548828125,79.33866882324219,89.33856964111328,5854.1083984375
data/datasets/AB-/cluster_5_366.BMP,96,103,39690,37.864986419677734,78.74474334716797,72.17273712158203,4464.125
data/datasets/AB-/cluster_5_3666.BMP,96,103,39690,126.88106536865234,93.2788314819336,83.92902374267578,8578.490234375
data/datasets/AB-/cluster_5_3670.BMP,96,103,39690,110.51830291748047,105.74269104003906,73.82349395751953,18160.58984375
data/datasets/AB-/cluster_5_3681.BMP,96,103,39690,169.4127197265625,99.35028839111328,89.34861755371094,17118.1171875
data/datasets/AB-/cluster_5_3682.BMP,96,103,39690,162.0333709716797,101.83740234375,92.41080474853516,16158.53125
data/datasets/AB-/cluster_5_3696.BMP,96,103,39690,159.2585906982422,106.38797760009766,92.29145812988281,17331.984375
data/datasets/AB-/cluster_5_3713.BMP,96,103,39690,179.8897705078125,95.72994995117188,91.7845458984375,14029.888671875
data/datasets/AB-/cluster_5_3717.BMP,96,103,39690,156.72998046875,85.99394989013672,87.40829467773438,5905.42578125
data/datasets/AB-/cluster_5_3720.BMP,96,103,39690,152.8754119873047,105.48241424560547,83.80339050292969,16536.125
data/datasets/AB-/cluster_5_3721.BMP,96,103,39690,106.5128402709961,99.6984634399414,82.09170532226562,12017.2744140625
data/datasets/AB-/cluster_5_3724.BMP,96,103,39690,159.6951904296875,97.28057861328125,86.70791625976562,12197.033203125
data/datasets/AB-/cluster_5_3738.BMP,96,103,39690,115.3096694946289,103.51580047607422,90.37939453125,17046.1875
data/datasets/AB-/cluster_5_3740.BMP,96,103,39690,138.3317108154297,105.78719329833984,84.87625885009766,20156.2265625
data/datasets/AB-/cluster_5_3748.BMP,96,103,39690,146.82322692871094,106.64361572265625,85.49246215820312,15244.48046875
data/datasets/AB-/cluster_5_3760.BMP,96,103,39690,175.9437713623047,94.02247619628906,89.50753784179688,14104.703125
data/datasets/AB-/cluster_5_3766.BMP,96,103,39690,173.35618591308594,98.6924819946289,86.25062561035156,15237.365234375
data/datasets/AB-/cluster_5_3769.BMP,96,103,39690,156.9689483642578,102.01498413085938,86.82914733886719,15375.9013671875
data/datasets/AB-/cluster_5_3789.BMP,96,103,39690,151.64755249023438,110.03671264648438,79.37374114990234,15455.18359375
data/datasets/AB-/cluster_5_3796.BMP,96,103,39690,142.6435089111328,107.04186248779297,82.87814331054688,16839.529296875
data/datasets/AB-/cluster_5_3804.BMP,96,103,39690,159.27841186523438,99.22276306152344,90.70791625976562,17805.09765625
data/datasets/AB-/cluster_5_3808.BMP,96,103,39690,155.18719482421875,105.14513397216797,92.21670532226562,20470.78515625
data/datasets/AB-/cluster_5_3818.BMP,96,103,39690,101.81027221679688,105.94624328613281,81.75376892089844,11838.978515625
data/datasets/AB-/cluster_5_382.BMP,96,103,39690,159.08859252929688,106.01673126220703,87.61872100830078,19590.6328125
data/datasets/AB-/cluster_5_3820.BMP,96,103,39690,135.95985412597656,108.6065444946289,88.24685668945312,19972.6796875
data/datasets/AB-/cluster_5_3823.BMP,96,103,39690,103.21379089355469,107.32219696044922,82.98115539550781,13045.072265625
data/datasets/AB-/cluster_5_3824.BMP,96,103,39690,149.92880249023438,92.919189453125,89.77700805664062,11882.5361328125
data/datasets/AB-/cluster_5_3837.BMP,96,103,39690,121.7534408569336,109.79722595214844,92.29899597167969,16593.2890625
data/datasets/AB-/cluster_5_3838.BMP,96,103,39690,138.8848114013672,86.80580139160156,85.75627899169922,8105.26708984375
data/datasets/AB-/cluster_5_384.BMP,96,103,39690,161.90098571777344,100.57046508789062,87.06407165527344,15728.828125
data/datasets/AB-/cluster_5_3848.BMP,96,103,39690,156.84274291992188,105.78750610351562,92.43404388427734,14050.5390625
data/datasets/AB-/cluster_5_3891.BMP,96,103,39690,168.09951782226562,103.2611083984375,92.42399597167969,17340.408203125
data/datasets/AB-/cluster_5_3893.BMP,96,103,39690,146.85528564453125,105.98361206054688,91.59296417236328,19452.09765625
data/datasets/AB-/cluster_5_3897.BMP,96,103,39690,174.25192260742188,98.1662368774414,87.71293640136719,20194.328125
data/datasets/AB-/cluster_5_3902.BMP,96,103,39690,123.52447509765625,109.18331909179688,86.90389251708984,18022.69921875
data/datasets/AB-/cluster_5_3903.BMP,96,103,39690,162.78236389160156,99.11865234375,89.24372100830078,20482.857421875
data/datasets/AB-/cluster_5_3905.BMP,96,103,39690,162.55258178710938,103.42984771728516,92.42022705078125,17355.767578125
data/datasets/AB-/cluster_5_3908.BMP,96,103,39690,129.5723114013672,109.10693359375,92.0251235961914,18424.951171875
data/datasets/AB-/cluster_5_3909.BMP,96,103,39690,138.2314910888672,87.39994812011719,92.28266143798828,7321.447265625
data/datasets/AB-/cluster_5_3911.BMP,96,103,39690,172.8246307373047,99.84986114501953,89.78643035888672,9987.857421875
data/datasets/AB-/cluster_5_3928.BMP,96,103,39690,182.62631225585938,89.536865234375,90.00376892089844,12997.5
data/datasets/AB-/cluster_5_3929.BMP,96,103,39690,124.06715393066406,107.99726104736328,87.29460144042969,18812.140625
data/datasets/AB-/cluster_5_3935.BMP,96,103,39690,155.87449645996094,103.13543701171875,90.50753784179688,15387.27734375
data/datasets/AB-/cluster_5_3944.BMP,96,103,39690,167.0817108154297,103.8443832397461,84.65577697753906,15856.43359375
data/datasets/AB-/cluster_5_3954.BMP,96,103,39690,181.6277313232422,91.40461730957031,91.47738647460938,14541.76171875
data/datasets/AB-/cluster_5_396.BMP,96,103,39690,160.66160583496094,102.62059783935547,92.23931884765625,14993.03125
data/datasets/AB-/cluster_5_3975.BMP,96,103,39690,102.14512634277344,111.8148422241211,84.16206359863281,8015.4208984375
data/datasets/AB-/cluster_5_3976.BMP,96,103,39690,129.97593688964844,108.62872314453125,87.53580474853516,17156.548828125
data/datasets/AB-/cluster_5_3977.BMP,96,103,39690,133.1959991455078,106.82110595703125,80.94723510742188,13105.86328125
data/datasets/AB-/cluster_5_398.BMP,96,103,39690,147.041259765625,106.69134521484375,91.02261352539062,15627.9609375
data/datasets/AB-/cluster_5_3981.BMP,96,103,39690,162.93841552734375,104.11615753173828,92.3957290649414,13393.4453125
data/datasets/AB-/cluster_5_3982.BMP,96,103,39690,137.5668487548828,109.64424133300781,86.02010345458984,16945.625
data/datasets/AB-/cluster_5_4004.BMP,96,103,39690,185.05076599121094,88.45462036132812,90.89823913574219,10632.736328125
data/datasets/AB-/cluster_5_4015.BMP,96,103,39690,140.1397705078125,99.79097747802734,89.1344223022461,15322.462890625
data/datasets/AB-/cluster_5_4029.BMP,96,103,39690,127.60770416259766,109.74309539794922,79.39887237548828,17858.560546875
data/datasets/AB-/cluster_5_4032.BMP,96,103,39690,162.48513793945312,102.9509506225586,91.55653381347656,16189.6171875
data/datasets/AB-/cluster_5_4033.BMP,96,103,39690,184.8451690673828,86.61547088623047,87.62876892089844,11107.697265625
data/datasets/AB-/cluster_5_4037.BMP,96,103,39690,165.80885314941406,101.21436309814453,87.4861831665039,17558.47265625
data/datasets/AB-/cluster_5_4051.BMP,96,103,39690,149.55380249023438,99.8047866821289,87.88316345214844,13740.548828125
data/datasets/AB-/cluster_5_4063.BMP,96,103,39690,147.51304626464844,100.94182586669922,84.86872100830078,18465.044921875
data/datasets/AB-/cluster_5_4064.BMP,96,103,39690,139.51577758789062,112.85275268554688,92.43404388427734,11777.158203125
data/datasets/AB-/cluster_5_4072.BMP,96,103,39690,130.99191284179688,104.1685562133789,91.12374114990234,21608.27734375
data/datasets/AB-/cluster_5_4080.BMP,96,103,39690,134.342529296875,105.04948425292969,91.56218719482422,18399.22265625
data/datasets/AB-/cluster_5_4087.BMP,96,103,39690,176.7498016357422,99.40553283691406,87.91268920898438,17298.361328125
data/datasets/AB-/cluster_5_4089.BMP,96,103,39690,140.42404174804688,109.11370086669922,92.41960144042969,14450.2021484375
data/datasets/AB-/cluster_5_4092.BMP,96,103,39690,152.22633361816406,99.8428955078125,90.94786071777344,17061.986328125
data/datasets/AB-/cluster_5_4098.BMP,96,103,39690,148.49818420410156,94.82059478759766,89.87248992919922,9369.5869140625
data/datasets/AB-/cluster_5_4102.BMP,96,103,39690,150.78741455078125,101.32437896728516,84.95539855957031,19515.83984375
data/datasets/AB-/cluster_5_4104.BMP,96,103,39690,205.04591369628906,84.0590591430664,92.29837036132812,6356.966796875
data/datasets/AB-/cluster_5_4113.BMP,96,103,39690,143.9620819091797,108.09941101074219,89.2663345336914,16979.8515625
data/datasets/AB-/cluster_5_4130.BMP,96,103,39690,195.768310546875,78.13468170166016,92.43404388427734,7886.1748046875
data/datasets/AB-/cluster_5_4143.BMP,96,103,39690,131.7120819091797,104.51057434082031,91.5163345336914,23953.0859375
data/datasets/AB-/cluster_5_4151.BMP,96,103,39690,143.92051696777344,105.18169403076172,88.69974517822266,16558.34375
data/datasets/AB-/cluster_5_4152.BMP,96,103,39690,192.69711303710938,88.95272827148438,91.39823913574219,11643.4990234375
data/datasets/AB-/cluster_5_4153.BMP,96,103,39690,139.01678466796875,106.5508804321289,89.76256561279297,17754.42578125
data/datasets/AB-/cluster_5_417.BMP,96,103,39690,145.99545288085938,101.5069351196289,88.18215942382812,20783.0
data/datasets/AB-/cluster_5_4178.BMP,96,103,39690,142.57635498046875,100.78002166748047,92.41834259033203,14561.005859375
data/datasets/AB-/cluster_5_4182.BMP,96,103,39690,162.443359375,89.34807586669922,92.43404388427734,8593.58984375
data/datasets/AB-/cluster_5_4191.BMP,96,103,39690,216.5939483642578,75.0397720336914,92.34861755371094,5034.7685546875
data/datasets/AB-/cluster_5_4198.BMP,96,103,39690,147.91090393066406,104.76457214355469,90.75251007080078,17124.072265625
data/datasets/AB-/cluster_5_4200.BMP,96,103,39690,142.71632385253906,109.06633758544922,81.4145736694336,17012.134765625
data/datasets/AB-/cluster_5_4202.BMP,96,103,39690,135.87429809570312,103.88735961914062,88.29208374023438,22884.6015625
data/datasets/AB-/cluster_5_4204.BMP,96,103,39690,158.75091552734375,105.52254486083984,92.43404388427734,15880.9365234375
data/datasets/AB-/cluster_5_4225.BMP,96,103,39690,161.5304412841797,105.58839416503906,92.10803985595703,18246.87890625
data/datasets/AB-/cluster_5_4238.BMP,96,103,39690,188.31593322753906,87.3521499633789,91.2198486328125,12779.05078125
data/datasets/AB-/cluster_5_4246.BMP,96,103,39690,127.52103424072266,106.69343566894531,87.65766143798828,19700.541015625
data/datasets/AB-/cluster_5_4253.BMP,96,103,39690,172.2476806640625,85.78103637695312,86.21293640136719,5369.0859375
data/datasets/AB-/cluster_5_4258.BMP,96,103,39690,131.9189910888672,106.96408081054688,91.4905776977539,18449.796875
data/datasets/AB-/cluster_5_4259.BMP,96,103,39690,142.9654083251953,85.19337463378906,88.6645736694336,9660.345703125
data/datasets/AB-/cluster_5_4263.BMP,96,103,39690,140.60659790039062,94.79039764404297,86.73429870605469,16271.6298828125
data/datasets/AB-/cluster_5_4273.BMP,96,103,39690,159.7295684814453,103.9311752319336,88.10678100585938,12772.435546875
data/datasets/AB-/cluster_5_4275.BMP,96,103,39690,161.9968719482422,100.38563537597656,85.4101791381836,18970.08984375
data/datasets/AB-/cluster_5_4276.BMP,96,103,39690,162.5716094970703,101.13667297363281,91.05150604248047,17756.18359375
data/datasets/AB-/cluster_5_4316.BMP,96,103,39690,150.37449645996094,101.43364715576172,91.16143035888672,15766.6826171875
data/datasets/AB-/cluster_5_4321.BMP,96,103,39690,138.0029296875,104.37799835205078,92.41206359863281,19886.58203125
data/datasets/AB-/cluster_5_4331.BMP,96,103,39690,125.67546844482422,112.48656463623047,92.13819122314453,10351.388671875
data/datasets/AB-/cluster_5_4337.BMP,96,103,39690,145.4360809326172,87.25359344482422,91.29208374023438,9564.4091796875
data/datasets/AB-/cluster_5_434.BMP,96,103,39690,171.99130249023438,99.18982696533203,90.0351791381836,16462.3515625
data/datasets/AB-/cluster_5_4342.BMP,96,103,39690,136.33282470703125,108.84899139404297,87.1457290649414,16004.103515625
data/datasets/AB-/cluster_5_4345.BMP,96,103,39690,121.80157470703125,109.99591064453125,91.98429870605469,14715.072265625
data/datasets/AB-/cluster_5_4347.BMP,96,103,39690,157.77023315429688,104.6235580444336,87.08605194091797,19089.14453125
data/datasets/AB-/cluster_5_4362.BMP,96,103,39690,172.5289306640625,85.13439178466797,92.43404388427734,9015.4580078125
data/datasets/AB-/cluster_5_4371.BMP,96,103,39690,196.46925354003906,91.94994354248047,92.43279266357422,9827.52734375
data/datasets/AB-/cluster_5_4373.BMP,96,103,39690,141.7260284423828,107.99864196777344,87.12625885009766,22398.107421875
data/datasets/AB-/cluster_5_4378.BMP,96,103,39690,153.0789794921875,101.91358947753906,92.3611831665039,21297.599609375
data/datasets/AB-/cluster_5_4380.BMP,96,103,39690,172.5645294189453,98.6061782836914,89.42902374267578,16755.439453125
data/datasets/AB-/cluster_5_4388.BMP,96,103,39690,157.32484436035156,104.54608154296875,92.01570129394531,16855.2890625
data/datasets/AB-/cluster_5_4395.BMP,96,103,39690,136.93719482421875,81.76067352294922,87.51507568359375,7609.0224609375
data/datasets/AB-/cluster_5_4397.BMP,96,103,39690,161.4425506591797,97.50487518310547,90.50439453125,15734.255859375
data/datasets/AB-/cluster_5_44.BMP,96,103,39690,173.74221801757812,96.22274017333984,91.28643035888672,12424.177734375
data/datasets/AB-/cluster_5_4406.BMP,96,103,39690,132.67860412597656,104.51553344726562,83.57600402832031,17602.455078125
data/datasets/AB-/cluster_5_441.BMP,96,103,39690,126.7017593383789,102.72392272949219,91.92839050292969,24427.78125
data/datasets/AB-/cluster_5_4421.BMP,96,103,39690,163.24777221679688,105.04622650146484,82.09233856201172,12766.3203125
data/datasets/AB-/cluster_5_4422.BMP,96,103,39690,137.28660583496094,106.96171569824219,84.90138244628906,22469.1875
data/datasets/AB-/cluster_5_4428.BMP,96,103,39690,169.96743774414062,103.71125793457031,92.41645812988281,18342.50390625
data/datasets/AB-/cluster_5_4444.BMP,96,103,39690,194.9339599609375,86.76187133789062,92.43404388427734,8281.3828125
data/datasets/AB-/cluster_5_4447.BMP,96,103,39690,157.6441192626953,92.99897003173828,86.56784057617188,10116.791015625
data/datasets/AB-/cluster_5_4459.BMP,96,103,39690,161.1279296875,103.81643676757812,92.01570129394531,19607.359375
data/datasets/AB-/cluster_5_4463.BMP,96,103,39690,132.8068389892578,106.81640625,89.00062561035156,23040.595703125
data/datasets/AB-/cluster_5_4470.BMP,96,103,39690,126.75596618652344,110.54469299316406,91.20916748046875,10354.716796875
data/datasets/AB-/cluster_5_4480.BMP,96,103,39690,140.62327575683594,108.48246002197266,89.22550201416016,19038.6015625
data/datasets/AB-/cluster_5_449.BMP,96,103,39690,155.76426696777344,89.13336944580078,85.23806762695312,11395.185546875
data/datasets/AB-/cluster_5_4490.BMP,96,103,39690,190.4176788330078,90.81890869140625,91.66268920898438,12927.9326171875
data/datasets/AB-/cluster_5_4508.BMP,96,103,39690,151.85255432128906,101.37667846679688,90.9007568359375,11949.4443359375
data/datasets/AB-/cluster_5_4513.BMP,96,103,39690,157.9631805419922,100.30864715576172,90.06281280517578,16689.482421875
data/datasets/AB-/cluster_5_4520.BMP,96,103,39690,157.01405334472656,105.03386688232422,90.49434661865234,17667.88671875
data/datasets/AB-/cluster_5_4524.BMP,96,103,39690,141.3056182861328,102.22270965576172,88.91834259033203,24054.00390625
data/datasets/AB-/cluster_5_456.BMP,96,103,39690,176.76405334472656,92.73116302490234,91.03706359863281,15452.357421875
data/datasets/AB-/cluster_5_4572.BMP,96,103,39690,147.7804412841797,106.39165496826172,88.98115539550781,15733.71875
data/datasets/AB-/cluster_5_4577.BMP,96,103,39690,161.47886657714844,101.52287292480469,86.930908203125,16567.375
data/datasets/AB-/cluster_5_4581.BMP,96,103,39690,149.06057739257812,100.20408630371094,86.03266143798828,13917.587890625
data/datasets/AB-/cluster_5_4600.BMP,96,103,39690,134.95216369628906,88.2586441040039,89.11620330810547,5839.2119140625
data/datasets/AB-/cluster_5_4601.BMP,96,103,39690,201.05148315429688,81.39671325683594,92.42839050292969,7823.32421875
data/datasets/AB-/cluster_5_4630.BMP,96,103,39690,167.85406494140625,106.44170379638672,85.77449798583984,16942.3046875
data/datasets/AB-/cluster_5_4643.BMP,96,103,39690,139.8110809326172,108.59550476074219,89.51884460449219,22545.1875
data/datasets/AB-/cluster_5_4652.BMP,96,103,39690,173.75546264648438,98.2500228881836,88.72864532470703,11126.142578125
data/datasets/AB-/cluster_5_4657.BMP,96,103,39690,118.20782470703125,108.58123016357422,87.24623107910156,18336.65625
data/datasets/AB-/cluster_5_4660.BMP,96,103,39690,150.5084991455078,94.4752426147461,92.43404388427734,10993.0537109375
data/datasets/AB-/cluster_5_4663.BMP,96,103,39690,161.344970703125,105.22512817382812,89.70980072021484,17377.0390625
data/datasets/AB-/cluster_5_4664.BMP,96,103,39690,145.521240234375,89.59523010253906,88.3448486328125,7393.3994140625
data/datasets/AB-/cluster_5_4669.BMP,96,103,39690,128.16302490234375,85.748046875,92.43404388427734,5955.564453125
data/datasets/AB-/cluster_5_467.BMP,96,103,39690,146.28195190429688,105.18028259277344,90.75,23536.47265625
data/datasets/AB-/cluster_5_4671.BMP,96,103,39690,165.38531494140625,100.75045013427734,90.41645812988281,19274.77734375
data/datasets/AB-/cluster_5_4685.BMP,96,103,39690,169.48573303222656,98.55818939208984,92.21168518066406,15172.298828125
data/datasets/AB-/cluster_5_4704.BMP,96,103,39690,166.94265747070312,106.3113021850586,88.25062561035156,15208.8984375
data/datasets/AB-/cluster_5_4708.BMP,96,103,39690,129.80673217773438,100.12555694580078,87.9792709350586,23251.8359375
data/datasets/AB-/cluster_5_4711.BMP,96,103,39690,163.2437286376953,98.42939758300781,91.40892028808594,17907.2421875
data/datasets/AB-/cluster_5_4718.BMP,96,103,39690,171.42202758789062,95.39376068115234,88.64635467529297,12211.345703125
data/datasets/AB-/cluster_5_4724.BMP,96,103,39690,145.6959991455078,105.34544372558594,91.3285140991211,16894.5859375
data/datasets/AB-/cluster_5_4728.BMP,96,103,39690,140.3858184814453,100.84794616699219,88.53831481933594,15909.076171875
data/datasets/AB-/cluster_5_4735.BMP,96,103,39690,160.08535766601562,99.80339050292969,87.81156158447266,13911.01171875
data/datasets/AB-/cluster_5_4746.BMP,96,103,39690,144.95721435546875,101.20407104492188,86.83354187011719,19394.150390625
data/datasets/AB-/cluster_5_4756.BMP,96,103,39690,152.27447509765625,104.51557159423828,83.76256561279297,19320.236328125
data/datasets/AB-/cluster_5_4759.BMP,96,103,39690,152.2816619873047,104.26566314697266,86.1601791381836,16649.130859375
data/datasets/AB-/cluster_5_478.BMP,96,103,39690,37.406959533691406,73.337158203125,63.78705978393555,5868.71875
data/datasets/AB-/cluster_5_4791.BMP,96,103,39690,170.00111389160156,98.66023254394531,91.13065338134766,15900.455078125
data/datasets/AB-/cluster_5_4794.BMP,96,103,39690,158.6193389892578,105.17125701904297,92.35552978515625,20964.63671875
data/datasets/AB-/cluster_5_4797.BMP,96,103,39690,161.40463256835938,98.34260559082031,92.43215942382812,14468.580078125
data/datasets/AB-/cluster_5_4817.BMP,96,103,39690,132.69407653808594,96.8017349243164,85.97550201416016,19630.41015625
data/datasets/AB-/cluster_5_4819.BMP,96,103,39690,154.1194305419922,109.37881469726562,83.85050201416016,19472.119140625
data/datasets/AB-/cluster_5_4837.BMP,96,103,39690,166.31776428222656,93.08592224121094,92.43404388427734,9534.0205078125
data/datasets/AB-/cluster_5_4838.BMP,96,103,39690,146.9085693359375,108.24677276611328,91.84610748291016,16471.12109375
data/datasets/AB-/cluster_5_484.BMP,96,103,39690,108.7748794555664,110.66446685791016,82.81784057617188,11774.96875
data/datasets/AB-/cluster_5_4841.BMP,96,103,39690,159.30673217773438,80.6980972290039,92.43404388427734,5792.0068359375
data/datasets/AB-/cluster_5_4842.BMP,96,103,39690,167.93466186523438,94.19879913330078,90.98869323730469,15676.283203125
data/datasets/AB-/cluster_5_4850.BMP,96,103,39690,163.8223114013672,87.60860443115234,89.60615539550781,12834.662109375
data/datasets/AB-/cluster_5_4854.BMP,96,103,39690,164.78428649902344,100.03316497802734,88.7801513671875,19311.74609375
data/datasets/AB-/cluster_5_4866.BMP,96,103,39690,147.43345642089844,101.45115661621094,82.66394805908203,16626.90625
data/datasets/AB-/cluster_5_487.BMP,96,103,39690,149.16090393066406,80.71888732910156,88.97738647460938,7173.908203125
data/datasets/AB-/cluster_5_4875.BMP,96,103,39690,83.43891906738281,106.2085952758789,91.94723510742188,7712.876953125
data/datasets/AB-/cluster_5_4879.BMP,96,103,39690,140.72390747070312,106.19621276855469,92.42713928222656,19199.046875
data/datasets/AB-/cluster_5_4880.BMP,96,103,39690,151.92404174804688,100.68091583251953,91.76821899414062,16205.021484375
data/datasets/AB-/cluster_5_4886.BMP,96,103,39690,141.0043487548828,87.78520202636719,91.82286071777344,8716.3759765625
data/datasets/AB-/cluster_5_4893.BMP,96,103,39690,162.652099609375,102.32713317871094,85.52198791503906,13878.4296875
data/datasets/AB-/cluster_5_49.BMP,96,103,39690,149.15574645996094,94.74574279785156,89.91771697998047,13492.75
data/datasets/AB-/cluster_5_490.BMP,96,103,39690,150.30258178710938,100.51627349853516,88.4001235961914,17706.189453125
data/datasets/AB-/cluster_5_4901.BMP,96,103,39690,147.0102081298828,107.48187255859375,82.96733856201172,18870.96875
data/datasets/AB-/cluster_5_4907.BMP,241,298,215890,189.92703247070312,78.96786499023438,192.80735778808594,2793.12841796875
data/datasets/AB-/cluster_5_4908.BMP,241,298,215890,153.90504455566406,97.14000701904297,175.3555145263672,3271.240966796875
data/datasets/AB-/cluster_5_4911.BMP,96,103,39690,165.0261993408203,100.0049057006836,85.91331481933594,12332.251953125
data/datasets/AB-/cluster_5_4917.BMP,96,103,39690,131.7592010498047,107.28704833984375,83.12437438964844,22609.69921875
data/datasets/AB-/cluster_5_4930.BMP,96,103,39690,160.81593322753906,101.06652069091797,87.35552978515625,17490.9609375
data/datasets/AB-/cluster_5_4931.BMP,96,103,39690,156.9210205078125,104.42630004882812,91.72361755371094,19305.568359375
data/datasets/AB-/cluster_5_4937.BMP,96,103,39690,131.38116455078125,109.96709442138672,78.9007568359375,18095.708984375
data/datasets/AB-/cluster_5_4941.BMP,96,103,39690,118.3819808959961,105.9911117553711,90.89761352539062,15562.171875
data/datasets/AB-/cluster_5_4945.BMP,96,103,39690,175.08950805664062,97.02816772460938,92.19284057617188,13980.630859375
data/datasets/AB-/cluster_5_4952.BMP,96,103,39690,180.11671447753906,93.65644836425781,89.72550201416016,14006.37109375
data/datasets/AB-/cluster_5_4962.BMP,96,103,39690,71.21763610839844,99.39031982421875,90.9654541015625,7507.853515625
data/datasets/AB-/cluster_5_4975.BMP,96,103,39690,128.1254119873047,104.83984375,91.16080474853516,23114.099609375
data/datasets/AB-/cluster_5_4984.BMP,96,103,39690,179.82827758789062,101.90463256835938,87.23869323730469,10927.7666015625
data/datasets/AB-/cluster_5_5001.BMP,96,103,39690,153.40170288085938,105.54423522949219,89.98178100585938,17118.69921875
data/datasets/AB-/cluster_5_5002.BMP,96,103,39690,146.337890625,107.49488830566406,87.51256561279297,16370.806640625
data/datasets/AB-/cluster_5_5011.BMP,96,103,39690,181.70277404785156,96.60955810546875,89.38568115234375,13909.787109375
data/datasets/AB-/cluster_5_5017.BMP,96,103,39690,182.09121704101562,92.74913787841797,90.48429870605469,15045.42578125
data/datasets/AB-/cluster_5_5020.BMP,96,103,39690,116.8792495727539,105.5310287475586,82.75251007080078,17325.861328125
data/datasets/AB-/cluster_5_5029.BMP,96,103,39690,162.15452575683594,96.8160629272461,92.43341827392578,9902.337890625
data/datasets/AB-/cluster_5_5033.BMP,96,103,39690,190.7356414794922,87.58523559570312,91.07349395751953,12423.3828125
data/datasets/AB-/cluster_5_5049.BMP,96,103,39690,130.87196350097656,110.3878173828125,91.47047424316406,17167.416015625
data/datasets/AB-/cluster_5_5055.BMP,96,103,39690,203.84121704101562,83.39225006103516,90.5,8269.44140625
data/datasets/AB-/cluster_5_5060.BMP,96,103,39690,127.30865478515625,108.74927520751953,92.36683654785156,14709.9716796875
data/datasets/AB-/cluster_5_5061.BMP,96,103,39690,114.71207427978516,103.89134979248047,82.31720733642578,23365.9765625
data/datasets/AB-/cluster_5_5062.BMP,96,103,39690,137.81431579589844,105.55419921875,91.67902374267578,22010.6875
data/datasets/AB-/cluster_5_5067.BMP,96,103,39690,151.86134338378906,105.06682586669922,92.13945007324219,19025.85546875
data/datasets/AB-/cluster_5_507.BMP,96,103,39690,130.8429412841797,93.69403839111328,92.34861755371094,11237.8984375
data/datasets/AB-/cluster_5_5081.BMP,241,298,215890,89.4534912109375,99.25971984863281,136.14060974121094,2559.53125
data/datasets/AB-/cluster_5_5082.BMP,96,103,39690,127.07038879394531,109.29661560058594,87.90641021728516,15542.6474609375
data/datasets/AB-/cluster_5_5092.BMP,96,103,39690,166.2745819091797,103.18440246582031,87.14447021484375,16944.26171875
data/datasets/AB-/cluster_5_5096.BMP,96,103,39690,155.14796447753906,106.25301361083984,86.66645812988281,19604.673828125
data/datasets/AB-/cluster_5_5097.BMP,96,103,39690,163.01243591308594,105.0301742553711,91.26319122314453,20425.802734375
data/datasets/AB-/cluster_5_5125.BMP,96,103,39690,124.21784210205078,106.37474822998047,90.25816345214844,12280.826171875
data/datasets/AB-/cluster_5_5134.BMP,96,103,39690,137.57089233398438,109.44295501708984,91.85615539550781,17501.46484375
data/datasets/AB-/cluster_5_5139.BMP,96,103,39690,165.0403594970703,96.5368881225586,92.14384460449219,8380.5390625
data/datasets/AB-/cluster_5_5153.BMP,96,103,39690,111.44983673095703,106.17062377929688,84.23743438720703,21256.15625
data/datasets/AB-/cluster_5_5158.BMP,96,103,39690,160.00070190429688,100.92459106445312,90.37562561035156,18160.001953125
data/datasets/AB-/cluster_5_5172.BMP,96,103,39690,138.24191284179688,83.68621826171875,89.07349395751953,7405.6953125
data/datasets/AB-/cluster_5_5180.BMP,96,103,39690,161.2362518310547,100.84627532958984,91.70916748046875,19993.83203125
data/datasets/AB-/cluster_5_5213.BMP,96,103,39690,139.23492431640625,106.08061218261719,90.76445007324219,14757.2109375
data/datasets/AB-/cluster_5_5219.BMP,96,103,39690,151.35093688964844,104.29369354248047,90.10929870605469,17571.3984375
data/datasets/AB-/cluster_5_5231.BMP,96,103,39690,152.54733276367188,100.56182098388672,84.86808776855469,15851.146484375
data/datasets/AB-/cluster_5_5234.BMP,96,103,39690,170.86862182617188,105.54985046386719,92.4302749633789,17441.1640625
data/datasets/AB-/cluster_5_5244.BMP,96,103,39690,180.92384338378906,99.63905334472656,92.41206359863281,13969.40234375
data/datasets/AB-/cluster_5_5246.BMP,96,103,39690,177.44154357910156,97.70795440673828,91.78329467773438,14111.2578125
data/datasets/AB-/cluster_5_5248.BMP,96,103,39690,142.39309692382812,106.39618682861328,92.18718719482422,17984.3515625
data/datasets/AB-/cluster_5_5250.BMP,96,103,39690,107.8167495727539,103.42105102539062,86.0207290649414,14628.41015625
data/datasets/AB-/cluster_5_5257.BMP,96,103,39690,150.53408813476562,107.88895416259766,92.43341827392578,18670.025390625
data/datasets/AB-/cluster_5_5260.BMP,96,103,39690,182.03660583496094,95.06379699707031,92.25565338134766,15514.55859375
data/datasets/AB-/cluster_5_5262.BMP,96,103,39690,208.92041015625,81.21666717529297,92.43404388427734,8200.0537109375
data/datasets/AB-/cluster_5_5271.BMP,96,103,39690,160.19357299804688,102.51509857177734,84.96607971191406,16368.408203125
data/datasets/AB-/cluster_5_529.BMP,96,103,39690,143.72886657714844,82.06307220458984,83.42462158203125,5788.04150390625
data/datasets/AB-/cluster_5_5290.BMP,96,103,39690,176.06118774414062,85.42484283447266,92.43404388427734,5285.921875
data/datasets/AB-/cluster_5_5292.BMP,96,103,39690,197.2356414794922,86.78248596191406,92.43404388427734,7037.8037109375
data/datasets/AB-/cluster_5_5299.BMP,96,103,39690,109.1078109741211,110.71131896972656,90.189697265625,11166.697265625
data/datasets/AB-/cluster_5_5319.BMP,96,103,39690,161.6837615966797,103.51407623291016,86.625,21541.9296875
data/datasets/AB-/cluster_5_5321.BMP,96,103,39690,168.49392700195312,92.84342193603516,92.25691223144531,15384.943359375
data/datasets/AB-/cluster_5_5324.BMP,96,103,39690,142.4835205078125,104.00051879882812,91.5301513671875,20021.583984375
data/datasets/AB-/cluster_5_534.BMP,96,103,39690,167.739990234375,97.17218780517578,85.32223510742188,15728.8271484375
data/datasets/AB-/cluster_5_5349.BMP,96,103,39690,159.0620880126953,106.26007080078125,88.24874114990234,19580.783203125
data/datasets/AB-/cluster_5_5360.BMP,96,103,39690,173.59425354003906,88.2677993774414,88.49308776855469,9551.5048828125
data/datasets/AB-/cluster_5_5387.BMP,96,103,39690,160.7903594970703,99.13764953613281,89.47235870361328,17397.626953125
data/datasets/AB-/cluster_5_5396.BMP,96,103,39690,161.25131225585938,108.4997329711914,79.8310317993164,14682.6806640625
data/datasets/AB-/cluster_5_5399.BMP,96,103,39690,153.83212280273438,104.2058334350586,91.66960144042969,19906.23046875
data/datasets/AB-/cluster_5_54.BMP,96,103,39690,193.994140625,88.6356201171875,92.43404388427734,10038.41796875
data/datasets/AB-/cluster_5_5400.BMP,96,103,39690,148.31947326660156,94.2703628540039,89.16771697998047,7764.20703125
data/datasets/AB-/cluster_5_5403.BMP,96,103,39690,139.66929626464844,103.59825897216797,91.9214859008789,20178.4296875
data/datasets/AB-/cluster_5_5427.BMP,96,103,39690,121.95499420166016,113.65602111816406,87.29271697998047,9244.44140625
data/datasets/AB-/cluster_5_5432.BMP,96,103,39690,158.38986206054688,103.69696044921875,91.45162963867188,20042.2421875
data/datasets/AB-/cluster_5_5438.BMP,96,103,39690,139.14088439941406,104.43475341796875,90.84861755371094,17862.529296875
data/datasets/AB-/cluster_5_5449.BMP,96,103,39690,171.7747802734375,96.4518814086914,91.6111831665039,17014.12890625
data/datasets/AB-/cluster_5_5452.BMP,96,103,39690,158.8494110107422,104.23419189453125,91.16771697998047,16245.775390625
data/datasets/AB-/cluster_5_5460.BMP,96,103,39690,139.63845825195312,107.7793197631836,89.1758804321289,19880.83984375
data/datasets/AB-/cluster_5_5471.BMP,96,103,39690,150.5349884033203,104.57442474365234,91.73303985595703,14625.2568359375
data/datasets/AB-/cluster_5_5474.BMP,96,103,39690,172.96055603027344,96.26363372802734,91.74560546875,13366.5947265625
data/datasets/AB-/cluster_5_5477.BMP,96,103,39690,136.0221405029297,100.78838348388672,87.05904388427734,22461.458984375
data/datasets/AB-/cluster_5_5483.BMP,96,103,39690,157.76870727539062,106.36265563964844,86.60112762451172,15821.416015625
data/datasets/AB-/cluster_5_5484.BMP,96,103,39690,173.48867797851562,87.73748779296875,92.43153381347656,8085.9619140625
data/datasets/AB-/cluster_5_5488.BMP,96,103,39690,136.9327392578125,81.10350036621094,89.560302734375,5716.35546875
data/datasets/AB-/cluster_5_5491.BMP,96,103,39690,134.22410583496094,75.14140319824219,83.0552749633789,4808.4736328125
data/datasets/AB-/cluster_5_5497.BMP,96,103,39690,151.4468994140625,94.72535705566406,89.45791625976562,7591.9755859375
data/datasets/AB-/cluster_5_5502.BMP,96,103,39690,123.07777404785156,108.50148010253906,91.79837036132812,16823.98046875
data/datasets/AB-/cluster_5_5503.BMP,96,103,39690,149.7735595703125,101.21236419677734,90.65389251708984,18386.54296875
data/datasets/AB-/cluster_5_5507.BMP,96,103,39690,134.0489501953125,99.42353820800781,87.49372100830078,12047.537109375
data/datasets/AB-/cluster_5_5510.BMP,96,103,39690,139.2769012451172,103.39486694335938,91.57726287841797,20526.37890625
data/datasets/AB-/cluster_5_5513.BMP,96,103,39690,156.662109375,104.69200897216797,87.13316345214844,17799.646484375
data/datasets/AB-/cluster_5_5516.BMP,96,103,39690,120.6556396484375,107.1741943359375,78.27952575683594,18195.84765625
data/datasets/AB-/cluster_5_5519.BMP,96,103,39690,161.30552673339844,100.50343322753906,92.314697265625,13656.509765625
data/datasets/AB-/cluster_5_5522.BMP,96,103,39690,117.79652404785156,112.19697570800781,90.56846618652344,12294.8798828125
data/datasets/AB-/cluster_5_5524.BMP,96,103,39690,158.76800537109375,102.26795196533203,90.94346618652344,12123.943359375
data/datasets/AB-/cluster_5_5534.BMP,96,103,39690,168.4477081298828,102.56021118164062,92.14698791503906,16546.55859375
data/datasets/AB-/cluster_5_5535.BMP,96,103,39690,158.41383361816406,103.03768920898438,86.43843841552734,13740.638671875
data/datasets/AB-/cluster_5_556.BMP,96,103,39690,152.79055786132812,94.23554992675781,90.87123107910156,5883.97900390625
data/datasets/AB-/cluster_5_5561.BMP,96,103,39690,158.8422393798828,100.26776885986328,87.95791625976562,17119.021484375
data/datasets/AB-/cluster_5_5563.BMP,96,103,39690,158.50100708007812,96.01971435546875,92.43404388427734,14684.86328125
data/datasets/AB-/cluster_5_5577.BMP,96,103,39690,115.9503402709961,106.85323333740234,84.67964935302734,18440.623046875
data/datasets/AB-/cluster_5_5586.BMP,96,103,39690,126.5617904663086,88.72180938720703,87.32726287841797,9893.9501953125
data/datasets/AB-/cluster_5_5589.BMP,96,103,39690,180.20155334472656,93.81866455078125,92.38316345214844,13322.212890625
data/datasets/AB-/cluster_5_559.BMP,96,103,39690,163.79763793945312,102.48526763916016,90.55653381347656,20107.61328125
data/datasets/AB-/cluster_5_5593.BMP,96,103,39690,145.07058715820312,111.2844467163086,92.3913345336914,13041.505859375
data/datasets/AB-/cluster_5_5598.BMP,96,103,39690,130.2785186767578,105.80188751220703,84.07600402832031,14330.16796875
data/datasets/AB-/cluster_5_5604.BMP,96,103,39690,143.32574462890625,108.72541809082031,87.13127899169922,20360.615234375
data/datasets/AB-/cluster_5_5608.BMP,96,103,39690,172.07969665527344,93.04303741455078,90.90641021728516,16975.69921875
data/datasets/AB-/cluster_5_5609.BMP,96,103,39690,149.52821350097656,107.18926239013672,88.17839050292969,15432.703125
data/datasets/AB-/cluster_5_561.BMP,96,103,39690,144.50384521484375,111.33908081054688,92.43404388427734,13028.474609375
data/datasets/AB-/cluster_5_5618.BMP,96,103,39690,161.1164093017578,97.4271240234375,89.5050277709961,20242.65625
data/datasets/AB-/cluster_5_5635.BMP,96,103,39690,154.5368194580078,101.18974304199219,92.43404388427734,13551.2685546875
data/datasets/AB-/cluster_5_5637.BMP,96,103,39690,140.00657653808594,107.33968353271484,89.08291625976562,21370.203125
data/datasets/AB-/cluster_5_5639.BMP,96,103,39690,151.24949645996094,99.53852081298828,90.23178100585938,17156.79296875
data/datasets/AB-/cluster_5_5663.BMP,96,103,39690,140.6547393798828,89.7506103515625,87.85678100585938,3794.452392578125
data/datasets/AB-/cluster_5_5685.BMP,96,103,39690,138.0164794921875,106.9145278930664,89.14384460449219,22844.23828125
data/datasets/AB-/cluster_5_5692.BMP,96,103,39690,158.14492797851562,106.30952453613281,92.43341827392578,16883.125
data/datasets/AB-/cluster_5_5693.BMP,96,103,39690,137.5662384033203,98.39871978759766,82.95539855957031,12609.93359375
data/datasets/AB-/cluster_5_5698.BMP,96,103,39690,144.9354705810547,105.67626190185547,92.40200805664062,21404.70703125
data/datasets/AB-/cluster_5_5699.BMP,96,103,39690,169.95681762695312,96.52816009521484,92.43404388427734,12280.84375
data/datasets/AB-/cluster_5_5701.BMP,96,103,39690,142.57443237304688,108.23717498779297,92.3052749633789,19244.78125
data/datasets/AB-/cluster_5_5702.BMP,96,103,39690,145.98280334472656,104.61380767822266,90.23241424560547,18894.873046875
data/datasets/AB-/cluster_5_5703.BMP,96,103,39690,151.5631103515625,105.07108306884766,92.4189682006836,18476.681640625
data/datasets/AB-/cluster_5_5708.BMP,96,103,39690,154.9319305419922,102.30311584472656,92.13756561279297,16357.5263671875
data/datasets/AB-/cluster_5_5712.BMP,96,103,39690,123.56270599365234,111.34296417236328,87.63630676269531,13005.1484375
data/datasets/AB-/cluster_5_5716.BMP,96,103,39690,195.5852508544922,82.28678131103516,87.9648208618164,8512.2900390625
data/datasets/AB-/cluster_5_5722.BMP,96,103,39690,174.8765106201172,103.31403350830078,84.5810317993164,12255.154296875
data/datasets/AB-/cluster_5_5726.BMP,96,103,39690,165.52316284179688,96.04948425292969,90.71858978271484,15569.30859375
data/datasets/AB-/cluster_5_5732.BMP,96,103,39690,169.5931396484375,100.69255065917969,92.40389251708984,15605.880859375
data/datasets/AB-/cluster_5_5745.BMP,96,103,39690,120.93578338623047,105.0885009765625,92.42462158203125,19012.19140625
data/datasets/AB-/cluster_5_5749.BMP,96,103,39690,143.22158813476562,103.74180603027344,88.18279266357422,17886.140625
data/datasets/AB-/cluster_5_575.BMP,96,103,39690,165.33424377441406,100.5240707397461,92.43404388427734,10078.09375
data/datasets/AB-/cluster_5_5750.BMP,96,103,39690,146.4176788330078,86.68472290039062,89.09735870361328,9614.119140625
data/datasets/AB-/cluster_5_5760.BMP,96,103,39690,156.26800537109375,99.59008026123047,92.43404388427734,14249.1396484375
data/datasets/AB-/cluster_5_5762.BMP,96,103,39690,196.17010498046875,84.76461029052734,90.7248764038086,9987.501953125
data/datasets/AB-/cluster_5_5764.BMP,96,103,39690,164.1112518310547,100.93109130859375,88.33039855957031,23372.90625
data/datasets/AB-/cluster_5_5777.BMP,96,103,39690,147.9618682861328,108.84306335449219,91.20414733886719,18526.5078125
data/datasets/AB-/cluster_5_5803.BMP,96,103,39690,117.91161346435547,107.75316619873047,91.13568115234375,17290.85546875
data/datasets/AB-/cluster_5_5804.BMP,96,103,39690,137.6387481689453,108.52972412109375,89.0395736694336,19509.33203125
data/datasets/AB-/cluster_5_5807.BMP,96,103,39690,156.7627410888672,86.41390991210938,90.65326690673828,3930.9765625
data/datasets/AB-/cluster_5_5808.BMP,96,103,39690,172.58566284179688,103.29999542236328,91.51821899414062,15361.1494140625
data/datasets/AB-/cluster_5_5823.BMP,96,103,39690,134.49049377441406,100.84907531738281,91.20226287841797,11868.2236328125
data/datasets/AB-/cluster_5_5834.BMP,96,103,39690,101.49817657470703,110.98776245117188,89.04773712158203,8395.837890625
data/datasets/AB-/cluster_5_5835.BMP,96,103,39690,149.62803649902344,84.40528106689453,84.49560546875,6124.8134765625
data/datasets/AB-/cluster_5_5842.BMP,96,103,39690,186.0249786376953,94.52706909179688,91.70162963867188,14971.75390625
data/datasets/AB-/cluster_5_5843.BMP,96,103,39690,131.53297424316406,109.24189758300781,91.78580474853516,12883.5244140625
data/datasets/AB-/cluster_5_5887.BMP,96,103,39690,137.04278564453125,107.9090347290039,92.42273712158203,19048.78515625
data/datasets/AB-/cluster_5_5888.BMP,96,103,39690,123.70995330810547,108.19842529296875,92.28266143798828,22886.86328125
data/datasets/AB-/cluster_5_5890.BMP,96,103,39690,163.77244567871094,102.11343383789062,92.43404388427734,14456.4296875
data/datasets/AB-/cluster_5_5892.BMP,96,103,39690,170.12095642089844,97.32946014404297,91.01445007324219,16628.3125
data/datasets/AB-/cluster_5_5895.BMP,96,103,39690,150.45034790039062,86.44160461425781,87.51821899414062,9268.2421875
data/datasets/AB-/cluster_5_5896.BMP,96,103,39690,136.75485229492188,105.17778015136719,90.79585266113281,15399.490234375
data/datasets/AB-/cluster_5_5910.BMP,96,103,39690,163.89886474609375,100.74351501464844,90.09233856201172,16623.4140625
data/datasets/AB-/cluster_5_5950.BMP,96,103,39690,139.7137908935547,110.7288818359375,92.07349395751953,16262.51953125
data/datasets/AB-/cluster_5_5954.BMP,96,103,39690,135.6514892578125,109.52981567382812,92.08165740966797,19695.65234375
data/datasets/AB-/cluster_5_5956.BMP,96,103,39690,122.95934295654297,111.42669677734375,91.2851791381836,10978.703125
data/datasets/AB-/cluster_5_5961.BMP,96,103,39690,137.08242797851562,105.95712280273438,86.00879669189453,22704.3984375
data/datasets/AB-/cluster_5_597.BMP,96,103,39690,163.049560546875,98.01976013183594,91.90264129638672,16315.91015625
data/datasets/AB-/cluster_5_5974.BMP,96,103,39690,149.26992797851562,96.52165222167969,88.27135467529297,11517.455078125
data/datasets/AB-/cluster_5_5980.BMP,96,103,39690,150.60507202148438,97.17779541015625,84.14384460449219,8495.962890625
data/datasets/AB-/cluster_5_5990.BMP,96,103,39690,105.7599105834961,102.18034362792969,86.30150604248047,14756.02734375
data/datasets/AB-/cluster_5_5992.BMP,96,103,39690,168.1428985595703,102.38561248779297,87.055908203125,16750.15234375
data/datasets/AB-/cluster_5_609.BMP,96,103,39690,133.43142700195312,103.08604431152344,89.45980072021484,17565.9921875
data/datasets/AB-/cluster_5_620.BMP,96,103,39690,162.69984436035156,104.77718353271484,90.51570129394531,17368.4765625
data/datasets/AB-/cluster_5_630.BMP,96,103,39690,139.1898193359375,105.63902282714844,92.17462158203125,19449.515625
data/datasets/AB-/cluster_5_633.BMP,96,103,39690,111.2506103515625,100.15776824951172,90.67399597167969,20382.51953125
data/datasets/AB-/cluster_5_648.BMP,96,103,39690,84.34243774414062,106.0523910522461,90.48052978515625,8074.173828125
data/datasets/AB-/cluster_5_656.BMP,96,103,39690,198.0886993408203,83.58800506591797,87.01758575439453,7799.439453125
data/datasets/AB-/cluster_5_657.BMP,96,103,39690,148.73715209960938,105.35406494140625,87.70226287841797,16324.708984375
data/datasets/AB-/cluster_5_670.BMP,96,103,39690,40.083030700683594,83.38176727294922,75.98115539550781,3575.548583984375
data/datasets/AB-/cluster_5_674.BMP,96,103,39690,148.50930786132812,91.63557434082031,88.87437438964844,8369.345703125
data/datasets/AB-/cluster_5_683.BMP,96,103,39690,144.61407470703125,106.05921173095703,88.73178100585938,17632.990234375
data/datasets/AB-/cluster_5_701.BMP,96,103,39690,102.53944396972656,104.1272201538086,90.46231079101562,15244.4013671875
data/datasets/AB-/cluster_5_71.BMP,96,103,39690,129.14361572265625,104.07649230957031,83.59358978271484,19695.986328125
data/datasets/AB-/cluster_5_710.BMP,96,103,39690,193.5149688720703,88.43192291259766,91.26758575439453,11559.6142578125
data/datasets/AB-/cluster_5_718.BMP,96,103,39690,172.8258514404297,100.12519073486328,92.42964935302734,16483.748046875
data/datasets/AB-/cluster_5_725.BMP,96,103,39690,149.9439697265625,111.45519256591797,92.38756561279297,12325.3876953125
data/datasets/AB-/cluster_5_736.BMP,96,103,39690,141.7324981689453,101.27281951904297,87.48995208740234,16190.095703125
data/datasets/AB-/cluster_5_745.BMP,96,103,39690,165.905029296875,104.5320816040039,88.85803985595703,17028.8828125
data/datasets/AB-/cluster_5_754.BMP,96,103,39690,165.24514770507812,101.79723358154297,87.17085266113281,19194.01953125
data/datasets/AB-/cluster_5_763.BMP,96,103,39690,187.9376983642578,91.98699951171875,91.36808776855469,12539.7646484375
data/datasets/AB-/cluster_5_764.BMP,96,103,39690,158.9689483642578,104.58168029785156,90.87939453125,17595.0859375
data/datasets/AB-/cluster_5_766.BMP,96,103,39690,177.31057739257812,94.41381072998047,92.3957290649414,10371.3818359375
data/datasets/AB-/cluster_5_769.BMP,96,103,39690,164.51072692871094,103.61170959472656,91.65892028808594,14255.4267578125
data/datasets/AB-/cluster_5_772.BMP,96,103,39690,139.89796447753906,91.05033111572266,88.9905776977539,8220.609375
data/datasets/AB-/cluster_5_780.BMP,96,103,39690,145.8614501953125,88.00169372558594,92.43404388427734,10361.6259765625
data/datasets/AB-/cluster_5_8.BMP,96,103,39690,161.63693237304688,104.46427917480469,92.13693237304688,16377.09375
data/datasets/AB-/cluster_5_80.BMP,96,103,39690,191.31341552734375,89.4379653930664,92.23869323730469,13139.30859375
data/datasets/AB-/cluster_5_801.BMP,96,103,39690,134.8201904296875,91.82319641113281,85.69723510742188,7147.5849609375
data/datasets/AB-/cluster_5_81.BMP,96,103,39690,166.97976684570312,101.08689880371094,87.38127899169922,16740.90234375
data/datasets/AB-/cluster_5_819.BMP,96,103,39690,143.9318389892578,108.64288330078125,83.39635467529297,21433.267578125
data/datasets/AB-/cluster_5_82.BMP,96,103,39690,185.58323669433594,95.46066284179688,88.72110748291016,13296.4453125
data/datasets/AB-/cluster_5_820.BMP,96,103,39690,154.01588439941406,98.44647979736328,82.67650604248047,13630.669921875
data/datasets/AB-/cluster_5_838.BMP,96,103,39690,152.6873016357422,91.39468383789062,87.03266143798828,8557.13671875
data/datasets/AB-/cluster_5_840.BMP,96,103,39690,161.79803466796875,98.58108520507812,84.90641021728516,16365.75390625
data/datasets/AB-/cluster_5_852.BMP,96,103,39690,102.33757781982422,109.84007263183594,85.97989654541016,8656.6357421875
data/datasets/AB-/cluster_5_853.BMP,96,103,39690,160.73098754882812,101.72586822509766,91.27700805664062,18424.318359375
data/datasets/AB-/cluster_5_866.BMP,96,103,39690,183.94882202148438,93.50608825683594,92.42462158203125,16790.80859375
data/datasets/AB-/cluster_5_867.BMP,96,103,39690,154.63400268554688,101.95679473876953,91.45288848876953,18882.810546875
data/datasets/AB-/cluster_5_876.BMP,96,103,39690,165.29278564453125,104.35131072998047,88.26884460449219,21800.755859375
data/datasets/AB-/cluster_5_887.BMP,96,103,39690,167.12429809570312,101.88959503173828,92.06407165527344,14951.7841796875
data/datasets/AB-/cluster_5_889.BMP,96,103,39690,150.14239501953125,102.43096923828125,92.02449798583984,20391.123046875
data/datasets/AB-/cluster_5_891.BMP,96,103,39690,90.50242614746094,104.9215087890625,88.70854187011719,8203.3310546875
data/datasets/AB-/cluster_5_895.BMP,96,103,39690,147.9424591064453,104.06465148925781,90.54271697998047,21320.1328125
data/datasets/AB-/cluster_5_898.BMP,96,103,39690,152.1222686767578,105.68305206298828,88.82097625732422,14593.6171875
data/datasets/AB-/cluster_5_899.BMP,96,103,39690,170.3971405029297,99.49893188476562,92.43404388427734,14731.275390625
data/datasets/AB-/cluster_5_901.BMP,96,103,39690,129.8971405029297,111.82308197021484,90.35803985595703,14270.5908203125
data/datasets/AB-/cluster_5_903.BMP,96,103,39690,114.65078735351562,100.40547943115234,80.060302734375,19877.33984375
data/datasets/AB-/cluster_5_907.BMP,96,103,39690,175.44932556152344,83.80302429199219,92.43404388427734,8721.0078125
data/datasets/AB-/cluster_5_916.BMP,96,103,39690,157.7243194580078,89.79556274414062,91.76884460449219,13683.423828125
data/datasets/AB-/cluster_5_919.BMP,96,103,39690,142.83505249023438,105.10342407226562,91.36054992675781,15368.525390625
data/datasets/AB-/cluster_5_920.BMP,96,103,39690,141.65452575683594,89.18177032470703,86.68467712402344,10783.119140625
data/datasets/AB-/cluster_5_922.BMP,96,103,39690,164.59152221679688,102.7078857421875,91.96231079101562,17506.63671875
data/datasets/AB-/cluster_5_94.BMP,96,103,39690,161.37408447265625,99.65807342529297,90.48492431640625,14293.8037109375
data/datasets/AB-/cluster_5_943.BMP,96,103,39690,145.5558319091797,104.67195892333984,91.86054992675781,20851.412109375
data/datasets/AB-/cluster_5_944.BMP,96,103,39690,161.52589416503906,101.38692474365234,86.9145736694336,17072.69921875
data/datasets/AB-/cluster_5_945.BMP,96,103,39690,170.64663696289062,92.42496490478516,92.43404388427734,5712.09765625
data/datasets/AB-/cluster_5_948.BMP,96,103,39690,139.4993896484375,106.52925109863281,87.22361755371094,21169.80078125
data/datasets/AB-/cluster_5_95.BMP,96,103,39690,154.96066284179688,102.62490844726562,92.30213928222656,13037.0185546875
data/datasets/AB-/cluster_5_950.BMP,96,103,39690,158.79470825195312,105.40426635742188,92.42525482177734,14437.8955078125
data/datasets/AB-/cluster_5_969.BMP,96,103,39690,173.974609375,95.56745910644531,89.77889251708984,16879.509765625
data/datasets/AB-/cluster_5_984.BMP,96,103,39690,177.19154357910156,93.842041015625,87.11369323730469,14367.5986328125
data/datasets/B+/cluster_2_10.BMP,96,103,39690,160.75718688964844,95.407470703125,87.15326690673828,9806.28125
data/datasets/B+/cluster_2_1006.BMP,96,103,39690,152.8826904296875,102.01383972167969,87.98554992675781,11624.236328125
data/datasets/B+/cluster_2_1012.BMP,96,103,39690,168.4085693359375,104.25434875488281,92.42713928222656,14119.8291015625
data/datasets/B+/cluster_2_1021.BMP,96,103,39690,177.524169921875,97.76229858398438,91.16834259033203,9317.703125
data/datasets/B+/cluster_2_1038.BMP,96,103,39690,140.45458984375,106.98651123046875,89.11808776855469,17830.29296875
data/datasets/B+/cluster_2_104.BMP,96,103,39690,137.98968505859375,116.23297119140625,90.71231079101562,5280.3779296875
data/datasets/B+/cluster_2_1048.BMP,96,103,39690,151.42637634277344,104.45222473144531,89.42902374267578,19961.4609375
data/datasets/B+/cluster_2_1051.BMP,96,103,39690,169.3140106201172,94.31578826904297,90.37248992919922,12051.6123046875
data/datasets/B+/cluster_2_1053.BMP,96,103,39690,155.89390563964844,107.54846954345703,91.56720733642578,13131.470703125
data/datasets/B+/cluster_2_1077.BMP,96,103,39690,157.85032653808594,107.64356994628906,91.74623107910156,17138.330078125
data/datasets/B+/cluster_2_1078.BMP,96,103,39690,164.787109375,104.37494659423828,89.89635467529297,17198.7265625
data/datasets/B+/cluster_2_1088.BMP,96,103,39690,141.8197784423828,113.4357681274414,78.9535140991211,11259.234375
data/datasets/B+/cluster_2_1090.BMP,96,103,39690,152.930419921875,105.43864440917969,90.8241195678711,15645.134765625
data/datasets/B+/cluster_2_1093.BMP,96,103,39690,180.43365478515625,94.7841796875,91.4447250366211,11977.845703125
data/datasets/B+/cluster_2_1100.BMP,96,103,39690,166.76507568359375,97.89580535888672,87.14635467529297,12346.3349609375
data/datasets/B+/cluster_2_1108.BMP,96,103,39690,158.49534606933594,104.99678039550781,85.54271697998047,17123.896484375
data/datasets/B+/cluster_2_1111.BMP,96,103,39690,145.2721405029297,99.66361999511719,92.43341827392578,7922.021484375
data/datasets/B+/cluster_2_1125.BMP,96,103,39690,135.5881805419922,109.14315795898438,81.8542709350586,13353.828125
data/datasets/B+/cluster_2_1135.BMP,96,103,39690,126.84405517578125,111.06304931640625,83.56658172607422,17464.140625
data/datasets/B+/cluster_2_1140.BMP,96,103,39690,154.61276245117188,94.34419250488281,86.34233856201172,8579.98046875
data/datasets/B+/cluster_2_1150.BMP,96,103,39690,123.67374420166016,107.60001373291016,89.16519927978516,12614.16796875
data/datasets/B+/cluster_2_1157.BMP,96,103,39690,148.387939453125,106.8433837890625,85.96105194091797,20025.9765625
data/datasets/B+/cluster_2_1160.BMP,96,103,39690,156.24615478515625,97.39787292480469,87.72235870361328,9727.4814453125
data/datasets/B+/cluster_2_1182.BMP,96,103,39690,125.56098175048828,109.632080078125,80.8611831665039,15122.8134765625
data/datasets/B+/cluster_2_1186.BMP,96,103,39690,116.84172821044922,109.80599212646484,80.44095611572266,13494.8056640625
data/datasets/B+/cluster_2_1189.BMP,96,103,39690,164.56320190429688,102.78407287597656,89.16708374023438,16805.826171875
data/datasets/B+/cluster_2_119.BMP,96,103,39690,163.97886657714844,100.92630767822266,85.17085266113281,17625.71875
data/datasets/B+/cluster_2_1199.BMP,96,103,39690,157.55056762695312,107.27418518066406,92.430908203125,17624.75390625
data/datasets/B+/cluster_2_1205.BMP,96,103,39690,141.39796447753906,112.22991180419922,80.3052749633789,15537.927734375
data/datasets/B+/cluster_2_1231.BMP,96,103,39690,133.74069213867188,109.88090515136719,88.6111831665039,16469.697265625
data/datasets/B+/cluster_2_1248.BMP,96,103,39690,143.0532989501953,106.16166687011719,92.43404388427734,10074.1875
data/datasets/B+/cluster_2_1250.BMP,96,103,39690,169.82180786132812,104.97614288330078,92.43404388427734,16650.8046875
data/datasets/B+/cluster_2_1256.BMP,96,103,39690,168.3700408935547,112.79345703125,92.42839050292969,8118.080078125
data/datasets/B+/cluster_2_1260.BMP,96,103,39690,127.44933319091797,117.10550689697266,86.57537841796875,6254.873046875
data/datasets/B+/cluster_2_1268.BMP,96,103,39690,140.7060089111328,111.55525970458984,85.50251007080078,14731.58984375
data/datasets/B+/cluster_2_1281.BMP,96,103,39690,155.53651428222656,110.6678695678711,82.00439453125,14497.9970703125
data/datasets/B+/cluster_2_1284.BMP,96,103,39690,173.43861389160156,95.35403442382812,92.23554992675781,8285.0888671875
data/datasets/B+/cluster_2_1325.BMP,96,103,39690,145.882080078125,108.28428649902344,92.07726287841797,15546.521484375
data/datasets/B+/cluster_2_133.BMP,96,103,39690,150.61427307128906,109.88141632080078,85.66960144042969,15427.02734375
data/datasets/B+/cluster_2_1336.BMP,96,103,39690,145.00819396972656,83.83771514892578,87.92839050292969,4281.0390625
data/datasets/B+/cluster_2_134.BMP,96,103,39690,139.81553649902344,115.5542221069336,87.2707290649414,7101.89990234375
data/datasets/B+/cluster_2_1348.BMP,96,103,39690,165.32838439941406,103.07996368408203,89.90766143798828,18436.671875
data/datasets/B+/cluster_2_135.BMP,96,103,39690,137.08444213867188,110.10131072998047,92.2851791381836,15684.59375
data/datasets/B+/cluster_2_1350.BMP,96,103,39690,175.94912719726562,102.10714721679688,91.54271697998047,14637.5615234375
data/datasets/B+/cluster_2_1359.BMP,96,103,39690,146.80380249023438,87.56716918945312,88.64887237548828,5594.404296875
data/datasets/B+/cluster_2_1360.BMP,96,103,39690,120.61033630371094,113.57090759277344,91.0785140991211,16291.564453125
data/datasets/B+/cluster_2_1362.BMP,96,103,39690,155.2775115966797,103.75222778320312,86.60741424560547,14361.9306640625
data/datasets/B+/cluster_2_1394.BMP,96,103,39690,168.78610229492188,101.31173706054688,92.42399597167969,15174.6572265625
data/datasets/B+/cluster_2_1395.BMP,96,103,39690,140.38916015625,108.19149017333984,86.32914733886719,13444.939453125
data/datasets/B+/cluster_2_14.BMP,96,103,39690,162.11610412597656,98.12432098388672,87.14384460449219,15444.310546875
data/datasets/B+/cluster_2_140.BMP,96,103,39690,138.8714599609375,109.96722412109375,88.65138244628906,13883.3955078125
data/datasets/B+/cluster_2_1407.BMP,96,103,39690,161.58767700195312,104.32599639892578,91.64635467529297,16902.232421875
data/datasets/B+/cluster_2_1412.BMP,96,103,39690,187.82241821289062,96.95262145996094,91.06092834472656,11368.044921875
data/datasets/B+/cluster_2_142.BMP,96,103,39690,186.8281707763672,93.29066467285156,92.43404388427734,13583.455078125
data/datasets/B+/cluster_2_1428.BMP,96,103,39690,172.0127410888672,104.9999008178711,92.43404388427734,12974.845703125
data/datasets/B+/cluster_2_143.BMP,96,103,39690,149.3842010498047,106.44119262695312,91.93153381347656,17368.25
data/datasets/B+/cluster_2_1458.BMP,96,103,39690,151.21621704101562,110.97720336914062,91.91331481933594,15711.2939453125
data/datasets/B+/cluster_2_1461.BMP,96,103,39690,175.54904174804688,103.67486572265625,87.46607971191406,11903.8447265625
data/datasets/B+/cluster_2_1462.BMP,96,103,39690,150.3645782470703,109.15077209472656,83.71293640136719,18925.5234375
data/datasets/B+/cluster_2_147.BMP,96,103,39690,158.7604217529297,106.42529296875,91.72047424316406,15787.2724609375
data/datasets/B+/cluster_2_1472.BMP,96,103,39690,172.1639404296875,97.22248077392578,89.0094223022461,9495.68359375
data/datasets/B+/cluster_2_1475.BMP,96,103,39690,150.3457794189453,112.61719512939453,92.42713928222656,13587.8125
data/datasets/B+/cluster_2_1483.BMP,96,103,39690,174.03074645996094,100.74042510986328,91.00691223144531,12230.931640625
data/datasets/B+/cluster_2_1484.BMP,96,103,39690,170.95863342285156,103.91091918945312,89.34107971191406,9339.876953125
data/datasets/B+/cluster_2_1490.BMP,96,103,39690,152.36630249023438,97.0137710571289,90.20854187011719,6775.7529296875
data/datasets/B+/cluster_2_1500.BMP,96,103,39690,132.60507202148438,111.1618881225586,84.18718719482422,14599.62890625
data/datasets/B+/cluster_2_153.BMP,96,103,39690,163.90231323242188,104.7431869506836,91.47550201416016,16087.109375
data/datasets/B+/cluster_2_1533.BMP,96,103,39690,134.57847595214844,113.13041687011719,91.45665740966797,9238.6162109375
data/datasets/B+/cluster_2_1535.BMP,96,103,39690,139.58181762695312,110.41309356689453,84.9949722290039,17347.75
data/datasets/B+/cluster_2_1537.BMP,96,103,39690,136.56765747070312,105.18949890136719,85.5948486328125,13617.244140625
data/datasets/B+/cluster_2_154.BMP,96,103,39690,143.9077606201172,105.53243255615234,87.75,19612.1953125
data/datasets/B+/cluster_2_1545.BMP,96,103,39690,149.32565307617188,110.75275421142578,84.53329467773438,15877.109375
data/datasets/B+/cluster_2_155.BMP,96,103,39690,143.14967346191406,106.55648803710938,87.78768920898438,16450.71875
data/datasets/B+/cluster_2_1553.BMP,96,103,39690,149.0597686767578,105.59742736816406,77.26696014404297,14631.64453125
data/datasets/B+/cluster_2_1559.BMP,96,103,39690,165.09152221679688,102.09184265136719,90.75251007080078,15349.322265625
data/datasets/B+/cluster_2_1564.BMP,96,103,39690,138.65554809570312,109.9456787109375,84.33480072021484,17898.357421875
data/datasets/B+/cluster_2_1567.BMP,96,103,39690,164.77235412597656,87.19417572021484,89.45162963867188,6376.5400390625
data/datasets/B+/cluster_2_1579.BMP,96,103,39690,117.0029296875,109.24346923828125,84.8699722290039,14244.40234375
data/datasets/B+/cluster_2_158.BMP,96,103,39690,148.4652099609375,112.37957763671875,92.31532287597656,13797.421875
data/datasets/B+/cluster_2_1588.BMP,96,103,39690,145.54541015625,112.87866973876953,89.08291625976562,14158.064453125
data/datasets/B+/cluster_2_159.BMP,96,103,39690,151.94630432128906,109.825927734375,92.11746215820312,12519.7705078125
data/datasets/B+/cluster_2_1595.BMP,96,103,39690,161.2158203125,92.05091094970703,86.7035140991211,5971.5244140625
data/datasets/B+/cluster_2_1601.BMP,96,103,39690,151.8734893798828,107.35807037353516,87.66268920898438,15098.53125
data/datasets/B+/cluster_2_1605.BMP,96,103,39690,132.27001953125,110.4473876953125,91.185302734375,13139.798828125
data/datasets/B+/cluster_2_1614.BMP,96,103,39690,166.9113006591797,101.11814880371094,92.40766143798828,14957.7724609375
data/datasets/B+/cluster_2_1617.BMP,96,103,39690,137.666259765625,113.78593444824219,85.40452575683594,14407.8203125
data/datasets/B+/cluster_2_1634.BMP,96,103,39690,159.40725708007812,110.99601745605469,84.28077697753906,10323.5625
data/datasets/B+/cluster_2_1639.BMP,96,103,39690,144.97421264648438,109.849853515625,82.66960144042969,17462.705078125
data/datasets/B+/cluster_2_164.BMP,96,103,39690,135.1760711669922,110.86768341064453,90.8241195678711,18276.80859375
data/datasets/B+/cluster_2_1647.BMP,96,103,39690,190.44558715820312,96.23538208007812,92.43341827392578,13898.8515625
data/datasets/B+/cluster_2_1651.BMP,96,103,39690,165.6279296875,105.60706329345703,92.38065338134766,17222.466796875
data/datasets/B+/cluster_2_1654.BMP,96,103,39690,131.75747680664062,109.13985443115234,88.61620330810547,14034.365234375
data/datasets/B+/cluster_2_1666.BMP,96,103,39690,137.9772491455078,109.136474609375,87.69032287597656,14646.9072265625
data/datasets/B+/cluster_2_1674.BMP,96,103,39690,144.3558807373047,106.07270812988281,88.08354187011719,17980.853515625
data/datasets/B+/cluster_2_1681.BMP,96,103,39690,164.66616821289062,107.18798065185547,87.61431884765625,17794.466796875
data/datasets/B+/cluster_2_1685.BMP,241,298,215890,146.7446746826172,107.0663833618164,155.06129455566406,4444.47509765625
data/datasets/B+/cluster_2_169.BMP,96,103,39690,145.3429412841797,111.05746459960938,83.7154541015625,16094.623046875
data/datasets/B+/cluster_2_1703.BMP,96,103,39690,143.61883544921875,108.8629150390625,92.31281280517578,19247.5546875
data/datasets/B+/cluster_2_1705.BMP,96,103,39690,178.20297241210938,93.1964111328125,90.54585266113281,12569.37890625
data/datasets/B+/cluster_2_1712.BMP,96,103,39690,195.9972686767578,87.64680480957031,91.95288848876953,8414.6083984375
data/datasets/B+/cluster_2_1722.BMP,96,103,39690,173.3374786376953,101.00224304199219,90.59422302246094,12147.8564453125
data/datasets/B+/cluster_2_1727.BMP,96,103,39690,155.8531494140625,101.9172592163086,90.70414733886719,16591.875
data/datasets/B+/cluster_2_1734.BMP,96,103,39690,133.25253295898438,113.78974914550781,89.63127899169922,9884.662109375
data/datasets/B+/cluster_2_1736.BMP,96,103,39690,154.2614288330078,114.80487823486328,90.97738647460938,6508.45068359375
data/datasets/B+/cluster_2_174.BMP,96,103,39690,141.81968688964844,109.67343139648438,91.05779266357422,14520.958984375
data/datasets/B+/cluster_2_1746.BMP,96,103,39690,155.2720489501953,105.47766876220703,91.90641021728516,17910.70703125
data/datasets/B+/cluster_2_1750.BMP,96,103,39690,138.39471435546875,113.25090789794922,88.37311553955078,11666.716796875
data/datasets/B+/cluster_2_1755.BMP,96,103,39690,157.54095458984375,106.5378189086914,89.77638244628906,16550.07421875
data/datasets/B+/cluster_2_1763.BMP,96,103,39690,163.90109252929688,98.68318176269531,92.43404388427734,6579.17431640625
data/datasets/B+/cluster_2_1776.BMP,96,103,39690,121.53388214111328,111.14813995361328,91.75753784179688,10110.4619140625
data/datasets/B+/cluster_2_1777.BMP,96,103,39690,142.1377410888672,113.11770629882812,88.9447250366211,13990.923828125
data/datasets/B+/cluster_2_1786.BMP,96,103,39690,146.74200439453125,107.33487701416016,87.68843841552734,12009.974609375
data/datasets/B+/cluster_2_1796.BMP,96,103,39690,150.45205688476562,105.369384765625,84.09296417236328,13387.8095703125
data/datasets/B+/cluster_2_1812.BMP,96,103,39690,163.62034606933594,109.21711730957031,92.4095458984375,16515.91015625
data/datasets/B+/cluster_2_1820.BMP,96,103,39690,144.251220703125,110.0618896484375,90.22173309326172,13079.6953125
data/datasets/B+/cluster_2_1833.BMP,96,103,39690,170.99777221679688,109.07257080078125,92.42525482177734,12567.533203125
data/datasets/B+/cluster_2_1837.BMP,96,103,39690,183.143310546875,103.24137115478516,92.4101791381836,13221.451171875
data/datasets/B+/cluster_2_1840.BMP,96,103,39690,150.623779296875,100.83438873291016,88.3498764038086,8614.6201171875
data/datasets/B+/cluster_2_1844.BMP,96,103,39690,163.87742614746094,109.87361907958984,88.16268920898438,11629.58203125
data/datasets/B+/cluster_2_1854.BMP,96,103,39690,155.41444396972656,110.43505859375,92.01130676269531,12662.173828125
data/datasets/B+/cluster_2_1860.BMP,96,103,39690,167.48968505859375,100.76150512695312,92.43404388427734,15352.5654296875
data/datasets/B+/cluster_2_1882.BMP,96,103,39690,152.01507568359375,108.9759292602539,84.12688446044922,19402.060546875
data/datasets/B+/cluster_2_1888.BMP,96,103,39690,148.4743194580078,109.42513275146484,90.73492431640625,13577.6328125
data/datasets/B+/cluster_2_19.BMP,96,103,39690,129.16151428222656,113.99027252197266,88.08354187011719,14775.025390625
data/datasets/B+/cluster_2_1907.BMP,96,103,39690,152.89016723632812,111.72200775146484,92.41645812988281,15166.6259765625
data/datasets/B+/cluster_2_1910.BMP,96,103,39690,170.66555786132812,104.81082916259766,92.43404388427734,14376.138671875
data/datasets/B+/cluster_2_1911.BMP,241,298,215890,132.64515686035156,114.05491638183594,145.86997985839844,3334.15576171875
data/datasets/B+/cluster_2_1920.BMP,96,103,39690,140.20277404785156,105.66989135742188,88.560302734375,10996.20703125
data/datasets/B+/cluster_2_1928.BMP,96,103,39690,165.47755432128906,104.18912506103516,91.87123107910156,18019.634765625
data/datasets/B+/cluster_2_1929.BMP,96,103,39690,159.22451782226562,108.53367614746094,92.03141021728516,17841.673828125
data/datasets/B+/cluster_2_1931.BMP,96,103,39690,152.3564910888672,110.62960052490234,92.43404388427734,12678.408203125
data/datasets/B+/cluster_2_194.BMP,96,103,39690,169.60476684570312,102.49311828613281,91.88693237304688,14265.8857421875
data/datasets/B+/cluster_2_1942.BMP,96,103,39690,163.09637451171875,107.24099731445312,86.78141021728516,17516.21875
data/datasets/B+/cluster_2_1947.BMP,96,103,39690,138.8848114013672,112.42446899414062,92.33354187011719,13449.65625
data/datasets/B+/cluster_2_1948.BMP,96,103,39690,149.75242614746094,110.30467987060547,90.76445007324219,15373.0673828125
data/datasets/B+/cluster_2_195.BMP,96,103,39690,164.64785766601562,102.25421142578125,87.88630676269531,13603.78125
data/datasets/B+/cluster_2_1958.BMP,96,103,39690,171.40098571777344,107.22235870361328,84.72235870361328,14403.615234375
data/datasets/B+/cluster_2_198.BMP,96,103,39690,163.22482299804688,107.64678955078125,92.42776489257812,19464.0078125
data/datasets/B+/cluster_2_1985.BMP,96,103,39690,156.7997589111328,108.87315368652344,92.4095458984375,13761.224609375
data/datasets/B+/cluster_2_199.BMP,96,103,39690,180.0810089111328,89.0723876953125,92.35301208496094,4907.2138671875
data/datasets/B+/cluster_2_20.BMP,96,103,39690,142.95115661621094,107.86003112792969,81.9101791381836,15318.693359375
data/datasets/B+/cluster_2_2001.BMP,96,103,39690,135.20762634277344,108.44964599609375,83.78392028808594,15621.380859375
data/datasets/B+/cluster_2_2004.BMP,96,103,39690,160.9110107421875,95.15499877929688,92.42902374267578,6933.69287109375
data/datasets/B+/cluster_2_2005.BMP,96,103,39690,161.89178466796875,106.42630767822266,87.81846618652344,20108.47265625
data/datasets/B+/cluster_2_2018.BMP,96,103,39690,164.1256103515625,107.1849594116211,83.69284057617188,16302.7353515625
data/datasets/B+/cluster_2_2035.BMP,96,103,39690,127.75414276123047,100.38626098632812,87.57474517822266,9601.6953125
data/datasets/B+/cluster_2_2040.BMP,96,103,39690,152.75303649902344,101.78721618652344,82.72047424316406,15654.873046875
data/datasets/B+/cluster_2_2042.BMP,96,103,39690,166.15008544921875,101.16693115234375,90.17525482177734,9934.658203125
data/datasets/B+/cluster_2_2044.BMP,96,103,39690,129.1912384033203,112.83707427978516,85.4792709350586,8896.583984375
data/datasets/B+/cluster_2_2097.BMP,96,103,39690,170.9460906982422,104.25529479980469,92.41331481933594,14687.38671875
data/datasets/B+/cluster_2_2101.BMP,96,103,39690,151.7904510498047,112.64488220214844,79.82286071777344,9238.6953125
data/datasets/B+/cluster_2_2108.BMP,96,103,39690,146.6810302734375,108.96553039550781,88.46607971191406,11796.494140625
data/datasets/B+/cluster_2_2127.BMP,96,103,39690,130.3358612060547,107.3649673461914,85.65766143798828,18285.73046875
data/datasets/B+/cluster_2_2156.BMP,96,103,39690,159.98361206054688,108.95429992675781,92.43279266357422,13940.810546875
data/datasets/B+/cluster_2_2170.BMP,96,103,39690,181.80653381347656,94.40211486816406,90.53141021728516,12262.5556640625
data/datasets/B+/cluster_2_2173.BMP,96,103,39690,149.8993682861328,106.73963165283203,86.1086654663086,16841.6796875
data/datasets/B+/cluster_2_2205.BMP,96,103,39690,152.19366455078125,111.21070098876953,87.8699722290039,12592.4931640625
data/datasets/B+/cluster_2_2206.BMP,96,103,39690,157.3858184814453,97.56791687011719,92.43404388427734,4440.587890625
data/datasets/B+/cluster_2_2210.BMP,96,103,39690,139.99180603027344,118.7458724975586,84.8404541015625,5251.83251953125
data/datasets/B+/cluster_2_2211.BMP,96,103,39690,166.60214233398438,107.7432632446289,92.37248992919922,16168.11328125
data/datasets/B+/cluster_2_2212.BMP,96,103,39690,162.92515563964844,108.12757110595703,92.43279266357422,16646.96875
data/datasets/B+/cluster_2_2213.BMP,96,103,39690,167.86488342285156,100.77210998535156,87.0050277709961,18773.578125
data/datasets/B+/cluster_2_2216.BMP,96,103,39690,156.5308380126953,98.48628997802734,90.33668518066406,7117.060546875
data/datasets/B+/cluster_2_2232.BMP,96,103,39690,157.44528198242188,114.46823120117188,92.39949798583984,7839.9912109375
data/datasets/B+/cluster_2_2233.BMP,96,103,39690,130.49322509765625,111.36797332763672,85.25062561035156,16401.052734375
data/datasets/B+/cluster_2_225.BMP,96,103,39690,163.98927307128906,110.7405014038086,92.4095458984375,11659.8671875
data/datasets/B+/cluster_2_2264.BMP,96,103,39690,141.93739318847656,112.35331726074219,86.01130676269531,15747.1630859375
data/datasets/B+/cluster_2_2266.BMP,96,103,39690,181.15797424316406,99.78340148925781,92.11369323730469,13005.5751953125
data/datasets/B+/cluster_2_227.BMP,241,298,215890,164.89813232421875,98.85836791992188,171.22711181640625,3309.9912109375
data/datasets/B+/cluster_2_2289.BMP,96,103,39690,141.32241821289062,106.71721649169922,90.6086654663086,18848.0859375
data/datasets/B+/cluster_2_23.BMP,96,103,39690,168.0308380126953,106.0594253540039,86.1645736694336,13721.6357421875
data/datasets/B+/cluster_2_2307.BMP,96,103,39690,125.17071533203125,112.0531234741211,82.17337036132812,12391.126953125
data/datasets/B+/cluster_2_231.BMP,96,103,39690,172.36175537109375,102.56938171386719,90.99183654785156,14264.77734375
data/datasets/B+/cluster_2_2333.BMP,96,103,39690,175.0868682861328,94.39500427246094,91.38127899169922,15167.388671875
data/datasets/B+/cluster_2_2336.BMP,96,103,39690,115.36518859863281,112.70736694335938,90.08228302001953,6755.5595703125
data/datasets/B+/cluster_2_2344.BMP,96,103,39690,169.93031311035156,103.56724548339844,91.05653381347656,8118.998046875
data/datasets/B+/cluster_2_235.BMP,96,103,39690,181.9035186767578,101.5310287475586,92.05967712402344,13015.333984375
data/datasets/B+/cluster_2_2373.BMP,96,103,39690,178.8700408935547,103.59685516357422,92.41080474853516,11525.505859375
data/datasets/B+/cluster_2_2389.BMP,96,103,39690,133.4339599609375,115.79019165039062,91.76256561279297,12106.9150390625
data/datasets/B+/cluster_2_2390.BMP,96,103,39690,180.64523315429688,96.73934173583984,92.43404388427734,14924.650390625
data/datasets/B+/cluster_2_2397.BMP,96,103,39690,173.70327758789062,99.41768646240234,92.319091796875,14684.4921875
data/datasets/B+/cluster_2_2414.BMP,96,103,39690,137.9066619873047,109.9385986328125,86.0741195678711,19978.359375
data/datasets/B+/cluster_2_242.BMP,96,103,39690,157.77032470703125,98.54090118408203,92.2154541015625,8656.73828125
data/datasets/B+/cluster_2_2427.BMP,96,103,39690,190.79176330566406,96.83293151855469,86.72047424316406,12897.412109375
data/datasets/B+/cluster_2_2429.BMP,96,103,39690,147.8500213623047,104.53351593017578,84.88316345214844,18072.796875
data/datasets/B+/cluster_2_2442.BMP,96,103,39690,148.93588256835938,98.03398132324219,87.4792709350586,10912.8671875
data/datasets/B+/cluster_2_2447.BMP,96,103,39690,129.7210693359375,112.38709259033203,85.9748764038086,15701.310546875
data/datasets/B+/cluster_2_2461.BMP,96,103,39690,117.02861785888672,115.18317413330078,92.41206359863281,8998.8671875
data/datasets/B+/cluster_2_2468.BMP,96,103,39690,156.09739685058594,106.82696533203125,83.60489654541016,17935.30078125
data/datasets/B+/cluster_2_2471.BMP,96,103,39690,131.59324645996094,95.76709747314453,86.72550201416016,8988.392578125
data/datasets/B+/cluster_2_2474.BMP,96,103,39690,159.724609375,107.94369506835938,91.97235870361328,12600.1484375
data/datasets/B+/cluster_2_25.BMP,96,103,39690,142.03054809570312,111.90721130371094,92.40264129638672,15861.1533203125
data/datasets/B+/cluster_2_2510.BMP,96,103,39690,148.65362548828125,110.64793395996094,89.50062561035156,17172.419921875
data/datasets/B+/cluster_2_2511.BMP,96,103,39690,189.64866638183594,97.63984680175781,88.17525482177734,12955.470703125
data/datasets/B+/cluster_2_2516.BMP,96,103,39690,149.5291290283203,109.32896423339844,92.43404388427734,17756.6640625
data/datasets/B+/cluster_2_2517.BMP,96,103,39690,140.77163696289062,113.16957092285156,86.4258804321289,14529.55859375
data/datasets/B+/cluster_2_2552.BMP,96,103,39690,134.59768676757812,112.51475524902344,90.81092834472656,18070.51171875
data/datasets/B+/cluster_2_2562.BMP,96,103,39690,146.0084991455078,95.5517578125,91.5810317993164,8283.71484375
data/datasets/B+/cluster_2_2576.BMP,96,103,39690,125.4615707397461,107.6154556274414,86.67650604248047,15685.546875
data/datasets/B+/cluster_2_2596.BMP,96,103,39690,141.10336303710938,104.56873321533203,90.93279266357422,12830.599609375
data/datasets/B+/cluster_2_2608.BMP,96,103,39690,142.89532470703125,114.00285339355469,91.82223510742188,11080.61328125
data/datasets/B+/cluster_2_2623.BMP,96,103,39690,118.30522155761719,112.12605285644531,86.41834259033203,8273.900390625
data/datasets/B+/cluster_2_2625.BMP,96,103,39690,164.27325439453125,103.46320343017578,91.45414733886719,12821.455078125
data/datasets/B+/cluster_2_2653.BMP,96,103,39690,166.5591583251953,101.96255493164062,91.55967712402344,12631.30859375
data/datasets/B+/cluster_2_2658.BMP,96,103,39690,177.31776428222656,95.86040496826172,92.20665740966797,15723.6494140625
data/datasets/B+/cluster_2_2667.BMP,96,103,39690,171.396240234375,98.08013916015625,85.90577697753906,15796.72265625
data/datasets/B+/cluster_2_2684.BMP,96,103,39690,167.01861572265625,106.15853118896484,91.74246215820312,17264.44140625
data/datasets/B+/cluster_2_2689.BMP,96,103,39690,189.46359252929688,96.50080108642578,90.05904388427734,11285.490234375
data/datasets/B+/cluster_2_2690.BMP,96,103,39690,147.72279357910156,119.39147186279297,83.00627899169922,3513.78857421875
data/datasets/B+/cluster_2_2702.BMP,96,103,39690,161.6004180908203,103.67692565917969,91.38065338134766,16783.7265625
data/datasets/B+/cluster_2_2705.BMP,96,103,39690,165.27639770507812,105.54793548583984,91.52889251708984,13436.865234375
data/datasets/B+/cluster_2_2715.BMP,96,103,39690,137.5047607421875,116.10356903076172,83.22047424316406,8548.0224609375
data/datasets/B+/cluster_2_2722.BMP,96,103,39690,147.00192260742188,109.42648315429688,90.97173309326172,13008.01171875
data/datasets/B+/cluster_2_2724.BMP,96,103,39690,147.11964416503906,111.7071762084961,83.12688446044922,12156.5712890625
data/datasets/B+/cluster_2_2729.BMP,96,103,39690,173.5980987548828,91.121826171875,92.3957290649414,7321.376953125
data/datasets/B+/cluster_2_2734.BMP,96,103,39690,119.54065704345703,112.7373046875,92.3241195678711,14384.4765625
data/datasets/B+/cluster_2_274.BMP,96,103,39690,158.5817108154297,108.11102294921875,92.43404388427734,14400.94921875
data/datasets/B+/cluster_2_2740.BMP,96,103,39690,155.54359436035156,106.80339050292969,90.60489654541016,17235.75
data/datasets/B+/cluster_2_2742.BMP,96,103,39690,158.17010498046875,100.97102355957031,92.25376892089844,13764.501953125
data/datasets/B+/cluster_2_2751.BMP,96,103,39690,152.9985809326172,102.92154693603516,80.38568115234375,16099.021484375
data/datasets/B+/cluster_2_2753.BMP,96,103,39690,163.12469482421875,109.43919372558594,85.99811553955078,8264.3251953125
data/datasets/B+/cluster_2_276.BMP,96,103,39690,155.17091369628906,109.49742889404297,87.45665740966797,16538.15625
data/datasets/B+/cluster_2_2764.BMP,96,103,39690,165.84031677246094,106.04662322998047,90.73052978515625,16340.875
data/datasets/B+/cluster_2_2778.BMP,96,103,39690,136.92091369628906,107.34901428222656,85.48806762695312,14740.4599609375
data/datasets/B+/cluster_2_2793.BMP,96,103,39690,171.99130249023438,98.51866149902344,87.39196014404297,18387.73046875
data/datasets/B+/cluster_2_2798.BMP,96,103,39690,120.52932739257812,116.68315124511719,88.01947021484375,6824.494140625
data/datasets/B+/cluster_2_28.BMP,96,103,39690,196.9791717529297,80.71021270751953,92.43404388427734,5870.45263671875
data/datasets/B+/cluster_2_280.BMP,96,103,39690,132.333740234375,113.69686889648438,85.90452575683594,11766.21875
data/datasets/B+/cluster_2_2800.BMP,96,103,39690,130.81735229492188,107.29259490966797,81.60678100585938,14136.4052734375
data/datasets/B+/cluster_2_2803.BMP,96,103,39690,148.9451904296875,94.65624237060547,88.28141021728516,5911.1591796875
data/datasets/B+/cluster_2_2816.BMP,96,103,39690,177.5449981689453,98.97779083251953,88.28831481933594,13558.2470703125
data/datasets/B+/cluster_2_2824.BMP,96,103,39690,155.54641723632812,106.38899230957031,92.20162963867188,13904.7177734375
data/datasets/B+/cluster_2_2827.BMP,96,103,39690,144.76324462890625,108.18331909179688,92.35552978515625,14984.99609375
data/datasets/B+/cluster_2_284.BMP,96,103,39690,142.05450439453125,109.6795654296875,85.9654541015625,16877.7421875
data/datasets/B+/cluster_2_2845.BMP,96,103,39690,167.39967346191406,105.81646728515625,92.43341827392578,13609.314453125
data/datasets/B+/cluster_2_2855.BMP,96,103,39690,170.17657470703125,101.73113250732422,92.14823913574219,12424.5654296875
data/datasets/B+/cluster_2_2866.BMP,96,103,39690,135.85972595214844,107.7574234008789,82.64510345458984,16329.224609375
data/datasets/B+/cluster_2_287.BMP,96,103,39690,176.76223754882812,100.67427825927734,92.43404388427734,14670.501953125
data/datasets/B+/cluster_2_2880.BMP,96,103,39690,190.93760681152344,90.21761322021484,92.19284057617188,11058.814453125
data/datasets/B+/cluster_2_2882.BMP,96,103,39690,144.81503295898438,111.30196380615234,92.36934661865234,16128.7734375
data/datasets/B+/cluster_2_2909.BMP,96,103,39690,120.52012634277344,110.84217834472656,85.85741424560547,13657.66015625
data/datasets/B+/cluster_2_2920.BMP,96,103,39690,158.0639190673828,105.96392822265625,90.56092834472656,17602.751953125
data/datasets/B+/cluster_2_2932.BMP,96,103,39690,125.58940124511719,105.99524688720703,82.9742431640625,14296.99609375
data/datasets/B+/cluster_2_2934.BMP,96,103,39690,164.13926696777344,98.66448974609375,88.46922302246094,9995.08203125
data/datasets/B+/cluster_2_2935.BMP,96,103,39690,143.5768585205078,107.58741760253906,84.9214859008789,14148.98828125
data/datasets/B+/cluster_2_2936.BMP,96,103,39690,162.56320190429688,110.72156524658203,92.37248992919922,13935.25
data/datasets/B+/cluster_2_2939.BMP,96,103,39690,139.19195556640625,103.85646057128906,92.40389251708984,11746.7705078125
data/datasets/B+/cluster_2_295.BMP,96,103,39690,156.77296447753906,108.17613220214844,92.38191223144531,15124.443359375
data/datasets/B+/cluster_2_2954.BMP,96,103,39690,174.03256225585938,100.06928253173828,84.70037841796875,11905.2763671875
data/datasets/B+/cluster_2_2964.BMP,96,103,39690,134.8702392578125,112.08958435058594,92.07474517822266,12891.2802734375
data/datasets/B+/cluster_2_2968.BMP,96,103,39690,154.44488525390625,104.48184204101562,92.43279266357422,11598.7646484375
data/datasets/B+/cluster_2_297.BMP,96,103,39690,185.77578735351562,86.0638198852539,92.43404388427734,7910.18115234375
data/datasets/B+/cluster_2_2973.BMP,96,103,39690,133.27447509765625,116.79798889160156,84.02198791503906,8412.064453125
data/datasets/B+/cluster_2_2978.BMP,96,103,39690,145.43850708007812,109.37901306152344,82.83731079101562,12338.537109375
data/datasets/B+/cluster_2_2998.BMP,96,103,39690,163.3577117919922,107.71491241455078,91.7801513671875,16047.322265625
data/datasets/B+/cluster_2_300.BMP,96,103,39690,172.49342346191406,90.24102020263672,89.31092834472656,10567.740234375
data/datasets/B+/cluster_2_3009.BMP,96,103,39690,134.24473571777344,115.91389465332031,89.62060546875,10070.4208984375
data/datasets/B+/cluster_2_301.BMP,96,103,39690,162.8941192626953,105.75949096679688,91.22801208496094,14120.4140625
data/datasets/B+/cluster_2_3030.BMP,96,103,39690,139.24777221679688,111.00811004638672,90.48052978515625,12234.6591796875
data/datasets/B+/cluster_2_3040.BMP,96,103,39690,160.73037719726562,103.81547546386719,90.72612762451172,13487.07421875
data/datasets/B+/cluster_2_3055.BMP,96,103,39690,161.7030792236328,93.78545379638672,87.33416748046875,8883.1982421875
data/datasets/B+/cluster_2_3061.BMP,96,103,39690,166.6283416748047,96.00949096679688,91.34358978271484,11598.4521484375
data/datasets/B+/cluster_2_3101.BMP,96,103,39690,146.88308715820312,106.29308319091797,84.20037841796875,19953.28515625
data/datasets/B+/cluster_2_3114.BMP,96,103,39690,150.30026245117188,110.09127044677734,92.43341827392578,13072.4775390625
data/datasets/B+/cluster_2_3119.BMP,96,103,39690,172.75030517578125,93.46622467041016,89.79711151123047,11301.439453125
data/datasets/B+/cluster_2_3126.BMP,96,103,39690,169.66453552246094,103.06766510009766,91.8586654663086,15818.1279296875
data/datasets/B+/cluster_2_3145.BMP,96,103,39690,155.3329315185547,105.94771575927734,91.30339050292969,12096.7177734375
data/datasets/B+/cluster_2_3154.BMP,96,103,39690,132.8822784423828,112.18757629394531,84.4949722290039,15900.61328125
data/datasets/B+/cluster_2_3161.BMP,96,103,39690,144.4915008544922,110.47622680664062,84.67337036132812,19955.140625
data/datasets/B+/cluster_2_3166.BMP,96,103,39690,131.10122680664062,113.2407455444336,88.1111831665039,10725.83203125
data/datasets/B+/cluster_2_3180.BMP,96,103,39690,194.90695190429688,94.04226684570312,92.43404388427734,12948.18359375
data/datasets/B+/cluster_2_3183.BMP,96,103,39690,166.4047393798828,99.91609954833984,91.17462158203125,19666.125
data/datasets/B+/cluster_2_319.BMP,96,103,39690,156.20863342285156,107.13233184814453,90.63693237304688,17520.794921875
data/datasets/B+/cluster_2_3196.BMP,96,103,39690,160.2566680908203,100.15142059326172,89.16834259033203,8799.6748046875
data/datasets/B+/cluster_2_3206.BMP,96,103,39690,145.599609375,110.23096466064453,87.6947250366211,14242.86328125
data/datasets/B+/cluster_2_3217.BMP,96,103,39690,152.3826904296875,103.89009857177734,87.0439682006836,15664.4736328125
data/datasets/B+/cluster_2_3222.BMP,96,103,39690,133.49514770507812,112.47030639648438,92.42399597167969,14233.1640625
data/datasets/B+/cluster_2_3225.BMP,96,103,39690,117.927490234375,111.65763092041016,81.55339050292969,13551.125
data/datasets/B+/cluster_2_3231.BMP,96,103,39690,175.3735809326172,98.98928833007812,90.52323913574219,11786.9453125
data/datasets/B+/cluster_2_3232.BMP,96,103,39690,155.61671447753906,110.95128631591797,92.04585266113281,11416.62890625
data/datasets/B+/cluster_2_3234.BMP,96,103,39690,133.48573303222656,113.96197509765625,92.11306762695312,12382.4765625
data/datasets/B+/cluster_2_3245.BMP,96,103,39690,168.4398193359375,108.75997161865234,86.85929870605469,7344.123046875
data/datasets/B+/cluster_2_3246.BMP,96,103,39690,183.55966186523438,92.46686553955078,92.43404388427734,9928.646484375
data/datasets/B+/cluster_2_329.BMP,96,103,39690,160.4835205078125,106.996337890625,92.18153381347656,14267.767578125
data/datasets/B+/cluster_2_3300.BMP,96,103,39690,146.4935302734375,110.90950775146484,85.45728302001953,20174.193359375
data/datasets/B+/cluster_2_3307.BMP,96,103,39690,122.85770416259766,110.14439392089844,86.01570129394531,11743.9921875
data/datasets/B+/cluster_2_3325.BMP,96,103,39690,141.4481201171875,110.82331085205078,87.31281280517578,19134.640625
data/datasets/B+/cluster_2_3335.BMP,96,103,39690,148.75091552734375,95.16291046142578,91.20414733886719,9715.66015625
data/datasets/B+/cluster_2_3336.BMP,96,103,39690,153.9543914794922,106.38399505615234,84.435302734375,13539.935546875
data/datasets/B+/cluster_2_3337.BMP,96,103,39690,151.1925506591797,105.30623626708984,88.069091796875,16551.013671875
data/datasets/B+/cluster_2_3343.BMP,96,103,39690,144.52578735351562,109.88733673095703,86.44849395751953,17175.9453125
data/datasets/B+/cluster_2_3346.BMP,96,103,39690,160.95762634277344,102.66986846923828,91.88253784179688,17454.40625
data/datasets/B+/cluster_2_3361.BMP,96,103,39690,158.62075805664062,108.5202865600586,92.34170532226562,15955.52734375
data/datasets/B+/cluster_2_3365.BMP,96,103,39690,172.17788696289062,96.07067108154297,92.43404388427734,10806.02734375
data/datasets/B+/cluster_2_3370.BMP,96,103,39690,156.7860107421875,115.6036148071289,83.48869323730469,6720.5654296875
data/datasets/B+/cluster_2_3373.BMP,96,103,39690,149.59274291992188,112.0257339477539,92.43404388427734,15306.05859375
data/datasets/B+/cluster_2_3376.BMP,96,103,39690,160.39390563964844,107.72127532958984,82.87625885009766,11703.076171875
data/datasets/B+/cluster_2_3379.BMP,96,103,39690,170.5974884033203,94.17153930664062,89.08919525146484,11544.6328125
data/datasets/B+/cluster_2_3402.BMP,96,103,39690,153.96652221679688,100.358154296875,90.74372100830078,17480.0
data/datasets/B+/cluster_2_3411.BMP,96,103,39690,165.4656219482422,84.87973022460938,92.35301208496094,8033.85693359375
data/datasets/B+/cluster_2_3419.BMP,96,103,39690,171.6114501953125,97.15945434570312,92.42650604248047,9871.1806640625
data/datasets/B+/cluster_2_3431.BMP,96,103,39690,162.5379180908203,90.72579956054688,85.19158172607422,9467.064453125
data/datasets/B+/cluster_2_3443.BMP,96,103,39690,152.2843780517578,112.5392074584961,92.43404388427734,11731.2109375
data/datasets/B+/cluster_2_3448.BMP,96,103,39690,169.16586303710938,99.16697692871094,88.73241424560547,14271.6640625
data/datasets/B+/cluster_2_3455.BMP,96,103,39690,138.6385498046875,108.90045928955078,87.20728302001953,16536.5703125
data/datasets/B+/cluster_2_3460.BMP,96,103,39690,144.42283630371094,95.86603546142578,92.43404388427734,5550.2763671875
data/datasets/B+/cluster_2_3462.BMP,96,103,39690,151.7647705078125,112.57858276367188,82.01193237304688,11009.337890625
data/datasets/B+/cluster_2_348.BMP,96,103,39690,130.50091552734375,112.16450500488281,89.8448486328125,14509.6259765625
data/datasets/B+/cluster_2_3490.BMP,96,103,39690,143.0597686767578,111.24850463867188,92.16771697998047,14301.453125
data/datasets/B+/cluster_2_3507.BMP,96,103,39690,141.25111389160156,116.05776977539062,82.89761352539062,9318.265625
data/datasets/B+/cluster_2_3509.BMP,96,103,39690,123.88622283935547,114.20100402832031,86.1042709350586,8917.376953125
data/datasets/B+/cluster_2_3555.BMP,96,103,39690,161.1072998046875,95.07115173339844,90.69095611572266,10007.7373046875
data/datasets/B+/cluster_2_3579.BMP,96,103,39690,155.5332794189453,107.90711212158203,92.01004791259766,15192.0361328125
data/datasets/B+/cluster_2_3584.BMP,96,103,39690,162.93911743164062,102.85787200927734,91.40641021728516,12894.9326171875
data/datasets/B+/cluster_2_36.BMP,96,103,39690,156.81077575683594,103.7054672241211,91.64070129394531,17944.625
data/datasets/B+/cluster_2_3607.BMP,96,103,39690,167.0377197265625,100.40555572509766,87.83793640136719,15386.5703125
data/datasets/B+/cluster_2_3610.BMP,96,103,39690,135.08323669433594,112.21195983886719,84.49685668945312,10484.9921875
data/datasets/B+/cluster_2_3612.BMP,96,103,39690,178.68052673339844,100.77776336669922,92.41394805908203,14103.0146484375
data/datasets/B+/cluster_2_363.BMP,96,103,39690,177.5206298828125,97.80314636230469,91.3398208618164,15620.162109375
data/datasets/B+/cluster_2_3630.BMP,96,103,39690,148.4610595703125,107.93766021728516,85.51507568359375,16109.251953125
data/datasets/B+/cluster_2_3639.BMP,96,103,39690,153.6696014404297,110.87120056152344,86.92022705078125,18691.78125
data/datasets/B+/cluster_2_3651.BMP,96,103,39690,128.86781311035156,113.25027465820312,84.97173309326172,14492.716796875
data/datasets/B+/cluster_2_3665.BMP,96,103,39690,169.09263610839844,100.03414154052734,91.12876892089844,15822.47265625
data/datasets/B+/cluster_2_3683.BMP,96,103,39690,143.27841186523438,111.69952392578125,83.569091796875,15518.2978515625
data/datasets/B+/cluster_2_3684.BMP,96,103,39690,136.3004608154297,111.5743408203125,81.49811553955078,15402.025390625
data/datasets/B+/cluster_2_3700.BMP,96,103,39690,145.14886474609375,91.70254516601562,89.185302734375,6246.29541015625
data/datasets/B+/cluster_2_3714.BMP,96,103,39690,164.10557556152344,104.2012939453125,91.97801208496094,16539.59765625
data/datasets/B+/cluster_2_3718.BMP,96,103,39690,158.95358276367188,111.91448211669922,85.944091796875,11938.294921875
data/datasets/B+/cluster_2_3719.BMP,96,103,39690,158.45944213867188,108.93492126464844,92.41960144042969,19437.671875
data/datasets/B+/cluster_2_372.BMP,96,103,39690,180.64462280273438,101.67189025878906,92.17273712158203,11735.724609375
data/datasets/B+/cluster_2_3745.BMP,96,103,39690,120.26335144042969,113.74678039550781,92.37625885009766,13783.314453125
data/datasets/B+/cluster_2_3755.BMP,96,103,39690,121.47552490234375,99.75716400146484,87.33228302001953,7760.1318359375
data/datasets/B+/cluster_2_377.BMP,96,103,39690,157.98513793945312,105.81771087646484,84.51821899414062,18184.638671875
data/datasets/B+/cluster_2_3779.BMP,96,103,39690,135.27760314941406,108.12156677246094,82.3448486328125,13088.095703125
data/datasets/B+/cluster_2_3788.BMP,96,103,39690,144.5648193359375,110.11813354492188,83.47612762451172,20483.54296875
data/datasets/B+/cluster_2_3799.BMP,96,103,39690,154.49818420410156,113.60755920410156,92.38253784179688,11924.3408203125
data/datasets/B+/cluster_2_3803.BMP,96,103,39690,131.73846435546875,112.76327514648438,86.23178100585938,11853.41015625
data/datasets/B+/cluster_2_3811.BMP,96,103,39690,107.13511657714844,113.12873077392578,83.18656158447266,9739.5791015625
data/datasets/B+/cluster_2_3830.BMP,96,103,39690,152.16636657714844,109.1239242553711,91.06720733642578,15486.3828125
data/datasets/B+/cluster_2_3834.BMP,241,298,215890,157.27578735351562,107.64154815673828,161.09275817871094,4008.088623046875
data/datasets/B+/cluster_2_3839.BMP,96,103,39690,173.45388793945312,100.79692077636719,90.01445007324219,9030.771484375
data/datasets/B+/cluster_2_3842.BMP,96,103,39690,147.8346405029297,111.6571044921875,90.48052978515625,13817.94921875
data/datasets/B+/cluster_2_3843.BMP,96,103,39690,148.91372680664062,85.07962799072266,86.61180877685547,6314.97265625
data/datasets/B+/cluster_2_3854.BMP,96,103,39690,140.40554809570312,107.99455261230469,84.93467712402344,16266.09765625
data/datasets/B+/cluster_2_3867.BMP,96,103,39690,156.6808319091797,105.33648681640625,87.29083251953125,11876.435546875
data/datasets/B+/cluster_2_3870.BMP,96,103,39690,126.80572509765625,112.49581909179688,92.05715942382812,12751.421875
data/datasets/B+/cluster_2_3882.BMP,96,103,39690,169.4127197265625,99.47456359863281,89.86495208740234,13360.51953125
data/datasets/B+/cluster_2_3886.BMP,96,103,39690,161.29197692871094,95.85306549072266,92.43153381347656,10396.634765625
data/datasets/B+/cluster_2_3913.BMP,96,103,39690,160.52154541015625,104.67362976074219,91.89949798583984,14249.8310546875
data/datasets/B+/cluster_2_3916.BMP,96,103,39690,136.7981414794922,109.28851318359375,84.90452575683594,15398.5380859375
data/datasets/B+/cluster_2_394.BMP,96,103,39690,144.56239318847656,108.42809295654297,87.71168518066406,17766.59765625
data/datasets/B+/cluster_2_3949.BMP,96,103,39690,164.9089813232422,101.68329620361328,91.625,12939.5654296875
data/datasets/B+/cluster_2_3957.BMP,96,103,39690,122.33495330810547,111.0592269897461,85.88379669189453,17621.9609375
data/datasets/B+/cluster_2_3958.BMP,96,103,39690,135.57847595214844,107.80355834960938,88.20665740966797,13061.5224609375
data/datasets/B+/cluster_2_3962.BMP,96,103,39690,154.94639587402344,107.95849609375,90.92650604248047,15250.736328125
data/datasets/B+/cluster_2_3969.BMP,96,103,39690,133.8593292236328,108.74783325195312,86.8586654663086,15940.51171875
data/datasets/B+/cluster_2_3971.BMP,96,103,39690,162.8075408935547,101.98238372802734,91.65577697753906,13311.21875
data/datasets/B+/cluster_2_3997.BMP,96,103,39690,153.75172424316406,102.76838684082031,92.43404388427734,14208.875
data/datasets/B+/cluster_2_4002.BMP,96,103,39690,173.30076599121094,104.58903503417969,92.38630676269531,18394.75390625
data/datasets/B+/cluster_2_4005.BMP,96,103,39690,155.5902099609375,107.3953857421875,91.19032287597656,14397.9365234375
data/datasets/B+/cluster_2_4006.BMP,96,103,39690,147.86184692382812,91.88256072998047,92.42902374267578,6776.966796875
data/datasets/B+/cluster_2_4008.BMP,96,103,39690,140.9701690673828,114.12615203857422,91.57662963867188,8154.12890625
data/datasets/B+/cluster_2_4022.BMP,96,103,39690,180.59475708007812,95.96133422851562,92.3448486328125,12215.201171875
data/datasets/B+/cluster_2_4026.BMP,96,103,39690,135.42626953125,110.08660125732422,87.25565338134766,15820.87890625
data/datasets/B+/cluster_2_403.BMP,96,103,39690,169.18507385253906,97.2712631225586,92.43404388427734,7485.787109375
data/datasets/B+/cluster_2_4039.BMP,96,103,39690,162.130859375,90.8475112915039,85.82349395751953,9860.845703125
data/datasets/B+/cluster_2_4042.BMP,96,103,39690,124.27174377441406,112.43330383300781,84.43215942382812,13498.076171875
data/datasets/B+/cluster_2_4075.BMP,96,103,39690,197.5043487548828,94.9011001586914,92.16960144042969,11121.28125
data/datasets/B+/cluster_2_4099.BMP,96,103,39690,145.2527313232422,105.05746459960938,85.30967712402344,13081.0966796875
data/datasets/B+/cluster_2_4109.BMP,96,103,39690,160.23220825195312,108.00433349609375,89.66834259033203,10616.7861328125
data/datasets/B+/cluster_2_4112.BMP,96,103,39690,157.44366455078125,94.53477478027344,87.7801513671875,10974.755859375
data/datasets/B+/cluster_2_4147.BMP,96,103,39690,120.59476470947266,111.56402587890625,89.33165740966797,12330.31640625
data/datasets/B+/cluster_2_415.BMP,96,103,39690,155.51223754882812,99.91606140136719,90.94535064697266,6961.26953125
data/datasets/B+/cluster_2_4156.BMP,96,103,39690,172.63623046875,100.68888854980469,91.07662963867188,10866.216796875
data/datasets/B+/cluster_2_4158.BMP,96,103,39690,149.18304443359375,109.40104675292969,87.78077697753906,16732.671875
data/datasets/B+/cluster_2_416.BMP,96,103,39690,160.90341186523438,103.11711120605469,89.95539855957031,11527.205078125
data/datasets/B+/cluster_2_4180.BMP,96,103,39690,161.5603790283203,107.10745239257812,92.3800277709961,17401.728515625
data/datasets/B+/cluster_2_4183.BMP,96,103,39690,103.29803466796875,111.9237289428711,82.73115539550781,6723.3046875
data/datasets/B+/cluster_2_419.BMP,96,103,39690,159.26536560058594,100.37041473388672,91.67776489257812,18263.6484375
data/datasets/B+/cluster_2_4192.BMP,96,103,39690,145.813720703125,109.39572143554688,91.14823913574219,13504.498046875
data/datasets/B+/cluster_2_4194.BMP,96,103,39690,130.42263793945312,105.97325897216797,85.8655776977539,13102.2548828125
data/datasets/B+/cluster_2_421.BMP,96,103,39690,159.751220703125,108.86866760253906,92.42776489257812,18906.982421875
data/datasets/B+/cluster_2_4212.BMP,96,103,39690,136.527099609375,113.6648178100586,83.63756561279297,13830.1220703125
data/datasets/B+/cluster_2_4215.BMP,96,103,39690,134.13632202148438,109.09827423095703,82.31218719482422,17761.1171875
data/datasets/B+/cluster_2_4229.BMP,96,103,39690,162.92091369628906,101.81500244140625,90.87437438964844,13229.1376953125
data/datasets/B+/cluster_2_4249.BMP,96,103,39690,192.19558715820312,89.00475311279297,92.1595458984375,11060.81640625
data/datasets/B+/cluster_2_425.BMP,96,103,39690,156.3842010498047,105.37398529052734,85.7845458984375,19921.953125
data/datasets/B+/cluster_2_4251.BMP,96,103,39690,150.01597595214844,109.88848114013672,88.25816345214844,17814.765625
data/datasets/B+/cluster_2_4268.BMP,96,103,39690,189.64866638183594,97.63984680175781,88.17525482177734,12955.470703125
data/datasets/B+/cluster_2_4285.BMP,96,103,39690,137.65341186523438,114.9443130493164,92.27764129638672,12557.521484375
data/datasets/B+/cluster_2_4288.BMP,96,103,39690,136.09193420410156,117.9679183959961,87.85489654541016,5463.79296875
data/datasets/B+/cluster_2_4306.BMP,96,103,39690,168.50637817382812,109.04978942871094,92.43404388427734,12085.640625
data/datasets/B+/cluster_2_4307.BMP,96,103,39690,169.88693237304688,103.84607696533203,86.64887237548828,21273.921875
data/datasets/B+/cluster_2_431.BMP,96,103,39690,136.5206298828125,117.4526138305664,92.11431884765625,8104.7099609375
data/datasets/B+/cluster_2_4310.BMP,96,103,39690,132.6371307373047,109.69529724121094,91.03329467773438,13746.03515625
data/datasets/B+/cluster_2_432.BMP,96,103,39690,119.22421264648438,113.37872314453125,83.87185668945312,8772.0400390625
data/datasets/B+/cluster_2_4328.BMP,96,103,39690,151.00758361816406,113.24613189697266,85.46168518066406,11143.58203125
data/datasets/B+/cluster_2_4330.BMP,96,103,39690,161.16909790039062,100.41109466552734,87.20288848876953,12269.55078125
data/datasets/B+/cluster_2_4335.BMP,96,103,39690,123.54004669189453,114.8775863647461,92.42650604248047,13875.19140625
data/datasets/B+/cluster_2_4364.BMP,96,103,39690,151.26719665527344,99.96041870117188,88.8498764038086,10209.919921875
data/datasets/B+/cluster_2_4366.BMP,96,103,39690,144.10618591308594,112.19792938232422,92.39635467529297,14109.765625
data/datasets/B+/cluster_2_4383.BMP,96,103,39690,148.7604217529297,107.76481628417969,83.11683654785156,20324.0625
data/datasets/B+/cluster_2_4389.BMP,96,103,39690,131.6214599609375,111.02050018310547,88.05339050292969,18223.712890625
data/datasets/B+/cluster_2_4394.BMP,96,103,39690,176.4077606201172,94.36639404296875,91.5301513671875,12041.697265625
data/datasets/B+/cluster_2_4398.BMP,96,103,39690,141.16363525390625,112.66366577148438,92.40577697753906,11531.630859375
data/datasets/B+/cluster_2_4407.BMP,96,103,39690,126.97785186767578,110.85986328125,87.71607971191406,12078.1884765625
data/datasets/B+/cluster_2_4408.BMP,96,103,39690,156.30825805664062,110.11172485351562,91.74685668945312,13677.0078125
data/datasets/B+/cluster_2_4439.BMP,96,103,39690,199.23544311523438,88.93563842773438,92.30904388427734,13518.6611328125
data/datasets/B+/cluster_2_444.BMP,96,103,39690,136.82513427734375,114.05632781982422,92.39321899414062,11479.21875
data/datasets/B+/cluster_2_4446.BMP,96,103,39690,154.46237182617188,111.28231048583984,91.25753784179688,8650.619140625
data/datasets/B+/cluster_2_4454.BMP,96,103,39690,138.6435089111328,107.29251861572266,85.24560546875,14609.767578125
data/datasets/B+/cluster_2_4458.BMP,96,103,39690,171.4639892578125,103.6704330444336,92.43404388427734,17023.0625
data/datasets/B+/cluster_2_4471.BMP,96,103,39690,126.96106719970703,116.82482147216797,85.6501235961914,7993.3759765625
data/datasets/B+/cluster_2_4475.BMP,96,103,39690,163.41029357910156,93.40868377685547,91.82788848876953,10387.921875
data/datasets/B+/cluster_2_4476.BMP,96,103,39690,151.59375,108.52408599853516,90.4560317993164,16171.1484375
data/datasets/B+/cluster_2_4478.BMP,96,103,39690,160.05714416503906,112.58837890625,92.19535064697266,9721.61328125
data/datasets/B+/cluster_2_4488.BMP,96,103,39690,163.99200439453125,106.70902252197266,86.60176086425781,14197.279296875
data/datasets/B+/cluster_2_4496.BMP,96,103,39690,140.2254180908203,110.98798370361328,91.185302734375,12125.73046875
data/datasets/B+/cluster_2_450.BMP,96,103,39690,172.44842529296875,104.78921508789062,92.26507568359375,13655.4296875
data/datasets/B+/cluster_2_4511.BMP,96,103,39690,149.07069396972656,110.92086791992188,84.90326690673828,12503.4443359375
data/datasets/B+/cluster_2_4512.BMP,96,103,39690,119.632080078125,112.59090423583984,83.20916748046875,14617.865234375
data/datasets/B+/cluster_2_4516.BMP,96,103,39690,188.28570556640625,90.97088623046875,92.43404388427734,12279.8564453125
data/datasets/B+/cluster_2_4526.BMP,96,103,39690,138.6591796875,111.6298828125,92.27764129638672,12574.294921875
data/datasets/B+/cluster_2_4527.BMP,96,103,39690,156.197509765625,108.48583984375,91.93279266357422,14533.884765625
data/datasets/B+/cluster_2_4533.BMP,96,103,39690,137.7285614013672,92.79301452636719,87.4535140991211,4094.94580078125
data/datasets/B+/cluster_2_4569.BMP,96,103,39690,174.80531311035156,104.98213958740234,90.1947250366211,10469.265625
data/datasets/B+/cluster_2_4573.BMP,96,103,39690,143.21490478515625,108.9498062133789,90.5163345336914,19716.0625
data/datasets/B+/cluster_2_4576.BMP,96,103,39690,172.23553466796875,105.80564880371094,92.08039855957031,13219.990234375
data/datasets/B+/cluster_2_4578.BMP,96,103,39690,158.76263427734375,101.97534942626953,86.46670532226562,14446.083984375
data/datasets/B+/cluster_2_4602.BMP,96,103,39690,163.20883178710938,93.26112365722656,92.43404388427734,7424.17138671875
data/datasets/B+/cluster_2_4621.BMP,96,103,39690,177.7124786376953,100.95024871826172,92.13379669189453,13755.37890625
data/datasets/B+/cluster_2_4627.BMP,96,103,39690,127.40139770507812,116.72410583496094,92.38316345214844,9802.384765625
data/datasets/B+/cluster_2_4636.BMP,96,103,39690,150.12034606933594,104.69352722167969,90.9095458984375,3235.76513671875
data/datasets/B+/cluster_2_4638.BMP,96,103,39690,175.37388610839844,100.35050201416016,92.14949798583984,14076.3623046875
data/datasets/B+/cluster_2_4644.BMP,96,103,39690,157.7120819091797,105.7408218383789,87.90389251708984,16266.8017578125
data/datasets/B+/cluster_2_4656.BMP,96,103,39690,130.77447509765625,110.96775817871094,89.60238647460938,11884.140625
data/datasets/B+/cluster_2_4659.BMP,96,103,39690,135.19943237304688,106.9090347290039,86.22299194335938,17463.5234375
data/datasets/B+/cluster_2_466.BMP,96,103,39690,145.2102508544922,107.19156646728516,87.06407165527344,14929.982421875
data/datasets/B+/cluster_2_4668.BMP,96,103,39690,124.24272155761719,114.75249481201172,81.46796417236328,9875.4599609375
data/datasets/B+/cluster_2_4677.BMP,96,103,39690,169.21197509765625,97.7117919921875,92.43404388427734,7334.2841796875
data/datasets/B+/cluster_2_4678.BMP,96,103,39690,133.73138427734375,112.41680145263672,84.59422302246094,14807.982421875
data/datasets/B+/cluster_2_470.BMP,96,103,39690,120.20317840576172,110.43106842041016,83.33605194091797,13252.3154296875
data/datasets/B+/cluster_2_4705.BMP,96,103,39690,174.27224731445312,89.17523956298828,92.43404388427734,5507.21875
data/datasets/B+/cluster_2_4725.BMP,96,103,39690,156.7914581298828,112.20553588867188,92.43404388427734,12690.40234375
data/datasets/B+/cluster_2_473.BMP,96,103,39690,142.268310546875,112.87425231933594,92.3241195678711,14390.037109375
data/datasets/B+/cluster_2_4731.BMP,96,103,39690,168.1843719482422,106.85157012939453,92.43404388427734,15826.1826171875
data/datasets/B+/cluster_2_4748.BMP,96,103,39690,153.93719482421875,106.68475341796875,88.0741195678711,14478.5107421875
data/datasets/B+/cluster_2_4757.BMP,96,103,39690,168.46652221679688,106.8028793334961,89.99434661865234,18327.138671875
data/datasets/B+/cluster_2_4758.BMP,96,103,39690,161.35386657714844,109.62181091308594,92.40766143798828,15402.7216796875
data/datasets/B+/cluster_2_4783.BMP,96,103,39690,129.1753692626953,111.89519500732422,84.72676086425781,12035.060546875
data/datasets/B+/cluster_2_4800.BMP,96,103,39690,173.1283416748047,99.30101776123047,92.30276489257812,15546.87109375
data/datasets/B+/cluster_2_4805.BMP,96,103,39690,134.0049591064453,114.618896484375,90.58856964111328,7830.64453125
data/datasets/B+/cluster_2_4807.BMP,96,103,39690,166.4153594970703,105.23971557617188,92.4051513671875,15788.16015625
data/datasets/B+/cluster_2_4813.BMP,96,103,39690,123.12904357910156,116.98757934570312,79.82223510742188,9061.41796875
data/datasets/B+/cluster_2_4834.BMP,96,103,39690,135.54794311523438,108.69709014892578,87.6344223022461,12754.3203125
data/datasets/B+/cluster_2_4843.BMP,96,103,39690,161.97218322753906,104.85713195800781,84.23995208740234,14344.4765625
data/datasets/B+/cluster_2_4848.BMP,96,103,39690,161.09768676757812,104.11720275878906,88.68467712402344,16643.7421875
data/datasets/B+/cluster_2_4859.BMP,96,103,39690,189.04278564453125,89.66468811035156,91.0207290649414,9995.44140625
data/datasets/B+/cluster_2_4882.BMP,96,103,39690,144.33839416503906,109.49789428710938,88.99748992919922,18643.654296875
data/datasets/B+/cluster_2_4884.BMP,96,103,39690,131.23553466796875,105.562744140625,91.77323913574219,15204.9482421875
data/datasets/B+/cluster_2_4890.BMP,96,103,39690,132.55380249023438,112.53987121582031,84.50251007080078,9432.1416015625
data/datasets/B+/cluster_2_4913.BMP,96,103,39690,137.9658203125,107.32792663574219,91.2148208618164,13450.48828125
data/datasets/B+/cluster_2_4920.BMP,96,103,39690,125.00596618652344,113.75509643554688,85.43341827392578,11801.697265625
data/datasets/B+/cluster_2_4932.BMP,96,103,39690,180.79429626464844,98.87987518310547,90.44786071777344,14301.208984375
data/datasets/B+/cluster_2_4935.BMP,96,103,39690,157.85093688964844,99.07247161865234,91.60489654541016,16907.94140625
data/datasets/B+/cluster_2_4947.BMP,96,103,39690,146.69488525390625,108.36036682128906,80.53580474853516,14108.6298828125
data/datasets/B+/cluster_2_4957.BMP,96,103,39690,121.92333984375,113.91461944580078,89.8586654663086,13890.953125
data/datasets/B+/cluster_2_4958.BMP,96,103,39690,158.20216369628906,111.00324249267578,91.9648208618164,10135.3017578125
data/datasets/B+/cluster_2_4960.BMP,96,103,39690,148.69578552246094,103.42176818847656,84.38127899169922,15616.56640625
data/datasets/B+/cluster_2_4964.BMP,96,103,39690,168.96490478515625,107.6761245727539,88.01758575439453,10441.7685546875
data/datasets/B+/cluster_2_4969.BMP,96,103,39690,129.882080078125,112.80107116699219,86.2449722290039,10155.6953125
data/datasets/B+/cluster_2_4974.BMP,96,103,39690,167.4710693359375,105.70594024658203,91.59233856201172,12284.322265625
data/datasets/B+/cluster_2_4980.BMP,96,103,39690,174.42657470703125,106.31621551513672,92.43404388427734,12798.748046875
data/datasets/B+/cluster_2_4988.BMP,96,103,39690,146.67434692382812,94.73186492919922,92.42839050292969,6699.63671875
data/datasets/B+/cluster_2_4992.BMP,96,103,39690,151.40887451171875,108.46200561523438,92.24937438964844,18431.466796875
data/datasets/B+/cluster_2_4999.BMP,96,103,39690,146.13177490234375,110.9912338256836,91.92462158203125,9796.318359375
data/datasets/B+/cluster_2_500.BMP,96,103,39690,152.34274291992188,109.65821075439453,89.91834259033203,16812.29296875
data/datasets/B+/cluster_2_5005.BMP,96,103,39690,162.2604217529297,93.5082015991211,92.42399597167969,6032.2236328125
data/datasets/B+/cluster_2_5008.BMP,96,103,39690,156.12449645996094,108.50017547607422,89.68592834472656,13018.60546875
data/datasets/B+/cluster_2_5012.BMP,96,103,39690,156.55491638183594,107.54178619384766,91.97612762451172,13688.1630859375
data/datasets/B+/cluster_2_5016.BMP,96,103,39690,127.00900268554688,118.25774383544922,91.52387237548828,6954.68017578125
data/datasets/B+/cluster_2_5019.BMP,96,103,39690,142.5739288330078,111.80870819091797,89.55402374267578,17446.51171875
data/datasets/B+/cluster_2_5024.BMP,96,103,39690,124.9935302734375,114.15950775146484,82.63253784179688,11842.587890625
data/datasets/B+/cluster_2_5043.BMP,96,103,39690,156.7733612060547,111.13253784179688,85.0,12334.5693359375
data/datasets/B+/cluster_2_5047.BMP,96,103,39690,145.91807556152344,99.71119689941406,91.59861755371094,5892.1005859375
data/datasets/B+/cluster_2_505.BMP,96,103,39690,138.8905792236328,106.91728210449219,81.96922302246094,13020.8828125
data/datasets/B+/cluster_2_5058.BMP,96,103,39690,164.85366821289062,96.79375457763672,87.6947250366211,5696.4208984375
data/datasets/B+/cluster_2_5064.BMP,96,103,39690,161.0672607421875,108.97709655761719,89.98241424560547,9948.2265625
data/datasets/B+/cluster_2_5070.BMP,96,103,39690,162.1222686767578,111.73297882080078,92.39761352539062,12398.583984375
data/datasets/B+/cluster_2_5071.BMP,96,103,39690,166.14097595214844,100.09963989257812,92.43404388427734,8186.31201171875
data/datasets/B+/cluster_2_5074.BMP,96,103,39690,128.39462280273438,110.46558380126953,84.67839050292969,13878.890625
data/datasets/B+/cluster_2_5084.BMP,96,103,39690,182.41737365722656,93.06000518798828,91.45980072021484,12706.4765625
data/datasets/B+/cluster_2_5098.BMP,96,103,39690,161.04257202148438,86.33930206298828,87.38945007324219,7398.462890625
data/datasets/B+/cluster_2_510.BMP,96,103,39690,148.3110809326172,110.69393157958984,91.25,13965.4453125
data/datasets/B+/cluster_2_5107.BMP,96,103,39690,142.0078887939453,111.2262191772461,86.15200805664062,12988.9833984375
data/datasets/B+/cluster_2_513.BMP,96,103,39690,154.75747680664062,98.42597961425781,85.04019927978516,7477.2587890625
data/datasets/B+/cluster_2_5136.BMP,96,103,39690,127.21197509765625,109.157958984375,86.18907165527344,14381.34765625
data/datasets/B+/cluster_2_5141.BMP,96,103,39690,166.06239318847656,104.02083587646484,92.07286071777344,15197.3515625
data/datasets/B+/cluster_2_5147.BMP,96,103,39690,138.84182739257812,109.64976501464844,92.08731079101562,16762.58203125
data/datasets/B+/cluster_2_5152.BMP,96,103,39690,152.15695190429688,111.33343505859375,91.24434661865234,11901.6455078125
data/datasets/B+/cluster_2_5162.BMP,96,103,39690,153.1412811279297,109.98193359375,90.96922302246094,9804.833984375
data/datasets/B+/cluster_2_5169.BMP,96,103,39690,150.18618774414062,111.05152893066406,90.33416748046875,15528.248046875
data/datasets/B+/cluster_2_5171.BMP,96,103,39690,132.95327758789062,96.3824691772461,87.89887237548828,5387.375
data/datasets/B+/cluster_2_5173.BMP,96,103,39690,166.62722778320312,108.1173324584961,88.7242431640625,10450.1591796875
data/datasets/B+/cluster_2_5176.BMP,96,103,39690,163.72552490234375,108.71245574951172,92.3800277709961,13555.7998046875
data/datasets/B+/cluster_2_5186.BMP,96,103,39690,141.18922424316406,109.58735656738281,92.36934661865234,13919.90234375
data/datasets/B+/cluster_2_5188.BMP,96,103,39690,158.19204711914062,104.00784301757812,90.3404541015625,14377.7646484375
data/datasets/B+/cluster_2_5199.BMP,96,103,39690,156.2761993408203,94.974365234375,88.49372100830078,10340.7021484375
data/datasets/B+/cluster_2_5205.BMP,96,103,39690,135.25465393066406,115.40177154541016,92.39823913574219,10174.7255859375
data/datasets/B+/cluster_2_5215.BMP,96,103,39690,171.24029541015625,101.27167510986328,92.27135467529297,11568.623046875
data/datasets/B+/cluster_2_522.BMP,96,103,39690,133.66070556640625,108.74990844726562,90.08291625976562,10956.6796875
data/datasets/B+/cluster_2_5220.BMP,96,103,39690,170.9738006591797,100.5274658203125,92.2060317993164,12761.583984375
data/datasets/B+/cluster_2_5230.BMP,96,103,39690,146.4722900390625,107.71471405029297,87.45037841796875,15947.00390625
data/datasets/B+/cluster_2_5236.BMP,96,103,39690,149.5404510498047,109.91026306152344,90.22676086425781,17783.533203125
data/datasets/B+/cluster_2_524.BMP,96,103,39690,146.54591369628906,109.61663055419922,92.39823913574219,19091.75
data/datasets/B+/cluster_2_5254.BMP,96,103,39690,151.7256317138672,106.31861877441406,91.30904388427734,17176.87109375
data/datasets/B+/cluster_2_5259.BMP,96,103,39690,126.83576202392578,111.53160858154297,91.68907165527344,13054.28515625
data/datasets/B+/cluster_2_5269.BMP,96,103,39690,159.50697326660156,108.2094955444336,85.31156158447266,18245.52734375
data/datasets/B+/cluster_2_5274.BMP,96,103,39690,163.47825622558594,106.77904510498047,88.01256561279297,15954.896484375
data/datasets/B+/cluster_2_5276.BMP,96,103,39690,150.84982299804688,105.3102035522461,89.435302734375,16172.330078125
data/datasets/B+/cluster_2_5277.BMP,96,103,39690,159.04904174804688,98.8843994140625,88.72361755371094,15307.005859375
data/datasets/B+/cluster_2_5288.BMP,96,103,39690,153.53933715820312,106.4925537109375,88.6758804321289,14875.5673828125
data/datasets/B+/cluster_2_5295.BMP,96,103,39690,133.4085693359375,112.05509948730469,92.06343841552734,11788.1787109375
data/datasets/B+/cluster_2_5309.BMP,96,103,39690,154.51719665527344,105.41851806640625,90.66960144042969,14155.1669921875
data/datasets/B+/cluster_2_5312.BMP,96,103,39690,156.9127197265625,109.808349609375,86.55464935302734,12479.451171875
data/datasets/B+/cluster_2_5332.BMP,96,103,39690,163.2335205078125,105.41714477539062,87.2035140991211,13493.28125
data/datasets/B+/cluster_2_5333.BMP,96,103,39690,189.64866638183594,97.63984680175781,88.17525482177734,12955.470703125
data/datasets/B+/cluster_2_5337.BMP,96,103,39690,145.2352294921875,111.843994140625,85.59107971191406,15896.5078125
data/datasets/B+/cluster_2_5346.BMP,96,103,39690,171.98684692382812,103.0074691772461,92.42713928222656,13326.828125
data/datasets/B+/cluster_2_5356.BMP,96,103,39690,189.64866638183594,97.63984680175781,88.17525482177734,12955.470703125
data/datasets/B+/cluster_2_536.BMP,96,103,39690,137.8770294189453,107.41934967041016,85.42776489257812,17606.9609375
data/datasets/B+/cluster_2_5363.BMP,96,103,39690,158.61822509765625,111.1156234741211,88.76570129394531,12168.67578125
data/datasets/B+/cluster_2_5374.BMP,96,103,39690,123.7500991821289,112.9835205078125,82.6645736694336,14547.298828125
data/datasets/B+/cluster_2_5375.BMP,96,103,39690,174.66616821289062,100.82938385009766,92.43404388427734,14797.275390625
data/datasets/B+/cluster_2_5390.BMP,96,103,39690,134.21470642089844,109.66378021240234,81.62123107910156,17008.8828125
data/datasets/B+/cluster_2_5394.BMP,96,103,39690,174.635009765625,99.94239807128906,89.9748764038086,14158.2890625
data/datasets/B+/cluster_2_5409.BMP,96,103,39690,166.29440307617188,107.67945861816406,92.38630676269531,15594.7275390625
data/datasets/B+/cluster_2_5430.BMP,96,103,39690,178.3683319091797,99.88288879394531,91.93781280517578,12996.35546875
data/datasets/B+/cluster_2_5440.BMP,96,103,39690,170.44215393066406,95.39069366455078,90.42273712158203,11490.064453125
data/datasets/B+/cluster_2_5443.BMP,96,103,39690,166.3032989501953,97.93910217285156,89.84422302246094,10912.828125
data/datasets/B+/cluster_2_5458.BMP,96,103,39690,157.64077758789062,92.57211303710938,88.25125885009766,6317.6689453125
data/datasets/B+/cluster_2_5464.BMP,96,103,39690,145.23330688476562,114.96261596679688,86.31281280517578,7599.966796875
data/datasets/B+/cluster_2_5465.BMP,96,103,39690,154.01234436035156,91.61603546142578,92.43404388427734,10534.21875
data/datasets/B+/cluster_2_5476.BMP,96,103,39690,150.9807891845703,95.27085876464844,92.23241424560547,9373.111328125
data/datasets/B+/cluster_2_5480.BMP,96,103,39690,151.6564483642578,109.15056610107422,90.82349395751953,15894.1376953125
data/datasets/B+/cluster_2_5485.BMP,96,103,39690,155.9447784423828,110.17295837402344,90.28077697753906,17543.669921875
data/datasets/B+/cluster_2_5506.BMP,96,103,39690,148.02296447753906,111.90042114257812,92.41960144042969,13487.001953125
data/datasets/B+/cluster_2_5539.BMP,96,103,39690,172.06857299804688,91.1661605834961,90.4447250366211,8805.234375
data/datasets/B+/cluster_2_5547.BMP,96,103,39690,127.44721221923828,110.57952880859375,84.5395736694336,14655.609375
data/datasets/B+/cluster_2_5552.BMP,96,103,39690,156.44285583496094,109.78410339355469,92.43404388427734,13824.59375
data/datasets/B+/cluster_2_5566.BMP,96,103,39690,143.66029357910156,92.90042114257812,90.2154541015625,6550.60693359375
data/datasets/B+/cluster_2_5570.BMP,96,103,39690,127.0135498046875,113.17525482177734,88.805908203125,11605.169921875
data/datasets/B+/cluster_2_5581.BMP,96,103,39690,150.37965393066406,105.05573272705078,87.82600402832031,19007.0390625
data/datasets/B+/cluster_2_5597.BMP,96,103,39690,149.38955688476562,110.72624969482422,91.7751235961914,10465.779296875
data/datasets/B+/cluster_2_5607.BMP,96,103,39690,141.063720703125,108.20446014404297,81.70791625976562,13577.763671875
data/datasets/B+/cluster_2_5622.BMP,96,103,39690,176.2637481689453,97.11177062988281,89.90264129638672,14326.607421875
data/datasets/B+/cluster_2_5627.BMP,96,103,39690,173.05764770507812,97.69600677490234,90.38253784179688,10411.7734375
data/datasets/B+/cluster_2_5632.BMP,96,103,39690,146.86700439453125,110.66336822509766,90.80464935302734,10149.16015625
data/datasets/B+/cluster_2_5642.BMP,96,103,39690,112.614990234375,113.46361541748047,84.92399597167969,9171.5048828125
data/datasets/B+/cluster_2_5645.BMP,96,103,39690,173.70620727539062,96.44185638427734,91.18656158447266,13869.134765625
data/datasets/B+/cluster_2_5673.BMP,96,103,39690,135.90574645996094,99.41902160644531,86.05841827392578,5582.02734375
data/datasets/B+/cluster_2_5680.BMP,96,103,39690,184.46713256835938,95.39241027832031,91.84861755371094,8768.564453125
data/datasets/B+/cluster_2_569.BMP,96,103,39690,145.9566192626953,108.70137023925781,81.15264129638672,10343.49609375
data/datasets/B+/cluster_2_5694.BMP,96,103,39690,174.24868774414062,102.21977233886719,92.2104263305664,14347.9365234375
data/datasets/B+/cluster_2_5707.BMP,96,103,39690,143.38197326660156,109.74329376220703,90.40200805664062,10902.4599609375
data/datasets/B+/cluster_2_5709.BMP,96,103,39690,149.1299591064453,105.91836547851562,92.43404388427734,11655.466796875
data/datasets/B+/cluster_2_5714.BMP,96,103,39690,164.92263793945312,106.25586700439453,89.2198486328125,15825.314453125
data/datasets/B+/cluster_2_5718.BMP,96,103,39690,168.71875,104.74079895019531,83.34799194335938,12051.0078125
data/datasets/B+/cluster_2_5735.BMP,96,103,39690,122.975830078125,108.38004302978516,91.15641021728516,10396.1171875
data/datasets/B+/cluster_2_5741.BMP,96,103,39690,174.32423400878906,98.51277923583984,91.03266143798828,12028.3173828125
data/datasets/B+/cluster_2_5746.BMP,96,103,39690,160.77154541015625,106.52705383300781,91.99560546875,17397.794921875
data/datasets/B+/cluster_2_5751.BMP,96,103,39690,164.09799194335938,111.40812683105469,92.43404388427734,10172.90625
data/datasets/B+/cluster_2_5755.BMP,96,103,39690,165.2845916748047,91.76356506347656,92.43404388427734,11555.330078125
data/datasets/B+/cluster_2_5756.BMP,96,103,39690,147.52952575683594,95.5815200805664,85.26319122314453,5696.58251953125
data/datasets/B+/cluster_2_5761.BMP,96,103,39690,166.3671112060547,104.78064727783203,89.40326690673828,19540.51171875
data/datasets/B+/cluster_2_577.BMP,96,103,39690,148.30441284179688,105.03807067871094,91.79334259033203,17790.888671875
data/datasets/B+/cluster_2_5774.BMP,96,103,39690,164.20773315429688,103.40453338623047,91.35176086425781,16575.984375
data/datasets/B+/cluster_2_5785.BMP,96,103,39690,163.1014404296875,102.97203063964844,91.21419525146484,14015.6396484375
data/datasets/B+/cluster_2_5790.BMP,96,103,39690,160.79995727539062,97.4037857055664,92.43404388427734,8120.6669921875
data/datasets/B+/cluster_2_5792.BMP,96,103,39690,157.55825805664062,96.02606201171875,92.41206359863281,10098.287109375
data/datasets/B+/cluster_2_5798.BMP,96,103,39690,197.16262817382812,90.97740936279297,91.57474517822266,13863.724609375
data/datasets/B+/cluster_2_5809.BMP,96,103,39690,95.95631408691406,115.1994400024414,80.61746215820312,4146.44287109375
data/datasets/B+/cluster_2_5817.BMP,96,103,39690,162.98907470703125,107.4838638305664,88.67462158203125,18412.642578125
data/datasets/B+/cluster_2_583.BMP,96,103,39690,135.78518676757812,114.17605590820312,84.70162963867188,9067.2431640625
data/datasets/B+/cluster_2_5845.BMP,96,103,39690,167.8841094970703,97.07322692871094,92.430908203125,13479.67578125
data/datasets/B+/cluster_2_5849.BMP,96,103,39690,149.45985412597656,111.73250579833984,92.34358978271484,15001.814453125
data/datasets/B+/cluster_2_5850.BMP,96,103,39690,184.8541717529297,94.75940704345703,92.41331481933594,9371.0673828125
data/datasets/B+/cluster_2_5869.BMP,96,103,39690,177.97451782226562,103.65267181396484,92.43279266357422,15073.4951171875
data/datasets/B+/cluster_2_5870.BMP,96,103,39690,132.48907470703125,114.22412109375,92.35741424560547,14882.8408203125
data/datasets/B+/cluster_2_5877.BMP,96,103,39690,130.5816192626953,114.28191375732422,91.95665740966797,11604.1630859375
data/datasets/B+/cluster_2_5881.BMP,96,103,39690,155.1485595703125,112.79847717285156,92.43404388427734,7468.9697265625
data/datasets/B+/cluster_2_5886.BMP,96,103,39690,147.80734252929688,108.51072692871094,92.26319122314453,16701.02734375
data/datasets/B+/cluster_2_5909.BMP,96,103,39690,134.6613006591797,118.07063293457031,83.2751235961914,6164.37109375
data/datasets/B+/cluster_2_5930.BMP,96,103,39690,183.32423400878906,99.17936706542969,91.95037841796875,14112.3828125
data/datasets/B+/cluster_2_5937.BMP,96,103,39690,143.10638427734375,91.41357421875,92.43404388427734,6448.5537109375
data/datasets/B+/cluster_2_5938.BMP,96,103,39690,141.3031005859375,104.82312774658203,83.25627899169922,19016.251953125
data/datasets/B+/cluster_2_5941.BMP,96,103,39690,174.6629180908203,97.76954650878906,88.04208374023438,15389.732421875
data/datasets/B+/cluster_2_5963.BMP,96,103,39690,158.7562713623047,109.41046905517578,86.83165740966797,14524.0712890625
data/datasets/B+/cluster_2_5981.BMP,96,103,39690,175.2608184814453,105.67908477783203,86.19220733642578,10295.595703125
data/datasets/B+/cluster_2_5995.BMP,96,103,39690,141.85113525390625,114.52960205078125,91.13819122314453,8463.9873046875
data/datasets/B+/cluster_2_5999.BMP,96,103,39690,149.8899688720703,113.22038269042969,81.48931884765625,11539.087890625
data/datasets/B+/cluster_2_6.BMP,96,103,39690,133.04794311523438,112.16848754882812,92.42525482177734,11575.3623046875
data/datasets/B+/cluster_2_601.BMP,96,103,39690,155.4878692626953,108.64109802246094,86.79585266113281,13424.947265625
data/datasets/B+/cluster_2_617.BMP,96,103,39690,173.51678466796875,105.38162231445312,85.93843841552734,13761.193359375
data/datasets/B+/cluster_2_634.BMP,96,103,39690,163.12530517578125,107.49998474121094,85.66394805908203,19322.13671875
data/datasets/B+/cluster_2_645.BMP,96,103,39690,126.99626159667969,100.60325622558594,83.10176086425781,4367.720703125
data/datasets/B+/cluster_2_646.BMP,96,103,39690,160.13197326660156,109.51551818847656,92.43404388427734,14228.052734375
data/datasets/B+/cluster_2_662.BMP,96,103,39690,176.8133087158203,98.94029235839844,90.64447021484375,13822.6484375
data/datasets/B+/cluster_2_676.BMP,96,103,39690,167.0864715576172,105.97708129882812,91.60678100585938,13207.041015625
data/datasets/B+/cluster_2_682.BMP,96,103,39690,177.29672241210938,100.30006408691406,91.17525482177734,14519.791015625
data/datasets/B+/cluster_2_688.BMP,96,103,39690,119.34294128417969,111.02455139160156,83.37688446044922,11774.0634765625
data/datasets/B+/cluster_2_692.BMP,96,103,39690,147.012939453125,107.58026885986328,86.63253784179688,11690.583984375
data/datasets/B+/cluster_2_693.BMP,96,103,39690,156.67495727539062,106.55973052978516,82.65452575683594,14390.2177734375
data/datasets/B+/cluster_2_698.BMP,96,103,39690,162.92303466796875,105.34916687011719,92.42902374267578,21847.0390625
data/datasets/B+/cluster_2_706.BMP,96,103,39690,164.76708984375,110.61656951904297,86.27135467529297,8757.69140625
data/datasets/B+/cluster_2_716.BMP,96,103,39690,162.58717346191406,108.73870086669922,89.88819122314453,14497.7998046875
data/datasets/B+/cluster_2_723.BMP,96,103,39690,193.20570373535156,90.68630981445312,91.10301208496094,10994.0244140625
data/datasets/B+/cluster_2_726.BMP,96,103,39690,138.5574493408203,115.20596313476562,90.71105194091797,7861.4814453125
data/datasets/B+/cluster_2_742.BMP,96,103,39690,151.96197509765625,107.96162414550781,91.5898208618164,16105.5888671875
data/datasets/B+/cluster_2_747.BMP,96,103,39690,168.84344482421875,99.83499908447266,88.82726287841797,15970.091796875
data/datasets/B+/cluster_2_749.BMP,96,103,39690,170.59768676757812,103.23149871826172,92.43215942382812,14034.23828125
data/datasets/B+/cluster_2_756.BMP,96,103,39690,144.68031311035156,111.54174041748047,86.40452575683594,16428.197265625
data/datasets/B+/cluster_2_758.BMP,96,103,39690,121.90149688720703,116.54944610595703,88.51507568359375,5524.9658203125
data/datasets/B+/cluster_2_78.BMP,96,103,39690,167.66807556152344,100.5545883178711,92.43404388427734,10327.177734375
data/datasets/B+/cluster_2_781.BMP,96,103,39690,169.10426330566406,104.84324645996094,92.07977294921875,14718.8046875
data/datasets/B+/cluster_2_785.BMP,96,103,39690,140.39633178710938,115.77799987792969,92.26570129394531,7718.328125
data/datasets/B+/cluster_2_790.BMP,96,103,39690,145.15908813476562,90.64159393310547,89.78643035888672,4693.73388671875
data/datasets/B+/cluster_2_792.BMP,96,103,39690,174.885009765625,103.33627319335938,92.21796417236328,11087.916015625
data/datasets/B+/cluster_2_814.BMP,96,103,39690,151.27487182617188,107.614013671875,88.31092834472656,19726.603515625
data/datasets/B+/cluster_2_827.BMP,96,103,39690,157.7527313232422,104.54210662841797,89.92273712158203,15032.3720703125
data/datasets/B+/cluster_2_829.BMP,96,103,39690,189.64866638183594,97.63984680175781,88.17525482177734,12955.470703125
data/datasets/B+/cluster_2_832.BMP,96,103,39690,125.63521575927734,114.76516723632812,86.77952575683594,10107.966796875
data/datasets/B+/cluster_2_833.BMP,96,103,39690,147.06350708007812,108.26932525634766,81.46293640136719,18691.224609375
data/datasets/B+/cluster_2_848.BMP,96,103,39690,131.04014587402344,112.4449234008789,91.59233856201172,14773.08203125
data/datasets/B+/cluster_2_854.BMP,96,103,39690,155.05349731445312,104.9683837890625,92.2242431640625,19592.24609375
data/datasets/B+/cluster_2_874.BMP,96,103,39690,169.25576782226562,93.52552032470703,86.9258804321289,15508.041015625
data/datasets/B+/cluster_2_884.BMP,96,103,39690,135.54844665527344,113.72189331054688,92.430908203125,14748.0751953125
data/datasets/B+/cluster_2_888.BMP,96,103,39690,162.96774291992188,105.89180755615234,92.2336654663086,16792.6640625
data/datasets/B+/cluster_2_90.BMP,96,103,39690,162.59547424316406,107.93215942382812,92.35176086425781,18129.935546875
data/datasets/B+/cluster_2_905.BMP,96,103,39690,142.097900390625,116.05876159667969,92.14510345458984,8406.091796875
data/datasets/B+/cluster_2_915.BMP,96,103,39690,149.7556610107422,110.9083480834961,87.29145812988281,17553.78515625
data/datasets/B+/cluster_2_921.BMP,96,103,39690,150.2464599609375,107.52936553955078,92.0439682006836,13634.087890625
data/datasets/B+/cluster_2_928.BMP,96,103,39690,139.7598114013672,116.78782653808594,84.31407165527344,5843.0126953125
data/datasets/B+/cluster_2_942.BMP,96,103,39690,163.255859375,90.3924560546875,92.40703582763672,9828.056640625
data/datasets/B+/cluster_2_946.BMP,96,103,39690,168.37843322753906,100.2550048828125,90.73052978515625,17124.5078125
data/datasets/B+/cluster_2_952.BMP,96,103,39690,155.9076690673828,110.74463653564453,89.91394805908203,13316.87109375
data/datasets/B+/cluster_2_953.BMP,96,103,39690,145.82150268554688,107.45454406738281,83.75,19776.01953125
data/datasets/B+/cluster_2_963.BMP,96,103,39690,147.2918701171875,109.28275299072266,92.2895736694336,12806.76171875
data/datasets/B+/cluster_2_967.BMP,96,103,39690,171.23411560058594,107.79686737060547,84.36934661865234,12997.16015625
data/datasets/B+/cluster_2_980.BMP,96,103,39690,167.19114685058594,101.1724853515625,88.73178100585938,16492.548828125
data/datasets/B+/cluster_2_988.BMP,96,103,39690,136.92384338378906,111.83357238769531,86.14447021484375,15058.927734375
data/datasets/B+/cluster_2_992.BMP,96,103,39690,104.89057159423828,111.94263458251953,84.64949798583984,9929.037109375
data/datasets/B-/cluster_3_1017.BMP,96,103,39690,134.93972778320312,107.89958953857422,91.72299194335938,16877.8671875
data/datasets/B-/cluster_3_1018.BMP,96,103,39690,128.9508514404297,108.93916320800781,91.62939453125,16261.78125
data/datasets/B-/cluster_3_1032.BMP,96,103,39690,127.87955474853516,105.38430786132812,91.4560317993164,22818.48046875
data/datasets/B-/cluster_3_1035.BMP,96,103,39690,120.8898696899414,106.7511978149414,80.819091796875,18897.62890625
data/datasets/B-/cluster_3_1050.BMP,96,103,39690,125.28640747070312,105.52531433105469,87.59861755371094,17534.927734375
data/datasets/B-/cluster_3_1055.BMP,96,103,39690,139.89047241210938,107.3786849975586,84.72299194335938,23024.359375
data/datasets/B-/cluster_3_1059.BMP,96,103,39690,146.37135314941406,103.40540313720703,89.18279266357422,21943.97265625
data/datasets/B-/cluster_3_1067.BMP,96,103,39690,110.42718505859375,103.4135513305664,82.83354187011719,20295.80859375
data/datasets/B-/cluster_3_1070.BMP,96,103,39690,85.00525665283203,99.51158905029297,74.51696014404297,17637.216796875
data/datasets/B-/cluster_3_108.BMP,96,103,39690,114.95793151855469,111.97486114501953,89.97235870361328,9910.908203125
data/datasets/B-/cluster_3_1083.BMP,96,103,39690,132.98715209960938,105.3017578125,81.91583251953125,22301.662109375
data/datasets/B-/cluster_3_1101.BMP,96,103,39690,66.83363342285156,97.54460906982422,76.8498764038086,10732.1484375
data/datasets/B-/cluster_3_1146.BMP,96,103,39690,132.27487182617188,105.39472961425781,84.58480072021484,20685.658203125
data/datasets/B-/cluster_3_1159.BMP,96,103,39690,101.32908630371094,103.46334075927734,80.83416748046875,18596.494140625
data/datasets/B-/cluster_3_1169.BMP,96,103,39690,147.97836303710938,106.36544799804688,81.92839050292969,17646.296875
data/datasets/B-/cluster_3_1174.BMP,96,103,39690,107.94680786132812,106.66205596923828,91.19284057617188,16185.853515625
data/datasets/B-/cluster_3_1184.BMP,96,103,39690,79.28498840332031,92.62753295898438,74.23241424560547,18485.54296875
data/datasets/B-/cluster_3_1201.BMP,96,103,39690,112.94933319091797,103.48226165771484,87.39258575439453,23142.01171875
data/datasets/B-/cluster_3_1209.BMP,96,103,39690,101.87722778320312,105.4842758178711,78.90703582763672,19745.115234375
data/datasets/B-/cluster_3_1251.BMP,96,103,39690,145.1819305419922,103.34539794921875,89.4535140991211,20968.689453125
data/datasets/B-/cluster_3_1257.BMP,96,103,39690,129.66494750976562,103.84125518798828,82.91834259033203,21491.37109375
data/datasets/B-/cluster_3_1262.BMP,96,103,39690,165.688720703125,87.23152923583984,89.39949798583984,6754.17578125
data/datasets/B-/cluster_3_1267.BMP,96,103,39690,134.8751983642578,106.70397186279297,91.64698791503906,17116.703125
data/datasets/B-/cluster_3_1270.BMP,96,103,39690,141.3785400390625,105.77691650390625,88.08228302001953,16834.751953125
data/datasets/B-/cluster_3_1274.BMP,96,103,39690,141.5772705078125,108.26290130615234,91.4001235961914,16817.9140625
data/datasets/B-/cluster_3_128.BMP,96,103,39690,119.6256103515625,105.63966369628906,87.24874114990234,18469.169921875
data/datasets/B-/cluster_3_1280.BMP,96,103,39690,121.25768280029297,108.59269714355469,80.57097625732422,21147.953125
data/datasets/B-/cluster_3_1291.BMP,96,103,39690,88.4033203125,104.02723693847656,79.44535064697266,11649.7490234375
data/datasets/B-/cluster_3_1296.BMP,96,103,39690,126.24807739257812,110.28343200683594,90.95477294921875,16490.66015625
data/datasets/B-/cluster_3_1298.BMP,96,103,39690,153.67648315429688,103.14154815673828,89.814697265625,18528.59375
data/datasets/B-/cluster_3_1302.BMP,96,103,39690,118.2507095336914,110.66093444824219,82.86243438720703,15811.384765625
data/datasets/B-/cluster_3_1307.BMP,96,103,39690,138.4219207763672,107.83792114257812,86.9007568359375,17820.109375
data/datasets/B-/cluster_3_1308.BMP,96,103,39690,107.62024688720703,113.94818878173828,80.02826690673828,9872.1767578125
data/datasets/B-/cluster_3_1315.BMP,96,103,39690,127.21561431884766,105.48749542236328,86.61746215820312,19841.814453125
data/datasets/B-/cluster_3_1316.BMP,96,103,39690,136.46612548828125,110.37258911132812,82.19849395751953,16576.0625
data/datasets/B-/cluster_3_1320.BMP,96,103,39690,142.51992797851562,106.6878433227539,88.20665740966797,17562.7265625
data/datasets/B-/cluster_3_1323.BMP,96,103,39690,110.47754669189453,108.81192016601562,90.5552749633789,14192.91796875
data/datasets/B-/cluster_3_1330.BMP,96,103,39690,129.1798095703125,110.2265853881836,80.85929870605469,18447.783203125
data/datasets/B-/cluster_3_1341.BMP,96,103,39690,139.42080688476562,105.57833099365234,85.85489654541016,19423.28515625
data/datasets/B-/cluster_3_1342.BMP,96,103,39690,142.60983276367188,104.66952514648438,88.66206359863281,21258.30078125
data/datasets/B-/cluster_3_1344.BMP,96,103,39690,113.33454895019531,107.28326416015625,91.67211151123047,14463.99609375
data/datasets/B-/cluster_3_1353.BMP,96,103,39690,105.28984832763672,105.8681869506836,84.77952575683594,13176.943359375
data/datasets/B-/cluster_3_1356.BMP,96,103,39690,129.89552307128906,107.45972442626953,83.26696014404297,17237.287109375
data/datasets/B-/cluster_3_1366.BMP,96,103,39690,140.5709991455078,107.51919555664062,88.28077697753906,22518.0625
data/datasets/B-/cluster_3_1375.BMP,96,103,39690,149.51345825195312,103.37519836425781,91.57977294921875,16850.763671875
data/datasets/B-/cluster_3_1381.BMP,96,103,39690,95.99028778076172,101.61009216308594,87.89258575439453,15003.140625
data/datasets/B-/cluster_3_1385.BMP,96,103,39690,104.76789855957031,103.59246063232422,86.14949798583984,16083.2451171875
data/datasets/B-/cluster_3_1396.BMP,96,103,39690,119.84071350097656,105.72447204589844,91.49748992919922,19898.091796875
data/datasets/B-/cluster_3_1410.BMP,96,103,39690,170.94578552246094,98.41993713378906,91.24874114990234,17943.267578125
data/datasets/B-/cluster_3_1420.BMP,96,103,39690,106.2635498046875,103.2376480102539,82.62876892089844,16181.0712890625
data/datasets/B-/cluster_3_1426.BMP,96,103,39690,94.53994750976562,102.55180358886719,82.38945007324219,17292.18359375
data/datasets/B-/cluster_3_1427.BMP,96,103,39690,114.75131225585938,108.27474975585938,82.3398208618164,19815.208984375
data/datasets/B-/cluster_3_1447.BMP,96,103,39690,97.31401824951172,103.02237701416016,79.85364532470703,18006.4296875
data/datasets/B-/cluster_3_145.BMP,96,103,39690,149.26678466796875,105.70716857910156,91.29334259033203,17753.19140625
data/datasets/B-/cluster_3_1450.BMP,96,103,39690,95.5113296508789,109.95807647705078,81.83480072021484,8495.6669921875
data/datasets/B-/cluster_3_1460.BMP,96,103,39690,108.1080093383789,102.56327819824219,81.67650604248047,20081.78125
data/datasets/B-/cluster_3_1470.BMP,96,103,39690,77.60568237304688,100.8145523071289,76.03643035888672,10632.849609375
data/datasets/B-/cluster_3_1496.BMP,96,103,39690,119.03003692626953,105.5307388305664,84.77889251708984,17398.3359375
data/datasets/B-/cluster_3_1507.BMP,96,103,39690,90.94558715820312,102.25310516357422,88.5345458984375,14072.115234375
data/datasets/B-/cluster_3_151.BMP,96,103,39690,104.21147155761719,112.6845932006836,81.24748992919922,10296.421875
data/datasets/B-/cluster_3_1513.BMP,96,103,39690,133.52781677246094,105.7244873046875,90.93404388427734,18683.900390625
data/datasets/B-/cluster_3_1517.BMP,96,103,39690,114.353759765625,104.5210189819336,79.3498764038086,20080.009765625
data/datasets/B-/cluster_3_152.BMP,96,103,39690,155.78651428222656,99.33426666259766,82.9698486328125,14042.388671875
data/datasets/B-/cluster_3_1522.BMP,96,103,39690,156.98533630371094,101.40570831298828,90.69597625732422,17910.009765625
data/datasets/B-/cluster_3_1529.BMP,96,103,39690,123.60810852050781,110.82643127441406,83.34422302246094,18098.845703125
data/datasets/B-/cluster_3_1536.BMP,96,103,39690,133.2089385986328,107.78985595703125,86.4001235961914,17378.599609375
data/datasets/B-/cluster_3_1557.BMP,96,103,39690,140.49908447265625,105.7923355102539,83.96293640136719,15898.494140625
data/datasets/B-/cluster_3_1566.BMP,96,103,39690,83.77932739257812,95.622802734375,74.2198486328125,16966.92578125
data/datasets/B-/cluster_3_157.BMP,96,103,39690,112.57746887207031,108.8094711303711,82.85238647460938,15358.8740234375
data/datasets/B-/cluster_3_1581.BMP,96,103,39690,120.38096618652344,103.85722351074219,90.7336654663086,18714.30859375
data/datasets/B-/cluster_3_1593.BMP,96,103,39690,159.39007568359375,95.32168579101562,87.4051513671875,10319.830078125
data/datasets/B-/cluster_3_1598.BMP,96,103,39690,123.17010498046875,106.83430480957031,89.10992431640625,19314.09375
data/datasets/B-/cluster_3_1599.BMP,96,103,39690,103.93780517578125,104.66368865966797,83.4792709350586,15519.98828125
data/datasets/B-/cluster_3_160.BMP,96,103,39690,135.1898193359375,108.0502700805664,90.64949798583984,16427.12109375
data/datasets/B-/cluster_3_1602.BMP,96,103,39690,140.72703552246094,97.49984741210938,92.29585266113281,14490.7177734375
data/datasets/B-/cluster_3_1603.BMP,96,103,39690,119.4338607788086,107.0341567993164,88.97989654541016,21363.60546875
data/datasets/B-/cluster_3_1604.BMP,96,103,39690,118.87540435791016,103.51634979248047,81.80653381347656,23074.666015625
data/datasets/B-/cluster_3_1618.BMP,96,103,39690,127.46308898925781,109.83000946044922,77.88065338134766,20349.84765625
data/datasets/B-/cluster_3_1622.BMP,96,103,39690,104.51435852050781,105.44532775878906,84.85176086425781,16217.068359375
data/datasets/B-/cluster_3_1625.BMP,96,103,39690,158.52163696289062,106.25995635986328,91.04773712158203,16468.58984375
data/datasets/B-/cluster_3_1636.BMP,96,103,39690,137.79672241210938,104.50159454345703,85.09296417236328,18019.6640625
data/datasets/B-/cluster_3_1642.BMP,96,103,39690,98.82170104980469,103.92233276367188,83.37876892089844,15895.123046875
data/datasets/B-/cluster_3_1649.BMP,96,103,39690,119.24858093261719,106.3547134399414,85.0552749633789,14675.1357421875
data/datasets/B-/cluster_3_165.BMP,96,103,39690,145.4345703125,109.93616485595703,92.33731079101562,19997.41015625
data/datasets/B-/cluster_3_1655.BMP,96,103,39690,161.44589233398438,104.94805145263672,84.75753784179688,20829.77734375
data/datasets/B-/cluster_3_1656.BMP,96,103,39690,91.05097198486328,99.23589324951172,84.05841827392578,15911.5107421875
data/datasets/B-/cluster_3_1658.BMP,96,103,39690,86.51881408691406,104.14584350585938,78.67211151123047,11821.9169921875
data/datasets/B-/cluster_3_1659.BMP,96,103,39690,148.2816619873047,104.3053970336914,91.20916748046875,15290.3369140625
data/datasets/B-/cluster_3_1664.BMP,96,103,39690,153.27163696289062,101.90794372558594,92.15389251708984,17535.0703125
data/datasets/B-/cluster_3_1682.BMP,96,103,39690,146.3370819091797,108.98297882080078,91.90452575683594,17603.2421875
data/datasets/B-/cluster_3_1693.BMP,96,103,39690,105.09678649902344,108.1668930053711,86.58291625976562,15514.8828125
data/datasets/B-/cluster_3_1701.BMP,96,103,39690,174.41079711914062,96.84746551513672,91.09170532226562,17992.17578125
data/datasets/B-/cluster_3_1708.BMP,96,103,39690,146.77659606933594,108.06175994873047,92.41708374023438,19221.625
data/datasets/B-/cluster_3_1713.BMP,96,103,39690,129.48382568359375,104.30887603759766,81.6199722290039,18062.037109375
data/datasets/B-/cluster_3_1729.BMP,96,103,39690,117.42607116699219,111.34385681152344,82.96858978271484,15969.53515625
data/datasets/B-/cluster_3_1733.BMP,96,103,39690,138.14987182617188,107.25105285644531,81.48680877685547,15188.7568359375
data/datasets/B-/cluster_3_1767.BMP,96,103,39690,128.22967529296875,105.05521392822266,91.30715942382812,20942.37890625
data/datasets/B-/cluster_3_1769.BMP,96,103,39690,121.15159606933594,105.15753173828125,85.2707290649414,21077.337890625
data/datasets/B-/cluster_3_177.BMP,96,103,39690,123.09880828857422,110.27378845214844,88.66834259033203,14580.78125
data/datasets/B-/cluster_3_1771.BMP,96,103,39690,118.55228424072266,108.04704284667969,90.18341827392578,14428.564453125
data/datasets/B-/cluster_3_1779.BMP,96,103,39690,123.9510498046875,103.94615936279297,86.2405776977539,21575.85546875
data/datasets/B-/cluster_3_1782.BMP,96,103,39690,130.9477081298828,106.75092315673828,90.76130676269531,22451.765625
data/datasets/B-/cluster_3_1790.BMP,96,103,39690,133.43284606933594,105.18187713623047,80.5251235961914,16551.625
data/datasets/B-/cluster_3_1794.BMP,96,103,39690,146.75091552734375,107.91134643554688,91.85301208496094,14951.8017578125
data/datasets/B-/cluster_3_1799.BMP,96,103,39690,158.13450622558594,103.25730895996094,91.02010345458984,17300.080078125
data/datasets/B-/cluster_3_18.BMP,96,103,39690,117.86913299560547,112.32820892333984,83.18279266357422,15113.4443359375
data/datasets/B-/cluster_3_1802.BMP,96,103,39690,130.97694396972656,105.31342315673828,91.79271697998047,20774.25
data/datasets/B-/cluster_3_1808.BMP,96,103,39690,152.6470489501953,93.9648666381836,86.06720733642578,9151.923828125
data/datasets/B-/cluster_3_1824.BMP,96,103,39690,136.01840209960938,101.96905517578125,87.10741424560547,18401.294921875
data/datasets/B-/cluster_3_1829.BMP,96,103,39690,161.10992431640625,101.67886352539062,90.15138244628906,17915.4921875
data/datasets/B-/cluster_3_1832.BMP,96,103,39690,124.77376556396484,89.3911361694336,81.52387237548828,10561.39453125
data/datasets/B-/cluster_3_184.BMP,96,103,39690,129.92495727539062,105.37110137939453,86.1507568359375,17687.275390625
data/datasets/B-/cluster_3_1846.BMP,96,103,39690,137.7656707763672,107.3122329711914,86.65452575683594,17043.71875
data/datasets/B-/cluster_3_1856.BMP,96,103,39690,112.2151107788086,110.58905029296875,91.194091796875,11009.3896484375
data/datasets/B-/cluster_3_186.BMP,96,103,39690,160.69932556152344,102.6224136352539,84.61431884765625,15443.2978515625
data/datasets/B-/cluster_3_1865.BMP,96,103,39690,158.7362518310547,101.11141204833984,90.31281280517578,17606.8125
data/datasets/B-/cluster_3_1881.BMP,96,103,39690,138.19093322753906,107.54328918457031,91.3354263305664,18965.38671875
data/datasets/B-/cluster_3_1886.BMP,96,103,39690,105.07908630371094,103.52994537353516,90.77826690673828,15493.5927734375
data/datasets/B-/cluster_3_1894.BMP,96,103,39690,137.67506408691406,111.31095123291016,85.30967712402344,14127.3134765625
data/datasets/B-/cluster_3_1896.BMP,96,103,39690,137.13380432128906,105.94963836669922,91.2361831665039,18935.41796875
data/datasets/B-/cluster_3_1904.BMP,96,103,39690,139.5874786376953,105.73384857177734,88.43718719482422,18361.94140625
data/datasets/B-/cluster_3_1906.BMP,96,103,39690,97.85406494140625,101.96171569824219,78.90200805664062,18944.404296875
data/datasets/B-/cluster_3_1918.BMP,96,103,39690,112.6803207397461,104.54576873779297,84.42273712158203,20050.3671875
data/datasets/B-/cluster_3_1919.BMP,96,103,39690,94.82524108886719,101.88716125488281,83.36495208740234,16876.998046875
data/datasets/B-/cluster_3_1922.BMP,96,103,39690,159.65989685058594,101.07312774658203,88.69158172607422,17139.76953125
data/datasets/B-/cluster_3_1935.BMP,96,103,39690,137.6141815185547,109.6001968383789,85.02889251708984,16272.8427734375
data/datasets/B-/cluster_3_1940.BMP,96,103,39690,118.47785186767578,108.55307006835938,89.5697250366211,21271.0703125
data/datasets/B-/cluster_3_1941.BMP,96,103,39690,126.74726867675781,113.26734161376953,82.66960144042969,14402.7587890625
data/datasets/B-/cluster_3_1977.BMP,96,103,39690,143.85122680664062,107.16258239746094,89.01884460449219,17400.138671875
data/datasets/B-/cluster_3_1979.BMP,96,103,39690,88.2215805053711,101.97209930419922,78.51947021484375,14197.7919921875
data/datasets/B-/cluster_3_1980.BMP,96,103,39690,129.92080688476562,106.15841674804688,86.83731079101562,14388.5908203125
data/datasets/B-/cluster_3_1988.BMP,96,103,39690,62.451255798339844,89.84263610839844,78.48429870605469,8899.9296875
data/datasets/B-/cluster_3_2041.BMP,96,103,39690,111.47633361816406,111.33478546142578,92.2060317993164,12689.828125
data/datasets/B-/cluster_3_2048.BMP,96,103,39690,141.635009765625,104.16328430175781,91.49623107910156,19158.38671875
data/datasets/B-/cluster_3_2053.BMP,96,103,39690,47.87156295776367,80.43738555908203,70.3542709350586,10726.1435546875
data/datasets/B-/cluster_3_2056.BMP,96,103,39690,133.9347686767578,100.66898345947266,84.57349395751953,16671.158203125
data/datasets/B-/cluster_3_2065.BMP,96,103,39690,161.59263610839844,100.76060485839844,91.35112762451172,18781.494140625
data/datasets/B-/cluster_3_207.BMP,96,103,39690,137.1896209716797,103.93222045898438,92.42650604248047,17724.76953125
data/datasets/B-/cluster_3_2083.BMP,96,103,39690,138.96136474609375,106.02855682373047,90.29460144042969,16871.712890625
data/datasets/B-/cluster_3_2087.BMP,96,103,39690,140.25535583496094,109.48639678955078,89.79019927978516,16491.2421875
data/datasets/B-/cluster_3_2088.BMP,96,103,39690,144.4396209716797,110.8117446899414,86.70162963867188,18936.41796875
data/datasets/B-/cluster_3_209.BMP,96,103,39690,137.08920288085938,109.3111801147461,86.65641021728516,18303.849609375
data/datasets/B-/cluster_3_2094.BMP,96,103,39690,144.9585418701172,104.32506561279297,88.06092834472656,17898.23828125
data/datasets/B-/cluster_3_2122.BMP,96,103,39690,154.2881317138672,103.93912506103516,90.01004791259766,15972.3525390625
data/datasets/B-/cluster_3_2126.BMP,96,103,39690,119.53974151611328,106.95423126220703,87.00816345214844,18653.037109375
data/datasets/B-/cluster_3_2129.BMP,96,103,39690,157.61781311035156,105.9146499633789,84.22738647460938,15525.822265625
data/datasets/B-/cluster_3_2133.BMP,96,103,39690,83.79055786132812,100.68424987792969,83.14761352539062,12769.0185546875
data/datasets/B-/cluster_3_2136.BMP,96,103,39690,136.83323669433594,109.3033218383789,90.49183654785156,18071.787109375
data/datasets/B-/cluster_3_2150.BMP,96,103,39690,104.46005249023438,107.4764633178711,90.81281280517578,12478.3525390625
data/datasets/B-/cluster_3_2161.BMP,96,103,39690,140.46409606933594,105.51998901367188,90.28706359863281,19869.9453125
data/datasets/B-/cluster_3_2163.BMP,96,103,39690,142.01405334472656,103.12464141845703,90.04208374023438,15976.603515625
data/datasets/B-/cluster_3_2174.BMP,96,103,39690,56.07787322998047,87.2119369506836,75.09610748291016,10503.23828125
data/datasets/B-/cluster_3_2182.BMP,96,103,39690,120.64785766601562,107.44683837890625,90.07474517822266,17011.951171875
data/datasets/B-/cluster_3_2186.BMP,96,103,39690,155.6200408935547,105.73965454101562,83.37248992919922,13995.681640625
data/datasets/B-/cluster_3_2187.BMP,96,103,39690,79.77285766601562,99.46593475341797,76.5138168334961,13175.595703125
data/datasets/B-/cluster_3_2209.BMP,96,103,39690,101.59486389160156,101.81407928466797,83.44095611572266,19978.974609375
data/datasets/B-/cluster_3_2225.BMP,96,103,39690,132.56735229492188,106.01020050048828,89.27826690673828,20922.5859375
data/datasets/B-/cluster_3_223.BMP,96,103,39690,152.54925537109375,100.86737823486328,89.62876892089844,17075.75
data/datasets/B-/cluster_3_2231.BMP,96,103,39690,122.96986389160156,106.96216583251953,91.60301208496094,16141.4873046875
data/datasets/B-/cluster_3_2235.BMP,96,103,39690,155.880859375,101.7386245727539,90.74874114990234,17230.466796875
data/datasets/B-/cluster_3_2243.BMP,96,103,39690,131.6837615966797,107.89153289794922,82.78203582763672,21134.94140625
data/datasets/B-/cluster_3_2245.BMP,96,103,39690,124.17060852050781,107.96974182128906,87.18907165527344,17611.77734375
data/datasets/B-/cluster_3_2257.BMP,96,103,39690,135.2179412841797,104.58333587646484,85.47738647460938,19485.2890625
data/datasets/B-/cluster_3_2259.BMP,96,103,39690,108.15807342529297,108.9636001586914,82.15326690673828,16688.78125
data/datasets/B-/cluster_3_2274.BMP,96,103,39690,138.63531494140625,110.9029312133789,89.84547424316406,15233.2060546875
data/datasets/B-/cluster_3_2276.BMP,96,103,39690,87.26011657714844,103.7649154663086,82.14510345458984,11346.69921875
data/datasets/B-/cluster_3_2297.BMP,96,103,39690,152.58929443359375,103.80779266357422,91.21231079101562,20888.888671875
data/datasets/B-/cluster_3_2301.BMP,96,103,39690,119.94761657714844,108.20462799072266,91.51130676269531,15993.7890625
data/datasets/B-/cluster_3_2304.BMP,96,103,39690,144.22056579589844,106.79528045654297,88.62311553955078,17444.30078125
data/datasets/B-/cluster_3_2312.BMP,96,103,39690,144.36822509765625,104.52584838867188,87.14698791503906,18313.173828125
data/datasets/B-/cluster_3_232.BMP,96,103,39690,120.52882385253906,103.87755584716797,84.00376892089844,16049.943359375
data/datasets/B-/cluster_3_2320.BMP,96,103,39690,114.60396575927734,112.9013900756836,80.92650604248047,15888.623046875
data/datasets/B-/cluster_3_2337.BMP,96,103,39690,107.38015747070312,109.11196899414062,80.40138244628906,11443.912109375
data/datasets/B-/cluster_3_2355.BMP,96,103,39690,118.53438568115234,106.8223648071289,83.7851791381836,17917.39453125
data/datasets/B-/cluster_3_236.BMP,96,103,39690,151.92849731445312,104.59920501708984,89.96796417236328,15750.935546875
data/datasets/B-/cluster_3_2375.BMP,96,103,39690,138.69822692871094,106.1993179321289,91.84422302246094,20822.953125
data/datasets/B-/cluster_3_2387.BMP,96,103,39690,129.1312713623047,103.19908905029297,86.96607971191406,17838.25390625
data/datasets/B-/cluster_3_2388.BMP,96,103,39690,171.03033447265625,100.58718872070312,91.85112762451172,16529.287109375
data/datasets/B-/cluster_3_2392.BMP,96,103,39690,90.4482192993164,108.57640838623047,77.9654541015625,8786.6650390625
data/datasets/B-/cluster_3_2407.BMP,96,103,39690,106.54975891113281,104.85543823242188,85.125,19906.84765625
data/datasets/B-/cluster_3_241.BMP,96,103,39690,118.3082504272461,106.24185943603516,80.01130676269531,14344.81640625
data/datasets/B-/cluster_3_2413.BMP,96,103,39690,142.1939697265625,102.67688751220703,87.9095458984375,18598.4375
data/datasets/B-/cluster_3_2415.BMP,96,103,39690,131.43406677246094,103.29564666748047,83.79460144042969,20483.29296875
data/datasets/B-/cluster_3_2420.BMP,96,103,39690,153.03054809570312,101.70964050292969,92.0138168334961,17952.9609375
data/datasets/B-/cluster_3_2426.BMP,96,103,39690,132.26881408691406,105.19683837890625,90.77952575683594,18996.08984375
data/datasets/B-/cluster_3_2437.BMP,96,103,39690,118.22360229492188,103.16683959960938,77.64823913574219,18884.52734375
data/datasets/B-/cluster_3_2438.BMP,96,103,39690,135.52366638183594,103.48799133300781,87.65138244628906,18111.306640625
data/datasets/B-/cluster_3_2440.BMP,96,103,39690,131.6547393798828,106.17781829833984,84.37876892089844,22458.2109375
data/datasets/B-/cluster_3_2448.BMP,96,103,39690,74.13015747070312,92.71175384521484,75.46105194091797,14943.228515625
data/datasets/B-/cluster_3_2455.BMP,96,103,39690,101.64462280273438,105.48514556884766,84.77135467529297,16435.423828125
data/datasets/B-/cluster_3_2459.BMP,96,103,39690,132.62408447265625,105.77438354492188,90.14698791503906,20804.060546875
data/datasets/B-/cluster_3_2466.BMP,96,103,39690,75.36043548583984,95.92420196533203,75.85678100585938,15043.083984375
data/datasets/B-/cluster_3_2472.BMP,96,103,39690,81.79460144042969,103.11080169677734,89.76884460449219,9872.953125
data/datasets/B-/cluster_3_2475.BMP,96,103,39690,145.5314483642578,108.98565673828125,90.34296417236328,22284.955078125
data/datasets/B-/cluster_3_2484.BMP,96,103,39690,79.33930206298828,93.9380111694336,83.74874114990234,15807.2705078125
data/datasets/B-/cluster_3_2492.BMP,96,103,39690,48.67162322998047,87.86195373535156,75.58416748046875,5239.83154296875
data/datasets/B-/cluster_3_2525.BMP,96,103,39690,84.77326202392578,97.34708404541016,82.97047424316406,16863.51171875
data/datasets/B-/cluster_3_2528.BMP,96,103,39690,97.09638214111328,102.30567169189453,80.01821899414062,18175.486328125
data/datasets/B-/cluster_3_2533.BMP,96,103,39690,57.80198287963867,87.01354217529297,70.4007568359375,12493.736328125
data/datasets/B-/cluster_3_254.BMP,96,103,39690,75.20115661621094,93.56605529785156,78.75753784179688,12527.373046875
data/datasets/B-/cluster_3_2541.BMP,96,103,39690,78.02963256835938,95.1966323852539,82.2851791381836,9188.6044921875
data/datasets/B-/cluster_3_2544.BMP,96,103,39690,127.65078735351562,109.2295913696289,83.85050201416016,17233.068359375
data/datasets/B-/cluster_3_255.BMP,96,103,39690,143.18052673339844,105.43331146240234,90.46858978271484,19704.419921875
data/datasets/B-/cluster_3_2559.BMP,96,103,39690,169.32867431640625,100.72798156738281,90.84861755371094,17621.361328125
data/datasets/B-/cluster_3_2568.BMP,96,103,39690,149.1610107421875,102.44940948486328,88.85238647460938,19756.50390625
data/datasets/B-/cluster_3_2570.BMP,96,103,39690,74.74423217773438,97.94835662841797,76.67839050292969,12497.5126953125
data/datasets/B-/cluster_3_2580.BMP,96,103,39690,129.7691192626953,105.78852081298828,83.93656158447266,21214.90625
data/datasets/B-/cluster_3_2587.BMP,96,103,39690,138.25970458984375,104.7860336303711,89.6507568359375,19854.70703125
data/datasets/B-/cluster_3_259.BMP,96,103,39690,134.9906005859375,100.55643463134766,85.2845458984375,17275.234375
data/datasets/B-/cluster_3_2606.BMP,96,103,39690,94.3779296875,102.70667266845703,81.06156158447266,17758.556640625
data/datasets/B-/cluster_3_2616.BMP,96,103,39690,132.71571350097656,108.19844055175781,84.80715942382812,22352.5
data/datasets/B-/cluster_3_2620.BMP,96,103,39690,134.5256805419922,108.80030059814453,88.71419525146484,21936.6796875
data/datasets/B-/cluster_3_2622.BMP,96,103,39690,96.72734832763672,104.43696594238281,79.79083251953125,15522.373046875
data/datasets/B-/cluster_3_2624.BMP,96,103,39690,65.32190704345703,98.55828094482422,75.44346618652344,6971.751953125
data/datasets/B-/cluster_3_2628.BMP,96,103,39690,147.76365661621094,108.1641616821289,92.21419525146484,18520.455078125
data/datasets/B-/cluster_3_2633.BMP,96,103,39690,78.25586700439453,100.05907440185547,89.77323913574219,7458.58935546875
data/datasets/B-/cluster_3_2643.BMP,96,103,39690,134.87661743164062,108.59768676757812,89.4258804321289,21577.78125
data/datasets/B-/cluster_3_2645.BMP,96,103,39690,101.2542495727539,107.4666976928711,81.45791625976562,12075.353515625
data/datasets/B-/cluster_3_2648.BMP,96,103,39690,113.2492904663086,106.15470123291016,79.39447021484375,17843.513671875
data/datasets/B-/cluster_3_2656.BMP,96,103,39690,152.25424194335938,105.4397201538086,91.42964935302734,18482.71875
data/datasets/B-/cluster_3_2657.BMP,96,103,39690,154.23321533203125,107.07069396972656,88.62562561035156,14795.443359375
data/datasets/B-/cluster_3_2659.BMP,96,103,39690,145.09182739257812,101.26952362060547,91.54271697998047,19914.482421875
data/datasets/B-/cluster_3_2662.BMP,96,103,39690,102.46682739257812,103.41581726074219,85.23931884765625,15665.9453125
data/datasets/B-/cluster_3_2671.BMP,96,103,39690,98.75475311279297,103.29730987548828,79.685302734375,16363.26171875
data/datasets/B-/cluster_3_2676.BMP,96,103,39690,149.07443237304688,106.15509796142578,89.444091796875,14927.693359375
data/datasets/B-/cluster_3_2685.BMP,96,103,39690,148.8246307373047,95.66117095947266,90.47864532470703,12528.712890625
data/datasets/B-/cluster_3_2698.BMP,96,103,39690,123.18861389160156,105.14292907714844,81.28580474853516,20335.87890625
data/datasets/B-/cluster_3_2703.BMP,96,103,39690,147.9979705810547,108.3707046508789,83.75,14013.888671875
data/datasets/B-/cluster_3_2704.BMP,96,103,39690,142.867919921875,107.3815689086914,82.27764129638672,16716.076171875
data/datasets/B-/cluster_3_2714.BMP,96,103,39690,185.87216186523438,95.10613250732422,91.78894805908203,16419.671875
data/datasets/B-/cluster_3_2723.BMP,96,103,39690,132.21844482421875,105.97590637207031,82.7895736694336,21716.83203125
data/datasets/B-/cluster_3_2725.BMP,96,103,39690,133.594970703125,98.45877838134766,85.62060546875,13956.6953125
data/datasets/B-/cluster_3_2730.BMP,96,103,39690,120.95671844482422,104.05364227294922,87.58793640136719,21087.36328125
data/datasets/B-/cluster_3_2731.BMP,96,103,39690,142.6682891845703,104.5567855834961,91.37123107910156,17781.63671875
data/datasets/B-/cluster_3_2750.BMP,96,103,39690,100.69670104980469,104.40607452392578,85.14635467529297,13260.4638671875
data/datasets/B-/cluster_3_2756.BMP,96,103,39690,128.22259521484375,107.779541015625,89.7638168334961,18436.12890625
data/datasets/B-/cluster_3_2758.BMP,96,103,39690,108.4338607788086,102.75518798828125,86.38945007324219,16526.13671875
data/datasets/B-/cluster_3_2759.BMP,96,103,39690,77.41838836669922,92.01464080810547,74.66583251953125,19424.13671875
data/datasets/B-/cluster_3_2766.BMP,96,103,39690,120.91363525390625,106.5840835571289,89.11495208740234,20571.5
data/datasets/B-/cluster_3_2767.BMP,96,103,39690,86.03519439697266,100.21993255615234,80.19346618652344,16925.982421875
data/datasets/B-/cluster_3_2773.BMP,96,103,39690,151.9664306640625,104.2042007446289,91.6758804321289,18055.82421875
data/datasets/B-/cluster_3_2775.BMP,96,103,39690,139.70721435546875,107.89630889892578,91.12876892089844,18149.943359375
data/datasets/B-/cluster_3_2789.BMP,96,103,39690,122.64077758789062,114.4423828125,78.31720733642578,9624.37890625
data/datasets/B-/cluster_3_2791.BMP,96,103,39690,142.8110809326172,110.99518585205078,92.3498764038086,17166.8671875
data/datasets/B-/cluster_3_2828.BMP,96,103,39690,157.1383514404297,104.1480484008789,88.59422302246094,16696.75
data/datasets/B-/cluster_3_2831.BMP,96,103,39690,103.66494750976562,106.20291137695312,81.78266143798828,12143.767578125
data/datasets/B-/cluster_3_2833.BMP,96,103,39690,83.70428466796875,98.43767547607422,76.689697265625,15425.8759765625
data/datasets/B-/cluster_3_2842.BMP,96,103,39690,161.58656311035156,101.64286041259766,91.46607971191406,20414.45703125
data/datasets/B-/cluster_3_2846.BMP,96,103,39690,136.77427673339844,104.48060607910156,85.89258575439453,18407.640625
data/datasets/B-/cluster_3_286.BMP,96,103,39690,121.63319396972656,107.54991149902344,85.32977294921875,19019.025390625
data/datasets/B-/cluster_3_2884.BMP,96,103,39690,114.9680404663086,108.28339385986328,82.45288848876953,17478.869140625
data/datasets/B-/cluster_3_2887.BMP,96,103,39690,128.65260314941406,108.30297088623047,89.70791625976562,16833.2265625
data/datasets/B-/cluster_3_2894.BMP,96,103,39690,147.39279174804688,107.29862213134766,84.63127899169922,20508.76953125
data/datasets/B-/cluster_3_290.BMP,96,103,39690,131.6399688720703,102.63377380371094,84.88504791259766,16990.953125
data/datasets/B-/cluster_3_2904.BMP,96,103,39690,107.55157470703125,103.71036529541016,84.19723510742188,19949.625
data/datasets/B-/cluster_3_2910.BMP,96,103,39690,122.85244750976562,104.78895568847656,79.69597625732422,21421.1171875
data/datasets/B-/cluster_3_2917.BMP,96,103,39690,156.6293487548828,102.76575469970703,85.38630676269531,18294.1796875
data/datasets/B-/cluster_3_2919.BMP,96,103,39690,112.4865493774414,107.96314239501953,90.64949798583984,14402.19140625
data/datasets/B-/cluster_3_292.BMP,96,103,39690,83.5519790649414,95.74858093261719,84.1601791381836,16124.2197265625
data/datasets/B-/cluster_3_2923.BMP,96,103,39690,114.99969482421875,106.71463775634766,79.37562561035156,19819.6796875
data/datasets/B-/cluster_3_2926.BMP,96,103,39690,135.6741485595703,103.12003326416016,86.10741424560547,16824.267578125
data/datasets/B-/cluster_3_2940.BMP,96,103,39690,129.21066284179688,108.01107025146484,91.98115539550781,22260.9609375
data/datasets/B-/cluster_3_2942.BMP,96,103,39690,123.302490234375,108.35203552246094,88.10301208496094,21352.767578125
data/datasets/B-/cluster_3_2946.BMP,96,103,39690,80.771240234375,101.18696594238281,73.77764129638672,11430.888671875
data/datasets/B-/cluster_3_2947.BMP,96,103,39690,117.02619171142578,106.1623306274414,81.75565338134766,17950.6328125
data/datasets/B-/cluster_3_2952.BMP,96,103,39690,105.583740234375,107.97159576416016,85.96356964111328,12378.27734375
data/datasets/B-/cluster_3_2953.BMP,96,103,39690,114.82160186767578,111.48548126220703,92.18153381347656,16721.75
data/datasets/B-/cluster_3_2967.BMP,96,103,39690,98.62580871582031,104.55069732666016,76.4792709350586,13560.228515625
data/datasets/B-/cluster_3_2979.BMP,96,103,39690,113.62712097167969,109.55754852294922,92.39949798583984,17865.794921875
data/datasets/B-/cluster_3_298.BMP,96,103,39690,136.00526428222656,107.06836700439453,83.74623107910156,17664.62109375
data/datasets/B-/cluster_3_2994.BMP,96,103,39690,87.54631805419922,101.53436279296875,78.564697265625,15440.724609375
data/datasets/B-/cluster_3_2997.BMP,96,103,39690,145.8272705078125,108.64341735839844,84.49874114990234,15992.8359375
data/datasets/B-/cluster_3_3004.BMP,96,103,39690,135.021240234375,106.8075180053711,90.8310317993164,13426.6201171875
data/datasets/B-/cluster_3_3012.BMP,96,103,39690,70.98857116699219,97.46281433105469,83.23115539550781,10830.638671875
data/datasets/B-/cluster_3_3017.BMP,96,103,39690,99.1711196899414,107.48334503173828,79.680908203125,15859.9462890625
data/datasets/B-/cluster_3_3020.BMP,96,103,39690,120.10629272460938,109.68196105957031,87.49685668945312,17405.265625
data/datasets/B-/cluster_3_3023.BMP,96,103,39690,120.586669921875,96.33454132080078,83.84233856201172,13632.0625
data/datasets/B-/cluster_3_3025.BMP,96,103,39690,83.07585144042969,100.21925354003906,78.07537841796875,15822.947265625
data/datasets/B-/cluster_3_3034.BMP,96,103,39690,146.6731414794922,104.87076568603516,85.41331481933594,23955.724609375
data/datasets/B-/cluster_3_3048.BMP,96,103,39690,112.33262634277344,104.38275146484375,82.5351791381836,20487.4453125
data/datasets/B-/cluster_3_3065.BMP,96,103,39690,109.69973754882812,103.95948028564453,82.67902374267578,21665.353515625
data/datasets/B-/cluster_3_3068.BMP,96,103,39690,123.47006225585938,106.01776885986328,88.1595458984375,17080.359375
data/datasets/B-/cluster_3_3070.BMP,96,103,39690,96.48533630371094,104.77742004394531,79.6413345336914,14635.177734375
data/datasets/B-/cluster_3_3076.BMP,96,103,39690,117.53661346435547,110.25121307373047,91.95728302001953,13116.8720703125
data/datasets/B-/cluster_3_3081.BMP,96,103,39690,152.92404174804688,102.18704223632812,89.88819122314453,19029.22265625
data/datasets/B-/cluster_3_3086.BMP,96,103,39690,137.01072692871094,99.47000122070312,84.64761352539062,18329.828125
data/datasets/B-/cluster_3_3099.BMP,96,103,39690,143.5320587158203,110.30435943603516,92.29083251953125,15807.890625
data/datasets/B-/cluster_3_3106.BMP,96,103,39690,103.53205871582031,107.99454498291016,78.0207290649414,12719.3359375
data/datasets/B-/cluster_3_3108.BMP,96,103,39690,118.17192840576172,109.25858306884766,89.22738647460938,18990.83984375
data/datasets/B-/cluster_3_3113.BMP,96,103,39690,121.4828109741211,111.79234313964844,82.24623107910156,16700.033203125
data/datasets/B-/cluster_3_3118.BMP,96,103,39690,113.36418151855469,106.53744506835938,91.4535140991211,16134.505859375
data/datasets/B-/cluster_3_3120.BMP,96,103,39690,84.45964813232422,103.6658935546875,76.42839050292969,10038.2421875
data/datasets/B-/cluster_3_3125.BMP,96,103,39690,122.92708587646484,113.30255889892578,92.05150604248047,14487.916015625
data/datasets/B-/cluster_3_3128.BMP,96,103,39690,139.01385498046875,105.74987030029297,87.97173309326172,16302.533203125
data/datasets/B-/cluster_3_3142.BMP,96,103,39690,109.65169525146484,113.2593994140625,79.5464859008789,8876.7265625
data/datasets/B-/cluster_3_3143.BMP,96,103,39690,130.35557556152344,104.98997497558594,82.70980072021484,23143.55859375
data/datasets/B-/cluster_3_3146.BMP,96,103,39690,73.66949462890625,89.10176849365234,74.4861831665039,13708.125
data/datasets/B-/cluster_3_3156.BMP,96,103,39690,81.31300354003906,95.35800170898438,85.45854187011719,17062.796875
data/datasets/B-/cluster_3_3170.BMP,96,103,39690,125.09557342529297,108.68283081054688,82.1645736694336,19054.369140625
data/datasets/B-/cluster_3_3175.BMP,96,103,39690,154.96005249023438,109.66705322265625,92.41771697998047,18733.49609375
data/datasets/B-/cluster_3_3185.BMP,96,103,39690,148.15817260742188,103.7520980834961,91.08919525146484,15464.6796875
data/datasets/B-/cluster_3_3195.BMP,96,103,39690,97.05511474609375,105.27064514160156,89.3498764038086,12726.2919921875
data/datasets/B-/cluster_3_3201.BMP,96,103,39690,118.64826202392578,105.27957916259766,85.65641021728516,17088.1328125
data/datasets/B-/cluster_3_3218.BMP,96,103,39690,107.85810852050781,105.29335021972656,82.0810317993164,19064.162109375
data/datasets/B-/cluster_3_3219.BMP,96,103,39690,103.06037902832031,103.93585968017578,83.45162963867188,17825.865234375
data/datasets/B-/cluster_3_3228.BMP,96,103,39690,190.75303649902344,95.35845947265625,92.17902374267578,14393.33203125
data/datasets/B-/cluster_3_3229.BMP,96,103,39690,133.92869567871094,105.8854751586914,89.91268920898438,22126.373046875
data/datasets/B-/cluster_3_323.BMP,96,103,39690,162.38137817382812,99.58903503417969,90.74874114990234,17270.46484375
data/datasets/B-/cluster_3_3233.BMP,241,298,215890,86.90924072265625,99.90226745605469,123.92184448242188,2908.13232421875
data/datasets/B-/cluster_3_3235.BMP,96,103,39690,122.10315704345703,115.71048736572266,79.13504791259766,11306.36328125
data/datasets/B-/cluster_3_3239.BMP,96,103,39690,128.3720703125,92.28788757324219,83.65829467773438,9446.853515625
data/datasets/B-/cluster_3_3241.BMP,96,103,39690,120.19306182861328,104.63998413085938,87.62311553955078,19236.78515625
data/datasets/B-/cluster_3_3255.BMP,96,103,39690,96.57008361816406,103.78864288330078,82.62185668945312,17182.375
data/datasets/B-/cluster_3_3259.BMP,96,103,39690,178.11195373535156,97.99871063232422,91.49811553955078,13513.96484375
data/datasets/B-/cluster_3_3267.BMP,96,103,39690,135.9650115966797,103.49988555908203,86.11243438720703,17756.07421875
data/datasets/B-/cluster_3_3269.BMP,96,103,39690,127.24241638183594,104.7156982421875,84.21293640136719,19359.814453125
data/datasets/B-/cluster_3_3271.BMP,96,103,39690,144.58546447753906,105.64107513427734,88.10615539550781,19017.62890625
data/datasets/B-/cluster_3_3288.BMP,96,103,39690,141.06593322753906,108.18563842773438,84.75753784179688,18580.83984375
data/datasets/B-/cluster_3_3292.BMP,96,103,39690,148.36367797851562,105.1322250366211,88.04522705078125,17585.4140625
data/datasets/B-/cluster_3_3309.BMP,96,103,39690,113.0347900390625,104.91666412353516,90.32097625732422,18580.80859375
data/datasets/B-/cluster_3_3315.BMP,96,103,39690,167.37681579589844,106.19038391113281,90.94346618652344,10708.9287109375
data/datasets/B-/cluster_3_3342.BMP,96,103,39690,39.66454315185547,74.91506958007812,69.33919525146484,6590.1943359375
data/datasets/B-/cluster_3_3344.BMP,96,103,39690,123.61134338378906,108.20142364501953,84.5741195678711,21267.666015625
data/datasets/B-/cluster_3_3347.BMP,96,103,39690,69.34213256835938,93.97893524169922,75.6457290649414,12281.67578125
data/datasets/B-/cluster_3_335.BMP,96,103,39690,61.80906295776367,90.06343078613281,73.20791625976562,11742.4453125
data/datasets/B-/cluster_3_3354.BMP,96,103,39690,129.40968322753906,104.43011474609375,91.40641021728516,21791.94921875
data/datasets/B-/cluster_3_3357.BMP,96,103,39690,96.444580078125,110.64155578613281,81.26256561279297,9118.01953125
data/datasets/B-/cluster_3_3358.BMP,96,103,39690,123.61205291748047,114.62440490722656,80.63379669189453,9741.033203125
data/datasets/B-/cluster_3_3367.BMP,96,103,39690,121.02861785888672,106.36434936523438,80.64823913574219,21392.044921875
data/datasets/B-/cluster_3_3385.BMP,96,103,39690,121.82807159423828,108.69365692138672,90.36872100830078,12745.087890625
data/datasets/B-/cluster_3_3386.BMP,96,103,39690,133.61245727539062,104.01040649414062,81.625,16997.01171875
data/datasets/B-/cluster_3_3390.BMP,96,103,39690,119.59051513671875,104.83547973632812,87.75251007080078,16779.724609375
data/datasets/B-/cluster_3_3396.BMP,96,103,39690,115.7428207397461,102.60871124267578,91.03329467773438,22912.15234375
data/datasets/B-/cluster_3_3399.BMP,96,103,39690,139.67567443847656,110.77008819580078,92.06156158447266,17306.796875
data/datasets/B-/cluster_3_34.BMP,96,103,39690,167.93527221679688,92.245361328125,92.24434661865234,14088.232421875
data/datasets/B-/cluster_3_3408.BMP,96,103,39690,109.77497863769531,112.64007568359375,91.57349395751953,9634.6650390625
data/datasets/B-/cluster_3_3436.BMP,96,103,39690,112.73877716064453,106.97175598144531,82.27261352539062,18904.2890625
data/datasets/B-/cluster_3_3464.BMP,96,103,39690,144.49029541015625,105.72291564941406,91.25439453125,19649.001953125
data/datasets/B-/cluster_3_3470.BMP,96,103,39690,118.99322509765625,106.90975952148438,88.72047424316406,24129.17578125
data/datasets/B-/cluster_3_3481.BMP,96,103,39690,131.52952575683594,102.04552459716797,84.65829467773438,23226.78515625
data/datasets/B-/cluster_3_3482.BMP,96,103,39690,140.67445373535156,105.7673568725586,91.10929870605469,15659.916015625
data/datasets/B-/cluster_3_3498.BMP,96,103,39690,111.59567260742188,107.52545928955078,79.92085266113281,19178.84375
data/datasets/B-/cluster_3_351.BMP,96,103,39690,132.9718780517578,101.89862060546875,84.26570129394531,10191.7314453125
data/datasets/B-/cluster_3_3513.BMP,96,103,39690,152.54116821289062,81.36951446533203,84.72173309326172,8160.65625
data/datasets/B-/cluster_3_3515.BMP,96,103,39690,85.007080078125,96.49327850341797,76.07474517822266,15630.068359375
data/datasets/B-/cluster_3_3533.BMP,96,103,39690,155.74534606933594,109.0530776977539,82.91645812988281,19138.59765625
data/datasets/B-/cluster_3_3562.BMP,96,103,39690,133.43800354003906,105.9030990600586,86.92211151123047,19263.255859375
data/datasets/B-/cluster_3_3569.BMP,96,103,39690,131.74160766601562,107.23725891113281,84.14698791503906,17091.97265625
data/datasets/B-/cluster_3_3576.BMP,96,103,39690,83.98847198486328,104.0798110961914,78.75314331054688,10572.7080078125
data/datasets/B-/cluster_3_3583.BMP,96,103,39690,137.75323486328125,106.51065826416016,90.54773712158203,16865.662109375
data/datasets/B-/cluster_3_3589.BMP,96,103,39690,138.20458984375,111.04132843017578,85.42022705078125,14346.18359375
data/datasets/B-/cluster_3_3591.BMP,96,103,39690,115.37540435791016,107.38406372070312,92.17399597167969,15607.333984375
data/datasets/B-/cluster_3_3595.BMP,96,103,39690,165.1200408935547,100.86055755615234,92.0508804321289,18770.669921875
data/datasets/B-/cluster_3_3600.BMP,96,103,39690,146.63572692871094,105.79583740234375,90.6344223022461,19072.951171875
data/datasets/B-/cluster_3_3613.BMP,96,103,39690,149.60244750976562,103.10603332519531,89.60803985595703,16942.705078125
data/datasets/B-/cluster_3_3614.BMP,96,103,39690,104.73472595214844,107.41175079345703,85.0138168334961,13370.359375
data/datasets/B-/cluster_3_362.BMP,96,103,39690,89.13288879394531,100.26631164550781,81.29899597167969,14489.60546875
data/datasets/B-/cluster_3_3620.BMP,96,103,39690,77.0938491821289,98.73572540283203,81.4861831665039,12459.296875
data/datasets/B-/cluster_3_3632.BMP,96,103,39690,134.85598754882812,109.4774398803711,86.07600402832031,15152.6806640625
data/datasets/B-/cluster_3_3650.BMP,96,103,39690,129.51011657714844,107.0595703125,83.3800277709961,18143.15625
data/datasets/B-/cluster_3_3653.BMP,96,103,39690,118.7605209350586,109.13444519042969,82.09735870361328,14165.400390625
data/datasets/B-/cluster_3_3655.BMP,96,103,39690,141.28518676757812,108.40819549560547,91.51068115234375,23392.2890625
data/datasets/B-/cluster_3_3664.BMP,96,103,39690,138.0345916748047,107.4610595703125,84.34861755371094,20044.97265625
data/datasets/B-/cluster_3_367.BMP,96,103,39690,164.40817260742188,102.07264709472656,89.60929870605469,15557.06640625
data/datasets/B-/cluster_3_3676.BMP,96,103,39690,150.9381103515625,103.77337646484375,91.34170532226562,18696.62109375
data/datasets/B-/cluster_3_3680.BMP,96,103,39690,134.77346801757812,107.30979919433594,84.39447021484375,21641.953125
data/datasets/B-/cluster_3_370.BMP,96,103,39690,53.43153381347656,81.77301025390625,74.09673309326172,6812.666015625
data/datasets/B-/cluster_3_3701.BMP,96,103,39690,135.41514587402344,101.46908569335938,91.8844223022461,17900.87109375
data/datasets/B-/cluster_3_3706.BMP,96,103,39690,73.8232192993164,105.76690673828125,73.90138244628906,5762.427734375
data/datasets/B-/cluster_3_3710.BMP,96,103,39690,107.41383361816406,107.15496063232422,80.45728302001953,14731.08984375
data/datasets/B-/cluster_3_3711.BMP,96,103,39690,137.97198486328125,107.73966979980469,87.94158172607422,16050.806640625
data/datasets/B-/cluster_3_3732.BMP,96,103,39690,97.0654296875,111.34456634521484,77.51193237304688,10380.080078125
data/datasets/B-/cluster_3_3734.BMP,96,103,39690,164.5247802734375,99.83626556396484,88.72864532470703,19007.51953125
data/datasets/B-/cluster_3_3736.BMP,96,103,39690,131.44873046875,103.7883071899414,86.35992431640625,17331.984375
data/datasets/B-/cluster_3_375.BMP,96,103,39690,144.39613342285156,79.28311157226562,85.51821899414062,7011.91796875
data/datasets/B-/cluster_3_376.BMP,96,103,39690,111.54652404785156,109.57931518554688,82.18341827392578,16214.939453125
data/datasets/B-/cluster_3_3763.BMP,96,103,39690,135.619140625,106.342529296875,83.09547424316406,16103.833984375
data/datasets/B-/cluster_3_3770.BMP,96,103,39690,128.10012817382812,109.4994125366211,89.7104263305664,17202.46484375
data/datasets/B-/cluster_3_3771.BMP,96,103,39690,119.64320373535156,103.33200073242188,81.50376892089844,22000.341796875
data/datasets/B-/cluster_3_3777.BMP,96,103,39690,98.35710144042969,100.16405487060547,88.0810317993164,17396.703125
data/datasets/B-/cluster_3_379.BMP,96,103,39690,156.88339233398438,109.5101318359375,81.10176086425781,14238.3037109375
data/datasets/B-/cluster_3_3790.BMP,96,103,39690,119.76608276367188,106.09133911132812,83.2594223022461,19727.220703125
data/datasets/B-/cluster_3_3791.BMP,96,103,39690,99.1661605834961,107.73628234863281,80.73492431640625,11860.33984375
data/datasets/B-/cluster_3_3795.BMP,96,103,39690,107.4161605834961,101.4203872680664,89.5439682006836,15934.716796875
data/datasets/B-/cluster_3_3797.BMP,96,103,39690,127.87773132324219,106.39326477050781,84.17462158203125,21444.990234375
data/datasets/B-/cluster_3_380.BMP,96,103,39690,154.10598754882812,103.0600814819336,89.90264129638672,18860.255859375
data/datasets/B-/cluster_3_3801.BMP,96,103,39690,122.5099105834961,107.99850463867188,86.93153381347656,14061.263671875
data/datasets/B-/cluster_3_3809.BMP,96,103,39690,130.40716552734375,102.6748275756836,83.5854263305664,15986.591796875
data/datasets/B-/cluster_3_3810.BMP,96,103,39690,146.6035614013672,88.08137512207031,86.59170532226562,7018.990234375
data/datasets/B-/cluster_3_3813.BMP,96,103,39690,142.39300537109375,105.03981018066406,89.14196014404297,22258.876953125
data/datasets/B-/cluster_3_3847.BMP,96,103,39690,128.74908447265625,108.41425323486328,87.7336654663086,23926.154296875
data/datasets/B-/cluster_3_3855.BMP,96,103,39690,136.90614318847656,105.1368179321289,90.56846618652344,16180.89453125
data/datasets/B-/cluster_3_3865.BMP,96,103,39690,98.5830307006836,106.05745697021484,90.59233856201172,13472.212890625
data/datasets/B-/cluster_3_3866.BMP,96,103,39690,121.6845703125,105.01802062988281,83.72550201416016,22536.724609375
data/datasets/B-/cluster_3_387.BMP,96,103,39690,94.77740478515625,102.57703399658203,83.26256561279297,14924.1640625
data/datasets/B-/cluster_3_3883.BMP,96,103,39690,151.31381225585938,100.5223159790039,90.185302734375,17424.15234375
data/datasets/B-/cluster_3_3885.BMP,96,103,39690,115.91019439697266,112.94341278076172,79.57035064697266,12947.40234375
data/datasets/B-/cluster_3_3900.BMP,96,103,39690,114.96308898925781,114.32421875,84.88756561279297,8610.115234375
data/datasets/B-/cluster_3_3904.BMP,96,103,39690,111.72643280029297,105.01911926269531,81.0301513671875,24164.5
data/datasets/B-/cluster_3_3914.BMP,96,103,39690,124.80441284179688,107.70525360107422,92.24372100830078,18839.73828125
data/datasets/B-/cluster_3_3917.BMP,96,103,39690,132.57078552246094,104.13300323486328,85.00251007080078,24881.93359375
data/datasets/B-/cluster_3_3925.BMP,96,103,39690,101.3721694946289,103.41692352294922,83.02198791503906,16898.78515625
data/datasets/B-/cluster_3_3926.BMP,96,103,39690,137.69093322753906,102.02279663085938,91.15200805664062,18253.41796875
data/datasets/B-/cluster_3_3933.BMP,96,103,39690,137.91505432128906,106.02643585205078,90.95037841796875,13881.1201171875
data/datasets/B-/cluster_3_3937.BMP,96,103,39690,91.38531494140625,100.20896911621094,80.16143035888672,17007.076171875
data/datasets/B-/cluster_3_3938.BMP,96,103,39690,159.1405792236328,104.24244689941406,88.98241424560547,19241.22265625
data/datasets/B-/cluster_3_3940.BMP,96,103,39690,154.78741455078125,101.7909164428711,90.47235870361328,16772.3046875
data/datasets/B-/cluster_3_3947.BMP,96,103,39690,142.93264770507812,106.18968200683594,91.90766143798828,18171.732421875
data/datasets/B-/cluster_3_395.BMP,96,103,39690,118.64512634277344,109.55785369873047,86.80339050292969,14018.515625
data/datasets/B-/cluster_3_3968.BMP,96,103,39690,157.65240478515625,99.28373718261719,85.3052749633789,18470.26171875
data/datasets/B-/cluster_3_3972.BMP,96,103,39690,124.8921890258789,110.9369888305664,81.32474517822266,16153.1689453125
data/datasets/B-/cluster_3_3979.BMP,96,103,39690,115.4574203491211,110.56814575195312,82.76947021484375,16572.79296875
data/datasets/B-/cluster_3_3993.BMP,96,103,39690,114.02245330810547,105.07767486572266,91.74811553955078,20034.53515625
data/datasets/B-/cluster_3_3994.BMP,96,103,39690,142.01123046875,94.3348388671875,86.43153381347656,9146.8203125
data/datasets/B-/cluster_3_4011.BMP,96,103,39690,146.46531677246094,104.3479995727539,90.42085266113281,19261.826171875
data/datasets/B-/cluster_3_4012.BMP,96,103,39690,108.86842346191406,112.1825180053711,84.22738647460938,11024.1240234375
data/datasets/B-/cluster_3_4013.BMP,96,103,39690,72.06057739257812,95.98686981201172,75.27198791503906,12110.9443359375
data/datasets/B-/cluster_3_4014.BMP,96,103,39690,128.74322509765625,106.00052642822266,86.02764129638672,18385.767578125
data/datasets/B-/cluster_3_4019.BMP,96,103,39690,65.11235809326172,90.95347595214844,73.27449798583984,15584.375
data/datasets/B-/cluster_3_4020.BMP,96,103,39690,142.5870819091797,91.2574462890625,85.94660949707031,8053.912109375
data/datasets/B-/cluster_3_4030.BMP,96,103,39690,82.86772155761719,99.40320587158203,78.65892028808594,14436.44921875
data/datasets/B-/cluster_3_4044.BMP,96,103,39690,134.0988006591797,107.91863250732422,91.67839050292969,19468.125
data/datasets/B-/cluster_3_4045.BMP,96,103,39690,89.6072998046875,100.75846862792969,88.68467712402344,14694.189453125
data/datasets/B-/cluster_3_406.BMP,96,103,39690,119.46996307373047,105.99737548828125,82.63191223144531,22144.265625
data/datasets/B-/cluster_3_4062.BMP,96,103,39690,120.02740478515625,106.25296783447266,87.89258575439453,17713.5234375
data/datasets/B-/cluster_3_4076.BMP,96,103,39690,99.25971221923828,113.0814437866211,82.17085266113281,6435.31591796875
data/datasets/B-/cluster_3_4086.BMP,96,103,39690,142.24595642089844,105.34020233154297,89.3498764038086,17530.12890625
data/datasets/B-/cluster_3_4088.BMP,96,103,39690,138.6081085205078,106.92186737060547,83.14887237548828,20251.546875
data/datasets/B-/cluster_3_41.BMP,96,103,39690,127.63581848144531,105.98994445800781,87.99874114990234,19463.0546875
data/datasets/B-/cluster_3_4101.BMP,96,103,39690,147.9779510498047,108.01940155029297,91.25439453125,14430.880859375
data/datasets/B-/cluster_3_4103.BMP,96,103,39690,136.5887908935547,106.43244171142578,80.4535140991211,16605.18359375
data/datasets/B-/cluster_3_4117.BMP,96,103,39690,144.4652099609375,103.26119995117188,88.77952575683594,19581.7109375
data/datasets/B-/cluster_3_412.BMP,96,103,39690,138.67051696777344,103.0693130493164,86.70477294921875,20303.68359375
data/datasets/B-/cluster_3_4121.BMP,96,103,39690,120.94721221923828,110.68855285644531,90.92337036132812,17310.30859375
data/datasets/B-/cluster_3_4128.BMP,96,103,39690,120.95793151855469,103.97240447998047,85.27764129638672,18884.19140625
data/datasets/B-/cluster_3_4141.BMP,96,103,39690,126.24463653564453,104.98578643798828,86.65766143798828,21348.7578125
data/datasets/B-/cluster_3_4168.BMP,96,103,39690,132.4373016357422,104.4372787475586,84.70980072021484,21867.904296875
data/datasets/B-/cluster_3_4173.BMP,96,103,39690,152.19366455078125,104.86038208007812,91.39698791503906,13231.7607421875
data/datasets/B-/cluster_3_4181.BMP,96,103,39690,107.8259506225586,106.28475952148438,84.38316345214844,17657.755859375
data/datasets/B-/cluster_3_4185.BMP,96,103,39690,116.57402801513672,106.05960083007812,84.97989654541016,23217.109375
data/datasets/B-/cluster_3_4188.BMP,96,103,39690,137.16232299804688,100.82052612304688,84.15389251708984,20655.2734375
data/datasets/B-/cluster_3_4195.BMP,96,103,39690,100.3431396484375,103.4693374633789,83.35301208496094,17324.078125
data/datasets/B-/cluster_3_4197.BMP,96,103,39690,137.21774291992188,101.3055419921875,85.51570129394531,12273.708984375
data/datasets/B-/cluster_3_4205.BMP,96,103,39690,102.33768463134766,102.39415740966797,89.680908203125,15754.4443359375
data/datasets/B-/cluster_3_4206.BMP,96,103,39690,49.905643463134766,82.55193328857422,68.38191223144531,10207.5
data/datasets/B-/cluster_3_4208.BMP,96,103,39690,131.67819213867188,108.76998138427734,86.30967712402344,18088.05078125
data/datasets/B-/cluster_3_4211.BMP,96,103,39690,73.3578109741211,98.20924377441406,78.68467712402344,11803.08203125
data/datasets/B-/cluster_3_4214.BMP,96,103,39690,120.1001205444336,109.85551452636719,84.14321899414062,19840.513671875
data/datasets/B-/cluster_3_4216.BMP,96,103,39690,111.5702896118164,106.5394058227539,88.83291625976562,17338.00390625
data/datasets/B-/cluster_3_422.BMP,96,103,39690,81.5966796875,105.47187805175781,77.29145812988281,8865.0966796875
data/datasets/B-/cluster_3_4222.BMP,96,103,39690,135.3474884033203,108.85474395751953,85.83165740966797,17454.693359375
data/datasets/B-/cluster_3_4224.BMP,96,103,39690,131.56533813476562,104.23904418945312,87.53329467773438,20156.84375
data/datasets/B-/cluster_3_4228.BMP,96,103,39690,144.3843994140625,88.58946990966797,85.16331481933594,8103.70361328125
data/datasets/B-/cluster_3_424.BMP,96,103,39690,118.21389770507812,110.36901092529297,82.25188446044922,13638.9931640625
data/datasets/B-/cluster_3_4241.BMP,96,103,39690,128.44134521484375,106.92845916748047,85.08480072021484,17657.580078125
data/datasets/B-/cluster_3_4247.BMP,96,103,39690,131.6485595703125,111.6020736694336,81.93467712402344,16256.9267578125
data/datasets/B-/cluster_3_4252.BMP,96,103,39690,134.49049377441406,106.2988052368164,82.56784057617188,19016.25
data/datasets/B-/cluster_3_426.BMP,96,103,39690,129.0050506591797,103.43397521972656,90.17713928222656,23755.28515625
data/datasets/B-/cluster_3_4271.BMP,96,103,39690,126.37590789794922,109.87135314941406,85.060302734375,19945.74609375
data/datasets/B-/cluster_3_4279.BMP,96,103,39690,108.85234832763672,103.11141967773438,79.7292709350586,16281.46484375
data/datasets/B-/cluster_3_4281.BMP,96,103,39690,121.53438568115234,106.63809204101562,84.53077697753906,17921.65625
data/datasets/B-/cluster_3_4286.BMP,96,103,39690,72.40432739257812,98.94271850585938,77.3655776977539,9138.53125
data/datasets/B-/cluster_3_4290.BMP,96,103,39690,137.1668701171875,103.96309661865234,92.3844223022461,10886.984375
data/datasets/B-/cluster_3_43.BMP,96,103,39690,104.93011474609375,107.70915222167969,77.16708374023438,13796.8271484375
data/datasets/B-/cluster_3_4300.BMP,96,103,39690,137.30148315429688,99.21214294433594,86.45477294921875,9997.962890625
data/datasets/B-/cluster_3_4302.BMP,96,103,39690,123.16656494140625,109.89752960205078,80.6714859008789,18536.662109375
data/datasets/B-/cluster_3_4303.BMP,96,103,39690,122.90220642089844,109.49022674560547,85.26507568359375,15788.96875
data/datasets/B-/cluster_3_4314.BMP,96,103,39690,143.32493591308594,107.8253173828125,92.12562561035156,20004.59375
data/datasets/B-/cluster_3_4315.BMP,96,103,39690,133.19781494140625,105.27135467529297,85.90200805664062,20342.984375
data/datasets/B-/cluster_3_4323.BMP,96,103,39690,75.83110809326172,94.1055679321289,79.7939682006836,11649.916015625
data/datasets/B-/cluster_3_4327.BMP,96,103,39690,138.96267700195312,104.81827545166016,81.23052978515625,22829.412109375
data/datasets/B-/cluster_3_4343.BMP,96,103,39690,108.08262634277344,104.02987670898438,83.57223510742188,18300.70703125
data/datasets/B-/cluster_3_4354.BMP,96,103,39690,138.3616485595703,107.68859100341797,87.23995208740234,18907.56640625
data/datasets/B-/cluster_3_4356.BMP,96,103,39690,110.70024108886719,104.3272476196289,84.36808776855469,20069.43359375
data/datasets/B-/cluster_3_4357.BMP,96,103,39690,135.8423309326172,107.27640533447266,85.44284057617188,14536.3115234375
data/datasets/B-/cluster_3_4359.BMP,96,103,39690,157.28843688964844,101.76123046875,90.13693237304688,16448.44921875
data/datasets/B-/cluster_3_4363.BMP,96,103,39690,151.24038696289062,107.2369613647461,91.90138244628906,15997.6416015625
data/datasets/B-/cluster_3_4387.BMP,96,103,39690,184.95570373535156,95.24254608154297,92.07977294921875,13873.81640625
data/datasets/B-/cluster_3_439.BMP,96,103,39690,116.36256408691406,108.15451049804688,87.24308776855469,22004.015625
data/datasets/B-/cluster_3_4418.BMP,96,103,39690,73.72754669189453,95.67428588867188,84.5301513671875,14468.435546875
data/datasets/B-/cluster_3_4430.BMP,96,103,39690,138.5168914794922,106.37905883789062,86.8800277709961,19781.607421875
data/datasets/B-/cluster_3_4433.BMP,96,103,39690,145.17587280273438,101.6511459350586,91.21293640136719,18326.46875
data/datasets/B-/cluster_3_4443.BMP,96,103,39690,131.06442260742188,111.137451171875,84.84799194335938,18036.02734375
data/datasets/B-/cluster_3_4449.BMP,96,103,39690,136.2749786376953,109.14641571044922,91.55025482177734,17898.12109375
data/datasets/B-/cluster_3_445.BMP,96,103,39690,133.45712280273438,110.9766845703125,88.22361755371094,19588.34375
data/datasets/B-/cluster_3_4450.BMP,96,103,39690,138.038330078125,109.62474060058594,91.74685668945312,13466.2314453125
data/datasets/B-/cluster_3_4456.BMP,96,103,39690,140.34263610839844,105.27586364746094,83.11495208740234,19559.060546875
data/datasets/B-/cluster_3_4466.BMP,96,103,39690,138.49261474609375,108.55104064941406,89.305908203125,21493.3671875
data/datasets/B-/cluster_3_4472.BMP,96,103,39690,128.93658447265625,105.399169921875,88.8611831665039,19198.083984375
data/datasets/B-/cluster_3_4479.BMP,96,103,39690,138.75596618652344,104.62362670898438,88.87374114990234,22909.58203125
data/datasets/B-/cluster_3_4483.BMP,96,103,39690,128.17030334472656,104.11703491210938,91.23052978515625,19115.048828125
data/datasets/B-/cluster_3_4487.BMP,96,103,39690,105.65715789794922,105.69766998291016,90.0163345336914,14934.669921875
data/datasets/B-/cluster_3_4489.BMP,96,103,39690,142.8539581298828,101.1749267578125,88.3913345336914,21074.13671875
data/datasets/B-/cluster_3_4492.BMP,96,103,39690,121.66919708251953,105.75904846191406,82.24685668945312,18651.42578125
data/datasets/B-/cluster_3_451.BMP,96,103,39690,143.35983276367188,106.705078125,90.6802749633789,17556.20703125
data/datasets/B-/cluster_3_4518.BMP,96,103,39690,106.07221221923828,106.41381072998047,84.37311553955078,15576.404296875
data/datasets/B-/cluster_3_4541.BMP,96,103,39690,121.06513214111328,109.03105163574219,92.32474517822266,17802.978515625
data/datasets/B-/cluster_3_4549.BMP,96,103,39690,157.72006225585938,103.0086441040039,89.68781280517578,12109.97265625
data/datasets/B-/cluster_3_4568.BMP,96,103,39690,133.1435089111328,106.9231185913086,88.78077697753906,23022.2421875
data/datasets/B-/cluster_3_457.BMP,96,103,39690,99.5824203491211,101.00241088867188,74.84422302246094,20032.939453125
data/datasets/B-/cluster_3_4584.BMP,96,103,39690,126.30764770507812,107.30137634277344,84.87437438964844,18031.22265625
data/datasets/B-/cluster_3_4592.BMP,96,103,39690,151.00323486328125,104.47883605957031,89.38756561279297,15202.642578125
data/datasets/B-/cluster_3_4596.BMP,96,103,39690,136.65887451171875,88.02259063720703,82.65389251708984,8219.73046875
data/datasets/B-/cluster_3_46.BMP,96,103,39690,80.3615493774414,103.80644989013672,91.37248992919922,7473.39111328125
data/datasets/B-/cluster_3_4604.BMP,96,103,39690,147.79530334472656,105.81104278564453,90.12374114990234,15951.255859375
data/datasets/B-/cluster_3_4607.BMP,96,103,39690,132.6171112060547,109.35675048828125,84.5351791381836,19365.32421875
data/datasets/B-/cluster_3_4613.BMP,96,103,39690,94.52740478515625,107.92034149169922,79.05653381347656,12227.12890625
data/datasets/B-/cluster_3_4616.BMP,96,103,39690,130.75808715820312,109.68324279785156,90.89698791503906,16905.0546875
data/datasets/B-/cluster_3_4632.BMP,96,103,39690,168.08889770507812,102.62139892578125,87.0552749633789,15362.0830078125
data/datasets/B-/cluster_3_4635.BMP,96,103,39690,92.37419128417969,107.6268539428711,84.73178100585938,5895.9892578125
data/datasets/B-/cluster_3_4637.BMP,96,103,39690,109.59122467041016,106.24625396728516,84.90138244628906,17184.7421875
data/datasets/B-/cluster_3_4642.BMP,96,103,39690,142.35467529296875,102.8874282836914,88.09170532226562,12554.068359375
data/datasets/B-/cluster_3_4647.BMP,96,103,39690,148.4197998046875,106.89832305908203,90.34610748291016,14794.4521484375
data/datasets/B-/cluster_3_465.BMP,96,103,39690,88.68345642089844,103.64208984375,90.79522705078125,13022.318359375
data/datasets/B-/cluster_3_4655.BMP,96,103,39690,140.4908905029297,107.90425109863281,85.4101791381836,19894.67578125
data/datasets/B-/cluster_3_4667.BMP,96,103,39690,142.19549560546875,111.11290740966797,92.37437438964844,16368.1279296875
data/datasets/B-/cluster_3_4670.BMP,96,103,39690,118.49484252929688,111.5952377319336,80.82097625732422,11253.9072265625
data/datasets/B-/cluster_3_4673.BMP,96,103,39690,147.5710906982422,99.71939849853516,88.7851791381836,17828.314453125
data/datasets/B-/cluster_3_4703.BMP,96,103,39690,165.28033447265625,99.43938446044922,90.03266143798828,20998.41015625
data/datasets/B-/cluster_3_4712.BMP,96,103,39690,124.15928649902344,108.02310180664062,84.27010345458984,20353.9765625
data/datasets/B-/cluster_3_4734.BMP,96,103,39690,118.51547241210938,104.90496826171875,80.54837036132812,19385.20703125
data/datasets/B-/cluster_3_4740.BMP,96,103,39690,127.66352844238281,105.78156280517578,89.15389251708984,21851.26953125
data/datasets/B-/cluster_3_4741.BMP,96,103,39690,104.67900848388672,107.13851928710938,79.87876892089844,13342.681640625
data/datasets/B-/cluster_3_475.BMP,96,103,39690,112.09213256835938,105.24391174316406,80.83605194091797,17222.21875
data/datasets/B-/cluster_3_4751.BMP,96,103,39690,84.43729400634766,100.21739196777344,81.40829467773438,14961.7275390625
data/datasets/B-/cluster_3_4754.BMP,96,103,39690,166.07351684570312,100.10212707519531,90.99748992919922,16659.59375
data/datasets/B-/cluster_3_476.BMP,96,103,39690,149.3077392578125,103.53301239013672,87.78580474853516,20208.16015625
data/datasets/B-/cluster_3_4763.BMP,96,103,39690,105.37661743164062,96.990966796875,86.10050201416016,14160.5478515625
data/datasets/B-/cluster_3_4767.BMP,96,103,39690,115.5417709350586,109.72982025146484,88.09799194335938,14587.5224609375
data/datasets/B-/cluster_3_4770.BMP,96,103,39690,166.43679809570312,101.27403259277344,91.33668518066406,15391.6083984375
data/datasets/B-/cluster_3_4773.BMP,96,103,39690,157.81533813476562,102.88762664794922,87.87562561035156,14921.103515625
data/datasets/B-/cluster_3_4774.BMP,96,103,39690,132.1181182861328,106.14380645751953,88.37876892089844,21063.263671875
data/datasets/B-/cluster_3_479.BMP,96,103,39690,131.11529541015625,102.78289031982422,83.4604263305664,18240.07421875
data/datasets/B-/cluster_3_4798.BMP,96,103,39690,142.0056610107422,105.94762420654297,89.55904388427734,17949.130859375
data/datasets/B-/cluster_3_4799.BMP,96,103,39690,63.94913101196289,95.56965637207031,76.21858978271484,8915.5322265625
data/datasets/B-/cluster_3_4814.BMP,96,103,39690,90.48675537109375,98.96357727050781,82.73995208740234,13920.40625
data/datasets/B-/cluster_3_4824.BMP,96,103,39690,108.33889770507812,107.31254577636719,91.61243438720703,15135.591796875
data/datasets/B-/cluster_3_4830.BMP,96,103,39690,157.47998046875,104.04782104492188,90.51193237304688,17364.703125
data/datasets/B-/cluster_3_4849.BMP,96,103,39690,148.55380249023438,104.88998413085938,92.01570129394531,22426.6015625
data/datasets/B-/cluster_3_4857.BMP,96,103,39690,166.16726684570312,99.80946350097656,91.75251007080078,15581.3251953125
data/datasets/B-/cluster_3_4868.BMP,96,103,39690,128.66798400878906,107.73503112792969,85.64258575439453,21098.28125
data/datasets/B-/cluster_3_4869.BMP,96,103,39690,113.47138214111328,110.74993133544922,80.20916748046875,15433.46875
data/datasets/B-/cluster_3_4872.BMP,96,103,39690,148.2250213623047,97.0738525390625,91.33228302001953,16448.0546875
data/datasets/B-/cluster_3_4877.BMP,96,103,39690,123.83909606933594,111.30245971679688,84.42273712158203,16323.67578125
data/datasets/B-/cluster_3_488.BMP,96,103,39690,121.28367614746094,108.2279281616211,85.62562561035156,16690.294921875
data/datasets/B-/cluster_3_4885.BMP,96,103,39690,128.78843688964844,105.8984375,84.68656158447266,16205.9208984375
data/datasets/B-/cluster_3_4891.BMP,96,103,39690,91.48129272460938,103.92637634277344,84.53894805908203,14888.2412109375
data/datasets/B-/cluster_3_4898.BMP,96,103,39690,136.25343322753906,97.71930694580078,87.20916748046875,14241.8232421875
data/datasets/B-/cluster_3_4912.BMP,96,103,39690,131.7167205810547,112.43023681640625,88.7801513671875,14061.099609375
data/datasets/B-/cluster_3_4916.BMP,96,103,39690,173.869140625,97.63726043701172,91.4535140991211,16745.91015625
data/datasets/B-/cluster_3_4926.BMP,96,103,39690,133.0206298828125,110.75184631347656,92.2707290649414,17083.58984375
data/datasets/B-/cluster_3_4933.BMP,96,103,39690,85.4999008178711,97.7605209350586,82.12374114990234,16527.77734375
data/datasets/B-/cluster_3_4938.BMP,96,103,39690,123.26324462890625,108.78994750976562,87.8448486328125,18902.697265625
data/datasets/B-/cluster_3_4948.BMP,96,103,39690,123.88298797607422,106.40326690673828,85.7939682006836,17206.73828125
data/datasets/B-/cluster_3_4953.BMP,96,103,39690,122.73847198486328,103.75677490234375,86.87562561035156,19093.20703125
data/datasets/B-/cluster_3_4955.BMP,96,103,39690,96.17243194580078,102.04129028320312,90.12562561035156,16075.7607421875
data/datasets/B-/cluster_3_496.BMP,96,103,39690,132.48341369628906,105.73033142089844,80.14887237548828,18407.12109375
data/datasets/B-/cluster_3_4966.BMP,241,298,215890,164.6908416748047,94.20135498046875,172.9112548828125,4807.078125
data/datasets/B-/cluster_3_4968.BMP,96,103,39690,78.63086700439453,94.60104370117188,79.4861831665039,16772.484375
data/datasets/B-/cluster_3_4971.BMP,96,103,39690,151.92495727539062,104.29048156738281,89.60615539550781,19784.71484375
data/datasets/B-/cluster_3_4994.BMP,96,103,39690,156.8970489501953,105.19386291503906,88.88253784179688,17910.56640625
data/datasets/B-/cluster_3_50.BMP,96,103,39690,133.85336303710938,110.11982727050781,92.35112762451172,20980.97265625
data/datasets/B-/cluster_3_5010.BMP,96,103,39690,146.3935089111328,105.75654602050781,90.70728302001953,16546.75
data/datasets/B-/cluster_3_5013.BMP,96,103,39690,134.18325805664062,107.53019714355469,85.74937438964844,19644.6640625
data/datasets/B-/cluster_3_5018.BMP,96,103,39690,130.89047241210938,113.76506042480469,89.76570129394531,14311.6875
data/datasets/B-/cluster_3_5035.BMP,96,103,39690,114.79166412353516,108.93561553955078,81.28643035888672,16194.046875
data/datasets/B-/cluster_3_5050.BMP,96,103,39690,114.59961700439453,105.66577911376953,91.05904388427734,19119.74609375
data/datasets/B-/cluster_3_5053.BMP,96,103,39690,129.72239685058594,104.51472473144531,91.87562561035156,21454.125
data/datasets/B-/cluster_3_5054.BMP,96,103,39690,122.40645599365234,91.93427276611328,82.02323913574219,9525.1533203125
data/datasets/B-/cluster_3_5066.BMP,96,103,39690,139.02639770507812,110.7638931274414,78.83039855957031,15971.5849609375
data/datasets/B-/cluster_3_5077.BMP,96,103,39690,134.5931396484375,103.83281707763672,87.10364532470703,14474.083984375
data/datasets/B-/cluster_3_5100.BMP,96,103,39690,151.0277099609375,104.1108627319336,90.06343841552734,14652.453125
data/datasets/B-/cluster_3_5101.BMP,96,103,39690,136.2452392578125,102.92279052734375,88.32223510742188,20709.642578125
data/datasets/B-/cluster_3_5114.BMP,96,103,39690,135.882080078125,105.7100830078125,87.3586654663086,16411.89453125
data/datasets/B-/cluster_3_5116.BMP,96,103,39690,132.68203735351562,106.85400390625,89.37688446044922,18772.4140625
data/datasets/B-/cluster_3_5129.BMP,96,103,39690,134.7272491455078,110.51256561279297,82.28831481933594,19915.587890625
data/datasets/B-/cluster_3_5130.BMP,96,103,39690,118.96480560302734,109.16424560546875,84.08668518066406,19246.1796875
data/datasets/B-/cluster_3_5135.BMP,96,103,39690,127.49565124511719,107.21321105957031,90.84358978271484,15172.423828125
data/datasets/B-/cluster_3_514.BMP,96,103,39690,134.11671447753906,108.16795349121094,91.19597625732422,16608.728515625
data/datasets/B-/cluster_3_5142.BMP,96,103,39690,55.55339813232422,87.55074310302734,75.98806762695312,9821.736328125
data/datasets/B-/cluster_3_5144.BMP,96,103,39690,134.11802673339844,111.26897430419922,83.88693237304688,13741.986328125
data/datasets/B-/cluster_3_5146.BMP,96,103,39690,90.28388214111328,100.46210479736328,82.24120330810547,17435.591796875
data/datasets/B-/cluster_3_5148.BMP,96,103,39690,111.94569396972656,105.2576675415039,84.23931884765625,19745.951171875
data/datasets/B-/cluster_3_5149.BMP,96,103,39690,145.64866638183594,100.67051696777344,83.27889251708984,17073.05859375
data/datasets/B-/cluster_3_5155.BMP,96,103,39690,95.0341796875,97.52129364013672,89.34735870361328,19325.677734375
data/datasets/B-/cluster_3_5161.BMP,96,103,39690,149.1554412841797,88.24649810791016,84.89761352539062,11227.2451171875
data/datasets/B-/cluster_3_5163.BMP,96,103,39690,82.56290435791016,94.978759765625,82.84861755371094,17817.00390625
data/datasets/B-/cluster_3_5164.BMP,96,103,39690,120.50950622558594,106.1723861694336,90.12876892089844,19541.19921875
data/datasets/B-/cluster_3_5165.BMP,96,103,39690,121.57372283935547,108.44597625732422,79.24811553955078,15015.05078125
data/datasets/B-/cluster_3_517.BMP,96,103,39690,168.21470642089844,99.38490295410156,91.38568115234375,16769.544921875
data/datasets/B-/cluster_3_5194.BMP,96,103,39690,127.78620910644531,109.97232818603516,92.07662963867188,14926.740234375
data/datasets/B-/cluster_3_52.BMP,96,103,39690,150.80319213867188,100.5997314453125,90.33416748046875,17320.6015625
data/datasets/B-/cluster_3_5202.BMP,96,103,39690,147.26486206054688,101.95655059814453,85.43843841552734,23079.796875
data/datasets/B-/cluster_3_5208.BMP,96,103,39690,111.69184875488281,105.89974975585938,77.83668518066406,20189.6015625
data/datasets/B-/cluster_3_5210.BMP,96,103,39690,112.71430206298828,105.49766540527344,89.7405776977539,18695.61328125
data/datasets/B-/cluster_3_5211.BMP,96,103,39690,67.68011474609375,93.78765869140625,78.00376892089844,11405.203125
data/datasets/B-/cluster_3_5217.BMP,96,103,39690,149.0210418701172,106.34871673583984,91.7361831665039,17676.791015625
data/datasets/B-/cluster_3_523.BMP,96,103,39690,114.02214813232422,103.26113891601562,88.30339050292969,18871.587890625
data/datasets/B-/cluster_3_5232.BMP,96,103,39690,145.09617614746094,107.10296630859375,91.48743438720703,18065.94140625
data/datasets/B-/cluster_3_5233.BMP,96,103,39690,165.39796447753906,101.80314636230469,90.68341827392578,18918.62109375
data/datasets/B-/cluster_3_5239.BMP,96,103,39690,65.63602447509766,99.40225219726562,77.37814331054688,7884.66259765625
data/datasets/B-/cluster_3_5247.BMP,96,103,39690,91.70277404785156,99.81948852539062,78.3310317993164,14904.580078125
data/datasets/B-/cluster_3_525.BMP,96,103,39690,128.18092346191406,96.34248352050781,82.51193237304688,13129.2646484375
data/datasets/B-/cluster_3_5258.BMP,96,103,39690,133.12945556640625,108.30723571777344,90.54019927978516,15627.46875
data/datasets/B-/cluster_3_5272.BMP,96,103,39690,138.0056610107422,109.71293640136719,82.8492431640625,20146.361328125
data/datasets/B-/cluster_3_5282.BMP,96,103,39690,127.82898712158203,104.58382415771484,80.79773712158203,18068.29296875
data/datasets/B-/cluster_3_5285.BMP,96,103,39690,136.3529510498047,106.64615631103516,91.30402374267578,17705.97265625
data/datasets/B-/cluster_3_5289.BMP,96,103,39690,118.7684097290039,106.83617401123047,91.4214859008789,18199.873046875
data/datasets/B-/cluster_3_5308.BMP,96,103,39690,142.82666015625,108.9533920288086,85.6042709350586,15956.9052734375
data/datasets/B-/cluster_3_531.BMP,96,103,39690,100.8231201171875,102.85831451416016,81.46168518066406,16803.267578125
data/datasets/B-/cluster_3_5314.BMP,96,103,39690,126.87095642089844,107.96663665771484,83.11306762695312,20469.33203125
data/datasets/B-/cluster_3_533.BMP,96,103,39690,136.8280792236328,110.17841339111328,90.06658172607422,15670.6865234375
data/datasets/B-/cluster_3_5336.BMP,96,103,39690,148.81300354003906,105.98721313476562,88.08228302001953,19410.900390625
data/datasets/B-/cluster_3_5340.BMP,96,103,39690,44.20145797729492,79.69998931884766,68.45414733886719,7874.462890625
data/datasets/B-/cluster_3_5341.BMP,96,103,39690,161.4931182861328,100.38302612304688,91.34233856201172,19789.6484375
data/datasets/B-/cluster_3_5342.BMP,96,103,39690,153.18841552734375,106.42272186279297,91.7751235961914,16985.97265625
data/datasets/B-/cluster_3_5367.BMP,96,103,39690,89.25465393066406,97.6381607055664,86.26507568359375,17078.6875
data/datasets/B-/cluster_3_5370.BMP,96,103,39690,119.57271575927734,110.2253189086914,84.51256561279297,14115.541015625
data/datasets/B-/cluster_3_5384.BMP,96,103,39690,128.40786743164062,108.69085693359375,91.37248992919922,15477.5234375
data/datasets/B-/cluster_3_5386.BMP,96,103,39690,150.3971405029297,104.88692474365234,89.88127899169922,14485.8603515625
data/datasets/B-/cluster_3_5406.BMP,96,103,39690,136.84466552734375,104.83061981201172,90.80276489257812,9475.970703125
data/datasets/B-/cluster_3_5414.BMP,96,103,39690,109.95722198486328,104.59046936035156,89.62562561035156,19792.4609375
data/datasets/B-/cluster_3_5416.BMP,96,103,39690,109.60173797607422,104.99304962158203,85.69597625732422,19518.28515625
data/datasets/B-/cluster_3_5421.BMP,96,103,39690,124.83697509765625,103.06995391845703,86.5251235961914,22235.76953125
data/datasets/B-/cluster_3_5424.BMP,96,103,39690,124.97148132324219,108.14437103271484,91.23429870605469,16405.08203125
data/datasets/B-/cluster_3_5431.BMP,96,103,39690,146.23867797851562,107.5762939453125,84.24685668945312,16822.6796875
data/datasets/B-/cluster_3_5435.BMP,96,103,39690,102.5069808959961,101.50054168701172,82.20854187011719,21120.400390625
data/datasets/B-/cluster_3_5450.BMP,96,103,39690,103.29702758789062,110.07423400878906,76.1758804321289,11296.591796875
data/datasets/B-/cluster_3_5453.BMP,96,103,39690,141.2366485595703,104.85890197753906,90.36306762695312,20792.30859375
data/datasets/B-/cluster_3_5468.BMP,96,103,39690,170.50930786132812,98.9544906616211,90.10050201416016,14554.287109375
data/datasets/B-/cluster_3_5473.BMP,96,103,39690,114.51759338378906,106.68314361572266,91.08605194091797,15431.642578125
data/datasets/B-/cluster_3_5479.BMP,96,103,39690,61.6356201171875,88.64754486083984,78.56218719482422,7737.0224609375
data/datasets/B-/cluster_3_5498.BMP,96,103,39690,139.7179412841797,105.48638153076172,86.70037841796875,18050.77734375
data/datasets/B-/cluster_3_5515.BMP,96,103,39690,169.20205688476562,98.87323760986328,91.72864532470703,16160.4853515625
data/datasets/B-/cluster_3_5518.BMP,96,103,39690,141.70004272460938,101.97454071044922,83.86306762695312,20988.94921875
data/datasets/B-/cluster_3_5527.BMP,96,103,39690,118.48887634277344,107.95282745361328,83.1645736694336,19804.66015625
data/datasets/B-/cluster_3_5538.BMP,96,103,39690,134.63531494140625,108.44139099121094,90.89384460449219,19513.56640625
data/datasets/B-/cluster_3_5541.BMP,96,103,39690,98.7392807006836,103.19725036621094,79.52700805664062,19570.279296875
data/datasets/B-/cluster_3_5553.BMP,96,103,39690,139.853759765625,105.76049041748047,83.04334259033203,17378.93359375
data/datasets/B-/cluster_3_5554.BMP,96,103,39690,119.2536392211914,103.75546264648438,90.57474517822266,19871.35546875
data/datasets/B-/cluster_3_5571.BMP,96,103,39690,116.48735809326172,101.90193176269531,89.53768920898438,22273.771484375
data/datasets/B-/cluster_3_5576.BMP,96,103,39690,160.36387634277344,96.9484634399414,83.93404388427734,17849.34375
data/datasets/B-/cluster_3_5578.BMP,96,103,39690,135.90797424316406,103.32239532470703,86.55150604248047,18075.96484375
data/datasets/B-/cluster_3_5592.BMP,96,103,39690,91.01860809326172,104.45743560791016,81.1155776977539,12763.62890625
data/datasets/B-/cluster_3_5612.BMP,96,103,39690,86.79075622558594,100.15780639648438,78.15703582763672,13119.92578125
data/datasets/B-/cluster_3_5619.BMP,96,103,39690,131.59324645996094,106.00936126708984,86.73492431640625,19081.876953125
data/datasets/B-/cluster_3_5623.BMP,96,103,39690,135.2423095703125,110.3990249633789,92.194091796875,17531.35546875
data/datasets/B-/cluster_3_5626.BMP,96,103,39690,156.64613342285156,106.20597839355469,90.97801208496094,13846.537109375
data/datasets/B-/cluster_3_5629.BMP,96,103,39690,151.9907989501953,103.2119140625,91.83919525146484,20812.015625
data/datasets/B-/cluster_3_5638.BMP,96,103,39690,128.6281280517578,107.81322479248047,89.25062561035156,20576.873046875
data/datasets/B-/cluster_3_5644.BMP,96,103,39690,105.46652221679688,105.14051055908203,83.65452575683594,17251.40625
data/datasets/B-/cluster_3_5646.BMP,96,103,39690,72.86701202392578,100.98841857910156,79.73178100585938,9210.7822265625
data/datasets/B-/cluster_3_5649.BMP,96,103,39690,117.30562591552734,103.86334991455078,84.0998764038086,20510.265625
data/datasets/B-/cluster_3_5650.BMP,96,103,39690,150.686279296875,107.77771759033203,91.6111831665039,17553.90234375
data/datasets/B-/cluster_3_5661.BMP,96,103,39690,151.5049591064453,102.01605987548828,88.63945007324219,20682.6796875
data/datasets/B-/cluster_3_5671.BMP,96,103,39690,110.05794525146484,106.93609619140625,89.4189682006836,18426.953125
data/datasets/B-/cluster_3_5677.BMP,96,103,39690,134.1966094970703,109.48747253417969,86.13630676269531,17349.994140625
data/datasets/B-/cluster_3_5690.BMP,96,103,39690,142.14735412597656,105.80381774902344,86.8241195678711,19339.80859375
data/datasets/B-/cluster_3_5706.BMP,96,103,39690,128.29490661621094,111.44001770019531,91.07474517822266,14208.0673828125
data/datasets/B-/cluster_3_5717.BMP,96,103,39690,115.5859603881836,112.38462829589844,85.59358978271484,14408.4765625
data/datasets/B-/cluster_3_572.BMP,96,103,39690,133.98341369628906,107.97429656982422,85.99372100830078,17073.296875
data/datasets/B-/cluster_3_5723.BMP,96,103,39690,119.4020004272461,104.478759765625,90.37625885009766,17459.2109375
data/datasets/B-/cluster_3_5728.BMP,96,103,39690,130.13623046875,112.39797973632812,84.07097625732422,13089.984375
data/datasets/B-/cluster_3_5736.BMP,96,103,39690,150.45419311523438,105.66985321044922,92.13379669189453,19045.1015625
data/datasets/B-/cluster_3_5747.BMP,96,103,39690,85.21733093261719,98.98587036132812,79.40641021728516,17780.974609375
data/datasets/B-/cluster_3_5752.BMP,96,103,39690,122.39391326904297,103.79485321044922,90.85489654541016,22670.6171875
data/datasets/B-/cluster_3_5763.BMP,96,103,39690,159.8468780517578,106.72074127197266,91.80339050292969,16131.0546875
data/datasets/B-/cluster_3_5765.BMP,96,103,39690,176.5681610107422,95.99534606933594,91.689697265625,14757.5439453125
data/datasets/B-/cluster_3_5767.BMP,96,103,39690,106.58879089355469,110.48706817626953,80.84296417236328,12881.255859375
data/datasets/B-/cluster_3_5769.BMP,96,103,39690,92.55461120605469,102.65088653564453,85.04522705078125,14313.9765625
data/datasets/B-/cluster_3_5775.BMP,96,103,39690,138.51284790039062,103.74383544921875,91.01884460449219,20961.6640625
data/datasets/B-/cluster_3_5783.BMP,96,103,39690,142.09112548828125,108.94661712646484,91.91645812988281,17872.47265625
data/datasets/B-/cluster_3_58.BMP,96,103,39690,129.7827606201172,103.71107482910156,79.435302734375,18949.27734375
data/datasets/B-/cluster_3_5806.BMP,96,103,39690,111.86772155761719,106.97232055664062,89.75188446044922,13519.130859375
data/datasets/B-/cluster_3_5810.BMP,96,103,39690,80.11276245117188,104.9679183959961,82.00627899169922,8610.12890625
data/datasets/B-/cluster_3_5814.BMP,96,103,39690,127.74666595458984,96.04327392578125,87.89823913574219,12867.7138671875
data/datasets/B-/cluster_3_5818.BMP,96,103,39690,130.6235809326172,108.3732681274414,91.59296417236328,17879.56640625
data/datasets/B-/cluster_3_5822.BMP,96,103,39690,101.79621887207031,106.21133422851562,86.56407165527344,15094.2802734375
data/datasets/B-/cluster_3_5824.BMP,96,103,39690,134.75799560546875,103.88377380371094,90.19660949707031,16441.90234375
data/datasets/B-/cluster_3_585.BMP,96,103,39690,116.4523696899414,105.67211151123047,80.2801513671875,21891.64453125
data/datasets/B-/cluster_3_5852.BMP,96,103,39690,123.35416412353516,108.86239624023438,86.92650604248047,19133.44921875
data/datasets/B-/cluster_3_5856.BMP,96,103,39690,125.21197509765625,102.92324829101562,87.08793640136719,17584.3828125
data/datasets/B-/cluster_3_586.BMP,96,103,39690,141.1943817138672,101.32149505615234,89.70477294921875,18524.611328125
data/datasets/B-/cluster_3_5868.BMP,96,103,39690,95.22097778320312,103.81200408935547,84.0785140991211,15246.1201171875
data/datasets/B-/cluster_3_587.BMP,96,103,39690,117.36579895019531,106.63753509521484,84.28203582763672,16564.544921875
data/datasets/B-/cluster_3_5883.BMP,96,103,39690,138.1476593017578,109.07223510742188,90.81281280517578,16600.95703125
data/datasets/B-/cluster_3_5894.BMP,96,103,39690,122.85831451416016,113.060791015625,79.76821899414062,11117.2607421875
data/datasets/B-/cluster_3_5902.BMP,96,103,39690,119.38713836669922,110.83329772949219,86.9189682006836,10989.291015625
data/datasets/B-/cluster_3_5904.BMP,96,103,39690,181.15635681152344,96.5820083618164,91.1388168334961,17906.515625
data/datasets/B-/cluster_3_5911.BMP,96,103,39690,114.63177490234375,105.55691528320312,84.23178100585938,14990.7578125
data/datasets/B-/cluster_3_5915.BMP,96,103,39690,131.98553466796875,106.44007873535156,87.26445007324219,15910.857421875
data/datasets/B-/cluster_3_592.BMP,96,103,39690,160.02427673339844,100.4544677734375,91.21105194091797,17239.1875
data/datasets/B-/cluster_3_5923.BMP,96,103,39690,149.62095642089844,105.60211944580078,91.83605194091797,19115.3203125
data/datasets/B-/cluster_3_593.BMP,96,103,39690,139.4141387939453,97.84408569335938,86.26130676269531,15344.37890625
data/datasets/B-/cluster_3_595.BMP,96,103,39690,108.92738342285156,105.56141662597656,91.33228302001953,12444.380859375
data/datasets/B-/cluster_3_5968.BMP,96,103,39690,151.12631225585938,105.60677337646484,91.76821899414062,19390.318359375
data/datasets/B-/cluster_3_5970.BMP,96,103,39690,66.46359252929688,95.2806625366211,79.03077697753906,10450.41015625
data/datasets/B-/cluster_3_5973.BMP,96,103,39690,134.64593505859375,113.61468505859375,89.28329467773438,15200.0439453125
data/datasets/B-/cluster_3_5985.BMP,96,103,39690,110.4574203491211,109.37734985351562,83.51507568359375,15819.7734375
data/datasets/B-/cluster_3_60.BMP,96,103,39690,142.40301513671875,98.63448333740234,88.0741195678711,11982.251953125
data/datasets/B-/cluster_3_61.BMP,96,103,39690,69.95631408691406,98.23387145996094,84.75627899169922,8565.0
data/datasets/B-/cluster_3_624.BMP,96,103,39690,130.59820556640625,109.93975067138672,91.3699722290039,13973.3515625
data/datasets/B-/cluster_3_641.BMP,96,103,39690,106.83201599121094,103.7830581665039,78.99372100830078,17117.240234375
data/datasets/B-/cluster_3_647.BMP,96,103,39690,124.96409606933594,103.73831176757812,88.40264129638672,15968.171875
data/datasets/B-/cluster_3_651.BMP,96,103,39690,117.41848754882812,109.72026062011719,90.66519927978516,12634.27734375
data/datasets/B-/cluster_3_667.BMP,96,103,39690,94.70428466796875,107.3213882446289,81.47612762451172,9433.634765625
data/datasets/B-/cluster_3_669.BMP,96,103,39690,94.23442840576172,105.75426483154297,88.2707290649414,10546.1572265625
data/datasets/B-/cluster_3_672.BMP,96,103,39690,117.88349151611328,106.71858978271484,80.9447250366211,21395.8828125
data/datasets/B-/cluster_3_681.BMP,96,103,39690,115.44842529296875,106.52102661132812,87.96796417236328,16860.162109375
data/datasets/B-/cluster_3_695.BMP,96,103,39690,124.70125579833984,103.61449432373047,83.88191223144531,20304.98046875
data/datasets/B-/cluster_3_7.BMP,96,103,39690,135.34385681152344,104.8836669921875,91.38756561279297,20705.142578125
data/datasets/B-/cluster_3_728.BMP,96,103,39690,124.3479995727539,107.9075927734375,86.0,17811.29296875
data/datasets/B-/cluster_3_744.BMP,96,103,39690,161.6896209716797,101.15020751953125,91.23052978515625,18880.8671875
data/datasets/B-/cluster_3_753.BMP,96,103,39690,159.0227508544922,98.5631103515625,90.96607971191406,17209.505859375
data/datasets/B-/cluster_3_761.BMP,96,103,39690,148.4227294921875,104.2208023071289,90.6111831665039,19893.078125
data/datasets/B-/cluster_3_776.BMP,96,103,39690,131.974609375,110.48772430419922,92.11431884765625,16142.08203125
data/datasets/B-/cluster_3_778.BMP,96,103,39690,67.68305206298828,91.86579895019531,76.30276489257812,13276.935546875
data/datasets/B-/cluster_3_786.BMP,96,103,39690,130.94204711914062,102.45046997070312,88.26130676269531,21514.01171875
data/datasets/B-/cluster_3_800.BMP,96,103,39690,159.86407470703125,99.56941223144531,86.72173309326172,17631.427734375
data/datasets/B-/cluster_3_817.BMP,96,103,39690,138.26992797851562,94.1971664428711,83.4051513671875,12133.05078125
data/datasets/B-/cluster_3_818.BMP,96,103,39690,159.30825805664062,106.88472747802734,80.50188446044922,11588.783203125
data/datasets/B-/cluster_3_825.BMP,96,103,39690,119.45054626464844,107.90592193603516,81.14510345458984,21562.4453125
data/datasets/B-/cluster_3_834.BMP,96,103,39690,141.3671112060547,106.137939453125,87.8542709350586,20379.548828125
data/datasets/B-/cluster_3_846.BMP,96,103,39690,81.54348754882812,101.26866912841797,90.57286071777344,11754.107421875
data/datasets/B-/cluster_3_851.BMP,96,103,39690,135.3722686767578,104.55211639404297,88.27387237548828,19325.630859375
data/datasets/B-/cluster_3_864.BMP,96,103,39690,116.90210723876953,110.59916687011719,82.01821899414062,16737.85546875
data/datasets/B-/cluster_3_871.BMP,96,103,39690,130.58950805664062,108.78824615478516,80.96231079101562,21849.806640625
data/datasets/B-/cluster_3_892.BMP,96,103,39690,110.80511474609375,104.88400268554688,85.58856964111328,16054.755859375
data/datasets/B-/cluster_3_896.BMP,96,103,39690,125.74888610839844,108.00721740722656,85.44032287597656,19037.15625
data/datasets/B-/cluster_3_904.BMP,96,103,39690,154.30288696289062,102.73175811767578,91.17085266113281,22347.544921875
data/datasets/B-/cluster_3_906.BMP,96,103,39690,143.81088256835938,102.53630828857422,82.6595458984375,13642.7333984375
data/datasets/B-/cluster_3_909.BMP,96,103,39690,104.92233276367188,103.2041015625,79.1042709350586,16217.48046875
data/datasets/B-/cluster_3_914.BMP,96,103,39690,136.59921264648438,106.24340057373047,82.76319122314453,20171.46484375
data/datasets/B-/cluster_3_949.BMP,96,103,39690,110.45631408691406,108.987548828125,85.82788848876953,14096.978515625
data/datasets/B-/cluster_3_96.BMP,96,103,39690,127.24231719970703,108.44987487792969,80.26004791259766,17624.6484375
data/datasets/B-/cluster_3_970.BMP,96,103,39690,115.74150848388672,104.63136291503906,88.48995208740234,19793.4609375
data/datasets/B-/cluster_3_982.BMP,96,103,39690,139.90756225585938,108.04298400878906,91.43341827392578,17176.13671875
data/datasets/B-/cluster_3_989.BMP,96,103,39690,117.4267807006836,105.10790252685547,84.54019927978516,20225.521484375
data/datasets/B-/cluster_3_991.BMP,96,103,39690,122.7599105834961,107.44383239746094,92.14070129394531,18191.9453125
data/datasets/B-/cluster_3_993.BMP,96,103,39690,160.79742431640625,95.23854064941406,92.42902374267578,11375.330078125
data/datasets/B-/cluster_3_995.BMP,96,103,39690,81.70641326904297,99.6275405883789,89.65264129638672,14054.00390625
data/datasets/O+/cluster_6_1004.BMP,96,103,39690,149.46743774414062,99.18020629882812,89.69974517822266,20600.58203125
data/datasets/O+/cluster_6_1019.BMP,96,103,39690,127.2918701171875,109.35332489013672,83.04145812988281,22021.5
data/datasets/O+/cluster_6_102.BMP,96,103,39690,135.42910766601562,96.7513656616211,92.4214859008789,11761.203125
data/datasets/O+/cluster_6_1023.BMP,96,103,39690,142.7156219482422,101.6250991821289,87.0810317993164,21697.13671875
data/datasets/O+/cluster_6_1033.BMP,96,103,39690,147.9893798828125,102.81700897216797,92.38316345214844,17669.984375
data/datasets/O+/cluster_6_1039.BMP,96,103,39690,149.11376953125,108.48928833007812,89.0094223022461,21960.95703125
data/datasets/O+/cluster_6_1057.BMP,96,103,39690,126.51193237304688,108.03667449951172,90.19095611572266,14562.5791015625
data/datasets/O+/cluster_6_106.BMP,96,103,39690,125.21501159667969,107.58606719970703,83.37814331054688,17769.873046875
data/datasets/O+/cluster_6_1062.BMP,96,103,39690,116.45044708251953,110.31254577636719,92.30213928222656,18174.58203125
data/datasets/O+/cluster_6_1065.BMP,96,103,39690,127.1946792602539,106.98262023925781,92.36431884765625,16934.552734375
data/datasets/O+/cluster_6_1084.BMP,96,103,39690,127.65534210205078,105.0921401977539,92.3888168334961,19224.91796875
data/datasets/O+/cluster_6_109.BMP,96,103,39690,188.34121704101562,87.95896911621094,91.35615539550781,13951.12890625
data/datasets/O+/cluster_6_1094.BMP,96,103,39690,136.2755889892578,105.27545166015625,91.58793640136719,20026.94140625
data/datasets/O+/cluster_6_1105.BMP,96,103,39690,122.66838836669922,103.9131088256836,87.944091796875,20286.51953125
data/datasets/O+/cluster_6_111.BMP,96,103,39690,163.18780517578125,102.36627960205078,92.43404388427734,12541.697265625
data/datasets/O+/cluster_6_1114.BMP,96,103,39690,142.7493896484375,97.31636047363281,92.10678100585938,10889.00390625
data/datasets/O+/cluster_6_1119.BMP,96,103,39690,145.56533813476562,104.51255798339844,92.1601791381836,21347.08984375
data/datasets/O+/cluster_6_1122.BMP,96,103,39690,121.9757308959961,107.88101196289062,92.41394805908203,19347.6328125
data/datasets/O+/cluster_6_1134.BMP,96,103,39690,146.57493591308594,89.59709167480469,92.43404388427734,7909.78173828125
data/datasets/O+/cluster_6_1136.BMP,96,103,39690,109.58879089355469,109.40220642089844,92.17650604248047,12809.4453125
data/datasets/O+/cluster_6_1138.BMP,96,103,39690,131.43496704101562,106.79782104492188,91.2594223022461,15308.998046875
data/datasets/O+/cluster_6_1156.BMP,96,103,39690,143.3523406982422,106.44122314453125,91.32097625732422,19938.26953125
data/datasets/O+/cluster_6_1161.BMP,96,103,39690,144.143310546875,85.36661529541016,92.43153381347656,6954.8193359375
data/datasets/O+/cluster_6_117.BMP,96,103,39690,133.05552673339844,106.51862335205078,91.60552978515625,17831.484375
data/datasets/O+/cluster_6_1188.BMP,96,103,39690,142.3310089111328,87.73247528076172,91.9447250366211,10921.150390625
data/datasets/O+/cluster_6_1190.BMP,96,103,39690,145.5874786376953,104.21998596191406,92.43404388427734,14341.404296875
data/datasets/O+/cluster_6_1191.BMP,96,103,39690,152.66595458984375,106.01246643066406,87.59170532226562,18384.318359375
data/datasets/O+/cluster_6_1212.BMP,96,103,39690,156.17971801757812,106.19586181640625,92.30464935302734,20468.115234375
data/datasets/O+/cluster_6_1221.BMP,96,103,39690,142.60609436035156,102.71996307373047,80.92462158203125,17095.171875
data/datasets/O+/cluster_6_1222.BMP,96,103,39690,138.3018798828125,108.77011108398438,92.3913345336914,18545.6328125
data/datasets/O+/cluster_6_1225.BMP,96,103,39690,143.60528564453125,108.8546142578125,92.3404541015625,19068.154296875
data/datasets/O+/cluster_6_125.BMP,96,103,39690,152.1087188720703,103.51326751708984,91.2751235961914,18526.72265625
data/datasets/O+/cluster_6_1252.BMP,96,103,39690,167.91383361816406,100.74542236328125,92.42525482177734,16635.513671875
data/datasets/O+/cluster_6_126.BMP,96,103,39690,142.410400390625,105.1219482421875,92.43404388427734,13278.123046875
data/datasets/O+/cluster_6_1264.BMP,96,103,39690,152.48817443847656,101.51354217529297,90.91519927978516,19967.66796875
data/datasets/O+/cluster_6_1265.BMP,96,103,39690,132.0447998046875,105.14615631103516,92.43215942382812,12239.830078125
data/datasets/O+/cluster_6_1266.BMP,96,103,39690,133.89219665527344,109.49690246582031,92.35176086425781,16681.361328125
data/datasets/O+/cluster_6_1272.BMP,96,103,39690,142.36134338378906,107.4807357788086,85.78141021728516,18584.3984375
data/datasets/O+/cluster_6_1279.BMP,96,103,39690,138.3095703125,104.98069763183594,90.77826690673828,22139.06640625
data/datasets/O+/cluster_6_1282.BMP,96,103,39690,126.7571792602539,108.71810913085938,89.37123107910156,17131.412109375
data/datasets/O+/cluster_6_1290.BMP,96,103,39690,146.37864685058594,91.1548080444336,90.26696014404297,10964.009765625
data/datasets/O+/cluster_6_1295.BMP,96,103,39690,110.62722778320312,109.60706329345703,86.96607971191406,14268.5791015625
data/datasets/O+/cluster_6_13.BMP,96,103,39690,150.79803466796875,107.19642639160156,89.09547424316406,17829.32421875
data/datasets/O+/cluster_6_1301.BMP,96,103,39690,117.95428466796875,107.18621826171875,91.17964935302734,16709.00390625
data/datasets/O+/cluster_6_1310.BMP,96,103,39690,129.60791015625,106.51911926269531,86.6601791381836,23666.6015625
data/datasets/O+/cluster_6_1319.BMP,96,103,39690,119.4261703491211,111.24554443359375,92.41583251953125,16624.34375
data/datasets/O+/cluster_6_1322.BMP,96,103,39690,149.558349609375,104.33585357666016,91.27198791503906,16972.15625
data/datasets/O+/cluster_6_1326.BMP,96,103,39690,140.37904357910156,103.11445617675781,86.11495208740234,17433.359375
data/datasets/O+/cluster_6_1329.BMP,96,103,39690,123.78944396972656,109.20130157470703,92.43341827392578,15863.599609375
data/datasets/O+/cluster_6_1333.BMP,96,103,39690,138.86964416503906,106.70857238769531,90.18153381347656,22504.42578125
data/datasets/O+/cluster_6_1337.BMP,96,103,39690,170.25576782226562,105.99712371826172,92.40326690673828,17146.890625
data/datasets/O+/cluster_6_1340.BMP,96,103,39690,132.1648406982422,109.84014129638672,92.40389251708984,22006.2421875
data/datasets/O+/cluster_6_1345.BMP,96,103,39690,140.60638427734375,107.693359375,92.42337036132812,13460.77734375
data/datasets/O+/cluster_6_1349.BMP,96,103,39690,133.74595642089844,111.73548126220703,92.4214859008789,13333.6982421875
data/datasets/O+/cluster_6_1365.BMP,96,103,39690,137.31320190429688,109.95861053466797,92.42713928222656,17775.00390625
data/datasets/O+/cluster_6_1369.BMP,96,103,39690,126.51911163330078,109.78246307373047,90.86054992675781,17915.78125
data/datasets/O+/cluster_6_137.BMP,96,103,39690,150.97947692871094,105.66011047363281,89.189697265625,22445.474609375
data/datasets/O+/cluster_6_1373.BMP,96,103,39690,142.7762908935547,99.19807434082031,92.4258804321289,12412.4150390625
data/datasets/O+/cluster_6_1376.BMP,96,103,39690,125.47431182861328,109.56267547607422,86.42273712158203,24051.26171875
data/datasets/O+/cluster_6_1377.BMP,96,103,39690,150.18487548828125,102.50257110595703,89.50439453125,19589.875
data/datasets/O+/cluster_6_1378.BMP,96,103,39690,149.36245727539062,106.49118041992188,84.05967712402344,22418.83984375
data/datasets/O+/cluster_6_1384.BMP,96,103,39690,128.62216186523438,108.71389770507812,90.689697265625,16193.072265625
data/datasets/O+/cluster_6_1387.BMP,96,103,39690,160.74929809570312,98.70338439941406,91.36431884765625,14062.435546875
data/datasets/O+/cluster_6_1390.BMP,96,103,39690,152.50131225585938,99.45536804199219,87.70854187011719,20161.34375
data/datasets/O+/cluster_6_1393.BMP,96,103,39690,134.4824981689453,111.1712417602539,92.17399597167969,18349.27734375
data/datasets/O+/cluster_6_1405.BMP,96,103,39690,148.94781494140625,105.92214965820312,89.14823913574219,24116.49609375
data/datasets/O+/cluster_6_1413.BMP,96,103,39690,156.8852081298828,106.4278793334961,87.66708374023438,22838.921875
data/datasets/O+/cluster_6_1433.BMP,96,103,39690,127.82443237304688,107.39655303955078,87.40577697753906,22784.56640625
data/datasets/O+/cluster_6_144.BMP,96,103,39690,162.35821533203125,105.6864242553711,92.15138244628906,15923.546875
data/datasets/O+/cluster_6_1442.BMP,96,103,39690,184.08929443359375,97.78144836425781,91.57977294921875,16350.67578125
data/datasets/O+/cluster_6_1456.BMP,96,103,39690,134.6896209716797,102.44134521484375,92.33165740966797,15480.5546875
data/datasets/O+/cluster_6_1457.BMP,96,103,39690,137.2504119873047,107.60739135742188,91.63693237304688,18187.595703125
data/datasets/O+/cluster_6_146.BMP,96,103,39690,147.4583282470703,106.0088882446289,90.435302734375,23881.8671875
data/datasets/O+/cluster_6_1463.BMP,96,103,39690,147.80885314941406,106.24480438232422,90.24937438964844,23685.1953125
data/datasets/O+/cluster_6_1465.BMP,96,103,39690,184.04490661621094,94.41458129882812,91.59422302246094,14920.1953125
data/datasets/O+/cluster_6_1476.BMP,96,103,39690,170.74949645996094,96.24472045898438,87.97235870361328,20425.32421875
data/datasets/O+/cluster_6_1481.BMP,96,103,39690,150.18922424316406,103.99549865722656,92.02952575683594,21657.89453125
data/datasets/O+/cluster_6_1482.BMP,96,103,39690,125.35871887207031,106.35255432128906,91.24874114990234,17322.505859375
data/datasets/O+/cluster_6_1486.BMP,96,103,39690,123.38875579833984,108.56221008300781,91.79585266113281,17154.25
data/datasets/O+/cluster_6_1491.BMP,96,103,39690,118.21561431884766,106.64976501464844,84.37248992919922,19601.537109375
data/datasets/O+/cluster_6_1492.BMP,96,103,39690,129.08221435546875,108.01229095458984,91.08668518066406,14694.958984375
data/datasets/O+/cluster_6_150.BMP,96,103,39690,156.78782653808594,91.4232406616211,92.43404388427734,7862.525390625
data/datasets/O+/cluster_6_1501.BMP,96,103,39690,130.31158447265625,110.1447982788086,92.38756561279297,20835.85546875
data/datasets/O+/cluster_6_1503.BMP,241,298,215890,122.13356018066406,102.77287292480469,155.0618438720703,4398.10400390625
data/datasets/O+/cluster_6_1515.BMP,96,103,39690,123.1797103881836,107.30262756347656,92.3800277709961,21332.236328125
data/datasets/O+/cluster_6_1527.BMP,96,103,39690,158.25323486328125,104.33643341064453,89.51256561279297,20002.50390625
data/datasets/O+/cluster_6_1528.BMP,96,103,39690,133.36691284179688,105.16340637207031,92.40452575683594,15149.033203125
data/datasets/O+/cluster_6_1530.BMP,96,103,39690,123.33434295654297,109.03365325927734,92.39384460449219,18236.7734375
data/datasets/O+/cluster_6_1540.BMP,96,103,39690,159.51719665527344,105.14598083496094,87.07914733886719,18099.27734375
data/datasets/O+/cluster_6_1549.BMP,96,103,39690,111.51597595214844,105.93321228027344,91.46231079101562,18878.90625
data/datasets/O+/cluster_6_1555.BMP,96,103,39690,126.78498840332031,111.98467254638672,91.48680877685547,19578.771484375
data/datasets/O+/cluster_6_1556.BMP,96,103,39690,108.4836196899414,105.49201965332031,92.18467712402344,19432.4765625
data/datasets/O+/cluster_6_1576.BMP,96,103,39690,167.48452758789062,104.1273193359375,88.5904541015625,18170.833984375
data/datasets/O+/cluster_6_1587.BMP,96,103,39690,127.38015747070312,102.78780364990234,88.66834259033203,20079.82421875
data/datasets/O+/cluster_6_1609.BMP,96,103,39690,147.32797241210938,107.47496032714844,92.20288848876953,20515.619140625
data/datasets/O+/cluster_6_161.BMP,96,103,39690,59.600830078125,86.49575805664062,81.56784057617188,11564.5859375
data/datasets/O+/cluster_6_1616.BMP,96,103,39690,154.90260314941406,93.65998077392578,90.9214859008789,12419.5107421875
data/datasets/O+/cluster_6_1619.BMP,96,103,39690,140.39370727539062,92.44942474365234,88.47047424316406,10759.0693359375
data/datasets/O+/cluster_6_1620.BMP,96,103,39690,120.97886657714844,110.28837585449219,92.42462158203125,18315.76171875
data/datasets/O+/cluster_6_163.BMP,96,103,39690,129.06735229492188,109.65161895751953,91.85741424560547,17758.802734375
data/datasets/O+/cluster_6_1633.BMP,96,103,39690,144.53640747070312,101.30020141601562,90.39698791503906,16181.2041015625
data/datasets/O+/cluster_6_1644.BMP,96,103,39690,136.14663696289062,104.2650375366211,90.31218719482422,23315.44140625
data/datasets/O+/cluster_6_1653.BMP,96,103,39690,142.26870727539062,103.38091278076172,91.41708374023438,22313.861328125
data/datasets/O+/cluster_6_166.BMP,96,103,39690,165.280029296875,85.82853698730469,92.43404388427734,6630.62890625
data/datasets/O+/cluster_6_1665.BMP,96,103,39690,137.53549194335938,111.06902313232422,92.19786071777344,17786.4296875
data/datasets/O+/cluster_6_1670.BMP,96,103,39690,151.18092346191406,101.23253631591797,83.99434661865234,16019.0498046875
data/datasets/O+/cluster_6_1671.BMP,96,103,39690,136.54823303222656,102.83572387695312,92.41143035888672,11939.263671875
data/datasets/O+/cluster_6_1673.BMP,96,103,39690,158.42111206054688,92.1181640625,89.63756561279297,11628.0791015625
data/datasets/O+/cluster_6_1675.BMP,96,103,39690,160.05067443847656,106.35309600830078,89.04585266113281,21028.828125
data/datasets/O+/cluster_6_1689.BMP,96,103,39690,140.3010711669922,108.9403305053711,92.43404388427734,16718.19921875
data/datasets/O+/cluster_6_1690.BMP,96,103,39690,155.13946533203125,105.45170593261719,92.36431884765625,21807.03515625
data/datasets/O+/cluster_6_1698.BMP,96,103,39690,127.13248443603516,106.6238021850586,90.01319122314453,18550.693359375
data/datasets/O+/cluster_6_1700.BMP,96,103,39690,100.54025268554688,106.2699966430664,90.70414733886719,16709.4765625
data/datasets/O+/cluster_6_1704.BMP,96,103,39690,161.68588256835938,102.74993133544922,91.53392028808594,19572.484375
data/datasets/O+/cluster_6_1714.BMP,96,103,39690,152.36630249023438,107.82830810546875,92.33354187011719,16607.443359375
data/datasets/O+/cluster_6_1726.BMP,96,103,39690,133.11044311523438,105.35659790039062,90.72738647460938,19934.046875
data/datasets/O+/cluster_6_1731.BMP,96,103,39690,135.79733276367188,112.51049041748047,92.20854187011719,17069.21875
data/datasets/O+/cluster_6_1741.BMP,96,103,39690,110.56725311279297,105.024169921875,89.29711151123047,19017.8359375
data/datasets/O+/cluster_6_1762.BMP,96,103,39690,114.0930404663086,102.98384857177734,81.29460144042969,25564.798828125
data/datasets/O+/cluster_6_1764.BMP,96,103,39690,120.84354400634766,107.4633560180664,91.02387237548828,20091.23046875
data/datasets/O+/cluster_6_1768.BMP,96,103,39690,124.29753112792969,109.58750915527344,92.22864532470703,18876.109375
data/datasets/O+/cluster_6_1778.BMP,96,103,39690,134.1328887939453,111.55876922607422,92.35741424560547,19408.390625
data/datasets/O+/cluster_6_1784.BMP,96,103,39690,120.41161346435547,109.37035369873047,92.4189682006836,18143.517578125
data/datasets/O+/cluster_6_1787.BMP,96,103,39690,159.02467346191406,103.0570068359375,91.23806762695312,20022.099609375
data/datasets/O+/cluster_6_1793.BMP,96,103,39690,146.01324462890625,93.80558013916016,89.25062561035156,12443.5703125
data/datasets/O+/cluster_6_1797.BMP,96,103,39690,111.2082290649414,107.24317169189453,82.25188446044922,20872.109375
data/datasets/O+/cluster_6_181.BMP,96,103,39690,148.60983276367188,106.59027099609375,92.41268920898438,17585.87109375
data/datasets/O+/cluster_6_1811.BMP,96,103,39690,142.31320190429688,104.6376953125,91.91583251953125,19585.58203125
data/datasets/O+/cluster_6_1828.BMP,96,103,39690,123.60477447509766,78.08014678955078,82.75879669189453,7114.1953125
data/datasets/O+/cluster_6_1842.BMP,96,103,39690,119.51587677001953,87.30990600585938,87.88379669189453,9171.7333984375
data/datasets/O+/cluster_6_1868.BMP,96,103,39690,123.92060852050781,107.33975219726562,86.12814331054688,19741.212890625
data/datasets/O+/cluster_6_1869.BMP,96,103,39690,125.7571792602539,96.26718139648438,88.80339050292969,10059.341796875
data/datasets/O+/cluster_6_1871.BMP,96,103,39690,150.33767700195312,108.278564453125,91.7148208618164,15702.65625
data/datasets/O+/cluster_6_1877.BMP,96,103,39690,136.39886474609375,102.63048553466797,88.43718719482422,15507.59375
data/datasets/O+/cluster_6_1889.BMP,96,103,39690,117.65513610839844,108.63324737548828,91.8285140991211,17230.3828125
data/datasets/O+/cluster_6_1890.BMP,96,103,39690,110.01183319091797,104.83438110351562,84.35050201416016,19916.57421875
data/datasets/O+/cluster_6_1900.BMP,96,103,39690,161.22805786132812,103.14927673339844,92.060302734375,16286.75
data/datasets/O+/cluster_6_1908.BMP,96,103,39690,132.02386474609375,110.3801498413086,92.2851791381836,22218.205078125
data/datasets/O+/cluster_6_1915.BMP,96,103,39690,148.06007385253906,103.86122131347656,92.42273712158203,16369.8125
data/datasets/O+/cluster_6_192.BMP,96,103,39690,163.80096435546875,108.36518096923828,92.41708374023438,14795.900390625
data/datasets/O+/cluster_6_1937.BMP,96,103,39690,133.45327758789062,109.13117980957031,92.35992431640625,20065.025390625
data/datasets/O+/cluster_6_1951.BMP,96,103,39690,118.8125991821289,105.04586791992188,87.06218719482422,21457.4375
data/datasets/O+/cluster_6_1960.BMP,96,103,39690,146.712890625,108.29511260986328,92.42525482177734,15640.69921875
data/datasets/O+/cluster_6_1968.BMP,96,103,39690,177.5618896484375,95.31259155273438,90.33228302001953,14939.80859375
data/datasets/O+/cluster_6_1981.BMP,96,103,39690,147.86317443847656,90.12017059326172,92.43404388427734,8395.396484375
data/datasets/O+/cluster_6_1984.BMP,96,103,39690,122.41039276123047,103.75064086914062,85.75125885009766,18697.220703125
data/datasets/O+/cluster_6_1987.BMP,96,103,39690,68.7955093383789,97.2713851928711,78.61431884765625,9350.2216796875
data/datasets/O+/cluster_6_1991.BMP,96,103,39690,170.532470703125,103.6566390991211,90.35992431640625,17396.73046875
data/datasets/O+/cluster_6_1995.BMP,96,103,39690,139.0504608154297,105.71900939941406,92.26319122314453,19573.2265625
data/datasets/O+/cluster_6_1996.BMP,96,103,39690,147.17303466796875,98.95567321777344,86.98869323730469,14962.935546875
data/datasets/O+/cluster_6_1999.BMP,96,103,39690,148.8258514404297,107.08563232421875,90.07097625732422,19062.015625
data/datasets/O+/cluster_6_2003.BMP,96,103,39690,131.8289794921875,108.06398010253906,87.069091796875,19167.46875
data/datasets/O+/cluster_6_2009.BMP,96,103,39690,157.3657989501953,106.243896484375,92.10678100585938,15201.322265625
data/datasets/O+/cluster_6_2020.BMP,96,103,39690,152.6287384033203,103.52208709716797,88.58291625976562,16636.06640625
data/datasets/O+/cluster_6_2031.BMP,96,103,39690,163.93295288085938,101.59394836425781,90.13568115234375,20737.00390625
data/datasets/O+/cluster_6_2054.BMP,96,103,39690,152.67567443847656,109.70604705810547,92.36369323730469,16771.25
data/datasets/O+/cluster_6_206.BMP,96,103,39690,112.7742691040039,107.02771759033203,82.80841827392578,19134.171875
data/datasets/O+/cluster_6_2070.BMP,96,103,39690,122.51021575927734,104.28128051757812,90.62123107910156,18736.900390625
data/datasets/O+/cluster_6_2074.BMP,96,103,39690,159.79945373535156,99.33233642578125,91.32537841796875,17387.69921875
data/datasets/O+/cluster_6_2078.BMP,96,103,39690,170.166259765625,94.40760803222656,92.42839050292969,13142.7890625
data/datasets/O+/cluster_6_2080.BMP,96,103,39690,165.2691192626953,98.56590270996094,89.81658172607422,16949.953125
data/datasets/O+/cluster_6_2090.BMP,96,103,39690,123.40180206298828,108.64064025878906,91.82726287841797,16736.03125
data/datasets/O+/cluster_6_2096.BMP,96,103,39690,138.98280334472656,110.45915985107422,92.39384460449219,18219.30078125
data/datasets/O+/cluster_6_2112.BMP,96,103,39690,145.31927490234375,108.30841064453125,91.98931884765625,16743.283203125
data/datasets/O+/cluster_6_212.BMP,96,103,39690,145.958740234375,108.58870697021484,92.37123107910156,18725.90625
data/datasets/O+/cluster_6_2123.BMP,96,103,39690,114.31705474853516,106.61991119384766,81.76193237304688,19711.240234375
data/datasets/O+/cluster_6_2130.BMP,96,103,39690,141.4595489501953,104.30528259277344,89.15389251708984,17813.328125
data/datasets/O+/cluster_6_2131.BMP,96,103,39690,150.2820587158203,105.70845031738281,92.4145736694336,19685.294921875
data/datasets/O+/cluster_6_2137.BMP,96,103,39690,160.5864715576172,104.91061401367188,91.99874114990234,20456.50390625
data/datasets/O+/cluster_6_2149.BMP,96,103,39690,149.48544311523438,104.45718383789062,85.87437438964844,19763.76953125
data/datasets/O+/cluster_6_2154.BMP,96,103,39690,141.26254272460938,107.71519470214844,91.41834259033203,18789.892578125
data/datasets/O+/cluster_6_2158.BMP,96,103,39690,128.0108184814453,105.07183074951172,85.71356964111328,22664.015625
data/datasets/O+/cluster_6_2165.BMP,96,103,39690,141.53094482421875,107.8825454711914,92.41834259033203,18517.115234375
data/datasets/O+/cluster_6_2167.BMP,96,103,39690,122.67273712158203,106.20980072021484,89.26130676269531,18908.33203125
data/datasets/O+/cluster_6_2169.BMP,96,103,39690,176.59324645996094,95.4730453491211,91.74308776855469,13376.0576171875
data/datasets/O+/cluster_6_2177.BMP,96,103,39690,136.82777404785156,110.48190307617188,92.27387237548828,19381.37109375
data/datasets/O+/cluster_6_2185.BMP,96,103,39690,143.99888610839844,107.88548278808594,92.3888168334961,20424.57421875
data/datasets/O+/cluster_6_2190.BMP,96,103,39690,156.85740661621094,104.23030853271484,91.70728302001953,14186.8046875
data/datasets/O+/cluster_6_2198.BMP,96,103,39690,178.96531677246094,89.59490966796875,92.43404388427734,7991.47802734375
data/datasets/O+/cluster_6_2226.BMP,96,103,39690,137.69781494140625,109.02230834960938,89.92902374267578,20551.0859375
data/datasets/O+/cluster_6_2236.BMP,96,103,39690,140.23199462890625,103.66963958740234,85.65829467773438,23918.203125
data/datasets/O+/cluster_6_2244.BMP,96,103,39690,118.38966369628906,102.89969635009766,92.43404388427734,16272.6533203125
data/datasets/O+/cluster_6_2249.BMP,96,103,39690,126.1726303100586,105.06172180175781,86.97612762451172,23262.341796875
data/datasets/O+/cluster_6_2252.BMP,96,103,39690,122.97198486328125,106.86988067626953,92.31281280517578,20847.2578125
data/datasets/O+/cluster_6_2265.BMP,96,103,39690,133.45469665527344,104.39961242675781,90.48178100585938,20207.4921875
data/datasets/O+/cluster_6_2278.BMP,96,103,39690,148.05087280273438,108.85298919677734,92.41583251953125,19996.638671875
data/datasets/O+/cluster_6_2281.BMP,96,103,39690,152.19346618652344,81.89739990234375,87.52198791503906,8918.2822265625
data/datasets/O+/cluster_6_2283.BMP,96,103,39690,140.61114501953125,93.99761962890625,87.66143035888672,11210.138671875
data/datasets/O+/cluster_6_2285.BMP,96,103,39690,127.30016326904297,109.79576873779297,92.41834259033203,15676.884765625
data/datasets/O+/cluster_6_2288.BMP,96,103,39690,111.96480560302734,108.84115600585938,86.33039855957031,17312.744140625
data/datasets/O+/cluster_6_229.BMP,96,103,39690,135.48887634277344,110.23429870605469,87.57286071777344,18422.34375
data/datasets/O+/cluster_6_2291.BMP,96,103,39690,165.2721405029297,104.45347595214844,91.05779266357422,21781.224609375
data/datasets/O+/cluster_6_2296.BMP,96,103,39690,147.2969207763672,103.29606628417969,87.30402374267578,20941.20703125
data/datasets/O+/cluster_6_2299.BMP,96,103,39690,159.44558715820312,105.0873031616211,90.56658172607422,20905.740234375
data/datasets/O+/cluster_6_230.BMP,96,103,39690,126.03873443603516,110.2632827758789,92.42022705078125,18189.716796875
data/datasets/O+/cluster_6_2310.BMP,96,103,39690,114.40786743164062,105.15807342529297,84.65829467773438,16775.416015625
data/datasets/O+/cluster_6_2330.BMP,96,103,39690,120.1121597290039,106.88446044921875,82.98429870605469,21218.921875
data/datasets/O+/cluster_6_2340.BMP,96,103,39690,145.11306762695312,109.14885711669922,85.84233856201172,19600.2421875
data/datasets/O+/cluster_6_2342.BMP,96,103,39690,129.50616455078125,106.685791015625,88.43279266357422,21954.783203125
data/datasets/O+/cluster_6_2346.BMP,96,103,39690,134.0031280517578,107.44129943847656,92.3354263305664,15434.302734375
data/datasets/O+/cluster_6_2349.BMP,96,103,39690,105.86812591552734,109.71812438964844,92.33291625976562,14232.0517578125
data/datasets/O+/cluster_6_2351.BMP,96,103,39690,136.65139770507812,101.60115051269531,92.41080474853516,11870.435546875
data/datasets/O+/cluster_6_2353.BMP,96,103,39690,113.70489501953125,104.18644714355469,88.56595611572266,20430.91796875
data/datasets/O+/cluster_6_2359.BMP,96,103,39690,116.76921844482422,104.330322265625,87.13065338134766,19111.759765625
data/datasets/O+/cluster_6_2360.BMP,96,103,39690,118.58889770507812,102.39826202392578,86.38819122314453,16168.201171875
data/datasets/O+/cluster_6_2361.BMP,96,103,39690,125.28984832763672,107.09825134277344,87.51130676269531,18559.490234375
data/datasets/O+/cluster_6_2365.BMP,96,103,39690,138.70994567871094,86.9263916015625,87.08793640136719,11770.2763671875
data/datasets/O+/cluster_6_2366.BMP,96,103,39690,127.68446350097656,110.90131378173828,92.36243438720703,19684.0390625
data/datasets/O+/cluster_6_2384.BMP,96,103,39690,162.45358276367188,94.8062973022461,92.43404388427734,13102.2041015625
data/datasets/O+/cluster_6_2385.BMP,96,103,39690,128.68760681152344,110.23231506347656,92.30402374267578,17385.15625
data/datasets/O+/cluster_6_2393.BMP,96,103,39690,166.0447998046875,101.00151062011719,92.4189682006836,18615.52734375
data/datasets/O+/cluster_6_2402.BMP,96,103,39690,144.86691284179688,101.66737365722656,91.1947250366211,23133.271484375
data/datasets/O+/cluster_6_2404.BMP,96,103,39690,140.26577758789062,108.7715072631836,92.41834259033203,20112.931640625
data/datasets/O+/cluster_6_2406.BMP,96,103,39690,98.33454895019531,105.43357849121094,91.99120330810547,16034.0703125
data/datasets/O+/cluster_6_2408.BMP,96,103,39690,163.66090393066406,102.6882095336914,88.78141021728516,14712.70703125
data/datasets/O+/cluster_6_2424.BMP,96,103,39690,150.78054809570312,104.00648498535156,88.41960144042969,17067.3515625
data/datasets/O+/cluster_6_2425.BMP,96,103,39690,123.3053207397461,111.65423583984375,92.42337036132812,14493.48046875
data/datasets/O+/cluster_6_2428.BMP,96,103,39690,159.22633361816406,101.39266204833984,92.10678100585938,18095.55859375
data/datasets/O+/cluster_6_2431.BMP,96,103,39690,116.61599731445312,108.31391906738281,83.5050277709961,22276.78515625
data/datasets/O+/cluster_6_2435.BMP,96,103,39690,143.39825439453125,105.84211730957031,92.42839050292969,23752.3984375
data/datasets/O+/cluster_6_2449.BMP,96,103,39690,126.55724334716797,109.11868286132812,90.87625885009766,16980.193359375
data/datasets/O+/cluster_6_245.BMP,96,103,39690,136.87408447265625,105.61588287353516,87.75439453125,21909.609375
data/datasets/O+/cluster_6_2451.BMP,96,103,39690,146.2747802734375,104.2864761352539,91.85050201416016,15889.666015625
data/datasets/O+/cluster_6_2460.BMP,96,103,39690,131.13328552246094,107.05662536621094,85.65389251708984,14425.16796875
data/datasets/O+/cluster_6_2467.BMP,96,103,39690,159.49545288085938,104.10140228271484,92.4214859008789,14979.556640625
data/datasets/O+/cluster_6_2473.BMP,96,103,39690,110.46986389160156,107.64458465576172,81.80276489257812,18745.4140625
data/datasets/O+/cluster_6_249.BMP,96,103,39690,140.6556396484375,106.2970962524414,89.08793640136719,18827.47265625
data/datasets/O+/cluster_6_2500.BMP,96,103,39690,125.22279357910156,107.59393310546875,92.43404388427734,20611.0234375
data/datasets/O+/cluster_6_2502.BMP,96,103,39690,141.620849609375,91.78763580322266,92.43404388427734,9140.916015625
data/datasets/O+/cluster_6_2503.BMP,96,103,39690,131.896240234375,105.67327117919922,89.59673309326172,21292.8125
data/datasets/O+/cluster_6_2514.BMP,96,103,39690,145.56027221679688,110.1563491821289,92.42713928222656,17785.931640625
data/datasets/O+/cluster_6_2519.BMP,96,103,39690,145.3118896484375,104.72154235839844,90.79962158203125,25108.923828125
data/datasets/O+/cluster_6_252.BMP,96,103,39690,137.71409606933594,108.2719955444336,91.62248992919922,15932.125
data/datasets/O+/cluster_6_2520.BMP,96,103,39690,135.0227508544922,88.45092010498047,92.34861755371094,9362.6650390625
data/datasets/O+/cluster_6_2521.BMP,96,103,39690,114.61943817138672,104.6158218383789,91.86180877685547,20396.85546875
data/datasets/O+/cluster_6_2524.BMP,96,103,39690,157.75343322753906,101.56985473632812,92.42399597167969,18645.728515625
data/datasets/O+/cluster_6_2526.BMP,96,103,39690,149.93992614746094,90.89733123779297,92.27638244628906,11543.26953125
data/datasets/O+/cluster_6_2537.BMP,96,103,39690,115.1669692993164,104.80543518066406,84.01193237304688,18889.83984375
data/datasets/O+/cluster_6_2545.BMP,96,103,39690,128.69650268554688,109.32270812988281,83.1947250366211,20527.119140625
data/datasets/O+/cluster_6_2548.BMP,96,103,39690,142.16343688964844,105.81884002685547,92.430908203125,19555.447265625
data/datasets/O+/cluster_6_2550.BMP,96,103,39690,144.94215393066406,92.89140319824219,89.77638244628906,12553.0634765625
data/datasets/O+/cluster_6_2551.BMP,96,103,39690,129.237060546875,109.66353607177734,92.13630676269531,18084.66796875
data/datasets/O+/cluster_6_2555.BMP,96,103,39690,140.2366485595703,107.54866027832031,81.18404388427734,20410.953125
data/datasets/O+/cluster_6_2566.BMP,96,103,39690,164.1004180908203,104.1218032836914,91.9949722290039,20202.75390625
data/datasets/O+/cluster_6_2578.BMP,96,103,39690,134.4672393798828,105.5208969116211,85.35552978515625,23928.30859375
data/datasets/O+/cluster_6_2586.BMP,96,103,39690,138.57696533203125,107.30570983886719,92.1601791381836,17954.28125
data/datasets/O+/cluster_6_2591.BMP,96,103,39690,153.0577392578125,102.93061828613281,90.310302734375,18281.22265625
data/datasets/O+/cluster_6_2595.BMP,96,103,39690,128.6770782470703,108.71407318115234,81.85112762451172,17972.4296875
data/datasets/O+/cluster_6_2617.BMP,96,103,39690,140.2152099609375,100.39865112304688,90.93718719482422,13256.400390625
data/datasets/O+/cluster_6_2629.BMP,96,103,39690,153.25192260742188,103.03180694580078,91.99874114990234,16644.591796875
data/datasets/O+/cluster_6_2630.BMP,96,103,39690,109.50758361816406,104.70955657958984,90.22738647460938,15029.482421875
data/datasets/O+/cluster_6_2631.BMP,96,103,39690,159.56907653808594,102.87512969970703,91.24748992919922,20970.873046875
data/datasets/O+/cluster_6_2635.BMP,96,103,39690,129.8218994140625,107.79756164550781,87.11243438720703,17723.169921875
data/datasets/O+/cluster_6_2637.BMP,96,103,39690,103.77507781982422,104.9075927734375,92.42399597167969,16184.7841796875
data/datasets/O+/cluster_6_2639.BMP,96,103,39690,143.2614288330078,107.55278778076172,86.50753784179688,25821.36328125
data/datasets/O+/cluster_6_2644.BMP,96,103,39690,126.07787322998047,105.64801788330078,91.65452575683594,19811.171875
data/datasets/O+/cluster_6_2651.BMP,96,103,39690,175.13815307617188,96.79243469238281,87.05025482177734,15384.8505859375
data/datasets/O+/cluster_6_2660.BMP,96,103,39690,139.2547607421875,109.75602722167969,92.13065338134766,20388.662109375
data/datasets/O+/cluster_6_2668.BMP,96,103,39690,158.0964813232422,89.4703598022461,88.28580474853516,11701.265625
data/datasets/O+/cluster_6_267.BMP,96,103,39690,140.5941619873047,108.18624877929688,91.85552978515625,17329.666015625
data/datasets/O+/cluster_6_2674.BMP,96,103,39690,167.3771209716797,97.14032745361328,87.09422302246094,17572.142578125
data/datasets/O+/cluster_6_2677.BMP,96,103,39690,144.04429626464844,104.98577117919922,89.19974517822266,20683.20703125
data/datasets/O+/cluster_6_2683.BMP,96,103,39690,134.04864501953125,100.46590423583984,92.43404388427734,12955.259765625
data/datasets/O+/cluster_6_2692.BMP,96,103,39690,167.15341186523438,103.32925415039062,92.43341827392578,17444.359375
data/datasets/O+/cluster_6_2695.BMP,96,103,39690,112.86528778076172,111.21256256103516,92.42273712158203,14647.197265625
data/datasets/O+/cluster_6_2696.BMP,96,103,39690,131.77943420410156,107.55831146240234,92.37814331054688,19311.09765625
data/datasets/O+/cluster_6_2708.BMP,96,103,39690,142.71389770507812,106.62092590332031,92.42964935302734,16981.697265625
data/datasets/O+/cluster_6_2710.BMP,96,103,39690,123.87641906738281,103.06595611572266,91.01947021484375,18965.646484375
data/datasets/O+/cluster_6_2721.BMP,96,103,39690,116.2876205444336,110.16731262207031,87.27700805664062,18727.88671875
data/datasets/O+/cluster_6_2733.BMP,96,103,39690,141.12388610839844,106.40982055664062,90.61431884765625,15699.615234375
data/datasets/O+/cluster_6_2735.BMP,96,103,39690,95.43365478515625,106.21430206298828,92.08605194091797,17192.08984375
data/datasets/O+/cluster_6_2744.BMP,96,103,39690,109.38177490234375,101.54265594482422,87.23052978515625,21094.203125
data/datasets/O+/cluster_6_2748.BMP,96,103,39690,104.3372802734375,103.79524993896484,84.29837036132812,18310.283203125
data/datasets/O+/cluster_6_2749.BMP,96,103,39690,152.17434692382812,101.81885528564453,87.19535064697266,16811.736328125
data/datasets/O+/cluster_6_2755.BMP,96,103,39690,159.6041717529297,104.8624038696289,91.86683654785156,20356.73046875
data/datasets/O+/cluster_6_2769.BMP,96,103,39690,152.81320190429688,104.23353576660156,90.62374114990234,18472.859375
data/datasets/O+/cluster_6_2770.BMP,96,103,39690,134.5021209716797,107.47605895996094,88.49748992919922,13021.4609375
data/datasets/O+/cluster_6_2783.BMP,96,103,39690,163.93649291992188,104.4258041381836,92.4095458984375,23092.763671875
data/datasets/O+/cluster_6_2786.BMP,96,103,39690,118.58353424072266,104.74690246582031,87.80779266357422,19737.439453125
data/datasets/O+/cluster_6_279.BMP,96,103,39690,135.6860809326172,93.24962615966797,90.24183654785156,13326.0654296875
data/datasets/O+/cluster_6_2806.BMP,96,103,39690,120.67708587646484,104.27079010009766,91.74120330810547,24638.98046875
data/datasets/O+/cluster_6_2810.BMP,96,103,39690,132.7985382080078,107.07808685302734,88.53580474853516,20937.728515625
data/datasets/O+/cluster_6_2811.BMP,96,103,39690,135.01051330566406,107.88495635986328,91.32977294921875,17085.40234375
data/datasets/O+/cluster_6_2813.BMP,96,103,39690,133.64117431640625,94.78915405273438,86.27638244628906,11835.15234375
data/datasets/O+/cluster_6_2817.BMP,96,103,39690,140.9895782470703,108.4530258178711,92.43404388427734,19583.078125
data/datasets/O+/cluster_6_2819.BMP,96,103,39690,143.56857299804688,103.6062240600586,91.51004791259766,22118.06640625
data/datasets/O+/cluster_6_2839.BMP,96,103,39690,158.85690307617188,106.18089294433594,92.42776489257812,13449.84765625
data/datasets/O+/cluster_6_2844.BMP,96,103,39690,120.44892883300781,107.50062561035156,86.0785140991211,20958.79296875
data/datasets/O+/cluster_6_2851.BMP,96,103,39690,170.40847778320312,101.93391418457031,92.15200805664062,17172.39453125
data/datasets/O+/cluster_6_2857.BMP,96,103,39690,139.069580078125,106.66431427001953,88.56218719482422,20421.541015625
data/datasets/O+/cluster_6_2858.BMP,96,103,39690,119.492919921875,105.11611938476562,91.13693237304688,19472.28515625
data/datasets/O+/cluster_6_2863.BMP,96,103,39690,161.58950805664062,101.96946716308594,92.23743438720703,16681.98828125
data/datasets/O+/cluster_6_2865.BMP,96,103,39690,158.7977294921875,102.5423583984375,92.32662963867188,18537.201171875
data/datasets/O+/cluster_6_2874.BMP,96,103,39690,141.94508361816406,105.37250518798828,88.15766143798828,24516.27734375
data/datasets/O+/cluster_6_2892.BMP,241,298,215890,139.7337646484375,109.4638442993164,168.83859252929688,5183.625
data/datasets/O+/cluster_6_2897.BMP,96,103,39690,122.45661163330078,109.17202758789062,87.09296417236328,18968.46484375
data/datasets/O+/cluster_6_29.BMP,96,103,39690,147.7464599609375,104.70764923095703,91.46356964111328,19739.384765625
data/datasets/O+/cluster_6_2903.BMP,96,103,39690,139.5717010498047,107.91612243652344,92.430908203125,19392.8125
data/datasets/O+/cluster_6_2918.BMP,96,103,39690,157.27386474609375,104.41374969482422,92.24434661865234,17931.462890625
data/datasets/O+/cluster_6_2924.BMP,96,103,39690,144.6147918701172,106.49161529541016,82.68153381347656,22698.986328125
data/datasets/O+/cluster_6_2928.BMP,96,103,39690,144.55157470703125,104.40118408203125,90.65892028808594,17910.2421875
data/datasets/O+/cluster_6_2941.BMP,96,103,39690,139.95611572265625,108.57301330566406,89.4535140991211,21080.2734375
data/datasets/O+/cluster_6_2945.BMP,96,103,39690,149.205810546875,104.86084747314453,88.54334259033203,19428.8984375
data/datasets/O+/cluster_6_2957.BMP,96,103,39690,166.166259765625,103.11368560791016,87.9698486328125,20946.1875
data/datasets/O+/cluster_6_2963.BMP,96,103,39690,151.69195556640625,100.21446990966797,90.34861755371094,19782.697265625
data/datasets/O+/cluster_6_2974.BMP,96,103,39690,165.02073669433594,106.6666030883789,89.6111831665039,18656.486328125
data/datasets/O+/cluster_6_2976.BMP,96,103,39690,102.03246307373047,107.25663757324219,92.20854187011719,13350.78515625
data/datasets/O+/cluster_6_2985.BMP,96,103,39690,129.00869750976562,110.22772216796875,92.35489654541016,19671.8671875
data/datasets/O+/cluster_6_2986.BMP,96,103,39690,160.3743896484375,102.10149383544922,91.45414733886719,16971.955078125
data/datasets/O+/cluster_6_2995.BMP,96,103,39690,173.40220642089844,96.94803619384766,88.52198791503906,14054.146484375
data/datasets/O+/cluster_6_3.BMP,96,103,39690,136.17849731445312,106.78343200683594,92.125,20505.703125
data/datasets/O+/cluster_6_30.BMP,96,103,39690,160.5739288330078,100.17695617675781,89.805908203125,17447.822265625
data/datasets/O+/cluster_6_3001.BMP,96,103,39690,141.10830688476562,105.42652893066406,83.73869323730469,22338.431640625
data/datasets/O+/cluster_6_3010.BMP,96,103,39690,151.77598571777344,103.7464370727539,92.21293640136719,20297.6796875
data/datasets/O+/cluster_6_3024.BMP,96,103,39690,141.8572998046875,104.89283752441406,84.76696014404297,24797.7265625
data/datasets/O+/cluster_6_3027.BMP,96,103,39690,137.2114715576172,91.74124908447266,92.430908203125,5862.8291015625
data/datasets/O+/cluster_6_3032.BMP,96,103,39690,110.82746887207031,107.77217864990234,87.40892028808594,15295.95703125
data/datasets/O+/cluster_6_3036.BMP,96,103,39690,157.62611389160156,106.06293487548828,89.4535140991211,19184.1640625
data/datasets/O+/cluster_6_305.BMP,96,103,39690,143.11317443847656,107.435546875,85.91394805908203,22551.23046875
data/datasets/O+/cluster_6_3050.BMP,96,103,39690,148.6560516357422,105.0340347290039,87.84107971191406,22930.99609375
data/datasets/O+/cluster_6_3053.BMP,96,103,39690,140.69143676757812,107.97697448730469,92.29271697998047,22338.828125
data/datasets/O+/cluster_6_306.BMP,96,103,39690,118.65776824951172,106.67047119140625,85.81218719482422,18438.21875
data/datasets/O+/cluster_6_3071.BMP,96,103,39690,122.91009521484375,105.1480484008789,91.90138244628906,10987.017578125
data/datasets/O+/cluster_6_3072.BMP,96,103,39690,132.19093322753906,104.88842010498047,87.71607971191406,13598.7734375
data/datasets/O+/cluster_6_3078.BMP,96,103,39690,126.75434875488281,109.53567504882812,92.10489654541016,19139.36328125
data/datasets/O+/cluster_6_3084.BMP,96,103,39690,144.1489715576172,106.55815887451172,92.40200805664062,17183.177734375
data/datasets/O+/cluster_6_3090.BMP,96,103,39690,116.7847900390625,108.03141021728516,91.02261352539062,18384.76953125
data/datasets/O+/cluster_6_3093.BMP,96,103,39690,121.21409606933594,105.62149810791016,81.79208374023438,25504.85546875
data/datasets/O+/cluster_6_3096.BMP,96,103,39690,147.4631805419922,95.1384506225586,92.42085266113281,10842.7431640625
data/datasets/O+/cluster_6_3112.BMP,96,103,39690,172.9716796875,85.75772857666016,91.7154541015625,10330.2734375
data/datasets/O+/cluster_6_3122.BMP,96,103,39690,151.83221435546875,98.6973648071289,92.43404388427734,7566.509765625
data/datasets/O+/cluster_6_3124.BMP,96,103,39690,150.51638793945312,94.41748046875,91.40641021728516,13535.61328125
data/datasets/O+/cluster_6_3138.BMP,96,103,39690,134.0601806640625,107.49263763427734,92.37751007080078,19894.744140625
data/datasets/O+/cluster_6_3140.BMP,96,103,39690,135.84121704101562,108.87555694580078,87.09107971191406,19023.08203125
data/datasets/O+/cluster_6_3147.BMP,96,103,39690,139.2124786376953,102.35213470458984,92.4214859008789,19221.8125
data/datasets/O+/cluster_6_3153.BMP,96,103,39690,116.05461120605469,111.41600036621094,84.79083251953125,15953.1953125
data/datasets/O+/cluster_6_3158.BMP,96,103,39690,111.53671264648438,103.21868133544922,81.38819122314453,15236.9228515625
data/datasets/O+/cluster_6_3167.BMP,96,103,39690,142.5452117919922,93.92574310302734,90.21231079101562,10736.703125
data/datasets/O+/cluster_6_3174.BMP,96,103,39690,136.49029541015625,104.69075012207031,84.81343841552734,22286.0625
data/datasets/O+/cluster_6_3181.BMP,96,103,39690,126.54065704345703,107.09464263916016,92.24623107910156,19977.7578125
data/datasets/O+/cluster_6_3184.BMP,96,103,39690,133.8381805419922,108.0165023803711,90.44095611572266,16256.04296875
data/datasets/O+/cluster_6_3191.BMP,96,103,39690,115.32514190673828,110.63972473144531,92.4001235961914,14043.787109375
data/datasets/O+/cluster_6_3203.BMP,96,103,39690,175.5433807373047,96.94208526611328,91.40326690673828,16996.109375
data/datasets/O+/cluster_6_3224.BMP,96,103,39690,149.7914581298828,107.52528381347656,91.52010345458984,19883.220703125
data/datasets/O+/cluster_6_3240.BMP,96,103,39690,154.8003692626953,107.75308227539062,86.2845458984375,17630.6015625
data/datasets/O+/cluster_6_3251.BMP,96,103,39690,119.9368896484375,110.00237274169922,92.1645736694336,18337.2734375
data/datasets/O+/cluster_6_3257.BMP,96,103,39690,147.28903198242188,106.66924285888672,90.5138168334961,22272.572265625
data/datasets/O+/cluster_6_3262.BMP,96,103,39690,83.7706298828125,99.67548370361328,92.3008804321289,11453.447265625
data/datasets/O+/cluster_6_3265.BMP,96,103,39690,122.16444396972656,106.17697143554688,91.07474517822266,18111.619140625
data/datasets/O+/cluster_6_3279.BMP,96,103,39690,141.35841369628906,107.56958770751953,90.99434661865234,23029.30078125
data/datasets/O+/cluster_6_328.BMP,96,103,39690,159.83717346191406,93.51931762695312,92.42902374267578,11818.69140625
data/datasets/O+/cluster_6_3280.BMP,96,103,39690,150.068359375,105.57223510742188,91.54271697998047,15028.1533203125
data/datasets/O+/cluster_6_3281.BMP,96,103,39690,164.8457794189453,93.66845703125,92.42902374267578,13863.65234375
data/datasets/O+/cluster_6_3283.BMP,96,103,39690,160.64512634277344,103.47752380371094,90.44597625732422,19369.001953125
data/datasets/O+/cluster_6_3285.BMP,96,103,39690,140.73927307128906,109.77362060546875,89.17462158203125,17850.34375
data/datasets/O+/cluster_6_3296.BMP,96,103,39690,175.44558715820312,102.69475555419922,92.38191223144531,16475.81640625
data/datasets/O+/cluster_6_3297.BMP,96,103,39690,132.17648315429688,108.05810546875,91.60992431640625,22180.66015625
data/datasets/O+/cluster_6_3298.BMP,96,103,39690,160.18649291992188,107.0066909790039,92.40326690673828,17971.12109375
data/datasets/O+/cluster_6_3303.BMP,96,103,39690,148.28944396972656,101.22284698486328,92.39949798583984,17725.23828125
data/datasets/O+/cluster_6_3308.BMP,96,103,39690,125.97856140136719,110.50627899169922,92.40138244628906,14866.662109375
data/datasets/O+/cluster_6_3322.BMP,96,103,39690,123.17060852050781,111.42028045654297,92.32097625732422,16218.51171875
data/datasets/O+/cluster_6_3324.BMP,96,103,39690,170.4921112060547,97.34086608886719,90.51256561279297,13372.919921875
data/datasets/O+/cluster_6_334.BMP,96,103,39690,127.55876159667969,104.16521453857422,91.56092834472656,13237.9697265625
data/datasets/O+/cluster_6_3341.BMP,96,103,39690,70.37641906738281,96.1630630493164,89.43279266357422,12463.59765625
data/datasets/O+/cluster_6_3349.BMP,96,103,39690,117.44781494140625,98.66006469726562,92.314697265625,10912.453125
data/datasets/O+/cluster_6_3355.BMP,96,103,39690,129.4595489501953,107.29005432128906,86.3888168334961,22003.3203125
data/datasets/O+/cluster_6_336.BMP,96,103,39690,153.17172241210938,109.95745849609375,92.42399597167969,17986.638671875
data/datasets/O+/cluster_6_3362.BMP,96,103,39690,130.68203735351562,108.25711822509766,92.185302734375,17410.3359375
data/datasets/O+/cluster_6_3377.BMP,96,103,39690,138.913330078125,104.96102142333984,85.48931884765625,21632.8984375
data/datasets/O+/cluster_6_3415.BMP,241,298,215890,146.2917022705078,102.76422882080078,172.0576629638672,4138.70947265625
data/datasets/O+/cluster_6_3425.BMP,96,103,39690,130.80067443847656,110.35867309570312,92.41771697998047,15647.234375
data/datasets/O+/cluster_6_3429.BMP,96,103,39690,139.56492614746094,104.37503051757812,92.430908203125,16336.3759765625
data/datasets/O+/cluster_6_3437.BMP,96,103,39690,128.63116455078125,110.98686218261719,92.40892028808594,17897.6875
data/datasets/O+/cluster_6_3439.BMP,96,103,39690,152.72532653808594,106.66624450683594,92.27323913574219,16938.96875
data/datasets/O+/cluster_6_3441.BMP,96,103,39690,153.92132568359375,100.06108856201172,92.43404388427734,13982.82421875
data/datasets/O+/cluster_6_3449.BMP,96,103,39690,129.13723754882812,105.06716918945312,91.37185668945312,19179.03125
data/datasets/O+/cluster_6_345.BMP,96,103,39690,163.89462280273438,96.0574951171875,92.16394805908203,13613.830078125
data/datasets/O+/cluster_6_3454.BMP,96,103,39690,124.88814544677734,109.95746612548828,92.12060546875,19038.9765625
data/datasets/O+/cluster_6_3456.BMP,96,103,39690,115.35810852050781,104.61199951171875,82.6111831665039,16715.0703125
data/datasets/O+/cluster_6_3465.BMP,96,103,39690,115.97370910644531,105.52115631103516,91.63945007324219,19366.203125
data/datasets/O+/cluster_6_3466.BMP,96,103,39690,156.7437286376953,94.66110229492188,90.5810317993164,12260.61328125
data/datasets/O+/cluster_6_3469.BMP,96,103,39690,154.37196350097656,102.15083312988281,89.91331481933594,20631.40234375
data/datasets/O+/cluster_6_3487.BMP,96,103,39690,150.79287719726562,105.6008071899414,92.16331481933594,23552.3828125
data/datasets/O+/cluster_6_3496.BMP,96,103,39690,143.15786743164062,93.30272674560547,89.01256561279297,19261.748046875
data/datasets/O+/cluster_6_3511.BMP,96,103,39690,141.83151245117188,93.34244537353516,88.00879669189453,14067.3828125
data/datasets/O+/cluster_6_3512.BMP,96,103,39690,154.21177673339844,107.73954772949219,92.39698791503906,20010.513671875
data/datasets/O+/cluster_6_3519.BMP,96,103,39690,140.10426330566406,110.87216186523438,92.22989654541016,19885.87890625
data/datasets/O+/cluster_6_3520.BMP,96,103,39690,161.10841369628906,100.87281799316406,92.2801513671875,17381.7734375
data/datasets/O+/cluster_6_3521.BMP,96,103,39690,137.21197509765625,110.23992156982422,92.4001235961914,16839.40625
data/datasets/O+/cluster_6_3522.BMP,96,103,39690,126.73745727539062,104.2695083618164,91.65264129638672,19413.408203125
data/datasets/O+/cluster_6_3525.BMP,96,103,39690,138.18992614746094,110.78629302978516,92.26004791259766,17714.76171875
data/datasets/O+/cluster_6_3536.BMP,96,103,39690,136.6377410888672,106.10494995117188,85.92713928222656,17547.533203125
data/datasets/O+/cluster_6_3537.BMP,96,103,39690,123.59496307373047,110.12063598632812,89.4095458984375,18014.0546875
data/datasets/O+/cluster_6_3539.BMP,96,103,39690,112.63662719726562,110.53567504882812,92.37939453125,14034.244140625
data/datasets/O+/cluster_6_3550.BMP,96,103,39690,141.44296264648438,96.1077651977539,86.19346618652344,17370.619140625
data/datasets/O+/cluster_6_3568.BMP,96,103,39690,157.77194213867188,108.2210922241211,92.43341827392578,14517.11328125
data/datasets/O+/cluster_6_357.BMP,96,103,39690,87.32918548583984,104.73394775390625,83.08919525146484,11879.69140625
data/datasets/O+/cluster_6_3570.BMP,96,103,39690,175.49423217773438,101.08171081542969,92.43404388427734,18020.740234375
data/datasets/O+/cluster_6_3575.BMP,96,103,39690,163.82827758789062,101.08120727539062,92.12751007080078,17479.533203125
data/datasets/O+/cluster_6_3577.BMP,96,103,39690,150.85467529296875,94.56932830810547,92.43404388427734,14414.55859375
data/datasets/O+/cluster_6_360.BMP,96,103,39690,138.60963439941406,106.82183837890625,87.92525482177734,18107.6796875
data/datasets/O+/cluster_6_3611.BMP,96,103,39690,129.1676788330078,109.06001281738281,92.42399597167969,16262.505859375
data/datasets/O+/cluster_6_3621.BMP,96,103,39690,117.84001159667969,107.35302734375,90.45916748046875,19482.81640625
data/datasets/O+/cluster_6_3623.BMP,96,103,39690,158.5717010498047,100.32225036621094,85.31658172607422,18584.66796875
data/datasets/O+/cluster_6_3634.BMP,96,103,39690,149.34344482421875,107.4424819946289,91.79145812988281,18087.45703125
data/datasets/O+/cluster_6_3635.BMP,96,103,39690,139.22593688964844,106.35726165771484,85.87876892089844,20728.8359375
data/datasets/O+/cluster_6_3638.BMP,96,103,39690,153.6135711669922,106.77445983886719,87.35615539550781,18397.927734375
data/datasets/O+/cluster_6_3640.BMP,96,103,39690,116.11528778076172,110.69403839111328,92.0697250366211,14190.47265625
data/datasets/O+/cluster_6_3652.BMP,96,103,39690,140.30015563964844,79.09957885742188,86.84735870361328,6618.75048828125
data/datasets/O+/cluster_6_3668.BMP,96,103,39690,146.68719482421875,108.13909912109375,92.35238647460938,18403.2734375
data/datasets/O+/cluster_6_3672.BMP,96,103,39690,172.0697784423828,95.6356430053711,92.4302749633789,12958.353515625
data/datasets/O+/cluster_6_3677.BMP,96,103,39690,120.18294525146484,107.96278381347656,87.78643035888672,16078.802734375
data/datasets/O+/cluster_6_368.BMP,96,103,39690,110.48988342285156,108.61842346191406,86.54208374023438,19018.412109375
data/datasets/O+/cluster_6_3686.BMP,96,103,39690,139.79632568359375,103.74767303466797,90.2248764038086,17907.326171875
data/datasets/O+/cluster_6_3688.BMP,96,103,39690,133.89674377441406,109.7210922241211,84.42776489257812,12872.1845703125
data/datasets/O+/cluster_6_3693.BMP,96,103,39690,154.99575805664062,105.57052612304688,92.10741424560547,18940.0859375
data/datasets/O+/cluster_6_3695.BMP,96,103,39690,124.50546264648438,110.44154357910156,92.43215942382812,20406.42578125
data/datasets/O+/cluster_6_3697.BMP,96,103,39690,105.04783630371094,105.52487182617188,83.9491195678711,18525.62890625
data/datasets/O+/cluster_6_3705.BMP,96,103,39690,140.6141815185547,107.7931900024414,89.14321899414062,15997.814453125
data/datasets/O+/cluster_6_371.BMP,96,103,39690,126.99079895019531,108.97529602050781,92.41143035888672,16110.9267578125
data/datasets/O+/cluster_6_3727.BMP,96,103,39690,144.64613342285156,93.99401092529297,91.78329467773438,14267.439453125
data/datasets/O+/cluster_6_3730.BMP,96,103,39690,167.84779357910156,98.99235534667969,92.3052749633789,21289.337890625
data/datasets/O+/cluster_6_3733.BMP,96,103,39690,153.24130249023438,106.59801483154297,92.16834259033203,18062.095703125
data/datasets/O+/cluster_6_3737.BMP,96,103,39690,150.82493591308594,104.7841796875,89.94346618652344,22949.599609375
data/datasets/O+/cluster_6_3743.BMP,96,103,39690,142.4789581298828,109.83802795410156,87.36431884765625,15201.3447265625
data/datasets/O+/cluster_6_3753.BMP,96,103,39690,121.7840805053711,106.66510772705078,89.14510345458984,16605.646484375
data/datasets/O+/cluster_6_3754.BMP,96,103,39690,145.74757385253906,111.2757797241211,88.66583251953125,18869.12890625
data/datasets/O+/cluster_6_3758.BMP,96,103,39690,133.91586303710938,97.39143371582031,88.04019927978516,15469.0205078125
data/datasets/O+/cluster_6_3774.BMP,96,103,39690,126.3892593383789,107.45594787597656,92.3913345336914,25121.99609375
data/datasets/O+/cluster_6_3776.BMP,96,103,39690,130.4039306640625,109.44377899169922,92.43153381347656,14443.015625
data/datasets/O+/cluster_6_3781.BMP,96,103,39690,128.97329711914062,105.18921661376953,91.28329467773438,21284.724609375
data/datasets/O+/cluster_6_3784.BMP,96,103,39690,130.3264617919922,109.49807739257812,88.74246215820312,22660.046875
data/datasets/O+/cluster_6_3794.BMP,96,103,39690,120.1803207397461,103.73687744140625,83.21670532226562,20219.35546875
data/datasets/O+/cluster_6_3807.BMP,96,103,39690,138.62985229492188,93.57787322998047,87.46231079101562,13950.84765625
data/datasets/O+/cluster_6_3812.BMP,96,103,39690,149.69427490234375,107.30687713623047,91.8354263305664,17626.015625
data/datasets/O+/cluster_6_3817.BMP,96,103,39690,126.70024108886719,107.76223754882812,91.84358978271484,19242.39453125
data/datasets/O+/cluster_6_3819.BMP,241,298,215890,167.8846893310547,97.6462631225586,165.04638671875,4513.5087890625
data/datasets/O+/cluster_6_3826.BMP,96,103,39690,127.58222198486328,106.72711181640625,86.77826690673828,20977.369140625
data/datasets/O+/cluster_6_3827.BMP,96,103,39690,150.72401428222656,104.84344482421875,91.93718719482422,19652.25
data/datasets/O+/cluster_6_3831.BMP,96,103,39690,130.02781677246094,105.93156433105469,91.70916748046875,21007.41015625
data/datasets/O+/cluster_6_3844.BMP,96,103,39690,125.9800796508789,109.5963134765625,90.83228302001953,18337.74609375
data/datasets/O+/cluster_6_3852.BMP,96,103,39690,95.77235412597656,100.09048461914062,89.43656158447266,18388.220703125
data/datasets/O+/cluster_6_386.BMP,96,103,39690,115.13673400878906,107.29656982421875,87.44786071777344,20103.173828125
data/datasets/O+/cluster_6_3860.BMP,96,103,39690,132.12246704101562,108.08353424072266,90.08605194091797,22018.1953125
data/datasets/O+/cluster_6_3863.BMP,96,103,39690,117.9857406616211,105.04625701904297,91.47612762451172,24313.28125
data/datasets/O+/cluster_6_3869.BMP,96,103,39690,156.10791015625,101.05540466308594,83.78580474853516,22368.73828125
data/datasets/O+/cluster_6_3876.BMP,96,103,39690,112.41636657714844,105.1435317993164,85.99120330810547,18492.34765625
data/datasets/O+/cluster_6_3880.BMP,96,103,39690,165.5631103515625,105.06574249267578,92.03392028808594,16825.19921875
data/datasets/O+/cluster_6_3888.BMP,96,103,39690,122.99251556396484,111.01740264892578,91.70414733886719,17531.677734375
data/datasets/O+/cluster_6_3890.BMP,96,103,39690,142.0620880126953,110.97525024414062,92.39196014404297,19748.3984375
data/datasets/O+/cluster_6_3892.BMP,96,103,39690,125.18072509765625,111.52864074707031,92.38819122314453,14848.703125
data/datasets/O+/cluster_6_39.BMP,96,103,39690,131.90675354003906,106.659423828125,92.28768920898438,17541.7109375
data/datasets/O+/cluster_6_3906.BMP,96,103,39690,154.42556762695312,94.56977844238281,89.07788848876953,12541.0234375
data/datasets/O+/cluster_6_3912.BMP,96,103,39690,154.70338439941406,105.25326538085938,92.03643035888672,19944.2421875
data/datasets/O+/cluster_6_3930.BMP,96,103,39690,127.85234832763672,110.74651336669922,92.43404388427734,11417.078125
data/datasets/O+/cluster_6_3939.BMP,96,103,39690,140.552490234375,107.3023681640625,90.78768920898438,20896.00390625
data/datasets/O+/cluster_6_3942.BMP,96,103,39690,138.6827392578125,104.97576141357422,90.9258804321289,23215.359375
data/datasets/O+/cluster_6_3943.BMP,96,103,39690,166.4097900390625,101.024658203125,90.35929870605469,18341.041015625
data/datasets/O+/cluster_6_3948.BMP,96,103,39690,134.40382385253906,105.69376373291016,91.01445007324219,16623.88671875
data/datasets/O+/cluster_6_3950.BMP,96,103,39690,133.1495819091797,109.45411682128906,92.43404388427734,17905.30859375
data/datasets/O+/cluster_6_3956.BMP,96,103,39690,125.34941101074219,109.03191375732422,79.88693237304688,21201.623046875
data/datasets/O+/cluster_6_3973.BMP,96,103,39690,157.38723754882812,108.56002044677734,90.430908203125,18947.0859375
data/datasets/O+/cluster_6_3984.BMP,96,103,39690,119.04975891113281,109.62173461914062,86.73241424560547,17177.4453125
data/datasets/O+/cluster_6_3989.BMP,96,103,39690,162.7655792236328,104.27477264404297,91.1501235961914,17044.646484375
data/datasets/O+/cluster_6_3991.BMP,96,103,39690,124.99382781982422,110.14736938476562,92.23429870605469,17349.853515625
data/datasets/O+/cluster_6_3995.BMP,96,103,39690,160.48898315429688,104.26201629638672,88.63819122314453,19594.26953125
data/datasets/O+/cluster_6_3996.BMP,96,103,39690,137.9412384033203,106.47258758544922,91.03141021728516,18806.91015625
data/datasets/O+/cluster_6_4009.BMP,96,103,39690,121.70166015625,108.01181030273438,91.7336654663086,20618.59375
data/datasets/O+/cluster_6_4021.BMP,96,103,39690,166.51153564453125,102.32506561279297,92.06595611572266,16273.4599609375
data/datasets/O+/cluster_6_4031.BMP,96,103,39690,107.55774688720703,101.39440155029297,82.069091796875,15421.072265625
data/datasets/O+/cluster_6_4035.BMP,96,103,39690,131.83566284179688,107.18814086914062,92.32097625732422,21033.2265625
data/datasets/O+/cluster_6_4048.BMP,96,103,39690,120.7669906616211,105.26164245605469,85.98241424560547,22333.919921875
data/datasets/O+/cluster_6_4049.BMP,96,103,39690,109.97492218017578,106.89291381835938,90.0395736694336,17080.716796875
data/datasets/O+/cluster_6_4056.BMP,96,103,39690,150.6335906982422,104.91160583496094,92.43404388427734,18032.0703125
data/datasets/O+/cluster_6_4059.BMP,96,103,39690,139.78428649902344,106.2180404663086,90.7751235961914,16782.505859375
data/datasets/O+/cluster_6_4065.BMP,96,103,39690,124.90321350097656,105.43791198730469,85.95854187011719,15124.5185546875
data/datasets/O+/cluster_6_4069.BMP,96,103,39690,138.34071350097656,110.33455657958984,92.43341827392578,16785.287109375
data/datasets/O+/cluster_6_4070.BMP,96,103,39690,141.64300537109375,107.23845672607422,88.39384460449219,21589.9140625
data/datasets/O+/cluster_6_4074.BMP,96,103,39690,116.84789276123047,107.34086608886719,87.17650604248047,15849.767578125
data/datasets/O+/cluster_6_4082.BMP,96,103,39690,139.01608276367188,105.2769775390625,91.83291625976562,19038.498046875
data/datasets/O+/cluster_6_4084.BMP,241,298,215890,141.211181640625,106.35918426513672,172.90460205078125,5350.17578125
data/datasets/O+/cluster_6_409.BMP,96,103,39690,131.05369567871094,109.13797760009766,92.43153381347656,15676.8359375
data/datasets/O+/cluster_6_4091.BMP,96,103,39690,101.12580871582031,107.12821960449219,88.23931884765625,16451.26171875
data/datasets/O+/cluster_6_4093.BMP,96,103,39690,104.80774688720703,108.48890686035156,92.40641021728516,15422.0869140625
data/datasets/O+/cluster_6_4094.BMP,96,103,39690,108.26860809326172,106.84180450439453,92.41519927978516,17387.486328125
data/datasets/O+/cluster_6_4095.BMP,96,103,39690,154.49392700195312,108.19805908203125,92.43404388427734,17552.990234375
data/datasets/O+/cluster_6_4100.BMP,96,103,39690,154.1922607421875,100.5984115600586,88.81092834472656,22983.26953125
data/datasets/O+/cluster_6_4115.BMP,96,103,39690,131.8664093017578,111.1942138671875,89.67964935302734,19710.66015625
data/datasets/O+/cluster_6_4124.BMP,96,103,39690,121.43669128417969,107.49925231933594,88.06343841552734,18198.7578125
data/datasets/O+/cluster_6_4135.BMP,96,103,39690,146.75161743164062,101.96896362304688,91.73995208740234,11060.833984375
data/datasets/O+/cluster_6_4148.BMP,96,103,39690,150.2779083251953,107.02484893798828,92.12814331054688,19652.447265625
data/datasets/O+/cluster_6_4150.BMP,96,103,39690,141.69488525390625,96.42898559570312,92.43404388427734,7814.341796875
data/datasets/O+/cluster_6_4155.BMP,96,103,39690,134.90321350097656,105.73201751708984,88.68279266357422,14332.681640625
data/datasets/O+/cluster_6_4157.BMP,96,103,39690,134.1356201171875,107.25041961669922,91.84861755371094,24409.14453125
data/datasets/O+/cluster_6_4159.BMP,96,103,39690,134.8629608154297,113.1830062866211,92.42085266113281,14036.4521484375
data/datasets/O+/cluster_6_4160.BMP,96,103,39690,124.47441101074219,108.4665298461914,92.40452575683594,21728.6015625
data/datasets/O+/cluster_6_4162.BMP,96,103,39690,157.67648315429688,101.59318542480469,91.6595458984375,15912.822265625
data/datasets/O+/cluster_6_4190.BMP,96,103,39690,165.15716552734375,105.4800796508789,92.41708374023438,17882.26953125
data/datasets/O+/cluster_6_42.BMP,241,298,215890,165.3843231201172,99.54841613769531,186.14308166503906,4509.86865234375
data/datasets/O+/cluster_6_420.BMP,96,103,39690,123.5177001953125,109.90831756591797,92.27387237548828,16195.6572265625
data/datasets/O+/cluster_6_4201.BMP,96,103,39690,148.97775268554688,104.75702667236328,88.40892028808594,19774.53125
data/datasets/O+/cluster_6_4207.BMP,96,103,39690,159.1293487548828,92.2500228881836,91.45477294921875,10250.3916015625
data/datasets/O+/cluster_6_4209.BMP,96,103,39690,144.0710906982422,107.50501251220703,85.82160949707031,19212.396484375
data/datasets/O+/cluster_6_4213.BMP,96,103,39690,145.14805603027344,106.90388488769531,92.4258804321289,16394.36328125
data/datasets/O+/cluster_6_4223.BMP,96,103,39690,137.2158203125,85.17765045166016,85.84233856201172,9616.9384765625
data/datasets/O+/cluster_6_423.BMP,96,103,39690,143.07119750976562,103.5011978149414,86.01696014404297,21599.666015625
data/datasets/O+/cluster_6_4231.BMP,96,103,39690,143.82301330566406,101.86299896240234,92.42902374267578,16092.021484375
data/datasets/O+/cluster_6_4237.BMP,96,103,39690,166.83151245117188,105.3056640625,87.79460144042969,13932.2822265625
data/datasets/O+/cluster_6_4250.BMP,96,103,39690,112.94194793701172,103.20284271240234,85.87185668945312,13592.53515625
data/datasets/O+/cluster_6_4254.BMP,96,103,39690,142.67434692382812,104.41653442382812,91.06218719482422,17769.95703125
data/datasets/O+/cluster_6_4257.BMP,96,103,39690,120.57443237304688,104.67591094970703,89.9560317993164,17790.3359375
data/datasets/O+/cluster_6_427.BMP,96,103,39690,131.69993591308594,103.03783416748047,91.22864532470703,18447.92578125
data/datasets/O+/cluster_6_4287.BMP,96,103,39690,149.5631103515625,104.15911865234375,92.0741195678711,21876.4296875
data/datasets/O+/cluster_6_4289.BMP,96,103,39690,148.01405334472656,109.00694274902344,88.55841827392578,17583.45703125
data/datasets/O+/cluster_6_4291.BMP,96,103,39690,145.81442260742188,106.61308288574219,91.56092834472656,20771.068359375
data/datasets/O+/cluster_6_4294.BMP,96,103,39690,149.711669921875,107.38508605957031,91.04145812988281,21677.74609375
data/datasets/O+/cluster_6_4308.BMP,96,103,39690,114.34415435791016,104.68374633789062,92.29522705078125,22410.2734375
data/datasets/O+/cluster_6_4318.BMP,96,103,39690,150.4856414794922,106.37600708007812,92.30464935302734,18050.697265625
data/datasets/O+/cluster_6_4332.BMP,96,103,39690,140.14370727539062,90.02406311035156,92.04585266113281,11667.19140625
data/datasets/O+/cluster_6_4340.BMP,96,103,39690,150.71571350097656,97.29209899902344,92.43341827392578,12695.4140625
data/datasets/O+/cluster_6_4344.BMP,96,103,39690,145.65908813476562,110.16455078125,92.18279266357422,17006.58984375
data/datasets/O+/cluster_6_4351.BMP,96,103,39690,166.32119750976562,99.52192687988281,90.57726287841797,19783.66796875
data/datasets/O+/cluster_6_4367.BMP,96,103,39690,137.25889587402344,109.28910827636719,92.43341827392578,20847.84375
data/datasets/O+/cluster_6_4370.BMP,96,103,39690,134.06492614746094,110.09281921386719,91.97110748291016,19091.57421875
data/datasets/O+/cluster_6_4377.BMP,96,103,39690,157.1241912841797,104.61638641357422,84.8498764038086,21371.787109375
data/datasets/O+/cluster_6_4379.BMP,96,103,39690,145.7395782470703,107.72215270996094,86.6991195678711,17836.07421875
data/datasets/O+/cluster_6_4390.BMP,96,103,39690,151.12904357910156,103.97169494628906,92.04962158203125,21795.50390625
data/datasets/O+/cluster_6_4391.BMP,96,103,39690,138.2154083251953,102.99459838867188,88.2198486328125,19922.626953125
data/datasets/O+/cluster_6_4400.BMP,96,103,39690,139.46693420410156,109.71624755859375,92.1947250366211,16627.49609375
data/datasets/O+/cluster_6_4402.BMP,96,103,39690,131.7798309326172,106.78144073486328,92.17022705078125,20615.939453125
data/datasets/O+/cluster_6_4405.BMP,96,103,39690,168.68214416503906,100.06559753417969,92.33793640136719,16153.169921875
data/datasets/O+/cluster_6_4413.BMP,96,103,39690,125.76223754882812,109.85752868652344,92.19346618652344,20065.654296875
data/datasets/O+/cluster_6_4426.BMP,96,103,39690,142.53135681152344,109.2406997680664,87.28203582763672,22900.388671875
data/datasets/O+/cluster_6_4427.BMP,96,103,39690,115.09344482421875,102.0981674194336,86.6042709350586,20940.04296875
data/datasets/O+/cluster_6_4437.BMP,96,103,39690,140.91859436035156,104.18113708496094,92.42211151123047,18413.90625
data/datasets/O+/cluster_6_4441.BMP,96,103,39690,147.7968292236328,104.86173248291016,92.43404388427734,17192.916015625
data/datasets/O+/cluster_6_4453.BMP,96,103,39690,128.92567443847656,109.7767333984375,81.79711151123047,20433.15625
data/datasets/O+/cluster_6_4457.BMP,96,103,39690,160.8665008544922,103.02970886230469,92.43404388427734,17395.22265625
data/datasets/O+/cluster_6_4464.BMP,96,103,39690,140.07241821289062,90.93083953857422,92.43153381347656,6166.193359375
data/datasets/O+/cluster_6_4469.BMP,96,103,39690,172.35659790039062,103.12319946289062,91.00376892089844,16470.0703125
data/datasets/O+/cluster_6_4481.BMP,96,103,39690,139.5214385986328,108.88249969482422,85.43781280517578,21107.83984375
data/datasets/O+/cluster_6_4482.BMP,96,103,39690,154.39138793945312,105.00932312011719,88.45037841796875,20616.640625
data/datasets/O+/cluster_6_4485.BMP,96,103,39690,140.00424194335938,102.16151428222656,85.55464935302734,11550.7578125
data/datasets/O+/cluster_6_4495.BMP,96,103,39690,132.6483612060547,106.39253997802734,92.0992431640625,18726.103515625
data/datasets/O+/cluster_6_4501.BMP,96,103,39690,164.56654357910156,107.30204010009766,92.39196014404297,18356.59375
data/datasets/O+/cluster_6_4503.BMP,96,103,39690,134.4343719482422,108.71302032470703,86.2757568359375,22415.248046875
data/datasets/O+/cluster_6_4506.BMP,96,103,39690,137.39755249023438,109.44002532958984,86.27010345458984,23089.85546875
data/datasets/O+/cluster_6_4519.BMP,96,103,39690,154.6860809326172,104.73619079589844,87.64510345458984,15667.525390625
data/datasets/O+/cluster_6_4531.BMP,96,103,39690,129.3068389892578,104.89820098876953,89.31218719482422,14668.6806640625
data/datasets/O+/cluster_6_4532.BMP,96,103,39690,118.791259765625,106.37291717529297,82.43404388427734,19448.599609375
data/datasets/O+/cluster_6_4535.BMP,96,103,39690,144.79904174804688,107.39085388183594,92.42964935302734,14124.791015625
data/datasets/O+/cluster_6_4539.BMP,96,103,39690,158.8720703125,102.06741333007812,90.49183654785156,18408.73046875
data/datasets/O+/cluster_6_4540.BMP,96,103,39690,148.47410583496094,104.62350463867188,87.74183654785156,21640.00390625
data/datasets/O+/cluster_6_4542.BMP,96,103,39690,139.0691680908203,108.22211456298828,84.5785140991211,18242.435546875
data/datasets/O+/cluster_6_4545.BMP,96,103,39690,148.1441192626953,90.1876220703125,92.43404388427734,10280.7275390625
data/datasets/O+/cluster_6_4546.BMP,96,103,39690,147.2578887939453,109.20703887939453,88.06281280517578,17910.12109375
data/datasets/O+/cluster_6_4547.BMP,96,103,39690,111.82685852050781,106.3570327758789,88.35489654541016,20810.751953125
data/datasets/O+/cluster_6_4548.BMP,96,103,39690,159.45054626464844,99.48663330078125,87.5948486328125,17051.275390625
data/datasets/O+/cluster_6_4554.BMP,96,103,39690,125.20064544677734,108.49810791015625,91.86872100830078,20133.30078125
data/datasets/O+/cluster_6_4558.BMP,96,103,39690,143.36700439453125,104.50555419921875,90.11054992675781,16621.888671875
data/datasets/O+/cluster_6_4560.BMP,96,103,39690,162.08474731445312,104.31434631347656,92.43404388427734,20885.88671875
data/datasets/O+/cluster_6_4561.BMP,96,103,39690,106.3330307006836,103.51348876953125,89.05841827392578,17098.271484375
data/datasets/O+/cluster_6_4563.BMP,96,103,39690,128.11245727539062,108.17485046386719,90.13065338134766,20249.59375
data/datasets/O+/cluster_6_4574.BMP,96,103,39690,166.82969665527344,89.32855987548828,92.43404388427734,10287.99609375
data/datasets/O+/cluster_6_4575.BMP,96,103,39690,153.99069213867188,104.39280700683594,91.99120330810547,16253.205078125
data/datasets/O+/cluster_6_4587.BMP,96,103,39690,156.64016723632812,98.585693359375,88.4491195678711,18325.58984375
data/datasets/O+/cluster_6_459.BMP,96,103,39690,147.3800506591797,108.57318115234375,91.02387237548828,14060.5322265625
data/datasets/O+/cluster_6_4590.BMP,96,103,39690,125.9900894165039,87.52704620361328,86.9742431640625,5739.2734375
data/datasets/O+/cluster_6_4594.BMP,96,103,39690,86.57372283935547,100.28453826904297,86.49308776855469,16113.728515625
data/datasets/O+/cluster_6_4595.BMP,96,103,39690,107.2535400390625,105.90890502929688,86.73303985595703,21262.751953125
data/datasets/O+/cluster_6_4597.BMP,96,103,39690,135.4843292236328,105.37654876708984,92.39949798583984,18200.552734375
data/datasets/O+/cluster_6_4606.BMP,96,103,39690,152.07534790039062,108.21772003173828,91.5395736694336,11303.15625
data/datasets/O+/cluster_6_461.BMP,96,103,39690,128.6979217529297,105.5701904296875,92.37876892089844,21043.21484375
data/datasets/O+/cluster_6_4612.BMP,96,103,39690,116.1492691040039,101.1453857421875,90.1086654663086,24097.65625
data/datasets/O+/cluster_6_4615.BMP,96,103,39690,166.08828735351562,102.2637710571289,90.63127899169922,19353.30859375
data/datasets/O+/cluster_6_4618.BMP,96,103,39690,125.6711196899414,114.09217834472656,92.07160949707031,15038.93359375
data/datasets/O+/cluster_6_4625.BMP,96,103,39690,163.86175537109375,98.63227081298828,90.0898208618164,19214.80859375
data/datasets/O+/cluster_6_4631.BMP,96,103,39690,163.52073669433594,99.33804321289062,92.43404388427734,16698.09765625
data/datasets/O+/cluster_6_4633.BMP,96,103,39690,121.52497863769531,107.7828140258789,91.6714859008789,18141.025390625
data/datasets/O+/cluster_6_4634.BMP,96,103,39690,148.3799591064453,107.59593200683594,92.07349395751953,21806.326171875
data/datasets/O+/cluster_6_4640.BMP,96,103,39690,141.44235229492188,108.52102661132812,92.43404388427734,18404.9140625
data/datasets/O+/cluster_6_4645.BMP,96,103,39690,131.2470703125,110.43959045410156,90.12060546875,15597.8359375
data/datasets/O+/cluster_6_4648.BMP,96,103,39690,122.180419921875,111.89623260498047,92.37248992919922,14436.662109375
data/datasets/O+/cluster_6_4658.BMP,96,103,39690,123.54985809326172,109.85628509521484,92.11746215820312,15313.84375
data/datasets/O+/cluster_6_4662.BMP,96,103,39690,142.1483612060547,107.83563232421875,85.74748992919922,19874.98828125
data/datasets/O+/cluster_6_4674.BMP,96,103,39690,136.23037719726562,110.2171401977539,92.43215942382812,20554.60546875
data/datasets/O+/cluster_6_4675.BMP,96,103,39690,148.26072692871094,100.53919219970703,92.43404388427734,13597.794921875
data/datasets/O+/cluster_6_4680.BMP,96,103,39690,136.23341369628906,95.25152587890625,92.43404388427734,9772.3955078125
data/datasets/O+/cluster_6_4683.BMP,96,103,39690,166.44357299804688,87.3810043334961,92.42902374267578,9490.603515625
data/datasets/O+/cluster_6_4694.BMP,96,103,39690,169.6258087158203,89.73506927490234,92.43404388427734,12670.14453125
data/datasets/O+/cluster_6_4697.BMP,96,103,39690,143.6271209716797,108.13750457763672,91.64384460449219,14297.6640625
data/datasets/O+/cluster_6_4702.BMP,96,103,39690,93.67951202392578,104.0152359008789,85.14070129394531,16025.130859375
data/datasets/O+/cluster_6_471.BMP,96,103,39690,153.8095703125,105.6019058227539,89.87374114990234,19272.375
data/datasets/O+/cluster_6_4714.BMP,96,103,39690,156.1087188720703,92.12798309326172,88.82977294921875,9776.501953125
data/datasets/O+/cluster_6_4726.BMP,96,103,39690,139.13137817382812,107.57949829101562,91.90766143798828,20450.046875
data/datasets/O+/cluster_6_4727.BMP,96,103,39690,117.87590789794922,107.24515533447266,90.16708374023438,20746.88671875
data/datasets/O+/cluster_6_4730.BMP,96,103,39690,114.625,104.8828353881836,81.31407165527344,23898.287109375
data/datasets/O+/cluster_6_4736.BMP,96,103,39690,135.80137634277344,105.84940338134766,92.41143035888672,21275.9765625
data/datasets/O+/cluster_6_4750.BMP,96,103,39690,94.43022155761719,100.67666625976562,83.26256561279297,18552.169921875
data/datasets/O+/cluster_6_4765.BMP,96,103,39690,132.47572326660156,108.33942413330078,92.32035064697266,17191.41015625
data/datasets/O+/cluster_6_4769.BMP,96,103,39690,126.91848754882812,90.1511001586914,87.6199722290039,8923.419921875
data/datasets/O+/cluster_6_4777.BMP,96,103,39690,134.57423400878906,94.34956359863281,88.97047424316406,11434.6416015625
data/datasets/O+/cluster_6_4779.BMP,96,103,39690,137.01516723632812,106.7474136352539,90.90766143798828,19649.65234375
data/datasets/O+/cluster_6_4781.BMP,96,103,39690,121.99767303466797,97.98639678955078,92.43215942382812,11290.5126953125
data/datasets/O+/cluster_6_4785.BMP,96,103,39690,156.3531494140625,106.0189208984375,86.98429870605469,18142.91796875
data/datasets/O+/cluster_6_4795.BMP,96,103,39690,136.2839813232422,106.1175765991211,86.81281280517578,22547.65625
data/datasets/O+/cluster_6_480.BMP,96,103,39690,158.37115478515625,93.21427154541016,90.53392028808594,10705.708984375
data/datasets/O+/cluster_6_4809.BMP,96,103,39690,128.30633544921875,105.29156494140625,85.35301208496094,21564.8984375
data/datasets/O+/cluster_6_4811.BMP,96,103,39690,116.67647552490234,108.31639862060547,82.6155776977539,19024.37109375
data/datasets/O+/cluster_6_4812.BMP,96,103,39690,140.01455688476562,105.97488403320312,87.91708374023438,19232.75390625
data/datasets/O+/cluster_6_4816.BMP,96,103,39690,175.87631225585938,91.0743408203125,92.40641021728516,12267.59765625
data/datasets/O+/cluster_6_4828.BMP,96,103,39690,138.60305786132812,106.4917221069336,88.17713928222656,24809.7578125
data/datasets/O+/cluster_6_4839.BMP,96,103,39690,155.19296264648438,101.35488891601562,90.80904388427734,18355.9375
data/datasets/O+/cluster_6_485.BMP,96,103,39690,153.85255432128906,97.5019760131836,90.45414733886719,15321.1787109375
data/datasets/O+/cluster_6_4852.BMP,96,103,39690,143.01547241210938,100.16859436035156,92.4189682006836,11788.9892578125
data/datasets/O+/cluster_6_4853.BMP,96,103,39690,123.3090591430664,104.29364013671875,82.88568115234375,19628.095703125
data/datasets/O+/cluster_6_4861.BMP,96,103,39690,144.92526245117188,106.602783203125,92.02764129638672,19600.84375
data/datasets/O+/cluster_6_4864.BMP,96,103,39690,159.0618896484375,93.21006774902344,92.42839050292969,9187.685546875
data/datasets/O+/cluster_6_4870.BMP,96,103,39690,70.54753112792969,96.56855010986328,89.07726287841797,9057.4423828125
data/datasets/O+/cluster_6_4873.BMP,96,103,39690,150.775390625,106.50944519042969,92.39258575439453,15487.798828125
data/datasets/O+/cluster_6_4874.BMP,96,103,39690,136.5843505859375,81.83169555664062,85.88756561279297,8081.8837890625
data/datasets/O+/cluster_6_4883.BMP,96,103,39690,147.8535614013672,106.81004333496094,89.71858978271484,18824.634765625
data/datasets/O+/cluster_6_4888.BMP,96,103,39690,120.49049377441406,107.66441345214844,84.08919525146484,17211.5234375
data/datasets/O+/cluster_6_4889.BMP,96,103,39690,131.0894012451172,102.66438293457031,86.15703582763672,19270.2109375
data/datasets/O+/cluster_6_4897.BMP,96,103,39690,119.69407653808594,105.04696655273438,92.36369323730469,20565.6640625
data/datasets/O+/cluster_6_4909.BMP,96,103,39690,131.0939483642578,109.01010131835938,91.75125885009766,15374.841796875
data/datasets/O+/cluster_6_4915.BMP,96,103,39690,159.23190307617188,104.42578125,92.42650604248047,16952.232421875
data/datasets/O+/cluster_6_4927.BMP,96,103,39690,156.01092529296875,104.75171661376953,91.65829467773438,19013.767578125
data/datasets/O+/cluster_6_4936.BMP,96,103,39690,131.25747680664062,106.36210632324219,92.4001235961914,23304.759765625
data/datasets/O+/cluster_6_4942.BMP,96,103,39690,147.87115478515625,89.43690490722656,89.04334259033203,8948.0146484375
data/datasets/O+/cluster_6_4944.BMP,96,103,39690,134.9752197265625,99.73612213134766,89.9447250366211,22922.7421875
data/datasets/O+/cluster_6_4956.BMP,96,103,39690,142.86619567871094,107.67530059814453,92.16394805908203,15840.708984375
data/datasets/O+/cluster_6_498.BMP,96,103,39690,133.24929809570312,107.65059661865234,92.24308776855469,22126.5390625
data/datasets/O+/cluster_6_4981.BMP,96,103,39690,126.1982192993164,110.03621673583984,92.41268920898438,21431.099609375
data/datasets/O+/cluster_6_4985.BMP,96,103,39690,121.68648529052734,106.01959991455078,91.42902374267578,17177.1640625
data/datasets/O+/cluster_6_4986.BMP,96,103,39690,128.94650268554688,108.49650573730469,92.02198791503906,19278.251953125
data/datasets/O+/cluster_6_4990.BMP,96,103,39690,156.25808715820312,105.16004180908203,91.29145812988281,16323.4921875
data/datasets/O+/cluster_6_5000.BMP,96,103,39690,147.19711303710938,107.01557159423828,86.71419525146484,18417.40234375
data/datasets/O+/cluster_6_501.BMP,96,103,39690,166.7606201171875,105.2174072265625,90.17650604248047,19787.787109375
data/datasets/O+/cluster_6_5025.BMP,96,103,39690,134.2949981689453,105.1341781616211,91.21231079101562,18350.47265625
data/datasets/O+/cluster_6_5027.BMP,96,103,39690,124.1114501953125,106.3432846069336,91.79334259033203,18827.328125
data/datasets/O+/cluster_6_503.BMP,96,103,39690,129.4042205810547,109.66277313232422,92.43404388427734,18032.1484375
data/datasets/O+/cluster_6_5032.BMP,96,103,39690,150.62611389160156,107.58464813232422,92.27010345458984,19791.56640625
data/datasets/O+/cluster_6_504.BMP,96,103,39690,148.5418701171875,106.27164459228516,92.03643035888672,19726.048828125
data/datasets/O+/cluster_6_5042.BMP,96,103,39690,156.688720703125,98.32573699951172,86.78141021728516,16146.9794921875
data/datasets/O+/cluster_6_5044.BMP,96,103,39690,130.5491485595703,105.46907043457031,88.29019927978516,21494.140625
data/datasets/O+/cluster_6_5069.BMP,96,103,39690,166.79763793945312,98.31088256835938,92.41080474853516,18070.015625
data/datasets/O+/cluster_6_5073.BMP,96,103,39690,150.39027404785156,107.8330307006836,92.32600402832031,17333.470703125
data/datasets/O+/cluster_6_5079.BMP,96,103,39690,130.1418914794922,111.1651382446289,91.88693237304688,16339.486328125
data/datasets/O+/cluster_6_508.BMP,96,103,39690,147.5347900390625,93.87381744384766,90.17525482177734,14342.0888671875
data/datasets/O+/cluster_6_5089.BMP,96,103,39690,165.21824645996094,98.65361022949219,87.88065338134766,17165.287109375
data/datasets/O+/cluster_6_5093.BMP,96,103,39690,162.22218322753906,108.72053527832031,92.19346618652344,18078.71875
data/datasets/O+/cluster_6_5094.BMP,96,103,39690,157.95196533203125,100.07112121582031,92.43404388427734,11174.150390625
data/datasets/O+/cluster_6_5112.BMP,96,103,39690,155.626220703125,99.09207153320312,89.72612762451172,18342.7578125
data/datasets/O+/cluster_6_5117.BMP,96,103,39690,138.64007568359375,109.32325744628906,92.2154541015625,19040.47265625
data/datasets/O+/cluster_6_5120.BMP,96,103,39690,130.42556762695312,108.07921600341797,88.4748764038086,16878.25390625
data/datasets/O+/cluster_6_5127.BMP,96,103,39690,145.71429443359375,109.91908264160156,92.39635467529297,19886.0859375
data/datasets/O+/cluster_6_5131.BMP,96,103,39690,113.05794525146484,111.39318084716797,92.42902374267578,15143.970703125
data/datasets/O+/cluster_6_5138.BMP,96,103,39690,130.82716369628906,108.18673706054688,92.34610748291016,23608.291015625
data/datasets/O+/cluster_6_516.BMP,96,103,39690,143.0433807373047,107.97135925292969,92.26947021484375,20810.7421875
data/datasets/O+/cluster_6_5166.BMP,96,103,39690,136.18739318847656,106.22108459472656,92.43404388427734,14710.98828125
data/datasets/O+/cluster_6_5167.BMP,96,103,39690,141.1790008544922,106.06227111816406,92.15829467773438,19035.939453125
data/datasets/O+/cluster_6_5168.BMP,96,103,39690,146.53924560546875,107.64783477783203,86.76758575439453,22874.59765625
data/datasets/O+/cluster_6_5179.BMP,96,103,39690,133.7172393798828,105.14468383789062,90.64447021484375,16258.658203125
data/datasets/O+/cluster_6_5192.BMP,96,103,39690,157.0964813232422,96.65178680419922,88.20665740966797,13130.875
data/datasets/O+/cluster_6_5196.BMP,96,103,39690,135.70196533203125,109.64269256591797,87.9905776977539,15233.935546875
data/datasets/O+/cluster_6_5204.BMP,96,103,39690,125.63824462890625,105.63231658935547,87.45162963867188,23088.076171875
data/datasets/O+/cluster_6_5206.BMP,241,298,215890,136.60972595214844,108.4119644165039,162.92918395996094,4498.109375
data/datasets/O+/cluster_6_521.BMP,96,103,39690,142.3360595703125,107.73869323730469,90.9604263305664,21736.640625
data/datasets/O+/cluster_6_5214.BMP,96,103,39690,145.40109252929688,108.515380859375,92.42085266113281,20895.53125
data/datasets/O+/cluster_6_5225.BMP,96,103,39690,134.8600311279297,105.69891357421875,87.11369323730469,24129.23828125
data/datasets/O+/cluster_6_5229.BMP,96,103,39690,90.36772155761719,104.7853012084961,91.19597625732422,12715.1875
data/datasets/O+/cluster_6_5238.BMP,96,103,39690,139.2183380126953,105.56503295898438,89.2594223022461,24007.75
data/datasets/O+/cluster_6_5240.BMP,96,103,39690,119.38096618652344,108.40434265136719,91.5094223022461,15914.291015625
data/datasets/O+/cluster_6_5249.BMP,96,103,39690,82.7684097290039,99.58977508544922,92.12311553955078,12701.70703125
data/datasets/O+/cluster_6_5267.BMP,96,103,39690,122.67192840576172,104.29644012451172,88.2148208618164,17845.10546875
data/datasets/O+/cluster_6_5268.BMP,96,103,39690,183.01173400878906,99.50828552246094,92.314697265625,16885.43359375
data/datasets/O+/cluster_6_527.BMP,96,103,39690,143.85911560058594,104.15971374511719,90.03894805908203,19394.7109375
data/datasets/O+/cluster_6_5284.BMP,96,103,39690,144.26092529296875,108.88441467285156,92.40766143798828,19941.54296875
data/datasets/O+/cluster_6_5293.BMP,96,103,39690,139.1839599609375,107.27667236328125,92.38127899169922,19518.228515625
data/datasets/O+/cluster_6_5297.BMP,96,103,39690,168.57989501953125,96.6002426147461,91.44723510742188,16802.6953125
data/datasets/O+/cluster_6_53.BMP,96,103,39690,152.382080078125,104.9709701538086,91.62562561035156,22459.76953125
data/datasets/O+/cluster_6_5316.BMP,96,103,39690,127.69569396972656,107.60259246826172,91.31720733642578,17443.5390625
data/datasets/O+/cluster_6_5317.BMP,96,103,39690,133.06239318847656,107.3779525756836,88.62751007080078,21628.08203125
data/datasets/O+/cluster_6_5329.BMP,96,103,39690,163.9042205810547,100.190673828125,91.35112762451172,17516.765625
data/datasets/O+/cluster_6_5330.BMP,96,103,39690,160.50465393066406,99.69599151611328,91.04208374023438,17014.837890625
data/datasets/O+/cluster_6_5331.BMP,96,103,39690,117.8615493774414,108.7706069946289,91.39887237548828,15598.49609375
data/datasets/O+/cluster_6_5338.BMP,96,103,39690,86.02629089355469,102.32617950439453,89.85112762451172,14744.30859375
data/datasets/O+/cluster_6_5344.BMP,96,103,39690,148.2655792236328,105.98690032958984,85.94660949707031,16244.8515625
data/datasets/O+/cluster_6_5352.BMP,96,103,39690,143.42677307128906,104.97309875488281,92.02764129638672,20934.69921875
data/datasets/O+/cluster_6_5354.BMP,96,103,39690,135.11317443847656,103.95667266845703,92.42839050292969,20868.12890625
data/datasets/O+/cluster_6_5357.BMP,96,103,39690,126.92627716064453,111.81248474121094,92.430908203125,12802.5390625
data/datasets/O+/cluster_6_5358.BMP,96,103,39690,138.1418914794922,105.72817993164062,85.07537841796875,24904.568359375
data/datasets/O+/cluster_6_5364.BMP,96,103,39690,151.99777221679688,102.4822006225586,91.58919525146484,22218.71484375
data/datasets/O+/cluster_6_5368.BMP,96,103,39690,119.43608093261719,110.12271118164062,92.41960144042969,15222.345703125
data/datasets/O+/cluster_6_5372.BMP,96,103,39690,110.17414855957031,109.04261016845703,92.19660949707031,16091.5732421875
data/datasets/O+/cluster_6_5376.BMP,96,103,39690,120.10335540771484,109.92391204833984,81.87123107910156,18753.908203125
data/datasets/O+/cluster_6_5382.BMP,96,103,39690,113.00303649902344,107.20264434814453,85.87374114990234,16561.865234375
data/datasets/O+/cluster_6_5388.BMP,96,103,39690,157.32554626464844,105.02662658691406,92.43404388427734,15156.88671875
data/datasets/O+/cluster_6_5401.BMP,96,103,39690,130.04904174804688,109.80485534667969,87.9189682006836,17150.552734375
data/datasets/O+/cluster_6_5405.BMP,96,103,39690,144.63986206054688,109.01842498779297,85.66960144042969,20117.087890625
data/datasets/O+/cluster_6_5408.BMP,96,103,39690,144.93092346191406,103.95266723632812,90.25627899169922,18180.419921875
data/datasets/O+/cluster_6_5413.BMP,96,103,39690,114.17546844482422,105.02027893066406,92.2851791381836,17762.70703125
data/datasets/O+/cluster_6_5422.BMP,96,103,39690,157.8971405029297,100.26329040527344,84.87751007080078,19567.990234375
data/datasets/O+/cluster_6_5426.BMP,96,103,39690,156.75515747070312,97.12739562988281,89.59296417236328,16553.5
data/datasets/O+/cluster_6_543.BMP,96,103,39690,159.0391387939453,101.66378021240234,91.50879669189453,15227.388671875
data/datasets/O+/cluster_6_5433.BMP,96,103,39690,124.72016906738281,104.09033966064453,84.875,21267.861328125
data/datasets/O+/cluster_6_5436.BMP,96,103,39690,136.57403564453125,108.26947784423828,86.58165740966797,15043.603515625
data/datasets/O+/cluster_6_5456.BMP,96,103,39690,120.07706451416016,107.31114959716797,92.32788848876953,21604.78125
data/datasets/O+/cluster_6_546.BMP,96,103,39690,165.3101806640625,102.13358306884766,92.11620330810547,15627.8984375
data/datasets/O+/cluster_6_5462.BMP,96,103,39690,157.07948303222656,102.69364929199219,85.5898208618164,21449.04296875
data/datasets/O+/cluster_6_5478.BMP,96,103,39690,104.69296264648438,106.022705078125,84.20791625976562,16828.349609375
data/datasets/O+/cluster_6_5486.BMP,96,103,39690,132.0914306640625,108.01073455810547,91.57662963867188,18143.900390625
data/datasets/O+/cluster_6_5487.BMP,96,103,39690,141.7820587158203,108.37511444091797,92.42776489257812,19719.75390625
data/datasets/O+/cluster_6_5492.BMP,96,103,39690,140.70065307617188,109.84005737304688,92.38819122314453,16810.46484375
data/datasets/O+/cluster_6_5499.BMP,96,103,39690,131.2855987548828,107.08192443847656,87.18279266357422,19758.53515625
data/datasets/O+/cluster_6_5509.BMP,96,103,39690,152.97613525390625,101.17008209228516,91.04711151123047,19482.650390625
data/datasets/O+/cluster_6_5517.BMP,96,103,39690,134.20034790039062,105.31346130371094,90.67650604248047,18271.5390625
data/datasets/O+/cluster_6_5526.BMP,96,103,39690,154.1639404296875,107.4840087890625,91.81092834472656,19523.7421875
data/datasets/O+/cluster_6_5529.BMP,96,103,39690,123.5000991821289,103.27232360839844,88.31343841552734,21079.427734375
data/datasets/O+/cluster_6_553.BMP,96,103,39690,150.806640625,97.27076721191406,92.43341827392578,10144.79296875
data/datasets/O+/cluster_6_5532.BMP,96,103,39690,144.47198486328125,111.14196014404297,92.42776489257812,18082.517578125
data/datasets/O+/cluster_6_5537.BMP,96,103,39690,114.44771575927734,108.25435638427734,92.3800277709961,17814.12890625
data/datasets/O+/cluster_6_5542.BMP,96,103,39690,174.36184692382812,98.86666870117188,92.43215942382812,15652.029296875
data/datasets/O+/cluster_6_5543.BMP,96,103,39690,153.96066284179688,100.9870376586914,91.07726287841797,20503.705078125
data/datasets/O+/cluster_6_5546.BMP,96,103,39690,127.59890747070312,107.48186492919922,88.5904541015625,15455.97265625
data/datasets/O+/cluster_6_5551.BMP,96,103,39690,162.1506805419922,102.99702453613281,92.29837036132812,16340.052734375
data/datasets/O+/cluster_6_5560.BMP,96,103,39690,138.5104217529297,86.39500427246094,91.41143035888672,10730.263671875
data/datasets/O+/cluster_6_5564.BMP,96,103,39690,164.20823669433594,95.77279663085938,92.32662963867188,8800.671875
data/datasets/O+/cluster_6_5579.BMP,96,103,39690,122.61245727539062,108.16285705566406,89.40138244628906,17720.755859375
data/datasets/O+/cluster_6_5580.BMP,96,103,39690,178.28155517578125,95.3682861328125,91.84296417236328,16015.595703125
data/datasets/O+/cluster_6_5599.BMP,96,103,39690,147.43679809570312,94.32145690917969,92.43341827392578,15548.744140625
data/datasets/O+/cluster_6_5603.BMP,96,103,39690,167.6925506591797,99.11907958984375,89.24685668945312,17705.716796875
data/datasets/O+/cluster_6_5621.BMP,96,103,39690,135.2407989501953,82.17267608642578,86.60050201416016,7116.126953125
data/datasets/O+/cluster_6_5625.BMP,96,103,39690,122.64431762695312,108.896240234375,92.3052749633789,20340.61328125
data/datasets/O+/cluster_6_5633.BMP,96,103,39690,119.59111785888672,103.53385925292969,85.94095611572266,21241.06640625
data/datasets/O+/cluster_6_5634.BMP,96,103,39690,125.42131805419922,107.97208404541016,84.33480072021484,15023.86328125
data/datasets/O+/cluster_6_5641.BMP,241,298,215890,164.4450225830078,103.4395523071289,165.4777374267578,5243.12841796875
data/datasets/O+/cluster_6_5643.BMP,96,103,39690,138.19468688964844,105.41119384765625,92.43404388427734,13555.8203125
data/datasets/O+/cluster_6_565.BMP,96,103,39690,150.41757202148438,82.21350860595703,92.43404388427734,7028.67138671875
data/datasets/O+/cluster_6_5651.BMP,96,103,39690,156.4807891845703,103.67760467529297,92.15829467773438,18173.88671875
data/datasets/O+/cluster_6_567.BMP,96,103,39690,158.68031311035156,95.67008972167969,92.43404388427734,15194.65625
data/datasets/O+/cluster_6_5672.BMP,96,103,39690,148.10214233398438,105.23039245605469,87.2148208618164,20547.62890625
data/datasets/O+/cluster_6_568.BMP,96,103,39690,129.2806396484375,106.5141830444336,88.24560546875,18084.494140625
data/datasets/O+/cluster_6_5681.BMP,96,103,39690,149.5379180908203,87.78446197509766,89.08416748046875,7223.6181640625
data/datasets/O+/cluster_6_5682.BMP,96,103,39690,131.6656494140625,109.87328338623047,84.13065338134766,20386.765625
data/datasets/O+/cluster_6_5683.BMP,96,103,39690,122.20074462890625,107.40564727783203,88.7895736694336,18657.857421875
data/datasets/O+/cluster_6_5686.BMP,96,103,39690,149.655029296875,102.61052703857422,88.76570129394531,11715.4072265625
data/datasets/O+/cluster_6_5689.BMP,96,103,39690,110.6768798828125,104.56562805175781,90.689697265625,17133.28125
data/datasets/O+/cluster_6_570.BMP,96,103,39690,127.07493591308594,112.02757263183594,92.18843841552734,13642.9140625
data/datasets/O+/cluster_6_5704.BMP,96,103,39690,82.08515167236328,99.72956085205078,89.67650604248047,11511.1103515625
data/datasets/O+/cluster_6_5711.BMP,96,103,39690,130.96177673339844,107.18012237548828,92.29460144042969,21739.2734375
data/datasets/O+/cluster_6_5721.BMP,96,103,39690,160.95913696289062,104.0401611328125,92.42022705078125,15696.8369140625
data/datasets/O+/cluster_6_573.BMP,96,103,39690,120.07160186767578,110.63777923583984,92.07097625732422,17037.63671875
data/datasets/O+/cluster_6_5731.BMP,96,103,39690,152.57716369628906,105.22444152832031,92.23680877685547,19079.064453125
data/datasets/O+/cluster_6_5739.BMP,96,103,39690,139.52023315429688,104.05630493164062,92.4007568359375,14371.72265625
data/datasets/O+/cluster_6_574.BMP,96,103,39690,132.0133514404297,107.3546142578125,87.37060546875,20102.2734375
data/datasets/O+/cluster_6_5759.BMP,96,103,39690,147.212890625,107.14056396484375,91.0810317993164,16018.103515625
data/datasets/O+/cluster_6_5766.BMP,96,103,39690,133.00799560546875,106.62216186523438,92.43215942382812,19530.544921875
data/datasets/O+/cluster_6_5771.BMP,96,103,39690,127.6007308959961,104.3084487915039,86.66080474853516,19753.29296875
data/datasets/O+/cluster_6_578.BMP,96,103,39690,161.13328552246094,101.04234313964844,90.25314331054688,18083.228515625
data/datasets/O+/cluster_6_5781.BMP,96,103,39690,148.5652313232422,102.07147979736328,83.76445007324219,21998.396484375
data/datasets/O+/cluster_6_5788.BMP,96,103,39690,128.01072692871094,101.69085693359375,87.54962158203125,17351.3046875
data/datasets/O+/cluster_6_5805.BMP,96,103,39690,140.54116821289062,109.4024658203125,87.64258575439453,21006.3828125
data/datasets/O+/cluster_6_5815.BMP,96,103,39690,157.52113342285156,93.6535873413086,92.03894805908203,14029.783203125
data/datasets/O+/cluster_6_582.BMP,96,103,39690,140.98321533203125,107.90278625488281,92.37625885009766,18599.46875
data/datasets/O+/cluster_6_5825.BMP,96,103,39690,110.82261657714844,106.5278091430664,87.95791625976562,19135.68359375
data/datasets/O+/cluster_6_5830.BMP,96,103,39690,163.50970458984375,104.9072265625,92.375,19414.193359375
data/datasets/O+/cluster_6_5833.BMP,96,103,39690,134.39088439941406,112.01493835449219,92.39070129394531,18053.953125
data/datasets/O+/cluster_6_5839.BMP,96,103,39690,127.83343505859375,107.67427062988281,92.17902374267578,18122.01953125
data/datasets/O+/cluster_6_5851.BMP,96,103,39690,141.7493896484375,104.93394470214844,92.39510345458984,11926.8203125
data/datasets/O+/cluster_6_5858.BMP,96,103,39690,170.99130249023438,97.0600814819336,89.97550201416016,18091.01171875
data/datasets/O+/cluster_6_5862.BMP,96,103,39690,156.2350311279297,99.61013793945312,92.4145736694336,16813.09765625
data/datasets/O+/cluster_6_5864.BMP,96,103,39690,144.9793701171875,110.08891296386719,92.41268920898438,19618.330078125
data/datasets/O+/cluster_6_5872.BMP,96,103,39690,148.4247589111328,105.53543853759766,92.43341827392578,19778.91796875
data/datasets/O+/cluster_6_5874.BMP,96,103,39690,109.48533630371094,103.19530487060547,86.55276489257812,17273.123046875
data/datasets/O+/cluster_6_5876.BMP,96,103,39690,159.35467529296875,94.36370849609375,89.17776489257812,12775.6357421875
data/datasets/O+/cluster_6_59.BMP,96,103,39690,133.26223754882812,108.98336791992188,92.43341827392578,19828.98828125
data/datasets/O+/cluster_6_5908.BMP,96,103,39690,130.9791717529297,107.7469711303711,84.71922302246094,20584.359375
data/datasets/O+/cluster_6_5916.BMP,96,103,39690,126.80147552490234,106.85505676269531,92.42525482177734,16732.072265625
data/datasets/O+/cluster_6_5921.BMP,96,103,39690,176.27548217773438,92.02726745605469,92.43404388427734,10533.76953125
data/datasets/O+/cluster_6_5924.BMP,96,103,39690,125.2989501953125,108.03089141845703,91.89510345458984,16466.771484375
data/datasets/O+/cluster_6_5931.BMP,96,103,39690,141.0968780517578,103.4805679321289,90.58856964111328,18111.44921875
data/datasets/O+/cluster_6_5936.BMP,96,103,39690,162.04783630371094,100.90884399414062,92.42273712158203,18634.72265625
data/datasets/O+/cluster_6_5939.BMP,96,103,39690,105.3372802734375,102.94953155517578,89.74372100830078,18153.533203125
data/datasets/O+/cluster_6_594.BMP,96,103,39690,142.1627197265625,100.93360137939453,88.4145736694336,11921.572265625
data/datasets/O+/cluster_6_5948.BMP,96,103,39690,112.76041412353516,106.65274047851562,85.6300277709961,20009.400390625
data/datasets/O+/cluster_6_5964.BMP,96,103,39690,135.4029083251953,91.77904510498047,92.43404388427734,6914.765625
data/datasets/O+/cluster_6_5966.BMP,96,103,39690,135.5552215576172,109.77986145019531,92.34861755371094,12999.482421875
data/datasets/O+/cluster_6_5977.BMP,96,103,39690,135.05218505859375,108.39258575439453,83.42337036132812,19813.185546875
data/datasets/O+/cluster_6_5983.BMP,96,103,39690,110.79995727539062,106.98269653320312,82.62311553955078,17756.580078125
data/datasets/O+/cluster_6_5987.BMP,96,103,39690,143.15867614746094,107.04750061035156,92.0508804321289,19810.81640625
data/datasets/O+/cluster_6_5989.BMP,96,103,39690,133.75515747070312,109.57914733886719,92.41394805908203,14445.779296875
data/datasets/O+/cluster_6_5994.BMP,96,103,39690,148.1183319091797,107.71240997314453,91.98115539550781,19435.935546875
data/datasets/O+/cluster_6_602.BMP,96,103,39690,140.92788696289062,96.57557678222656,92.43341827392578,12401.4833984375
data/datasets/O+/cluster_6_622.BMP,96,103,39690,108.11266326904297,108.2904281616211,83.26884460449219,20975.69140625
data/datasets/O+/cluster_6_623.BMP,96,103,39690,156.61387634277344,105.34019470214844,92.42337036132812,15824.15234375
data/datasets/O+/cluster_6_626.BMP,96,103,39690,143.64088439941406,101.27529907226562,92.43404388427734,14757.9130859375
data/datasets/O+/cluster_6_64.BMP,96,103,39690,157.7466583251953,105.25635528564453,92.42650604248047,20254.375
data/datasets/O+/cluster_6_642.BMP,96,103,39690,162.74827575683594,103.1485595703125,92.40641021728516,18983.546875
data/datasets/O+/cluster_6_655.BMP,96,103,39690,176.27255249023438,101.55558013916016,90.1300277709961,18863.939453125
data/datasets/O+/cluster_6_661.BMP,96,103,39690,127.9723892211914,104.42694854736328,90.50439453125,19662.19921875
data/datasets/O+/cluster_6_665.BMP,96,103,39690,142.6199493408203,107.38684844970703,86.0,22577.11328125
data/datasets/O+/cluster_6_671.BMP,96,103,39690,145.18881225585938,107.2359848022461,92.39761352539062,18863.0234375
data/datasets/O+/cluster_6_679.BMP,96,103,39690,123.6917495727539,105.97640991210938,90.55904388427734,15104.943359375
data/datasets/O+/cluster_6_684.BMP,96,103,39690,105.02376556396484,107.89044952392578,81.36243438720703,13922.232421875
data/datasets/O+/cluster_6_689.BMP,96,103,39690,131.99200439453125,104.82420349121094,84.87437438964844,22584.919921875
data/datasets/O+/cluster_6_69.BMP,96,103,39690,93.2542495727539,101.10174560546875,80.11369323730469,17395.1953125
data/datasets/O+/cluster_6_70.BMP,96,103,39690,120.5688705444336,107.74044036865234,91.77700805664062,20625.8671875
data/datasets/O+/cluster_6_709.BMP,96,103,39690,110.37044525146484,109.48765563964844,92.18592834472656,12165.0859375
data/datasets/O+/cluster_6_717.BMP,96,103,39690,102.0653305053711,103.79005432128906,83.65264129638672,18688.708984375
data/datasets/O+/cluster_6_720.BMP,241,298,215890,146.2917022705078,102.76422882080078,172.0576629638672,4138.70947265625
data/datasets/O+/cluster_6_724.BMP,96,103,39690,124.88258361816406,102.86727905273438,89.57537841796875,23737.0234375
data/datasets/O+/cluster_6_732.BMP,96,103,39690,112.70004272460938,110.01371002197266,91.91143035888672,14554.2275390625
data/datasets/O+/cluster_6_734.BMP,96,103,39690,135.5127410888672,98.06275939941406,88.3844223022461,15277.2607421875
data/datasets/O+/cluster_6_752.BMP,96,103,39690,155.78135681152344,91.15971374511719,92.43404388427734,8870.9873046875
data/datasets/O+/cluster_6_762.BMP,96,103,39690,126.3990707397461,109.1220932006836,87.51319122314453,15946.966796875
data/datasets/O+/cluster_6_771.BMP,96,103,39690,161.1613006591797,98.87995147705078,92.43404388427734,13600.994140625
data/datasets/O+/cluster_6_773.BMP,96,103,39690,126.15625,106.60475158691406,89.29962158203125,18356.646484375
data/datasets/O+/cluster_6_774.BMP,96,103,39690,137.333740234375,106.67565155029297,88.22801208496094,19995.537109375
data/datasets/O+/cluster_6_784.BMP,96,103,39690,140.73634338378906,99.70557403564453,88.33793640136719,13651.943359375
data/datasets/O+/cluster_6_794.BMP,96,103,39690,173.34658813476562,97.40308380126953,87.38756561279297,19342.83984375
data/datasets/O+/cluster_6_797.BMP,96,103,39690,137.25485229492188,111.91607666015625,92.10552978515625,17446.0625
data/datasets/O+/cluster_6_799.BMP,96,103,39690,131.39694213867188,110.61275482177734,86.24120330810547,14002.431640625
data/datasets/O+/cluster_6_803.BMP,96,103,39690,164.0447998046875,101.90092468261719,91.34799194335938,19355.1640625
data/datasets/O+/cluster_6_804.BMP,96,103,39690,132.2593994140625,109.99647521972656,92.39761352539062,19970.095703125
data/datasets/O+/cluster_6_808.BMP,96,103,39690,139.24362182617188,107.60606384277344,92.41268920898438,25013.298828125
data/datasets/O+/cluster_6_812.BMP,96,103,39690,163.7472686767578,106.73130798339844,92.43404388427734,15757.33203125
data/datasets/O+/cluster_6_813.BMP,96,103,39690,122.14957427978516,108.51658630371094,91.3398208618164,20962.42578125
data/datasets/O+/cluster_6_837.BMP,96,103,39690,135.57078552246094,103.96012115478516,86.94158172607422,18141.6953125
data/datasets/O+/cluster_6_839.BMP,96,103,39690,125.23978424072266,102.00070190429688,92.34673309326172,11346.3486328125
data/datasets/O+/cluster_6_843.BMP,96,103,39690,117.09769439697266,105.63555145263672,81.27952575683594,21695.97265625
data/datasets/O+/cluster_6_844.BMP,96,103,39690,162.36245727539062,103.27241516113281,92.43404388427734,20092.39453125
data/datasets/O+/cluster_6_850.BMP,96,103,39690,158.21763610839844,91.6028060913086,92.43404388427734,8712.8310546875
data/datasets/O+/cluster_6_855.BMP,96,103,39690,135.6937713623047,106.46049499511719,90.4189682006836,20885.162109375
data/datasets/O+/cluster_6_856.BMP,96,103,39690,158.12803649902344,90.71819305419922,92.43404388427734,11467.015625
data/datasets/O+/cluster_6_858.BMP,96,103,39690,128.54348754882812,107.56575012207031,91.76758575439453,18221.98828125
data/datasets/O+/cluster_6_861.BMP,96,103,39690,88.73624420166016,98.95504760742188,89.56846618652344,15042.2236328125
data/datasets/O+/cluster_6_885.BMP,96,103,39690,121.61397552490234,107.69098663330078,91.93467712402344,15835.0732421875
data/datasets/O+/cluster_6_893.BMP,96,103,39690,143.59405517578125,110.6416244506836,90.33731079101562,18225.4375
data/datasets/O+/cluster_6_902.BMP,96,103,39690,136.26284790039062,108.27214050292969,92.4302749633789,15475.818359375
data/datasets/O+/cluster_6_911.BMP,96,103,39690,116.73381805419922,105.66439819335938,81.5785140991211,19121.572265625
data/datasets/O+/cluster_6_932.BMP,96,103,39690,131.7647705078125,106.9776840209961,84.90641021728516,20905.33984375
data/datasets/O+/cluster_6_935.BMP,96,103,39690,138.6854705810547,83.4013671875,90.60176086425781,6062.02880859375
data/datasets/O+/cluster_6_937.BMP,96,103,39690,137.58737182617188,107.25553894042969,91.06595611572266,15372.1435546875
data/datasets/O+/cluster_6_941.BMP,96,103,39690,145.0941619873047,104.47021484375,91.17650604248047,18773.84375
data/datasets/O+/cluster_6_954.BMP,96,103,39690,124.84688568115234,104.65909576416016,91.9861831665039,19335.796875
data/datasets/O+/cluster_6_971.BMP,96,103,39690,155.3056182861328,103.48576354980469,89.79711151123047,21529.798828125
data/datasets/O+/cluster_6_975.BMP,96,103,39690,142.03347778320312,104.73252868652344,92.38693237304688,20584.875
data/datasets/O+/cluster_6_978.BMP,96,103,39690,138.44215393066406,110.62960052490234,92.20916748046875,17687.787109375
data/datasets/O+/cluster_6_981.BMP,96,103,39690,134.80015563964844,104.88858795166016,91.31720733642578,19411.958984375
data/datasets/O+/cluster_6_990.BMP,96,103,39690,128.29510498046875,110.36589050292969,86.49308776855469,15814.001953125
data/datasets/O-/cluster_7_1002.BMP,241,298,215890,159.22691345214844,102.57140350341797,173.7370147705078,4832.45751953125
data/datasets/O-/cluster_7_1014.BMP,96,103,39690,150.54449462890625,103.57762145996094,92.33354187011719,20451.34765625
data/datasets/O-/cluster_7_1028.BMP,96,103,39690,133.27325439453125,106.81005859375,92.28706359863281,21281.4375
data/datasets/O-/cluster_7_1037.BMP,96,103,39690,135.37176513671875,107.24734497070312,92.4258804321289,17585.8359375
data/datasets/O-/cluster_7_1040.BMP,241,298,215890,161.39979553222656,103.07759094238281,179.42787170410156,4387.72412109375
data/datasets/O-/cluster_7_1043.BMP,96,103,39690,146.40048217773438,98.87350463867188,92.43404388427734,16062.68359375
data/datasets/O-/cluster_7_1046.BMP,96,103,39690,148.0481414794922,100.6988296508789,91.26445007324219,20845.08984375
data/datasets/O-/cluster_7_1047.BMP,96,103,39690,179.6890106201172,92.74607849121094,88.54145812988281,13159.787109375
data/datasets/O-/cluster_7_1061.BMP,96,103,39690,157.32716369628906,103.07359313964844,92.43404388427734,8717.724609375
data/datasets/O-/cluster_7_1091.BMP,96,103,39690,128.7691192626953,84.69031524658203,92.42399597167969,5480.810546875
data/datasets/O-/cluster_7_1099.BMP,96,103,39690,166.1937713623047,99.43795013427734,92.13945007324219,13548.53515625
data/datasets/O-/cluster_7_1104.BMP,96,103,39690,148.9837188720703,98.68124389648438,92.430908203125,8128.91943359375
data/datasets/O-/cluster_7_112.BMP,96,103,39690,146.2591094970703,109.89956665039062,92.43404388427734,13276.6484375
data/datasets/O-/cluster_7_1120.BMP,96,103,39690,149.82716369628906,109.49784088134766,92.43404388427734,14087.4150390625
data/datasets/O-/cluster_7_1121.BMP,96,103,39690,192.4522705078125,86.10675811767578,92.43404388427734,7883.00927734375
data/datasets/O-/cluster_7_1127.BMP,96,103,39690,145.37823486328125,109.35528564453125,92.42085266113281,18482.84375
data/datasets/O-/cluster_7_1129.BMP,96,103,39690,173.94285583496094,89.57133483886719,92.43404388427734,12687.71875
data/datasets/O-/cluster_7_1131.BMP,96,103,39690,161.62327575683594,98.4406509399414,92.43404388427734,8740.21875
data/datasets/O-/cluster_7_114.BMP,96,103,39690,168.55087280273438,97.39144897460938,92.20916748046875,14813.751953125
data/datasets/O-/cluster_7_1144.BMP,96,103,39690,130.29794311523438,108.63880157470703,92.43341827392578,16136.849609375
data/datasets/O-/cluster_7_1151.BMP,96,103,39690,157.89300537109375,104.876953125,91.52889251708984,14734.916015625
data/datasets/O-/cluster_7_1173.BMP,96,103,39690,131.95631408691406,110.55162811279297,92.38316345214844,12839.4365234375
data/datasets/O-/cluster_7_1177.BMP,96,103,39690,150.6866912841797,101.63380432128906,92.43404388427734,13827.875
data/datasets/O-/cluster_7_1180.BMP,96,103,39690,184.57534790039062,88.20941162109375,91.8241195678711,11116.697265625
data/datasets/O-/cluster_7_1200.BMP,96,103,39690,148.5829315185547,98.4371109008789,92.43153381347656,7872.953125
data/datasets/O-/cluster_7_1203.BMP,96,103,39690,141.1966094970703,108.13790130615234,92.43215942382812,18072.05078125
data/datasets/O-/cluster_7_1207.BMP,96,103,39690,163.23736572265625,101.6399154663086,92.1947250366211,19744.2734375
data/datasets/O-/cluster_7_1216.BMP,96,103,39690,163.9467010498047,99.9411392211914,92.43404388427734,12020.466796875
data/datasets/O-/cluster_7_1223.BMP,96,103,39690,146.5943603515625,90.53500366210938,92.43404388427734,9549.201171875
data/datasets/O-/cluster_7_1224.BMP,96,103,39690,94.88521575927734,105.81050109863281,92.29145812988281,13686.541015625
data/datasets/O-/cluster_7_1233.BMP,96,103,39690,157.7237091064453,106.9295883178711,92.3888168334961,18397.7421875
data/datasets/O-/cluster_7_1234.BMP,96,103,39690,158.60911560058594,105.24546813964844,92.43404388427734,10459.880859375
data/datasets/O-/cluster_7_1235.BMP,96,103,39690,163.5539093017578,101.21737670898438,92.4258804321289,16090.57421875
data/datasets/O-/cluster_7_1244.BMP,96,103,39690,175.68760681152344,93.92314910888672,91.3448486328125,15059.013671875
data/datasets/O-/cluster_7_1263.BMP,96,103,39690,175.29945373535156,91.833251953125,92.43404388427734,11602.7587890625
data/datasets/O-/cluster_7_1273.BMP,96,103,39690,157.5870819091797,98.8897933959961,92.25251007080078,17720.4921875
data/datasets/O-/cluster_7_1292.BMP,96,103,39690,108.62682342529297,105.8549575805664,89.0163345336914,14331.2275390625
data/datasets/O-/cluster_7_1306.BMP,96,103,39690,140.24838256835938,108.1168441772461,92.4258804321289,16774.271484375
data/datasets/O-/cluster_7_1312.BMP,96,103,39690,140.69822692871094,108.0869140625,92.37374114990234,14812.4921875
data/datasets/O-/cluster_7_1313.BMP,96,103,39690,166.3422393798828,105.82063293457031,92.42462158203125,11339.8642578125
data/datasets/O-/cluster_7_1321.BMP,96,103,39690,166.66595458984375,98.85091400146484,91.41583251953125,18995.130859375
data/datasets/O-/cluster_7_1334.BMP,96,103,39690,147.84910583496094,100.62840270996094,91.79083251953125,14263.689453125
data/datasets/O-/cluster_7_1335.BMP,96,103,39690,139.9402313232422,109.9498291015625,92.4214859008789,19362.62109375
data/datasets/O-/cluster_7_1338.BMP,96,103,39690,152.8156280517578,108.61686706542969,92.1991195678711,16163.859375
data/datasets/O-/cluster_7_1343.BMP,96,103,39690,167.94619750976562,97.98780059814453,91.53894805908203,17437.60546875
data/datasets/O-/cluster_7_1346.BMP,96,103,39690,160.5033416748047,102.875244140625,92.0251235961914,20616.44140625
data/datasets/O-/cluster_7_1352.BMP,96,103,39690,150.0285186767578,99.02523803710938,90.85615539550781,17488.97265625
data/datasets/O-/cluster_7_1357.BMP,96,103,39690,146.99838256835938,94.46058654785156,92.43341827392578,10178.552734375
data/datasets/O-/cluster_7_1358.BMP,96,103,39690,125.56644439697266,108.92962646484375,91.80967712402344,18158.984375
data/datasets/O-/cluster_7_1380.BMP,96,103,39690,179.81988525390625,103.2184066772461,92.12939453125,12124.1806640625
data/datasets/O-/cluster_7_1392.BMP,96,103,39690,174.8885498046875,93.78252410888672,92.42211151123047,13221.109375
data/datasets/O-/cluster_7_1406.BMP,96,103,39690,153.0658416748047,106.15089416503906,92.43215942382812,13961.62109375
data/datasets/O-/cluster_7_1408.BMP,96,103,39690,145.344970703125,109.50273132324219,92.35552978515625,15018.263671875
data/datasets/O-/cluster_7_141.BMP,96,103,39690,175.3745880126953,106.6188735961914,92.4214859008789,13236.7109375
data/datasets/O-/cluster_7_1418.BMP,96,103,39690,177.55966186523438,91.26261138916016,92.43404388427734,11029.36328125
data/datasets/O-/cluster_7_1441.BMP,96,103,39690,155.77386474609375,103.76148223876953,91.0301513671875,22052.81640625
data/datasets/O-/cluster_7_1443.BMP,96,103,39690,152.38601684570312,85.95075225830078,92.43404388427734,4346.37548828125
data/datasets/O-/cluster_7_1453.BMP,96,103,39690,143.5339813232422,110.75492095947266,91.4007568359375,11267.291015625
data/datasets/O-/cluster_7_1468.BMP,96,103,39690,168.0456085205078,102.41839599609375,92.43404388427734,8507.166015625
data/datasets/O-/cluster_7_1477.BMP,96,103,39690,142.5023193359375,107.81322479248047,92.34358978271484,20534.98046875
data/datasets/O-/cluster_7_148.BMP,96,103,39690,136.07615661621094,103.79949188232422,91.11054992675781,15944.69921875
data/datasets/O-/cluster_7_1487.BMP,96,103,39690,135.24807739257812,81.8388900756836,91.069091796875,6707.2578125
data/datasets/O-/cluster_7_1489.BMP,96,103,39690,174.3718719482422,91.20108032226562,92.43404388427734,7462.27734375
data/datasets/O-/cluster_7_1493.BMP,96,103,39690,143.96986389160156,101.46228790283203,92.43404388427734,9463.646484375
data/datasets/O-/cluster_7_1497.BMP,96,103,39690,154.84739685058594,108.49825286865234,92.20226287841797,13100.1875
data/datasets/O-/cluster_7_1498.BMP,96,103,39690,105.76183319091797,114.46726989746094,92.40264129638672,6345.76318359375
data/datasets/O-/cluster_7_1499.BMP,96,103,39690,127.62530517578125,104.04776763916016,91.4560317993164,22571.51171875
data/datasets/O-/cluster_7_1504.BMP,96,103,39690,125.53165435791016,110.88268280029297,92.43404388427734,11060.7265625
data/datasets/O-/cluster_7_1508.BMP,96,103,39690,156.9270782470703,107.60200500488281,92.43404388427734,14578.9560546875
data/datasets/O-/cluster_7_1520.BMP,96,103,39690,164.49281311035156,102.74063110351562,92.29208374023438,16485.287109375
data/datasets/O-/cluster_7_1523.BMP,96,103,39690,134.67738342285156,104.46849822998047,91.45980072021484,17545.44140625
data/datasets/O-/cluster_7_1541.BMP,96,103,39690,125.8302993774414,108.09396362304688,91.15138244628906,18736.015625
data/datasets/O-/cluster_7_1546.BMP,96,103,39690,150.89169311523438,109.91676330566406,92.38568115234375,18599.291015625
data/datasets/O-/cluster_7_1547.BMP,96,103,39690,142.42222595214844,107.20076751708984,92.38568115234375,24019.078125
data/datasets/O-/cluster_7_1552.BMP,96,103,39690,137.42788696289062,113.32086944580078,92.43341827392578,11623.869140625
data/datasets/O-/cluster_7_1568.BMP,96,103,39690,129.18487548828125,107.0057601928711,92.430908203125,12512.18359375
data/datasets/O-/cluster_7_1574.BMP,96,103,39690,167.4710693359375,101.2551040649414,92.15641021728516,17296.41015625
data/datasets/O-/cluster_7_1580.BMP,96,103,39690,124.62752532958984,103.4410171508789,86.19535064697266,20484.1953125
data/datasets/O-/cluster_7_1584.BMP,96,103,39690,117.01800537109375,103.97284698486328,90.98806762695312,18745.8125
data/datasets/O-/cluster_7_1586.BMP,96,103,39690,150.87115478515625,99.68960571289062,92.43404388427734,13827.474609375
data/datasets/O-/cluster_7_1590.BMP,96,103,39690,116.99120330810547,106.61135864257812,92.22612762451172,21333.64453125
data/datasets/O-/cluster_7_1591.BMP,96,103,39690,149.2331085205078,108.42932891845703,92.32977294921875,17729.85546875
data/datasets/O-/cluster_7_1592.BMP,96,103,39690,168.91525268554688,94.33232116699219,92.42713928222656,13904.96875
data/datasets/O-/cluster_7_1594.BMP,96,103,39690,161.75030517578125,108.75729370117188,92.30841827392578,14903.7578125
data/datasets/O-/cluster_7_1596.BMP,96,103,39690,131.9383087158203,106.57868957519531,91.63316345214844,13720.0546875
data/datasets/O-/cluster_7_1610.BMP,96,103,39690,156.01162719726562,104.80949401855469,91.62185668945312,16079.197265625
data/datasets/O-/cluster_7_1628.BMP,96,103,39690,123.33940124511719,111.64187622070312,92.41834259033203,15602.341796875
data/datasets/O-/cluster_7_1635.BMP,96,103,39690,165.9041290283203,91.18243408203125,92.43404388427734,7767.7353515625
data/datasets/O-/cluster_7_1638.BMP,96,103,39690,146.24302673339844,106.68053436279297,92.43404388427734,14388.4482421875
data/datasets/O-/cluster_7_1641.BMP,96,103,39690,184.31866455078125,91.9637680053711,91.22550201416016,13091.623046875
data/datasets/O-/cluster_7_1643.BMP,96,103,39690,147.54833984375,93.63094329833984,92.43404388427734,5738.44140625
data/datasets/O-/cluster_7_1657.BMP,96,103,39690,166.59617614746094,104.44950866699219,92.41834259033203,13466.8037109375
data/datasets/O-/cluster_7_1662.BMP,96,103,39690,137.76669311523438,108.76786041259766,91.1758804321289,15244.873046875
data/datasets/O-/cluster_7_1678.BMP,96,103,39690,137.92364501953125,107.4384765625,91.66394805908203,16761.068359375
data/datasets/O-/cluster_7_1683.BMP,96,103,39690,168.32078552246094,102.56356811523438,92.43404388427734,15928.904296875
data/datasets/O-/cluster_7_170.BMP,96,103,39690,123.0007095336914,108.82281494140625,91.59861755371094,16491.11328125
data/datasets/O-/cluster_7_1707.BMP,96,103,39690,177.68446350097656,94.30843353271484,92.43404388427734,10189.4609375
data/datasets/O-/cluster_7_1725.BMP,96,103,39690,176.87176513671875,97.02629089355469,92.43404388427734,10338.724609375
data/datasets/O-/cluster_7_1728.BMP,96,103,39690,163.88026428222656,98.67433166503906,91.29271697998047,14426.4482421875
data/datasets/O-/cluster_7_173.BMP,96,103,39690,144.90635681152344,106.27702331542969,91.8586654663086,18638.80078125
data/datasets/O-/cluster_7_1742.BMP,96,103,39690,158.25607299804688,110.53270721435547,92.24434661865234,13983.66015625
data/datasets/O-/cluster_7_1743.BMP,96,103,39690,159.73472595214844,107.42898559570312,92.29271697998047,18337.583984375
data/datasets/O-/cluster_7_1748.BMP,96,103,39690,106.63308715820312,105.08655548095703,91.3498764038086,16212.51171875
data/datasets/O-/cluster_7_1749.BMP,96,103,39690,151.3602294921875,103.28636169433594,92.2148208618164,14500.2939453125
data/datasets/O-/cluster_7_1759.BMP,96,103,39690,173.4283905029297,99.4422378540039,92.4302749633789,16108.884765625
data/datasets/O-/cluster_7_1765.BMP,96,103,39690,136.3052215576172,105.21174621582031,91.21231079101562,20505.62890625
data/datasets/O-/cluster_7_1770.BMP,96,103,39690,148.44851684570312,104.81499481201172,92.43404388427734,12499.58203125
data/datasets/O-/cluster_7_1775.BMP,96,103,39690,159.07473754882812,96.14568328857422,92.43404388427734,6558.9619140625
data/datasets/O-/cluster_7_1780.BMP,96,103,39690,147.2238006591797,108.06652069091797,92.40264129638672,16956.5234375
data/datasets/O-/cluster_7_1795.BMP,96,103,39690,153.51800537109375,110.23562622070312,91.89635467529297,11764.0615234375
data/datasets/O-/cluster_7_1805.BMP,96,103,39690,138.5797882080078,106.40017700195312,92.42337036132812,20109.99609375
data/datasets/O-/cluster_7_1819.BMP,96,103,39690,168.0456085205078,102.41839599609375,92.43404388427734,8507.166015625
data/datasets/O-/cluster_7_1821.BMP,96,103,39690,98.1001205444336,107.41364288330078,85.04334259033203,10200.330078125
data/datasets/O-/cluster_7_1822.BMP,96,103,39690,177.96804809570312,99.48834228515625,92.42399597167969,13547.4501953125
data/datasets/O-/cluster_7_1823.BMP,96,103,39690,150.5960693359375,98.32980346679688,92.42211151123047,9764.00390625
data/datasets/O-/cluster_7_1841.BMP,96,103,39690,159.58151245117188,99.03736114501953,91.35301208496094,19647.23046875
data/datasets/O-/cluster_7_1847.BMP,96,103,39690,148.28579711914062,104.26093292236328,91.66080474853516,16244.677734375
data/datasets/O-/cluster_7_1849.BMP,96,103,39690,166.458740234375,100.51226806640625,91.66080474853516,16742.845703125
data/datasets/O-/cluster_7_1850.BMP,96,103,39690,161.50131225585938,97.60847473144531,92.20916748046875,16097.7099609375
data/datasets/O-/cluster_7_1852.BMP,96,103,39690,145.9993896484375,111.41156005859375,92.430908203125,12826.5859375
data/datasets/O-/cluster_7_1857.BMP,96,103,39690,137.55279541015625,105.2339859008789,91.0508804321289,16428.697265625
data/datasets/O-/cluster_7_1864.BMP,96,103,39690,164.98422241210938,102.02651977539062,92.430908203125,18096.6875
data/datasets/O-/cluster_7_1873.BMP,96,103,39690,148.8317108154297,102.7208251953125,92.29145812988281,16061.87890625
data/datasets/O-/cluster_7_188.BMP,96,103,39690,160.85861206054688,109.22360229492188,92.4214859008789,14770.228515625
data/datasets/O-/cluster_7_1887.BMP,96,103,39690,130.67718505859375,107.97621154785156,92.0301513671875,20034.068359375
data/datasets/O-/cluster_7_189.BMP,96,103,39690,159.90928649902344,98.42721557617188,92.43341827392578,14491.931640625
data/datasets/O-/cluster_7_1895.BMP,96,103,39690,152.08717346191406,92.79911041259766,92.43404388427734,6290.142578125
data/datasets/O-/cluster_7_1902.BMP,96,103,39690,135.308349609375,106.39179992675781,91.35678100585938,17063.57421875
data/datasets/O-/cluster_7_1903.BMP,96,103,39690,124.6661605834961,107.31002807617188,91.53266143798828,15860.85546875
data/datasets/O-/cluster_7_1921.BMP,96,103,39690,155.76315307617188,104.05721282958984,92.2895736694336,18876.59765625
data/datasets/O-/cluster_7_1923.BMP,96,103,39690,200.36236572265625,89.92914581298828,92.310302734375,10161.244140625
data/datasets/O-/cluster_7_1927.BMP,96,103,39690,174.25485229492188,98.30211639404297,90.25376892089844,16551.857421875
data/datasets/O-/cluster_7_1932.BMP,96,103,39690,156.95257568359375,107.95616912841797,92.43404388427734,19552.34375
data/datasets/O-/cluster_7_1944.BMP,96,103,39690,170.19174194335938,96.68386840820312,92.43404388427734,12628.701171875
data/datasets/O-/cluster_7_1945.BMP,96,103,39690,130.5985107421875,106.74066162109375,88.54522705078125,23859.052734375
data/datasets/O-/cluster_7_1946.BMP,96,103,39690,160.4673309326172,99.78469848632812,92.43404388427734,7098.60693359375
data/datasets/O-/cluster_7_1952.BMP,96,103,39690,174.65635681152344,98.19171905517578,89.83793640136719,16154.666015625
data/datasets/O-/cluster_7_1957.BMP,96,103,39690,139.7914581298828,106.37446594238281,91.2104263305664,17631.3984375
data/datasets/O-/cluster_7_1961.BMP,96,103,39690,155.61184692382812,97.93795776367188,92.4302749633789,14165.162109375
data/datasets/O-/cluster_7_1962.BMP,96,103,39690,144.5418701171875,106.63178253173828,92.43341827392578,17102.134765625
data/datasets/O-/cluster_7_1963.BMP,96,103,39690,120.77245330810547,111.95886993408203,91.91583251953125,13088.7685546875
data/datasets/O-/cluster_7_1964.BMP,96,103,39690,154.58828735351562,110.88367462158203,92.43404388427734,11704.82421875
data/datasets/O-/cluster_7_1975.BMP,96,103,39690,135.92303466796875,109.486328125,92.26004791259766,20532.88671875
data/datasets/O-/cluster_7_1978.BMP,96,103,39690,175.58282470703125,98.30712890625,92.26068115234375,15815.5693359375
data/datasets/O-/cluster_7_2.BMP,241,298,215890,173.9998321533203,95.89571380615234,179.61859130859375,3346.93994140625
data/datasets/O-/cluster_7_2010.BMP,96,103,39690,183.319580078125,93.88916015625,90.3285140991211,15728.7822265625
data/datasets/O-/cluster_7_2022.BMP,96,103,39690,126.36943817138672,111.58759307861328,91.93781280517578,13080.5849609375
data/datasets/O-/cluster_7_2023.BMP,96,103,39690,100.96045684814453,109.00041961669922,92.2964859008789,12833.556640625
data/datasets/O-/cluster_7_203.BMP,96,103,39690,152.58970642089844,100.38638305664062,91.90200805664062,14988.3349609375
data/datasets/O-/cluster_7_2047.BMP,96,103,39690,202.29541015625,78.59563446044922,92.43404388427734,3908.84228515625
data/datasets/O-/cluster_7_2050.BMP,96,103,39690,152.72703552246094,105.9097671508789,91.66206359863281,18171.2890625
data/datasets/O-/cluster_7_2058.BMP,96,103,39690,161.05430603027344,104.6729507446289,92.43404388427734,12934.9833984375
data/datasets/O-/cluster_7_2060.BMP,96,103,39690,148.0633087158203,105.10785675048828,92.43153381347656,15625.677734375
data/datasets/O-/cluster_7_2061.BMP,96,103,39690,148.95974731445312,84.30216979980469,92.43404388427734,4881.4765625
data/datasets/O-/cluster_7_2071.BMP,96,103,39690,139.21237182617188,107.71460723876953,92.15766143798828,19479.6875
data/datasets/O-/cluster_7_21.BMP,96,103,39690,114.06513214111328,110.85952758789062,92.36180877685547,10431.4287109375
data/datasets/O-/cluster_7_2105.BMP,241,298,215890,147.65194702148438,104.03386688232422,184.93931579589844,4360.11669921875
data/datasets/O-/cluster_7_2134.BMP,96,103,39690,127.98756408691406,111.07427215576172,91.30025482177734,11834.875
data/datasets/O-/cluster_7_2139.BMP,96,103,39690,140.60992431640625,77.75933837890625,86.19723510742188,5524.7255859375
data/datasets/O-/cluster_7_2151.BMP,96,103,39690,168.1904296875,100.43343353271484,92.15766143798828,17902.962890625
data/datasets/O-/cluster_7_2153.BMP,96,103,39690,143.76678466796875,109.62944793701172,92.25188446044922,16589.95703125
data/datasets/O-/cluster_7_2157.BMP,96,103,39690,162.33920288085938,104.59978485107422,92.43404388427734,17547.20703125
data/datasets/O-/cluster_7_2159.BMP,96,103,39690,156.94447326660156,103.4187240600586,92.43153381347656,19982.767578125
data/datasets/O-/cluster_7_2172.BMP,96,103,39690,175.14169311523438,103.72606658935547,92.27889251708984,11817.890625
data/datasets/O-/cluster_7_2196.BMP,96,103,39690,151.8506317138672,110.87162780761719,92.39510345458984,13247.2109375
data/datasets/O-/cluster_7_2200.BMP,96,103,39690,149.95883178710938,109.87354278564453,92.430908203125,19196.66796875
data/datasets/O-/cluster_7_2203.BMP,96,103,39690,132.51284790039062,103.89073181152344,91.77764129638672,12395.083984375
data/datasets/O-/cluster_7_2204.BMP,96,103,39690,121.71601867675781,106.57648468017578,92.430908203125,10610.908203125
data/datasets/O-/cluster_7_2219.BMP,96,103,39690,154.8958282470703,105.73406219482422,92.03894805908203,13829.90625
data/datasets/O-/cluster_7_2224.BMP,96,103,39690,142.56776428222656,106.89119720458984,91.4742431640625,16829.353515625
data/datasets/O-/cluster_7_2238.BMP,96,103,39690,106.88187408447266,114.94635009765625,90.89823913574219,7818.9638671875
data/datasets/O-/cluster_7_2241.BMP,96,103,39690,185.7514190673828,98.1047134399414,92.3498764038086,14041.73828125
data/datasets/O-/cluster_7_2246.BMP,96,103,39690,174.507080078125,98.08727264404297,92.43404388427734,14689.91796875
data/datasets/O-/cluster_7_2247.BMP,96,103,39690,173.6996307373047,97.8264389038086,92.40200805664062,11906.013671875
data/datasets/O-/cluster_7_2248.BMP,96,103,39690,162.37034606933594,101.92955780029297,92.04083251953125,16527.306640625
data/datasets/O-/cluster_7_2251.BMP,96,103,39690,147.65382385253906,104.98748779296875,92.2939682006836,18965.177734375
data/datasets/O-/cluster_7_2270.BMP,96,103,39690,110.30339813232422,104.19711303710938,89.1507568359375,12879.2470703125
data/datasets/O-/cluster_7_2271.BMP,96,103,39690,169.7604217529297,93.54432678222656,92.43404388427734,11065.1240234375
data/datasets/O-/cluster_7_2272.BMP,96,103,39690,160.03732299804688,105.71675109863281,92.36872100830078,19787.849609375
data/datasets/O-/cluster_7_2273.BMP,96,103,39690,167.896240234375,104.42890930175781,92.40264129638672,17296.4140625
data/datasets/O-/cluster_7_2275.BMP,96,103,39690,147.3941192626953,82.21440124511719,92.43404388427734,5045.2939453125
data/datasets/O-/cluster_7_228.BMP,96,103,39690,115.96247863769531,104.68487548828125,92.36306762695312,19308.794921875
data/datasets/O-/cluster_7_2280.BMP,96,103,39690,150.994140625,108.19171142578125,92.15766143798828,13649.32421875
data/datasets/O-/cluster_7_2282.BMP,96,103,39690,130.5654296875,101.62600708007812,91.79522705078125,16127.87890625
data/datasets/O-/cluster_7_2290.BMP,96,103,39690,173.3970489501953,104.26726531982422,92.32914733886719,14574.4140625
data/datasets/O-/cluster_7_2300.BMP,96,103,39690,138.20448303222656,106.7913589477539,91.55715942382812,17245.236328125
data/datasets/O-/cluster_7_2305.BMP,96,103,39690,179.96905517578125,94.09312438964844,92.37814331054688,13195.68359375
data/datasets/O-/cluster_7_2306.BMP,96,103,39690,161.03529357910156,106.53033447265625,92.12562561035156,14674.671875
data/datasets/O-/cluster_7_2316.BMP,96,103,39690,163.4658203125,103.21768188476562,92.43404388427734,14245.265625
data/datasets/O-/cluster_7_2317.BMP,96,103,39690,153.4524688720703,95.50254821777344,92.43215942382812,9067.95703125
data/datasets/O-/cluster_7_2331.BMP,96,103,39690,132.4231414794922,110.9075698852539,92.34735870361328,15876.6875
data/datasets/O-/cluster_7_2332.BMP,96,103,39690,139.856689453125,109.26596069335938,92.43404388427734,13815.736328125
data/datasets/O-/cluster_7_2338.BMP,96,103,39690,154.8387908935547,104.35020446777344,91.69158172607422,15275.08203125
data/datasets/O-/cluster_7_2379.BMP,96,103,39690,158.84445190429688,93.49922180175781,92.43215942382812,9760.720703125
data/datasets/O-/cluster_7_238.BMP,96,103,39690,134.20712280273438,108.62181854248047,91.49183654785156,18001.15625
data/datasets/O-/cluster_7_239.BMP,96,103,39690,147.2706298828125,105.8702163696289,92.3913345336914,18001.748046875
data/datasets/O-/cluster_7_2391.BMP,96,103,39690,161.21420288085938,104.99674224853516,92.39635467529297,19781.66796875
data/datasets/O-/cluster_7_2395.BMP,96,103,39690,172.1868896484375,103.30757141113281,92.2154541015625,12915.498046875
data/datasets/O-/cluster_7_2398.BMP,96,103,39690,148.623779296875,109.43704986572266,92.32914733886719,18631.87890625
data/datasets/O-/cluster_7_24.BMP,96,103,39690,173.1212615966797,99.23905181884766,92.43404388427734,8154.1279296875
data/datasets/O-/cluster_7_2463.BMP,96,103,39690,159.00070190429688,107.35227966308594,92.43404388427734,16436.28515625
data/datasets/O-/cluster_7_2465.BMP,96,103,39690,168.9254608154297,101.36767578125,92.43279266357422,15076.08203125
data/datasets/O-/cluster_7_247.BMP,96,103,39690,163.98684692382812,85.73614501953125,92.43404388427734,6625.8701171875
data/datasets/O-/cluster_7_2482.BMP,96,103,39690,156.30804443359375,91.9926528930664,92.43404388427734,6885.0986328125
data/datasets/O-/cluster_7_2494.BMP,96,103,39690,147.19114685058594,108.51510620117188,92.43404388427734,19899.5234375
data/datasets/O-/cluster_7_2496.BMP,96,103,39690,179.20358276367188,94.63935089111328,90.24308776855469,13188.443359375
data/datasets/O-/cluster_7_250.BMP,96,103,39690,132.49838256835938,112.1479263305664,92.310302734375,15507.064453125
data/datasets/O-/cluster_7_2504.BMP,96,103,39690,140.9716796875,104.87060546875,92.31720733642578,18424.625
data/datasets/O-/cluster_7_2529.BMP,96,103,39690,148.19195556640625,106.79210662841797,92.26068115234375,16392.5859375
data/datasets/O-/cluster_7_2540.BMP,96,103,39690,146.12399291992188,95.4709243774414,92.43404388427734,4802.99755859375
data/datasets/O-/cluster_7_256.BMP,96,103,39690,147.30288696289062,105.54654693603516,91.54019927978516,16654.09375
data/datasets/O-/cluster_7_2572.BMP,96,103,39690,190.55552673339844,88.50276184082031,92.43404388427734,7235.5771484375
data/datasets/O-/cluster_7_2574.BMP,96,103,39690,156.1556396484375,108.76543426513672,92.43153381347656,15132.75390625
data/datasets/O-/cluster_7_2588.BMP,96,103,39690,136.27679443359375,75.3656005859375,85.73241424560547,5055.4970703125
data/datasets/O-/cluster_7_2597.BMP,96,103,39690,175.4168701171875,102.94352722167969,92.33856964111328,15143.5419921875
data/datasets/O-/cluster_7_260.BMP,96,103,39690,181.2308807373047,102.8499526977539,92.43404388427734,14634.177734375
data/datasets/O-/cluster_7_261.BMP,96,103,39690,152.3899688720703,96.96327209472656,92.43341827392578,5163.3291015625
data/datasets/O-/cluster_7_2610.BMP,96,103,39690,148.95883178710938,104.61087036132812,92.4214859008789,13913.287109375
data/datasets/O-/cluster_7_2632.BMP,96,103,39690,173.33596801757812,101.28060150146484,92.43153381347656,15352.84765625
data/datasets/O-/cluster_7_2634.BMP,96,103,39690,162.42617797851562,105.3017807006836,91.35050201416016,14743.77734375
data/datasets/O-/cluster_7_2636.BMP,96,103,39690,139.0418701171875,112.21195220947266,92.4258804321289,13830.560546875
data/datasets/O-/cluster_7_2655.BMP,96,103,39690,149.35194396972656,103.9751205444336,91.53706359863281,18011.72265625
data/datasets/O-/cluster_7_2665.BMP,96,103,39690,171.9089813232422,92.27191162109375,92.43404388427734,9905.37109375
data/datasets/O-/cluster_7_2687.BMP,96,103,39690,140.8152313232422,108.87051391601562,92.41583251953125,13091.2314453125
data/datasets/O-/cluster_7_269.BMP,96,103,39690,155.42344665527344,104.11990356445312,92.38756561279297,18735.90625
data/datasets/O-/cluster_7_2691.BMP,96,103,39690,143.32595825195312,112.34891510009766,91.94723510742188,10332.41015625
data/datasets/O-/cluster_7_2697.BMP,96,103,39690,152.5391387939453,92.73258209228516,92.43404388427734,7832.2255859375
data/datasets/O-/cluster_7_2701.BMP,96,103,39690,189.59486389160156,89.06085205078125,92.4302749633789,10954.3046875
data/datasets/O-/cluster_7_2713.BMP,96,103,39690,171.8577117919922,102.4765625,92.42650604248047,16264.8427734375
data/datasets/O-/cluster_7_2717.BMP,96,103,39690,183.5355987548828,88.38925170898438,92.43404388427734,9937.359375
data/datasets/O-/cluster_7_2732.BMP,96,103,39690,125.08647155761719,111.44937133789062,92.41771697998047,15121.021484375
data/datasets/O-/cluster_7_2738.BMP,96,103,39690,184.87106323242188,86.2725830078125,91.98303985595703,10608.494140625
data/datasets/O-/cluster_7_275.BMP,96,103,39690,156.5106201171875,90.50365447998047,92.43404388427734,7670.8837890625
data/datasets/O-/cluster_7_2760.BMP,96,103,39690,143.3529510498047,114.38539123535156,92.32662963867188,11874.720703125
data/datasets/O-/cluster_7_2761.BMP,96,103,39690,163.78256225585938,103.0107192993164,92.43404388427734,18670.826171875
data/datasets/O-/cluster_7_2765.BMP,96,103,39690,188.56634521484375,91.20700073242188,90.06092834472656,11492.107421875
data/datasets/O-/cluster_7_2772.BMP,96,103,39690,160.52467346191406,108.41351318359375,92.43404388427734,12581.1484375
data/datasets/O-/cluster_7_2774.BMP,96,103,39690,170.9125213623047,95.14717864990234,92.43404388427734,7191.48779296875
data/datasets/O-/cluster_7_2780.BMP,96,103,39690,159.88096618652344,102.64962768554688,92.43404388427734,13021.79296875
data/datasets/O-/cluster_7_2802.BMP,96,103,39690,135.3960418701172,113.490966796875,91.91206359863281,11264.927734375
data/datasets/O-/cluster_7_2805.BMP,96,103,39690,148.39947509765625,87.44938659667969,92.43404388427734,7225.8984375
data/datasets/O-/cluster_7_2808.BMP,96,103,39690,127.15705871582031,105.55984497070312,91.625,18304.95703125
data/datasets/O-/cluster_7_2809.BMP,96,103,39690,149.527099609375,106.9430160522461,92.41080474853516,18388.517578125
data/datasets/O-/cluster_7_2829.BMP,96,103,39690,143.40240478515625,85.31282043457031,90.2154541015625,10022.9833984375
data/datasets/O-/cluster_7_283.BMP,96,103,39690,175.70297241210938,86.40875244140625,92.430908203125,8595.5234375
data/datasets/O-/cluster_7_2832.BMP,96,103,39690,136.61407470703125,78.17415618896484,92.43215942382812,4685.4609375
data/datasets/O-/cluster_7_2838.BMP,96,103,39690,131.2826690673828,85.12977600097656,91.72173309326172,5478.32080078125
data/datasets/O-/cluster_7_2847.BMP,96,103,39690,136.6414794921875,110.35501861572266,92.43279266357422,13081.251953125
data/datasets/O-/cluster_7_285.BMP,96,103,39690,128.16888427734375,108.23535919189453,91.13756561279297,19268.85546875
data/datasets/O-/cluster_7_2852.BMP,96,103,39690,135.03579711914062,105.59514617919922,88.32726287841797,21411.861328125
data/datasets/O-/cluster_7_2859.BMP,96,103,39690,135.50404357910156,110.21192169189453,92.17650604248047,12957.201171875
data/datasets/O-/cluster_7_2862.BMP,96,103,39690,158.20974731445312,102.72396087646484,91.09296417236328,14246.181640625
data/datasets/O-/cluster_7_2870.BMP,96,103,39690,140.34799194335938,111.37661743164062,92.12751007080078,13556.197265625
data/datasets/O-/cluster_7_2873.BMP,96,103,39690,112.99382781982422,109.2231674194336,92.43279266357422,11786.88671875
data/datasets/O-/cluster_7_2878.BMP,96,103,39690,159.65362548828125,90.31084442138672,92.43404388427734,5604.67138671875
data/datasets/O-/cluster_7_2881.BMP,96,103,39690,131.59971618652344,110.40727233886719,92.31532287597656,14942.3671875
data/datasets/O-/cluster_7_2891.BMP,96,103,39690,155.02032470703125,105.54437255859375,92.0,16219.87109375
data/datasets/O-/cluster_7_2906.BMP,96,103,39690,111.44609832763672,105.34574127197266,92.37123107910156,14533.8125
data/datasets/O-/cluster_7_2908.BMP,96,103,39690,142.84860229492188,108.53314208984375,92.43341827392578,12467.2734375
data/datasets/O-/cluster_7_2916.BMP,96,103,39690,118.0425796508789,103.68264770507812,90.05276489257812,16874.693359375
data/datasets/O-/cluster_7_2948.BMP,96,103,39690,201.59982299804688,82.03268432617188,92.01445007324219,7141.3984375
data/datasets/O-/cluster_7_2962.BMP,96,103,39690,161.02113342285156,92.83241271972656,92.43404388427734,5687.66943359375
data/datasets/O-/cluster_7_2982.BMP,96,103,39690,131.83111572265625,84.53324890136719,86.0094223022461,9432.29296875
data/datasets/O-/cluster_7_2987.BMP,96,103,39690,139.74676513671875,104.4630355834961,91.69535064697266,15789.552734375
data/datasets/O-/cluster_7_2990.BMP,96,103,39690,126.1314697265625,108.7656021118164,92.22173309326172,15848.5703125
data/datasets/O-/cluster_7_2991.BMP,96,103,39690,164.07705688476562,103.42711639404297,91.41268920898438,15855.265625
data/datasets/O-/cluster_7_2992.BMP,96,103,39690,142.714599609375,105.39319610595703,91.85176086425781,21437.263671875
data/datasets/O-/cluster_7_3005.BMP,96,103,39690,152.2764892578125,109.48503112792969,92.40138244628906,17917.38671875
data/datasets/O-/cluster_7_3014.BMP,96,103,39690,149.4031219482422,109.94178771972656,92.42839050292969,14771.1767578125
data/datasets/O-/cluster_7_3016.BMP,96,103,39690,158.01840209960938,106.9552230834961,92.43404388427734,14521.9931640625
data/datasets/O-/cluster_7_3019.BMP,96,103,39690,148.46409606933594,91.27485656738281,92.43404388427734,7830.6650390625
data/datasets/O-/cluster_7_302.BMP,96,103,39690,199.71804809570312,87.03495025634766,92.42902374267578,12141.6484375
data/datasets/O-/cluster_7_3026.BMP,96,103,39690,162.13763427734375,99.49031066894531,92.43404388427734,17694.939453125
data/datasets/O-/cluster_7_3033.BMP,96,103,39690,153.25596618652344,107.8597183227539,92.40326690673828,19072.01171875
data/datasets/O-/cluster_7_3035.BMP,96,103,39690,163.67051696777344,93.27422332763672,92.43404388427734,11071.21875
data/datasets/O-/cluster_7_3037.BMP,96,103,39690,144.62550354003906,97.76860809326172,92.42776489257812,7534.53662109375
data/datasets/O-/cluster_7_3038.BMP,96,103,39690,161.4878692626953,110.0518798828125,92.34547424316406,13152.9873046875
data/datasets/O-/cluster_7_3046.BMP,96,103,39690,158.6271209716797,98.86027526855469,92.43404388427734,7368.24072265625
data/datasets/O-/cluster_7_3049.BMP,96,103,39690,162.62106323242188,104.9358901977539,91.39761352539062,15146.568359375
data/datasets/O-/cluster_7_3054.BMP,96,103,39690,162.89877319335938,89.85203552246094,92.43404388427734,6841.453125
data/datasets/O-/cluster_7_3079.BMP,96,103,39690,145.73341369628906,106.39771270751953,92.25376892089844,11248.796875
data/datasets/O-/cluster_7_309.BMP,96,103,39690,167.50778198242188,98.5042495727539,92.43404388427734,16252.017578125
data/datasets/O-/cluster_7_3091.BMP,96,103,39690,108.02851867675781,105.7988052368164,91.8586654663086,11197.2578125
data/datasets/O-/cluster_7_311.BMP,96,103,39690,164.5839385986328,103.21881866455078,92.38065338134766,19511.56640625
data/datasets/O-/cluster_7_3111.BMP,96,103,39690,144.77325439453125,110.42633819580078,92.39635467529297,18472.5
data/datasets/O-/cluster_7_3115.BMP,96,103,39690,130.34991455078125,110.07233428955078,92.42399597167969,12265.4326171875
data/datasets/O-/cluster_7_3123.BMP,96,103,39690,153.42233276367188,101.23365020751953,88.29522705078125,19836.5390625
data/datasets/O-/cluster_7_3133.BMP,96,103,39690,149.57058715820312,100.22471618652344,92.43404388427734,7456.7138671875
data/datasets/O-/cluster_7_3137.BMP,96,103,39690,184.20762634277344,91.00140380859375,92.43404388427734,10173.046875
data/datasets/O-/cluster_7_3139.BMP,96,103,39690,148.01132202148438,90.99500274658203,92.43404388427734,10350.64453125
data/datasets/O-/cluster_7_3155.BMP,96,103,39690,132.4460906982422,109.61601257324219,92.40138244628906,18785.77734375
data/datasets/O-/cluster_7_3162.BMP,96,103,39690,173.56533813476562,92.62232971191406,92.43404388427734,8293.3525390625
data/datasets/O-/cluster_7_3171.BMP,96,103,39690,148.6619110107422,103.68946075439453,90.21168518066406,16422.6328125
data/datasets/O-/cluster_7_3178.BMP,96,103,39690,141.17030334472656,109.09598541259766,92.42525482177734,10557.5634765625
data/datasets/O-/cluster_7_3186.BMP,96,103,39690,116.4381103515625,111.560791015625,91.60301208496094,10354.396484375
data/datasets/O-/cluster_7_3193.BMP,96,103,39690,137.9666290283203,112.84183502197266,92.31595611572266,12136.9931640625
data/datasets/O-/cluster_7_3200.BMP,96,103,39690,160.97866821289062,107.5185546875,92.43404388427734,18087.16796875
data/datasets/O-/cluster_7_3202.BMP,96,103,39690,140.5468292236328,100.61261749267578,92.43404388427734,10364.345703125
data/datasets/O-/cluster_7_3211.BMP,96,103,39690,171.67404174804688,99.96466064453125,92.42525482177734,16583.935546875
data/datasets/O-/cluster_7_3214.BMP,96,103,39690,167.42648315429688,98.38206481933594,92.23680877685547,13096.1337890625
data/datasets/O-/cluster_7_3215.BMP,96,103,39690,145.77194213867188,104.79926300048828,92.4051513671875,19479.61328125
data/datasets/O-/cluster_7_322.BMP,96,103,39690,153.27052307128906,102.08152770996094,91.47173309326172,20114.03515625
data/datasets/O-/cluster_7_3236.BMP,96,103,39690,143.01466369628906,106.0846176147461,92.05025482177734,14268.4609375
data/datasets/O-/cluster_7_3244.BMP,96,103,39690,161.5739288330078,90.52513122558594,92.43279266357422,11744.76953125
data/datasets/O-/cluster_7_3252.BMP,96,103,39690,145.86175537109375,104.23155975341797,92.4145736694336,17027.83203125
data/datasets/O-/cluster_7_326.BMP,96,103,39690,147.92404174804688,109.34723663330078,92.41583251953125,15921.5
data/datasets/O-/cluster_7_3276.BMP,96,103,39690,135.625,105.62487030029297,92.01319122314453,20018.19140625
data/datasets/O-/cluster_7_33.BMP,96,103,39690,189.13328552246094,90.00927734375,92.43404388427734,10933.41015625
data/datasets/O-/cluster_7_3305.BMP,96,103,39690,158.84658813476562,99.27730560302734,89.15829467773438,17021.802734375
data/datasets/O-/cluster_7_3318.BMP,96,103,39690,117.72077178955078,107.03218841552734,90.61054992675781,10175.353515625
data/datasets/O-/cluster_7_3328.BMP,96,103,39690,142.58120727539062,99.37537384033203,92.43404388427734,13111.1513671875
data/datasets/O-/cluster_7_3330.BMP,96,103,39690,137.43780517578125,109.25004577636719,92.43279266357422,16789.16015625
data/datasets/O-/cluster_7_3332.BMP,96,103,39690,127.0590591430664,106.52174377441406,90.87248992919922,13980.654296875
data/datasets/O-/cluster_7_3340.BMP,241,298,215890,169.69944763183594,96.75413513183594,182.52713012695312,4633.958984375
data/datasets/O-/cluster_7_3363.BMP,96,103,39690,172.53640747070312,90.92560577392578,92.43404388427734,7573.80224609375
data/datasets/O-/cluster_7_3364.BMP,96,103,39690,137.2720489501953,97.33037567138672,92.43404388427734,8609.17578125
data/datasets/O-/cluster_7_3378.BMP,96,103,39690,154.29348754882812,87.60120391845703,92.43404388427734,3801.78173828125
data/datasets/O-/cluster_7_3384.BMP,96,103,39690,147.48341369628906,105.25381469726562,91.54962158203125,16310.86328125
data/datasets/O-/cluster_7_3391.BMP,96,103,39690,171.8818817138672,95.86434173583984,91.73303985595703,14398.544921875
data/datasets/O-/cluster_7_3392.BMP,96,103,39690,149.96844482421875,96.09931945800781,92.43404388427734,6694.23876953125
data/datasets/O-/cluster_7_3405.BMP,96,103,39690,152.78883361816406,104.19215393066406,91.814697265625,15329.228515625
data/datasets/O-/cluster_7_3406.BMP,96,103,39690,176.6499786376953,99.1130599975586,92.42839050292969,15292.5556640625
data/datasets/O-/cluster_7_3412.BMP,96,103,39690,172.4127197265625,100.541015625,92.27826690673828,14031.1064453125
data/datasets/O-/cluster_7_3413.BMP,96,103,39690,160.99130249023438,95.53402709960938,92.43404388427734,9954.736328125
data/datasets/O-/cluster_7_342.BMP,96,103,39690,136.32565307617188,102.4176025390625,92.4258804321289,13836.232421875
data/datasets/O-/cluster_7_3428.BMP,96,103,39690,185.1639404296875,98.40625,92.430908203125,14088.794921875
data/datasets/O-/cluster_7_3434.BMP,96,103,39690,194.7085418701172,89.03002166748047,92.01570129394531,12161.78125
data/datasets/O-/cluster_7_3463.BMP,96,103,39690,111.61397552490234,112.43775177001953,92.01193237304688,13395.705078125
data/datasets/O-/cluster_7_3479.BMP,96,103,39690,147.44842529296875,105.7254638671875,91.62562561035156,16929.56640625
data/datasets/O-/cluster_7_3484.BMP,96,103,39690,153.46966552734375,106.28740692138672,92.3913345336914,19455.171875
data/datasets/O-/cluster_7_35.BMP,96,103,39690,146.5710906982422,108.98362731933594,92.38630676269531,20497.544921875
data/datasets/O-/cluster_7_350.BMP,96,103,39690,127.79560852050781,105.80574035644531,91.52449798583984,17861.91796875
data/datasets/O-/cluster_7_3503.BMP,96,103,39690,178.81492614746094,96.18899536132812,92.43341827392578,14593.96875
data/datasets/O-/cluster_7_3510.BMP,96,103,39690,163.51315307617188,92.40686798095703,92.43404388427734,6425.1357421875
data/datasets/O-/cluster_7_3514.BMP,96,103,39690,136.84921264648438,102.21763610839844,90.79585266113281,20090.015625
data/datasets/O-/cluster_7_3527.BMP,96,103,39690,150.41818237304688,107.6479263305664,92.00439453125,16674.67578125
data/datasets/O-/cluster_7_3531.BMP,96,103,39690,165.64462280273438,106.25439453125,92.41583251953125,16572.40625
data/datasets/O-/cluster_7_3534.BMP,96,103,39690,125.90159606933594,105.02473449707031,86.35112762451172,18534.3203125
data/datasets/O-/cluster_7_3545.BMP,96,103,39690,132.82211303710938,111.15758514404297,92.43404388427734,15596.9970703125
data/datasets/O-/cluster_7_3548.BMP,96,103,39690,162.64198303222656,100.5651626586914,92.33919525146484,12904.8046875
data/datasets/O-/cluster_7_3549.BMP,96,103,39690,160.39633178710938,100.13911437988281,91.37311553955078,16787.69140625
data/datasets/O-/cluster_7_3557.BMP,96,103,39690,178.21652221679688,87.71379089355469,92.43404388427734,12064.17578125
data/datasets/O-/cluster_7_3567.BMP,96,103,39690,175.09071350097656,91.45681762695312,92.43404388427734,8577.1181640625
data/datasets/O-/cluster_7_3593.BMP,96,103,39690,142.8594207763672,96.39388275146484,92.43279266357422,12756.01953125
data/datasets/O-/cluster_7_3598.BMP,96,103,39690,171.18002319335938,99.71744537353516,91.87939453125,15930.791015625
data/datasets/O-/cluster_7_3602.BMP,96,103,39690,137.15493774414062,104.04368591308594,92.43404388427734,18059.88671875
data/datasets/O-/cluster_7_3603.BMP,96,103,39690,130.43719482421875,113.57379913330078,92.15577697753906,14647.390625
data/datasets/O-/cluster_7_3609.BMP,96,103,39690,167.5420684814453,99.23673248291016,88.680908203125,18681.02734375
data/datasets/O-/cluster_7_3616.BMP,96,103,39690,171.25535583496094,103.94824981689453,92.43404388427734,12637.1357421875
data/datasets/O-/cluster_7_3628.BMP,96,103,39690,171.62722778320312,90.44019317626953,92.43404388427734,7914.65625
data/datasets/O-/cluster_7_3631.BMP,96,103,39690,150.2649688720703,103.38420867919922,90.89949798583984,17006.3046875
data/datasets/O-/cluster_7_3636.BMP,96,103,39690,168.77296447753906,91.5225830078125,92.43404388427734,6593.1005859375
data/datasets/O-/cluster_7_3637.BMP,96,103,39690,123.2770004272461,112.372802734375,92.27261352539062,12683.62890625
data/datasets/O-/cluster_7_3641.BMP,96,103,39690,160.1564483642578,105.97503662109375,92.43404388427734,16945.96875
data/datasets/O-/cluster_7_3646.BMP,96,103,39690,146.2335205078125,99.05941009521484,92.43404388427734,8854.509765625
data/datasets/O-/cluster_7_3657.BMP,96,103,39690,142.757080078125,110.47586822509766,92.43153381347656,18776.9921875
data/datasets/O-/cluster_7_3658.BMP,96,103,39690,155.0314483642578,104.3248062133789,91.20791625976562,16662.359375
data/datasets/O-/cluster_7_3671.BMP,96,103,39690,181.78024291992188,97.55392456054688,92.1199722290039,15662.6640625
data/datasets/O-/cluster_7_3722.BMP,96,103,39690,151.3031005859375,106.68123626708984,92.42399597167969,19347.02734375
data/datasets/O-/cluster_7_373.BMP,96,103,39690,158.7252197265625,86.26322174072266,92.43215942382812,5718.234375
data/datasets/O-/cluster_7_3742.BMP,96,103,39690,164.07351684570312,100.40362548828125,92.43341827392578,10619.83984375
data/datasets/O-/cluster_7_3744.BMP,96,103,39690,181.32858276367188,96.34252166748047,92.02261352539062,10750.326171875
data/datasets/O-/cluster_7_3757.BMP,96,103,39690,164.1983184814453,103.8338623046875,92.39510345458984,14540.853515625
data/datasets/O-/cluster_7_3762.BMP,96,103,39690,162.15908813476562,97.11626434326172,92.43404388427734,8513.126953125
data/datasets/O-/cluster_7_3765.BMP,96,103,39690,159.44114685058594,100.82713317871094,90.06218719482422,14935.193359375
data/datasets/O-/cluster_7_3768.BMP,96,103,39690,150.90908813476562,103.83934783935547,92.42337036132812,17594.64453125
data/datasets/O-/cluster_7_3773.BMP,96,103,39690,91.24969482421875,111.49711608886719,91.10301208496094,6413.90380859375
data/datasets/O-/cluster_7_3775.BMP,96,103,39690,150.18658447265625,110.62018585205078,92.37123107910156,16263.203125
data/datasets/O-/cluster_7_378.BMP,96,103,39690,166.77659606933594,91.80079650878906,92.43341827392578,8617.072265625
data/datasets/O-/cluster_7_3782.BMP,96,103,39690,134.87762451171875,111.20491790771484,92.43404388427734,12925.205078125
data/datasets/O-/cluster_7_3792.BMP,96,103,39690,174.9260711669922,93.87765502929688,91.30150604248047,14931.908203125
data/datasets/O-/cluster_7_38.BMP,96,103,39690,156.67132568359375,102.18640899658203,91.46105194091797,18297.361328125
data/datasets/O-/cluster_7_3800.BMP,96,103,39690,163.45994567871094,100.2993392944336,91.3888168334961,19920.03125
data/datasets/O-/cluster_7_3815.BMP,96,103,39690,162.18881225585938,108.58454895019531,92.43341827392578,10251.48828125
data/datasets/O-/cluster_7_3821.BMP,96,103,39690,163.8323211669922,95.7618179321289,92.42399597167969,10621.240234375
data/datasets/O-/cluster_7_3835.BMP,96,103,39690,162.7378692626953,100.85308837890625,92.3354263305664,16599.572265625
data/datasets/O-/cluster_7_3836.BMP,96,103,39690,107.17778778076172,108.58404541015625,92.10678100585938,15471.1005859375
data/datasets/O-/cluster_7_3845.BMP,96,103,39690,151.58575439453125,96.0492172241211,92.43341827392578,8033.5498046875
data/datasets/O-/cluster_7_3853.BMP,96,103,39690,129.6930694580078,109.80231475830078,92.35929870605469,15893.3984375
data/datasets/O-/cluster_7_3871.BMP,96,103,39690,156.7050018310547,90.49000549316406,92.43404388427734,8555.2392578125
data/datasets/O-/cluster_7_3874.BMP,96,103,39690,168.100830078125,93.20561981201172,92.43404388427734,6872.322265625
data/datasets/O-/cluster_7_3878.BMP,96,103,39690,142.4921112060547,110.5833969116211,92.38756561279297,17512.716796875
data/datasets/O-/cluster_7_3879.BMP,96,103,39690,141.00515747070312,113.3248062133789,92.10615539550781,8059.134765625
data/datasets/O-/cluster_7_3889.BMP,96,103,39690,152.4891815185547,90.81504821777344,92.43404388427734,5595.2265625
data/datasets/O-/cluster_7_3894.BMP,96,103,39690,165.7167205810547,89.7337646484375,92.43404388427734,9275.06640625
data/datasets/O-/cluster_7_3899.BMP,96,103,39690,141.0552215576172,106.90556335449219,92.43279266357422,14905.9423828125
data/datasets/O-/cluster_7_390.BMP,96,103,39690,148.30531311035156,91.00521850585938,92.43404388427734,8902.3857421875
data/datasets/O-/cluster_7_391.BMP,96,103,39690,165.7987518310547,89.41901397705078,92.43404388427734,5053.12109375
data/datasets/O-/cluster_7_3910.BMP,96,103,39690,175.5143585205078,93.89104461669922,91.28580474853516,14765.337890625
data/datasets/O-/cluster_7_3919.BMP,96,103,39690,182.71429443359375,91.94670104980469,92.43404388427734,12408.3515625
data/datasets/O-/cluster_7_3951.BMP,96,103,39690,141.568359375,111.77562713623047,92.42964935302734,17067.185546875
data/datasets/O-/cluster_7_3953.BMP,96,103,39690,144.1629180908203,88.42381286621094,92.42964935302734,10101.568359375
data/datasets/O-/cluster_7_3963.BMP,96,103,39690,157.2566680908203,107.60470581054688,92.4001235961914,14064.091796875
data/datasets/O-/cluster_7_3965.BMP,96,103,39690,176.0731201171875,100.80435943603516,92.43404388427734,12884.396484375
data/datasets/O-/cluster_7_3966.BMP,96,103,39690,139.27427673339844,107.59632873535156,92.42525482177734,13669.650390625
data/datasets/O-/cluster_7_3985.BMP,96,103,39690,150.45013427734375,99.54774475097656,92.43404388427734,10583.5703125
data/datasets/O-/cluster_7_3987.BMP,96,103,39690,108.88824462890625,109.44046020507812,91.63191223144531,12888.1171875
data/datasets/O-/cluster_7_399.BMP,96,103,39690,152.34658813476562,86.0079574584961,92.43404388427734,5488.49609375
data/datasets/O-/cluster_7_3999.BMP,96,103,39690,193.24008178710938,89.80992126464844,92.43404388427734,12317.169921875
data/datasets/O-/cluster_7_4034.BMP,96,103,39690,136.7172393798828,94.7204360961914,92.42776489257812,10810.7578125
data/datasets/O-/cluster_7_4036.BMP,96,103,39690,166.55087280273438,93.91636657714844,92.43404388427734,7232.97265625
data/datasets/O-/cluster_7_404.BMP,96,103,39690,160.1968994140625,107.54422760009766,92.4051513671875,19136.29296875
data/datasets/O-/cluster_7_4046.BMP,96,103,39690,183.48736572265625,95.83727264404297,91.11306762695312,14988.345703125
data/datasets/O-/cluster_7_4053.BMP,96,103,39690,159.35983276367188,102.25833129882812,92.42211151123047,19062.62109375
data/datasets/O-/cluster_7_4060.BMP,96,103,39690,171.06320190429688,97.5780258178711,92.15138244628906,11938.8759765625
data/datasets/O-/cluster_7_4061.BMP,96,103,39690,150.45428466796875,97.84257507324219,92.43404388427734,6646.79296875
data/datasets/O-/cluster_7_4067.BMP,96,103,39690,115.13359832763672,106.0450439453125,88.93279266357422,16057.798828125
data/datasets/O-/cluster_7_407.BMP,96,103,39690,138.12904357910156,107.15408325195312,92.42902374267578,15476.1201171875
data/datasets/O-/cluster_7_4081.BMP,96,103,39690,155.87095642089844,102.01837158203125,91.91960144042969,21857.251953125
data/datasets/O-/cluster_7_4090.BMP,96,103,39690,113.57625579833984,101.73561096191406,91.94032287597656,18818.591796875
data/datasets/O-/cluster_7_4107.BMP,96,103,39690,136.53933715820312,104.005126953125,91.89007568359375,12660.755859375
data/datasets/O-/cluster_7_4111.BMP,96,103,39690,150.8466796875,91.76553344726562,92.430908203125,8905.587890625
data/datasets/O-/cluster_7_4114.BMP,96,103,39690,164.64007568359375,102.18518829345703,92.43341827392578,11229.158203125
data/datasets/O-/cluster_7_4118.BMP,96,103,39690,146.72198486328125,93.50968933105469,92.43404388427734,11615.146484375
data/datasets/O-/cluster_7_4129.BMP,96,103,39690,220.5221405029297,71.62979888916016,92.42902374267578,2858.521240234375
data/datasets/O-/cluster_7_413.BMP,96,103,39690,145.44012451171875,107.3729019165039,92.40452575683594,16949.158203125
data/datasets/O-/cluster_7_4131.BMP,96,103,39690,140.3989715576172,107.31767272949219,92.43341827392578,15210.1826171875
data/datasets/O-/cluster_7_4132.BMP,96,103,39690,157.257080078125,107.32899475097656,92.40138244628906,17316.794921875
data/datasets/O-/cluster_7_4133.BMP,96,103,39690,158.74130249023438,100.89616394042969,90.67650604248047,19604.2578125
data/datasets/O-/cluster_7_4139.BMP,96,103,39690,146.55218505859375,86.31519317626953,92.42399597167969,8441.33984375
data/datasets/O-/cluster_7_414.BMP,96,103,39690,135.56057739257812,107.54218292236328,91.7757568359375,15684.72265625
data/datasets/O-/cluster_7_4149.BMP,96,103,39690,150.22279357910156,110.3019790649414,92.43153381347656,13848.82421875
data/datasets/O-/cluster_7_4161.BMP,96,103,39690,156.73190307617188,106.11164093017578,92.42650604248047,20475.818359375
data/datasets/O-/cluster_7_4166.BMP,96,103,39690,141.13551330566406,104.19149780273438,92.2638168334961,19917.75390625
data/datasets/O-/cluster_7_4171.BMP,96,103,39690,137.6983184814453,112.84913635253906,92.41771697998047,14106.521484375
data/datasets/O-/cluster_7_4179.BMP,96,103,39690,150.89088439941406,87.8863754272461,92.43404388427734,5956.0009765625
data/datasets/O-/cluster_7_4186.BMP,96,103,39690,143.5143585205078,105.71904754638672,88.57160949707031,22113.4765625
data/datasets/O-/cluster_7_4193.BMP,96,103,39690,157.17515563964844,107.6846694946289,92.3285140991211,21113.7734375
data/datasets/O-/cluster_7_4199.BMP,96,103,39690,140.0243682861328,111.15010833740234,92.4214859008789,19213.00390625
data/datasets/O-/cluster_7_4203.BMP,96,103,39690,161.49261474609375,104.22760772705078,91.17337036132812,19352.775390625
data/datasets/O-/cluster_7_4219.BMP,96,103,39690,158.5001983642578,99.98689270019531,92.43404388427734,14038.294921875
data/datasets/O-/cluster_7_4232.BMP,96,103,39690,158.430419921875,88.5912857055664,92.43404388427734,11546.400390625
data/datasets/O-/cluster_7_4235.BMP,96,103,39690,156.7050018310547,90.49000549316406,92.43404388427734,8555.2392578125
data/datasets/O-/cluster_7_4236.BMP,96,103,39690,158.26698303222656,103.42799377441406,91.95791625976562,18071.53125
data/datasets/O-/cluster_7_4239.BMP,96,103,39690,165.73695373535156,88.40745544433594,92.43404388427734,10509.537109375
data/datasets/O-/cluster_7_4265.BMP,96,103,39690,116.82261657714844,109.20425415039062,92.39007568359375,15526.232421875
data/datasets/O-/cluster_7_429.BMP,96,103,39690,139.45611572265625,111.15315246582031,91.81532287597656,11769.6435546875
data/datasets/O-/cluster_7_4293.BMP,96,103,39690,144.4247589111328,92.73554992675781,92.43404388427734,8578.4765625
data/datasets/O-/cluster_7_4295.BMP,96,103,39690,150.33950805664062,88.41558074951172,92.43404388427734,5354.55810546875
data/datasets/O-/cluster_7_430.BMP,96,103,39690,157.2875213623047,93.70010375976562,92.430908203125,12907.087890625
data/datasets/O-/cluster_7_4301.BMP,96,103,39690,135.02305603027344,107.46051788330078,91.92211151123047,18615.646484375
data/datasets/O-/cluster_7_4309.BMP,96,103,39690,106.81391906738281,106.3954849243164,91.21293640136719,14406.4580078125
data/datasets/O-/cluster_7_4311.BMP,96,103,39690,154.6164093017578,85.40185546875,92.43404388427734,6611.501953125
data/datasets/O-/cluster_7_4313.BMP,96,103,39690,159.0874786376953,104.63017272949219,92.38568115234375,17294.708984375
data/datasets/O-/cluster_7_4324.BMP,96,103,39690,163.72218322753906,94.343505859375,84.95100402832031,16553.9765625
data/datasets/O-/cluster_7_4325.BMP,96,103,39690,137.2508087158203,112.78825378417969,92.35176086425781,16190.076171875
data/datasets/O-/cluster_7_433.BMP,96,103,39690,135.29368591308594,106.3398666381836,91.24434661865234,15312.8349609375
data/datasets/O-/cluster_7_4341.BMP,96,103,39690,137.06422424316406,106.36930084228516,90.09673309326172,14977.552734375
data/datasets/O-/cluster_7_4346.BMP,96,103,39690,153.99464416503906,89.34396362304688,92.43404388427734,7281.33935546875
data/datasets/O-/cluster_7_4348.BMP,96,103,39690,155.6619110107422,94.09322357177734,92.43404388427734,6179.55908203125
data/datasets/O-/cluster_7_4353.BMP,96,103,39690,131.98544311523438,100.22657775878906,90.430908203125,22418.853515625
data/datasets/O-/cluster_7_4361.BMP,96,103,39690,173.59344482421875,98.62422943115234,86.72047424316406,18391.228515625
data/datasets/O-/cluster_7_437.BMP,96,103,39690,161.61973571777344,89.85029602050781,92.43404388427734,8789.830078125
data/datasets/O-/cluster_7_440.BMP,96,103,39690,170.44680786132812,101.29900360107422,92.43215942382812,20675.1484375
data/datasets/O-/cluster_7_4404.BMP,96,103,39690,143.00637817382812,100.50305938720703,92.43404388427734,9793.4951171875
data/datasets/O-/cluster_7_4410.BMP,96,103,39690,127.16535186767578,107.64393615722656,92.34547424316406,16263.583984375
data/datasets/O-/cluster_7_4414.BMP,96,103,39690,170.3346405029297,99.44621276855469,92.25816345214844,15188.568359375
data/datasets/O-/cluster_7_4416.BMP,96,103,39690,155.52093505859375,96.19486236572266,92.43341827392578,13744.8056640625
data/datasets/O-/cluster_7_442.BMP,96,103,39690,172.48098754882812,102.38796997070312,92.1689682006836,16154.7998046875
data/datasets/O-/cluster_7_4420.BMP,96,103,39690,131.0477294921875,111.56486511230469,91.06092834472656,10316.5859375
data/datasets/O-/cluster_7_4425.BMP,96,103,39690,148.91140747070312,102.30345153808594,92.43404388427734,13114.3662109375
data/datasets/O-/cluster_7_443.BMP,96,103,39690,165.0208282470703,100.89398956298828,92.06218719482422,20070.34765625
data/datasets/O-/cluster_7_4431.BMP,96,103,39690,140.2975311279297,108.66936492919922,92.39321899414062,21654.49609375
data/datasets/O-/cluster_7_4436.BMP,96,103,39690,171.29075622558594,97.2865219116211,91.08668518066406,17143.955078125
data/datasets/O-/cluster_7_4438.BMP,96,103,39690,151.29763793945312,104.72425079345703,91.51130676269531,15148.833984375
data/datasets/O-/cluster_7_4445.BMP,96,103,39690,148.53509521484375,109.86829376220703,92.43341827392578,15818.7734375
data/datasets/O-/cluster_7_4448.BMP,96,103,39690,142.13258361816406,105.96858978271484,92.42713928222656,15862.146484375
data/datasets/O-/cluster_7_4452.BMP,96,103,39690,206.7781219482422,77.0904769897461,92.43404388427734,6417.314453125
data/datasets/O-/cluster_7_4460.BMP,96,103,39690,169.3046112060547,90.30020141601562,92.43404388427734,3727.714111328125
data/datasets/O-/cluster_7_4462.BMP,96,103,39690,153.18911743164062,101.37455749511719,91.52952575683594,18611.90625
data/datasets/O-/cluster_7_4473.BMP,96,103,39690,149.53883361816406,110.17341613769531,92.38504791259766,16381.5625
data/datasets/O-/cluster_7_4497.BMP,96,103,39690,147.4879608154297,101.84564208984375,91.91519927978516,19238.71484375
data/datasets/O-/cluster_7_4507.BMP,96,103,39690,100.54652404785156,107.49869537353516,92.43215942382812,10724.1416015625
data/datasets/O-/cluster_7_4517.BMP,96,103,39690,155.22825622558594,99.53164672851562,91.83291625976562,16909.90625
data/datasets/O-/cluster_7_452.BMP,96,103,39690,156.3239288330078,108.13269805908203,92.33668518066406,16347.1015625
data/datasets/O-/cluster_7_4522.BMP,96,103,39690,180.34759521484375,95.38349914550781,92.43404388427734,14160.486328125
data/datasets/O-/cluster_7_4525.BMP,96,103,39690,152.51942443847656,87.61985778808594,92.42650604248047,7805.65625
data/datasets/O-/cluster_7_4530.BMP,96,103,39690,168.50950622558594,95.00408935546875,92.43404388427734,7967.62890625
data/datasets/O-/cluster_7_4536.BMP,96,103,39690,165.17425537109375,105.63577270507812,92.43153381347656,13743.04296875
data/datasets/O-/cluster_7_4538.BMP,96,103,39690,131.77377319335938,110.27357482910156,92.2845458984375,16345.326171875
data/datasets/O-/cluster_7_4544.BMP,96,103,39690,167.28347778320312,94.18099212646484,92.43341827392578,7990.8798828125
data/datasets/O-/cluster_7_4556.BMP,96,103,39690,161.2756805419922,101.49822235107422,92.00691223144531,15421.4140625
data/datasets/O-/cluster_7_4565.BMP,96,103,39690,162.61094665527344,99.38867950439453,92.24874114990234,16329.271484375
data/datasets/O-/cluster_7_4583.BMP,96,103,39690,108.2357406616211,109.06279754638672,92.42964935302734,8119.935546875
data/datasets/O-/cluster_7_4586.BMP,96,103,39690,180.5162811279297,98.44966125488281,92.43404388427734,8908.6015625
data/datasets/O-/cluster_7_4588.BMP,96,103,39690,135.3439483642578,110.35784149169922,92.42650604248047,16649.51171875
data/datasets/O-/cluster_7_4599.BMP,96,103,39690,150.98411560058594,104.99064636230469,92.05213928222656,17160.546875
data/datasets/O-/cluster_7_460.BMP,96,103,39690,142.092529296875,109.27946472167969,92.33856964111328,15562.990234375
data/datasets/O-/cluster_7_4605.BMP,96,103,39690,125.65251159667969,107.63691711425781,92.04711151123047,19406.728515625
data/datasets/O-/cluster_7_4610.BMP,96,103,39690,170.8787384033203,95.70147705078125,91.5050277709961,15616.021484375
data/datasets/O-/cluster_7_4614.BMP,96,103,39690,151.92384338378906,100.2284164428711,90.6388168334961,17016.46875
data/datasets/O-/cluster_7_4620.BMP,96,103,39690,134.03114318847656,111.06576538085938,91.47235870361328,13285.4287109375
data/datasets/O-/cluster_7_4639.BMP,96,103,39690,121.10285186767578,106.65242004394531,91.75376892089844,18824.6015625
data/datasets/O-/cluster_7_4666.BMP,96,103,39690,131.11721801757812,112.44746398925781,91.60489654541016,11113.056640625
data/datasets/O-/cluster_7_4698.BMP,96,103,39690,178.01951599121094,95.93914031982422,92.05464935302734,14188.927734375
data/datasets/O-/cluster_7_4710.BMP,96,103,39690,127.59921264648438,107.18379974365234,90.08919525146484,13819.01953125
data/datasets/O-/cluster_7_4715.BMP,96,103,39690,160.93638610839844,100.76695251464844,92.27889251708984,18997.44921875
data/datasets/O-/cluster_7_4719.BMP,96,103,39690,148.5680694580078,90.3525619506836,92.43404388427734,7444.6259765625
data/datasets/O-/cluster_7_4722.BMP,96,103,39690,142.77670288085938,105.61853790283203,91.60803985595703,21024.740234375
data/datasets/O-/cluster_7_4737.BMP,96,103,39690,144.71885681152344,87.5202407836914,92.42211151123047,11591.41796875
data/datasets/O-/cluster_7_4739.BMP,96,103,39690,117.14684295654297,111.494140625,92.3888168334961,13193.42578125
data/datasets/O-/cluster_7_4749.BMP,96,103,39690,138.6300506591797,92.24413299560547,88.23115539550781,8528.759765625
data/datasets/O-/cluster_7_4771.BMP,96,103,39690,156.15594482421875,99.76177215576172,91.36872100830078,15194.060546875
data/datasets/O-/cluster_7_4776.BMP,96,103,39690,157.4906005859375,105.8966293334961,91.53203582763672,14019.0478515625
data/datasets/O-/cluster_7_4778.BMP,96,103,39690,172.70408630371094,101.3497543334961,92.12876892089844,15293.611328125
data/datasets/O-/cluster_7_4784.BMP,96,103,39690,153.1071014404297,108.05789947509766,92.06532287597656,15518.0
data/datasets/O-/cluster_7_4793.BMP,241,298,215890,129.69110107421875,106.5684585571289,166.25115966796875,4585.966796875
data/datasets/O-/cluster_7_4796.BMP,96,103,39690,178.02032470703125,98.02367401123047,92.07788848876953,16733.83203125
data/datasets/O-/cluster_7_48.BMP,96,103,39690,181.4325408935547,93.78287506103516,91.63316345214844,14260.166015625
data/datasets/O-/cluster_7_4825.BMP,96,103,39690,139.08050537109375,104.39804077148438,91.87751007080078,21040.6875
data/datasets/O-/cluster_7_483.BMP,96,103,39690,155.13531494140625,112.46820831298828,92.42776489257812,13531.287109375
data/datasets/O-/cluster_7_4836.BMP,96,103,39690,137.63723754882812,107.49283599853516,92.28266143798828,16768.6484375
data/datasets/O-/cluster_7_4847.BMP,96,103,39690,83.60113525390625,106.90522003173828,89.60803985595703,5344.4345703125
data/datasets/O-/cluster_7_4858.BMP,96,103,39690,138.01092529296875,106.4975357055664,91.33039855957031,16575.197265625
data/datasets/O-/cluster_7_489.BMP,96,103,39690,140.40341186523438,101.89744567871094,91.73743438720703,13351.0380859375
data/datasets/O-/cluster_7_4918.BMP,96,103,39690,164.84425354003906,104.00643920898438,92.07914733886719,17404.826171875
data/datasets/O-/cluster_7_4921.BMP,96,103,39690,154.299560546875,109.83109283447266,92.42525482177734,11713.5361328125
data/datasets/O-/cluster_7_4923.BMP,96,103,39690,152.0210418701172,105.29926300048828,91.75627899169922,18593.3671875
data/datasets/O-/cluster_7_4929.BMP,241,298,215890,149.90185546875,96.93272399902344,168.87754821777344,4559.791015625
data/datasets/O-/cluster_7_493.BMP,96,103,39690,143.3629608154297,104.65724182128906,91.92650604248047,11310.041015625
data/datasets/O-/cluster_7_4939.BMP,96,103,39690,141.58889770507812,104.84476470947266,91.55653381347656,21984.3203125
data/datasets/O-/cluster_7_4950.BMP,96,103,39690,136.2614288330078,109.06985473632812,92.43404388427734,12086.701171875
data/datasets/O-/cluster_7_4954.BMP,96,103,39690,147.64381408691406,104.34233093261719,92.11180877685547,19337.55078125
data/datasets/O-/cluster_7_4977.BMP,96,103,39690,148.2047882080078,104.33682250976562,91.26758575439453,18121.232421875
data/datasets/O-/cluster_7_4979.BMP,96,103,39690,166.67567443847656,94.43492126464844,90.51319122314453,15229.78125
data/datasets/O-/cluster_7_4983.BMP,96,103,39690,96.52164459228516,107.28722381591797,90.23680877685547,9684.712890625
data/datasets/O-/cluster_7_4987.BMP,96,103,39690,102.20085144042969,108.20501708984375,92.4189682006836,10311.02734375
data/datasets/O-/cluster_7_499.BMP,96,103,39690,157.3741912841797,93.86922454833984,92.43404388427734,8678.146484375
data/datasets/O-/cluster_7_4995.BMP,96,103,39690,163.9891815185547,104.04290008544922,91.37248992919922,14262.2734375
data/datasets/O-/cluster_7_5021.BMP,96,103,39690,178.94003295898438,92.24945068359375,91.01445007324219,13106.52734375
data/datasets/O-/cluster_7_5022.BMP,96,103,39690,198.0256805419922,95.93976593017578,92.42525482177734,8912.3271484375
data/datasets/O-/cluster_7_5034.BMP,96,103,39690,105.45903778076172,101.68746185302734,92.2198486328125,12125.919921875
data/datasets/O-/cluster_7_5036.BMP,96,103,39690,174.6454315185547,105.18295288085938,92.43341827392578,15642.7568359375
data/datasets/O-/cluster_7_5040.BMP,96,103,39690,154.0398406982422,99.48207092285156,92.43404388427734,9256.4599609375
data/datasets/O-/cluster_7_5056.BMP,96,103,39690,161.3417205810547,99.40239715576172,92.43404388427734,9687.2001953125
data/datasets/O-/cluster_7_5059.BMP,96,103,39690,184.8545684814453,98.52103424072266,92.43404388427734,15164.8583984375
data/datasets/O-/cluster_7_5068.BMP,96,103,39690,152.29733276367188,110.91603088378906,92.43404388427734,11112.119140625
data/datasets/O-/cluster_7_5080.BMP,96,103,39690,149.04742431640625,108.87163543701172,92.36683654785156,19881.4453125
data/datasets/O-/cluster_7_511.BMP,96,103,39690,122.27851867675781,107.07301330566406,92.18467712402344,24686.189453125
data/datasets/O-/cluster_7_5111.BMP,96,103,39690,188.16848754882812,94.49701690673828,92.43279266357422,11879.296875
data/datasets/O-/cluster_7_5113.BMP,96,103,39690,155.49656677246094,106.57373809814453,92.42273712158203,18353.703125
data/datasets/O-/cluster_7_5132.BMP,96,103,39690,143.8274688720703,108.7020034790039,90.49246215820312,19819.1640625
data/datasets/O-/cluster_7_5133.BMP,96,103,39690,189.27548217773438,99.17790985107422,92.42085266113281,13853.7939453125
data/datasets/O-/cluster_7_5150.BMP,96,103,39690,174.42222595214844,95.44910430908203,91.23931884765625,12262.6201171875
data/datasets/O-/cluster_7_5154.BMP,96,103,39690,202.992919921875,86.46375274658203,92.32788848876953,8500.515625
data/datasets/O-/cluster_7_5157.BMP,96,103,39690,157.02133178710938,94.03365325927734,92.4258804321289,10826.0302734375
data/datasets/O-/cluster_7_5159.BMP,96,103,39690,147.15948486328125,89.29096221923828,92.43404388427734,6570.32568359375
data/datasets/O-/cluster_7_519.BMP,241,298,215890,147.44775390625,91.90496063232422,173.73345947265625,3391.93310546875
data/datasets/O-/cluster_7_5207.BMP,96,103,39690,162.4129180908203,98.97696685791016,92.43153381347656,6710.39599609375
data/datasets/O-/cluster_7_5237.BMP,96,103,39690,126.05097198486328,104.8630142211914,91.37374114990234,17265.904296875
data/datasets/O-/cluster_7_5242.BMP,96,103,39690,142.55552673339844,107.58924102783203,92.31218719482422,18437.875
data/datasets/O-/cluster_7_5300.BMP,96,103,39690,173.748779296875,103.59424591064453,92.24372100830078,14701.54296875
data/datasets/O-/cluster_7_5303.BMP,96,103,39690,137.1147918701172,104.45393371582031,91.02889251708984,20729.673828125
data/datasets/O-/cluster_7_5304.BMP,96,103,39690,146.24949645996094,107.32694244384766,92.40138244628906,12073.474609375
data/datasets/O-/cluster_7_5311.BMP,96,103,39690,144.5972900390625,111.44745635986328,92.39196014404297,17499.421875
data/datasets/O-/cluster_7_5315.BMP,96,103,39690,95.38177490234375,105.1395034790039,92.12248992919922,11984.0546875
data/datasets/O-/cluster_7_5320.BMP,96,103,39690,174.5591583251953,89.10104370117188,90.9792709350586,12007.8994140625
data/datasets/O-/cluster_7_5325.BMP,96,103,39690,140.17921447753906,106.41020202636719,92.3052749633789,18076.232421875
data/datasets/O-/cluster_7_5326.BMP,96,103,39690,110.30339813232422,104.19711303710938,89.1507568359375,12879.2470703125
data/datasets/O-/cluster_7_5328.BMP,96,103,39690,153.427490234375,96.57666778564453,92.43404388427734,8975.00390625
data/datasets/O-/cluster_7_5351.BMP,96,103,39690,155.07676696777344,107.1561050415039,92.13191223144531,14296.28125
data/datasets/O-/cluster_7_538.BMP,96,103,39690,149.86053466796875,110.57728576660156,92.16708374023438,11943.33984375
data/datasets/O-/cluster_7_5380.BMP,96,103,39690,168.0456085205078,102.41839599609375,92.43404388427734,8507.166015625
data/datasets/O-/cluster_7_5391.BMP,96,103,39690,158.73402404785156,104.18927764892578,92.43404388427734,14748.423828125
data/datasets/O-/cluster_7_541.BMP,96,103,39690,133.57786560058594,108.06473541259766,92.43404388427734,10604.876953125
data/datasets/O-/cluster_7_5412.BMP,96,103,39690,138.5439910888672,117.4084243774414,92.43404388427734,7245.662109375
data/datasets/O-/cluster_7_5415.BMP,96,103,39690,174.6281280517578,98.60717010498047,92.35615539550781,16538.65234375
data/datasets/O-/cluster_7_5419.BMP,96,103,39690,134.60720825195312,108.84644317626953,92.43404388427734,17219.7421875
data/datasets/O-/cluster_7_5429.BMP,96,103,39690,133.6989288330078,111.15867614746094,91.65389251708984,13336.173828125
data/datasets/O-/cluster_7_5439.BMP,96,103,39690,156.10548400878906,108.95415496826172,92.40829467773438,19102.46484375
data/datasets/O-/cluster_7_5447.BMP,241,298,215890,161.39979553222656,103.07759094238281,179.42787170410156,4387.72412109375
data/datasets/O-/cluster_7_5457.BMP,96,103,39690,152.5469207763672,103.46895599365234,91.5050277709961,20604.296875
data/datasets/O-/cluster_7_5470.BMP,96,103,39690,140.18112182617188,104.05406951904297,92.01884460449219,20966.68359375
data/datasets/O-/cluster_7_549.BMP,96,103,39690,140.08758544921875,109.48359680175781,92.43404388427734,16747.740234375
data/datasets/O-/cluster_7_5494.BMP,96,103,39690,151.67202758789062,105.5960693359375,92.00376892089844,14136.59375
data/datasets/O-/cluster_7_5500.BMP,96,103,39690,152.5121307373047,103.44276428222656,92.15641021728516,13446.4189453125
data/datasets/O-/cluster_7_552.BMP,96,103,39690,149.43618774414062,104.41561126708984,91.6413345336914,17190.365234375
data/datasets/O-/cluster_7_5528.BMP,96,103,39690,160.80552673339844,105.28443908691406,91.17713928222656,14644.5625
data/datasets/O-/cluster_7_5544.BMP,96,103,39690,154.3031005859375,90.41712188720703,92.43404388427734,7137.7216796875
data/datasets/O-/cluster_7_5548.BMP,96,103,39690,163.39370727539062,98.5114517211914,90.75251007080078,15684.62890625
data/datasets/O-/cluster_7_5555.BMP,96,103,39690,159.17576599121094,98.38866424560547,92.43404388427734,8658.359375
data/datasets/O-/cluster_7_5557.BMP,96,103,39690,139.3246307373047,103.27650451660156,92.41834259033203,18678.9765625
data/datasets/O-/cluster_7_5558.BMP,96,103,39690,130.3380889892578,107.7026138305664,91.9214859008789,15779.828125
data/datasets/O-/cluster_7_5572.BMP,96,103,39690,140.36398315429688,109.54254150390625,90.92525482177734,15588.2509765625
data/datasets/O-/cluster_7_5584.BMP,96,103,39690,156.10174560546875,101.64667510986328,92.43404388427734,14251.751953125
data/datasets/O-/cluster_7_5585.BMP,96,103,39690,183.0904083251953,85.89471435546875,92.43404388427734,9976.0810546875
data/datasets/O-/cluster_7_5588.BMP,96,103,39690,149.69053649902344,104.00689697265625,91.7550277709961,20775.626953125
data/datasets/O-/cluster_7_5610.BMP,96,103,39690,141.58242797851562,94.13941192626953,88.60803985595703,8735.6025390625
data/datasets/O-/cluster_7_5615.BMP,96,103,39690,133.32928466796875,113.03358459472656,92.43404388427734,15453.2705078125
data/datasets/O-/cluster_7_5617.BMP,96,103,39690,136.305419921875,106.10765075683594,91.82035064697266,13857.0908203125
data/datasets/O-/cluster_7_562.BMP,96,103,39690,147.04257202148438,105.60200500488281,91.64510345458984,19853.087890625
data/datasets/O-/cluster_7_5648.BMP,96,103,39690,167.03387451171875,98.65032196044922,92.02010345458984,13424.9013671875
data/datasets/O-/cluster_7_5655.BMP,96,103,39690,98.52194213867188,100.84508514404297,91.03077697753906,21293.611328125
data/datasets/O-/cluster_7_5656.BMP,96,103,39690,159.49575805664062,105.5533447265625,92.43404388427734,16494.603515625
data/datasets/O-/cluster_7_5664.BMP,96,103,39690,156.20458984375,108.21736145019531,92.41394805908203,14028.31640625
data/datasets/O-/cluster_7_5684.BMP,96,103,39690,151.10609436035156,105.92880249023438,91.65389251708984,15627.947265625
data/datasets/O-/cluster_7_5696.BMP,96,103,39690,164.7385711669922,100.52998352050781,91.75439453125,17157.3828125
data/datasets/O-/cluster_7_57.BMP,96,103,39690,144.80723571777344,105.89064025878906,92.37123107910156,17671.162109375
data/datasets/O-/cluster_7_5700.BMP,96,103,39690,144.33575439453125,98.8455810546875,92.42902374267578,9893.1875
data/datasets/O-/cluster_7_571.BMP,96,103,39690,133.87429809570312,110.89969635009766,92.42399597167969,18798.25
data/datasets/O-/cluster_7_5719.BMP,96,103,39690,147.6597900390625,108.9669189453125,92.41206359863281,13730.11328125
data/datasets/O-/cluster_7_5727.BMP,96,103,39690,172.86134338378906,98.32048034667969,92.41080474853516,17893.8359375
data/datasets/O-/cluster_7_5729.BMP,96,103,39690,151.53509521484375,101.19792175292969,92.43404388427734,8079.396484375
data/datasets/O-/cluster_7_5748.BMP,96,103,39690,89.01921844482422,108.93937683105469,91.09233856201172,7600.8427734375
data/datasets/O-/cluster_7_5753.BMP,96,103,39690,152.07150268554688,109.83342742919922,92.41143035888672,15040.4609375
data/datasets/O-/cluster_7_5758.BMP,96,103,39690,168.35791015625,99.63456726074219,92.2707290649414,12684.84765625
data/datasets/O-/cluster_7_5772.BMP,96,103,39690,153.03822326660156,108.9522933959961,92.43279266357422,17317.34765625
data/datasets/O-/cluster_7_5773.BMP,96,103,39690,136.17950439453125,106.38706970214844,92.43341827392578,15584.9599609375
data/datasets/O-/cluster_7_5776.BMP,96,103,39690,146.55885314941406,109.66920471191406,92.31156158447266,15821.244140625
data/datasets/O-/cluster_7_5791.BMP,96,103,39690,139.6585693359375,107.45289611816406,92.41960144042969,13593.240234375
data/datasets/O-/cluster_7_5793.BMP,96,103,39690,163.6951904296875,100.37458038330078,90.18153381347656,19246.912109375
data/datasets/O-/cluster_7_5795.BMP,96,103,39690,120.36053466796875,107.497314453125,92.43404388427734,15449.681640625
data/datasets/O-/cluster_7_580.BMP,96,103,39690,171.3543701171875,95.80123901367188,92.43341827392578,11321.3046875
data/datasets/O-/cluster_7_5826.BMP,96,103,39690,112.60467529296875,103.87686157226562,91.41771697998047,18071.478515625
data/datasets/O-/cluster_7_5829.BMP,96,103,39690,171.49221801757812,104.27120208740234,91.99372100830078,16330.6484375
data/datasets/O-/cluster_7_5831.BMP,96,103,39690,145.4125213623047,107.23775482177734,92.4095458984375,17408.556640625
data/datasets/O-/cluster_7_5837.BMP,96,103,39690,151.65908813476562,106.26089477539062,92.43404388427734,17334.12890625
data/datasets/O-/cluster_7_5846.BMP,96,103,39690,131.9862518310547,83.39032745361328,87.28643035888672,7298.63037109375
data/datasets/O-/cluster_7_5853.BMP,96,103,39690,143.31846618652344,82.49835968017578,92.43404388427734,3047.43798828125
data/datasets/O-/cluster_7_5855.BMP,96,103,39690,165.14947509765625,107.46298217773438,92.40264129638672,17477.533203125
data/datasets/O-/cluster_7_5859.BMP,96,103,39690,125.71652221679688,104.71574401855469,91.18907165527344,15088.6259765625
data/datasets/O-/cluster_7_5863.BMP,96,103,39690,145.50808715820312,106.19483184814453,92.26570129394531,16071.42578125
data/datasets/O-/cluster_7_5866.BMP,96,103,39690,178.5420684814453,92.50102233886719,92.27638244628906,15982.4208984375
data/datasets/O-/cluster_7_5867.BMP,96,103,39690,130.07989501953125,105.26899719238281,91.805908203125,19043.91015625
data/datasets/O-/cluster_7_5879.BMP,96,103,39690,161.64967346191406,105.96582794189453,92.30402374267578,21648.640625
data/datasets/O-/cluster_7_5889.BMP,96,103,39690,159.76101684570312,107.39512634277344,92.43404388427734,16084.2529296875
data/datasets/O-/cluster_7_5893.BMP,96,103,39690,126.54065704345703,110.54828643798828,92.23052978515625,16120.875
data/datasets/O-/cluster_7_5899.BMP,96,103,39690,123.32119750976562,110.9815902709961,91.5998764038086,9860.607421875
data/datasets/O-/cluster_7_5900.BMP,96,103,39690,135.92364501953125,105.6335220336914,91.25816345214844,13987.630859375
data/datasets/O-/cluster_7_5906.BMP,96,103,39690,142.3018798828125,112.82588958740234,92.37248992919922,15270.294921875
data/datasets/O-/cluster_7_591.BMP,96,103,39690,148.2949981689453,109.10782623291016,91.51884460449219,13921.28515625
data/datasets/O-/cluster_7_5912.BMP,96,103,39690,176.75242614746094,103.43621826171875,91.96419525146484,14985.779296875
data/datasets/O-/cluster_7_5914.BMP,96,103,39690,189.00900268554688,93.8270492553711,91.7939682006836,10183.90234375
data/datasets/O-/cluster_7_5932.BMP,96,103,39690,148.01132202148438,92.33655548095703,92.43404388427734,6484.0693359375
data/datasets/O-/cluster_7_5934.BMP,96,103,39690,108.00617218017578,105.8444595336914,90.06156158447266,14659.0009765625
data/datasets/O-/cluster_7_5940.BMP,96,103,39690,151.6576690673828,104.4300537109375,92.4001235961914,20996.0703125
data/datasets/O-/cluster_7_5942.BMP,96,103,39690,152.77244567871094,100.10433197021484,90.69974517822266,19659.384765625
data/datasets/O-/cluster_7_5943.BMP,96,103,39690,150.563720703125,108.20194244384766,92.42713928222656,16597.8359375
data/datasets/O-/cluster_7_5944.BMP,96,103,39690,191.09799194335938,85.20215606689453,92.29962158203125,10174.59765625
data/datasets/O-/cluster_7_5952.BMP,96,103,39690,152.48765563964844,106.41569519042969,92.23743438720703,14088.580078125
data/datasets/O-/cluster_7_5958.BMP,96,103,39690,144.50828552246094,107.8998794555664,92.38379669189453,16163.65234375
data/datasets/O-/cluster_7_5959.BMP,96,103,39690,165.00222778320312,100.73217010498047,92.4302749633789,17128.55078125
data/datasets/O-/cluster_7_5960.BMP,96,103,39690,146.65463256835938,90.7912368774414,92.43279266357422,9057.8671875
data/datasets/O-/cluster_7_5962.BMP,96,103,39690,178.88815307617188,101.93576049804688,92.42776489257812,14959.3671875
data/datasets/O-/cluster_7_5965.BMP,96,103,39690,158.0917205810547,104.9366683959961,92.35050201416016,18574.046875
data/datasets/O-/cluster_7_5967.BMP,96,103,39690,194.0933380126953,84.78105926513672,92.07662963867188,9584.4228515625
data/datasets/O-/cluster_7_5969.BMP,96,103,39690,146.50657653808594,102.84795379638672,91.97173309326172,14210.583984375
data/datasets/O-/cluster_7_5975.BMP,96,103,39690,175.2208709716797,99.29846954345703,91.80150604248047,16562.86328125
data/datasets/O-/cluster_7_5976.BMP,96,103,39690,146.99757385253906,106.24128723144531,91.41519927978516,16616.197265625
data/datasets/O-/cluster_7_5979.BMP,96,103,39690,139.95176696777344,96.89920806884766,92.43341827392578,5094.013671875
data/datasets/O-/cluster_7_5986.BMP,96,103,39690,183.43426513671875,93.99082946777344,90.93467712402344,13953.009765625
data/datasets/O-/cluster_7_604.BMP,96,103,39690,142.1906280517578,104.8221206665039,91.24183654785156,15345.521484375
data/datasets/O-/cluster_7_607.BMP,96,103,39690,187.0503692626953,98.66429138183594,92.43404388427734,13225.384765625
data/datasets/O-/cluster_7_610.BMP,96,103,39690,123.23634338378906,105.40727233886719,91.0163345336914,23007.1875
data/datasets/O-/cluster_7_612.BMP,96,103,39690,175.76223754882812,95.38955688476562,91.84358978271484,15232.69140625
data/datasets/O-/cluster_7_625.BMP,96,103,39690,200.4935302734375,81.578369140625,91.21733856201172,8193.04296875
data/datasets/O-/cluster_7_631.BMP,96,103,39690,138.5068817138672,111.27660369873047,92.26570129394531,9999.361328125
data/datasets/O-/cluster_7_636.BMP,96,103,39690,134.11337280273438,108.03836059570312,91.5810317993164,16109.087890625
data/datasets/O-/cluster_7_643.BMP,96,103,39690,179.0014190673828,93.68475341796875,92.430908203125,15375.2880859375
data/datasets/O-/cluster_7_649.BMP,96,103,39690,177.4964599609375,93.65711212158203,92.43404388427734,10126.611328125
data/datasets/O-/cluster_7_65.BMP,96,103,39690,163.7079315185547,101.82164764404297,92.37625885009766,16743.015625
data/datasets/O-/cluster_7_653.BMP,96,103,39690,54.52336120605469,90.662109375,82.35238647460938,5988.150390625
data/datasets/O-/cluster_7_654.BMP,96,103,39690,132.0033416748047,106.20399475097656,91.74937438964844,18154.95703125
data/datasets/O-/cluster_7_664.BMP,96,103,39690,154.84364318847656,105.52677917480469,92.43215942382812,22081.7578125
data/datasets/O-/cluster_7_666.BMP,96,103,39690,169.00880432128906,102.30291748046875,92.41960144042969,15945.8388671875
data/datasets/O-/cluster_7_668.BMP,96,103,39690,146.20742797851562,95.09019470214844,92.42273712158203,9853.130859375
data/datasets/O-/cluster_7_677.BMP,96,103,39690,148.19862365722656,108.57597351074219,92.41834259033203,20816.0078125
data/datasets/O-/cluster_7_68.BMP,96,103,39690,131.01365661621094,107.04190063476562,91.63191223144531,16185.0048828125
data/datasets/O-/cluster_7_691.BMP,96,103,39690,146.03863525390625,100.2740707397461,92.43404388427734,13052.083984375
data/datasets/O-/cluster_7_697.BMP,241,298,215890,170.9525604248047,98.17745971679688,174.72557067871094,4314.091796875
data/datasets/O-/cluster_7_702.BMP,96,103,39690,162.4756317138672,100.8590087890625,90.89196014404297,16839.01953125
data/datasets/O-/cluster_7_712.BMP,96,103,39690,118.07847595214844,108.78134155273438,90.82537841796875,12908.85546875
data/datasets/O-/cluster_7_715.BMP,96,103,39690,162.26385498046875,102.54814910888672,92.34799194335938,19645.30859375
data/datasets/O-/cluster_7_729.BMP,96,103,39690,137.96986389160156,110.10468292236328,92.38253784179688,19508.58984375
data/datasets/O-/cluster_7_740.BMP,96,103,39690,138.9620819091797,106.77142333984375,87.94597625732422,19281.859375
data/datasets/O-/cluster_7_75.BMP,96,103,39690,134.21945190429688,89.11576843261719,92.43404388427734,5033.740234375
data/datasets/O-/cluster_7_750.BMP,96,103,39690,149.2555694580078,96.95672607421875,92.43404388427734,10884.3671875
data/datasets/O-/cluster_7_759.BMP,96,103,39690,155.70196533203125,109.16618347167969,92.42650604248047,18041.5859375
data/datasets/O-/cluster_7_779.BMP,96,103,39690,134.9814910888672,111.91915893554688,92.43404388427734,12236.669921875
data/datasets/O-/cluster_7_783.BMP,96,103,39690,137.43365478515625,109.83854675292969,92.38191223144531,19988.36328125
data/datasets/O-/cluster_7_789.BMP,96,103,39690,167.42556762695312,96.0525894165039,92.43404388427734,11746.3671875
data/datasets/O-/cluster_7_79.BMP,96,103,39690,147.45550537109375,105.24105834960938,91.53329467773438,19804.85546875
data/datasets/O-/cluster_7_796.BMP,96,103,39690,142.1790008544922,107.50276947021484,92.30715942382812,16809.8515625
data/datasets/O-/cluster_7_809.BMP,96,103,39690,135.3773193359375,108.73600006103516,92.3008804321289,20560.888671875
data/datasets/O-/cluster_7_816.BMP,96,103,39690,146.46389770507812,104.65235137939453,91.33605194091797,20818.474609375
data/datasets/O-/cluster_7_822.BMP,96,103,39690,175.3806610107422,99.75341796875,92.430908203125,13300.646484375
data/datasets/O-/cluster_7_828.BMP,96,103,39690,150.61973571777344,101.95086669921875,91.60552978515625,21671.755859375
data/datasets/O-/cluster_7_831.BMP,96,103,39690,178.81411743164062,99.76824188232422,92.11746215820312,13582.1708984375
data/datasets/O-/cluster_7_842.BMP,96,103,39690,142.0633087158203,109.44306945800781,92.41519927978516,18828.9375
data/datasets/O-/cluster_7_845.BMP,96,103,39690,196.183349609375,89.21882629394531,92.43215942382812,6934.5009765625
data/datasets/O-/cluster_7_847.BMP,96,103,39690,176.22532653808594,99.56633758544922,91.54271697998047,14990.25390625
data/datasets/O-/cluster_7_85.BMP,96,103,39690,142.82504272460938,94.6803970336914,92.43404388427734,9619.205078125
data/datasets/O-/cluster_7_863.BMP,96,103,39690,160.48715209960938,102.17182159423828,92.43404388427734,18088.53125
data/datasets/O-/cluster_7_869.BMP,96,103,39690,166.9722900390625,97.78450775146484,91.51947021484375,18585.4609375
data/datasets/O-/cluster_7_870.BMP,96,103,39690,155.16383361816406,91.57599639892578,92.43404388427734,6006.4248046875
data/datasets/O-/cluster_7_88.BMP,96,103,39690,151.8506317138672,102.36439514160156,90.6199722290039,16890.765625
data/datasets/O-/cluster_7_897.BMP,96,103,39690,152.32484436035156,95.83084869384766,92.43404388427734,10292.3505859375
data/datasets/O-/cluster_7_9.BMP,96,103,39690,160.33737182617188,98.63348388671875,90.0094223022461,15879.443359375
data/datasets/O-/cluster_7_900.BMP,96,103,39690,152.85255432128906,108.3105697631836,91.37688446044922,16775.640625
data/datasets/O-/cluster_7_91.BMP,96,103,39690,192.81735229492188,88.04402923583984,92.43404388427734,4698.0244140625
data/datasets/O-/cluster_7_910.BMP,96,103,39690,162.30056762695312,99.80594635009766,91.36054992675781,13991.486328125
data/datasets/O-/cluster_7_918.BMP,96,103,39690,167.34890747070312,105.83547973632812,92.43404388427734,15217.837890625
data/datasets/O-/cluster_7_926.BMP,96,103,39690,137.0548095703125,103.22071838378906,91.20728302001953,22863.76171875
data/datasets/O-/cluster_7_936.BMP,96,103,39690,153.9331512451172,93.60054016113281,92.43404388427734,6909.97265625
data/datasets/O-/cluster_7_938.BMP,96,103,39690,159.39007568359375,102.18059539794922,92.04271697998047,17258.62890625
data/datasets/O-/cluster_7_957.BMP,96,103,39690,153.54611206054688,105.06195068359375,92.32914733886719,17775.986328125
data/datasets/O-/cluster_7_964.BMP,96,103,39690,161.8716583251953,106.23274993896484,92.43341827392578,16796.435546875
data/datasets/O-/cluster_7_977.BMP,96,103,39690,172.04197692871094,93.9964370727539,92.43404388427734,7774.888671875
data/datasets/O-/cluster_7_979.BMP,96,103,39690,178.17152404785156,96.60646057128906,92.43279266357422,14602.71875
data/datasets/O-/cluster_7_985.BMP,96,103,39690,147.287109375,107.71765899658203,92.41834259033203,17414.419921875
data/datasets/O-/cluster_7_998.BMP,96,103,39690,148.06280517578125,106.38697052001953,92.30904388427734,14791.66796875
data/datasets/O-/cluster_7_999.BMP,96,103,39690,150.0155792236328,90.89300537109375,92.43215942382812,7066.46142578125
