filepath,label,status,coverage,coverage_percent,n_components,boundary_contact,boundary_contact_percent,component_fallback,high_coverage,low_coverage,boundary_flag,component_flag,failure_reason
A+/cluster_0_2609.BMP,A+,PASS,0.6369336569579288,63.69336569579288,1,0.5634517766497462,56.34517766497462,False,False,False,False,False,
A+/cluster_0_262.BMP,A+,PASS,0.7595064724919094,75.95064724919094,1,0.5532994923857868,55.32994923857868,False,False,False,False,False,
A+/cluster_0_2640.BMP,A+,PASS,0.7148058252427184,71.48058252427184,1,0.6218274111675127,62.182741116751274,False,False,False,False,False,
A+/cluster_0_2642.BMP,A+,PASS,0.7781148867313916,77.81148867313917,1,0.5532994923857868,55.32994923857868,False,False,False,False,False,
A+/cluster_0_2670.BMP,A+,PASS,0.7094457928802589,70.94457928802589,1,0.5736040609137056,57.360406091370564,False,False,False,False,False,
A+/cluster_0_2672.BMP,A+,PASS,0.7619336569579288,76.19336569579288,1,0.6675126903553299,66.75126903553299,False,False,False,False,False,
A+/cluster_0_2678.BMP,A+,PASS,0.7935881877022654,79.35881877022653,1,0.6472081218274112,64.72081218274111,False,False,False,False,False,
A+/cluster_0_2679.BMP,A+,PASS,0.8414239482200647,84.14239482200647,1,0.5558375634517766,55.58375634517766,False,False,False,False,False,
A+/cluster_0_2693.BMP,A+,PASS,0.7117718446601942,71.17718446601941,1,0.5685279187817259,56.852791878172596,False,False,False,False,False,
A+/cluster_0_271.BMP,A+,PASS,0.7115695792880259,71.15695792880258,1,0.5862944162436549,58.629441624365484,False,False,False,False,False,
A+/cluster_0_2716.BMP,A+,PASS,0.6592839805825242,65.92839805825243,1,0.5913705583756346,59.13705583756346,False,False,False,False,False,
A+/cluster_0_2719.BMP,A+,PASS,0.7456512944983819,74.56512944983818,1,0.5532994923857868,55.32994923857868,False,False,False,False,False,
A+/cluster_0_273.BMP,A+,PASS,0.6983211974110033,69.83211974110033,1,0.5634517766497462,56.34517766497462,False,False,False,False,False,
A+/cluster_0_2737.BMP,A+,PASS,0.7107605177993528,71.07605177993528,1,0.5583756345177665,55.83756345177665,False,False,False,False,False,
A+/cluster_0_2782.BMP,A+,PASS,0.7403923948220065,74.03923948220064,1,0.6725888324873096,67.25888324873097,False,False,False,False,False,
A+/cluster_0_2784.BMP,A+,PASS,0.5628033980582524,56.28033980582524,1,0.5685279187817259,56.852791878172596,False,False,False,False,False,
A+/cluster_0_2812.BMP,A+,PASS,0.7901496763754046,79.01496763754045,1,0.6802030456852792,68.02030456852792,False,False,False,False,False,
A+/cluster_0_2821.BMP,A+,PASS,0.6975121359223301,69.75121359223301,1,0.5685279187817259,56.852791878172596,False,False,False,False,False,
A+/cluster_0_2849.BMP,A+,PASS,0.7459546925566343,74.59546925566343,1,0.6548223350253807,65.48223350253807,False,False,False,False,False,
A+/cluster_0_2860.BMP,A+,PASS,0.75,75.0,1,0.5532994923857868,55.32994923857868,False,False,False,False,False,
A+/cluster_0_2871.BMP,A+,PASS,0.741504854368932,74.1504854368932,1,0.6878172588832487,68.78172588832487,False,False,False,False,False,
A+/cluster_0_2872.BMP,A+,PASS,0.6788025889967637,67.88025889967638,1,0.5583756345177665,55.83756345177665,False,False,False,False,False,
A+/cluster_0_2895.BMP,A+,PASS,0.7181432038834952,71.81432038834951,1,0.5736040609137056,57.360406091370564,False,False,False,False,False,
A+/cluster_0_2902.BMP,A+,PASS,0.7742718446601942,77.42718446601941,1,0.649746192893401,64.9746192893401,False,False,False,False,False,
A+/cluster_0_291.BMP,A+,PASS,0.7111650485436893,71.11650485436894,1,0.5609137055837563,56.09137055837563,False,False,False,False,False,
A+/cluster_0_2913.BMP,A+,PASS,0.6957928802588996,69.57928802588997,1,0.5583756345177665,55.83756345177665,False,False,False,False,False,
A+/cluster_0_2922.BMP,A+,PASS,0.7661812297734628,76.61812297734627,1,0.5634517766497462,56.34517766497462,False,False,False,False,False,
A+/cluster_0_2927.BMP,A+,PASS,0.6533171521035599,65.331715210356,2,0.565989847715736,56.598984771573605,False,False,False,False,False,
A+/cluster_0_2930.BMP,A+,PASS,0.7013551779935275,70.13551779935275,1,0.6091370558375635,60.913705583756354,False,False,False,False,False,
A+/cluster_0_2951.BMP,A+,PASS,0.5593648867313916,55.93648867313916,1,0.5685279187817259,56.852791878172596,False,False,False,False,False,
A+/cluster_0_2959.BMP,A+,PASS,0.7575849514563107,75.75849514563106,1,0.6776649746192893,67.76649746192894,False,False,False,False,False,
A+/cluster_0_2970.BMP,A+,PASS,0.8088592233009708,80.88592233009709,1,0.5685279187817259,56.852791878172596,False,False,False,False,False,
A+/cluster_0_2983.BMP,A+,PASS,0.5984021035598706,59.840210355987054,1,0.5532994923857868,55.32994923857868,False,False,False,False,False,
A+/cluster_0_2984.BMP,A+,PASS,0.7959142394822006,79.59142394822007,1,0.6218274111675127,62.182741116751274,False,False,False,False,False,
A+/cluster_0_3006.BMP,A+,PASS,0.7224919093851133,72.24919093851133,1,0.5685279187817259,56.852791878172596,False,False,False,False,False,
A+/cluster_0_3013.BMP,A+,PASS,0.5848503236245954,58.48503236245954,1,0.5685279187817259,56.852791878172596,False,False,False,False,False,
A+/cluster_0_3028.BMP,A+,PASS,0.7473705501618123,74.73705501618123,1,0.5634517766497462,56.34517766497462,False,False,False,False,False,
A+/cluster_0_303.BMP,A+,PASS,0.7360436893203883,73.60436893203884,1,0.6624365482233503,66.24365482233503,False,False,False,False,False,
A+/cluster_0_3044.BMP,A+,PASS,0.6800161812297735,68.00161812297735,1,0.5634517766497462,56.34517766497462,False,False,False,False,False,
A+/cluster_0_3056.BMP,A+,PASS,0.6190331715210357,61.90331715210357,1,0.5634517766497462,56.34517766497462,False,False,False,False,False,
A+/cluster_0_3064.BMP,A+,PASS,0.6543284789644013,65.43284789644012,1,0.5812182741116751,58.121827411167516,False,False,False,False,False,
A+/cluster_0_3067.BMP,A+,PASS,0.7432241100323624,74.32241100323624,1,0.5634517766497462,56.34517766497462,False,False,False,False,False,
A+/cluster_0_3085.BMP,A+,PASS,0.6997370550161812,69.97370550161813,1,0.5583756345177665,55.83756345177665,False,False,False,False,False,
A+/cluster_0_3089.BMP,A+,PASS,0.7070186084142395,70.70186084142395,1,0.5532994923857868,55.32994923857868,False,False,False,False,False,
A+/cluster_0_3092.BMP,A+,PASS,0.6665655339805825,66.65655339805825,1,0.5710659898477157,57.10659898477157,False,False,False,False,False,
A+/cluster_0_3100.BMP,A+,PASS,0.7267394822006472,72.67394822006472,1,0.6421319796954315,64.21319796954315,False,False,False,False,False,
A+/cluster_0_3102.BMP,A+,PASS,0.5657362459546925,56.573624595469255,1,0.5634517766497462,56.34517766497462,False,False,False,False,False,
A+/cluster_0_3104.BMP,A+,PASS,0.80542071197411,80.542071197411,1,0.5532994923857868,55.32994923857868,False,False,False,False,False,
A+/cluster_0_3109.BMP,A+,PASS,0.678296925566343,67.8296925566343,1,0.5634517766497462,56.34517766497462,False,False,False,False,False,
A+/cluster_0_3117.BMP,A+,PASS,0.666970064724919,66.6970064724919,1,0.5685279187817259,56.852791878172596,False,False,False,False,False,
A+/cluster_0_3127.BMP,A+,PASS,0.7346278317152104,73.46278317152104,1,0.583756345177665,58.37563451776649,False,False,False,False,False,
A+/cluster_0_3134.BMP,A+,PASS,0.7099514563106796,70.99514563106796,1,0.6928934010152284,69.28934010152284,False,False,False,False,False,
A+/cluster_0_3136.BMP,A+,PASS,0.6197411003236246,61.97411003236246,1,0.5685279187817259,56.852791878172596,False,False,False,False,False,
A+/cluster_0_3152.BMP,A+,PASS,0.7181432038834952,71.81432038834951,1,0.5583756345177665,55.83756345177665,False,False,False,False,False,
A+/cluster_0_3163.BMP,A+,PASS,0.7240088996763754,72.40088996763754,1,0.5634517766497462,56.34517766497462,False,False,False,False,False,
A+/cluster_0_3179.BMP,A+,PASS,0.6458333333333334,64.58333333333334,1,0.5583756345177665,55.83756345177665,False,False,False,False,False,
A+/cluster_0_3187.BMP,A+,PASS,0.8943163430420712,89.43163430420712,1,0.7081218274111675,70.81218274111674,False,False,False,False,False,
A+/cluster_0_3189.BMP,A+,PASS,0.7301779935275081,73.01779935275081,1,0.5634517766497462,56.34517766497462,False,False,False,False,False,
A+/cluster_0_3198.BMP,A+,PASS,0.7250202265372169,72.50202265372168,1,0.5939086294416244,59.390862944162436,False,False,False,False,False,
A+/cluster_0_3199.BMP,A+,PASS,0.6189320388349514,61.89320388349514,1,0.5685279187817259,56.852791878172596,False,False,False,False,False,
A+/cluster_0_32.BMP,A+,PASS,0.7374595469255664,73.74595469255664,1,0.5812182741116751,58.121827411167516,False,False,False,False,False,
A+/cluster_0_320.BMP,A+,PASS,0.7659789644012945,76.59789644012946,1,0.6725888324873096,67.25888324873097,False,False,False,False,False,
A+/cluster_0_3207.BMP,A+,PASS,0.6747572815533981,67.47572815533981,1,0.565989847715736,56.598984771573605,False,False,False,False,False,
A+/cluster_0_3209.BMP,A+,PASS,0.6753640776699029,67.5364077669903,1,0.5583756345177665,55.83756345177665,False,False,False,False,False,
A+/cluster_0_3256.BMP,A+,PASS,0.7079288025889967,70.79288025889967,2,0.631979695431472,63.1979695431472,False,False,False,False,False,
A+/cluster_0_3261.BMP,A+,PASS,0.6301577669902912,63.015776699029125,1,0.565989847715736,56.598984771573605,False,False,False,False,False,
A+/cluster_0_3263.BMP,A+,PASS,0.7817556634304207,78.17556634304206,1,0.5685279187817259,56.852791878172596,False,False,False,False,False,
A+/cluster_0_3270.BMP,A+,PASS,0.70165857605178,70.16585760517799,1,0.5634517766497462,56.34517766497462,False,False,False,False,False,
A+/cluster_0_3274.BMP,A+,PASS,0.6565533980582524,65.65533980582524,1,0.5532994923857868,55.32994923857868,False,False,False,False,False,
A+/cluster_0_3275.BMP,A+,PASS,0.669093851132686,66.9093851132686,1,0.5634517766497462,56.34517766497462,False,False,False,False,False,
A+/cluster_0_3284.BMP,A+,PASS,0.6564522653721683,65.64522653721683,1,0.5634517766497462,56.34517766497462,False,False,False,False,False,
A+/cluster_0_3289.BMP,A+,PASS,0.7345266990291263,73.45266990291263,1,0.5634517766497462,56.34517766497462,False,False,False,False,False,
A+/cluster_0_3291.BMP,A+,PASS,0.7422127831715211,74.22127831715211,1,0.5532994923857868,55.32994923857868,False,False,False,False,False,
A+/cluster_0_3293.BMP,A+,PASS,0.19710760517799353,19.710760517799354,1,0.5532994923857868,55.32994923857868,False,False,False,False,False,
A+/cluster_0_3295.BMP,A+,PASS,0.6781957928802589,67.81957928802589,1,0.5634517766497462,56.34517766497462,False,False,False,False,False,
A+/cluster_0_3299.BMP,A+,PASS,0.7786205501618123,77.86205501618123,1,0.5634517766497462,56.34517766497462,False,False,False,False,False,
A+/cluster_0_3321.BMP,A+,PASS,0.6194377022653722,61.94377022653722,1,0.5634517766497462,56.34517766497462,False,False,False,False,False,
A+/cluster_0_3323.BMP,A+,PASS,0.5919296116504854,59.192961165048544,1,0.5634517766497462,56.34517766497462,False,False,False,False,False,
A+/cluster_0_3331.BMP,A+,PASS,0.7032766990291263,70.32766990291263,1,0.5583756345177665,55.83756345177665,False,False,False,False,False,
A+/cluster_0_3334.BMP,A+,PASS,0.7015574433656958,70.15574433656958,1,0.5710659898477157,57.10659898477157,False,False,False,False,False,
A+/cluster_0_3338.BMP,A+,PASS,0.6698017799352751,66.98017799352752,1,0.6142131979695431,61.42131979695431,False,False,False,False,False,
A+/cluster_0_3339.BMP,A+,PASS,0.709546925566343,70.9546925566343,1,0.5634517766497462,56.34517766497462,False,False,False,False,False,
A+/cluster_0_3359.BMP,A+,PASS,0.7602144012944984,76.02144012944983,1,0.6091370558375635,60.913705583756354,False,False,False,False,False,
A+/cluster_0_3360.BMP,A+,PASS,0.667576860841424,66.75768608414239,1,0.5583756345177665,55.83756345177665,False,False,False,False,False,
A+/cluster_0_3371.BMP,A+,PASS,0.6202467637540453,62.02467637540453,1,0.5634517766497462,56.34517766497462,False,False,False,False,False,
A+/cluster_0_339.BMP,A+,PASS,0.7909587378640777,79.09587378640776,1,0.6928934010152284,69.28934010152284,False,False,False,False,False,
A+/cluster_0_3395.BMP,A+,PASS,0.7831715210355987,78.31715210355988,1,0.565989847715736,56.598984771573605,False,False,False,False,False,
A+/cluster_0_3400.BMP,A+,PASS,0.6326860841423948,63.26860841423948,1,0.5685279187817259,56.852791878172596,False,False,False,False,False,
A+/cluster_0_3403.BMP,A+,PASS,0.6042677993527508,60.42677993527508,1,0.5634517766497462,56.34517766497462,False,False,False,False,False,
A+/cluster_0_3407.BMP,A+,PASS,0.7650687702265372,76.50687702265373,1,0.6802030456852792,68.02030456852792,False,False,False,False,False,
A+/cluster_0_3410.BMP,A+,PASS,0.7347289644012945,73.47289644012946,1,0.5634517766497462,56.34517766497462,False,False,False,False,False,
A+/cluster_0_343.BMP,A+,PASS,0.6952872168284789,69.52872168284789,2,0.5583756345177665,55.83756345177665,False,False,False,False,False,
A+/cluster_0_3433.BMP,A+,PASS,0.7263349514563107,72.63349514563106,1,0.5710659898477157,57.10659898477157,False,False,False,False,False,
A+/cluster_0_3442.BMP,A+,PASS,0.7578883495145631,75.78883495145631,1,0.5532994923857868,55.32994923857868,False,False,False,False,False,
A+/cluster_0_3445.BMP,A+,PASS,0.5797936893203883,57.97936893203883,1,0.565989847715736,56.598984771573605,False,False,False,False,False,
A+/cluster_0_3447.BMP,A+,PASS,0.7531351132686084,75.31351132686083,1,0.6243654822335025,62.43654822335025,False,False,False,False,False,
A+/cluster_0_3450.BMP,A+,PASS,0.6501820388349514,65.01820388349515,1,0.5634517766497462,56.34517766497462,False,False,False,False,False,
A+/cluster_0_3461.BMP,A+,PASS,0.6843648867313916,68.43648867313917,1,0.5710659898477157,57.10659898477157,False,False,False,False,False,
A+/cluster_0_3472.BMP,A+,PASS,0.7401901294498382,74.01901294498381,1,0.6802030456852792,68.02030456852792,False,False,False,False,False,
A+/cluster_0_3475.BMP,A+,PASS,0.6668689320388349,66.68689320388349,1,0.5634517766497462,56.34517766497462,False,False,False,False,False,
A+/cluster_0_3485.BMP,A+,PASS,0.6985234627831716,69.85234627831716,1,0.5634517766497462,56.34517766497462,False,False,False,False,False,
A+/cluster_0_3486.BMP,A+,PASS,0.7583940129449838,75.83940129449837,1,0.6446700507614214,64.46700507614213,False,False,False,False,False,
A+/cluster_0_3493.BMP,A+,PASS,0.7120752427184466,71.20752427184466,1,0.5685279187817259,56.852791878172596,False,False,False,False,False,
A+/cluster_0_3495.BMP,A+,PASS,0.7006472491909385,70.06472491909385,1,0.5532994923857868,55.32994923857868,False,False,False,False,False,
A+/cluster_0_3500.BMP,A+,PASS,0.7377629449838188,73.77629449838187,1,0.5532994923857868,55.32994923857868,False,False,False,False,False,
A+/cluster_0_3523.BMP,A+,PASS,0.8047127831715211,80.47127831715211,1,0.6878172588832487,68.78172588832487,False,False,False,False,False,
A+/cluster_0_3526.BMP,A+,PASS,0.7089401294498382,70.89401294498381,1,0.5862944162436549,58.629441624365484,False,False,False,False,False,
A+/cluster_0_3528.BMP,A+,PASS,0.8077467637540453,80.77467637540452,1,0.649746192893401,64.9746192893401,False,False,False,False,False,
A+/cluster_0_3532.BMP,A+,PASS,0.7070186084142395,70.70186084142395,1,0.5634517766497462,56.34517766497462,False,False,False,False,False,
A+/cluster_0_354.BMP,A+,PASS,0.6840614886731392,68.40614886731392,1,0.5609137055837563,56.09137055837563,False,False,False,False,False,
A+/cluster_0_3540.BMP,A+,PASS,0.7136933656957929,71.36933656957929,1,0.649746192893401,64.9746192893401,False,False,False,False,False,
A+/cluster_0_3544.BMP,A+,PASS,0.7555622977346278,75.55622977346277,1,0.5634517766497462,56.34517766497462,False,False,False,False,False,
A+/cluster_0_3552.BMP,A+,PASS,0.6075040453074434,60.75040453074434,1,0.5634517766497462,56.34517766497462,False,False,False,False,False,
A+/cluster_0_3556.BMP,A+,PASS,0.7838794498381877,78.38794498381877,1,0.5634517766497462,56.34517766497462,False,False,False,False,False,
A+/cluster_0_3560.BMP,A+,PASS,0.7108616504854369,71.08616504854369,1,0.5532994923857868,55.32994923857868,False,False,False,False,False,
A+/cluster_0_3564.BMP,A+,PASS,0.6866909385113269,68.66909385113269,1,0.5532994923857868,55.32994923857868,False,False,False,False,False,
A+/cluster_0_3574.BMP,A+,PASS,0.676779935275081,67.6779935275081,1,0.5634517766497462,56.34517766497462,False,False,False,False,False,
A+/cluster_0_3590.BMP,A+,PASS,0.6901294498381877,69.01294498381877,1,0.6192893401015228,61.92893401015228,False,False,False,False,False,
A+/cluster_0_3592.BMP,A+,PASS,0.7151092233009708,71.51092233009709,1,0.5685279187817259,56.852791878172596,False,False,False,False,False,
A+/cluster_0_3599.BMP,A+,PASS,0.6897249190938511,68.97249190938511,1,0.5634517766497462,56.34517766497462,False,False,False,False,False,
A+/cluster_0_3605.BMP,A+,PASS,0.7451456310679612,74.51456310679612,1,0.5583756345177665,55.83756345177665,False,False,False,False,False,
A+/cluster_0_3606.BMP,A+,PASS,0.6715210355987055,67.15210355987054,1,0.5634517766497462,56.34517766497462,False,False,False,False,False,
A+/cluster_0_3608.BMP,A+,PASS,0.7206715210355987,72.06715210355988,1,0.6675126903553299,66.75126903553299,False,False,False,False,False,
A+/cluster_0_3618.BMP,A+,PASS,0.6820388349514563,68.20388349514563,1,0.5634517766497462,56.34517766497462,False,False,False,False,False,
A+/cluster_0_3629.BMP,A+,PASS,0.7411003236245954,74.11003236245955,1,0.5685279187817259,56.852791878172596,False,False,False,False,False,
A+/cluster_0_3647.BMP,A+,PASS,0.7631472491909385,76.31472491909385,1,0.6446700507614214,64.46700507614213,False,False,False,False,False,
A+/cluster_0_3689.BMP,A+,PASS,0.6499797734627831,64.99797734627832,1,0.5583756345177665,55.83756345177665,False,False,False,False,False,
A+/cluster_0_3699.BMP,A+,PASS,0.6306634304207119,63.066343042071196,1,0.5685279187817259,56.852791878172596,False,False,False,False,False,
A+/cluster_0_3703.BMP,A+,PASS,0.760720064724919,76.0720064724919,1,0.5913705583756346,59.13705583756346,False,False,False,False,False,
A+/cluster_0_3708.BMP,A+,PASS,0.6401699029126213,64.01699029126213,1,0.5583756345177665,55.83756345177665,False,False,False,False,False,
A+/cluster_0_3716.BMP,A+,PASS,0.7655744336569579,76.55744336569579,1,0.5710659898477157,57.10659898477157,False,False,False,False,False,
A+/cluster_0_3741.BMP,A+,PASS,0.8944174757281553,89.44174757281553,1,0.6598984771573604,65.98984771573603,False,False,False,False,False,
A+/cluster_0_3750.BMP,A+,PASS,0.7068163430420712,70.68163430420712,1,0.5634517766497462,56.34517766497462,False,False,False,False,False,
A+/cluster_0_3756.BMP,A+,PASS,0.71875,71.875,1,0.5634517766497462,56.34517766497462,False,False,False,False,False,
A+/cluster_0_3759.BMP,A+,PASS,0.7334142394822006,73.34142394822007,1,0.5532994923857868,55.32994923857868,False,False,False,False,False,
A+/cluster_0_3761.BMP,A+,PASS,0.7161205501618123,71.61205501618123,1,0.6776649746192893,67.76649746192894,False,False,False,False,False,
A+/cluster_0_3783.BMP,A+,PASS,0.6932645631067961,69.3264563106796,1,0.5634517766497462,56.34517766497462,False,False,False,False,False,
A+/cluster_0_3785.BMP,A+,PASS,0.8060275080906149,80.60275080906149,1,0.5786802030456852,57.868020304568525,False,False,False,False,False,
A+/cluster_0_3787.BMP,A+,PASS,0.7253236245954693,72.53236245954693,1,0.5685279187817259,56.852791878172596,False,False,False,False,False,
A+/cluster_0_3798.BMP,A+,PASS,0.2886326860841424,28.863268608414238,1,0.5532994923857868,55.32994923857868,False,False,False,False,False,
A+/cluster_0_381.BMP,A+,PASS,0.8299959546925566,82.99959546925567,1,0.7081218274111675,70.81218274111674,False,False,False,False,False,
A+/cluster_0_3814.BMP,A+,PASS,0.8733818770226537,87.33818770226537,1,0.6116751269035533,61.16751269035533,False,False,False,False,False,
A+/cluster_0_3822.BMP,A+,PASS,0.7270428802588996,72.70428802588997,1,0.5634517766497462,56.34517766497462,False,False,False,False,False,
A+/cluster_0_3840.BMP,A+,PASS,0.6275283171521036,62.752831715210355,1,0.5583756345177665,55.83756345177665,False,False,False,False,False,
A+/cluster_0_3868.BMP,A+,PASS,0.7846885113268608,78.46885113268608,1,0.6928934010152284,69.28934010152284,False,False,False,False,False,
A+/cluster_0_3872.BMP,A+,PASS,0.751415857605178,75.1415857605178,1,0.6802030456852792,68.02030456852792,False,False,False,False,False,
A+/cluster_0_3873.BMP,A+,PASS,0.7600121359223301,76.00121359223301,1,0.5609137055837563,56.09137055837563,False,False,False,False,False,
A+/cluster_0_3895.BMP,A+,PASS,0.6530137540453075,65.30137540453075,1,0.5583756345177665,55.83756345177665,False,False,False,False,False,
A+/cluster_0_3918.BMP,A+,PASS,0.5503640776699029,55.036407766990294,1,0.5685279187817259,56.852791878172596,False,False,False,False,False,
A+/cluster_0_3921.BMP,A+,PASS,0.674656148867314,67.4656148867314,1,0.6294416243654822,62.944162436548226,False,False,False,False,False,
A+/cluster_0_3931.BMP,A+,PASS,0.6803865326241332,68.03865326241332,2,0.5195530726256983,51.955307262569825,False,False,False,False,False,
A+/cluster_0_3946.BMP,A+,PASS,0.7168284789644013,71.68284789644012,1,0.6142131979695431,61.42131979695431,False,False,False,False,False,
A+/cluster_0_3960.BMP,A+,PASS,0.8004652103559871,80.0465210355987,1,0.7106598984771574,71.06598984771574,False,False,False,False,False,
A+/cluster_0_3974.BMP,A+,PASS,0.6621156957928802,66.21156957928802,1,0.5939086294416244,59.390862944162436,False,False,False,False,False,
A+/cluster_0_3986.BMP,A+,PASS,0.7165250809061489,71.65250809061489,1,0.6802030456852792,68.02030456852792,False,False,False,False,False,
A+/cluster_0_400.BMP,A+,PASS,0.8105784789644013,81.05784789644012,1,0.565989847715736,56.598984771573605,False,False,False,False,False,
A+/cluster_0_4007.BMP,A+,PASS,0.776294498381877,77.6294498381877,1,0.5812182741116751,58.121827411167516,False,False,False,False,False,
A+/cluster_0_401.BMP,A+,PASS,0.47815533980582525,47.81553398058252,1,0.6040609137055838,60.40609137055838,False,False,False,False,False,
A+/cluster_0_4018.BMP,A+,PASS,0.7501011326860841,75.01011326860841,1,0.6878172588832487,68.78172588832487,False,False,False,False,False,
A+/cluster_0_4023.BMP,A+,PASS,0.727245145631068,72.7245145631068,1,0.5634517766497462,56.34517766497462,False,False,False,False,False,
A+/cluster_0_4024.BMP,A+,PASS,0.6580703883495146,65.80703883495146,1,0.5710659898477157,57.10659898477157,False,False,False,False,False,
A+/cluster_0_4038.BMP,A+,PASS,0.8531553398058253,85.31553398058253,1,0.5685279187817259,56.852791878172596,False,False,False,False,False,
A+/cluster_0_4047.BMP,A+,PASS,0.6547330097087378,65.47330097087378,1,0.5736040609137056,57.360406091370564,False,False,False,False,False,
A+/cluster_0_405.BMP,A+,PASS,0.794093851132686,79.4093851132686,1,0.6903553299492385,69.03553299492386,False,False,False,False,False,
A+/cluster_0_4050.BMP,A+,PASS,0.7327063106796117,73.27063106796116,1,0.5685279187817259,56.852791878172596,False,False,False,False,False,
A+/cluster_0_4055.BMP,A+,PASS,0.6382483818770227,63.82483818770227,1,0.5634517766497462,56.34517766497462,False,False,False,False,False,
A+/cluster_0_4057.BMP,A+,PASS,0.6364279935275081,63.642799352750814,1,0.5532994923857868,55.32994923857868,False,False,False,False,False,
A+/cluster_0_4071.BMP,A+,PASS,0.7277508090614887,72.77508090614887,1,0.5583756345177665,55.83756345177665,False,False,False,False,False,
A+/cluster_0_4079.BMP,A+,PASS,0.6807241100323624,68.07241100323624,1,0.5634517766497462,56.34517766497462,False,False,False,False,False,
A+/cluster_0_408.BMP,A+,PASS,0.6755663430420712,67.55663430420712,1,0.5583756345177665,55.83756345177665,False,False,False,False,False,
A+/cluster_0_410.BMP,A+,PASS,0.6779935275080906,67.79935275080906,1,0.565989847715736,56.598984771573605,False,False,False,False,False,
A+/cluster_0_4110.BMP,A+,PASS,0.7614279935275081,76.14279935275081,1,0.5685279187817259,56.852791878172596,False,False,False,False,False,
A+/cluster_0_4120.BMP,A+,PASS,0.6894215210355987,68.94215210355988,1,0.5913705583756346,59.13705583756346,False,False,False,False,False,
A+/cluster_0_4138.BMP,A+,PASS,0.688207928802589,68.82079288025889,1,0.5634517766497462,56.34517766497462,False,False,False,False,False,
A+/cluster_0_4146.BMP,A+,PASS,0.6812297734627831,68.12297734627832,1,0.5634517766497462,56.34517766497462,False,False,False,False,False,
A+/cluster_0_4175.BMP,A+,PASS,0.7216828478964401,72.168284789644,1,0.5939086294416244,59.390862944162436,False,False,False,False,False,
A+/cluster_0_4187.BMP,A+,PASS,0.6665655339805825,66.65655339805825,1,0.5634517766497462,56.34517766497462,False,False,False,False,False,
A+/cluster_0_4189.BMP,A+,PASS,0.6757686084142395,67.57686084142395,1,0.5685279187817259,56.852791878172596,False,False,False,False,False,
A+/cluster_0_4196.BMP,A+,PASS,0.7548543689320388,75.48543689320388,1,0.6700507614213198,67.00507614213198,False,False,False,False,False,
A+/cluster_0_4210.BMP,A+,PASS,0.6960962783171522,69.60962783171522,1,0.5685279187817259,56.852791878172596,False,False,False,False,False,
A+/cluster_0_4217.BMP,A+,PASS,0.7480784789644013,74.80784789644012,1,0.6751269035532995,67.51269035532995,False,False,False,False,False,
A+/cluster_0_4233.BMP,A+,PASS,0.7254247572815534,72.54247572815534,1,0.6091370558375635,60.913705583756354,False,False,False,False,False,
A+/cluster_0_4242.BMP,A+,PASS,0.8062297734627831,80.62297734627832,1,0.6548223350253807,65.48223350253807,False,False,False,False,False,
A+/cluster_0_4248.BMP,A+,PASS,0.7977346278317152,79.77346278317152,1,0.5532994923857868,55.32994923857868,False,False,False,False,False,
A+/cluster_0_4260.BMP,A+,PASS,0.7207726537216829,72.07726537216828,1,0.6624365482233503,66.24365482233503,False,False,False,False,False,
A+/cluster_0_4264.BMP,A+,PASS,0.5247775080906149,52.47775080906148,1,0.583756345177665,58.37563451776649,False,False,False,False,False,
A+/cluster_0_4270.BMP,A+,PASS,0.7495954692556634,74.95954692556634,1,0.5558375634517766,55.58375634517766,False,False,False,False,False,
A+/cluster_0_4280.BMP,A+,PASS,0.720165857605178,72.0165857605178,1,0.5532994923857868,55.32994923857868,False,False,False,False,False,
A+/cluster_0_4305.BMP,A+,PASS,0.6791059870550162,67.91059870550163,1,0.5634517766497462,56.34517766497462,False,False,False,False,False,
A+/cluster_0_4322.BMP,A+,PASS,0.7822613268608414,78.22613268608414,1,0.682741116751269,68.2741116751269,False,False,False,False,False,
A+/cluster_0_4336.BMP,A+,PASS,0.3574029126213592,35.74029126213592,1,0.5532994923857868,55.32994923857868,False,False,False,False,False,
A+/cluster_0_4338.BMP,A+,PASS,0.7911610032362459,79.1161003236246,1,0.682741116751269,68.2741116751269,False,False,False,False,False,
A+/cluster_0_4358.BMP,A+,PASS,0.6724312297734628,67.24312297734627,1,0.5634517766497462,56.34517766497462,False,False,False,False,False,
A+/cluster_0_4381.BMP,A+,PASS,0.736549352750809,73.6549352750809,1,0.583756345177665,58.37563451776649,False,False,False,False,False,
A+/cluster_0_4386.BMP,A+,PASS,0.6807241100323624,68.07241100323624,1,0.5532994923857868,55.32994923857868,False,False,False,False,False,
A+/cluster_0_4396.BMP,A+,PASS,0.7202669902912622,72.02669902912622,1,0.6700507614213198,67.00507614213198,False,False,False,False,False,
A+/cluster_0_4399.BMP,A+,PASS,0.5761529126213593,57.615291262135926,1,0.6142131979695431,61.42131979695431,False,False,False,False,False,
A+/cluster_0_4401.BMP,A+,PASS,0.7865088996763754,78.65088996763754,1,0.5583756345177665,55.83756345177665,False,False,False,False,False,
A+/cluster_0_4403.BMP,A+,PASS,0.7406957928802589,74.06957928802589,1,0.6852791878172588,68.52791878172589,False,False,False,False,False,
A+/cluster_0_4411.BMP,A+,PASS,0.6413834951456311,64.1383495145631,1,0.5685279187817259,56.852791878172596,False,False,False,False,False,
A+/cluster_0_4412.BMP,A+,PASS,0.6722289644012945,67.22289644012946,1,0.5634517766497462,56.34517766497462,False,False,False,False,False,
A+/cluster_0_4417.BMP,A+,PASS,0.6451254045307443,64.51254045307444,1,0.5685279187817259,56.852791878172596,False,False,False,False,False,
A+/cluster_0_4423.BMP,A+,PASS,0.6508899676375405,65.08899676375405,1,0.5685279187817259,56.852791878172596,False,False,False,False,False,
A+/cluster_0_4432.BMP,A+,PASS,0.6681836569579288,66.81836569579288,1,0.5532994923857868,55.32994923857868,False,False,False,False,False,
A+/cluster_0_4442.BMP,A+,PASS,0.7360436893203883,73.60436893203884,1,0.5634517766497462,56.34517766497462,False,False,False,False,False,
A+/cluster_0_4468.BMP,A+,PASS,0.6656553398058253,66.56553398058253,1,0.583756345177665,58.37563451776649,False,False,False,False,False,
A+/cluster_0_4474.BMP,A+,PASS,0.71167071197411,71.167071197411,1,0.6725888324873096,67.25888324873097,False,False,False,False,False,
A+/cluster_0_4484.BMP,A+,PASS,0.664745145631068,66.4745145631068,1,0.5685279187817259,56.852791878172596,False,False,False,False,False,
A+/cluster_0_4491.BMP,A+,PASS,0.5616909385113269,56.169093851132686,1,0.5634517766497462,56.34517766497462,False,False,False,False,False,
A+/cluster_0_4493.BMP,A+,PASS,0.8672127831715211,86.72127831715211,1,0.6370558375634517,63.70558375634518,False,False,False,False,False,
A+/cluster_0_4502.BMP,A+,PASS,0.6032564724919094,60.325647249190936,1,0.6192893401015228,61.92893401015228,False,False,False,False,False,
A+/cluster_0_4528.BMP,A+,PASS,0.7568770226537217,75.68770226537217,1,0.7131979695431472,71.31979695431471,False,False,False,False,False,
A+/cluster_0_4529.BMP,A+,PASS,0.7712378640776699,77.12378640776699,1,0.6345177664974619,63.45177664974619,False,False,False,False,False,
A+/cluster_0_4543.BMP,A+,PASS,0.7442354368932039,74.4235436893204,1,0.5685279187817259,56.852791878172596,False,False,False,False,False,
A+/cluster_0_4552.BMP,A+,PASS,0.7058050161812298,70.58050161812298,1,0.6472081218274112,64.72081218274111,False,False,False,False,False,
A+/cluster_0_4562.BMP,A+,PASS,0.5735234627831716,57.35234627831716,1,0.5583756345177665,55.83756345177665,False,False,False,False,False,
A+/cluster_0_4579.BMP,A+,PASS,0.7702265372168284,77.02265372168284,1,0.5685279187817259,56.852791878172596,False,False,False,False,False,
A+/cluster_0_4580.BMP,A+,PASS,0.6737459546925566,67.37459546925567,1,0.5583756345177665,55.83756345177665,False,False,False,False,False,
A+/cluster_0_4593.BMP,A+,PASS,0.7370550161812298,73.70550161812298,1,0.6903553299492385,69.03553299492386,False,False,False,False,False,
A+/cluster_0_4598.BMP,A+,PASS,0.6787014563106796,67.87014563106796,1,0.5685279187817259,56.852791878172596,False,False,False,False,False,
A+/cluster_0_4608.BMP,A+,PASS,0.6955906148867314,69.55906148867314,1,0.5634517766497462,56.34517766497462,False,False,False,False,False,
A+/cluster_0_4617.BMP,A+,PASS,0.776294498381877,77.6294498381877,1,0.5761421319796954,57.61421319796954,False,False,False,False,False,
A+/cluster_0_4646.BMP,A+,PASS,0.6314724919093851,63.14724919093852,1,0.5812182741116751,58.121827411167516,False,False,False,False,False,
A+/cluster_0_4649.BMP,A+,PASS,0.7481796116504854,74.81796116504854,1,0.5583756345177665,55.83756345177665,False,False,False,False,False,
A+/cluster_0_4653.BMP,A+,PASS,0.5731189320388349,57.31189320388349,1,0.6294416243654822,62.944162436548226,False,False,False,False,False,
A+/cluster_0_468.BMP,A+,PASS,0.6928600323624595,69.28600323624595,1,0.5532994923857868,55.32994923857868,False,False,False,False,False,
A+/cluster_0_4689.BMP,A+,PASS,0.7536407766990292,75.36407766990291,1,0.649746192893401,64.9746192893401,False,False,False,False,False,
A+/cluster_0_4690.BMP,A+,PASS,0.7038834951456311,70.3883495145631,1,0.6751269035532995,67.51269035532995,False,False,False,False,False,
A+/cluster_0_4692.BMP,A+,PASS,0.6195388349514563,61.95388349514563,1,0.5685279187817259,56.852791878172596,False,False,False,False,False,
A+/cluster_0_4693.BMP,A+,PASS,0.7486852750809061,74.86852750809061,1,0.6573604060913706,65.73604060913706,False,False,False,False,False,
A+/cluster_0_4695.BMP,A+,PASS,0.730076860841424,73.00768608414239,1,0.5634517766497462,56.34517766497462,False,False,False,False,False,
A+/cluster_0_4700.BMP,A+,PASS,0.7362459546925566,73.62459546925567,1,0.5634517766497462,56.34517766497462,False,False,False,False,False,
A+/cluster_0_4743.BMP,A+,PASS,0.5857605177993528,58.57605177993528,1,0.5634517766497462,56.34517766497462,False,False,False,False,False,
A+/cluster_0_4768.BMP,A+,PASS,0.6836569579288025,68.36569579288026,1,0.5634517766497462,56.34517766497462,False,False,False,False,False,
A+/cluster_0_4780.BMP,A+,PASS,0.7581917475728155,75.81917475728154,1,0.565989847715736,56.598984771573605,False,False,False,False,False,
A+/cluster_0_4786.BMP,A+,PASS,0.6839603559870551,68.39603559870551,1,0.5634517766497462,56.34517766497462,False,False,False,False,False,
A+/cluster_0_4802.BMP,A+,PASS,0.6987257281553398,69.87257281553399,1,0.5634517766497462,56.34517766497462,False,False,False,False,False,
A+/cluster_0_4803.BMP,A+,PASS,0.5361043689320388,53.61043689320388,1,0.5583756345177665,55.83756345177665,False,False,False,False,False,
A+/cluster_0_4821.BMP,A+,PASS,0.6786003236245954,67.86003236245955,1,0.5634517766497462,56.34517766497462,False,False,False,False,False,
A+/cluster_0_4827.BMP,A+,PASS,0.7527305825242718,75.27305825242718,1,0.700507614213198,70.05076142131979,False,False,False,False,False,
A+/cluster_0_4831.BMP,A+,PASS,0.7314927184466019,73.14927184466019,1,0.5634517766497462,56.34517766497462,False,False,False,False,False,
A+/cluster_0_4840.BMP,A+,PASS,0.716626213592233,71.6626213592233,1,0.6649746192893401,66.49746192893402,False,False,False,False,False,
A+/cluster_0_4846.BMP,A+,PASS,0.6447208737864077,64.47208737864078,1,0.5583756345177665,55.83756345177665,False,False,False,False,False,
A+/cluster_0_4855.BMP,A+,PASS,0.7609223300970874,76.09223300970875,2,0.6243654822335025,62.43654822335025,False,False,False,False,False,
A+/cluster_0_486.BMP,A+,PASS,0.6639360841423948,66.39360841423948,1,0.6218274111675127,62.182741116751274,False,False,False,False,False,
A+/cluster_0_4865.BMP,A+,PASS,0.2022653721682848,20.22653721682848,1,0.5532994923857868,55.32994923857868,False,False,False,False,False,
A+/cluster_0_4871.BMP,A+,PASS,0.7268406148867314,72.68406148867314,1,0.6243654822335025,62.43654822335025,False,False,False,False,False,
A+/cluster_0_4881.BMP,A+,PASS,0.7348300970873787,73.48300970873787,1,0.5939086294416244,59.390862944162436,False,False,False,False,False,
A+/cluster_0_4892.BMP,A+,PASS,0.6382483818770227,63.82483818770227,1,0.5634517766497462,56.34517766497462,False,False,False,False,False,
A+/cluster_0_4905.BMP,A+,PASS,0.6749595469255664,67.49595469255664,1,0.5685279187817259,56.852791878172596,False,False,False,False,False,
A+/cluster_0_4910.BMP,A+,PASS,0.7233009708737864,72.33009708737865,1,0.6116751269035533,61.16751269035533,False,False,False,False,False,
A+/cluster_0_4924.BMP,A+,PASS,0.7125809061488673,71.25809061488673,1,0.5736040609137056,57.360406091370564,False,False,False,False,False,
A+/cluster_0_4928.BMP,A+,PASS,0.8631674757281553,86.31674757281553,1,0.6573604060913706,65.73604060913706,False,False,False,False,False,
A+/cluster_0_4949.BMP,A+,PASS,0.19205097087378642,19.205097087378643,1,0.5532994923857868,55.32994923857868,False,False,False,False,False,
A+/cluster_0_4959.BMP,A+,PASS,0.7269417475728155,72.69417475728154,1,0.5685279187817259,56.852791878172596,False,False,False,False,False,
A+/cluster_0_497.BMP,A+,PASS,0.43527508090614886,43.52750809061489,1,0.5634517766497462,56.34517766497462,False,False,False,False,False,
A+/cluster_0_4970.BMP,A+,PASS,0.7226941747572816,72.26941747572816,1,0.6218274111675127,62.182741116751274,False,False,False,False,False,
A+/cluster_0_4973.BMP,A+,PASS,0.8170509708737864,81.70509708737865,1,0.5634517766497462,56.34517766497462,False,False,False,False,False,
A+/cluster_0_4978.BMP,A+,PASS,0.6619134304207119,66.1913430420712,1,0.5583756345177665,55.83756345177665,False,False,False,False,False,
A+/cluster_0_4998.BMP,A+,PASS,0.6239661366231307,62.39661366231307,11,0.5661080074487895,56.61080074487895,False,False,False,False,False,
A+/cluster_0_5004.BMP,A+,PASS,0.7598098705501618,75.98098705501619,1,0.6040609137055838,60.40609137055838,False,False,False,False,False,
A+/cluster_0_502.BMP,A+,PASS,0.6878033980582524,68.78033980582524,1,0.5532994923857868,55.32994923857868,False,False,False,False,False,
A+/cluster_0_5038.BMP,A+,PASS,0.638450647249191,63.8450647249191,1,0.5685279187817259,56.852791878172596,False,False,False,False,False,
A+/cluster_0_5046.BMP,A+,PASS,0.4699635922330097,46.99635922330097,2,0.5761421319796954,57.61421319796954,False,False,False,False,False,
A+/cluster_0_5051.BMP,A+,PASS,0.8000606796116505,80.00606796116504,2,0.6624365482233503,66.24365482233503,False,False,False,False,False,
A+/cluster_0_5083.BMP,A+,PASS,0.8036003236245954,80.36003236245955,1,0.5685279187817259,56.852791878172596,False,False,False,False,False,
A+/cluster_0_5087.BMP,A+,PASS,0.7244134304207119,72.4413430420712,1,0.6370558375634517,63.70558375634518,False,False,False,False,False,
A+/cluster_0_5095.BMP,A+,PASS,0.6723300970873787,67.23300970873787,1,0.5532994923857868,55.32994923857868,False,False,False,False,False,
A+/cluster_0_5105.BMP,A+,PASS,0.46601941747572817,46.601941747572816,2,0.6091370558375635,60.913705583756354,False,False,False,False,False,
A+/cluster_0_5118.BMP,A+,PASS,0.6085153721682848,60.851537216828476,2,0.5634517766497462,56.34517766497462,False,False,False,False,False,
A+/cluster_0_5123.BMP,A+,PASS,0.8268608414239482,82.68608414239482,1,0.5634517766497462,56.34517766497462,False,False,False,False,False,
A+/cluster_0_5124.BMP,A+,PASS,0.6778923948220065,67.78923948220064,1,0.5685279187817259,56.852791878172596,False,False,False,False,False,
A+/cluster_0_5140.BMP,A+,PASS,0.6984223300970874,69.84223300970875,1,0.5888324873096447,58.88324873096447,False,False,False,False,False,
A+/cluster_0_5170.BMP,A+,PASS,0.7532362459546925,75.32362459546925,1,0.6776649746192893,67.76649746192894,False,False,False,False,False,
A+/cluster_0_5178.BMP,A+,PASS,0.7417071197411004,74.17071197411003,1,0.682741116751269,68.2741116751269,False,False,False,False,False,
A+/cluster_0_5184.BMP,A+,PASS,0.8867313915857605,88.67313915857605,1,0.7106598984771574,71.06598984771574,False,False,False,False,False,
A+/cluster_0_5187.BMP,A+,PASS,0.7204692556634305,72.04692556634305,1,0.5685279187817259,56.852791878172596,False,False,False,False,False,
A+/cluster_0_5197.BMP,A+,PASS,0.6572613268608414,65.72613268608414,1,0.5685279187817259,56.852791878172596,False,False,False,False,False,
A+/cluster_0_5203.BMP,A+,PASS,0.8039037216828478,80.39037216828478,1,0.6624365482233503,66.24365482233503,False,False,False,False,False,
A+/cluster_0_5209.BMP,A+,PASS,0.7609223300970874,76.09223300970875,1,0.6751269035532995,67.51269035532995,False,False,False,False,False,
A+/cluster_0_5223.BMP,A+,PASS,0.7332119741100324,73.32119741100324,1,0.6243654822335025,62.43654822335025,False,False,False,False,False,
A+/cluster_0_5226.BMP,A+,PASS,0.6726334951456311,67.2633495145631,1,0.5532994923857868,55.32994923857868,False,False,False,False,False,
A+/cluster_0_5235.BMP,A+,PASS,0.6916464401294499,69.16464401294499,1,0.5609137055837563,56.09137055837563,False,False,False,False,False,
A+/cluster_0_5251.BMP,A+,PASS,0.8047127831715211,80.47127831715211,1,0.5939086294416244,59.390862944162436,False,False,False,False,False,
A+/cluster_0_5253.BMP,A+,PASS,0.6274271844660194,62.74271844660194,1,0.5685279187817259,56.852791878172596,False,False,False,False,False,
A+/cluster_0_5256.BMP,A+,PASS,0.6440129449838188,64.40129449838187,1,0.5634517766497462,56.34517766497462,False,False,False,False,False,
A+/cluster_0_5270.BMP,A+,PASS,0.6444174757281553,64.44174757281553,1,0.5634517766497462,56.34517766497462,False,False,False,False,False,
A+/cluster_0_5278.BMP,A+,PASS,0.6509911003236246,65.09911003236246,1,0.5634517766497462,56.34517766497462,False,False,False,False,False,
A+/cluster_0_5286.BMP,A+,PASS,0.7732605177993528,77.32605177993528,1,0.616751269035533,61.6751269035533,False,False,False,False,False,
A+/cluster_0_5298.BMP,A+,PASS,0.6080097087378641,60.80097087378641,1,0.5634517766497462,56.34517766497462,False,False,False,False,False,
A+/cluster_0_5301.BMP,A+,PASS,0.7000404530744336,70.00404530744336,1,0.5685279187817259,56.852791878172596,False,False,False,False,False,
A+/cluster_0_5302.BMP,A+,PASS,0.727245145631068,72.7245145631068,1,0.6548223350253807,65.48223350253807,False,False,False,False,False,
A+/cluster_0_5305.BMP,A+,PASS,0.7627427184466019,76.27427184466019,1,0.5609137055837563,56.09137055837563,False,False,False,False,False,
A+/cluster_0_5307.BMP,A+,PASS,0.7223907766990292,72.23907766990291,1,0.682741116751269,68.2741116751269,False,False,False,False,False,
A+/cluster_0_532.BMP,A+,PASS,0.7547532362459547,75.47532362459548,1,0.5634517766497462,56.34517766497462,False,False,False,False,False,
A+/cluster_0_5343.BMP,A+,PASS,0.7731593851132686,77.31593851132686,1,0.5634517766497462,56.34517766497462,False,False,False,False,False,
A+/cluster_0_535.BMP,A+,PASS,0.6409789644012945,64.09789644012946,1,0.5685279187817259,56.852791878172596,False,False,False,False,False,
A+/cluster_0_5362.BMP,A+,PASS,0.7596076051779935,75.96076051779936,1,0.5634517766497462,56.34517766497462,False,False,False,False,False,
A+/cluster_0_5366.BMP,A+,PASS,0.7553600323624595,75.53600323624595,1,0.565989847715736,56.598984771573605,False,False,False,False,False,
A+/cluster_0_5369.BMP,A+,PASS,0.6522046925566343,65.22046925566343,1,0.5685279187817259,56.852791878172596,False,False,False,False,False,
A+/cluster_0_5383.BMP,A+,PASS,0.778418284789644,77.8418284789644,1,0.5812182741116751,58.121827411167516,False,False,False,False,False,
A+/cluster_0_539.BMP,A+,PASS,0.5276092233009708,52.76092233009708,1,0.5634517766497462,56.34517766497462,False,False,False,False,False,
A+/cluster_0_5392.BMP,A+,PASS,0.7475728155339806,74.75728155339806,1,0.6294416243654822,62.944162436548226,False,False,False,False,False,
A+/cluster_0_5395.BMP,A+,PASS,0.715918284789644,71.5918284789644,1,0.5634517766497462,56.34517766497462,False,False,False,False,False,
A+/cluster_0_5418.BMP,A+,PASS,0.7391788025889967,73.91788025889967,1,0.5710659898477157,57.10659898477157,False,False,False,False,False,
A+/cluster_0_5445.BMP,A+,PASS,0.6827467637540453,68.27467637540452,1,0.5939086294416244,59.390862944162436,False,False,False,False,False,
A+/cluster_0_5448.BMP,A+,PASS,0.5589603559870551,55.89603559870551,1,0.5634517766497462,56.34517766497462,False,False,False,False,False,
A+/cluster_0_5451.BMP,A+,PASS,0.7323017799352751,73.23017799352752,1,0.7131979695431472,71.31979695431471,False,False,False,False,False,
A+/cluster_0_5461.BMP,A+,PASS,0.698220064724919,69.8220064724919,1,0.5583756345177665,55.83756345177665,False,False,False,False,False,
A+/cluster_0_5466.BMP,A+,PASS,0.7304813915857605,73.04813915857605,1,0.5685279187817259,56.852791878172596,False,False,False,False,False,
A+/cluster_0_5481.BMP,A+,PASS,0.6823422330097088,68.23422330097088,1,0.5583756345177665,55.83756345177665,False,False,False,False,False,
A+/cluster_0_5493.BMP,A+,PASS,0.7019619741100324,70.19619741100324,1,0.5532994923857868,55.32994923857868,False,False,False,False,False,
A+/cluster_0_5505.BMP,A+,PASS,0.7326051779935275,73.26051779935275,1,0.5964467005076142,59.64467005076142,False,False,False,False,False,
A+/cluster_0_551.BMP,A+,PASS,0.7707322006472492,77.07322006472492,1,0.5634517766497462,56.34517766497462,False,False,False,False,False,
A+/cluster_0_5514.BMP,A+,PASS,0.6366302588996764,63.66302588996764,1,0.5939086294416244,59.390862944162436,False,False,False,False,False,
A+/cluster_0_5521.BMP,A+,PASS,0.5868729773462783,58.68729773462783,1,0.5634517766497462,56.34517766497462,False,False,False,False,False,
A+/cluster_0_5567.BMP,A+,PASS,0.7230987055016181,72.30987055016182,1,0.5685279187817259,56.852791878172596,False,False,False,False,False,
A+/cluster_0_5574.BMP,A+,PASS,0.7084344660194175,70.84344660194175,1,0.5710659898477157,57.10659898477157,False,False,False,False,False,
A+/cluster_0_5591.BMP,A+,PASS,0.6745550161812298,67.45550161812298,1,0.5685279187817259,56.852791878172596,False,False,False,False,False,
A+/cluster_0_560.BMP,A+,PASS,0.7655744336569579,76.55744336569579,1,0.5888324873096447,58.88324873096447,False,False,False,False,False,
A+/cluster_0_5600.BMP,A+,PASS,0.7253236245954693,72.53236245954693,1,0.5685279187817259,56.852791878172596,False,False,False,False,False,
A+/cluster_0_5601.BMP,A+,PASS,0.7837783171521036,78.37783171521036,1,0.5583756345177665,55.83756345177665,False,False,False,False,False,
A+/cluster_0_5606.BMP,A+,PASS,0.6592839805825242,65.92839805825243,1,0.5685279187817259,56.852791878172596,False,False,False,False,False,
A+/cluster_0_5616.BMP,A+,PASS,0.6522046925566343,65.22046925566343,1,0.5634517766497462,56.34517766497462,False,False,False,False,False,
A+/cluster_0_5630.BMP,A+,PASS,0.7191545307443366,71.91545307443366,1,0.5532994923857868,55.32994923857868,False,False,False,False,False,
A+/cluster_0_5631.BMP,A+,PASS,0.747876213592233,74.7876213592233,1,0.6472081218274112,64.72081218274111,False,False,False,False,False,
A+/cluster_0_5636.BMP,A+,PASS,0.6920509708737864,69.20509708737865,1,0.5634517766497462,56.34517766497462,False,False,False,False,False,
A+/cluster_0_564.BMP,A+,PASS,0.7905542071197411,79.05542071197411,1,0.6776649746192893,67.76649746192894,False,False,False,False,False,
A+/cluster_0_5647.BMP,A+,PASS,0.6542273462783171,65.42273462783172,1,0.5634517766497462,56.34517766497462,False,False,False,False,False,
A+/cluster_0_5652.BMP,A+,PASS,0.763450647249191,76.3450647249191,1,0.6446700507614214,64.46700507614213,False,False,False,False,False,
A+/cluster_0_5653.BMP,A+,PASS,0.6683859223300971,66.8385922330097,1,0.5634517766497462,56.34517766497462,False,False,False,False,False,
A+/cluster_0_5660.BMP,A+,PASS,0.6114482200647249,61.14482200647249,1,0.5913705583756346,59.13705583756346,False,False,False,False,False,
A+/cluster_0_5687.BMP,A+,PASS,0.5992111650485437,59.92111650485437,2,0.5583756345177665,55.83756345177665,False,False,False,False,False,
A+/cluster_0_5691.BMP,A+,PASS,0.7308859223300971,73.0885922330097,1,0.5761421319796954,57.61421319796954,False,False,False,False,False,
A+/cluster_0_5715.BMP,A+,PASS,0.7579894822006472,75.79894822006472,1,0.6573604060913706,65.73604060913706,False,False,False,False,False,
A+/cluster_0_5730.BMP,A+,PASS,0.5273058252427184,52.73058252427184,1,0.5685279187817259,56.852791878172596,False,False,False,False,False,
A+/cluster_0_5734.BMP,A+,PASS,0.7293689320388349,72.93689320388349,1,0.5583756345177665,55.83756345177665,False,False,False,False,False,
A+/cluster_0_5740.BMP,A+,PASS,0.6524069579288025,65.24069579288026,1,0.5532994923857868,55.32994923857868,False,False,False,False,False,
A+/cluster_0_576.BMP,A+,PASS,0.6095266990291263,60.952669902912625,1,0.5634517766497462,56.34517766497462,False,False,False,False,False,
A+/cluster_0_5780.BMP,A+,PASS,0.803296925566343,80.3296925566343,1,0.7081218274111675,70.81218274111674,False,False,False,False,False,
A+/cluster_0_5786.BMP,A+,PASS,0.7108616504854369,71.08616504854369,1,0.5710659898477157,57.10659898477157,False,False,False,False,False,
A+/cluster_0_5799.BMP,A+,PASS,0.7239077669902912,72.39077669902912,1,0.6218274111675127,62.182741116751274,False,False,False,False,False,
A+/cluster_0_5800.BMP,A+,PASS,0.7195590614886731,71.95590614886731,1,0.5989847715736041,59.89847715736041,False,False,False,False,False,
A+/cluster_0_581.BMP,A+,PASS,0.6692961165048543,66.92961165048543,1,0.5634517766497462,56.34517766497462,False,False,False,False,False,
A+/cluster_0_5812.BMP,A+,PASS,0.6812297734627831,68.12297734627832,1,0.5583756345177665,55.83756345177665,False,False,False,False,False,
A+/cluster_0_5813.BMP,A+,PASS,0.7151092233009708,71.51092233009709,1,0.5634517766497462,56.34517766497462,False,False,False,False,False,
A+/cluster_0_5827.BMP,A+,PASS,0.6628236245954693,66.28236245954693,1,0.5989847715736041,59.89847715736041,False,False,False,False,False,
A+/cluster_0_5860.BMP,A+,PASS,0.7269417475728155,72.69417475728154,1,0.5888324873096447,58.88324873096447,False,False,False,False,False,
A+/cluster_0_5871.BMP,A+,PASS,0.6719255663430421,67.19255663430421,1,0.5685279187817259,56.852791878172596,False,False,False,False,False,
A+/cluster_0_5875.BMP,A+,PASS,0.7912621359223301,79.12621359223301,1,0.7030456852791879,70.30456852791879,False,False,False,False,False,
A+/cluster_0_5880.BMP,A+,PASS,0.7466626213592233,74.66626213592234,1,0.5583756345177665,55.83756345177665,False,False,False,False,False,
A+/cluster_0_5884.BMP,A+,PASS,0.7967233009708737,79.67233009708737,1,0.6802030456852792,68.02030456852792,False,False,False,False,False,
A+/cluster_0_5885.BMP,A+,PASS,0.6977144012944984,69.77144012944983,1,0.7055837563451777,70.55837563451777,False,False,False,False,False,
A+/cluster_0_589.BMP,A+,PASS,0.6871966019417476,68.71966019417476,1,0.5634517766497462,56.34517766497462,False,False,False,False,False,
A+/cluster_0_5903.BMP,A+,PASS,0.6328883495145631,63.28883495145631,1,0.5634517766497462,56.34517766497462,False,False,False,False,False,
A+/cluster_0_5913.BMP,A+,PASS,0.6954894822006472,69.54894822006472,1,0.5634517766497462,56.34517766497462,False,False,False,False,False,
A+/cluster_0_5917.BMP,A+,PASS,0.6549352750809061,65.49352750809061,1,0.5634517766497462,56.34517766497462,False,False,False,False,False,
A+/cluster_0_5918.BMP,A+,PASS,0.644923139158576,64.49231391585761,1,0.5685279187817259,56.852791878172596,False,False,False,False,False,
A+/cluster_0_5922.BMP,A+,PASS,0.7109627831715211,71.09627831715211,1,0.6345177664974619,63.45177664974619,False,False,False,False,False,
A+/cluster_0_5928.BMP,A+,PASS,0.6411812297734628,64.11812297734627,1,0.5634517766497462,56.34517766497462,False,False,False,False,False,
A+/cluster_0_5946.BMP,A+,PASS,0.6588794498381877,65.88794498381877,1,0.5634517766497462,56.34517766497462,False,False,False,False,False,
A+/cluster_0_5947.BMP,A+,PASS,0.6754652103559871,67.5465210355987,1,0.5634517766497462,56.34517766497462,False,False,False,False,False,
A+/cluster_0_5951.BMP,A+,PASS,0.6726334951456311,67.2633495145631,1,0.5736040609137056,57.360406091370564,False,False,False,False,False,
A+/cluster_0_5978.BMP,A+,PASS,0.7174352750809061,71.74352750809061,1,0.5710659898477157,57.10659898477157,False,False,False,False,False,
A+/cluster_0_5993.BMP,A+,PASS,0.6906351132686084,69.06351132686083,1,0.5532994923857868,55.32994923857868,False,False,False,False,False,
A+/cluster_0_608.BMP,A+,PASS,0.7224919093851133,72.24919093851133,1,0.5685279187817259,56.852791878172596,False,False,False,False,False,
A+/cluster_0_614.BMP,A+,PASS,0.7632483818770227,76.32483818770227,1,0.5532994923857868,55.32994923857868,False,False,False,False,False,
A+/cluster_0_62.BMP,A+,PASS,0.6850728155339806,68.50728155339806,1,0.6598984771573604,65.98984771573603,False,False,False,False,False,
A+/cluster_0_635.BMP,A+,PASS,0.7186488673139159,71.86488673139159,1,0.616751269035533,61.6751269035533,False,False,False,False,False,
A+/cluster_0_638.BMP,A+,PASS,0.19397249190938512,19.397249190938513,1,0.5532994923857868,55.32994923857868,False,False,False,False,False,
A+/cluster_0_644.BMP,A+,PASS,0.19599514563106796,19.599514563106794,1,0.550761421319797,55.0761421319797,False,False,False,False,False,
A+/cluster_0_660.BMP,A+,PASS,0.6472491909385113,64.72491909385113,1,0.6015228426395939,60.15228426395939,False,False,False,False,False,
A+/cluster_0_678.BMP,A+,PASS,0.7020631067961165,70.20631067961165,1,0.5634517766497462,56.34517766497462,False,False,False,False,False,
A+/cluster_0_686.BMP,A+,PASS,0.696703074433657,69.6703074433657,1,0.5583756345177665,55.83756345177665,False,False,False,False,False,
A+/cluster_0_694.BMP,A+,PASS,0.7527305825242718,75.27305825242718,1,0.5583756345177665,55.83756345177665,False,False,False,False,False,
A+/cluster_0_696.BMP,A+,PASS,0.828782362459547,82.8782362459547,1,0.6472081218274112,64.72081218274111,False,False,False,False,False,
A+/cluster_0_707.BMP,A+,PASS,0.5565331715210357,55.65331715210357,1,0.5532994923857868,55.32994923857868,False,False,False,False,False,
A+/cluster_0_713.BMP,A+,PASS,0.6656553398058253,66.56553398058253,1,0.5634517766497462,56.34517766497462,False,False,False,False,False,
A+/cluster_0_714.BMP,A+,PASS,0.8239279935275081,82.39279935275081,1,0.6776649746192893,67.76649746192894,False,False,False,False,False,
A+/cluster_0_730.BMP,A+,PASS,0.3563915857605178,35.639158576051784,1,0.5532994923857868,55.32994923857868,False,False,False,False,False,
A+/cluster_0_733.BMP,A+,PASS,0.6282362459546925,62.823624595469255,1,0.5583756345177665,55.83756345177665,False,False,False,False,False,
A+/cluster_0_746.BMP,A+,PASS,0.8291868932038835,82.91868932038835,1,0.5532994923857868,55.32994923857868,False,False,False,False,False,
A+/cluster_0_755.BMP,A+,PASS,0.5704894822006472,57.04894822006472,1,0.5634517766497462,56.34517766497462,False,False,False,False,False,
A+/cluster_0_768.BMP,A+,PASS,0.7707322006472492,77.07322006472492,1,0.5812182741116751,58.121827411167516,False,False,False,False,False,
A+/cluster_0_77.BMP,A+,PASS,0.7686084142394822,76.86084142394822,1,0.6091370558375635,60.913705583756354,False,False,False,False,False,
A+/cluster_0_777.BMP,A+,PASS,0.7176375404530745,71.76375404530745,1,0.5583756345177665,55.83756345177665,False,False,False,False,False,
A+/cluster_0_798.BMP,A+,PASS,0.6345064724919094,63.450647249190936,1,0.5685279187817259,56.852791878172596,False,False,False,False,False,
A+/cluster_0_826.BMP,A+,PASS,0.7041868932038835,70.41868932038835,1,0.5685279187817259,56.852791878172596,False,False,False,False,False,
A+/cluster_0_836.BMP,A+,PASS,0.7309870550161812,73.09870550161813,1,0.7208121827411168,72.08121827411168,False,False,False,False,False,
A+/cluster_0_868.BMP,A+,PASS,0.75,75.0,1,0.5634517766497462,56.34517766497462,False,False,False,False,False,
A+/cluster_0_872.BMP,A+,PASS,0.7686084142394822,76.86084142394822,1,0.6700507614213198,67.00507614213198,False,False,False,False,False,
A+/cluster_0_875.BMP,A+,PASS,0.7444377022653722,74.44377022653723,1,0.5583756345177665,55.83756345177665,False,False,False,False,False,
A+/cluster_0_878.BMP,A+,PASS,0.6691949838187702,66.91949838187702,1,0.5685279187817259,56.852791878172596,False,False,False,False,False,
A+/cluster_0_880.BMP,A+,PASS,0.5838389967637541,58.38389967637541,1,0.5583756345177665,55.83756345177665,False,False,False,False,False,
A+/cluster_0_881.BMP,A+,PASS,0.6796116504854369,67.96116504854369,1,0.5685279187817259,56.852791878172596,False,False,False,False,False,
A+/cluster_0_908.BMP,A+,PASS,0.7668891585760518,76.68891585760518,1,0.700507614213198,70.05076142131979,False,False,False,False,False,
A+/cluster_0_940.BMP,A+,PASS,0.6918487055016181,69.18487055016182,1,0.5685279187817259,56.852791878172596,False,False,False,False,False,
A+/cluster_0_956.BMP,A+,PASS,0.7091423948220065,70.91423948220064,1,0.5532994923857868,55.32994923857868,False,False,False,False,False,
A+/cluster_0_965.BMP,A+,PASS,0.7026699029126213,70.26699029126213,1,0.5583756345177665,55.83756345177665,False,False,False,False,False,
A+/cluster_0_983.BMP,A+,PASS,0.7560679611650486,75.60679611650485,1,0.5736040609137056,57.360406091370564,False,False,False,False,False,
A+/cluster_0_987.BMP,A+,PASS,0.6637338187702265,66.37338187702265,1,0.565989847715736,56.598984771573605,False,False,False,False,False,
A+/cluster_0_994.BMP,A+,PASS,0.8453681229773463,84.53681229773463,1,0.6573604060913706,65.73604060913706,False,False,False,False,False,
A-/cluster_1_0.BMP,A-,PASS,0.8527508090614887,85.27508090614887,1,0.565989847715736,56.598984771573605,False,False,False,False,False,
A-/cluster_1_1.BMP,A-,PASS,0.7963187702265372,79.63187702265373,1,0.5583756345177665,55.83756345177665,False,False,False,False,False,
A-/cluster_1_1000.BMP,A-,PASS,0.8676173139158576,86.76173139158576,1,0.7182741116751269,71.8274111675127,False,False,False,False,False,
A-/cluster_1_1007.BMP,A-,PASS,0.7728559870550162,77.28559870550163,1,0.5583756345177665,55.83756345177665,False,False,False,False,False,
A-/cluster_1_1008.BMP,A-,PASS,0.7363470873786407,73.63470873786407,1,0.6472081218274112,64.72081218274111,False,False,False,False,False,
A-/cluster_1_101.BMP,A-,PASS,0.7605177993527508,76.05177993527508,1,0.5609137055837563,56.09137055837563,False,False,False,False,False,
A-/cluster_1_1010.BMP,A-,PASS,0.7100525889967637,71.00525889967638,1,0.5532994923857868,55.32994923857868,False,False,False,False,False,
A-/cluster_1_1011.BMP,A-,FAIL,0.9080703883495146,90.80703883495146,1,0.6979695431472082,69.79695431472082,False,True,False,False,False,
A-/cluster_1_1015.BMP,A-,PASS,0.7595064724919094,75.95064724919094,1,0.5634517766497462,56.34517766497462,False,False,False,False,False,
A-/cluster_1_1020.BMP,A-,PASS,0.8198826860841424,81.98826860841424,1,0.6446700507614214,64.46700507614213,False,False,False,False,False,
A-/cluster_1_1022.BMP,A-,PASS,0.6956917475728155,69.56917475728154,1,0.6802030456852792,68.02030456852792,False,False,False,False,False,
A-/cluster_1_1025.BMP,A-,PASS,0.7603155339805825,76.03155339805825,1,0.6878172588832487,68.78172588832487,False,False,False,False,False,
A-/cluster_1_1027.BMP,A-,PASS,0.7752831715210357,77.52831715210357,1,0.5939086294416244,59.390862944162436,False,False,False,False,False,
A-/cluster_1_1031.BMP,A-,PASS,0.7729571197411004,77.29571197411003,1,0.6903553299492385,69.03553299492386,False,False,False,False,False,
A-/cluster_1_1034.BMP,A-,PASS,0.7111650485436893,71.11650485436894,1,0.5532994923857868,55.32994923857868,False,False,False,False,False,
A-/cluster_1_1049.BMP,A-,FAIL,0.97582928802589,97.582928802589,1,0.817258883248731,81.7258883248731,False,True,False,True,False,
A-/cluster_1_1058.BMP,A-,PASS,0.6117516181229773,61.17516181229773,1,0.5685279187817259,56.852791878172596,False,False,False,False,False,
A-/cluster_1_1060.BMP,A-,PASS,0.7713389967637541,77.1338996763754,1,0.6802030456852792,68.02030456852792,False,False,False,False,False,
A-/cluster_1_1068.BMP,A-,PASS,0.6870954692556634,68.70954692556634,1,0.6421319796954315,64.21319796954315,False,False,False,False,False,
A-/cluster_1_1072.BMP,A-,PASS,0.74292071197411,74.292071197411,1,0.6700507614213198,67.00507614213198,False,False,False,False,False,
A-/cluster_1_1080.BMP,A-,PASS,0.7566747572815534,75.66747572815534,1,0.5812182741116751,58.121827411167516,False,False,False,False,False,
A-/cluster_1_1085.BMP,A-,PASS,0.8725728155339806,87.25728155339806,1,0.6675126903553299,66.75126903553299,False,False,False,False,False,
A-/cluster_1_1086.BMP,A-,PASS,0.7989482200647249,79.89482200647248,1,0.6675126903553299,66.75126903553299,False,False,False,False,False,
A-/cluster_1_1092.BMP,A-,PASS,0.7735639158576052,77.35639158576052,1,0.5685279187817259,56.852791878172596,False,False,False,False,False,
A-/cluster_1_1095.BMP,A-,PASS,0.7428195792880259,74.28195792880258,1,0.5532994923857868,55.32994923857868,False,False,False,False,False,
A-/cluster_1_11.BMP,A-,PASS,0.7726537216828478,77.26537216828478,1,0.5786802030456852,57.868020304568525,False,False,False,False,False,
A-/cluster_1_1106.BMP,A-,PASS,0.7702265372168284,77.02265372168284,1,0.5634517766497462,56.34517766497462,False,False,False,False,False,
A-/cluster_1_1107.BMP,A-,PASS,0.7309870550161812,73.09870550161813,1,0.6243654822335025,62.43654822335025,False,False,False,False,False,
A-/cluster_1_1109.BMP,A-,PASS,0.656957928802589,65.69579288025889,1,0.5583756345177665,55.83756345177665,False,False,False,False,False,
A-/cluster_1_1110.BMP,A-,PASS,0.7998584142394822,79.98584142394822,1,0.6903553299492385,69.03553299492386,False,False,False,False,False,
A-/cluster_1_1113.BMP,A-,PASS,0.7642597087378641,76.42597087378641,1,0.5888324873096447,58.88324873096447,False,False,False,False,False,
A-/cluster_1_1115.BMP,A-,PASS,0.7530339805825242,75.30339805825243,1,0.5786802030456852,57.868020304568525,False,False,False,False,False,
A-/cluster_1_1117.BMP,A-,PASS,0.7921723300970874,79.21723300970875,1,0.5736040609137056,57.360406091370564,False,False,False,False,False,
A-/cluster_1_1128.BMP,A-,PASS,0.7552588996763754,75.52588996763754,1,0.6675126903553299,66.75126903553299,False,False,False,False,False,
A-/cluster_1_1133.BMP,A-,PASS,0.7262338187702265,72.62338187702265,1,0.6522842639593909,65.22842639593908,False,False,False,False,False,
A-/cluster_1_1139.BMP,A-,PASS,0.768406148867314,76.8406148867314,1,0.6928934010152284,69.28934010152284,False,False,False,False,False,
A-/cluster_1_1143.BMP,A-,PASS,0.5950647249190939,59.50647249190939,1,0.5634517766497462,56.34517766497462,False,False,False,False,False,
A-/cluster_1_1149.BMP,A-,PASS,0.779834142394822,77.9834142394822,1,0.6446700507614214,64.46700507614213,False,False,False,False,False,
A-/cluster_1_115.BMP,A-,PASS,0.7170307443365695,71.70307443365695,1,0.565989847715736,56.598984771573605,False,False,False,False,False,
A-/cluster_1_1155.BMP,A-,PASS,0.7269417475728155,72.69417475728154,1,0.5736040609137056,57.360406091370564,False,False,False,False,False,
A-/cluster_1_1163.BMP,A-,PASS,0.6344053398058253,63.44053398058252,1,0.5786802030456852,57.868020304568525,False,False,False,False,False,
A-/cluster_1_1165.BMP,A-,PASS,0.7675970873786407,76.75970873786407,1,0.6116751269035533,61.16751269035533,False,False,False,False,False,
A-/cluster_1_1172.BMP,A-,PASS,0.8092637540453075,80.92637540453075,1,0.6040609137055838,60.40609137055838,False,False,False,False,False,
A-/cluster_1_1178.BMP,A-,PASS,0.7755865695792881,77.5586569579288,1,0.6598984771573604,65.98984771573603,False,False,False,False,False,
A-/cluster_1_1187.BMP,A-,PASS,0.7373584142394822,73.73584142394822,1,0.6700507614213198,67.00507614213198,False,False,False,False,False,
A-/cluster_1_1194.BMP,A-,PASS,0.8254449838187702,82.54449838187702,1,0.6979695431472082,69.79695431472082,False,False,False,False,False,
A-/cluster_1_1197.BMP,A-,PASS,0.7533373786407767,75.33373786407766,1,0.6472081218274112,64.72081218274111,False,False,False,False,False,
A-/cluster_1_120.BMP,A-,PASS,0.6984223300970874,69.84223300970875,1,0.5609137055837563,56.09137055837563,False,False,False,False,False,
A-/cluster_1_1208.BMP,A-,PASS,0.727953074433657,72.7953074433657,1,0.5532994923857868,55.32994923857868,False,False,False,False,False,
A-/cluster_1_1211.BMP,A-,PASS,0.7816545307443366,78.16545307443366,1,0.5964467005076142,59.64467005076142,False,False,False,False,False,
A-/cluster_1_1213.BMP,A-,PASS,0.7247168284789643,72.47168284789643,1,0.5583756345177665,55.83756345177665,False,False,False,False,False,
A-/cluster_1_1227.BMP,A-,PASS,0.7119741100323624,71.19741100323624,1,0.5634517766497462,56.34517766497462,False,False,False,False,False,
A-/cluster_1_1230.BMP,A-,PASS,0.8243325242718447,82.43325242718447,1,0.5583756345177665,55.83756345177665,False,False,False,False,False,
A-/cluster_1_1239.BMP,A-,PASS,0.830906148867314,83.0906148867314,1,0.5532994923857868,55.32994923857868,False,False,False,False,False,
A-/cluster_1_124.BMP,A-,PASS,0.8060275080906149,80.60275080906149,1,0.7030456852791879,70.30456852791879,False,False,False,False,False,
A-/cluster_1_1240.BMP,A-,PASS,0.7893406148867314,78.93406148867314,1,0.6345177664974619,63.45177664974619,False,False,False,False,False,
A-/cluster_1_1241.BMP,A-,PASS,0.8677184466019418,86.77184466019418,1,0.5532994923857868,55.32994923857868,False,False,False,False,False,
A-/cluster_1_1246.BMP,A-,PASS,0.8667071197411004,86.67071197411003,1,0.5583756345177665,55.83756345177665,False,False,False,False,False,
A-/cluster_1_1253.BMP,A-,PASS,0.7411003236245954,74.11003236245955,1,0.6294416243654822,62.944162436548226,False,False,False,False,False,
A-/cluster_1_1269.BMP,A-,PASS,0.8240291262135923,82.40291262135922,1,0.6065989847715736,60.659898477157356,False,False,False,False,False,
A-/cluster_1_1271.BMP,A-,PASS,0.8128033980582524,81.28033980582524,1,0.7233502538071066,72.33502538071066,False,False,False,False,False,
A-/cluster_1_1275.BMP,A-,FAIL,0.9073624595469255,90.73624595469255,1,0.7182741116751269,71.8274111675127,False,True,False,False,False,
A-/cluster_1_1287.BMP,A-,PASS,0.6899271844660194,68.99271844660194,1,0.6472081218274112,64.72081218274111,False,False,False,False,False,
A-/cluster_1_1289.BMP,A-,PASS,0.7291666666666666,72.91666666666666,1,0.5583756345177665,55.83756345177665,False,False,False,False,False,
A-/cluster_1_129.BMP,A-,PASS,0.7824635922330098,78.24635922330097,1,0.6700507614213198,67.00507614213198,False,False,False,False,False,
A-/cluster_1_1297.BMP,A-,PASS,0.8305016181229773,83.05016181229773,1,0.565989847715736,56.598984771573605,False,False,False,False,False,
A-/cluster_1_1305.BMP,A-,PASS,0.7952063106796117,79.52063106796116,1,0.5583756345177665,55.83756345177665,False,False,False,False,False,
A-/cluster_1_131.BMP,A-,PASS,0.7489886731391586,74.89886731391586,1,0.5685279187817259,56.852791878172596,False,False,False,False,False,
A-/cluster_1_1314.BMP,A-,PASS,0.7249190938511327,72.49190938511327,1,0.6878172588832487,68.78172588832487,False,False,False,False,False,
A-/cluster_1_1317.BMP,A-,PASS,0.7283576051779935,72.83576051779936,1,0.700507614213198,70.05076142131979,False,False,False,False,False,
A-/cluster_1_132.BMP,A-,PASS,0.7482807443365695,74.82807443365695,1,0.6802030456852792,68.02030456852792,False,False,False,False,False,
A-/cluster_1_1324.BMP,A-,PASS,0.8526496763754046,85.26496763754045,1,0.6040609137055838,60.40609137055838,False,False,False,False,False,
A-/cluster_1_1351.BMP,A-,PASS,0.7336165048543689,73.3616504854369,1,0.5532994923857868,55.32994923857868,False,False,False,False,False,
A-/cluster_1_136.BMP,A-,PASS,0.7961165048543689,79.6116504854369,1,0.6269035532994924,62.69035532994924,False,False,False,False,False,
A-/cluster_1_1364.BMP,A-,PASS,0.7511124595469255,75.11124595469255,1,0.5634517766497462,56.34517766497462,False,False,False,False,False,
A-/cluster_1_1368.BMP,A-,PASS,0.7522249190938511,75.22249190938511,1,0.7055837563451777,70.55837563451777,False,False,False,False,False,
A-/cluster_1_1370.BMP,A-,PASS,0.7754854368932039,77.5485436893204,1,0.6852791878172588,68.52791878172589,False,False,False,False,False,
A-/cluster_1_1371.BMP,A-,PASS,0.5589603559870551,55.89603559870551,1,0.5964467005076142,59.64467005076142,False,False,False,False,False,
A-/cluster_1_138.BMP,A-,PASS,0.7697208737864077,76.97208737864078,1,0.5532994923857868,55.32994923857868,False,False,False,False,False,
A-/cluster_1_1383.BMP,A-,PASS,0.789745145631068,78.9745145631068,1,0.6522842639593909,65.22842639593908,False,False,False,False,False,
A-/cluster_1_1386.BMP,A-,PASS,0.8956310679611651,89.56310679611651,1,0.7208121827411168,72.08121827411168,False,False,False,False,False,
A-/cluster_1_1401.BMP,A-,PASS,0.6812297734627831,68.12297734627832,1,0.5532994923857868,55.32994923857868,False,False,False,False,False,
A-/cluster_1_1403.BMP,A-,PASS,0.7225930420711975,72.25930420711974,1,0.5862944162436549,58.629441624365484,False,False,False,False,False,
A-/cluster_1_1409.BMP,A-,PASS,0.738673139158576,73.86731391585761,1,0.6395939086294417,63.95939086294417,False,False,False,False,False,
A-/cluster_1_1411.BMP,A-,PASS,0.7214904341529979,72.14904341529979,3,0.5195530726256983,51.955307262569825,False,False,False,False,False,
A-/cluster_1_1416.BMP,A-,PASS,0.7888349514563107,78.88349514563106,1,0.6776649746192893,67.76649746192894,False,False,False,False,False,
A-/cluster_1_1421.BMP,A-,PASS,0.7021642394822006,70.21642394822007,1,0.631979695431472,63.1979695431472,False,False,False,False,False,
A-/cluster_1_1424.BMP,A-,FAIL,0.9121156957928802,91.21156957928802,1,0.7055837563451777,70.55837563451777,False,True,False,False,False,
A-/cluster_1_1429.BMP,A-,PASS,0.6163025889967637,61.63025889967637,1,0.6725888324873096,67.25888324873097,False,False,False,False,False,
A-/cluster_1_1437.BMP,A-,PASS,0.8333333333333334,83.33333333333334,1,0.7030456852791879,70.30456852791879,False,False,False,False,False,
A-/cluster_1_1449.BMP,A-,PASS,0.7800364077669902,78.00364077669903,1,0.6091370558375635,60.913705583756354,False,False,False,False,False,
A-/cluster_1_1451.BMP,A-,PASS,0.6826456310679612,68.26456310679612,1,0.5685279187817259,56.852791878172596,False,False,False,False,False,
A-/cluster_1_1452.BMP,A-,PASS,0.8410194174757282,84.10194174757282,1,0.6954314720812182,69.54314720812182,False,False,False,False,False,
A-/cluster_1_1455.BMP,A-,PASS,0.7609223300970874,76.09223300970875,1,0.5532994923857868,55.32994923857868,False,False,False,False,False,
A-/cluster_1_1466.BMP,A-,PASS,0.7724514563106796,77.24514563106796,1,0.6243654822335025,62.43654822335025,False,False,False,False,False,
A-/cluster_1_1469.BMP,A-,PASS,0.5435881877022654,54.358818770226534,1,0.5736040609137056,57.360406091370564,False,False,False,False,False,
A-/cluster_1_1474.BMP,A-,PASS,0.877831715210356,87.7831715210356,1,0.6979695431472082,69.79695431472082,False,False,False,False,False,
A-/cluster_1_1479.BMP,A-,PASS,0.7527305825242718,75.27305825242718,1,0.5634517766497462,56.34517766497462,False,False,False,False,False,
A-/cluster_1_1485.BMP,A-,PASS,0.7645631067961165,76.45631067961165,1,0.649746192893401,64.9746192893401,False,False,False,False,False,
A-/cluster_1_1488.BMP,A-,PASS,0.8256472491909385,82.56472491909385,1,0.5532994923857868,55.32994923857868,False,False,False,False,False,
A-/cluster_1_1506.BMP,A-,PASS,0.8613470873786407,86.13470873786407,1,0.5532994923857868,55.32994923857868,False,False,False,False,False,
A-/cluster_1_1509.BMP,A-,PASS,0.7994538834951457,79.94538834951457,1,0.6675126903553299,66.75126903553299,False,False,False,False,False,
A-/cluster_1_1511.BMP,A-,PASS,0.8137135922330098,81.37135922330097,1,0.5532994923857868,55.32994923857868,False,False,False,False,False,
A-/cluster_1_1516.BMP,A-,PASS,0.8273665048543689,82.7366504854369,1,0.5532994923857868,55.32994923857868,False,False,False,False,False,
A-/cluster_1_1518.BMP,A-,PASS,0.8497168284789643,84.97168284789643,1,0.6472081218274112,64.72081218274111,False,False,False,False,False,
A-/cluster_1_1519.BMP,A-,PASS,0.8582119741100324,85.82119741100324,1,0.6573604060913706,65.73604060913706,False,False,False,False,False,
A-/cluster_1_1525.BMP,A-,PASS,0.7182443365695793,71.82443365695794,1,0.5888324873096447,58.88324873096447,False,False,False,False,False,
A-/cluster_1_1526.BMP,A-,PASS,0.7495954692556634,74.95954692556634,1,0.5786802030456852,57.868020304568525,False,False,False,False,False,
A-/cluster_1_1532.BMP,A-,PASS,0.7122775080906149,71.22775080906149,1,0.649746192893401,64.9746192893401,False,False,False,False,False,
A-/cluster_1_1539.BMP,A-,PASS,0.7704288025889967,77.04288025889967,1,0.6802030456852792,68.02030456852792,False,False,False,False,False,
A-/cluster_1_1558.BMP,A-,PASS,0.7479773462783171,74.79773462783172,1,0.6370558375634517,63.70558375634518,False,False,False,False,False,
A-/cluster_1_1572.BMP,A-,PASS,0.7640574433656958,76.40574433656958,1,0.6954314720812182,69.54314720812182,False,False,False,False,False,
A-/cluster_1_1583.BMP,A-,PASS,0.7610234627831716,76.10234627831716,1,0.6243654822335025,62.43654822335025,False,False,False,False,False,
A-/cluster_1_1585.BMP,A-,PASS,0.7103559870550162,71.03559870550163,1,0.5532994923857868,55.32994923857868,False,False,False,False,False,
A-/cluster_1_1597.BMP,A-,PASS,0.7713389967637541,77.1338996763754,1,0.6015228426395939,60.15228426395939,False,False,False,False,False,
A-/cluster_1_1606.BMP,A-,PASS,0.7068840680609318,70.68840680609318,4,0.5381750465549349,53.81750465549349,False,False,False,False,False,
A-/cluster_1_1621.BMP,A-,PASS,0.7115695792880259,71.15695792880258,1,0.6370558375634517,63.70558375634518,False,False,False,False,False,
A-/cluster_1_1623.BMP,A-,PASS,0.7911610032362459,79.1161003236246,1,0.6878172588832487,68.78172588832487,False,False,False,False,False,
A-/cluster_1_1624.BMP,A-,PASS,0.7013551779935275,70.13551779935275,1,0.5685279187817259,56.852791878172596,False,False,False,False,False,
A-/cluster_1_1626.BMP,A-,PASS,0.8969457928802589,89.69457928802589,1,0.5939086294416244,59.390862944162436,False,False,False,False,False,
A-/cluster_1_1627.BMP,A-,PASS,0.807544498381877,80.7544498381877,1,0.565989847715736,56.598984771573605,False,False,False,False,False,
A-/cluster_1_1630.BMP,A-,PASS,0.6621156957928802,66.21156957928802,1,0.5532994923857868,55.32994923857868,False,False,False,False,False,
A-/cluster_1_1640.BMP,A-,PASS,0.7627427184466019,76.27427184466019,1,0.6878172588832487,68.78172588832487,False,False,False,False,False,
A-/cluster_1_1645.BMP,A-,PASS,0.8119943365695793,81.19943365695794,1,0.7055837563451777,70.55837563451777,False,False,False,False,False,
A-/cluster_1_1648.BMP,A-,PASS,0.7297734627831716,72.97734627831716,1,0.6116751269035533,61.16751269035533,False,False,False,False,False,
A-/cluster_1_1650.BMP,A-,PASS,0.7036812297734628,70.36812297734627,1,0.5685279187817259,56.852791878172596,False,False,False,False,False,
A-/cluster_1_1652.BMP,A-,PASS,0.6421925566343042,64.21925566343042,1,0.5634517766497462,56.34517766497462,False,False,False,False,False,
A-/cluster_1_1663.BMP,A-,PASS,0.8923948220064725,89.23948220064725,1,0.5532994923857868,55.32994923857868,False,False,False,False,False,
A-/cluster_1_1684.BMP,A-,PASS,0.7893406148867314,78.93406148867314,1,0.6725888324873096,67.25888324873097,False,False,False,False,False,
A-/cluster_1_1692.BMP,A-,PASS,0.8790453074433657,87.90453074433657,1,0.5532994923857868,55.32994923857868,False,False,False,False,False,
A-/cluster_1_1694.BMP,A-,PASS,0.6984223300970874,69.84223300970875,1,0.5609137055837563,56.09137055837563,False,False,False,False,False,
A-/cluster_1_1697.BMP,A-,PASS,0.7985436893203883,79.85436893203884,1,0.5634517766497462,56.34517766497462,False,False,False,False,False,
A-/cluster_1_17.BMP,A-,FAIL,0.9105987055016181,91.05987055016182,1,0.7284263959390863,72.84263959390863,False,True,False,False,False,
A-/cluster_1_1709.BMP,A-,PASS,0.7308859223300971,73.0885922330097,1,0.5888324873096447,58.88324873096447,False,False,False,False,False,
A-/cluster_1_171.BMP,A-,PASS,0.8379854368932039,83.7985436893204,1,0.6472081218274112,64.72081218274111,False,False,False,False,False,
A-/cluster_1_1717.BMP,A-,PASS,0.8069377022653722,80.69377022653723,1,0.7081218274111675,70.81218274111674,False,False,False,False,False,
A-/cluster_1_1718.BMP,A-,PASS,0.7760922330097088,77.60922330097088,1,0.6548223350253807,65.48223350253807,False,False,False,False,False,
A-/cluster_1_1719.BMP,A-,PASS,0.778418284789644,77.8418284789644,1,0.6548223350253807,65.48223350253807,False,False,False,False,False,
A-/cluster_1_172.BMP,A-,PASS,0.6551375404530745,65.51375404530745,1,0.5761421319796954,57.61421319796954,False,False,False,False,False,
A-/cluster_1_1721.BMP,A-,PASS,0.7766990291262136,77.66990291262135,1,0.6243654822335025,62.43654822335025,False,False,False,False,False,
A-/cluster_1_1724.BMP,A-,PASS,0.72582928802589,72.582928802589,1,0.5634517766497462,56.34517766497462,False,False,False,False,False,
A-/cluster_1_1738.BMP,A-,PASS,0.7090412621359223,70.90412621359224,1,0.5685279187817259,56.852791878172596,False,False,False,False,False,
A-/cluster_1_1744.BMP,A-,PASS,0.7324029126213593,73.24029126213593,1,0.6700507614213198,67.00507614213198,False,False,False,False,False,
A-/cluster_1_1751.BMP,A-,PASS,0.6507888349514563,65.07888349514563,1,0.5634517766497462,56.34517766497462,False,False,False,False,False,
A-/cluster_1_1752.BMP,A-,PASS,0.7338187702265372,73.38187702265373,1,0.6751269035532995,67.51269035532995,False,False,False,False,False,
A-/cluster_1_176.BMP,A-,PASS,0.7758899676375405,77.58899676375405,1,0.5888324873096447,58.88324873096447,False,False,False,False,False,
A-/cluster_1_178.BMP,A-,PASS,0.8342435275080906,83.42435275080906,1,0.5964467005076142,59.64467005076142,False,False,False,False,False,
A-/cluster_1_1789.BMP,A-,PASS,0.8165453074433657,81.65453074433657,1,0.6776649746192893,67.76649746192894,False,False,False,False,False,
A-/cluster_1_1791.BMP,A-,PASS,0.7289258960149266,72.89258960149266,1,0.6452513966480447,64.52513966480447,False,False,False,False,False,
A-/cluster_1_1804.BMP,A-,PASS,0.7610234627831716,76.10234627831716,2,0.5913705583756346,59.13705583756346,False,False,False,False,False,
A-/cluster_1_1806.BMP,A-,PASS,0.8143203883495146,81.43203883495146,1,0.5939086294416244,59.390862944162436,False,False,False,False,False,
A-/cluster_1_1807.BMP,A-,PASS,0.7451456310679612,74.51456310679612,1,0.6243654822335025,62.43654822335025,False,False,False,False,False,
A-/cluster_1_1813.BMP,A-,PASS,0.7856998381877023,78.56998381877023,1,0.5532994923857868,55.32994923857868,False,False,False,False,False,
A-/cluster_1_1814.BMP,A-,PASS,0.7789239482200647,77.89239482200647,1,0.6269035532994924,62.69035532994924,False,False,False,False,False,
A-/cluster_1_1817.BMP,A-,PASS,0.678296925566343,67.8296925566343,1,0.5558375634517766,55.58375634517766,False,False,False,False,False,
A-/cluster_1_1818.BMP,A-,PASS,0.7936893203883495,79.36893203883496,1,0.6192893401015228,61.92893401015228,False,False,False,False,False,
A-/cluster_1_1826.BMP,A-,PASS,0.8736852750809061,87.36852750809061,1,0.7182741116751269,71.8274111675127,False,False,False,False,False,
A-/cluster_1_1827.BMP,A-,PASS,0.7695186084142395,76.95186084142395,1,0.7131979695431472,71.31979695431471,False,False,False,False,False,
A-/cluster_1_1838.BMP,A-,PASS,0.8701456310679612,87.01456310679612,1,0.6116751269035533,61.16751269035533,False,False,False,False,False,
A-/cluster_1_1839.BMP,A-,PASS,0.6231796116504854,62.317961165048544,1,0.6091370558375635,60.913705583756354,False,False,False,False,False,
A-/cluster_1_1853.BMP,A-,PASS,0.7524271844660194,75.24271844660194,1,0.6852791878172588,68.52791878172589,False,False,False,False,False,
A-/cluster_1_1863.BMP,A-,PASS,0.7773058252427184,77.73058252427184,1,0.6522842639593909,65.22842639593908,False,False,False,False,False,
A-/cluster_1_1875.BMP,A-,PASS,0.7463592233009708,74.63592233009709,1,0.6624365482233503,66.24365482233503,False,False,False,False,False,
A-/cluster_1_1885.BMP,A-,PASS,0.72582928802589,72.582928802589,1,0.6649746192893401,66.49746192893402,False,False,False,False,False,
A-/cluster_1_1891.BMP,A-,PASS,0.7839805825242718,78.39805825242718,1,0.5685279187817259,56.852791878172596,False,False,False,False,False,
A-/cluster_1_1892.BMP,A-,PASS,0.7476739482200647,74.76739482200647,1,0.5634517766497462,56.34517766497462,False,False,False,False,False,
A-/cluster_1_1893.BMP,A-,PASS,0.7707322006472492,77.07322006472492,1,0.5532994923857868,55.32994923857868,False,False,False,False,False,
A-/cluster_1_1897.BMP,A-,PASS,0.7779126213592233,77.79126213592234,1,0.6370558375634517,63.70558375634518,False,False,False,False,False,
A-/cluster_1_1905.BMP,A-,PASS,0.7572815533980582,75.72815533980582,1,0.6548223350253807,65.48223350253807,False,False,False,False,False,
A-/cluster_1_1909.BMP,A-,PASS,0.7758899676375405,77.58899676375405,1,0.5558375634517766,55.58375634517766,False,False,False,False,False,
A-/cluster_1_1924.BMP,A-,PASS,0.73290857605178,73.29085760517799,1,0.5583756345177665,55.83756345177665,False,False,False,False,False,
A-/cluster_1_1925.BMP,A-,PASS,0.8696399676375405,86.96399676375405,1,0.6979695431472082,69.79695431472082,False,False,False,False,False,
A-/cluster_1_1926.BMP,A-,PASS,0.8722694174757282,87.22694174757282,1,0.6116751269035533,61.16751269035533,False,False,False,False,False,
A-/cluster_1_1930.BMP,A-,PASS,0.7912621359223301,79.12621359223301,1,0.5685279187817259,56.852791878172596,False,False,False,False,False,
A-/cluster_1_1934.BMP,A-,PASS,0.8031957928802589,80.31957928802589,1,0.6954314720812182,69.54314720812182,False,False,False,False,False,
A-/cluster_1_1938.BMP,A-,PASS,0.7147046925566343,71.47046925566343,1,0.6878172588832487,68.78172588832487,False,False,False,False,False,
A-/cluster_1_1939.BMP,A-,PASS,0.6595873786407767,65.95873786407766,1,0.5532994923857868,55.32994923857868,False,False,False,False,False,
A-/cluster_1_1943.BMP,A-,PASS,0.817455501618123,81.7455501618123,1,0.6751269035532995,67.51269035532995,False,False,False,False,False,
A-/cluster_1_1953.BMP,A-,PASS,0.721581715210356,72.1581715210356,1,0.5989847715736041,59.89847715736041,False,False,False,False,False,
A-/cluster_1_1954.BMP,A-,PASS,0.6672734627831716,66.72734627831716,1,0.5634517766497462,56.34517766497462,False,False,False,False,False,
A-/cluster_1_1965.BMP,A-,PASS,0.864279935275081,86.4279935275081,1,0.7284263959390863,72.84263959390863,False,False,False,False,False,
A-/cluster_1_1969.BMP,A-,PASS,0.7220873786407767,72.20873786407766,1,0.5634517766497462,56.34517766497462,False,False,False,False,False,
A-/cluster_1_1971.BMP,A-,PASS,0.8159385113268608,81.59385113268608,1,0.6065989847715736,60.659898477157356,False,False,False,False,False,
A-/cluster_1_1973.BMP,A-,PASS,0.7335153721682848,73.35153721682848,1,0.5634517766497462,56.34517766497462,False,False,False,False,False,
A-/cluster_1_1989.BMP,A-,PASS,0.8381877022653722,83.81877022653723,1,0.6852791878172588,68.52791878172589,False,False,False,False,False,
A-/cluster_1_1997.BMP,A-,PASS,0.7700242718446602,77.00242718446601,1,0.5736040609137056,57.360406091370564,False,False,False,False,False,
A-/cluster_1_1998.BMP,A-,PASS,0.8093648867313916,80.93648867313917,1,0.5532994923857868,55.32994923857868,False,False,False,False,False,
A-/cluster_1_200.BMP,A-,PASS,0.7971278317152104,79.71278317152104,1,0.5939086294416244,59.390862944162436,False,False,False,False,False,
A-/cluster_1_2000.BMP,A-,PASS,0.7448422330097088,74.48422330097088,1,0.5583756345177665,55.83756345177665,False,False,False,False,False,
A-/cluster_1_2002.BMP,A-,PASS,0.5929409385113269,59.294093851132686,1,0.6065989847715736,60.659898477157356,False,False,False,False,False,
A-/cluster_1_2011.BMP,A-,PASS,0.8784385113268608,87.84385113268608,1,0.6624365482233503,66.24365482233503,False,False,False,False,False,
A-/cluster_1_2013.BMP,A-,PASS,0.6844660194174758,68.44660194174757,1,0.5634517766497462,56.34517766497462,False,False,False,False,False,
A-/cluster_1_2017.BMP,A-,PASS,0.7442354368932039,74.4235436893204,1,0.6472081218274112,64.72081218274111,False,False,False,False,False,
A-/cluster_1_202.BMP,A-,PASS,0.7546521035598706,75.46521035598705,1,0.5939086294416244,59.390862944162436,False,False,False,False,False,
A-/cluster_1_2028.BMP,A-,PASS,0.6620145631067961,66.2014563106796,1,0.5532994923857868,55.32994923857868,False,False,False,False,False,
A-/cluster_1_2030.BMP,A-,PASS,0.6611043689320388,66.11043689320388,1,0.5583756345177665,55.83756345177665,False,False,False,False,False,
A-/cluster_1_2032.BMP,A-,PASS,0.7875202265372169,78.75202265372168,1,0.6548223350253807,65.48223350253807,False,False,False,False,False,
A-/cluster_1_2037.BMP,A-,PASS,0.7426173139158576,74.26173139158576,1,0.6598984771573604,65.98984771573603,False,False,False,False,False,
A-/cluster_1_2039.BMP,A-,PASS,0.818871359223301,81.8871359223301,1,0.5532994923857868,55.32994923857868,False,False,False,False,False,
A-/cluster_1_204.BMP,A-,PASS,0.7506067961165048,75.06067961165049,1,0.6446700507614214,64.46700507614213,False,False,False,False,False,
A-/cluster_1_2043.BMP,A-,PASS,0.7055016181229773,70.55016181229773,1,0.5634517766497462,56.34517766497462,False,False,False,False,False,
A-/cluster_1_2045.BMP,A-,PASS,0.6833535598705501,68.33535598705501,1,0.6852791878172588,68.52791878172589,False,False,False,False,False,
A-/cluster_1_2046.BMP,A-,PASS,0.7676982200647249,76.76982200647248,1,0.5939086294416244,59.390862944162436,False,False,False,False,False,
A-/cluster_1_2049.BMP,A-,PASS,0.6799150485436893,67.99150485436894,1,0.5634517766497462,56.34517766497462,False,False,False,False,False,
A-/cluster_1_2057.BMP,A-,PASS,0.7930825242718447,79.30825242718447,1,0.565989847715736,56.598984771573605,False,False,False,False,False,
A-/cluster_1_2063.BMP,A-,PASS,0.7412014563106796,74.12014563106796,1,0.5558375634517766,55.58375634517766,False,False,False,False,False,
A-/cluster_1_2068.BMP,A-,PASS,0.7534385113268608,75.34385113268608,1,0.5685279187817259,56.852791878172596,False,False,False,False,False,
A-/cluster_1_2073.BMP,A-,PASS,0.7363470873786407,73.63470873786407,1,0.6802030456852792,68.02030456852792,False,False,False,False,False,
A-/cluster_1_2077.BMP,A-,PASS,0.7516181229773463,75.16181229773463,1,0.5558375634517766,55.58375634517766,False,False,False,False,False,
A-/cluster_1_2079.BMP,A-,PASS,0.7077265372168284,70.77265372168284,1,0.5583756345177665,55.83756345177665,False,False,False,False,False,
A-/cluster_1_2084.BMP,A-,PASS,0.7054004854368932,70.54004854368931,1,0.565989847715736,56.598984771573605,False,False,False,False,False,
A-/cluster_1_2089.BMP,A-,PASS,0.7652710355987055,76.52710355987054,1,0.6675126903553299,66.75126903553299,False,False,False,False,False,
A-/cluster_1_2093.BMP,A-,PASS,0.7452467637540453,74.52467637540452,1,0.649746192893401,64.9746192893401,False,False,False,False,False,
A-/cluster_1_2095.BMP,A-,PASS,0.8407160194174758,84.07160194174757,1,0.6345177664974619,63.45177664974619,False,False,False,False,False,
A-/cluster_1_2098.BMP,A-,PASS,0.8057241100323624,80.57241100323624,1,0.5583756345177665,55.83756345177665,False,False,False,False,False,
A-/cluster_1_2099.BMP,A-,PASS,0.778418284789644,77.8418284789644,1,0.6573604060913706,65.73604060913706,False,False,False,False,False,
A-/cluster_1_2102.BMP,A-,PASS,0.8154328478964401,81.543284789644,1,0.6649746192893401,66.49746192893402,False,False,False,False,False,
A-/cluster_1_2103.BMP,A-,PASS,0.7606189320388349,76.06189320388349,1,0.5532994923857868,55.32994923857868,False,False,False,False,False,
A-/cluster_1_2106.BMP,A-,PASS,0.8389967637540453,83.89967637540452,1,0.5634517766497462,56.34517766497462,False,False,False,False,False,
A-/cluster_1_2107.BMP,A-,PASS,0.7324029126213593,73.24029126213593,1,0.5558375634517766,55.58375634517766,False,False,False,False,False,
A-/cluster_1_2109.BMP,A-,PASS,0.7282564724919094,72.82564724919094,1,0.5532994923857868,55.32994923857868,False,False,False,False,False,
A-/cluster_1_2110.BMP,A-,PASS,0.7243122977346278,72.43122977346277,1,0.6751269035532995,67.51269035532995,False,False,False,False,False,
A-/cluster_1_2111.BMP,A-,PASS,0.730076860841424,73.00768608414239,1,0.6395939086294417,63.95939086294417,False,False,False,False,False,
A-/cluster_1_2124.BMP,A-,PASS,0.7026699029126213,70.26699029126213,1,0.5685279187817259,56.852791878172596,False,False,False,False,False,
A-/cluster_1_2143.BMP,A-,PASS,0.7418082524271845,74.18082524271846,1,0.6725888324873096,67.25888324873097,False,False,False,False,False,
A-/cluster_1_2145.BMP,A-,PASS,0.7550566343042071,75.50566343042071,1,0.700507614213198,70.05076142131979,False,False,False,False,False,
A-/cluster_1_2147.BMP,A-,PASS,0.7134911003236246,71.34911003236246,1,0.5634517766497462,56.34517766497462,False,False,False,False,False,
A-/cluster_1_2148.BMP,A-,PASS,0.7581917475728155,75.81917475728154,1,0.7030456852791879,70.30456852791879,False,False,False,False,False,
A-/cluster_1_2152.BMP,A-,PASS,0.6723300970873787,67.23300970873787,1,0.5583756345177665,55.83756345177665,False,False,False,False,False,
A-/cluster_1_2171.BMP,A-,PASS,0.7743729773462783,77.43729773462783,1,0.5685279187817259,56.852791878172596,False,False,False,False,False,
A-/cluster_1_2176.BMP,A-,PASS,0.8003640776699029,80.0364077669903,1,0.5634517766497462,56.34517766497462,False,False,False,False,False,
A-/cluster_1_2180.BMP,A-,PASS,0.8566949838187702,85.66949838187702,1,0.6979695431472082,69.79695431472082,False,False,False,False,False,
A-/cluster_1_2184.BMP,A-,PASS,0.6897249190938511,68.97249190938511,1,0.5532994923857868,55.32994923857868,False,False,False,False,False,
A-/cluster_1_2188.BMP,A-,PASS,0.8424352750809061,84.24352750809061,1,0.6522842639593909,65.22842639593908,False,False,False,False,False,
A-/cluster_1_2191.BMP,A-,PASS,0.6769822006472492,67.69822006472492,1,0.6218274111675127,62.182741116751274,False,False,False,False,False,
A-/cluster_1_2192.BMP,A-,FAIL,0.9447815533980582,94.47815533980582,1,0.7309644670050761,73.09644670050761,False,True,False,False,False,
A-/cluster_1_2194.BMP,A-,PASS,0.7320995145631068,73.20995145631069,1,0.6243654822335025,62.43654822335025,False,False,False,False,False,
A-/cluster_1_2199.BMP,A-,PASS,0.7423139158576052,74.23139158576052,1,0.5634517766497462,56.34517766497462,False,False,False,False,False,
A-/cluster_1_22.BMP,A-,PASS,0.46389563106796117,46.38956310679612,2,0.5710659898477157,57.10659898477157,False,False,False,False,False,
A-/cluster_1_221.BMP,A-,PASS,0.8150283171521036,81.50283171521036,1,0.7030456852791879,70.30456852791879,False,False,False,False,False,
A-/cluster_1_2214.BMP,A-,PASS,0.7921723300970874,79.21723300970875,1,0.5532994923857868,55.32994923857868,False,False,False,False,False,
A-/cluster_1_2218.BMP,A-,PASS,0.7957119741100324,79.57119741100324,2,0.6015228426395939,60.15228426395939,False,False,False,False,False,
A-/cluster_1_2222.BMP,A-,PASS,0.8856189320388349,88.56189320388349,1,0.6878172588832487,68.78172588832487,False,False,False,False,False,
A-/cluster_1_2223.BMP,A-,PASS,0.8078478964401294,80.78478964401295,1,0.6852791878172588,68.52791878172589,False,False,False,False,False,
A-/cluster_1_2227.BMP,A-,PASS,0.7148058252427184,71.48058252427184,1,0.565989847715736,56.598984771573605,False,False,False,False,False,
A-/cluster_1_2230.BMP,A-,PASS,0.7961165048543689,79.6116504854369,1,0.5634517766497462,56.34517766497462,False,False,False,False,False,
A-/cluster_1_2242.BMP,A-,PASS,0.8599312297734628,85.99312297734627,1,0.6751269035532995,67.51269035532995,False,False,False,False,False,
A-/cluster_1_2253.BMP,A-,PASS,0.7744741100323624,77.44741100323624,1,0.6243654822335025,62.43654822335025,False,False,False,False,False,
A-/cluster_1_2258.BMP,A-,PASS,0.643406148867314,64.3406148867314,1,0.5532994923857868,55.32994923857868,False,False,False,False,False,
A-/cluster_1_2261.BMP,A-,PASS,0.8197815533980582,81.97815533980582,1,0.6852791878172588,68.52791878172589,False,False,False,False,False,
A-/cluster_1_2263.BMP,A-,PASS,0.8418284789644013,84.18284789644012,1,0.5609137055837563,56.09137055837563,False,False,False,False,False,
A-/cluster_1_2267.BMP,A-,PASS,0.7305825242718447,73.05825242718447,1,0.5964467005076142,59.64467005076142,False,False,False,False,False,
A-/cluster_1_2279.BMP,A-,PASS,0.7914644012944984,79.14644012944983,1,0.5532994923857868,55.32994923857868,False,False,False,False,False,
A-/cluster_1_2284.BMP,A-,PASS,0.7702265372168284,77.02265372168284,1,0.6598984771573604,65.98984771573603,False,False,False,False,False,
A-/cluster_1_2287.BMP,A-,PASS,0.756371359223301,75.6371359223301,1,0.6421319796954315,64.21319796954315,False,False,False,False,False,
A-/cluster_1_2294.BMP,A-,PASS,0.7981391585760518,79.81391585760518,1,0.6522842639593909,65.22842639593908,False,False,False,False,False,
A-/cluster_1_2303.BMP,A-,PASS,0.6958940129449838,69.58940129449837,1,0.5685279187817259,56.852791878172596,False,False,False,False,False,
A-/cluster_1_2313.BMP,A-,PASS,0.7701254045307443,77.01254045307444,1,0.6472081218274112,64.72081218274111,False,False,False,False,False,
A-/cluster_1_2315.BMP,A-,PASS,0.7536407766990292,75.36407766990291,1,0.631979695431472,63.1979695431472,False,False,False,False,False,
A-/cluster_1_2318.BMP,A-,PASS,0.698220064724919,69.8220064724919,1,0.5964467005076142,59.64467005076142,False,False,False,False,False,
A-/cluster_1_2324.BMP,A-,PASS,0.848705501618123,84.8705501618123,1,0.5634517766497462,56.34517766497462,False,False,False,False,False,
A-/cluster_1_2326.BMP,A-,PASS,0.7134911003236246,71.34911003236246,1,0.6725888324873096,67.25888324873097,False,False,False,False,False,
A-/cluster_1_2328.BMP,A-,PASS,0.7351334951456311,73.5133495145631,1,0.5532994923857868,55.32994923857868,False,False,False,False,False,
A-/cluster_1_2334.BMP,A-,PASS,0.8030946601941747,80.30946601941747,1,0.649746192893401,64.9746192893401,False,False,False,False,False,
A-/cluster_1_2339.BMP,A-,PASS,0.6288430420711975,62.88430420711975,1,0.6116751269035533,61.16751269035533,False,False,False,False,False,
A-/cluster_1_2341.BMP,A-,PASS,0.8294902912621359,82.94902912621359,1,0.6015228426395939,60.15228426395939,False,False,False,False,False,
A-/cluster_1_2350.BMP,A-,PASS,0.8824838187702265,88.24838187702265,1,0.7233502538071066,72.33502538071066,False,False,False,False,False,
A-/cluster_1_2356.BMP,A-,PASS,0.7654733009708737,76.54733009708737,1,0.6015228426395939,60.15228426395939,False,False,False,False,False,
A-/cluster_1_2357.BMP,A-,PASS,0.857200647249191,85.7200647249191,1,0.6269035532994924,62.69035532994924,False,False,False,False,False,
A-/cluster_1_237.BMP,A-,PASS,0.7694174757281553,76.94174757281553,1,0.5634517766497462,56.34517766497462,False,False,False,False,False,
A-/cluster_1_2370.BMP,A-,PASS,0.720873786407767,72.0873786407767,1,0.6649746192893401,66.49746192893402,False,False,False,False,False,
A-/cluster_1_2371.BMP,A-,PASS,0.8199838187702265,81.99838187702265,1,0.6802030456852792,68.02030456852792,False,False,False,False,False,
A-/cluster_1_2376.BMP,A-,PASS,0.796217637540453,79.6217637540453,1,0.682741116751269,68.2741116751269,False,False,False,False,False,
A-/cluster_1_2378.BMP,A-,PASS,0.8490088996763754,84.90088996763754,1,0.5888324873096447,58.88324873096447,False,False,False,False,False,
A-/cluster_1_2380.BMP,A-,PASS,0.7449433656957929,74.49433656957929,1,0.5532994923857868,55.32994923857868,False,False,False,False,False,
A-/cluster_1_2386.BMP,A-,PASS,0.8791464401294499,87.91464401294499,1,0.6954314720812182,69.54314720812182,False,False,False,False,False,
A-/cluster_1_2396.BMP,A-,PASS,0.860032362459547,86.0032362459547,1,0.5634517766497462,56.34517766497462,False,False,False,False,False,
A-/cluster_1_2400.BMP,A-,PASS,0.7378640776699029,73.7864077669903,1,0.682741116751269,68.2741116751269,False,False,False,False,False,
A-/cluster_1_2401.BMP,A-,PASS,0.8160396440129449,81.60396440129449,1,0.649746192893401,64.9746192893401,False,False,False,False,False,
A-/cluster_1_2403.BMP,A-,PASS,0.8036003236245954,80.36003236245955,1,0.6142131979695431,61.42131979695431,False,False,False,False,False,
A-/cluster_1_2405.BMP,A-,PASS,0.7518203883495146,75.18203883495146,1,0.6243654822335025,62.43654822335025,False,False,False,False,False,
A-/cluster_1_2422.BMP,A-,PASS,0.8201860841423948,82.01860841423948,1,0.5532994923857868,55.32994923857868,False,False,False,False,False,
A-/cluster_1_2439.BMP,A-,PASS,0.6835558252427184,68.35558252427184,1,0.5583756345177665,55.83756345177665,False,False,False,False,False,
A-/cluster_1_2441.BMP,A-,PASS,0.8228155339805825,82.28155339805825,1,0.6700507614213198,67.00507614213198,False,False,False,False,False,
A-/cluster_1_2454.BMP,A-,PASS,0.7487864077669902,74.87864077669903,1,0.6624365482233503,66.24365482233503,False,False,False,False,False,
A-/cluster_1_246.BMP,A-,PASS,0.8149271844660194,81.49271844660194,1,0.7030456852791879,70.30456852791879,False,False,False,False,False,
A-/cluster_1_2479.BMP,A-,PASS,0.772046925566343,77.2046925566343,1,0.6269035532994924,62.69035532994924,False,False,False,False,False,
A-/cluster_1_2480.BMP,A-,PASS,0.7109627831715211,71.09627831715211,1,0.6243654822335025,62.43654822335025,False,False,False,False,False,
A-/cluster_1_2483.BMP,A-,PASS,0.7404935275080906,74.04935275080906,1,0.5685279187817259,56.852791878172596,False,False,False,False,False,
A-/cluster_1_2486.BMP,A-,PASS,0.8435477346278317,84.35477346278317,1,0.5939086294416244,59.390862944162436,False,False,False,False,False,
A-/cluster_1_2489.BMP,A-,PASS,0.7891383495145631,78.91383495145631,1,0.649746192893401,64.9746192893401,False,False,False,False,False,
A-/cluster_1_2490.BMP,A-,PASS,0.6458333333333334,64.58333333333334,1,0.5583756345177665,55.83756345177665,False,False,False,False,False,
A-/cluster_1_2491.BMP,A-,PASS,0.7714401294498382,77.14401294498381,1,0.6522842639593909,65.22842639593908,False,False,False,False,False,
A-/cluster_1_2493.BMP,A-,PASS,0.6906351132686084,69.06351132686083,1,0.6269035532994924,62.69035532994924,False,False,False,False,False,
A-/cluster_1_2495.BMP,A-,PASS,0.7314927184466019,73.14927184466019,1,0.5888324873096447,58.88324873096447,False,False,False,False,False,
A-/cluster_1_2497.BMP,A-,PASS,0.7182443365695793,71.82443365695794,1,0.5532994923857868,55.32994923857868,False,False,False,False,False,
A-/cluster_1_2506.BMP,A-,PASS,0.7388754045307443,73.88754045307444,1,0.5685279187817259,56.852791878172596,False,False,False,False,False,
A-/cluster_1_2508.BMP,A-,PASS,0.7577872168284789,75.77872168284789,1,0.6903553299492385,69.03553299492386,False,False,False,False,False,
A-/cluster_1_2518.BMP,A-,PASS,0.6500809061488673,65.00809061488673,1,0.5634517766497462,56.34517766497462,False,False,False,False,False,
A-/cluster_1_2523.BMP,A-,PASS,0.705906148867314,70.5906148867314,1,0.6116751269035533,61.16751269035533,False,False,False,False,False,
A-/cluster_1_2531.BMP,A-,PASS,0.751415857605178,75.1415857605178,1,0.6954314720812182,69.54314720812182,False,False,False,False,False,
A-/cluster_1_2534.BMP,A-,PASS,0.8203883495145631,82.03883495145631,1,0.7081218274111675,70.81218274111674,False,False,False,False,False,
A-/cluster_1_2538.BMP,A-,PASS,0.7125809061488673,71.25809061488673,1,0.6649746192893401,66.49746192893402,False,False,False,False,False,
A-/cluster_1_2554.BMP,A-,PASS,0.7422127831715211,74.22127831715211,1,0.5634517766497462,56.34517766497462,False,False,False,False,False,
A-/cluster_1_2557.BMP,A-,PASS,0.7637540453074434,76.37540453074433,1,0.6928934010152284,69.28934010152284,False,False,False,False,False,
A-/cluster_1_2565.BMP,A-,PASS,0.8160396440129449,81.60396440129449,1,0.6446700507614214,64.46700507614213,False,False,False,False,False,
A-/cluster_1_2573.BMP,A-,PASS,0.6468446601941747,64.68446601941747,1,0.6192893401015228,61.92893401015228,False,False,False,False,False,
A-/cluster_1_2575.BMP,A-,PASS,0.8340412621359223,83.40412621359224,1,0.5583756345177665,55.83756345177665,False,False,False,False,False,
A-/cluster_1_2592.BMP,A-,PASS,0.8193770226537217,81.93770226537217,1,0.7258883248730964,72.58883248730965,False,False,False,False,False,
A-/cluster_1_2593.BMP,A-,PASS,0.760720064724919,76.0720064724919,1,0.6624365482233503,66.24365482233503,False,False,False,False,False,
A-/cluster_1_2604.BMP,A-,PASS,0.797532362459547,79.7532362459547,1,0.5532994923857868,55.32994923857868,False,False,False,False,False,
A-/cluster_1_2612.BMP,A-,PASS,0.7957119741100324,79.57119741100324,1,0.5532994923857868,55.32994923857868,False,False,False,False,False,
A-/cluster_1_2613.BMP,A-,PASS,0.719457928802589,71.94579288025889,2,0.5609137055837563,56.09137055837563,False,False,False,False,False,
A-/cluster_1_2615.BMP,A-,PASS,0.48027912621359226,48.02791262135923,1,0.565989847715736,56.598984771573605,False,False,False,False,False,
A-/cluster_1_2627.BMP,A-,PASS,0.7448422330097088,74.48422330097088,1,0.5964467005076142,59.64467005076142,False,False,False,False,False,
A-/cluster_1_2638.BMP,A-,PASS,0.7284587378640777,72.84587378640776,1,0.5862944162436549,58.629441624365484,False,False,False,False,False,
A-/cluster_1_2647.BMP,A-,PASS,0.7466626213592233,74.66626213592234,1,0.6624365482233503,66.24365482233503,False,False,False,False,False,
A-/cluster_1_2650.BMP,A-,PASS,0.7852953074433657,78.52953074433657,1,0.6040609137055838,60.40609137055838,False,False,False,False,False,
A-/cluster_1_2654.BMP,A-,PASS,0.7170307443365695,71.70307443365695,1,0.5634517766497462,56.34517766497462,False,False,False,False,False,
A-/cluster_1_2661.BMP,A-,PASS,0.6582726537216829,65.82726537216828,1,0.5583756345177665,55.83756345177665,False,False,False,False,False,
A-/cluster_1_2663.BMP,A-,PASS,0.7378640776699029,73.7864077669903,1,0.6548223350253807,65.48223350253807,False,False,False,False,False,
A-/cluster_1_2681.BMP,A-,PASS,0.674656148867314,67.4656148867314,1,0.5583756345177665,55.83756345177665,False,False,False,False,False,
A-/cluster_1_2694.BMP,A-,PASS,0.8375809061488673,83.75809061488673,1,0.6675126903553299,66.75126903553299,False,False,False,False,False,
A-/cluster_1_270.BMP,A-,PASS,0.8682241100323624,86.82241100323624,1,0.733502538071066,73.3502538071066,False,False,False,False,False,
A-/cluster_1_2707.BMP,A-,PASS,0.602245145631068,60.2245145631068,1,0.5532994923857868,55.32994923857868,False,False,False,False,False,
A-/cluster_1_2718.BMP,A-,PASS,0.7763956310679612,77.63956310679612,1,0.5989847715736041,59.89847715736041,False,False,False,False,False,
A-/cluster_1_2741.BMP,A-,FAIL,0.9241504854368932,92.41504854368931,1,0.7030456852791879,70.30456852791879,False,True,False,False,False,
A-/cluster_1_2745.BMP,A-,PASS,0.7348300970873787,73.48300970873787,1,0.5685279187817259,56.852791878172596,False,False,False,False,False,
A-/cluster_1_2746.BMP,A-,PASS,0.7829692556634305,78.29692556634305,1,0.6675126903553299,66.75126903553299,False,False,False,False,False,
A-/cluster_1_2747.BMP,A-,PASS,0.8858211974110033,88.58211974110033,1,0.6395939086294417,63.95939086294417,False,False,False,False,False,
A-/cluster_1_2752.BMP,A-,PASS,0.7806432038834952,78.06432038834951,1,0.6370558375634517,63.70558375634518,False,False,False,False,False,
A-/cluster_1_2754.BMP,A-,PASS,0.7064118122977346,70.64118122977347,1,0.6192893401015228,61.92893401015228,False,False,False,False,False,
A-/cluster_1_2757.BMP,A-,PASS,0.8065331715210357,80.65331715210357,1,0.5532994923857868,55.32994923857868,False,False,False,False,False,
A-/cluster_1_2768.BMP,A-,PASS,0.7578883495145631,75.78883495145631,1,0.6472081218274112,64.72081218274111,False,False,False,False,False,
A-/cluster_1_2776.BMP,A-,PASS,0.7086367313915858,70.86367313915858,1,0.5532994923857868,55.32994923857868,False,False,False,False,False,
A-/cluster_1_278.BMP,A-,PASS,0.7591019417475728,75.91019417475728,1,0.5532994923857868,55.32994923857868,False,False,False,False,False,
A-/cluster_1_2781.BMP,A-,PASS,0.7432241100323624,74.32241100323624,1,0.5736040609137056,57.360406091370564,False,False,False,False,False,
A-/cluster_1_2785.BMP,A-,PASS,0.6954894822006472,69.54894822006472,1,0.5634517766497462,56.34517766497462,False,False,False,False,False,
A-/cluster_1_2788.BMP,A-,PASS,0.730076860841424,73.00768608414239,1,0.6751269035532995,67.51269035532995,False,False,False,False,False,
A-/cluster_1_2790.BMP,A-,PASS,0.7673948220064725,76.73948220064725,1,0.5685279187817259,56.852791878172596,False,False,False,False,False,
A-/cluster_1_2794.BMP,A-,PASS,0.7206715210355987,72.06715210355988,1,0.6421319796954315,64.21319796954315,False,False,False,False,False,
A-/cluster_1_2797.BMP,A-,PASS,0.7289644012944984,72.89644012944983,1,0.5532994923857868,55.32994923857868,False,False,False,False,False,
A-/cluster_1_2799.BMP,A-,PASS,0.7396844660194175,73.96844660194175,1,0.6421319796954315,64.21319796954315,False,False,False,False,False,
A-/cluster_1_2807.BMP,A-,PASS,0.5668487055016181,56.68487055016181,1,0.6091370558375635,60.913705583756354,False,False,False,False,False,
A-/cluster_1_2815.BMP,A-,PASS,0.847997572815534,84.7997572815534,1,0.5761421319796954,57.61421319796954,False,False,False,False,False,
A-/cluster_1_2820.BMP,A-,PASS,0.6958940129449838,69.58940129449837,1,0.5583756345177665,55.83756345177665,False,False,False,False,False,
A-/cluster_1_2826.BMP,A-,PASS,0.8136124595469255,81.36124595469255,1,0.5532994923857868,55.32994923857868,False,False,False,False,False,
A-/cluster_1_2834.BMP,A-,PASS,0.8097694174757282,80.97694174757282,1,0.6446700507614214,64.46700507614213,False,False,False,False,False,
A-/cluster_1_2836.BMP,A-,PASS,0.7063106796116505,70.63106796116504,1,0.5532994923857868,55.32994923857868,False,False,False,False,False,
A-/cluster_1_2840.BMP,A-,PASS,0.6349110032362459,63.49110032362459,1,0.5634517766497462,56.34517766497462,False,False,False,False,False,
A-/cluster_1_2841.BMP,A-,PASS,0.767799352750809,76.7799352750809,1,0.6116751269035533,61.16751269035533,False,False,False,False,False,
A-/cluster_1_2843.BMP,A-,PASS,0.8294902912621359,82.94902912621359,1,0.6751269035532995,67.51269035532995,False,False,False,False,False,
A-/cluster_1_2848.BMP,A-,PASS,0.6957928802588996,69.57928802588997,1,0.5583756345177665,55.83756345177665,False,False,False,False,False,
A-/cluster_1_2853.BMP,A-,PASS,0.7797330097087378,77.97330097087378,1,0.5685279187817259,56.852791878172596,False,False,False,False,False,
A-/cluster_1_2867.BMP,A-,PASS,0.7065129449838188,70.65129449838187,1,0.5583756345177665,55.83756345177665,False,False,False,False,False,
A-/cluster_1_2868.BMP,A-,PASS,0.8583131067961165,85.83131067961165,1,0.6979695431472082,69.79695431472082,False,False,False,False,False,
A-/cluster_1_2875.BMP,A-,PASS,0.7551577669902912,75.51577669902912,1,0.5989847715736041,59.89847715736041,False,False,False,False,False,
A-/cluster_1_2877.BMP,A-,PASS,0.754247572815534,75.4247572815534,1,0.6522842639593909,65.22842639593908,False,False,False,False,False,
A-/cluster_1_2879.BMP,A-,PASS,0.7921723300970874,79.21723300970875,1,0.5583756345177665,55.83756345177665,False,False,False,False,False,
A-/cluster_1_288.BMP,A-,PASS,0.727245145631068,72.7245145631068,1,0.6725888324873096,67.25888324873097,False,False,False,False,False,
A-/cluster_1_2883.BMP,A-,PASS,0.8007686084142395,80.07686084142395,1,0.6700507614213198,67.00507614213198,False,False,False,False,False,
A-/cluster_1_2885.BMP,A-,PASS,0.7687095469255664,76.87095469255664,1,0.5583756345177665,55.83756345177665,False,False,False,False,False,
A-/cluster_1_2888.BMP,A-,PASS,0.6990291262135923,69.90291262135922,1,0.6903553299492385,69.03553299492386,False,False,False,False,False,
A-/cluster_1_289.BMP,A-,PASS,0.8532564724919094,85.32564724919094,1,0.7055837563451777,70.55837563451777,False,False,False,False,False,
A-/cluster_1_2912.BMP,A-,PASS,0.6828478964401294,68.28478964401295,1,0.6116751269035533,61.16751269035533,False,False,False,False,False,
A-/cluster_1_2915.BMP,A-,PASS,0.7565736245954693,75.65736245954693,1,0.6700507614213198,67.00507614213198,False,False,False,False,False,
A-/cluster_1_2933.BMP,A-,PASS,0.7799352750809061,77.99352750809061,1,0.6598984771573604,65.98984771573603,False,False,False,False,False,
A-/cluster_1_2938.BMP,A-,PASS,0.8632686084142395,86.32686084142395,1,0.5685279187817259,56.852791878172596,False,False,False,False,False,
A-/cluster_1_2944.BMP,A-,PASS,0.801779935275081,80.1779935275081,1,0.6294416243654822,62.944162436548226,False,False,False,False,False,
A-/cluster_1_2950.BMP,A-,PASS,0.7682038834951457,76.82038834951457,1,0.6725888324873096,67.25888324873097,False,False,False,False,False,
A-/cluster_1_2955.BMP,A-,PASS,0.7957119741100324,79.57119741100324,1,0.6421319796954315,64.21319796954315,False,False,False,False,False,
A-/cluster_1_2966.BMP,A-,PASS,0.846581715210356,84.6581715210356,1,0.6192893401015228,61.92893401015228,False,False,False,False,False,
A-/cluster_1_2971.BMP,A-,PASS,0.866504854368932,86.6504854368932,1,0.6624365482233503,66.24365482233503,False,False,False,False,False,
A-/cluster_1_2972.BMP,A-,PASS,0.7664846278317152,76.64846278317152,1,0.7106598984771574,71.06598984771574,False,False,False,False,False,
A-/cluster_1_2977.BMP,A-,FAIL,0.9028114886731392,90.28114886731392,1,0.6269035532994924,62.69035532994924,False,True,False,False,False,
A-/cluster_1_2980.BMP,A-,PASS,0.7755865695792881,77.5586569579288,1,0.6649746192893401,66.49746192893402,False,False,False,False,False,
A-/cluster_1_2996.BMP,A-,PASS,0.7645631067961165,76.45631067961165,1,0.700507614213198,70.05076142131979,False,False,False,False,False,
A-/cluster_1_3002.BMP,A-,PASS,0.7722491909385113,77.22491909385113,1,0.6954314720812182,69.54314720812182,False,False,False,False,False,
A-/cluster_1_3029.BMP,A-,PASS,0.7732605177993528,77.32605177993528,1,0.6446700507614214,64.46700507614213,False,False,False,False,False,
A-/cluster_1_3039.BMP,A-,PASS,0.7473705501618123,74.73705501618123,1,0.6421319796954315,64.21319796954315,False,False,False,False,False,
A-/cluster_1_3042.BMP,A-,PASS,0.8650889967637541,86.5088996763754,1,0.6979695431472082,69.79695431472082,False,False,False,False,False,
A-/cluster_1_3043.BMP,A-,PASS,0.7274474110032363,72.74474110032362,1,0.6624365482233503,66.24365482233503,False,False,False,False,False,
A-/cluster_1_3047.BMP,A-,PASS,0.7838794498381877,78.38794498381877,1,0.5913705583756346,59.13705583756346,False,False,False,False,False,
A-/cluster_1_3052.BMP,A-,PASS,0.6732402912621359,67.32402912621359,1,0.6142131979695431,61.42131979695431,False,False,False,False,False,
A-/cluster_1_3058.BMP,A-,PASS,0.6247977346278317,62.47977346278317,1,0.5634517766497462,56.34517766497462,False,False,False,False,False,
A-/cluster_1_3059.BMP,A-,PASS,0.5864684466019418,58.646844660194176,1,0.565989847715736,56.598984771573605,False,False,False,False,False,
A-/cluster_1_3060.BMP,A-,PASS,0.6901294498381877,69.01294498381877,1,0.5634517766497462,56.34517766497462,False,False,False,False,False,
A-/cluster_1_3062.BMP,A-,PASS,0.8219053398058253,82.19053398058253,1,0.6446700507614214,64.46700507614213,False,False,False,False,False,
A-/cluster_1_3066.BMP,A-,PASS,0.6246966019417476,62.46966019417476,1,0.5532994923857868,55.32994923857868,False,False,False,False,False,
A-/cluster_1_3069.BMP,A-,PASS,0.7498988673139159,74.98988673139159,1,0.6345177664974619,63.45177664974619,False,False,False,False,False,
A-/cluster_1_307.BMP,A-,PASS,0.8798543689320388,87.98543689320388,1,0.5862944162436549,58.629441624365484,False,False,False,False,False,
A-/cluster_1_3073.BMP,A-,PASS,0.7647653721682848,76.47653721682848,1,0.649746192893401,64.9746192893401,False,False,False,False,False,
A-/cluster_1_3075.BMP,A-,FAIL,0.932544498381877,93.2544498381877,1,0.7106598984771574,71.06598984771574,False,True,False,False,False,
A-/cluster_1_308.BMP,A-,PASS,0.7725525889967637,77.25525889967638,1,0.6573604060913706,65.73604060913706,False,False,False,False,False,
A-/cluster_1_3083.BMP,A-,PASS,0.7390776699029126,73.90776699029125,1,0.565989847715736,56.598984771573605,False,False,False,False,False,
A-/cluster_1_3087.BMP,A-,PASS,0.7924757281553398,79.24757281553399,1,0.565989847715736,56.598984771573605,False,False,False,False,False,
A-/cluster_1_3088.BMP,A-,PASS,0.7752831715210357,77.52831715210357,1,0.5634517766497462,56.34517766497462,False,False,False,False,False,
A-/cluster_1_3094.BMP,A-,PASS,0.7006472491909385,70.06472491909385,1,0.5913705583756346,59.13705583756346,False,False,False,False,False,
A-/cluster_1_3095.BMP,A-,PASS,0.720165857605178,72.0165857605178,1,0.5532994923857868,55.32994923857868,False,False,False,False,False,
A-/cluster_1_310.BMP,A-,PASS,0.7070186084142395,70.70186084142395,1,0.5634517766497462,56.34517766497462,False,False,False,False,False,
A-/cluster_1_3105.BMP,A-,PASS,0.8358616504854369,83.58616504854369,1,0.5532994923857868,55.32994923857868,False,False,False,False,False,
A-/cluster_1_3110.BMP,A-,PASS,0.8261529126213593,82.61529126213593,1,0.7081218274111675,70.81218274111674,False,False,False,False,False,
A-/cluster_1_3116.BMP,A-,PASS,0.7746763754045307,77.46763754045307,1,0.7081218274111675,70.81218274111674,False,False,False,False,False,
A-/cluster_1_3131.BMP,A-,PASS,0.8127022653721683,81.27022653721683,1,0.5532994923857868,55.32994923857868,False,False,False,False,False,
A-/cluster_1_3141.BMP,A-,PASS,0.8693365695792881,86.9336569579288,1,0.5964467005076142,59.64467005076142,False,False,False,False,False,
A-/cluster_1_3144.BMP,A-,PASS,0.8008697411003236,80.08697411003236,1,0.6928934010152284,69.28934010152284,False,False,False,False,False,
A-/cluster_1_3148.BMP,A-,PASS,0.8089603559870551,80.89603559870551,1,0.6928934010152284,69.28934010152284,False,False,False,False,False,
A-/cluster_1_3149.BMP,A-,PASS,0.8112864077669902,81.12864077669903,1,0.6421319796954315,64.21319796954315,False,False,False,False,False,
A-/cluster_1_3159.BMP,A-,FAIL,0.9198017799352751,91.98017799352752,1,0.6040609137055838,60.40609137055838,False,True,False,False,False,
A-/cluster_1_3160.BMP,A-,PASS,0.6881067961165048,68.81067961165049,1,0.6751269035532995,67.51269035532995,False,False,False,False,False,
A-/cluster_1_3164.BMP,A-,PASS,0.707423139158576,70.74231391585761,1,0.6700507614213198,67.00507614213198,False,False,False,False,False,
A-/cluster_1_3165.BMP,A-,PASS,0.7029733009708737,70.29733009708737,1,0.565989847715736,56.598984771573605,False,False,False,False,False,
A-/cluster_1_3169.BMP,A-,PASS,0.5597694174757282,55.976941747572816,1,0.700507614213198,70.05076142131979,False,False,False,False,False,
A-/cluster_1_3172.BMP,A-,PASS,0.8205906148867314,82.05906148867314,1,0.5964467005076142,59.64467005076142,False,False,False,False,False,
A-/cluster_1_3194.BMP,A-,PASS,0.772046925566343,77.2046925566343,1,0.5532994923857868,55.32994923857868,False,False,False,False,False,
A-/cluster_1_3205.BMP,A-,PASS,0.8511326860841424,85.11326860841424,1,0.5532994923857868,55.32994923857868,False,False,False,False,False,
A-/cluster_1_3212.BMP,A-,PASS,0.8310072815533981,83.10072815533981,1,0.5609137055837563,56.09137055837563,False,False,False,False,False,
A-/cluster_1_3213.BMP,A-,PASS,0.78832928802589,78.832928802589,1,0.5532994923857868,55.32994923857868,False,False,False,False,False,
A-/cluster_1_3226.BMP,A-,PASS,0.7404935275080906,74.04935275080906,1,0.5532994923857868,55.32994923857868,False,False,False,False,False,
A-/cluster_1_3227.BMP,A-,PASS,0.8562904530744336,85.62904530744336,1,0.7030456852791879,70.30456852791879,False,False,False,False,False,
A-/cluster_1_3230.BMP,A-,PASS,0.7644619741100324,76.44619741100324,1,0.5964467005076142,59.64467005076142,False,False,False,False,False,
A-/cluster_1_324.BMP,A-,FAIL,0.9134304207119741,91.34304207119742,1,0.5888324873096447,58.88324873096447,False,True,False,False,False,
A-/cluster_1_3242.BMP,A-,PASS,0.7594053398058253,75.94053398058253,1,0.6903553299492385,69.03553299492386,False,False,False,False,False,
A-/cluster_1_3260.BMP,A-,PASS,0.7824635922330098,78.24635922330097,1,0.6903553299492385,69.03553299492386,False,False,False,False,False,
A-/cluster_1_327.BMP,A-,PASS,0.7421116504854369,74.21116504854369,1,0.5812182741116751,58.121827411167516,False,False,False,False,False,
A-/cluster_1_3272.BMP,A-,PASS,0.8210962783171522,82.10962783171522,1,0.6903553299492385,69.03553299492386,False,False,False,False,False,
A-/cluster_1_3278.BMP,A-,FAIL,0.9016990291262136,90.16990291262135,1,0.6548223350253807,65.48223350253807,False,True,False,False,False,
A-/cluster_1_3286.BMP,A-,PASS,0.8685275080906149,86.85275080906149,1,0.7030456852791879,70.30456852791879,False,False,False,False,False,
A-/cluster_1_3290.BMP,A-,PASS,0.8252427184466019,82.52427184466019,1,0.6725888324873096,67.25888324873097,False,False,False,False,False,
A-/cluster_1_3301.BMP,A-,PASS,0.8356593851132686,83.56593851132686,1,0.6751269035532995,67.51269035532995,False,False,False,False,False,
A-/cluster_1_331.BMP,A-,PASS,0.7747775080906149,77.47775080906149,1,0.6015228426395939,60.15228426395939,False,False,False,False,False,
A-/cluster_1_3311.BMP,A-,PASS,0.8051173139158576,80.51173139158576,1,0.6979695431472082,69.79695431472082,False,False,False,False,False,
A-/cluster_1_3314.BMP,A-,PASS,0.8222087378640777,82.22087378640776,2,0.5558375634517766,55.58375634517766,False,False,False,False,False,
A-/cluster_1_3316.BMP,A-,PASS,0.7789239482200647,77.89239482200647,1,0.6878172588832487,68.78172588832487,False,False,False,False,False,
A-/cluster_1_3317.BMP,A-,PASS,0.7359425566343042,73.59425566343042,1,0.5685279187817259,56.852791878172596,False,False,False,False,False,
A-/cluster_1_3319.BMP,A-,PASS,0.7781148867313916,77.81148867313917,1,0.5583756345177665,55.83756345177665,False,False,False,False,False,
A-/cluster_1_3326.BMP,A-,PASS,0.8865291262135923,88.65291262135922,1,0.6954314720812182,69.54314720812182,False,False,False,False,False,
A-/cluster_1_3329.BMP,A-,PASS,0.7252224919093851,72.52224919093851,1,0.5532994923857868,55.32994923857868,False,False,False,False,False,
A-/cluster_1_3350.BMP,A-,PASS,0.7431229773462783,74.31229773462783,1,0.5583756345177665,55.83756345177665,False,False,False,False,False,
A-/cluster_1_3353.BMP,A-,PASS,0.8713592233009708,87.13592233009709,1,0.700507614213198,70.05076142131979,False,False,False,False,False,
A-/cluster_1_3356.BMP,A-,PASS,0.8135113268608414,81.35113268608414,1,0.6446700507614214,64.46700507614213,False,False,False,False,False,
A-/cluster_1_3372.BMP,A-,PASS,0.8470873786407767,84.70873786407766,1,0.6573604060913706,65.73604060913706,False,False,False,False,False,
A-/cluster_1_3381.BMP,A-,PASS,0.8548745954692557,85.48745954692556,1,0.6624365482233503,66.24365482233503,False,False,False,False,False,
A-/cluster_1_3394.BMP,A-,PASS,0.7561690938511327,75.61690938511327,1,0.5736040609137056,57.360406091370564,False,False,False,False,False,
A-/cluster_1_3404.BMP,A-,PASS,0.7041868932038835,70.41868932038835,1,0.5532994923857868,55.32994923857868,False,False,False,False,False,
A-/cluster_1_3409.BMP,A-,PASS,0.6954894822006472,69.54894822006472,1,0.5685279187817259,56.852791878172596,False,False,False,False,False,
A-/cluster_1_3414.BMP,A-,PASS,0.7828681229773463,78.28681229773463,1,0.7182741116751269,71.8274111675127,False,False,False,False,False,
A-/cluster_1_3416.BMP,A-,PASS,0.7923745954692557,79.23745954692556,1,0.6649746192893401,66.49746192893402,False,False,False,False,False,
A-/cluster_1_3421.BMP,A-,PASS,0.5961771844660194,59.61771844660194,1,0.5685279187817259,56.852791878172596,False,False,False,False,False,
A-/cluster_1_3423.BMP,A-,PASS,0.8107807443365695,81.07807443365695,1,0.6040609137055838,60.40609137055838,False,False,False,False,False,
A-/cluster_1_3424.BMP,A-,PASS,0.7364482200647249,73.64482200647248,1,0.6928934010152284,69.28934010152284,False,False,False,False,False,
A-/cluster_1_3435.BMP,A-,PASS,0.7843851132686084,78.43851132686083,1,0.7258883248730964,72.58883248730965,False,False,False,False,False,
A-/cluster_1_3438.BMP,A-,PASS,0.7580906148867314,75.80906148867314,1,0.700507614213198,70.05076142131979,False,False,False,False,False,
A-/cluster_1_3444.BMP,A-,PASS,0.7657766990291263,76.57766990291263,1,0.565989847715736,56.598984771573605,False,False,False,False,False,
A-/cluster_1_3451.BMP,A-,PASS,0.7562702265372169,75.62702265372168,1,0.5812182741116751,58.121827411167516,False,False,False,False,False,
A-/cluster_1_3453.BMP,A-,PASS,0.7847896440129449,78.47896440129449,1,0.6751269035532995,67.51269035532995,False,False,False,False,False,
A-/cluster_1_3457.BMP,A-,PASS,0.8249393203883495,82.49393203883496,1,0.5558375634517766,55.58375634517766,False,False,False,False,False,
A-/cluster_1_3467.BMP,A-,PASS,0.6370347896440129,63.70347896440129,1,0.5634517766497462,56.34517766497462,False,False,False,False,False,
A-/cluster_1_3471.BMP,A-,PASS,0.806128640776699,80.6128640776699,1,0.6675126903553299,66.75126903553299,False,False,False,False,False,
A-/cluster_1_3473.BMP,A-,PASS,0.8193770226537217,81.93770226537217,1,0.6725888324873096,67.25888324873097,False,False,False,False,False,
A-/cluster_1_3474.BMP,A-,FAIL,0.9474110032362459,94.7411003236246,1,0.733502538071066,73.3502538071066,False,True,False,False,False,
A-/cluster_1_3477.BMP,A-,PASS,0.7877224919093851,78.77224919093851,1,0.6649746192893401,66.49746192893402,False,False,False,False,False,
A-/cluster_1_3478.BMP,A-,PASS,0.7463592233009708,74.63592233009709,1,0.6700507614213198,67.00507614213198,False,False,False,False,False,
A-/cluster_1_3483.BMP,A-,PASS,0.745044498381877,74.5044498381877,1,0.6700507614213198,67.00507614213198,False,False,False,False,False,
A-/cluster_1_3499.BMP,A-,PASS,0.6840614886731392,68.40614886731392,1,0.6675126903553299,66.75126903553299,False,False,False,False,False,
A-/cluster_1_3501.BMP,A-,PASS,0.8440533980582524,84.40533980582524,1,0.6269035532994924,62.69035532994924,False,False,False,False,False,
A-/cluster_1_3502.BMP,A-,PASS,0.7958131067961165,79.58131067961165,1,0.6903553299492385,69.03553299492386,False,False,False,False,False,
A-/cluster_1_3506.BMP,A-,PASS,0.7442354368932039,74.4235436893204,1,0.5583756345177665,55.83756345177665,False,False,False,False,False,
A-/cluster_1_3518.BMP,A-,PASS,0.8424352750809061,84.24352750809061,1,0.6065989847715736,60.659898477157356,False,False,False,False,False,
A-/cluster_1_3529.BMP,A-,PASS,0.718042071197411,71.80420711974111,1,0.631979695431472,63.1979695431472,False,False,False,False,False,
A-/cluster_1_3530.BMP,A-,PASS,0.7070186084142395,70.70186084142395,1,0.5736040609137056,57.360406091370564,False,False,False,False,False,
A-/cluster_1_3535.BMP,A-,PASS,0.8809668284789643,88.09668284789643,1,0.6725888324873096,67.25888324873097,False,False,False,False,False,
A-/cluster_1_3547.BMP,A-,PASS,0.8397046925566343,83.97046925566343,1,0.5532994923857868,55.32994923857868,False,False,False,False,False,
A-/cluster_1_3551.BMP,A-,PASS,0.7781148867313916,77.81148867313917,1,0.6802030456852792,68.02030456852792,False,False,False,False,False,
A-/cluster_1_3553.BMP,A-,PASS,0.8026901294498382,80.26901294498381,1,0.649746192893401,64.9746192893401,False,False,False,False,False,
A-/cluster_1_3559.BMP,A-,PASS,0.8234223300970874,82.34223300970875,1,0.5710659898477157,57.10659898477157,False,False,False,False,False,
A-/cluster_1_356.BMP,A-,PASS,0.8142192556634305,81.42192556634305,1,0.6142131979695431,61.42131979695431,False,False,False,False,False,
A-/cluster_1_3561.BMP,A-,FAIL,0.9540857605177994,95.40857605177993,1,0.7284263959390863,72.84263959390863,False,True,False,False,False,
A-/cluster_1_3572.BMP,A-,PASS,0.8271642394822006,82.71642394822007,1,0.7258883248730964,72.58883248730965,False,False,False,False,False,
A-/cluster_1_3582.BMP,A-,PASS,0.7334142394822006,73.34142394822007,1,0.6243654822335025,62.43654822335025,False,False,False,False,False,
A-/cluster_1_3585.BMP,A-,PASS,0.7671925566343042,76.71925566343042,1,0.6243654822335025,62.43654822335025,False,False,False,False,False,
A-/cluster_1_3586.BMP,A-,PASS,0.6937702265372169,69.37702265372168,1,0.631979695431472,63.1979695431472,False,False,False,False,False,
A-/cluster_1_3587.BMP,A-,PASS,0.7184466019417476,71.84466019417476,1,0.6725888324873096,67.25888324873097,False,False,False,False,False,
A-/cluster_1_3615.BMP,A-,PASS,0.873584142394822,87.3584142394822,1,0.7081218274111675,70.81218274111674,False,False,False,False,False,
A-/cluster_1_3619.BMP,A-,PASS,0.8273665048543689,82.7366504854369,1,0.6649746192893401,66.49746192893402,False,False,False,False,False,
A-/cluster_1_3625.BMP,A-,PASS,0.6721278317152104,67.21278317152104,1,0.5685279187817259,56.852791878172596,False,False,False,False,False,
A-/cluster_1_3633.BMP,A-,PASS,0.8143203883495146,81.43203883495146,1,0.5888324873096447,58.88324873096447,False,False,False,False,False,
A-/cluster_1_364.BMP,A-,PASS,0.7064118122977346,70.64118122977347,1,0.5736040609137056,57.360406091370564,False,False,False,False,False,
A-/cluster_1_3643.BMP,A-,FAIL,0.9151496763754046,91.51496763754045,1,0.6751269035532995,67.51269035532995,False,True,False,False,False,
A-/cluster_1_3648.BMP,A-,PASS,0.737156148867314,73.7156148867314,1,0.5558375634517766,55.58375634517766,False,False,False,False,False,
A-/cluster_1_3656.BMP,A-,PASS,0.7886326860841424,78.86326860841424,1,0.6751269035532995,67.51269035532995,False,False,False,False,False,
A-/cluster_1_3660.BMP,A-,PASS,0.8520428802588996,85.20428802588997,1,0.6700507614213198,67.00507614213198,False,False,False,False,False,
A-/cluster_1_3661.BMP,A-,PASS,0.7496966019417476,74.96966019417476,1,0.6192893401015228,61.92893401015228,False,False,False,False,False,
A-/cluster_1_3663.BMP,A-,PASS,0.7398867313915858,73.98867313915858,1,0.5634517766497462,56.34517766497462,False,False,False,False,False,
A-/cluster_1_3674.BMP,A-,PASS,0.7561690938511327,75.61690938511327,1,0.6979695431472082,69.79695431472082,False,False,False,False,False,
A-/cluster_1_3675.BMP,A-,PASS,0.7581917475728155,75.81917475728154,1,0.6598984771573604,65.98984771573603,False,False,False,False,False,
A-/cluster_1_3679.BMP,A-,PASS,0.8279733009708737,82.79733009708737,1,0.5558375634517766,55.58375634517766,False,False,False,False,False,
A-/cluster_1_3685.BMP,A-,PASS,0.8709546925566343,87.09546925566343,1,0.631979695431472,63.1979695431472,False,False,False,False,False,
A-/cluster_1_3687.BMP,A-,PASS,0.7708333333333334,77.08333333333334,1,0.6522842639593909,65.22842639593908,False,False,False,False,False,
A-/cluster_1_369.BMP,A-,PASS,0.7956108414239482,79.56108414239482,1,0.700507614213198,70.05076142131979,False,False,False,False,False,
A-/cluster_1_3690.BMP,A-,PASS,0.8505258899676376,85.05258899676376,1,0.6065989847715736,60.659898477157356,False,False,False,False,False,
A-/cluster_1_3698.BMP,A-,PASS,0.7040857605177994,70.40857605177993,1,0.5532994923857868,55.32994923857868,False,False,False,False,False,
A-/cluster_1_3702.BMP,A-,PASS,0.8104773462783171,81.04773462783172,1,0.7131979695431472,71.31979695431471,False,False,False,False,False,
A-/cluster_1_3704.BMP,A-,PASS,0.7495954692556634,74.95954692556634,1,0.5583756345177665,55.83756345177665,False,False,False,False,False,
A-/cluster_1_3712.BMP,A-,PASS,0.8185679611650486,81.85679611650485,1,0.6979695431472082,69.79695431472082,False,False,False,False,False,
A-/cluster_1_3715.BMP,A-,PASS,0.7442354368932039,74.4235436893204,1,0.5532994923857868,55.32994923857868,False,False,False,False,False,
A-/cluster_1_3723.BMP,A-,PASS,0.6979166666666666,69.79166666666666,1,0.6598984771573604,65.98984771573603,False,False,False,False,False,
A-/cluster_1_3728.BMP,A-,PASS,0.8452669902912622,84.52669902912622,1,0.7055837563451777,70.55837563451777,False,False,False,False,False,
A-/cluster_1_3729.BMP,A-,PASS,0.6396642394822006,63.96642394822006,1,0.5634517766497462,56.34517766497462,False,False,False,False,False,
A-/cluster_1_3731.BMP,A-,FAIL,0.9210153721682848,92.10153721682848,1,0.7233502538071066,72.33502538071066,False,True,False,False,False,
A-/cluster_1_374.BMP,A-,FAIL,0.9387135922330098,93.87135922330097,1,0.7588832487309645,75.88832487309645,False,True,False,False,False,
A-/cluster_1_3746.BMP,A-,PASS,0.7405946601941747,74.05946601941747,1,0.5532994923857868,55.32994923857868,False,False,False,False,False,
A-/cluster_1_3749.BMP,A-,PASS,0.7689118122977346,76.89118122977347,1,0.5532994923857868,55.32994923857868,False,False,False,False,False,
A-/cluster_1_3752.BMP,A-,PASS,0.8024878640776699,80.24878640776699,1,0.5532994923857868,55.32994923857868,False,False,False,False,False,
A-/cluster_1_3764.BMP,A-,PASS,0.8292880258899676,82.92880258899676,1,0.6979695431472082,69.79695431472082,False,False,False,False,False,
A-/cluster_1_3767.BMP,A-,PASS,0.7182443365695793,71.82443365695794,1,0.5685279187817259,56.852791878172596,False,False,False,False,False,
A-/cluster_1_3772.BMP,A-,PASS,0.7406957928802589,74.06957928802589,1,0.6878172588832487,68.78172588832487,False,False,False,False,False,
A-/cluster_1_3778.BMP,A-,PASS,0.7630461165048543,76.30461165048543,1,0.5685279187817259,56.852791878172596,False,False,False,False,False,
A-/cluster_1_3780.BMP,A-,PASS,0.7510113268608414,75.10113268608414,1,0.6142131979695431,61.42131979695431,False,False,False,False,False,
A-/cluster_1_3786.BMP,A-,PASS,0.8913834951456311,89.1383495145631,1,0.6243654822335025,62.43654822335025,False,False,False,False,False,
A-/cluster_1_3793.BMP,A-,PASS,0.5919296116504854,59.192961165048544,2,0.5558375634517766,55.58375634517766,False,False,False,False,False,
A-/cluster_1_3802.BMP,A-,PASS,0.7318972491909385,73.18972491909385,1,0.6548223350253807,65.48223350253807,False,False,False,False,False,
A-/cluster_1_3805.BMP,A-,PASS,0.7083333333333334,70.83333333333334,1,0.6472081218274112,64.72081218274111,False,False,False,False,False,
A-/cluster_1_3806.BMP,A-,PASS,0.7352346278317152,73.52346278317152,1,0.5685279187817259,56.852791878172596,False,False,False,False,False,
A-/cluster_1_3816.BMP,A-,PASS,0.7124797734627831,71.24797734627832,1,0.6675126903553299,66.75126903553299,False,False,False,False,False,
A-/cluster_1_3825.BMP,A-,PASS,0.7905542071197411,79.05542071197411,1,0.6472081218274112,64.72081218274111,False,False,False,False,False,
A-/cluster_1_3828.BMP,A-,PASS,0.6897249190938511,68.97249190938511,1,0.5634517766497462,56.34517766497462,False,False,False,False,False,
A-/cluster_1_3829.BMP,A-,PASS,0.6922220056253306,69.22220056253306,2,0.6070763500931099,60.70763500931099,False,False,False,False,False,
A-/cluster_1_383.BMP,A-,PASS,0.8391990291262136,83.91990291262135,1,0.700507614213198,70.05076142131979,False,False,False,False,False,
A-/cluster_1_3832.BMP,A-,PASS,0.7683050161812298,76.83050161812298,1,0.5558375634517766,55.58375634517766,False,False,False,False,False,
A-/cluster_1_3833.BMP,A-,PASS,0.7454490291262136,74.54490291262135,1,0.6040609137055838,60.40609137055838,False,False,False,False,False,
A-/cluster_1_3841.BMP,A-,PASS,0.8265574433656958,82.65574433656958,1,0.682741116751269,68.2741116751269,False,False,False,False,False,
A-/cluster_1_3846.BMP,A-,PASS,0.7713389967637541,77.1338996763754,1,0.5532994923857868,55.32994923857868,False,False,False,False,False,
A-/cluster_1_3849.BMP,A-,PASS,0.73290857605178,73.29085760517799,1,0.6928934010152284,69.28934010152284,False,False,False,False,False,
A-/cluster_1_3850.BMP,A-,PASS,0.6898260517799353,68.98260517799353,1,0.5862944162436549,58.629441624365484,False,False,False,False,False,
A-/cluster_1_3851.BMP,A-,PASS,0.8658980582524272,86.58980582524272,1,0.6649746192893401,66.49746192893402,False,False,False,False,False,
A-/cluster_1_3856.BMP,A-,PASS,0.7196601941747572,71.96601941747572,1,0.5583756345177665,55.83756345177665,False,False,False,False,False,
A-/cluster_1_3858.BMP,A-,PASS,0.7468648867313916,74.68648867313917,1,0.6573604060913706,65.73604060913706,False,False,False,False,False,
A-/cluster_1_3862.BMP,A-,PASS,0.7963187702265372,79.63187702265373,1,0.6725888324873096,67.25888324873097,False,False,False,False,False,
A-/cluster_1_3877.BMP,A-,PASS,0.7711367313915858,77.11367313915858,1,0.6116751269035533,61.16751269035533,False,False,False,False,False,
A-/cluster_1_389.BMP,A-,PASS,0.7418082524271845,74.18082524271846,1,0.6395939086294417,63.95939086294417,False,False,False,False,False,
A-/cluster_1_3915.BMP,A-,PASS,0.5750404530744336,57.50404530744336,1,0.565989847715736,56.598984771573605,False,False,False,False,False,
A-/cluster_1_3922.BMP,A-,PASS,0.7122775080906149,71.22775080906149,1,0.6903553299492385,69.03553299492386,False,False,False,False,False,
A-/cluster_1_3923.BMP,A-,PASS,0.7498988673139159,74.98988673139159,1,0.6065989847715736,60.659898477157356,False,False,False,False,False,
A-/cluster_1_3927.BMP,A-,PASS,0.7183454692556634,71.83454692556634,1,0.5634517766497462,56.34517766497462,False,False,False,False,False,
A-/cluster_1_393.BMP,A-,PASS,0.7969255663430421,79.69255663430421,1,0.6954314720812182,69.54314720812182,False,False,False,False,False,
A-/cluster_1_3936.BMP,A-,PASS,0.7810477346278317,78.10477346278317,1,0.5532994923857868,55.32994923857868,False,False,False,False,False,
A-/cluster_1_3941.BMP,A-,PASS,0.7231998381877023,72.31998381877023,1,0.5634517766497462,56.34517766497462,False,False,False,False,False,
A-/cluster_1_3945.BMP,A-,PASS,0.8099716828478964,80.99716828478964,1,0.7055837563451777,70.55837563451777,False,False,False,False,False,
A-/cluster_1_3952.BMP,A-,PASS,0.7624393203883495,76.24393203883496,1,0.5761421319796954,57.61421319796954,False,False,False,False,False,
A-/cluster_1_3959.BMP,A-,PASS,0.6547330097087378,65.47330097087378,2,0.583756345177665,58.37563451776649,False,False,False,False,False,
A-/cluster_1_3961.BMP,A-,PASS,0.7209749190938511,72.09749190938511,1,0.5634517766497462,56.34517766497462,False,False,False,False,False,
A-/cluster_1_3964.BMP,A-,PASS,0.8269619741100324,82.69619741100324,1,0.6548223350253807,65.48223350253807,False,False,False,False,False,
A-/cluster_1_3970.BMP,A-,PASS,0.7515169902912622,75.15169902912622,1,0.6548223350253807,65.48223350253807,False,False,False,False,False,
A-/cluster_1_3980.BMP,A-,PASS,0.78125,78.125,1,0.7081218274111675,70.81218274111674,False,False,False,False,False,
A-/cluster_1_3983.BMP,A-,PASS,0.7878236245954693,78.78236245954693,1,0.6472081218274112,64.72081218274111,False,False,False,False,False,
A-/cluster_1_3990.BMP,A-,PASS,0.7811488673139159,78.11488673139159,1,0.6903553299492385,69.03553299492386,False,False,False,False,False,
A-/cluster_1_3992.BMP,A-,PASS,0.8012742718446602,80.12742718446601,1,0.6903553299492385,69.03553299492386,False,False,False,False,False,
A-/cluster_1_40.BMP,A-,PASS,0.7882281553398058,78.82281553398059,1,0.6624365482233503,66.24365482233503,False,False,False,False,False,
A-/cluster_1_4000.BMP,A-,PASS,0.7352346278317152,73.52346278317152,1,0.5532994923857868,55.32994923857868,False,False,False,False,False,
A-/cluster_1_4003.BMP,A-,PASS,0.7135922330097088,71.35922330097088,1,0.6522842639593909,65.22842639593908,False,False,False,False,False,
A-/cluster_1_4016.BMP,A-,PASS,0.8071399676375405,80.71399676375405,1,0.5634517766497462,56.34517766497462,False,False,False,False,False,
A-/cluster_1_4017.BMP,A-,PASS,0.7721480582524272,77.21480582524272,1,0.5532994923857868,55.32994923857868,False,False,False,False,False,
A-/cluster_1_402.BMP,A-,PASS,0.7753843042071198,77.53843042071198,1,0.7030456852791879,70.30456852791879,False,False,False,False,False,
A-/cluster_1_4025.BMP,A-,PASS,0.7156148867313916,71.56148867313917,1,0.5532994923857868,55.32994923857868,False,False,False,False,False,
A-/cluster_1_4027.BMP,A-,PASS,0.6294498381877023,62.944983818770226,1,0.6294416243654822,62.944162436548226,False,False,False,False,False,
A-/cluster_1_4028.BMP,A-,PASS,0.7614279935275081,76.14279935275081,1,0.6700507614213198,67.00507614213198,False,False,False,False,False,
A-/cluster_1_4040.BMP,A-,PASS,0.8141181229773463,81.41181229773463,1,0.6852791878172588,68.52791878172589,False,False,False,False,False,
A-/cluster_1_4043.BMP,A-,PASS,0.7913632686084142,79.13632686084142,1,0.6218274111675127,62.182741116751274,False,False,False,False,False,
A-/cluster_1_4054.BMP,A-,PASS,0.843042071197411,84.30420711974111,1,0.5532994923857868,55.32994923857868,False,False,False,False,False,
A-/cluster_1_4068.BMP,A-,PASS,0.7731593851132686,77.31593851132686,1,0.631979695431472,63.1979695431472,False,False,False,False,False,
A-/cluster_1_4077.BMP,A-,PASS,0.7345266990291263,73.45266990291263,1,0.6751269035532995,67.51269035532995,False,False,False,False,False,
A-/cluster_1_4078.BMP,A-,PASS,0.8208940129449838,82.08940129449837,1,0.6015228426395939,60.15228426395939,False,False,False,False,False,
A-/cluster_1_4083.BMP,A-,PASS,0.7769012944983819,77.69012944983818,1,0.6370558375634517,63.70558375634518,False,False,False,False,False,
A-/cluster_1_4085.BMP,A-,PASS,0.7811488673139159,78.11488673139159,1,0.6649746192893401,66.49746192893402,False,False,False,False,False,
A-/cluster_1_4097.BMP,A-,PASS,0.8488066343042071,84.88066343042071,1,0.5710659898477157,57.10659898477157,False,False,False,False,False,
A-/cluster_1_4108.BMP,A-,PASS,0.7837783171521036,78.37783171521036,1,0.5583756345177665,55.83756345177665,False,False,False,False,False,
A-/cluster_1_4116.BMP,A-,PASS,0.8160396440129449,81.60396440129449,1,0.5609137055837563,56.09137055837563,False,False,False,False,False,
A-/cluster_1_4123.BMP,A-,PASS,0.8190736245954693,81.90736245954693,1,0.6522842639593909,65.22842639593908,False,False,False,False,False,
A-/cluster_1_4125.BMP,A-,PASS,0.6856219889164277,68.56219889164277,3,0.5195530726256983,51.955307262569825,False,False,False,False,False,
A-/cluster_1_4126.BMP,A-,PASS,0.852953074433657,85.2953074433657,1,0.6446700507614214,64.46700507614213,False,False,False,False,False,
A-/cluster_1_4136.BMP,A-,FAIL,0.943871359223301,94.3871359223301,1,0.7106598984771574,71.06598984771574,False,True,False,False,False,
A-/cluster_1_4137.BMP,A-,PASS,0.8055218446601942,80.55218446601941,1,0.6852791878172588,68.52791878172589,False,False,False,False,False,
A-/cluster_1_4140.BMP,A-,PASS,0.7665857605177994,76.65857605177993,1,0.6878172588832487,68.78172588832487,False,False,False,False,False,
A-/cluster_1_4142.BMP,A-,PASS,0.7339199029126213,73.39199029126213,1,0.649746192893401,64.9746192893401,False,False,False,False,False,
A-/cluster_1_4154.BMP,A-,PASS,0.8701456310679612,87.01456310679612,1,0.5609137055837563,56.09137055837563,False,False,False,False,False,
A-/cluster_1_4163.BMP,A-,PASS,0.7359425566343042,73.59425566343042,1,0.5532994923857868,55.32994923857868,False,False,False,False,False,
A-/cluster_1_4164.BMP,A-,PASS,0.748584142394822,74.8584142394822,1,0.6598984771573604,65.98984771573603,False,False,False,False,False,
A-/cluster_1_4165.BMP,A-,PASS,0.7781148867313916,77.81148867313917,1,0.6954314720812182,69.54314720812182,False,False,False,False,False,
A-/cluster_1_4170.BMP,A-,PASS,0.7836771844660194,78.36771844660194,1,0.6040609137055838,60.40609137055838,False,False,False,False,False,
A-/cluster_1_4172.BMP,A-,PASS,0.7211771844660194,72.11771844660194,1,0.6598984771573604,65.98984771573603,False,False,False,False,False,
A-/cluster_1_4174.BMP,A-,PASS,0.8148260517799353,81.48260517799353,1,0.7030456852791879,70.30456852791879,False,False,False,False,False,
A-/cluster_1_4177.BMP,A-,PASS,0.8099716828478964,80.99716828478964,1,0.6675126903553299,66.75126903553299,False,False,False,False,False,
A-/cluster_1_418.BMP,A-,PASS,0.7470671521035599,74.706715210356,1,0.6852791878172588,68.52791878172589,False,False,False,False,False,
A-/cluster_1_4184.BMP,A-,PASS,0.7550566343042071,75.50566343042071,1,0.5532994923857868,55.32994923857868,False,False,False,False,False,
A-/cluster_1_4226.BMP,A-,PASS,0.7881270226537217,78.81270226537217,1,0.6776649746192893,67.76649746192894,False,False,False,False,False,
A-/cluster_1_4227.BMP,A-,PASS,0.638450647249191,63.8450647249191,1,0.5583756345177665,55.83756345177665,False,False,False,False,False,
A-/cluster_1_4230.BMP,A-,PASS,0.778418284789644,77.8418284789644,1,0.6472081218274112,64.72081218274111,False,False,False,False,False,
A-/cluster_1_4234.BMP,A-,PASS,0.8349514563106796,83.49514563106796,1,0.6649746192893401,66.49746192893402,False,False,False,False,False,
A-/cluster_1_4243.BMP,A-,PASS,0.7658778317152104,76.58778317152104,1,0.6979695431472082,69.79695431472082,False,False,False,False,False,
A-/cluster_1_4244.BMP,A-,PASS,0.7465614886731392,74.65614886731392,1,0.6751269035532995,67.51269035532995,False,False,False,False,False,
A-/cluster_1_4245.BMP,A-,PASS,0.8158373786407767,81.58373786407766,1,0.5964467005076142,59.64467005076142,False,False,False,False,False,
A-/cluster_1_4255.BMP,A-,PASS,0.7981391585760518,79.81391585760518,1,0.6903553299492385,69.03553299492386,False,False,False,False,False,
A-/cluster_1_4256.BMP,A-,PASS,0.6771844660194175,67.71844660194175,1,0.5634517766497462,56.34517766497462,False,False,False,False,False,
A-/cluster_1_4261.BMP,A-,PASS,0.7399878640776699,73.99878640776699,1,0.5583756345177665,55.83756345177665,False,False,False,False,False,
A-/cluster_1_4262.BMP,A-,PASS,0.7747775080906149,77.47775080906149,1,0.6472081218274112,64.72081218274111,False,False,False,False,False,
A-/cluster_1_4266.BMP,A-,PASS,0.7352346278317152,73.52346278317152,1,0.6700507614213198,67.00507614213198,False,False,False,False,False,
A-/cluster_1_4267.BMP,A-,PASS,0.7958131067961165,79.58131067961165,1,0.5532994923857868,55.32994923857868,False,False,False,False,False,
A-/cluster_1_4269.BMP,A-,PASS,0.7370550161812298,73.70550161812298,1,0.5583756345177665,55.83756345177665,False,False,False,False,False,
A-/cluster_1_4272.BMP,A-,PASS,0.7971278317152104,79.71278317152104,1,0.5558375634517766,55.58375634517766,False,False,False,False,False,
A-/cluster_1_4274.BMP,A-,PASS,0.7958131067961165,79.58131067961165,1,0.5558375634517766,55.58375634517766,False,False,False,False,False,
A-/cluster_1_4277.BMP,A-,PASS,0.7939927184466019,79.39927184466019,1,0.5532994923857868,55.32994923857868,False,False,False,False,False,
A-/cluster_1_428.BMP,A-,PASS,0.5922330097087378,59.22330097087378,1,0.5583756345177665,55.83756345177665,False,False,False,False,False,
A-/cluster_1_4297.BMP,A-,PASS,0.7992516181229773,79.92516181229773,1,0.6243654822335025,62.43654822335025,False,False,False,False,False,
A-/cluster_1_4298.BMP,A-,PASS,0.7414037216828478,74.14037216828478,1,0.5634517766497462,56.34517766497462,False,False,False,False,False,
A-/cluster_1_4299.BMP,A-,PASS,0.7922734627831716,79.22734627831716,1,0.5710659898477157,57.10659898477157,False,False,False,False,False,
A-/cluster_1_4304.BMP,A-,PASS,0.7341221682847896,73.41221682847896,1,0.5532994923857868,55.32994923857868,False,False,False,False,False,
A-/cluster_1_4312.BMP,A-,PASS,0.5371156957928802,53.711569579288025,1,0.5583756345177665,55.83756345177665,False,False,False,False,False,
A-/cluster_1_4317.BMP,A-,PASS,0.7771035598705501,77.71035598705501,1,0.5634517766497462,56.34517766497462,False,False,False,False,False,
A-/cluster_1_4320.BMP,A-,PASS,0.8118932038834952,81.18932038834951,1,0.6370558375634517,63.70558375634518,False,False,False,False,False,
A-/cluster_1_4326.BMP,A-,PASS,0.7809466019417476,78.09466019417476,1,0.5583756345177665,55.83756345177665,False,False,False,False,False,
A-/cluster_1_4329.BMP,A-,PASS,0.717334142394822,71.7334142394822,1,0.6345177664974619,63.45177664974619,False,False,False,False,False,
A-/cluster_1_4333.BMP,A-,PASS,0.7219862459546925,72.19862459546925,1,0.6522842639593909,65.22842639593908,False,False,False,False,False,
A-/cluster_1_4334.BMP,A-,PASS,0.7083333333333334,70.83333333333334,1,0.5558375634517766,55.58375634517766,False,False,False,False,False,
A-/cluster_1_4339.BMP,A-,PASS,0.8643810679611651,86.43810679611651,2,0.5532994923857868,55.32994923857868,False,False,False,False,False,
A-/cluster_1_4349.BMP,A-,PASS,0.808252427184466,80.8252427184466,1,0.5812182741116751,58.121827411167516,False,False,False,False,False,
A-/cluster_1_4350.BMP,A-,PASS,0.8106796116504854,81.06796116504854,1,0.5685279187817259,56.852791878172596,False,False,False,False,False,
A-/cluster_1_4355.BMP,A-,PASS,0.7658778317152104,76.58778317152104,1,0.5532994923857868,55.32994923857868,False,False,False,False,False,
A-/cluster_1_4360.BMP,A-,PASS,0.8431432038834952,84.31432038834951,1,0.6548223350253807,65.48223350253807,False,False,False,False,False,
A-/cluster_1_4368.BMP,A-,PASS,0.7455501618122977,74.55501618122977,1,0.5634517766497462,56.34517766497462,False,False,False,False,False,
A-/cluster_1_4376.BMP,A-,PASS,0.7591019417475728,75.91019417475728,1,0.5532994923857868,55.32994923857868,False,False,False,False,False,
A-/cluster_1_4382.BMP,A-,PASS,0.7941949838187702,79.41949838187702,1,0.682741116751269,68.2741116751269,False,False,False,False,False,
A-/cluster_1_4384.BMP,A-,PASS,0.7243122977346278,72.43122977346277,1,0.5558375634517766,55.58375634517766,False,False,False,False,False,
A-/cluster_1_4385.BMP,A-,PASS,0.8936084142394822,89.36084142394822,1,0.7030456852791879,70.30456852791879,False,False,False,False,False,
A-/cluster_1_4392.BMP,A-,PASS,0.8922936893203883,89.22936893203884,1,0.6649746192893401,66.49746192893402,False,False,False,False,False,
A-/cluster_1_4415.BMP,A-,PASS,0.7399878640776699,73.99878640776699,2,0.5634517766497462,56.34517766497462,False,False,False,False,False,
A-/cluster_1_4419.BMP,A-,PASS,0.7057038834951457,70.57038834951457,1,0.6598984771573604,65.98984771573603,False,False,False,False,False,
A-/cluster_1_4424.BMP,A-,PASS,0.8549757281553398,85.49757281553399,1,0.6065989847715736,60.659898477157356,False,False,False,False,False,
A-/cluster_1_4434.BMP,A-,PASS,0.823826860841424,82.38268608414239,1,0.5558375634517766,55.58375634517766,False,False,False,False,False,
A-/cluster_1_4435.BMP,A-,PASS,0.6774878640776699,67.74878640776699,1,0.5685279187817259,56.852791878172596,False,False,False,False,False,
A-/cluster_1_4440.BMP,A-,PASS,0.8237257281553398,82.37257281553399,1,0.6446700507614214,64.46700507614213,False,False,False,False,False,
A-/cluster_1_4451.BMP,A-,PASS,0.49241504854368934,49.241504854368934,1,0.5532994923857868,55.32994923857868,False,False,False,False,False,
A-/cluster_1_4455.BMP,A-,PASS,0.7861043689320388,78.61043689320388,1,0.6954314720812182,69.54314720812182,False,False,False,False,False,
A-/cluster_1_4461.BMP,A-,PASS,0.8050161812297735,80.50161812297735,1,0.6522842639593909,65.22842639593908,False,False,False,False,False,
A-/cluster_1_448.BMP,A-,PASS,0.7581917475728155,75.81917475728154,1,0.5532994923857868,55.32994923857868,False,False,False,False,False,
A-/cluster_1_4486.BMP,A-,PASS,0.7716423948220065,77.16423948220064,1,0.6751269035532995,67.51269035532995,False,False,False,False,False,
A-/cluster_1_4494.BMP,A-,PASS,0.7222896440129449,72.22896440129449,1,0.6192893401015228,61.92893401015228,False,False,False,False,False,
A-/cluster_1_4498.BMP,A-,PASS,0.7434263754045307,74.34263754045307,2,0.6649746192893401,66.49746192893402,False,False,False,False,False,
A-/cluster_1_45.BMP,A-,PASS,0.7336165048543689,73.3616504854369,1,0.5583756345177665,55.83756345177665,False,False,False,False,False,
A-/cluster_1_4500.BMP,A-,PASS,0.8720671521035599,87.206715210356,1,0.5532994923857868,55.32994923857868,False,False,False,False,False,
A-/cluster_1_4504.BMP,A-,PASS,0.654126213592233,65.4126213592233,1,0.5532994923857868,55.32994923857868,False,False,False,False,False,
A-/cluster_1_4505.BMP,A-,PASS,0.740796925566343,74.0796925566343,1,0.5583756345177665,55.83756345177665,False,False,False,False,False,
A-/cluster_1_4509.BMP,A-,PASS,0.6863875404530745,68.63875404530745,1,0.5583756345177665,55.83756345177665,False,False,False,False,False,
A-/cluster_1_4510.BMP,A-,PASS,0.720165857605178,72.0165857605178,1,0.5532994923857868,55.32994923857868,False,False,False,False,False,
A-/cluster_1_4514.BMP,A-,PASS,0.7035800970873787,70.35800970873787,1,0.6395939086294417,63.95939086294417,False,False,False,False,False,
A-/cluster_1_4521.BMP,A-,PASS,0.7488875404530745,74.88875404530745,1,0.6649746192893401,66.49746192893402,False,False,False,False,False,
A-/cluster_1_453.BMP,A-,PASS,0.8486043689320388,84.86043689320388,1,0.6903553299492385,69.03553299492386,False,False,False,False,False,
A-/cluster_1_454.BMP,A-,PASS,0.8314118122977346,83.14118122977347,1,0.6649746192893401,66.49746192893402,False,False,False,False,False,
A-/cluster_1_4550.BMP,A-,PASS,0.7605177993527508,76.05177993527508,1,0.5786802030456852,57.868020304568525,False,False,False,False,False,
A-/cluster_1_4551.BMP,A-,PASS,0.7679004854368932,76.79004854368931,1,0.6548223350253807,65.48223350253807,False,False,False,False,False,
A-/cluster_1_4553.BMP,A-,FAIL,0.9228357605177994,92.28357605177993,1,0.6903553299492385,69.03553299492386,False,True,False,False,False,
A-/cluster_1_4555.BMP,A-,PASS,0.8222087378640777,82.22087378640776,1,0.6776649746192893,67.76649746192894,False,False,False,False,False,
A-/cluster_1_4559.BMP,A-,PASS,0.7538430420711975,75.38430420711974,1,0.5964467005076142,59.64467005076142,False,False,False,False,False,
A-/cluster_1_4564.BMP,A-,PASS,0.7023665048543689,70.2366504854369,1,0.6776649746192893,67.76649746192894,False,False,False,False,False,
A-/cluster_1_4570.BMP,A-,PASS,0.7679004854368932,76.79004854368931,1,0.6675126903553299,66.75126903553299,False,False,False,False,False,
A-/cluster_1_4571.BMP,A-,PASS,0.8892597087378641,88.92597087378641,1,0.6598984771573604,65.98984771573603,False,False,False,False,False,
A-/cluster_1_4582.BMP,A-,PASS,0.7502022653721683,75.02022653721683,1,0.616751269035533,61.6751269035533,False,False,False,False,False,
A-/cluster_1_4585.BMP,A-,PASS,0.7853964401294499,78.53964401294499,1,0.5634517766497462,56.34517766497462,False,False,False,False,False,
A-/cluster_1_4589.BMP,A-,PASS,0.7515169902912622,75.15169902912622,1,0.6928934010152284,69.28934010152284,False,False,False,False,False,
A-/cluster_1_4603.BMP,A-,PASS,0.8280744336569579,82.80744336569579,1,0.6776649746192893,67.76649746192894,False,False,False,False,False,
A-/cluster_1_4609.BMP,A-,PASS,0.8162419093851133,81.62419093851133,1,0.631979695431472,63.1979695431472,False,False,False,False,False,
A-/cluster_1_4624.BMP,A-,PASS,0.79540857605178,79.54085760517799,1,0.5583756345177665,55.83756345177665,False,False,False,False,False,
A-/cluster_1_4628.BMP,A-,PASS,0.7974312297734628,79.74312297734627,1,0.5532994923857868,55.32994923857868,False,False,False,False,False,
A-/cluster_1_4629.BMP,A-,PASS,0.7476739482200647,74.76739482200647,1,0.5964467005076142,59.64467005076142,False,False,False,False,False,
A-/cluster_1_464.BMP,A-,PASS,0.7359425566343042,73.59425566343042,1,0.6725888324873096,67.25888324873097,False,False,False,False,False,
A-/cluster_1_4641.BMP,A-,PASS,0.7225930420711975,72.25930420711974,1,0.5583756345177665,55.83756345177665,False,False,False,False,False,
A-/cluster_1_4650.BMP,A-,PASS,0.8254449838187702,82.54449838187702,1,0.5710659898477157,57.10659898477157,False,False,False,False,False,
A-/cluster_1_4651.BMP,A-,PASS,0.8210962783171522,82.10962783171522,1,0.6954314720812182,69.54314720812182,False,False,False,False,False,
A-/cluster_1_4654.BMP,A-,PASS,0.779834142394822,77.9834142394822,1,0.5710659898477157,57.10659898477157,False,False,False,False,False,
A-/cluster_1_4661.BMP,A-,PASS,0.8294902912621359,82.94902912621359,1,0.6116751269035533,61.16751269035533,False,False,False,False,False,
A-/cluster_1_4665.BMP,A-,PASS,0.8575040453074434,85.75040453074433,1,0.6116751269035533,61.16751269035533,False,False,False,False,False,
A-/cluster_1_4672.BMP,A-,PASS,0.6738470873786407,67.38470873786407,1,0.6395939086294417,63.95939086294417,False,False,False,False,False,
A-/cluster_1_4676.BMP,A-,PASS,0.816747572815534,81.6747572815534,1,0.6649746192893401,66.49746192893402,False,False,False,False,False,
A-/cluster_1_4682.BMP,A-,PASS,0.7814522653721683,78.14522653721683,1,0.5685279187817259,56.852791878172596,False,False,False,False,False,
A-/cluster_1_4684.BMP,A-,PASS,0.7424150485436893,74.24150485436894,1,0.6725888324873096,67.25888324873097,False,False,False,False,False,
A-/cluster_1_4686.BMP,A-,PASS,0.837378640776699,83.7378640776699,1,0.5558375634517766,55.58375634517766,False,False,False,False,False,
A-/cluster_1_4688.BMP,A-,PASS,0.8056229773462783,80.56229773462783,1,0.5634517766497462,56.34517766497462,False,False,False,False,False,
A-/cluster_1_469.BMP,A-,PASS,0.6719255663430421,67.19255663430421,1,0.5634517766497462,56.34517766497462,False,False,False,False,False,
A-/cluster_1_4691.BMP,A-,FAIL,0.9074635922330098,90.74635922330097,1,0.6751269035532995,67.51269035532995,False,True,False,False,False,
A-/cluster_1_4696.BMP,A-,PASS,0.6738470873786407,67.38470873786407,2,0.6294416243654822,62.944162436548226,False,False,False,False,False,
A-/cluster_1_47.BMP,A-,PASS,0.6942758899676376,69.42758899676376,1,0.631979695431472,63.1979695431472,False,False,False,False,False,
A-/cluster_1_4713.BMP,A-,PASS,0.7324029126213593,73.24029126213593,1,0.6218274111675127,62.182741116751274,False,False,False,False,False,
A-/cluster_1_4716.BMP,A-,PASS,0.7803398058252428,78.03398058252428,1,0.565989847715736,56.598984771573605,False,False,False,False,False,
A-/cluster_1_4717.BMP,A-,PASS,0.7219862459546925,72.19862459546925,1,0.649746192893401,64.9746192893401,False,False,False,False,False,
A-/cluster_1_4720.BMP,A-,PASS,0.7152103559870551,71.52103559870551,1,0.5532994923857868,55.32994923857868,False,False,False,False,False,
A-/cluster_1_4721.BMP,A-,PASS,0.7121763754045307,71.21763754045307,1,0.5583756345177665,55.83756345177665,False,False,False,False,False,
A-/cluster_1_4723.BMP,A-,PASS,0.7815533980582524,78.15533980582524,1,0.6776649746192893,67.76649746192894,False,False,False,False,False,
A-/cluster_1_4729.BMP,A-,PASS,0.8671116504854369,86.71116504854369,1,0.6725888324873096,67.25888324873097,False,False,False,False,False,
A-/cluster_1_4738.BMP,A-,PASS,0.7900485436893204,79.00485436893204,1,0.7258883248730964,72.58883248730965,False,False,False,False,False,
A-/cluster_1_4742.BMP,A-,PASS,0.7781148867313916,77.81148867313917,1,0.6269035532994924,62.69035532994924,False,False,False,False,False,
A-/cluster_1_4744.BMP,A-,PASS,0.790453074433657,79.0453074433657,1,0.5685279187817259,56.852791878172596,False,False,False,False,False,
A-/cluster_1_4745.BMP,A-,PASS,0.7522249190938511,75.22249190938511,1,0.5609137055837563,56.09137055837563,False,False,False,False,False,
A-/cluster_1_4755.BMP,A-,PASS,0.813207928802589,81.32079288025889,1,0.6725888324873096,67.25888324873097,False,False,False,False,False,
A-/cluster_1_4764.BMP,A-,PASS,0.7779126213592233,77.79126213592234,1,0.5989847715736041,59.89847715736041,False,False,False,False,False,
A-/cluster_1_4766.BMP,A-,PASS,0.7107605177993528,71.07605177993528,1,0.5685279187817259,56.852791878172596,False,False,False,False,False,
A-/cluster_1_4772.BMP,A-,PASS,0.7278519417475728,72.78519417475728,1,0.5532994923857868,55.32994923857868,False,False,False,False,False,
A-/cluster_1_4775.BMP,A-,PASS,0.7065129449838188,70.65129449838187,1,0.5532994923857868,55.32994923857868,False,False,False,False,False,
A-/cluster_1_4782.BMP,A-,PASS,0.7753843042071198,77.53843042071198,1,0.6802030456852792,68.02030456852792,False,False,False,False,False,
A-/cluster_1_4787.BMP,A-,PASS,0.847997572815534,84.7997572815534,1,0.5532994923857868,55.32994923857868,False,False,False,False,False,
A-/cluster_1_4792.BMP,A-,PASS,0.7610234627831716,76.10234627831716,1,0.6776649746192893,67.76649746192894,False,False,False,False,False,
A-/cluster_1_4801.BMP,A-,PASS,0.7729571197411004,77.29571197411003,1,0.6675126903553299,66.75126903553299,False,False,False,False,False,
A-/cluster_1_4804.BMP,A-,PASS,0.7413025889967637,74.13025889967638,1,0.5609137055837563,56.09137055837563,False,False,False,False,False,
A-/cluster_1_4806.BMP,A-,PASS,0.7837783171521036,78.37783171521036,1,0.700507614213198,70.05076142131979,False,False,False,False,False,
A-/cluster_1_4808.BMP,A-,PASS,0.8386933656957929,83.86933656957929,1,0.5532994923857868,55.32994923857868,False,False,False,False,False,
A-/cluster_1_481.BMP,A-,PASS,0.8145226537216829,81.45226537216828,1,0.6548223350253807,65.48223350253807,False,False,False,False,False,
A-/cluster_1_4820.BMP,A-,FAIL,0.9125202265372169,91.25202265372168,1,0.6751269035532995,67.51269035532995,False,True,False,False,False,
A-/cluster_1_4822.BMP,A-,PASS,0.7912621359223301,79.12621359223301,1,0.5532994923857868,55.32994923857868,False,False,False,False,False,
A-/cluster_1_4833.BMP,A-,PASS,0.8810679611650486,88.10679611650485,1,0.5583756345177665,55.83756345177665,False,False,False,False,False,
A-/cluster_1_4835.BMP,A-,PASS,0.7541464401294499,75.41464401294499,1,0.5583756345177665,55.83756345177665,False,False,False,False,False,
A-/cluster_1_4844.BMP,A-,PASS,0.8023867313915858,80.23867313915858,1,0.5532994923857868,55.32994923857868,False,False,False,False,False,
A-/cluster_1_4851.BMP,A-,PASS,0.7179409385113269,71.79409385113269,1,0.5532994923857868,55.32994923857868,False,False,False,False,False,
A-/cluster_1_4860.BMP,A-,PASS,0.8870347896440129,88.7034789644013,1,0.6802030456852792,68.02030456852792,False,False,False,False,False,
A-/cluster_1_4862.BMP,A-,PASS,0.8278721682847896,82.78721682847896,1,0.6522842639593909,65.22842639593908,False,False,False,False,False,
A-/cluster_1_4878.BMP,A-,PASS,0.7043891585760518,70.43891585760518,1,0.5685279187817259,56.852791878172596,False,False,False,False,False,
A-/cluster_1_4887.BMP,A-,PASS,0.8560881877022654,85.60881877022653,1,0.5532994923857868,55.32994923857868,False,False,False,False,False,
A-/cluster_1_4895.BMP,A-,PASS,0.6802184466019418,68.02184466019418,1,0.631979695431472,63.1979695431472,False,False,False,False,False,
A-/cluster_1_4899.BMP,A-,PASS,0.8053195792880259,80.53195792880258,1,0.6725888324873096,67.25888324873097,False,False,False,False,False,
A-/cluster_1_4900.BMP,A-,PASS,0.7572815533980582,75.72815533980582,1,0.6116751269035533,61.16751269035533,False,False,False,False,False,
A-/cluster_1_4902.BMP,A-,PASS,0.8617516181229773,86.17516181229773,1,0.5812182741116751,58.121827411167516,False,False,False,False,False,
A-/cluster_1_4903.BMP,A-,PASS,0.7813511326860841,78.13511326860841,1,0.5532994923857868,55.32994923857868,False,False,False,False,False,
A-/cluster_1_4904.BMP,A-,PASS,0.8438511326860841,84.38511326860841,1,0.6370558375634517,63.70558375634518,False,False,False,False,False,
A-/cluster_1_491.BMP,A-,PASS,0.7768001618122977,77.68001618122977,1,0.6852791878172588,68.52791878172589,False,False,False,False,False,
A-/cluster_1_4914.BMP,A-,PASS,0.7515169902912622,75.15169902912622,1,0.5634517766497462,56.34517766497462,False,False,False,False,False,
A-/cluster_1_4922.BMP,A-,PASS,0.7872168284789643,78.72168284789643,1,0.6675126903553299,66.75126903553299,False,False,False,False,False,
A-/cluster_1_4934.BMP,A-,PASS,0.8526496763754046,85.26496763754045,1,0.6903553299492385,69.03553299492386,False,False,False,False,False,
A-/cluster_1_494.BMP,A-,PASS,0.7259304207119741,72.59304207119742,1,0.5583756345177665,55.83756345177665,False,False,False,False,False,
A-/cluster_1_4943.BMP,A-,PASS,0.7267394822006472,72.67394822006472,1,0.5786802030456852,57.868020304568525,False,False,False,False,False,
A-/cluster_1_4972.BMP,A-,PASS,0.6838592233009708,68.38592233009709,1,0.5634517766497462,56.34517766497462,False,False,False,False,False,
A-/cluster_1_4989.BMP,A-,PASS,0.764967637540453,76.4967637540453,1,0.6751269035532995,67.51269035532995,False,False,False,False,False,
A-/cluster_1_4991.BMP,A-,PASS,0.806128640776699,80.6128640776699,1,0.6573604060913706,65.73604060913706,False,False,False,False,False,
A-/cluster_1_4993.BMP,A-,PASS,0.7817556634304207,78.17556634304206,1,0.6928934010152284,69.28934010152284,False,False,False,False,False,
A-/cluster_1_4996.BMP,A-,PASS,0.8343446601941747,83.43446601941747,1,0.6370558375634517,63.70558375634518,False,False,False,False,False,
A-/cluster_1_5.BMP,A-,PASS,0.8276699029126213,82.76699029126213,1,0.6624365482233503,66.24365482233503,False,False,False,False,False,
A-/cluster_1_5003.BMP,A-,PASS,0.7849919093851133,78.49919093851133,1,0.6421319796954315,64.21319796954315,False,False,False,False,False,
A-/cluster_1_5006.BMP,A-,PASS,0.7663834951456311,76.6383495145631,1,0.6598984771573604,65.98984771573603,False,False,False,False,False,
A-/cluster_1_5007.BMP,A-,PASS,0.7330097087378641,73.30097087378641,1,0.5939086294416244,59.390862944162436,False,False,False,False,False,
A-/cluster_1_5014.BMP,A-,PASS,0.7917677993527508,79.17677993527508,1,0.6675126903553299,66.75126903553299,False,False,False,False,False,
A-/cluster_1_5015.BMP,A-,PASS,0.8532564724919094,85.32564724919094,1,0.6269035532994924,62.69035532994924,False,False,False,False,False,
A-/cluster_1_5037.BMP,A-,PASS,0.8370752427184466,83.70752427184466,1,0.6675126903553299,66.75126903553299,False,False,False,False,False,
A-/cluster_1_5039.BMP,A-,PASS,0.6929611650485437,69.29611650485437,1,0.5532994923857868,55.32994923857868,False,False,False,False,False,
A-/cluster_1_5048.BMP,A-,PASS,0.7795307443365695,77.95307443365695,1,0.7081218274111675,70.81218274111674,False,False,False,False,False,
A-/cluster_1_5063.BMP,A-,PASS,0.6415857605177994,64.15857605177993,2,0.5685279187817259,56.852791878172596,False,False,False,False,False,
A-/cluster_1_5072.BMP,A-,PASS,0.8993729773462783,89.93729773462783,1,0.7157360406091371,71.57360406091371,False,False,False,False,False,
A-/cluster_1_5085.BMP,A-,PASS,0.7581917475728155,75.81917475728154,1,0.5532994923857868,55.32994923857868,False,False,False,False,False,
A-/cluster_1_5086.BMP,A-,PASS,0.8044093851132686,80.44093851132686,1,0.6598984771573604,65.98984771573603,False,False,False,False,False,
A-/cluster_1_5088.BMP,A-,PASS,0.767799352750809,76.7799352750809,1,0.5583756345177665,55.83756345177665,False,False,False,False,False,
A-/cluster_1_509.BMP,A-,PASS,0.7831715210355987,78.31715210355988,1,0.6675126903553299,66.75126903553299,False,False,False,False,False,
A-/cluster_1_5091.BMP,A-,PASS,0.7726537216828478,77.26537216828478,1,0.6649746192893401,66.49746192893402,False,False,False,False,False,
A-/cluster_1_5102.BMP,A-,PASS,0.7523260517799353,75.23260517799353,1,0.5939086294416244,59.390862944162436,False,False,False,False,False,
A-/cluster_1_5108.BMP,A-,PASS,0.6283373786407767,62.83373786407766,1,0.6040609137055838,60.40609137055838,False,False,False,False,False,
A-/cluster_1_512.BMP,A-,PASS,0.8731796116504854,87.31796116504854,1,0.6446700507614214,64.46700507614213,False,False,False,False,False,
A-/cluster_1_5126.BMP,A-,PASS,0.8485032362459547,84.85032362459548,1,0.6218274111675127,62.182741116751274,False,False,False,False,False,
A-/cluster_1_5128.BMP,A-,PASS,0.77417071197411,77.417071197411,1,0.6878172588832487,68.78172588832487,False,False,False,False,False,
A-/cluster_1_5137.BMP,A-,PASS,0.7402912621359223,74.02912621359224,1,0.5583756345177665,55.83756345177665,False,False,False,False,False,
A-/cluster_1_5143.BMP,A-,PASS,0.8886529126213593,88.86529126213593,1,0.700507614213198,70.05076142131979,False,False,False,False,False,
A-/cluster_1_5174.BMP,A-,PASS,0.7439320388349514,74.39320388349515,1,0.5583756345177665,55.83756345177665,False,False,False,False,False,
A-/cluster_1_5175.BMP,A-,PASS,0.8029935275080906,80.29935275080906,1,0.6446700507614214,64.46700507614213,False,False,False,False,False,
A-/cluster_1_5177.BMP,A-,PASS,0.8004652103559871,80.0465210355987,1,0.5786802030456852,57.868020304568525,False,False,False,False,False,
A-/cluster_1_5181.BMP,A-,PASS,0.7227953074433657,72.27953074433657,1,0.6624365482233503,66.24365482233503,False,False,False,False,False,
A-/cluster_1_5182.BMP,A-,PASS,0.7710355987055016,77.10355987055017,1,0.682741116751269,68.2741116751269,False,False,False,False,False,
A-/cluster_1_5185.BMP,A-,PASS,0.7316949838187702,73.16949838187702,1,0.583756345177665,58.37563451776649,False,False,False,False,False,
A-/cluster_1_5191.BMP,A-,PASS,0.8715614886731392,87.15614886731392,1,0.6776649746192893,67.76649746192894,False,False,False,False,False,
A-/cluster_1_5195.BMP,A-,PASS,0.7858009708737864,78.58009708737865,1,0.6675126903553299,66.75126903553299,False,False,False,False,False,
A-/cluster_1_5201.BMP,A-,PASS,0.8385922330097088,83.85922330097088,1,0.631979695431472,63.1979695431472,False,False,False,False,False,
A-/cluster_1_5216.BMP,A-,PASS,0.7231998381877023,72.31998381877023,1,0.5634517766497462,56.34517766497462,False,False,False,False,False,
A-/cluster_1_5218.BMP,A-,PASS,0.6714199029126213,67.14199029126213,1,0.5583756345177665,55.83756345177665,False,False,False,False,False,
A-/cluster_1_5221.BMP,A-,PASS,0.6963996763754046,69.63996763754045,1,0.5532994923857868,55.32994923857868,False,False,False,False,False,
A-/cluster_1_5222.BMP,A-,PASS,0.7719457928802589,77.19457928802589,1,0.5685279187817259,56.852791878172596,False,False,False,False,False,
A-/cluster_1_5224.BMP,A-,PASS,0.748584142394822,74.8584142394822,1,0.6725888324873096,67.25888324873097,False,False,False,False,False,
A-/cluster_1_5227.BMP,A-,PASS,0.7603155339805825,76.03155339805825,1,0.6395939086294417,63.95939086294417,False,False,False,False,False,
A-/cluster_1_5228.BMP,A-,PASS,0.7890372168284789,78.90372168284789,1,0.649746192893401,64.9746192893401,False,False,False,False,False,
A-/cluster_1_5243.BMP,A-,PASS,0.8101739482200647,81.01739482200647,1,0.5532994923857868,55.32994923857868,False,False,False,False,False,
A-/cluster_1_5245.BMP,A-,PASS,0.7242111650485437,72.42111650485437,1,0.5634517766497462,56.34517766497462,False,False,False,False,False,
A-/cluster_1_5252.BMP,A-,PASS,0.7505056634304207,75.05056634304206,1,0.700507614213198,70.05076142131979,False,False,False,False,False,
A-/cluster_1_5255.BMP,A-,PASS,0.7546521035598706,75.46521035598705,1,0.6675126903553299,66.75126903553299,False,False,False,False,False,
A-/cluster_1_526.BMP,A-,PASS,0.7743729773462783,77.43729773462783,1,0.6802030456852792,68.02030456852792,False,False,False,False,False,
A-/cluster_1_5263.BMP,A-,PASS,0.8625606796116505,86.25606796116504,1,0.6624365482233503,66.24365482233503,False,False,False,False,False,
A-/cluster_1_5275.BMP,A-,PASS,0.7438309061488673,74.38309061488673,1,0.5812182741116751,58.121827411167516,False,False,False,False,False,
A-/cluster_1_5279.BMP,A-,PASS,0.6668689320388349,66.68689320388349,1,0.5634517766497462,56.34517766497462,False,False,False,False,False,
A-/cluster_1_528.BMP,A-,PASS,0.6947815533980582,69.47815533980582,1,0.565989847715736,56.598984771573605,False,False,False,False,False,
A-/cluster_1_5280.BMP,A-,PASS,0.7296723300970874,72.96723300970875,1,0.5634517766497462,56.34517766497462,False,False,False,False,False,
A-/cluster_1_5281.BMP,A-,PASS,0.7593042071197411,75.93042071197411,1,0.649746192893401,64.9746192893401,False,False,False,False,False,
A-/cluster_1_5287.BMP,A-,PASS,0.8305016181229773,83.05016181229773,1,0.700507614213198,70.05076142131979,False,False,False,False,False,
A-/cluster_1_5294.BMP,A-,PASS,0.7923745954692557,79.23745954692556,1,0.682741116751269,68.2741116751269,False,False,False,False,False,
A-/cluster_1_5296.BMP,A-,PASS,0.7377629449838188,73.77629449838187,1,0.6598984771573604,65.98984771573603,False,False,False,False,False,
A-/cluster_1_530.BMP,A-,PASS,0.7295711974110033,72.95711974110033,1,0.5634517766497462,56.34517766497462,False,False,False,False,False,
A-/cluster_1_5306.BMP,A-,PASS,0.7328074433656958,73.28074433656958,1,0.6421319796954315,64.21319796954315,False,False,False,False,False,
A-/cluster_1_5310.BMP,A-,PASS,0.7538430420711975,75.38430420711974,1,0.5532994923857868,55.32994923857868,False,False,False,False,False,
A-/cluster_1_5318.BMP,A-,PASS,0.848705501618123,84.8705501618123,1,0.5532994923857868,55.32994923857868,False,False,False,False,False,
A-/cluster_1_5322.BMP,A-,PASS,0.7981391585760518,79.81391585760518,1,0.5532994923857868,55.32994923857868,False,False,False,False,False,
A-/cluster_1_5323.BMP,A-,PASS,0.743628640776699,74.3628640776699,1,0.5812182741116751,58.121827411167516,False,False,False,False,False,
A-/cluster_1_5334.BMP,A-,PASS,0.7903519417475728,79.03519417475728,1,0.5685279187817259,56.852791878172596,False,False,False,False,False,
A-/cluster_1_5339.BMP,A-,PASS,0.7231998381877023,72.31998381877023,1,0.5685279187817259,56.852791878172596,False,False,False,False,False,
A-/cluster_1_5355.BMP,A-,PASS,0.7185477346278317,71.85477346278317,1,0.5532994923857868,55.32994923857868,False,False,False,False,False,
A-/cluster_1_5359.BMP,A-,PASS,0.7293689320388349,72.93689320388349,1,0.5888324873096447,58.88324873096447,False,False,False,False,False,
A-/cluster_1_5361.BMP,A-,PASS,0.7700242718446602,77.00242718446601,1,0.5583756345177665,55.83756345177665,False,False,False,False,False,
A-/cluster_1_5373.BMP,A-,FAIL,0.9391181229773463,93.91181229773463,1,0.7614213197969543,76.14213197969542,False,True,False,False,False,
A-/cluster_1_5377.BMP,A-,PASS,0.7422127831715211,74.22127831715211,1,0.6218274111675127,62.182741116751274,False,False,False,False,False,
A-/cluster_1_5378.BMP,A-,PASS,0.7532362459546925,75.32362459546925,1,0.6802030456852792,68.02030456852792,False,False,False,False,False,
A-/cluster_1_5379.BMP,A-,PASS,0.7902508090614887,79.02508090614887,1,0.6421319796954315,64.21319796954315,False,False,False,False,False,
A-/cluster_1_5385.BMP,A-,PASS,0.7942961165048543,79.42961165048543,1,0.6903553299492385,69.03553299492386,False,False,False,False,False,
A-/cluster_1_5393.BMP,A-,PASS,0.8047127831715211,80.47127831715211,1,0.6522842639593909,65.22842639593908,False,False,False,False,False,
A-/cluster_1_5397.BMP,A-,PASS,0.818871359223301,81.8871359223301,1,0.6040609137055838,60.40609137055838,False,False,False,False,False,
A-/cluster_1_5398.BMP,A-,PASS,0.8137135922330098,81.37135922330097,1,0.7030456852791879,70.30456852791879,False,False,False,False,False,
A-/cluster_1_5407.BMP,A-,PASS,0.7637540453074434,76.37540453074433,1,0.6776649746192893,67.76649746192894,False,False,False,False,False,
A-/cluster_1_5410.BMP,A-,FAIL,0.9292071197411004,92.92071197411003,1,0.7131979695431472,71.31979695431471,False,True,False,False,False,
A-/cluster_1_5425.BMP,A-,PASS,0.7860032362459547,78.60032362459548,1,0.7030456852791879,70.30456852791879,False,False,False,False,False,
A-/cluster_1_5428.BMP,A-,PASS,0.7865088996763754,78.65088996763754,1,0.5634517766497462,56.34517766497462,False,False,False,False,False,
A-/cluster_1_5434.BMP,A-,PASS,0.813915857605178,81.3915857605178,1,0.7081218274111675,70.81218274111674,False,False,False,False,False,
A-/cluster_1_5442.BMP,A-,PASS,0.7434263754045307,74.34263754045307,1,0.6472081218274112,64.72081218274111,False,False,False,False,False,
A-/cluster_1_5444.BMP,A-,PASS,0.8148260517799353,81.48260517799353,1,0.6370558375634517,63.70558375634518,False,False,False,False,False,
A-/cluster_1_5446.BMP,A-,PASS,0.7377629449838188,73.77629449838187,1,0.6700507614213198,67.00507614213198,False,False,False,False,False,
A-/cluster_1_545.BMP,A-,PASS,0.7792273462783171,77.92273462783172,1,0.5532994923857868,55.32994923857868,False,False,False,False,False,
A-/cluster_1_5454.BMP,A-,PASS,0.7222896440129449,72.22896440129449,1,0.5532994923857868,55.32994923857868,False,False,False,False,False,
A-/cluster_1_5463.BMP,A-,PASS,0.7764967637540453,77.64967637540452,1,0.6370558375634517,63.70558375634518,False,False,False,False,False,
A-/cluster_1_5467.BMP,A-,PASS,0.6237864077669902,62.37864077669902,1,0.6269035532994924,62.69035532994924,False,False,False,False,False,
A-/cluster_1_5469.BMP,A-,PASS,0.7150080906148867,71.50080906148867,1,0.6116751269035533,61.16751269035533,False,False,False,False,False,
A-/cluster_1_547.BMP,A-,FAIL,0.9331512944983819,93.31512944983818,1,0.565989847715736,56.598984771573605,False,True,False,False,False,
A-/cluster_1_5475.BMP,A-,PASS,0.82959142394822,82.95914239482201,1,0.5532994923857868,55.32994923857868,False,False,False,False,False,
A-/cluster_1_548.BMP,A-,PASS,0.7913632686084142,79.13632686084142,1,0.5532994923857868,55.32994923857868,False,False,False,False,False,
A-/cluster_1_5482.BMP,A-,PASS,0.7308859223300971,73.0885922330097,1,0.6142131979695431,61.42131979695431,False,False,False,False,False,
A-/cluster_1_5489.BMP,A-,PASS,0.6592839805825242,65.92839805825243,1,0.5532994923857868,55.32994923857868,False,False,False,False,False,
A-/cluster_1_5490.BMP,A-,PASS,0.7430218446601942,74.30218446601941,1,0.5634517766497462,56.34517766497462,False,False,False,False,False,
A-/cluster_1_5496.BMP,A-,PASS,0.8631674757281553,86.31674757281553,1,0.7208121827411168,72.08121827411168,False,False,False,False,False,
A-/cluster_1_550.BMP,A-,PASS,0.7715412621359223,77.15412621359224,1,0.6675126903553299,66.75126903553299,False,False,False,False,False,
A-/cluster_1_5501.BMP,A-,PASS,0.6393608414239482,63.93608414239482,1,0.5634517766497462,56.34517766497462,False,False,False,False,False,
A-/cluster_1_5511.BMP,A-,PASS,0.7164239482200647,71.64239482200647,1,0.5583756345177665,55.83756345177665,False,False,False,False,False,
A-/cluster_1_5523.BMP,A-,PASS,0.823826860841424,82.38268608414239,1,0.6802030456852792,68.02030456852792,False,False,False,False,False,
A-/cluster_1_5530.BMP,A-,PASS,0.8603357605177994,86.03357605177993,1,0.6522842639593909,65.22842639593908,False,False,False,False,False,
A-/cluster_1_5533.BMP,A-,PASS,0.7454490291262136,74.54490291262135,1,0.6395939086294417,63.95939086294417,False,False,False,False,False,
A-/cluster_1_5536.BMP,A-,PASS,0.7144012944983819,71.44012944983818,1,0.6446700507614214,64.46700507614213,False,False,False,False,False,
A-/cluster_1_5545.BMP,A-,PASS,0.8275687702265372,82.75687702265373,1,0.6802030456852792,68.02030456852792,False,False,False,False,False,
A-/cluster_1_555.BMP,A-,PASS,0.8059263754045307,80.59263754045307,1,0.6649746192893401,66.49746192893402,False,False,False,False,False,
A-/cluster_1_5550.BMP,A-,PASS,0.735032362459547,73.5032362459547,1,0.616751269035533,61.6751269035533,False,False,False,False,False,
A-/cluster_1_5556.BMP,A-,PASS,0.8868325242718447,88.68325242718447,1,0.6852791878172588,68.52791878172589,False,False,False,False,False,
A-/cluster_1_5559.BMP,A-,PASS,0.7830703883495146,78.30703883495146,1,0.6598984771573604,65.98984771573603,False,False,False,False,False,
A-/cluster_1_5568.BMP,A-,PASS,0.7101537216828478,71.01537216828478,1,0.6065989847715736,60.659898477157356,False,False,False,False,False,
A-/cluster_1_5569.BMP,A-,PASS,0.7893406148867314,78.93406148867314,1,0.6522842639593909,65.22842639593908,False,False,False,False,False,
A-/cluster_1_5573.BMP,A-,PASS,0.7497977346278317,74.97977346278317,1,0.5532994923857868,55.32994923857868,False,False,False,False,False,
A-/cluster_1_558.BMP,A-,PASS,0.7581917475728155,75.81917475728154,1,0.5583756345177665,55.83756345177665,False,False,False,False,False,
A-/cluster_1_5582.BMP,A-,PASS,0.8290857605177994,82.90857605177993,1,0.6852791878172588,68.52791878172589,False,False,False,False,False,
A-/cluster_1_5587.BMP,A-,PASS,0.6930622977346278,69.30622977346277,1,0.6192893401015228,61.92893401015228,False,False,False,False,False,
A-/cluster_1_5590.BMP,A-,PASS,0.7178398058252428,71.78398058252428,1,0.5532994923857868,55.32994923857868,False,False,False,False,False,
A-/cluster_1_5595.BMP,A-,PASS,0.7493932038834952,74.93932038834951,1,0.5634517766497462,56.34517766497462,False,False,False,False,False,
A-/cluster_1_5596.BMP,A-,PASS,0.7986448220064725,79.86448220064725,1,0.6624365482233503,66.24365482233503,False,False,False,False,False,
A-/cluster_1_56.BMP,A-,PASS,0.7708333333333334,77.08333333333334,1,0.6624365482233503,66.24365482233503,False,False,False,False,False,
A-/cluster_1_5602.BMP,A-,PASS,0.7993527508090615,79.93527508090615,1,0.5634517766497462,56.34517766497462,False,False,False,False,False,
A-/cluster_1_5605.BMP,A-,PASS,0.8561893203883495,85.61893203883496,1,0.6954314720812182,69.54314720812182,False,False,False,False,False,
A-/cluster_1_5611.BMP,A-,PASS,0.7303802588996764,73.03802588996764,1,0.5532994923857868,55.32994923857868,False,False,False,False,False,
A-/cluster_1_5613.BMP,A-,PASS,0.7360436893203883,73.60436893203884,1,0.6725888324873096,67.25888324873097,False,False,False,False,False,
A-/cluster_1_5614.BMP,A-,PASS,0.8346480582524272,83.46480582524272,1,0.5634517766497462,56.34517766497462,False,False,False,False,False,
A-/cluster_1_5624.BMP,A-,PASS,0.8121966019417476,81.21966019417476,1,0.5761421319796954,57.61421319796954,False,False,False,False,False,
A-/cluster_1_5628.BMP,A-,PASS,0.8102750809061489,81.02750809061489,1,0.5583756345177665,55.83756345177665,False,False,False,False,False,
A-/cluster_1_563.BMP,A-,PASS,0.7335153721682848,73.35153721682848,1,0.5634517766497462,56.34517766497462,False,False,False,False,False,
A-/cluster_1_5654.BMP,A-,PASS,0.7852953074433657,78.52953074433657,1,0.5583756345177665,55.83756345177665,False,False,False,False,False,
A-/cluster_1_5658.BMP,A-,PASS,0.8243325242718447,82.43325242718447,1,0.6649746192893401,66.49746192893402,False,False,False,False,False,
A-/cluster_1_5659.BMP,A-,PASS,0.6635315533980582,66.35315533980582,1,0.5583756345177665,55.83756345177665,False,False,False,False,False,
A-/cluster_1_5662.BMP,A-,PASS,0.6873624996518979,68.73624996518978,2,0.6908752327746741,69.08752327746741,False,False,False,False,False,
A-/cluster_1_5666.BMP,A-,PASS,0.7383697411003236,73.83697411003236,1,0.6802030456852792,68.02030456852792,False,False,False,False,False,
A-/cluster_1_5669.BMP,A-,PASS,0.7410120025620318,74.10120025620319,1,0.6638733705772812,66.38733705772812,False,False,False,False,False,
A-/cluster_1_5674.BMP,A-,PASS,0.8681229773462783,86.81229773462783,1,0.5685279187817259,56.852791878172596,False,False,False,False,False,
A-/cluster_1_5676.BMP,A-,PASS,0.7160194174757282,71.60194174757282,1,0.649746192893401,64.9746192893401,False,False,False,False,False,
A-/cluster_1_5688.BMP,A-,PASS,0.7610234627831716,76.10234627831716,1,0.6624365482233503,66.24365482233503,False,False,False,False,False,
A-/cluster_1_5695.BMP,A-,PASS,0.7034789644012945,70.34789644012946,1,0.5634517766497462,56.34517766497462,False,False,False,False,False,
A-/cluster_1_5710.BMP,A-,PASS,0.7582928802588996,75.82928802588997,1,0.6116751269035533,61.16751269035533,False,False,False,False,False,
A-/cluster_1_5713.BMP,A-,PASS,0.8436488673139159,84.36488673139159,1,0.6472081218274112,64.72081218274111,False,False,False,False,False,
A-/cluster_1_5724.BMP,A-,PASS,0.6529126213592233,65.29126213592234,1,0.5532994923857868,55.32994923857868,False,False,False,False,False,
A-/cluster_1_5725.BMP,A-,PASS,0.700343851132686,70.0343851132686,1,0.5532994923857868,55.32994923857868,False,False,False,False,False,
A-/cluster_1_5733.BMP,A-,PASS,0.7555622977346278,75.55622977346277,1,0.583756345177665,58.37563451776649,False,False,False,False,False,
A-/cluster_1_5738.BMP,A-,PASS,0.8211974110032363,82.11974110032362,1,0.5558375634517766,55.58375634517766,False,False,False,False,False,
A-/cluster_1_5743.BMP,A-,PASS,0.8281755663430421,82.81755663430421,1,0.5913705583756346,59.13705583756346,False,False,False,False,False,
A-/cluster_1_5754.BMP,A-,PASS,0.7759911003236246,77.59911003236246,1,0.6649746192893401,66.49746192893402,False,False,False,False,False,
A-/cluster_1_5757.BMP,A-,FAIL,0.9550970873786407,95.50970873786407,1,0.7385786802030457,73.85786802030458,False,True,False,False,False,
A-/cluster_1_5778.BMP,A-,PASS,0.8380865695792881,83.8086569579288,1,0.6979695431472082,69.79695431472082,False,False,False,False,False,
A-/cluster_1_5779.BMP,A-,PASS,0.7276496763754046,72.76496763754045,1,0.6192893401015228,61.92893401015228,False,False,False,False,False,
A-/cluster_1_5782.BMP,A-,PASS,0.8087580906148867,80.87580906148867,1,0.5583756345177665,55.83756345177665,False,False,False,False,False,
A-/cluster_1_5784.BMP,A-,PASS,0.8016788025889967,80.16788025889967,1,0.6751269035532995,67.51269035532995,False,False,False,False,False,
A-/cluster_1_5787.BMP,A-,PASS,0.7385720064724919,73.85720064724919,1,0.6675126903553299,66.75126903553299,False,False,False,False,False,
A-/cluster_1_5789.BMP,A-,PASS,0.8398058252427184,83.98058252427184,1,0.6065989847715736,60.659898477157356,False,False,False,False,False,
A-/cluster_1_579.BMP,A-,PASS,0.716626213592233,71.6626213592233,1,0.6903553299492385,69.03553299492386,False,False,False,False,False,
A-/cluster_1_5794.BMP,A-,PASS,0.7620347896440129,76.2034789644013,1,0.5609137055837563,56.09137055837563,False,False,False,False,False,
A-/cluster_1_5797.BMP,A-,PASS,0.7353357605177994,73.53357605177993,1,0.6395939086294417,63.95939086294417,False,False,False,False,False,
A-/cluster_1_5801.BMP,A-,PASS,0.8564927184466019,85.64927184466019,1,0.565989847715736,56.598984771573605,False,False,False,False,False,
A-/cluster_1_5802.BMP,A-,PASS,0.7328074433656958,73.28074433656958,2,0.5558375634517766,55.58375634517766,False,False,False,False,False,
A-/cluster_1_5816.BMP,A-,PASS,0.794700647249191,79.4700647249191,1,0.6294416243654822,62.944162436548226,False,False,False,False,False,
A-/cluster_1_5819.BMP,A-,PASS,0.686792071197411,68.67920711974111,1,0.565989847715736,56.598984771573605,False,False,False,False,False,
A-/cluster_1_5821.BMP,A-,PASS,0.7118729773462783,71.18729773462783,1,0.649746192893401,64.9746192893401,False,False,False,False,False,
A-/cluster_1_5838.BMP,A-,PASS,0.7695186084142395,76.95186084142395,1,0.5609137055837563,56.09137055837563,False,False,False,False,False,
A-/cluster_1_584.BMP,A-,PASS,0.7652710355987055,76.52710355987054,1,0.6776649746192893,67.76649746192894,False,False,False,False,False,
A-/cluster_1_5840.BMP,A-,PASS,0.7486852750809061,74.86852750809061,1,0.5634517766497462,56.34517766497462,False,False,False,False,False,
A-/cluster_1_5848.BMP,A-,PASS,0.8024878640776699,80.24878640776699,1,0.6243654822335025,62.43654822335025,False,False,False,False,False,
A-/cluster_1_5857.BMP,A-,PASS,0.6925566343042071,69.25566343042071,1,0.5634517766497462,56.34517766497462,False,False,False,False,False,
A-/cluster_1_5878.BMP,A-,PASS,0.8466828478964401,84.668284789644,1,0.6598984771573604,65.98984771573603,False,False,False,False,False,
A-/cluster_1_5882.BMP,A-,PASS,0.7686084142394822,76.86084142394822,1,0.5532994923857868,55.32994923857868,False,False,False,False,False,
A-/cluster_1_5891.BMP,A-,PASS,0.772046925566343,77.2046925566343,1,0.7055837563451777,70.55837563451777,False,False,False,False,False,
A-/cluster_1_5898.BMP,A-,PASS,0.7454490291262136,74.54490291262135,1,0.5939086294416244,59.390862944162436,False,False,False,False,False,
A-/cluster_1_5901.BMP,A-,PASS,0.7348300970873787,73.48300970873787,1,0.5532994923857868,55.32994923857868,False,False,False,False,False,
A-/cluster_1_5907.BMP,A-,PASS,0.7486852750809061,74.86852750809061,1,0.6472081218274112,64.72081218274111,False,False,False,False,False,
A-/cluster_1_5920.BMP,A-,PASS,0.7019619741100324,70.19619741100324,1,0.5634517766497462,56.34517766497462,False,False,False,False,False,
A-/cluster_1_5927.BMP,A-,PASS,0.8539644012944984,85.39644012944983,1,0.5532994923857868,55.32994923857868,False,False,False,False,False,
A-/cluster_1_5935.BMP,A-,PASS,0.7389765372168284,73.89765372168284,1,0.5532994923857868,55.32994923857868,False,False,False,False,False,
A-/cluster_1_5945.BMP,A-,PASS,0.8041059870550162,80.41059870550163,1,0.6243654822335025,62.43654822335025,False,False,False,False,False,
A-/cluster_1_5949.BMP,A-,PASS,0.7571804207119741,75.71804207119742,1,0.6370558375634517,63.70558375634518,False,False,False,False,False,
A-/cluster_1_5953.BMP,A-,PASS,0.7506067961165048,75.06067961165049,1,0.565989847715736,56.598984771573605,False,False,False,False,False,
A-/cluster_1_5955.BMP,A-,PASS,0.7623381877022654,76.23381877022653,1,0.5532994923857868,55.32994923857868,False,False,False,False,False,
A-/cluster_1_596.BMP,A-,PASS,0.7466626213592233,74.66626213592234,1,0.649746192893401,64.9746192893401,False,False,False,False,False,
A-/cluster_1_5972.BMP,A-,PASS,0.8006674757281553,80.06674757281553,1,0.5532994923857868,55.32994923857868,False,False,False,False,False,
A-/cluster_1_5982.BMP,A-,PASS,0.8383899676375405,83.83899676375405,1,0.7182741116751269,71.8274111675127,False,False,False,False,False,
A-/cluster_1_5984.BMP,A-,PASS,0.7785194174757282,77.85194174757282,1,0.6852791878172588,68.52791878172589,False,False,False,False,False,
A-/cluster_1_599.BMP,A-,PASS,0.714502427184466,71.4502427184466,1,0.5532994923857868,55.32994923857868,False,False,False,False,False,
A-/cluster_1_5991.BMP,A-,PASS,0.817455501618123,81.7455501618123,1,0.5583756345177665,55.83756345177665,False,False,False,False,False,
A-/cluster_1_5996.BMP,A-,PASS,0.8569983818770227,85.69983818770227,1,0.631979695431472,63.1979695431472,False,False,False,False,False,
A-/cluster_1_5997.BMP,A-,PASS,0.781957928802589,78.19579288025889,1,0.565989847715736,56.598984771573605,False,False,False,False,False,
A-/cluster_1_5998.BMP,A-,PASS,0.7740695792880259,77.40695792880258,1,0.6624365482233503,66.24365482233503,False,False,False,False,False,
A-/cluster_1_600.BMP,A-,PASS,0.7413025889967637,74.13025889967638,1,0.5634517766497462,56.34517766497462,False,False,False,False,False,
A-/cluster_1_603.BMP,A-,PASS,0.7566747572815534,75.66747572815534,1,0.5532994923857868,55.32994923857868,False,False,False,False,False,
A-/cluster_1_605.BMP,A-,FAIL,0.9014967637540453,90.14967637540452,1,0.6142131979695431,61.42131979695431,False,True,False,False,False,
A-/cluster_1_606.BMP,A-,PASS,0.8192758899676376,81.92758899676376,1,0.6725888324873096,67.25888324873097,False,False,False,False,False,
A-/cluster_1_611.BMP,A-,PASS,0.8447613268608414,84.47613268608414,1,0.565989847715736,56.598984771573605,False,False,False,False,False,
A-/cluster_1_613.BMP,A-,PASS,0.7421116504854369,74.21116504854369,1,0.5583756345177665,55.83756345177665,False,False,False,False,False,
A-/cluster_1_615.BMP,A-,PASS,0.754247572815534,75.4247572815534,1,0.6345177664974619,63.45177664974619,False,False,False,False,False,
A-/cluster_1_618.BMP,A-,PASS,0.7482807443365695,74.82807443365695,1,0.6751269035532995,67.51269035532995,False,False,False,False,False,
A-/cluster_1_621.BMP,A-,PASS,0.7674959546925566,76.74959546925567,1,0.6015228426395939,60.15228426395939,False,False,False,False,False,
A-/cluster_1_627.BMP,A-,PASS,0.7291666666666666,72.91666666666666,1,0.6903553299492385,69.03553299492386,False,False,False,False,False,
A-/cluster_1_629.BMP,A-,PASS,0.7327063106796117,73.27063106796116,1,0.6675126903553299,66.75126903553299,False,False,False,False,False,
A-/cluster_1_63.BMP,A-,PASS,0.7451456310679612,74.51456310679612,1,0.6446700507614214,64.46700507614213,False,False,False,False,False,
A-/cluster_1_637.BMP,A-,PASS,0.8412216828478964,84.12216828478964,1,0.6370558375634517,63.70558375634518,False,False,False,False,False,
A-/cluster_1_640.BMP,A-,PASS,0.7464603559870551,74.64603559870551,1,0.5685279187817259,56.852791878172596,False,False,False,False,False,
A-/cluster_1_652.BMP,A-,FAIL,0.9168689320388349,91.68689320388349,1,0.7411167512690355,74.11167512690355,False,True,False,False,False,
A-/cluster_1_658.BMP,A-,PASS,0.8419296116504854,84.19296116504854,1,0.5685279187817259,56.852791878172596,False,False,False,False,False,
A-/cluster_1_659.BMP,A-,PASS,0.7973300970873787,79.73300970873787,1,0.6751269035532995,67.51269035532995,False,False,False,False,False,
A-/cluster_1_66.BMP,A-,PASS,0.7666868932038835,76.66868932038835,1,0.6446700507614214,64.46700507614213,False,False,False,False,False,
A-/cluster_1_67.BMP,A-,PASS,0.7161205501618123,71.61205501618123,1,0.5634517766497462,56.34517766497462,False,False,False,False,False,
A-/cluster_1_673.BMP,A-,PASS,0.7139967637540453,71.39967637540452,1,0.5685279187817259,56.852791878172596,False,False,False,False,False,
A-/cluster_1_675.BMP,A-,PASS,0.7835760517799353,78.35760517799353,1,0.6776649746192893,67.76649746192894,False,False,False,False,False,
A-/cluster_1_680.BMP,A-,PASS,0.7864077669902912,78.64077669902912,1,0.5583756345177665,55.83756345177665,False,False,False,False,False,
A-/cluster_1_685.BMP,A-,PASS,0.8179611650485437,81.79611650485437,1,0.5532994923857868,55.32994923857868,False,False,False,False,False,
A-/cluster_1_690.BMP,A-,PASS,0.6742516181229773,67.42516181229773,1,0.5532994923857868,55.32994923857868,False,False,False,False,False,
A-/cluster_1_699.BMP,A-,PASS,0.8197815533980582,81.97815533980582,1,0.5532994923857868,55.32994923857868,False,False,False,False,False,
A-/cluster_1_704.BMP,A-,PASS,0.7936893203883495,79.36893203883496,1,0.6675126903553299,66.75126903553299,False,False,False,False,False,
A-/cluster_1_708.BMP,A-,PASS,0.7523260517799353,75.23260517799353,1,0.6522842639593909,65.22842639593908,False,False,False,False,False,
A-/cluster_1_711.BMP,A-,PASS,0.727953074433657,72.7953074433657,1,0.6421319796954315,64.21319796954315,False,False,False,False,False,
A-/cluster_1_727.BMP,A-,PASS,0.756371359223301,75.6371359223301,1,0.6446700507614214,64.46700507614213,False,False,False,False,False,
A-/cluster_1_73.BMP,A-,PASS,0.8033980582524272,80.33980582524272,1,0.6446700507614214,64.46700507614213,False,False,False,False,False,
A-/cluster_1_731.BMP,A-,PASS,0.8177588996763754,81.77588996763754,1,0.5558375634517766,55.58375634517766,False,False,False,False,False,
A-/cluster_1_738.BMP,A-,PASS,0.7408980582524272,74.08980582524272,1,0.6725888324873096,67.25888324873097,False,False,False,False,False,
A-/cluster_1_739.BMP,A-,PASS,0.7515169902912622,75.15169902912622,1,0.565989847715736,56.598984771573605,False,False,False,False,False,
A-/cluster_1_74.BMP,A-,PASS,0.7205435963129021,72.05435963129021,3,0.5195530726256983,51.955307262569825,False,False,False,False,False,
A-/cluster_1_741.BMP,A-,PASS,0.7031755663430421,70.31755663430421,1,0.5634517766497462,56.34517766497462,False,False,False,False,False,
A-/cluster_1_743.BMP,A-,PASS,0.8023867313915858,80.23867313915858,1,0.5558375634517766,55.58375634517766,False,False,False,False,False,
A-/cluster_1_757.BMP,A-,PASS,0.7980380258899676,79.80380258899676,1,0.6751269035532995,67.51269035532995,False,False,False,False,False,
A-/cluster_1_765.BMP,A-,PASS,0.7591019417475728,75.91019417475728,1,0.6751269035532995,67.51269035532995,False,False,False,False,False,
A-/cluster_1_767.BMP,A-,PASS,0.6870954692556634,68.70954692556634,1,0.5634517766497462,56.34517766497462,False,False,False,False,False,
A-/cluster_1_770.BMP,A-,PASS,0.7636529126213593,76.36529126213593,1,0.5532994923857868,55.32994923857868,False,False,False,False,False,
A-/cluster_1_782.BMP,A-,PASS,0.7252224919093851,72.52224919093851,1,0.5634517766497462,56.34517766497462,False,False,False,False,False,
A-/cluster_1_791.BMP,A-,PASS,0.7802386731391586,78.02386731391586,1,0.5532994923857868,55.32994923857868,False,False,False,False,False,
A-/cluster_1_793.BMP,A-,PASS,0.8731796116504854,87.31796116504854,1,0.6928934010152284,69.28934010152284,False,False,False,False,False,
A-/cluster_1_795.BMP,A-,FAIL,0.9114077669902912,91.14077669902912,1,0.7157360406091371,71.57360406091371,False,True,False,False,False,
A-/cluster_1_805.BMP,A-,PASS,0.7898462783171522,78.98462783171522,1,0.6852791878172588,68.52791878172589,False,False,False,False,False,
A-/cluster_1_806.BMP,A-,PASS,0.7459546925566343,74.59546925566343,1,0.5888324873096447,58.88324873096447,False,False,False,False,False,
A-/cluster_1_810.BMP,A-,PASS,0.7752831715210357,77.52831715210357,1,0.6928934010152284,69.28934010152284,False,False,False,False,False,
A-/cluster_1_811.BMP,A-,PASS,0.7624393203883495,76.24393203883496,1,0.6624365482233503,66.24365482233503,False,False,False,False,False,
A-/cluster_1_821.BMP,A-,PASS,0.7482807443365695,74.82807443365695,1,0.6116751269035533,61.16751269035533,False,False,False,False,False,
A-/cluster_1_824.BMP,A-,PASS,0.7400889967637541,74.0088996763754,1,0.6040609137055838,60.40609137055838,False,False,False,False,False,
A-/cluster_1_83.BMP,A-,PASS,0.752123786407767,75.2123786407767,1,0.682741116751269,68.2741116751269,False,False,False,False,False,
A-/cluster_1_830.BMP,A-,PASS,0.747876213592233,74.7876213592233,1,0.5532994923857868,55.32994923857868,False,False,False,False,False,
A-/cluster_1_835.BMP,A-,PASS,0.7989482200647249,79.89482200647248,1,0.7106598984771574,71.06598984771574,False,False,False,False,False,
A-/cluster_1_84.BMP,A-,PASS,0.7635517799352751,76.35517799352752,2,0.5812182741116751,58.121827411167516,False,False,False,False,False,
A-/cluster_1_841.BMP,A-,PASS,0.8956310679611651,89.56310679611651,1,0.6954314720812182,69.54314720812182,False,False,False,False,False,
A-/cluster_1_857.BMP,A-,PASS,0.8653923948220065,86.53923948220064,1,0.6421319796954315,64.21319796954315,False,False,False,False,False,
A-/cluster_1_86.BMP,A-,PASS,0.6904328478964401,69.043284789644,1,0.649746192893401,64.9746192893401,False,False,False,False,False,
A-/cluster_1_860.BMP,A-,PASS,0.8166464401294499,81.66464401294499,1,0.649746192893401,64.9746192893401,False,False,False,False,False,
A-/cluster_1_862.BMP,A-,FAIL,0.9088794498381877,90.88794498381877,1,0.6446700507614214,64.46700507614213,False,True,False,False,False,
A-/cluster_1_865.BMP,A-,PASS,0.6304611650485437,63.04611650485437,1,0.5761421319796954,57.61421319796954,False,False,False,False,False,
A-/cluster_1_873.BMP,A-,PASS,0.8186690938511327,81.86690938511327,1,0.6548223350253807,65.48223350253807,False,False,False,False,False,
A-/cluster_1_877.BMP,A-,PASS,0.6724312297734628,67.24312297734627,1,0.5634517766497462,56.34517766497462,False,False,False,False,False,
A-/cluster_1_883.BMP,A-,PASS,0.7666868932038835,76.66868932038835,1,0.7030456852791879,70.30456852791879,False,False,False,False,False,
A-/cluster_1_89.BMP,A-,PASS,0.7774069579288025,77.74069579288026,1,0.5532994923857868,55.32994923857868,False,False,False,False,False,
A-/cluster_1_890.BMP,A-,PASS,0.7295711974110033,72.95711974110033,1,0.5532994923857868,55.32994923857868,False,False,False,False,False,
A-/cluster_1_894.BMP,A-,PASS,0.7697208737864077,76.97208737864078,1,0.5558375634517766,55.58375634517766,False,False,False,False,False,
A-/cluster_1_912.BMP,A-,PASS,0.7496966019417476,74.96966019417476,1,0.5634517766497462,56.34517766497462,False,False,False,False,False,
A-/cluster_1_913.BMP,A-,PASS,0.6969053398058253,69.69053398058253,1,0.6218274111675127,62.182741116751274,False,False,False,False,False,
A-/cluster_1_917.BMP,A-,PASS,0.8791464401294499,87.91464401294499,1,0.5609137055837563,56.09137055837563,False,False,False,False,False,
A-/cluster_1_92.BMP,A-,PASS,0.714502427184466,71.4502427184466,1,0.565989847715736,56.598984771573605,False,False,False,False,False,
A-/cluster_1_923.BMP,A-,PASS,0.8911812297734628,89.11812297734627,1,0.5964467005076142,59.64467005076142,False,False,False,False,False,
A-/cluster_1_924.BMP,A-,PASS,0.7623381877022654,76.23381877022653,1,0.6370558375634517,63.70558375634518,False,False,False,False,False,
A-/cluster_1_927.BMP,A-,PASS,0.7836771844660194,78.36771844660194,1,0.6751269035532995,67.51269035532995,False,False,False,False,False,
A-/cluster_1_93.BMP,A-,PASS,0.7420105177993528,74.20105177993528,1,0.5532994923857868,55.32994923857868,False,False,False,False,False,
A-/cluster_1_931.BMP,A-,PASS,0.7978357605177994,79.78357605177993,1,0.6725888324873096,67.25888324873097,False,False,False,False,False,
A-/cluster_1_947.BMP,A-,PASS,0.7811488673139159,78.11488673139159,1,0.5583756345177665,55.83756345177665,False,False,False,False,False,
A-/cluster_1_955.BMP,A-,PASS,0.7573826860841424,75.73826860841424,1,0.5532994923857868,55.32994923857868,False,False,False,False,False,
A-/cluster_1_960.BMP,A-,PASS,0.5009101941747572,50.09101941747572,2,0.5532994923857868,55.32994923857868,False,False,False,False,False,
A-/cluster_1_966.BMP,A-,FAIL,0.9328478964401294,93.28478964401295,1,0.7411167512690355,74.11167512690355,False,True,False,False,False,
A-/cluster_1_97.BMP,A-,PASS,0.7831715210355987,78.31715210355988,1,0.5583756345177665,55.83756345177665,False,False,False,False,False,
A-/cluster_1_973.BMP,A-,PASS,0.8867313915857605,88.67313915857605,1,0.631979695431472,63.1979695431472,False,False,False,False,False,
A-/cluster_1_974.BMP,A-,PASS,0.7619336569579288,76.19336569579288,1,0.7055837563451777,70.55837563451777,False,False,False,False,False,
A-/cluster_1_98.BMP,A-,PASS,0.7796318770226537,77.96318770226537,1,0.6725888324873096,67.25888324873097,False,False,False,False,False,
A-/cluster_1_986.BMP,A-,PASS,0.8276699029126213,82.76699029126213,1,0.6700507614213198,67.00507614213198,False,False,False,False,False,
A-/cluster_1_99.BMP,A-,PASS,0.7378640776699029,73.7864077669903,1,0.5634517766497462,56.34517766497462,False,False,False,False,False,
AB+/cluster_4_100.BMP,AB+,PASS,0.729470064724919,72.9470064724919,1,0.6903553299492385,69.03553299492386,False,False,False,False,False,
AB+/cluster_4_1016.BMP,AB+,PASS,0.6370347896440129,63.70347896440129,1,0.5710659898477157,57.10659898477157,False,False,False,False,False,
AB+/cluster_4_103.BMP,AB+,PASS,0.7005461165048543,70.05461165048543,1,0.5634517766497462,56.34517766497462,False,False,False,False,False,
AB+/cluster_4_1030.BMP,AB+,PASS,0.7439320388349514,74.39320388349515,1,0.649746192893401,64.9746192893401,False,False,False,False,False,
AB+/cluster_4_1042.BMP,AB+,PASS,0.7177386731391586,71.77386731391586,1,0.6852791878172588,68.52791878172589,False,False,False,False,False,
AB+/cluster_4_1044.BMP,AB+,PASS,0.7331108414239482,73.31108414239482,1,0.6294416243654822,62.944162436548226,False,False,False,False,False,
AB+/cluster_4_1054.BMP,AB+,PASS,0.7489886731391586,74.89886731391586,1,0.6624365482233503,66.24365482233503,False,False,False,False,False,
AB+/cluster_4_107.BMP,AB+,PASS,0.6922532362459547,69.22532362459548,1,0.6218274111675127,62.182741116751274,False,False,False,False,False,
AB+/cluster_4_1071.BMP,AB+,PASS,0.7100525889967637,71.00525889967638,1,0.5685279187817259,56.852791878172596,False,False,False,False,False,
AB+/cluster_4_1074.BMP,AB+,PASS,0.7309870550161812,73.09870550161813,1,0.5634517766497462,56.34517766497462,False,False,False,False,False,
AB+/cluster_4_1096.BMP,AB+,PASS,0.6473503236245954,64.73503236245955,1,0.5634517766497462,56.34517766497462,False,False,False,False,False,
AB+/cluster_4_1116.BMP,AB+,PASS,0.6698017799352751,66.98017799352752,1,0.5634517766497462,56.34517766497462,False,False,False,False,False,
AB+/cluster_4_1130.BMP,AB+,PASS,0.71875,71.875,1,0.5812182741116751,58.121827411167516,False,False,False,False,False,
AB+/cluster_4_1132.BMP,AB+,PASS,0.6536205501618123,65.36205501618123,1,0.5634517766497462,56.34517766497462,False,False,False,False,False,
AB+/cluster_4_1141.BMP,AB+,PASS,0.7148058252427184,71.48058252427184,1,0.5685279187817259,56.852791878172596,False,False,False,False,False,
AB+/cluster_4_1148.BMP,AB+,PASS,0.6122572815533981,61.22572815533981,1,0.5532994923857868,55.32994923857868,False,False,False,False,False,
AB+/cluster_4_1154.BMP,AB+,PASS,0.6644417475728155,66.44417475728154,1,0.5532994923857868,55.32994923857868,False,False,False,False,False,
AB+/cluster_4_1162.BMP,AB+,PASS,0.7135922330097088,71.35922330097088,1,0.5685279187817259,56.852791878172596,False,False,False,False,False,
AB+/cluster_4_1164.BMP,AB+,PASS,0.6335962783171522,63.359627831715216,1,0.5634517766497462,56.34517766497462,False,False,False,False,False,
AB+/cluster_4_1167.BMP,AB+,PASS,0.6287419093851133,62.87419093851133,1,0.5685279187817259,56.852791878172596,False,False,False,False,False,
AB+/cluster_4_1175.BMP,AB+,PASS,0.6381472491909385,63.81472491909385,1,0.6675126903553299,66.75126903553299,False,False,False,False,False,
AB+/cluster_4_1179.BMP,AB+,PASS,0.5858616504854369,58.58616504854369,1,0.5913705583756346,59.13705583756346,False,False,False,False,False,
AB+/cluster_4_1185.BMP,AB+,PASS,0.7100525889967637,71.00525889967638,1,0.5532994923857868,55.32994923857868,False,False,False,False,False,
AB+/cluster_4_1193.BMP,AB+,PASS,0.5723098705501618,57.23098705501618,2,0.5634517766497462,56.34517766497462,False,False,False,False,False,
AB+/cluster_4_1195.BMP,AB+,PASS,0.7501011326860841,75.01011326860841,1,0.5634517766497462,56.34517766497462,False,False,False,False,False,
AB+/cluster_4_12.BMP,AB+,PASS,0.625,62.5,1,0.5685279187817259,56.852791878172596,False,False,False,False,False,
AB+/cluster_4_1204.BMP,AB+,PASS,0.6836569579288025,68.36569579288026,1,0.5634517766497462,56.34517766497462,False,False,False,False,False,
AB+/cluster_4_1218.BMP,AB+,PASS,0.6679813915857605,66.79813915857605,1,0.5634517766497462,56.34517766497462,False,False,False,False,False,
AB+/cluster_4_1226.BMP,AB+,PASS,0.7049959546925566,70.49959546925567,1,0.5583756345177665,55.83756345177665,False,False,False,False,False,
AB+/cluster_4_1232.BMP,AB+,PASS,0.6462378640776699,64.62378640776699,1,0.5634517766497462,56.34517766497462,False,False,False,False,False,
AB+/cluster_4_1238.BMP,AB+,PASS,0.6830501618122977,68.30501618122977,1,0.5532994923857868,55.32994923857868,False,False,False,False,False,
AB+/cluster_4_1243.BMP,AB+,PASS,0.6530137540453075,65.30137540453075,1,0.5583756345177665,55.83756345177665,False,False,False,False,False,
AB+/cluster_4_1254.BMP,AB+,PASS,0.7120752427184466,71.20752427184466,1,0.5583756345177665,55.83756345177665,False,False,False,False,False,
AB+/cluster_4_1255.BMP,AB+,PASS,0.7221885113268608,72.21885113268608,1,0.6345177664974619,63.45177664974619,False,False,False,False,False,
AB+/cluster_4_1276.BMP,AB+,PASS,0.6542273462783171,65.42273462783172,1,0.5634517766497462,56.34517766497462,False,False,False,False,False,
AB+/cluster_4_1277.BMP,AB+,PASS,0.6989279935275081,69.89279935275081,1,0.631979695431472,63.1979695431472,False,False,False,False,False,
AB+/cluster_4_1278.BMP,AB+,PASS,0.6858818770226537,68.58818770226537,1,0.5532994923857868,55.32994923857868,False,False,False,False,False,
AB+/cluster_4_1283.BMP,AB+,PASS,0.6128640776699029,61.286407766990294,1,0.5634517766497462,56.34517766497462,False,False,False,False,False,
AB+/cluster_4_1285.BMP,AB+,PASS,0.6709142394822006,67.09142394822007,1,0.5685279187817259,56.852791878172596,False,False,False,False,False,
AB+/cluster_4_1288.BMP,AB+,PASS,0.6912419093851133,69.12419093851133,1,0.5685279187817259,56.852791878172596,False,False,False,False,False,
AB+/cluster_4_1318.BMP,AB+,PASS,0.7398867313915858,73.98867313915858,1,0.565989847715736,56.598984771573605,False,False,False,False,False,
AB+/cluster_4_1332.BMP,AB+,PASS,0.6887135922330098,68.87135922330097,1,0.5685279187817259,56.852791878172596,False,False,False,False,False,
AB+/cluster_4_1339.BMP,AB+,PASS,0.5052588996763754,50.52588996763754,2,0.5634517766497462,56.34517766497462,False,False,False,False,False,
AB+/cluster_4_1355.BMP,AB+,PASS,0.6390574433656958,63.90574433656958,1,0.5634517766497462,56.34517766497462,False,False,False,False,False,
AB+/cluster_4_1363.BMP,AB+,PASS,0.6425970873786407,64.25970873786407,1,0.5532994923857868,55.32994923857868,False,False,False,False,False,
AB+/cluster_4_1372.BMP,AB+,PASS,0.6099312297734628,60.99312297734628,1,0.5634517766497462,56.34517766497462,False,False,False,False,False,
AB+/cluster_4_1379.BMP,AB+,PASS,0.6879045307443366,68.79045307443366,1,0.5583756345177665,55.83756345177665,False,False,False,False,False,
AB+/cluster_4_1391.BMP,AB+,PASS,0.6699029126213593,66.99029126213593,1,0.5634517766497462,56.34517766497462,False,False,False,False,False,
AB+/cluster_4_1397.BMP,AB+,PASS,0.6975121359223301,69.75121359223301,1,0.565989847715736,56.598984771573605,False,False,False,False,False,
AB+/cluster_4_1400.BMP,AB+,PASS,0.7505056634304207,75.05056634304206,1,0.649746192893401,64.9746192893401,False,False,False,False,False,
AB+/cluster_4_1402.BMP,AB+,PASS,0.6370347896440129,63.70347896440129,1,0.5583756345177665,55.83756345177665,False,False,False,False,False,
AB+/cluster_4_1404.BMP,AB+,PASS,0.7318972491909385,73.18972491909385,1,0.6624365482233503,66.24365482233503,False,False,False,False,False,
AB+/cluster_4_1414.BMP,AB+,PASS,0.7207726537216829,72.07726537216828,1,0.6675126903553299,66.75126903553299,False,False,False,False,False,
AB+/cluster_4_1415.BMP,AB+,PASS,0.629955501618123,62.9955501618123,1,0.5634517766497462,56.34517766497462,False,False,False,False,False,
AB+/cluster_4_1419.BMP,AB+,PASS,0.6734425566343042,67.34425566343042,1,0.631979695431472,63.1979695431472,False,False,False,False,False,
AB+/cluster_4_1425.BMP,AB+,PASS,0.654834142394822,65.4834142394822,1,0.5634517766497462,56.34517766497462,False,False,False,False,False,
AB+/cluster_4_1430.BMP,AB+,PASS,0.6864886731391586,68.64886731391586,1,0.5685279187817259,56.852791878172596,False,False,False,False,False,
AB+/cluster_4_1431.BMP,AB+,PASS,0.6182241100323624,61.82241100323624,1,0.5634517766497462,56.34517766497462,False,False,False,False,False,
AB+/cluster_4_1436.BMP,AB+,PASS,0.5956715210355987,59.56715210355987,1,0.5685279187817259,56.852791878172596,False,False,False,False,False,
AB+/cluster_4_1446.BMP,AB+,PASS,0.66332928802589,66.332928802589,1,0.5634517766497462,56.34517766497462,False,False,False,False,False,
AB+/cluster_4_1454.BMP,AB+,PASS,0.5847491909385113,58.47491909385113,1,0.5685279187817259,56.852791878172596,False,False,False,False,False,
AB+/cluster_4_1459.BMP,AB+,PASS,0.6595873786407767,65.95873786407766,1,0.6472081218274112,64.72081218274111,False,False,False,False,False,
AB+/cluster_4_1464.BMP,AB+,PASS,0.6550364077669902,65.50364077669903,1,0.565989847715736,56.598984771573605,False,False,False,False,False,
AB+/cluster_4_1467.BMP,AB+,PASS,0.6251011326860841,62.510113268608414,1,0.5583756345177665,55.83756345177665,False,False,False,False,False,
AB+/cluster_4_1480.BMP,AB+,PASS,0.7376618122977346,73.76618122977347,1,0.5786802030456852,57.868020304568525,False,False,False,False,False,
AB+/cluster_4_1495.BMP,AB+,PASS,0.7126820388349514,71.26820388349515,1,0.5634517766497462,56.34517766497462,False,False,False,False,False,
AB+/cluster_4_15.BMP,AB+,PASS,0.6939724919093851,69.39724919093851,1,0.5862944162436549,58.629441624365484,False,False,False,False,False,
AB+/cluster_4_1502.BMP,AB+,PASS,0.6994336569579288,69.94336569579288,1,0.6598984771573604,65.98984771573603,False,False,False,False,False,
AB+/cluster_4_1510.BMP,AB+,PASS,0.7042880258899676,70.42880258899676,1,0.5532994923857868,55.32994923857868,False,False,False,False,False,
AB+/cluster_4_1512.BMP,AB+,PASS,0.7244134304207119,72.4413430420712,1,0.6446700507614214,64.46700507614213,False,False,False,False,False,
AB+/cluster_4_1521.BMP,AB+,PASS,0.7007483818770227,70.07483818770227,1,0.5634517766497462,56.34517766497462,False,False,False,False,False,
AB+/cluster_4_1534.BMP,AB+,PASS,0.6652508090614887,66.52508090614887,1,0.5710659898477157,57.10659898477157,False,False,False,False,False,
AB+/cluster_4_156.BMP,AB+,PASS,0.5882888349514563,58.82888349514563,1,0.5583756345177665,55.83756345177665,False,False,False,False,False,
AB+/cluster_4_1562.BMP,AB+,PASS,0.7406957928802589,74.06957928802589,1,0.5634517766497462,56.34517766497462,False,False,False,False,False,
AB+/cluster_4_1563.BMP,AB+,PASS,0.6663632686084142,66.63632686084142,1,0.5634517766497462,56.34517766497462,False,False,False,False,False,
AB+/cluster_4_1569.BMP,AB+,PASS,0.6114482200647249,61.14482200647249,1,0.565989847715736,56.598984771573605,False,False,False,False,False,
AB+/cluster_4_1570.BMP,AB+,PASS,0.7004449838187702,70.04449838187702,1,0.5634517766497462,56.34517766497462,False,False,False,False,False,
AB+/cluster_4_1607.BMP,AB+,PASS,0.5998179611650486,59.98179611650486,1,0.5685279187817259,56.852791878172596,False,False,False,False,False,
AB+/cluster_4_1611.BMP,AB+,PASS,0.5790857605177994,57.90857605177994,1,0.5634517766497462,56.34517766497462,False,False,False,False,False,
AB+/cluster_4_1612.BMP,AB+,PASS,0.751415857605178,75.1415857605178,1,0.6751269035532995,67.51269035532995,False,False,False,False,False,
AB+/cluster_4_1615.BMP,AB+,PASS,0.7063106796116505,70.63106796116504,1,0.565989847715736,56.598984771573605,False,False,False,False,False,
AB+/cluster_4_1631.BMP,AB+,PASS,0.7356391585760518,73.56391585760518,1,0.6345177664974619,63.45177664974619,False,False,False,False,False,
AB+/cluster_4_1637.BMP,AB+,PASS,0.6611043689320388,66.11043689320388,1,0.5634517766497462,56.34517766497462,False,False,False,False,False,
AB+/cluster_4_1646.BMP,AB+,PASS,0.6666666666666666,66.66666666666666,1,0.5736040609137056,57.360406091370564,False,False,False,False,False,
AB+/cluster_4_1667.BMP,AB+,PASS,0.6304611650485437,63.04611650485437,1,0.5685279187817259,56.852791878172596,False,False,False,False,False,
AB+/cluster_4_1672.BMP,AB+,PASS,0.6218648867313916,62.18648867313916,1,0.5685279187817259,56.852791878172596,False,False,False,False,False,
AB+/cluster_4_1679.BMP,AB+,PASS,0.7288632686084142,72.88632686084142,1,0.682741116751269,68.2741116751269,False,False,False,False,False,
AB+/cluster_4_1686.BMP,AB+,PASS,0.7313915857605178,73.13915857605178,1,0.5685279187817259,56.852791878172596,False,False,False,False,False,
AB+/cluster_4_1695.BMP,AB+,PASS,0.7228964401294499,72.28964401294499,1,0.5634517766497462,56.34517766497462,False,False,False,False,False,
AB+/cluster_4_1716.BMP,AB+,PASS,0.611549352750809,61.1549352750809,1,0.5634517766497462,56.34517766497462,False,False,False,False,False,
AB+/cluster_4_1723.BMP,AB+,PASS,0.7144012944983819,71.44012944983818,1,0.5583756345177665,55.83756345177665,False,False,False,False,False,
AB+/cluster_4_1737.BMP,AB+,PASS,0.7260315533980582,72.60315533980582,1,0.6522842639593909,65.22842639593908,False,False,False,False,False,
AB+/cluster_4_1740.BMP,AB+,PASS,0.5826254045307443,58.26254045307443,1,0.5532994923857868,55.32994923857868,False,False,False,False,False,
AB+/cluster_4_1756.BMP,AB+,PASS,0.6432038834951457,64.32038834951457,1,0.5685279187817259,56.852791878172596,False,False,False,False,False,
AB+/cluster_4_1757.BMP,AB+,PASS,0.7506067961165048,75.06067961165049,1,0.6472081218274112,64.72081218274111,False,False,False,False,False,
AB+/cluster_4_1781.BMP,AB+,PASS,0.7620347896440129,76.2034789644013,1,0.5685279187817259,56.852791878172596,False,False,False,False,False,
AB+/cluster_4_1785.BMP,AB+,PASS,0.7198624595469255,71.98624595469255,1,0.6598984771573604,65.98984771573603,False,False,False,False,False,
AB+/cluster_4_1798.BMP,AB+,PASS,0.6105380258899676,61.05380258899677,1,0.5583756345177665,55.83756345177665,False,False,False,False,False,
AB+/cluster_4_1801.BMP,AB+,PASS,0.6833535598705501,68.33535598705501,1,0.5634517766497462,56.34517766497462,False,False,False,False,False,
AB+/cluster_4_1809.BMP,AB+,PASS,0.6095266990291263,60.952669902912625,1,0.5583756345177665,55.83756345177665,False,False,False,False,False,
AB+/cluster_4_1810.BMP,AB+,PASS,0.652002427184466,65.2002427184466,1,0.5685279187817259,56.852791878172596,False,False,False,False,False,
AB+/cluster_4_182.BMP,AB+,PASS,0.6914441747572816,69.14441747572816,1,0.5913705583756346,59.13705583756346,False,False,False,False,False,
AB+/cluster_4_183.BMP,AB+,PASS,0.60082928802589,60.082928802588995,1,0.5685279187817259,56.852791878172596,False,False,False,False,False,
AB+/cluster_4_1830.BMP,AB+,PASS,0.7369538834951457,73.69538834951457,1,0.5634517766497462,56.34517766497462,False,False,False,False,False,
AB+/cluster_4_1858.BMP,AB+,PASS,0.6812297734627831,68.12297734627832,1,0.6522842639593909,65.22842639593908,False,False,False,False,False,
AB+/cluster_4_1866.BMP,AB+,PASS,0.6214603559870551,62.14603559870551,1,0.5710659898477157,57.10659898477157,False,False,False,False,False,
AB+/cluster_4_1878.BMP,AB+,PASS,0.5856593851132686,58.56593851132686,1,0.5710659898477157,57.10659898477157,False,False,False,False,False,
AB+/cluster_4_1898.BMP,AB+,PASS,0.689623786407767,68.9623786407767,1,0.5685279187817259,56.852791878172596,False,False,False,False,False,
AB+/cluster_4_191.BMP,AB+,PASS,0.5767597087378641,57.67597087378641,1,0.5583756345177665,55.83756345177665,False,False,False,False,False,
AB+/cluster_4_1912.BMP,AB+,PASS,0.47148058252427183,47.148058252427184,1,0.565989847715736,56.598984771573605,False,False,False,False,False,
AB+/cluster_4_1917.BMP,AB+,PASS,0.7462580906148867,74.62580906148867,1,0.5532994923857868,55.32994923857868,False,False,False,False,False,
AB+/cluster_4_193.BMP,AB+,PASS,0.6356189320388349,63.56189320388349,1,0.5634517766497462,56.34517766497462,False,False,False,False,False,
AB+/cluster_4_1959.BMP,AB+,PASS,0.6609021035598706,66.09021035598705,1,0.6675126903553299,66.75126903553299,False,False,False,False,False,
AB+/cluster_4_196.BMP,AB+,PASS,0.741504854368932,74.1504854368932,1,0.5634517766497462,56.34517766497462,False,False,False,False,False,
AB+/cluster_4_1967.BMP,AB+,PASS,0.6438106796116505,64.38106796116504,1,0.5634517766497462,56.34517766497462,False,False,False,False,False,
AB+/cluster_4_1972.BMP,AB+,PASS,0.7175364077669902,71.75364077669903,1,0.5583756345177665,55.83756345177665,False,False,False,False,False,
AB+/cluster_4_1974.BMP,AB+,PASS,0.6091221682847896,60.91221682847896,1,0.565989847715736,56.598984771573605,False,False,False,False,False,
AB+/cluster_4_1976.BMP,AB+,PASS,0.6768810679611651,67.68810679611651,1,0.5634517766497462,56.34517766497462,False,False,False,False,False,
AB+/cluster_4_1982.BMP,AB+,PASS,0.7632483818770227,76.32483818770227,1,0.6370558375634517,63.70558375634518,False,False,False,False,False,
AB+/cluster_4_1992.BMP,AB+,PASS,0.7361448220064725,73.61448220064725,1,0.6218274111675127,62.182741116751274,False,False,False,False,False,
AB+/cluster_4_1993.BMP,AB+,PASS,0.6995347896440129,69.9534789644013,1,0.565989847715736,56.598984771573605,False,False,False,False,False,
AB+/cluster_4_201.BMP,AB+,PASS,0.6469457928802589,64.69457928802589,1,0.5812182741116751,58.121827411167516,False,False,False,False,False,
AB+/cluster_4_2019.BMP,AB+,PASS,0.7033778317152104,70.33778317152104,1,0.5685279187817259,56.852791878172596,False,False,False,False,False,
AB+/cluster_4_2029.BMP,AB+,PASS,0.7348300970873787,73.48300970873787,1,0.5634517766497462,56.34517766497462,False,False,False,False,False,
AB+/cluster_4_2033.BMP,AB+,PASS,0.6598907766990292,65.98907766990291,1,0.5634517766497462,56.34517766497462,False,False,False,False,False,
AB+/cluster_4_2062.BMP,AB+,PASS,0.6912419093851133,69.12419093851133,1,0.5685279187817259,56.852791878172596,False,False,False,False,False,
AB+/cluster_4_2064.BMP,AB+,PASS,0.6462378640776699,64.62378640776699,1,0.5685279187817259,56.852791878172596,False,False,False,False,False,
AB+/cluster_4_2072.BMP,AB+,PASS,0.6177184466019418,61.771844660194176,1,0.5583756345177665,55.83756345177665,False,False,False,False,False,
AB+/cluster_4_2081.BMP,AB+,PASS,0.67040857605178,67.04085760517799,1,0.5532994923857868,55.32994923857868,False,False,False,False,False,
AB+/cluster_4_2091.BMP,AB+,PASS,0.4091828478964401,40.91828478964401,1,0.565989847715736,56.598984771573605,False,False,False,False,False,
AB+/cluster_4_2104.BMP,AB+,PASS,0.70459142394822,70.45914239482201,1,0.5761421319796954,57.61421319796954,False,False,False,False,False,
AB+/cluster_4_2115.BMP,AB+,PASS,0.660497572815534,66.0497572815534,1,0.5583756345177665,55.83756345177665,False,False,False,False,False,
AB+/cluster_4_2118.BMP,AB+,PASS,0.5858616504854369,58.58616504854369,1,0.5685279187817259,56.852791878172596,False,False,False,False,False,
AB+/cluster_4_213.BMP,AB+,PASS,0.6969053398058253,69.69053398058253,1,0.5913705583756346,59.13705583756346,False,False,False,False,False,
AB+/cluster_4_2132.BMP,AB+,PASS,0.6056836569579288,60.56836569579288,1,0.5685279187817259,56.852791878172596,False,False,False,False,False,
AB+/cluster_4_2138.BMP,AB+,PASS,0.7071197411003236,70.71197411003236,1,0.5634517766497462,56.34517766497462,False,False,False,False,False,
AB+/cluster_4_2141.BMP,AB+,PASS,0.6894215210355987,68.94215210355988,1,0.5685279187817259,56.852791878172596,False,False,False,False,False,
AB+/cluster_4_2144.BMP,AB+,PASS,0.6714199029126213,67.14199029126213,1,0.5685279187817259,56.852791878172596,False,False,False,False,False,
AB+/cluster_4_216.BMP,AB+,PASS,0.7188511326860841,71.88511326860841,1,0.6878172588832487,68.78172588832487,False,False,False,False,False,
AB+/cluster_4_2162.BMP,AB+,PASS,0.7247168284789643,72.47168284789643,1,0.6776649746192893,67.76649746192894,False,False,False,False,False,
AB+/cluster_4_2175.BMP,AB+,PASS,0.703782362459547,70.3782362459547,1,0.5685279187817259,56.852791878172596,False,False,False,False,False,
AB+/cluster_4_2178.BMP,AB+,PASS,0.6708131067961165,67.08131067961165,1,0.5558375634517766,55.58375634517766,False,False,False,False,False,
AB+/cluster_4_2181.BMP,AB+,PASS,0.6229773462783171,62.297734627831716,1,0.5634517766497462,56.34517766497462,False,False,False,False,False,
AB+/cluster_4_2183.BMP,AB+,PASS,0.6812297734627831,68.12297734627832,1,0.5609137055837563,56.09137055837563,False,False,False,False,False,
AB+/cluster_4_2189.BMP,AB+,PASS,0.7010517799352751,70.10517799352752,1,0.6218274111675127,62.182741116751274,False,False,False,False,False,
AB+/cluster_4_2193.BMP,AB+,PASS,0.6076051779935275,60.760517799352755,1,0.6040609137055838,60.40609137055838,False,False,False,False,False,
AB+/cluster_4_2195.BMP,AB+,PASS,0.6536205501618123,65.36205501618123,1,0.5532994923857868,55.32994923857868,False,False,False,False,False,
AB+/cluster_4_2208.BMP,AB+,PASS,0.70459142394822,70.45914239482201,1,0.6649746192893401,66.49746192893402,False,False,False,False,False,
AB+/cluster_4_222.BMP,AB+,PASS,0.6518001618122977,65.18001618122977,1,0.5634517766497462,56.34517766497462,False,False,False,False,False,
AB+/cluster_4_2228.BMP,AB+,PASS,0.7317961165048543,73.17961165048543,1,0.6802030456852792,68.02030456852792,False,False,False,False,False,
AB+/cluster_4_2234.BMP,AB+,PASS,0.5872775080906149,58.72775080906148,1,0.5685279187817259,56.852791878172596,False,False,False,False,False,
AB+/cluster_4_2237.BMP,AB+,PASS,0.6365291262135923,63.65291262135923,1,0.5685279187817259,56.852791878172596,False,False,False,False,False,
AB+/cluster_4_2254.BMP,AB+,PASS,0.6966019417475728,69.66019417475728,1,0.6776649746192893,67.76649746192894,False,False,False,False,False,
AB+/cluster_4_2286.BMP,AB+,PASS,0.5523406388370603,55.23406388370603,1,0.5344506517690876,53.445065176908756,False,False,False,False,False,
AB+/cluster_4_2298.BMP,AB+,PASS,0.7707322006472492,77.07322006472492,1,0.7030456852791879,70.30456852791879,False,False,False,False,False,
AB+/cluster_4_2309.BMP,AB+,PASS,0.7425161812297735,74.25161812297735,1,0.6116751269035533,61.16751269035533,False,False,False,False,False,
AB+/cluster_4_2311.BMP,AB+,PASS,0.6963996763754046,69.63996763754045,1,0.5583756345177665,55.83756345177665,False,False,False,False,False,
AB+/cluster_4_2314.BMP,AB+,PASS,0.723705501618123,72.3705501618123,1,0.6243654822335025,62.43654822335025,False,False,False,False,False,
AB+/cluster_4_2321.BMP,AB+,PASS,0.7282564724919094,72.82564724919094,1,0.6192893401015228,61.92893401015228,False,False,False,False,False,
AB+/cluster_4_2327.BMP,AB+,PASS,0.7154126213592233,71.54126213592234,1,0.5634517766497462,56.34517766497462,False,False,False,False,False,
AB+/cluster_4_2329.BMP,AB+,PASS,0.6540250809061489,65.40250809061489,1,0.5634517766497462,56.34517766497462,False,False,False,False,False,
AB+/cluster_4_234.BMP,AB+,PASS,0.6635315533980582,66.35315533980582,1,0.5634517766497462,56.34517766497462,False,False,False,False,False,
AB+/cluster_4_2352.BMP,AB+,PASS,0.6566545307443366,65.66545307443366,1,0.5685279187817259,56.852791878172596,False,False,False,False,False,
AB+/cluster_4_2363.BMP,AB+,PASS,0.6447208737864077,64.47208737864078,1,0.6218274111675127,62.182741116751274,False,False,False,False,False,
AB+/cluster_4_2368.BMP,AB+,PASS,0.7103559870550162,71.03559870550163,1,0.5532994923857868,55.32994923857868,False,False,False,False,False,
AB+/cluster_4_2369.BMP,AB+,PASS,0.6052791262135923,60.52791262135923,1,0.5710659898477157,57.10659898477157,False,False,False,False,False,
AB+/cluster_4_2372.BMP,AB+,PASS,0.702467637540453,70.2467637540453,1,0.5634517766497462,56.34517766497462,False,False,False,False,False,
AB+/cluster_4_2377.BMP,AB+,PASS,0.6709142394822006,67.09142394822007,1,0.5710659898477157,57.10659898477157,False,False,False,False,False,
AB+/cluster_4_2411.BMP,AB+,PASS,0.7338187702265372,73.38187702265373,1,0.649746192893401,64.9746192893401,False,False,False,False,False,
AB+/cluster_4_2412.BMP,AB+,PASS,0.6819377022653722,68.19377022653723,1,0.6446700507614214,64.46700507614213,False,False,False,False,False,
AB+/cluster_4_2419.BMP,AB+,PASS,0.7216828478964401,72.168284789644,1,0.5532994923857868,55.32994923857868,False,False,False,False,False,
AB+/cluster_4_2436.BMP,AB+,PASS,0.7012540453074434,70.12540453074433,1,0.5634517766497462,56.34517766497462,False,False,False,False,False,
AB+/cluster_4_2444.BMP,AB+,PASS,0.6987257281553398,69.87257281553399,1,0.6802030456852792,68.02030456852792,False,False,False,False,False,
AB+/cluster_4_2445.BMP,AB+,PASS,0.6677791262135923,66.77791262135922,1,0.5583756345177665,55.83756345177665,False,False,False,False,False,
AB+/cluster_4_2446.BMP,AB+,PASS,0.7043891585760518,70.43891585760518,1,0.6192893401015228,61.92893401015228,False,False,False,False,False,
AB+/cluster_4_2450.BMP,AB+,PASS,0.7044902912621359,70.44902912621359,1,0.5685279187817259,56.852791878172596,False,False,False,False,False,
AB+/cluster_4_2453.BMP,AB+,PASS,0.6678802588996764,66.78802588996764,1,0.5634517766497462,56.34517766497462,False,False,False,False,False,
AB+/cluster_4_2458.BMP,AB+,PASS,0.7686084142394822,76.86084142394822,1,0.6852791878172588,68.52791878172589,False,False,False,False,False,
AB+/cluster_4_2462.BMP,AB+,PASS,0.6993325242718447,69.93325242718447,1,0.6192893401015228,61.92893401015228,False,False,False,False,False,
AB+/cluster_4_2477.BMP,AB+,PASS,0.7278519417475728,72.78519417475728,1,0.5736040609137056,57.360406091370564,False,False,False,False,False,
AB+/cluster_4_2481.BMP,AB+,PASS,0.7153114886731392,71.53114886731392,1,0.5634517766497462,56.34517766497462,False,False,False,False,False,
AB+/cluster_4_2488.BMP,AB+,PASS,0.6019417475728155,60.19417475728155,1,0.5634517766497462,56.34517766497462,False,False,False,False,False,
AB+/cluster_4_2498.BMP,AB+,PASS,0.6094255663430421,60.94255663430421,1,0.5634517766497462,56.34517766497462,False,False,False,False,False,
AB+/cluster_4_2501.BMP,AB+,PASS,0.6417880258899676,64.17880258899676,1,0.5532994923857868,55.32994923857868,False,False,False,False,False,
AB+/cluster_4_2505.BMP,AB+,PASS,0.6883090614886731,68.83090614886731,1,0.565989847715736,56.598984771573605,False,False,False,False,False,
AB+/cluster_4_2507.BMP,AB+,PASS,0.5742313915857605,57.423139158576056,1,0.5634517766497462,56.34517766497462,False,False,False,False,False,
AB+/cluster_4_251.BMP,AB+,PASS,0.624292071197411,62.4292071197411,1,0.565989847715736,56.598984771573605,False,False,False,False,False,
AB+/cluster_4_2512.BMP,AB+,PASS,0.6133697411003236,61.33697411003236,1,0.565989847715736,56.598984771573605,False,False,False,False,False,
AB+/cluster_4_2513.BMP,AB+,PASS,0.7236043689320388,72.36043689320388,1,0.5583756345177665,55.83756345177665,False,False,False,False,False,
AB+/cluster_4_2527.BMP,AB+,PASS,0.5711974110032363,57.11974110032363,1,0.5634517766497462,56.34517766497462,False,False,False,False,False,
AB+/cluster_4_2530.BMP,AB+,PASS,0.6463389967637541,64.6338996763754,1,0.6269035532994924,62.69035532994924,False,False,False,False,False,
AB+/cluster_4_2536.BMP,AB+,PASS,0.6533171521035599,65.331715210356,1,0.5634517766497462,56.34517766497462,False,False,False,False,False,
AB+/cluster_4_2549.BMP,AB+,PASS,0.6097289644012945,60.97289644012945,1,0.5583756345177665,55.83756345177665,False,False,False,False,False,
AB+/cluster_4_2556.BMP,AB+,PASS,0.65625,65.625,1,0.5532994923857868,55.32994923857868,False,False,False,False,False,
AB+/cluster_4_2561.BMP,AB+,PASS,0.5384304207119741,53.84304207119741,1,0.5634517766497462,56.34517766497462,False,False,False,False,False,
AB+/cluster_4_257.BMP,AB+,PASS,0.6536205501618123,65.36205501618123,1,0.5532994923857868,55.32994923857868,False,False,False,False,False,
AB+/cluster_4_2577.BMP,AB+,PASS,0.6795105177993528,67.95105177993528,1,0.5634517766497462,56.34517766497462,False,False,False,False,False,
AB+/cluster_4_2579.BMP,AB+,PASS,0.6829490291262136,68.29490291262135,1,0.5736040609137056,57.360406091370564,False,False,False,False,False,
AB+/cluster_4_2585.BMP,AB+,PASS,0.6346076051779935,63.46076051779935,1,0.5583756345177665,55.83756345177665,False,False,False,False,False,
AB+/cluster_4_2602.BMP,AB+,PASS,0.6801173139158576,68.01173139158576,1,0.5634517766497462,56.34517766497462,False,False,False,False,False,
AB+/cluster_4_2607.BMP,AB+,PASS,0.6485639158576052,64.85639158576052,1,0.5634517766497462,56.34517766497462,False,False,False,False,False,
AB+/cluster_4_2611.BMP,AB+,PASS,0.7253236245954693,72.53236245954693,1,0.5634517766497462,56.34517766497462,False,False,False,False,False,
AB+/cluster_4_2614.BMP,AB+,PASS,0.6936690938511327,69.36690938511327,1,0.5532994923857868,55.32994923857868,False,False,False,False,False,
AB+/cluster_4_2618.BMP,AB+,PASS,0.7419093851132686,74.19093851132686,1,0.6091370558375635,60.913705583756354,False,False,False,False,False,
AB+/cluster_4_2619.BMP,AB+,PASS,0.6098300970873787,60.98300970873787,1,0.5685279187817259,56.852791878172596,False,False,False,False,False,
AB+/cluster_4_2621.BMP,AB+,PASS,0.695995145631068,69.5995145631068,1,0.565989847715736,56.598984771573605,False,False,False,False,False,
AB+/cluster_4_263.BMP,AB+,PASS,0.5877831715210357,58.77831715210357,1,0.5685279187817259,56.852791878172596,False,False,False,False,False,
AB+/cluster_4_264.BMP,AB+,PASS,0.6906351132686084,69.06351132686083,1,0.5634517766497462,56.34517766497462,False,False,False,False,False,
AB+/cluster_4_265.BMP,AB+,PASS,0.6039644012944984,60.396440129449836,1,0.565989847715736,56.598984771573605,False,False,False,False,False,
AB+/cluster_4_2666.BMP,AB+,PASS,0.6326860841423948,63.26860841423948,1,0.5634517766497462,56.34517766497462,False,False,False,False,False,
AB+/cluster_4_2673.BMP,AB+,PASS,0.5955703883495146,59.557038834951456,1,0.5634517766497462,56.34517766497462,False,False,False,False,False,
AB+/cluster_4_2675.BMP,AB+,PASS,0.7349312297734628,73.49312297734627,1,0.6675126903553299,66.75126903553299,False,False,False,False,False,
AB+/cluster_4_268.BMP,AB+,PASS,0.6709142394822006,67.09142394822007,1,0.5685279187817259,56.852791878172596,False,False,False,False,False,
AB+/cluster_4_2680.BMP,AB+,PASS,0.7000404530744336,70.00404530744336,1,0.6421319796954315,64.21319796954315,False,False,False,False,False,
AB+/cluster_4_2686.BMP,AB+,PASS,0.6486650485436893,64.86650485436894,1,0.5583756345177665,55.83756345177665,False,False,False,False,False,
AB+/cluster_4_2688.BMP,AB+,PASS,0.6718244336569579,67.18244336569579,1,0.5685279187817259,56.852791878172596,False,False,False,False,False,
AB+/cluster_4_2699.BMP,AB+,PASS,0.6995347896440129,69.9534789644013,1,0.5634517766497462,56.34517766497462,False,False,False,False,False,
AB+/cluster_4_27.BMP,AB+,PASS,0.745752427184466,74.5752427184466,1,0.6725888324873096,67.25888324873097,False,False,False,False,False,
AB+/cluster_4_2700.BMP,AB+,PASS,0.7318972491909385,73.18972491909385,1,0.5888324873096447,58.88324873096447,False,False,False,False,False,
AB+/cluster_4_2709.BMP,AB+,PASS,0.6188309061488673,61.883090614886726,1,0.5583756345177665,55.83756345177665,False,False,False,False,False,
AB+/cluster_4_272.BMP,AB+,PASS,0.6816343042071198,68.16343042071198,1,0.6573604060913706,65.73604060913706,False,False,False,False,False,
AB+/cluster_4_2720.BMP,AB+,PASS,0.6627224919093851,66.27224919093851,1,0.5634517766497462,56.34517766497462,False,False,False,False,False,
AB+/cluster_4_2726.BMP,AB+,PASS,0.7847896440129449,78.47896440129449,1,0.6675126903553299,66.75126903553299,False,False,False,False,False,
AB+/cluster_4_2727.BMP,AB+,PASS,0.5612864077669902,56.12864077669902,1,0.5583756345177665,55.83756345177665,False,False,False,False,False,
AB+/cluster_4_2743.BMP,AB+,PASS,0.710254854368932,71.0254854368932,1,0.5913705583756346,59.13705583756346,False,False,False,False,False,
AB+/cluster_4_2763.BMP,AB+,PASS,0.7618325242718447,76.18325242718447,1,0.5685279187817259,56.852791878172596,False,False,False,False,False,
AB+/cluster_4_2787.BMP,AB+,PASS,0.7621359223300971,76.2135922330097,1,0.6091370558375635,60.913705583756354,False,False,False,False,False,
AB+/cluster_4_2796.BMP,AB+,PASS,0.6081108414239482,60.81108414239482,1,0.565989847715736,56.598984771573605,False,False,False,False,False,
AB+/cluster_4_2801.BMP,AB+,PASS,0.6910396440129449,69.10396440129449,1,0.5583756345177665,55.83756345177665,False,False,False,False,False,
AB+/cluster_4_2804.BMP,AB+,PASS,0.7013551779935275,70.13551779935275,1,0.5583756345177665,55.83756345177665,False,False,False,False,False,
AB+/cluster_4_2818.BMP,AB+,PASS,0.6705097087378641,67.05097087378641,1,0.5685279187817259,56.852791878172596,False,False,False,False,False,
AB+/cluster_4_282.BMP,AB+,PASS,0.652002427184466,65.2002427184466,1,0.5685279187817259,56.852791878172596,False,False,False,False,False,
AB+/cluster_4_2822.BMP,AB+,PASS,0.6659587378640777,66.59587378640776,1,0.5685279187817259,56.852791878172596,False,False,False,False,False,
AB+/cluster_4_2837.BMP,AB+,PASS,0.6639360841423948,66.39360841423948,1,0.5685279187817259,56.852791878172596,False,False,False,False,False,
AB+/cluster_4_2850.BMP,AB+,PASS,0.6650485436893204,66.50485436893204,1,0.5913705583756346,59.13705583756346,False,False,False,False,False,
AB+/cluster_4_2854.BMP,AB+,PASS,0.6333940129449838,63.33940129449837,1,0.5634517766497462,56.34517766497462,False,False,False,False,False,
AB+/cluster_4_2856.BMP,AB+,PASS,0.684668284789644,68.4668284789644,1,0.6395939086294417,63.95939086294417,False,False,False,False,False,
AB+/cluster_4_2861.BMP,AB+,PASS,0.7131877022653722,71.31877022653723,1,0.6370558375634517,63.70558375634518,False,False,False,False,False,
AB+/cluster_4_2864.BMP,AB+,PASS,0.3860234627831715,38.60234627831715,1,0.5583756345177665,55.83756345177665,False,False,False,False,False,
AB+/cluster_4_2876.BMP,AB+,PASS,0.6794093851132686,67.94093851132686,1,0.5634517766497462,56.34517766497462,False,False,False,False,False,
AB+/cluster_4_2889.BMP,AB+,PASS,0.735032362459547,73.5032362459547,1,0.5634517766497462,56.34517766497462,False,False,False,False,False,
AB+/cluster_4_2896.BMP,AB+,PASS,0.5856593851132686,58.56593851132686,1,0.5634517766497462,56.34517766497462,False,False,False,False,False,
AB+/cluster_4_2900.BMP,AB+,PASS,0.7401901294498382,74.01901294498381,1,0.6269035532994924,62.69035532994924,False,False,False,False,False,
AB+/cluster_4_2901.BMP,AB+,PASS,0.5818163430420712,58.18163430420712,1,0.565989847715736,56.598984771573605,False,False,False,False,False,
AB+/cluster_4_2911.BMP,AB+,PASS,0.759203074433657,75.9203074433657,1,0.6852791878172588,68.52791878172589,False,False,False,False,False,
AB+/cluster_4_2929.BMP,AB+,PASS,0.7026699029126213,70.26699029126213,1,0.5685279187817259,56.852791878172596,False,False,False,False,False,
AB+/cluster_4_2931.BMP,AB+,PASS,0.6437095469255664,64.37095469255664,1,0.5685279187817259,56.852791878172596,False,False,False,False,False,
AB+/cluster_4_2937.BMP,AB+,PASS,0.6140776699029126,61.40776699029126,1,0.5532994923857868,55.32994923857868,False,False,False,False,False,
AB+/cluster_4_2943.BMP,AB+,PASS,0.6377427184466019,63.77427184466019,1,0.5634517766497462,56.34517766497462,False,False,False,False,False,
AB+/cluster_4_2949.BMP,AB+,PASS,0.7191545307443366,71.91545307443366,1,0.5888324873096447,58.88324873096447,False,False,False,False,False,
AB+/cluster_4_2956.BMP,AB+,PASS,0.7203681229773463,72.03681229773463,1,0.5634517766497462,56.34517766497462,False,False,False,False,False,
AB+/cluster_4_296.BMP,AB+,PASS,0.7396844660194175,73.96844660194175,1,0.5634517766497462,56.34517766497462,False,False,False,False,False,
AB+/cluster_4_2960.BMP,AB+,PASS,0.7013551779935275,70.13551779935275,1,0.5634517766497462,56.34517766497462,False,False,False,False,False,
AB+/cluster_4_2961.BMP,AB+,PASS,0.6497775080906149,64.97775080906149,1,0.5685279187817259,56.852791878172596,False,False,False,False,False,
AB+/cluster_4_2965.BMP,AB+,PASS,0.7903519417475728,79.03519417475728,1,0.7157360406091371,71.57360406091371,False,False,False,False,False,
AB+/cluster_4_2981.BMP,AB+,PASS,0.674656148867314,67.4656148867314,1,0.6370558375634517,63.70558375634518,False,False,False,False,False,
AB+/cluster_4_2988.BMP,AB+,PASS,0.7058050161812298,70.58050161812298,1,0.5685279187817259,56.852791878172596,False,False,False,False,False,
AB+/cluster_4_3000.BMP,AB+,PASS,0.659081715210356,65.9081715210356,1,0.5685279187817259,56.852791878172596,False,False,False,False,False,
AB+/cluster_4_3003.BMP,AB+,PASS,0.652002427184466,65.2002427184466,1,0.5710659898477157,57.10659898477157,False,False,False,False,False,
AB+/cluster_4_3011.BMP,AB+,PASS,0.7025687702265372,70.25687702265373,1,0.5964467005076142,59.64467005076142,False,False,False,False,False,
AB+/cluster_4_3015.BMP,AB+,PASS,0.5771642394822006,57.71642394822006,1,0.5634517766497462,56.34517766497462,False,False,False,False,False,
AB+/cluster_4_3018.BMP,AB+,PASS,0.6651496763754046,66.51496763754045,1,0.5634517766497462,56.34517766497462,False,False,False,False,False,
AB+/cluster_4_3021.BMP,AB+,PASS,0.6336974110032363,63.36974110032363,1,0.5583756345177665,55.83756345177665,False,False,False,False,False,
AB+/cluster_4_3022.BMP,AB+,PASS,0.5928398058252428,59.28398058252428,2,0.565989847715736,56.598984771573605,False,False,False,False,False,
AB+/cluster_4_3031.BMP,AB+,PASS,0.7667880258899676,76.67880258899676,1,0.6395939086294417,63.95939086294417,False,False,False,False,False,
AB+/cluster_4_304.BMP,AB+,PASS,0.5970873786407767,59.70873786407766,1,0.5558375634517766,55.58375634517766,False,False,False,False,False,
AB+/cluster_4_3041.BMP,AB+,PASS,0.722997572815534,72.2997572815534,1,0.5532994923857868,55.32994923857868,False,False,False,False,False,
AB+/cluster_4_3045.BMP,AB+,PASS,0.7369538834951457,73.69538834951457,1,0.631979695431472,63.1979695431472,False,False,False,False,False,
AB+/cluster_4_3077.BMP,AB+,PASS,0.7128843042071198,71.28843042071198,1,0.631979695431472,63.1979695431472,False,False,False,False,False,
AB+/cluster_4_3097.BMP,AB+,PASS,0.7060072815533981,70.60072815533981,1,0.6573604060913706,65.73604060913706,False,False,False,False,False,
AB+/cluster_4_3098.BMP,AB+,PASS,0.6475525889967637,64.75525889967638,1,0.6522842639593909,65.22842639593908,False,False,False,False,False,
AB+/cluster_4_3103.BMP,AB+,PASS,0.5537014563106796,55.370145631067956,1,0.5634517766497462,56.34517766497462,False,False,False,False,False,
AB+/cluster_4_3107.BMP,AB+,PASS,0.6842637540453075,68.42637540453075,1,0.565989847715736,56.598984771573605,False,False,False,False,False,
AB+/cluster_4_3121.BMP,AB+,PASS,0.6973098705501618,69.73098705501619,1,0.5685279187817259,56.852791878172596,False,False,False,False,False,
AB+/cluster_4_313.BMP,AB+,PASS,0.5716019417475728,57.16019417475729,1,0.5634517766497462,56.34517766497462,False,False,False,False,False,
AB+/cluster_4_3130.BMP,AB+,PASS,0.597997572815534,59.7997572815534,1,0.5888324873096447,58.88324873096447,False,False,False,False,False,
AB+/cluster_4_3132.BMP,AB+,PASS,0.6847694174757282,68.47694174757282,1,0.6243654822335025,62.43654822335025,False,False,False,False,False,
AB+/cluster_4_3150.BMP,AB+,PASS,0.5574433656957929,55.74433656957929,1,0.5685279187817259,56.852791878172596,False,False,False,False,False,
AB+/cluster_4_3151.BMP,AB+,PASS,0.692455501618123,69.2455501618123,1,0.6700507614213198,67.00507614213198,False,False,False,False,False,
AB+/cluster_4_316.BMP,AB+,PASS,0.6714199029126213,67.14199029126213,1,0.6446700507614214,64.46700507614213,False,False,False,False,False,
AB+/cluster_4_3168.BMP,AB+,PASS,0.7245145631067961,72.4514563106796,1,0.5583756345177665,55.83756345177665,False,False,False,False,False,
AB+/cluster_4_3173.BMP,AB+,PASS,0.69457928802589,69.457928802589,1,0.6472081218274112,64.72081218274111,False,False,False,False,False,
AB+/cluster_4_3176.BMP,AB+,PASS,0.6799150485436893,67.99150485436894,1,0.5532994923857868,55.32994923857868,False,False,False,False,False,
AB+/cluster_4_3177.BMP,AB+,PASS,0.6667677993527508,66.67677993527508,1,0.616751269035533,61.6751269035533,False,False,False,False,False,
AB+/cluster_4_3190.BMP,AB+,PASS,0.7338187702265372,73.38187702265373,1,0.6624365482233503,66.24365482233503,False,False,False,False,False,
AB+/cluster_4_3208.BMP,AB+,PASS,0.7375606796116505,73.75606796116504,1,0.6878172588832487,68.78172588832487,False,False,False,False,False,
AB+/cluster_4_321.BMP,AB+,PASS,0.6331917475728155,63.31917475728155,1,0.5634517766497462,56.34517766497462,False,False,False,False,False,
AB+/cluster_4_3210.BMP,AB+,PASS,0.7086367313915858,70.86367313915858,1,0.5532994923857868,55.32994923857868,False,False,False,False,False,
AB+/cluster_4_3216.BMP,AB+,PASS,0.6869943365695793,68.69943365695794,1,0.5532994923857868,55.32994923857868,False,False,False,False,False,
AB+/cluster_4_3220.BMP,AB+,PASS,0.6349110032362459,63.49110032362459,1,0.5634517766497462,56.34517766497462,False,False,False,False,False,
AB+/cluster_4_3221.BMP,AB+,PASS,0.6098300970873787,60.98300970873787,1,0.5685279187817259,56.852791878172596,False,False,False,False,False,
AB+/cluster_4_3223.BMP,AB+,PASS,0.5642192556634305,56.42192556634305,1,0.5685279187817259,56.852791878172596,False,False,False,False,False,
AB+/cluster_4_3237.BMP,AB+,PASS,0.712378640776699,71.2378640776699,1,0.5634517766497462,56.34517766497462,False,False,False,False,False,
AB+/cluster_4_3238.BMP,AB+,PASS,0.6364279935275081,63.642799352750814,1,0.5532994923857868,55.32994923857868,False,False,False,False,False,
AB+/cluster_4_3243.BMP,AB+,PASS,0.7247168284789643,72.47168284789643,1,0.5634517766497462,56.34517766497462,False,False,False,False,False,
AB+/cluster_4_3248.BMP,AB+,PASS,0.5463187702265372,54.63187702265372,1,0.5558375634517766,55.58375634517766,False,False,False,False,False,
AB+/cluster_4_3249.BMP,AB+,PASS,0.7100525889967637,71.00525889967638,1,0.6421319796954315,64.21319796954315,False,False,False,False,False,
AB+/cluster_4_325.BMP,AB+,PASS,0.652002427184466,65.2002427184466,1,0.5710659898477157,57.10659898477157,False,False,False,False,False,
AB+/cluster_4_3250.BMP,AB+,PASS,0.6554409385113269,65.54409385113269,1,0.616751269035533,61.6751269035533,False,False,False,False,False,
AB+/cluster_4_3253.BMP,AB+,PASS,0.7079288025889967,70.79288025889967,1,0.5634517766497462,56.34517766497462,False,False,False,False,False,
AB+/cluster_4_3254.BMP,AB+,PASS,0.6851739482200647,68.51739482200647,1,0.5634517766497462,56.34517766497462,False,False,False,False,False,
AB+/cluster_4_3258.BMP,AB+,PASS,0.7268406148867314,72.68406148867314,1,0.6294416243654822,62.944162436548226,False,False,False,False,False,
AB+/cluster_4_3264.BMP,AB+,PASS,0.6907362459546925,69.07362459546925,1,0.6370558375634517,63.70558375634518,False,False,False,False,False,
AB+/cluster_4_3287.BMP,AB+,PASS,0.6317758899676376,63.17758899676376,1,0.5532994923857868,55.32994923857868,False,False,False,False,False,
AB+/cluster_4_3302.BMP,AB+,PASS,0.6246966019417476,62.46966019417476,1,0.5583756345177665,55.83756345177665,False,False,False,False,False,
AB+/cluster_4_3313.BMP,AB+,PASS,0.710254854368932,71.0254854368932,1,0.6395939086294417,63.95939086294417,False,False,False,False,False,
AB+/cluster_4_333.BMP,AB+,PASS,0.7088389967637541,70.8838996763754,1,0.5736040609137056,57.360406091370564,False,False,False,False,False,
AB+/cluster_4_3345.BMP,AB+,PASS,0.653418284789644,65.3418284789644,1,0.5685279187817259,56.852791878172596,False,False,False,False,False,
AB+/cluster_4_3348.BMP,AB+,PASS,0.7079288025889967,70.79288025889967,1,0.5634517766497462,56.34517766497462,False,False,False,False,False,
AB+/cluster_4_3351.BMP,AB+,PASS,0.7014563106796117,70.14563106796116,1,0.6573604060913706,65.73604060913706,False,False,False,False,False,
AB+/cluster_4_3352.BMP,AB+,PASS,0.6582726537216829,65.82726537216828,1,0.6091370558375635,60.913705583756354,False,False,False,False,False,
AB+/cluster_4_3366.BMP,AB+,PASS,0.6635315533980582,66.35315533980582,1,0.5634517766497462,56.34517766497462,False,False,False,False,False,
AB+/cluster_4_3368.BMP,AB+,PASS,0.6435072815533981,64.35072815533981,1,0.5685279187817259,56.852791878172596,False,False,False,False,False,
AB+/cluster_4_337.BMP,AB+,PASS,0.635720064724919,63.57200647249191,1,0.5685279187817259,56.852791878172596,False,False,False,False,False,
AB+/cluster_4_3375.BMP,AB+,PASS,0.7544498381877023,75.44498381877023,1,0.6725888324873096,67.25888324873097,False,False,False,False,False,
AB+/cluster_4_338.BMP,AB+,PASS,0.6524069579288025,65.24069579288026,1,0.5532994923857868,55.32994923857868,False,False,False,False,False,
AB+/cluster_4_3387.BMP,AB+,PASS,0.7230987055016181,72.30987055016182,1,0.5532994923857868,55.32994923857868,False,False,False,False,False,
AB+/cluster_4_3393.BMP,AB+,PASS,0.6506877022653722,65.06877022653723,1,0.5634517766497462,56.34517766497462,False,False,False,False,False,
AB+/cluster_4_3397.BMP,AB+,PASS,0.7657766990291263,76.57766990291263,1,0.583756345177665,58.37563451776649,False,False,False,False,False,
AB+/cluster_4_3398.BMP,AB+,PASS,0.7041868932038835,70.41868932038835,1,0.5685279187817259,56.852791878172596,False,False,False,False,False,
AB+/cluster_4_340.BMP,AB+,PASS,0.7056027508090615,70.56027508090615,1,0.5634517766497462,56.34517766497462,False,False,False,False,False,
AB+/cluster_4_3422.BMP,AB+,PASS,0.6798139158576052,67.98139158576052,1,0.5710659898477157,57.10659898477157,False,False,False,False,False,
AB+/cluster_4_3427.BMP,AB+,PASS,0.6810275080906149,68.10275080906149,1,0.631979695431472,63.1979695431472,False,False,False,False,False,
AB+/cluster_4_3432.BMP,AB+,PASS,0.6335962783171522,63.359627831715216,1,0.5532994923857868,55.32994923857868,False,False,False,False,False,
AB+/cluster_4_344.BMP,AB+,PASS,0.5855582524271845,58.55582524271845,1,0.5634517766497462,56.34517766497462,False,False,False,False,False,
AB+/cluster_4_3440.BMP,AB+,PASS,0.7112661812297735,71.12661812297735,1,0.6446700507614214,64.46700507614213,False,False,False,False,False,
AB+/cluster_4_3446.BMP,AB+,PASS,0.6670711974110033,66.70711974110033,1,0.5812182741116751,58.121827411167516,False,False,False,False,False,
AB+/cluster_4_3452.BMP,AB+,PASS,0.6526092233009708,65.26092233009709,1,0.5710659898477157,57.10659898477157,False,False,False,False,False,
AB+/cluster_4_3458.BMP,AB+,PASS,0.7214805825242718,72.14805825242718,1,0.6472081218274112,64.72081218274111,False,False,False,False,False,
AB+/cluster_4_3459.BMP,AB+,PASS,0.6715210355987055,67.15210355987054,1,0.5583756345177665,55.83756345177665,False,False,False,False,False,
AB+/cluster_4_347.BMP,AB+,PASS,0.6330906148867314,63.30906148867314,1,0.5634517766497462,56.34517766497462,False,False,False,False,False,
AB+/cluster_4_3489.BMP,AB+,PASS,0.6057847896440129,60.57847896440129,1,0.565989847715736,56.598984771573605,False,False,False,False,False,
AB+/cluster_4_349.BMP,AB+,PASS,0.7002427184466019,70.02427184466019,1,0.5634517766497462,56.34517766497462,False,False,False,False,False,
AB+/cluster_4_3492.BMP,AB+,PASS,0.7157160194174758,71.57160194174757,1,0.5634517766497462,56.34517766497462,False,False,False,False,False,
AB+/cluster_4_3504.BMP,AB+,PASS,0.554004854368932,55.4004854368932,1,0.5685279187817259,56.852791878172596,False,False,False,False,False,
AB+/cluster_4_3505.BMP,AB+,PASS,0.7112661812297735,71.12661812297735,2,0.5634517766497462,56.34517766497462,False,False,False,False,False,
AB+/cluster_4_3524.BMP,AB+,PASS,0.7291666666666666,72.91666666666666,1,0.6395939086294417,63.95939086294417,False,False,False,False,False,
AB+/cluster_4_3542.BMP,AB+,PASS,0.7460558252427184,74.60558252427184,1,0.5761421319796954,57.61421319796954,False,False,False,False,False,
AB+/cluster_4_355.BMP,AB+,PASS,0.6992313915857605,69.92313915857605,1,0.5736040609137056,57.360406091370564,False,False,False,False,False,
AB+/cluster_4_3558.BMP,AB+,PASS,0.7249190938511327,72.49190938511327,1,0.565989847715736,56.598984771573605,False,False,False,False,False,
AB+/cluster_4_3563.BMP,AB+,PASS,0.6526092233009708,65.26092233009709,1,0.5634517766497462,56.34517766497462,False,False,False,False,False,
AB+/cluster_4_3565.BMP,AB+,PASS,0.6819377022653722,68.19377022653723,1,0.5583756345177665,55.83756345177665,False,False,False,False,False,
AB+/cluster_4_3566.BMP,AB+,PASS,0.6502831715210357,65.02831715210357,1,0.649746192893401,64.9746192893401,False,False,False,False,False,
AB+/cluster_4_3578.BMP,AB+,PASS,0.6968042071197411,69.68042071197411,1,0.5634517766497462,56.34517766497462,False,False,False,False,False,
AB+/cluster_4_358.BMP,AB+,PASS,0.6800161812297735,68.00161812297735,1,0.5634517766497462,56.34517766497462,False,False,False,False,False,
AB+/cluster_4_3580.BMP,AB+,PASS,0.6146844660194175,61.46844660194175,1,0.5634517766497462,56.34517766497462,False,False,False,False,False,
AB+/cluster_4_3581.BMP,AB+,PASS,0.580906148867314,58.090614886731395,3,0.5583756345177665,55.83756345177665,False,False,False,False,False,
AB+/cluster_4_3588.BMP,AB+,PASS,0.7318972491909385,73.18972491909385,1,0.565989847715736,56.598984771573605,False,False,False,False,False,
AB+/cluster_4_359.BMP,AB+,PASS,0.657665857605178,65.7665857605178,1,0.5634517766497462,56.34517766497462,False,False,False,False,False,
AB+/cluster_4_3594.BMP,AB+,PASS,0.6097289644012945,60.97289644012945,1,0.5736040609137056,57.360406091370564,False,False,False,False,False,
AB+/cluster_4_3596.BMP,AB+,PASS,0.6347087378640777,63.470873786407765,1,0.5685279187817259,56.852791878172596,False,False,False,False,False,
AB+/cluster_4_3604.BMP,AB+,PASS,0.6293487055016181,62.93487055016181,1,0.565989847715736,56.598984771573605,False,False,False,False,False,
AB+/cluster_4_361.BMP,AB+,PASS,0.6445186084142395,64.45186084142395,1,0.5634517766497462,56.34517766497462,False,False,False,False,False,
AB+/cluster_4_3624.BMP,AB+,PASS,0.6631270226537217,66.31270226537217,1,0.5634517766497462,56.34517766497462,False,False,False,False,False,
AB+/cluster_4_3626.BMP,AB+,PASS,0.6926577669902912,69.26577669902912,1,0.5710659898477157,57.10659898477157,False,False,False,False,False,
AB+/cluster_4_3642.BMP,AB+,PASS,0.6943770226537217,69.43770226537217,1,0.5532994923857868,55.32994923857868,False,False,False,False,False,
AB+/cluster_4_3649.BMP,AB+,PASS,0.5416666666666666,54.166666666666664,1,0.5685279187817259,56.852791878172596,False,False,False,False,False,
AB+/cluster_4_365.BMP,AB+,PASS,0.6063915857605178,60.63915857605178,1,0.5634517766497462,56.34517766497462,False,False,False,False,False,
AB+/cluster_4_3659.BMP,AB+,PASS,0.6914441747572816,69.14441747572816,1,0.5685279187817259,56.852791878172596,False,False,False,False,False,
AB+/cluster_4_3662.BMP,AB+,PASS,0.647754854368932,64.7754854368932,1,0.5634517766497462,56.34517766497462,False,False,False,False,False,
AB+/cluster_4_3667.BMP,AB+,PASS,0.6636326860841424,66.36326860841424,1,0.5583756345177665,55.83756345177665,False,False,False,False,False,
AB+/cluster_4_3669.BMP,AB+,PASS,0.7467637540453075,74.67637540453075,1,0.6065989847715736,60.659898477157356,False,False,False,False,False,
AB+/cluster_4_3673.BMP,AB+,PASS,0.7036812297734628,70.36812297734627,1,0.682741116751269,68.2741116751269,False,False,False,False,False,
AB+/cluster_4_3678.BMP,AB+,PASS,0.7106593851132686,71.06593851132686,1,0.5583756345177665,55.83756345177665,False,False,False,False,False,
AB+/cluster_4_3691.BMP,AB+,PASS,0.7029733009708737,70.29733009708737,1,0.6928934010152284,69.28934010152284,False,False,False,False,False,
AB+/cluster_4_3692.BMP,AB+,PASS,0.6152912621359223,61.529126213592235,1,0.5634517766497462,56.34517766497462,False,False,False,False,False,
AB+/cluster_4_3694.BMP,AB+,PASS,0.6373381877022654,63.733818770226534,1,0.5685279187817259,56.852791878172596,False,False,False,False,False,
AB+/cluster_4_37.BMP,AB+,PASS,0.5579490291262136,55.79490291262136,1,0.5634517766497462,56.34517766497462,False,False,False,False,False,
AB+/cluster_4_3707.BMP,AB+,PASS,0.6962985436893204,69.62985436893204,1,0.5812182741116751,58.121827411167516,False,False,False,False,False,
AB+/cluster_4_3709.BMP,AB+,PASS,0.7540453074433657,75.40453074433657,1,0.6751269035532995,67.51269035532995,False,False,False,False,False,
AB+/cluster_4_3725.BMP,AB+,PASS,0.5984021035598706,59.840210355987054,1,0.565989847715736,56.598984771573605,False,False,False,False,False,
AB+/cluster_4_3726.BMP,AB+,PASS,0.6698017799352751,66.98017799352752,1,0.5634517766497462,56.34517766497462,False,False,False,False,False,
AB+/cluster_4_3735.BMP,AB+,PASS,0.6670711974110033,66.70711974110033,1,0.565989847715736,56.598984771573605,False,False,False,False,False,
AB+/cluster_4_3739.BMP,AB+,PASS,0.7181432038834952,71.81432038834951,1,0.5583756345177665,55.83756345177665,False,False,False,False,False,
AB+/cluster_4_3747.BMP,AB+,PASS,0.6672734627831716,66.72734627831716,1,0.5685279187817259,56.852791878172596,False,False,False,False,False,
AB+/cluster_4_3751.BMP,AB+,PASS,0.7524271844660194,75.24271844660194,1,0.6573604060913706,65.73604060913706,False,False,False,False,False,
AB+/cluster_4_385.BMP,AB+,PASS,0.6717233009708737,67.17233009708737,1,0.5888324873096447,58.88324873096447,False,False,False,False,False,
AB+/cluster_4_3857.BMP,AB+,PASS,0.5839401294498382,58.39401294498382,1,0.565989847715736,56.598984771573605,False,False,False,False,False,
AB+/cluster_4_3859.BMP,AB+,PASS,0.6475525889967637,64.75525889967638,1,0.5609137055837563,56.09137055837563,False,False,False,False,False,
AB+/cluster_4_3861.BMP,AB+,PASS,0.7274474110032363,72.74474110032362,1,0.5583756345177665,55.83756345177665,False,False,False,False,False,
AB+/cluster_4_3864.BMP,AB+,PASS,0.6279328478964401,62.79328478964401,1,0.5583756345177665,55.83756345177665,False,False,False,False,False,
AB+/cluster_4_3875.BMP,AB+,PASS,0.7183454692556634,71.83454692556634,1,0.6269035532994924,62.69035532994924,False,False,False,False,False,
AB+/cluster_4_388.BMP,AB+,PASS,0.5424963101172408,54.24963101172408,1,0.5484171322160148,54.84171322160149,False,False,False,False,False,
AB+/cluster_4_3881.BMP,AB+,PASS,0.6148867313915858,61.48867313915858,1,0.5532994923857868,55.32994923857868,False,False,False,False,False,
AB+/cluster_4_3884.BMP,AB+,PASS,0.6715210355987055,67.15210355987054,1,0.5685279187817259,56.852791878172596,False,False,False,False,False,
AB+/cluster_4_3887.BMP,AB+,PASS,0.4393203883495146,43.932038834951456,1,0.5532994923857868,55.32994923857868,False,False,False,False,False,
AB+/cluster_4_3896.BMP,AB+,PASS,0.5597694174757282,55.976941747572816,1,0.5634517766497462,56.34517766497462,False,False,False,False,False,
AB+/cluster_4_3898.BMP,AB+,PASS,0.6009304207119741,60.09304207119741,1,0.5583756345177665,55.83756345177665,False,False,False,False,False,
AB+/cluster_4_3901.BMP,AB+,PASS,0.5363066343042071,53.63066343042071,1,0.5583756345177665,55.83756345177665,False,False,False,False,False,
AB+/cluster_4_3907.BMP,AB+,PASS,0.6343042071197411,63.43042071197411,1,0.5634517766497462,56.34517766497462,False,False,False,False,False,
AB+/cluster_4_392.BMP,AB+,PASS,0.5607807443365695,56.07807443365695,1,0.5634517766497462,56.34517766497462,False,False,False,False,False,
AB+/cluster_4_3920.BMP,AB+,PASS,0.6030542071197411,60.30542071197411,1,0.6675126903553299,66.75126903553299,False,False,False,False,False,
AB+/cluster_4_3924.BMP,AB+,PASS,0.6379449838187702,63.79449838187702,1,0.5685279187817259,56.852791878172596,False,False,False,False,False,
AB+/cluster_4_3932.BMP,AB+,PASS,0.6978155339805825,69.78155339805825,1,0.5583756345177665,55.83756345177665,False,False,False,False,False,
AB+/cluster_4_3934.BMP,AB+,PASS,0.6975121359223301,69.75121359223301,1,0.6472081218274112,64.72081218274111,False,False,False,False,False,
AB+/cluster_4_3955.BMP,AB+,PASS,0.6939724919093851,69.39724919093851,1,0.6624365482233503,66.24365482233503,False,False,False,False,False,
AB+/cluster_4_3967.BMP,AB+,PASS,0.682544498381877,68.2544498381877,1,0.5685279187817259,56.852791878172596,False,False,False,False,False,
AB+/cluster_4_397.BMP,AB+,PASS,0.6356189320388349,63.56189320388349,1,0.5634517766497462,56.34517766497462,False,False,False,False,False,
AB+/cluster_4_3978.BMP,AB+,PASS,0.685376213592233,68.5376213592233,1,0.6294416243654822,62.944162436548226,False,False,False,False,False,
AB+/cluster_4_3988.BMP,AB+,PASS,0.6909385113268608,69.09385113268608,1,0.5710659898477157,57.10659898477157,False,False,False,False,False,
AB+/cluster_4_3998.BMP,AB+,PASS,0.5485436893203883,54.85436893203883,1,0.5634517766497462,56.34517766497462,False,False,False,False,False,
AB+/cluster_4_4.BMP,AB+,PASS,0.6709142394822006,67.09142394822007,1,0.5685279187817259,56.852791878172596,False,False,False,False,False,
AB+/cluster_4_4001.BMP,AB+,PASS,0.6834546925566343,68.34546925566343,1,0.5532994923857868,55.32994923857868,False,False,False,False,False,
AB+/cluster_4_4010.BMP,AB+,PASS,0.6370347896440129,63.70347896440129,1,0.5685279187817259,56.852791878172596,False,False,False,False,False,
AB+/cluster_4_4041.BMP,AB+,PASS,0.7396844660194175,73.96844660194175,1,0.6802030456852792,68.02030456852792,False,False,False,False,False,
AB+/cluster_4_4052.BMP,AB+,PASS,0.6662621359223301,66.62621359223301,1,0.6243654822335025,62.43654822335025,False,False,False,False,False,
AB+/cluster_4_4058.BMP,AB+,PASS,0.7104571197411004,71.04571197411003,1,0.5989847715736041,59.89847715736041,False,False,False,False,False,
AB+/cluster_4_4066.BMP,AB+,PASS,0.6450242718446602,64.50242718446601,1,0.5685279187817259,56.852791878172596,False,False,False,False,False,
AB+/cluster_4_4073.BMP,AB+,PASS,0.7278519417475728,72.78519417475728,1,0.5761421319796954,57.61421319796954,False,False,False,False,False,
AB+/cluster_4_4096.BMP,AB+,PASS,0.5994134304207119,59.941343042071196,1,0.5634517766497462,56.34517766497462,False,False,False,False,False,
AB+/cluster_4_4105.BMP,AB+,PASS,0.6759708737864077,67.59708737864078,1,0.5736040609137056,57.360406091370564,False,False,False,False,False,
AB+/cluster_4_4106.BMP,AB+,PASS,0.6976132686084142,69.76132686084142,1,0.5583756345177665,55.83756345177665,False,False,False,False,False,
AB+/cluster_4_411.BMP,AB+,PASS,0.7693163430420712,76.93163430420712,1,0.6421319796954315,64.21319796954315,False,False,False,False,False,
AB+/cluster_4_4119.BMP,AB+,PASS,0.6666666666666666,66.66666666666666,1,0.583756345177665,58.37563451776649,False,False,False,False,False,
AB+/cluster_4_4122.BMP,AB+,PASS,0.5788834951456311,57.88834951456311,1,0.5634517766497462,56.34517766497462,False,False,False,False,False,
AB+/cluster_4_4127.BMP,AB+,PASS,0.6331917475728155,63.31917475728155,1,0.565989847715736,56.598984771573605,False,False,False,False,False,
AB+/cluster_4_4134.BMP,AB+,PASS,0.6099312297734628,60.99312297734628,1,0.5532994923857868,55.32994923857868,False,False,False,False,False,
AB+/cluster_4_4144.BMP,AB+,PASS,0.6809263754045307,68.09263754045307,1,0.5685279187817259,56.852791878172596,False,False,False,False,False,
AB+/cluster_4_4145.BMP,AB+,PASS,0.644923139158576,64.49231391585761,1,0.5634517766497462,56.34517766497462,False,False,False,False,False,
AB+/cluster_4_4167.BMP,AB+,PASS,0.6133697411003236,61.33697411003236,1,0.5634517766497462,56.34517766497462,False,False,False,False,False,
AB+/cluster_4_4169.BMP,AB+,PASS,0.7274474110032363,72.74474110032362,1,0.5812182741116751,58.121827411167516,False,False,False,False,False,
AB+/cluster_4_4176.BMP,AB+,PASS,0.7097491909385113,70.97491909385113,1,0.6269035532994924,62.69035532994924,False,False,False,False,False,
AB+/cluster_4_4218.BMP,AB+,PASS,0.5860639158576052,58.60639158576052,1,0.5634517766497462,56.34517766497462,False,False,False,False,False,
AB+/cluster_4_4220.BMP,AB+,PASS,0.7061084142394822,70.61084142394822,1,0.5685279187817259,56.852791878172596,False,False,False,False,False,
AB+/cluster_4_4221.BMP,AB+,PASS,0.5477346278317152,54.773462783171524,1,0.5710659898477157,57.10659898477157,False,False,False,False,False,
AB+/cluster_4_4240.BMP,AB+,PASS,0.7561690938511327,75.61690938511327,1,0.6700507614213198,67.00507614213198,False,False,False,False,False,
AB+/cluster_4_4278.BMP,AB+,PASS,0.7022653721682848,70.22653721682848,1,0.5634517766497462,56.34517766497462,False,False,False,False,False,
AB+/cluster_4_4282.BMP,AB+,PASS,0.6161003236245954,61.61003236245954,1,0.6294416243654822,62.944162436548226,False,False,False,False,False,
AB+/cluster_4_4283.BMP,AB+,PASS,0.7458535598705501,74.58535598705501,1,0.565989847715736,56.598984771573605,False,False,False,False,False,
AB+/cluster_4_4284.BMP,AB+,PASS,0.7368527508090615,73.68527508090615,1,0.6421319796954315,64.21319796954315,False,False,False,False,False,
AB+/cluster_4_4292.BMP,AB+,PASS,0.7219862459546925,72.19862459546925,1,0.6269035532994924,62.69035532994924,False,False,False,False,False,
AB+/cluster_4_4296.BMP,AB+,PASS,0.5548139158576052,55.48139158576052,1,0.5634517766497462,56.34517766497462,False,False,False,False,False,
AB+/cluster_4_4319.BMP,AB+,PASS,0.6872977346278317,68.72977346278317,1,0.6446700507614214,64.46700507614213,False,False,False,False,False,
AB+/cluster_4_435.BMP,AB+,PASS,0.6815331715210357,68.15331715210357,1,0.5685279187817259,56.852791878172596,False,False,False,False,False,
AB+/cluster_4_4352.BMP,AB+,PASS,0.6951860841423948,69.51860841423948,1,0.6192893401015228,61.92893401015228,False,False,False,False,False,
AB+/cluster_4_436.BMP,AB+,PASS,0.7372572815533981,73.72572815533981,1,0.6395939086294417,63.95939086294417,False,False,False,False,False,
AB+/cluster_4_4365.BMP,AB+,PASS,0.6139765372168284,61.39765372168284,1,0.5583756345177665,55.83756345177665,False,False,False,False,False,
AB+/cluster_4_4369.BMP,AB+,PASS,0.7043891585760518,70.43891585760518,1,0.5634517766497462,56.34517766497462,False,False,False,False,False,
AB+/cluster_4_4372.BMP,AB+,PASS,0.6547330097087378,65.47330097087378,1,0.583756345177665,58.37563451776649,False,False,False,False,False,
AB+/cluster_4_4374.BMP,AB+,PASS,0.7341221682847896,73.41221682847896,1,0.682741116751269,68.2741116751269,False,False,False,False,False,
AB+/cluster_4_4375.BMP,AB+,PASS,0.6521035598705501,65.21035598705501,1,0.5685279187817259,56.852791878172596,False,False,False,False,False,
AB+/cluster_4_438.BMP,AB+,PASS,0.6739482200647249,67.39482200647248,1,0.565989847715736,56.598984771573605,False,False,False,False,False,
AB+/cluster_4_4393.BMP,AB+,PASS,0.722997572815534,72.2997572815534,1,0.5913705583756346,59.13705583756346,False,False,False,False,False,
AB+/cluster_4_4409.BMP,AB+,PASS,0.70165857605178,70.16585760517799,1,0.5786802030456852,57.868020304568525,False,False,False,False,False,
AB+/cluster_4_4429.BMP,AB+,PASS,0.7109627831715211,71.09627831715211,1,0.5685279187817259,56.852791878172596,False,False,False,False,False,
AB+/cluster_4_446.BMP,AB+,PASS,0.6230784789644013,62.30784789644013,1,0.5685279187817259,56.852791878172596,False,False,False,False,False,
AB+/cluster_4_4465.BMP,AB+,PASS,0.6353155339805825,63.53155339805825,1,0.5634517766497462,56.34517766497462,False,False,False,False,False,
AB+/cluster_4_4467.BMP,AB+,PASS,0.6862864077669902,68.62864077669903,1,0.5532994923857868,55.32994923857868,False,False,False,False,False,
AB+/cluster_4_447.BMP,AB+,PASS,0.6627224919093851,66.27224919093851,1,0.5634517766497462,56.34517766497462,False,False,False,False,False,
AB+/cluster_4_4477.BMP,AB+,PASS,0.777002427184466,77.7002427184466,1,0.6065989847715736,60.659898477157356,False,False,False,False,False,
AB+/cluster_4_4499.BMP,AB+,PASS,0.7326051779935275,73.26051779935275,1,0.6243654822335025,62.43654822335025,False,False,False,False,False,
AB+/cluster_4_4515.BMP,AB+,PASS,0.6728357605177994,67.28357605177993,1,0.5634517766497462,56.34517766497462,False,False,False,False,False,
AB+/cluster_4_4523.BMP,AB+,PASS,0.743628640776699,74.3628640776699,1,0.5786802030456852,57.868020304568525,False,False,False,False,False,
AB+/cluster_4_4534.BMP,AB+,PASS,0.6589805825242718,65.89805825242718,1,0.5736040609137056,57.360406091370564,False,False,False,False,False,
AB+/cluster_4_4537.BMP,AB+,PASS,0.6083131067961165,60.83131067961165,1,0.5634517766497462,56.34517766497462,False,False,False,False,False,
AB+/cluster_4_455.BMP,AB+,PASS,0.6864886731391586,68.64886731391586,1,0.5685279187817259,56.852791878172596,False,False,False,False,False,
AB+/cluster_4_4557.BMP,AB+,PASS,0.6131674757281553,61.31674757281553,1,0.5634517766497462,56.34517766497462,False,False,False,False,False,
AB+/cluster_4_4566.BMP,AB+,PASS,0.7283576051779935,72.83576051779936,1,0.649746192893401,64.9746192893401,False,False,False,False,False,
AB+/cluster_4_4567.BMP,AB+,PASS,0.5806027508090615,58.06027508090615,1,0.5685279187817259,56.852791878172596,False,False,False,False,False,
AB+/cluster_4_458.BMP,AB+,PASS,0.6722289644012945,67.22289644012946,1,0.6142131979695431,61.42131979695431,False,False,False,False,False,
AB+/cluster_4_4591.BMP,AB+,PASS,0.7463592233009708,74.63592233009709,1,0.6522842639593909,65.22842639593908,False,False,False,False,False,
AB+/cluster_4_4611.BMP,AB+,PASS,0.7152103559870551,71.52103559870551,1,0.5634517766497462,56.34517766497462,False,False,False,False,False,
AB+/cluster_4_4619.BMP,AB+,PASS,0.5341828478964401,53.41828478964401,1,0.5634517766497462,56.34517766497462,False,False,False,False,False,
AB+/cluster_4_462.BMP,AB+,PASS,0.6184263754045307,61.84263754045307,1,0.5736040609137056,57.360406091370564,False,False,False,False,False,
AB+/cluster_4_4622.BMP,AB+,PASS,0.5780744336569579,57.80744336569579,1,0.5685279187817259,56.852791878172596,False,False,False,False,False,
AB+/cluster_4_4623.BMP,AB+,PASS,0.6350121359223301,63.50121359223301,1,0.5710659898477157,57.10659898477157,False,False,False,False,False,
AB+/cluster_4_4626.BMP,AB+,PASS,0.6076051779935275,60.760517799352755,1,0.5583756345177665,55.83756345177665,False,False,False,False,False,
AB+/cluster_4_463.BMP,AB+,PASS,0.6693972491909385,66.93972491909385,1,0.6142131979695431,61.42131979695431,False,False,False,False,False,
AB+/cluster_4_4679.BMP,AB+,PASS,0.7293689320388349,72.93689320388349,1,0.5685279187817259,56.852791878172596,False,False,False,False,False,
AB+/cluster_4_4681.BMP,AB+,PASS,0.7432241100323624,74.32241100323624,1,0.5685279187817259,56.852791878172596,False,False,False,False,False,
AB+/cluster_4_4687.BMP,AB+,PASS,0.6125606796116505,61.25606796116505,1,0.5634517766497462,56.34517766497462,False,False,False,False,False,
AB+/cluster_4_4699.BMP,AB+,PASS,0.5533980582524272,55.33980582524271,1,0.5736040609137056,57.360406091370564,False,False,False,False,False,
AB+/cluster_4_4701.BMP,AB+,PASS,0.6035598705501618,60.35598705501618,1,0.5634517766497462,56.34517766497462,False,False,False,False,False,
AB+/cluster_4_4706.BMP,AB+,PASS,0.6658576051779935,66.58576051779936,1,0.5634517766497462,56.34517766497462,False,False,False,False,False,
AB+/cluster_4_4707.BMP,AB+,PASS,0.6523058252427184,65.23058252427184,1,0.5710659898477157,57.10659898477157,False,False,False,False,False,
AB+/cluster_4_4709.BMP,AB+,PASS,0.6770833333333334,67.70833333333334,1,0.6345177664974619,63.45177664974619,False,False,False,False,False,
AB+/cluster_4_472.BMP,AB+,PASS,0.735032362459547,73.5032362459547,1,0.6294416243654822,62.944162436548226,False,False,False,False,False,
AB+/cluster_4_4732.BMP,AB+,PASS,0.6624190938511327,66.24190938511327,1,0.5736040609137056,57.360406091370564,False,False,False,False,False,
AB+/cluster_4_4733.BMP,AB+,PASS,0.659081715210356,65.9081715210356,1,0.5634517766497462,56.34517766497462,False,False,False,False,False,
AB+/cluster_4_474.BMP,AB+,PASS,0.7333131067961165,73.33131067961165,1,0.6802030456852792,68.02030456852792,False,False,False,False,False,
AB+/cluster_4_4747.BMP,AB+,PASS,0.6837580906148867,68.37580906148867,1,0.5685279187817259,56.852791878172596,False,False,False,False,False,
AB+/cluster_4_4752.BMP,AB+,PASS,0.7461569579288025,74.61569579288026,1,0.5583756345177665,55.83756345177665,False,False,False,False,False,
AB+/cluster_4_4753.BMP,AB+,PASS,0.6258090614886731,62.580906148867314,1,0.5913705583756346,59.13705583756346,False,False,False,False,False,
AB+/cluster_4_4760.BMP,AB+,PASS,0.6283373786407767,62.83373786407766,1,0.5634517766497462,56.34517766497462,False,False,False,False,False,
AB+/cluster_4_4761.BMP,AB+,PASS,0.6918487055016181,69.18487055016182,1,0.5710659898477157,57.10659898477157,False,False,False,False,False,
AB+/cluster_4_4762.BMP,AB+,PASS,0.7227953074433657,72.27953074433657,1,0.6395939086294417,63.95939086294417,False,False,False,False,False,
AB+/cluster_4_477.BMP,AB+,PASS,0.6564522653721683,65.64522653721683,1,0.5685279187817259,56.852791878172596,False,False,False,False,False,
AB+/cluster_4_4788.BMP,AB+,PASS,0.7341221682847896,73.41221682847896,1,0.6472081218274112,64.72081218274111,False,False,False,False,False,
AB+/cluster_4_4789.BMP,AB+,PASS,0.6691949838187702,66.91949838187702,1,0.5685279187817259,56.852791878172596,False,False,False,False,False,
AB+/cluster_4_4790.BMP,AB+,PASS,0.7188511326860841,71.88511326860841,1,0.5583756345177665,55.83756345177665,False,False,False,False,False,
AB+/cluster_4_4810.BMP,AB+,PASS,0.6730380258899676,67.30380258899676,1,0.5634517766497462,56.34517766497462,False,False,False,False,False,
AB+/cluster_4_4815.BMP,AB+,PASS,0.6744538834951457,67.44538834951457,1,0.5634517766497462,56.34517766497462,False,False,False,False,False,
AB+/cluster_4_4818.BMP,AB+,PASS,0.5725121359223301,57.25121359223301,1,0.5736040609137056,57.360406091370564,False,False,False,False,False,
AB+/cluster_4_482.BMP,AB+,PASS,0.6980177993527508,69.80177993527508,1,0.5532994923857868,55.32994923857868,False,False,False,False,False,
AB+/cluster_4_4823.BMP,AB+,PASS,0.63915857605178,63.915857605178,1,0.5710659898477157,57.10659898477157,False,False,False,False,False,
AB+/cluster_4_4826.BMP,AB+,PASS,0.581400206076471,58.1400206076471,1,0.5232774674115456,52.327746741154556,False,False,False,False,False,
AB+/cluster_4_4829.BMP,AB+,PASS,0.7245145631067961,72.4514563106796,1,0.5532994923857868,55.32994923857868,False,False,False,False,False,
AB+/cluster_4_4832.BMP,AB+,PASS,0.7174352750809061,71.74352750809061,1,0.5583756345177665,55.83756345177665,False,False,False,False,False,
AB+/cluster_4_4845.BMP,AB+,PASS,0.696703074433657,69.6703074433657,1,0.6446700507614214,64.46700507614213,False,False,False,False,False,
AB+/cluster_4_4856.BMP,AB+,PASS,0.7212783171521036,72.12783171521036,1,0.5634517766497462,56.34517766497462,False,False,False,False,False,
AB+/cluster_4_4863.BMP,AB+,PASS,0.7389765372168284,73.89765372168284,1,0.6802030456852792,68.02030456852792,False,False,False,False,False,
AB+/cluster_4_4867.BMP,AB+,PASS,0.6956917475728155,69.56917475728154,1,0.5685279187817259,56.852791878172596,False,False,False,False,False,
AB+/cluster_4_4876.BMP,AB+,PASS,0.7515169902912622,75.15169902912622,1,0.6421319796954315,64.21319796954315,False,False,False,False,False,
AB+/cluster_4_4894.BMP,AB+,PASS,0.6282362459546925,62.823624595469255,1,0.5634517766497462,56.34517766497462,False,False,False,False,False,
AB+/cluster_4_4896.BMP,AB+,PASS,0.6986245954692557,69.86245954692556,1,0.5685279187817259,56.852791878172596,False,False,False,False,False,
AB+/cluster_4_4906.BMP,AB+,PASS,0.6467435275080906,64.67435275080906,1,0.5634517766497462,56.34517766497462,False,False,False,False,False,
AB+/cluster_4_4919.BMP,AB+,PASS,0.6787014563106796,67.87014563106796,1,0.5685279187817259,56.852791878172596,False,False,False,False,False,
AB+/cluster_4_492.BMP,AB+,PASS,0.745044498381877,74.5044498381877,1,0.5710659898477157,57.10659898477157,False,False,False,False,False,
AB+/cluster_4_4925.BMP,AB+,PASS,0.6253033980582524,62.53033980582524,1,0.5634517766497462,56.34517766497462,False,False,False,False,False,
AB+/cluster_4_4940.BMP,AB+,PASS,0.6812297734627831,68.12297734627832,1,0.5710659898477157,57.10659898477157,False,False,False,False,False,
AB+/cluster_4_4946.BMP,AB+,PASS,0.6277305825242718,62.773058252427184,1,0.5685279187817259,56.852791878172596,False,False,False,False,False,
AB+/cluster_4_495.BMP,AB+,PASS,0.6705097087378641,67.05097087378641,1,0.5583756345177665,55.83756345177665,False,False,False,False,False,
AB+/cluster_4_4951.BMP,AB+,PASS,0.6629247572815534,66.29247572815534,1,0.5989847715736041,59.89847715736041,False,False,False,False,False,
AB+/cluster_4_4961.BMP,AB+,PASS,0.6933656957928802,69.33656957928802,1,0.5634517766497462,56.34517766497462,False,False,False,False,False,
AB+/cluster_4_4963.BMP,AB+,PASS,0.7326051779935275,73.26051779935275,1,0.6421319796954315,64.21319796954315,False,False,False,False,False,
AB+/cluster_4_4965.BMP,AB+,PASS,0.6492718446601942,64.92718446601941,1,0.5736040609137056,57.360406091370564,False,False,False,False,False,
AB+/cluster_4_4967.BMP,AB+,PASS,0.6475525889967637,64.75525889967638,1,0.5583756345177665,55.83756345177665,False,False,False,False,False,
AB+/cluster_4_4976.BMP,AB+,PASS,0.7621359223300971,76.2135922330097,1,0.6522842639593909,65.22842639593908,False,False,False,False,False,
AB+/cluster_4_4982.BMP,AB+,PASS,0.6041666666666666,60.416666666666664,1,0.5634517766497462,56.34517766497462,False,False,False,False,False,
AB+/cluster_4_4997.BMP,AB+,PASS,0.7010517799352751,70.10517799352752,1,0.5685279187817259,56.852791878172596,False,False,False,False,False,
AB+/cluster_4_5009.BMP,AB+,PASS,0.5752427184466019,57.52427184466019,1,0.5634517766497462,56.34517766497462,False,False,False,False,False,
AB+/cluster_4_5023.BMP,AB+,PASS,0.6749595469255664,67.49595469255664,1,0.5634517766497462,56.34517766497462,False,False,False,False,False,
AB+/cluster_4_5026.BMP,AB+,PASS,0.6000202265372169,60.00202265372169,1,0.5685279187817259,56.852791878172596,False,False,False,False,False,
AB+/cluster_4_5028.BMP,AB+,PASS,0.676173139158576,67.61731391585761,1,0.5532994923857868,55.32994923857868,False,False,False,False,False,
AB+/cluster_4_5030.BMP,AB+,PASS,0.6763754045307443,67.63754045307444,1,0.565989847715736,56.598984771573605,False,False,False,False,False,
AB+/cluster_4_5031.BMP,AB+,PASS,0.705299352750809,70.5299352750809,1,0.5558375634517766,55.58375634517766,False,False,False,False,False,
AB+/cluster_4_5041.BMP,AB+,PASS,0.6469457928802589,64.69457928802589,1,0.5532994923857868,55.32994923857868,False,False,False,False,False,
AB+/cluster_4_5045.BMP,AB+,PASS,0.7029733009708737,70.29733009708737,1,0.5685279187817259,56.852791878172596,False,False,False,False,False,
AB+/cluster_4_5052.BMP,AB+,PASS,0.7185477346278317,71.85477346278317,1,0.6751269035532995,67.51269035532995,False,False,False,False,False,
AB+/cluster_4_5057.BMP,AB+,PASS,0.5435881877022654,54.358818770226534,1,0.5710659898477157,57.10659898477157,False,False,False,False,False,
AB+/cluster_4_506.BMP,AB+,PASS,0.710254854368932,71.0254854368932,1,0.5634517766497462,56.34517766497462,False,False,False,False,False,
AB+/cluster_4_5065.BMP,AB+,PASS,0.7428195792880259,74.28195792880258,1,0.6395939086294417,63.95939086294417,False,False,False,False,False,
AB+/cluster_4_5075.BMP,AB+,PASS,0.6143810679611651,61.43810679611651,1,0.5634517766497462,56.34517766497462,False,False,False,False,False,
AB+/cluster_4_5076.BMP,AB+,PASS,0.6738470873786407,67.38470873786407,1,0.5532994923857868,55.32994923857868,False,False,False,False,False,
AB+/cluster_4_5078.BMP,AB+,PASS,0.6750606796116505,67.50606796116504,1,0.6218274111675127,62.182741116751274,False,False,False,False,False,
AB+/cluster_4_5090.BMP,AB+,PASS,0.6980177993527508,69.80177993527508,1,0.5634517766497462,56.34517766497462,False,False,False,False,False,
AB+/cluster_4_5099.BMP,AB+,PASS,0.6799150485436893,67.99150485436894,1,0.616751269035533,61.6751269035533,False,False,False,False,False,
AB+/cluster_4_51.BMP,AB+,PASS,0.5945590614886731,59.455906148867314,1,0.5634517766497462,56.34517766497462,False,False,False,False,False,
AB+/cluster_4_5103.BMP,AB+,PASS,0.7157160194174758,71.57160194174757,1,0.5634517766497462,56.34517766497462,False,False,False,False,False,
AB+/cluster_4_5104.BMP,AB+,PASS,0.5574433656957929,55.74433656957929,1,0.5685279187817259,56.852791878172596,False,False,False,False,False,
AB+/cluster_4_5106.BMP,AB+,PASS,0.6140776699029126,61.40776699029126,1,0.5685279187817259,56.852791878172596,False,False,False,False,False,
AB+/cluster_4_5109.BMP,AB+,PASS,0.6370347896440129,63.70347896440129,1,0.6345177664974619,63.45177664974619,False,False,False,False,False,
AB+/cluster_4_5110.BMP,AB+,PASS,0.6352144012944984,63.521440129449836,1,0.5583756345177665,55.83756345177665,False,False,False,False,False,
AB+/cluster_4_5115.BMP,AB+,PASS,0.6298543689320388,62.98543689320388,1,0.565989847715736,56.598984771573605,False,False,False,False,False,
AB+/cluster_4_5119.BMP,AB+,PASS,0.6227750809061489,62.27750809061489,1,0.5685279187817259,56.852791878172596,False,False,False,False,False,
AB+/cluster_4_5121.BMP,AB+,PASS,0.6572613268608414,65.72613268608414,1,0.5685279187817259,56.852791878172596,False,False,False,False,False,
AB+/cluster_4_5122.BMP,AB+,PASS,0.4836165048543689,48.36165048543689,1,0.5710659898477157,57.10659898477157,False,False,False,False,False,
AB+/cluster_4_5145.BMP,AB+,PASS,0.5750404530744336,57.50404530744336,2,0.5685279187817259,56.852791878172596,False,False,False,False,False,
AB+/cluster_4_515.BMP,AB+,PASS,0.6328883495145631,63.28883495145631,1,0.5634517766497462,56.34517766497462,False,False,False,False,False,
AB+/cluster_4_5151.BMP,AB+,PASS,0.760720064724919,76.0720064724919,1,0.5634517766497462,56.34517766497462,False,False,False,False,False,
AB+/cluster_4_5156.BMP,AB+,PASS,0.5206310679611651,52.06310679611651,1,0.5685279187817259,56.852791878172596,False,False,False,False,False,
AB+/cluster_4_5160.BMP,AB+,PASS,0.7424150485436893,74.24150485436894,1,0.5583756345177665,55.83756345177665,False,False,False,False,False,
AB+/cluster_4_518.BMP,AB+,PASS,0.5807038834951457,58.070388349514566,1,0.5583756345177665,55.83756345177665,False,False,False,False,False,
AB+/cluster_4_5183.BMP,AB+,PASS,0.1915453074433657,19.15453074433657,1,0.5532994923857868,55.32994923857868,False,False,False,False,False,
AB+/cluster_4_5189.BMP,AB+,PASS,0.5926375404530745,59.26375404530745,1,0.5685279187817259,56.852791878172596,False,False,False,False,False,
AB+/cluster_4_5190.BMP,AB+,PASS,0.53125,53.125,2,0.5583756345177665,55.83756345177665,False,False,False,False,False,
AB+/cluster_4_5193.BMP,AB+,PASS,0.6868932038834952,68.68932038834951,1,0.5685279187817259,56.852791878172596,False,False,False,False,False,
AB+/cluster_4_5198.BMP,AB+,PASS,0.6425970873786407,64.25970873786407,1,0.6446700507614214,64.46700507614213,False,False,False,False,False,
AB+/cluster_4_520.BMP,AB+,PASS,0.7265372168284789,72.65372168284789,1,0.5634517766497462,56.34517766497462,False,False,False,False,False,
AB+/cluster_4_5200.BMP,AB+,PASS,0.642799352750809,64.2799352750809,1,0.5685279187817259,56.852791878172596,False,False,False,False,False,
AB+/cluster_4_5212.BMP,AB+,PASS,0.6422936893203883,64.22936893203884,1,0.5634517766497462,56.34517766497462,False,False,False,False,False,
AB+/cluster_4_5241.BMP,AB+,PASS,0.7182443365695793,71.82443365695794,1,0.5989847715736041,59.89847715736041,False,False,False,False,False,
AB+/cluster_4_5261.BMP,AB+,PASS,0.6837580906148867,68.37580906148867,1,0.6294416243654822,62.944162436548226,False,False,False,False,False,
AB+/cluster_4_5264.BMP,AB+,PASS,0.7423139158576052,74.23139158576052,1,0.5761421319796954,57.61421319796954,False,False,False,False,False,
AB+/cluster_4_5265.BMP,AB+,PASS,0.44902912621359226,44.90291262135923,1,0.5761421319796954,57.61421319796954,False,False,False,False,False,
AB+/cluster_4_5266.BMP,AB+,PASS,0.6688915857605178,66.88915857605178,1,0.5634517766497462,56.34517766497462,False,False,False,False,False,
AB+/cluster_4_5273.BMP,AB+,PASS,0.6127629449838188,61.27629449838188,1,0.5685279187817259,56.852791878172596,False,False,False,False,False,
AB+/cluster_4_5283.BMP,AB+,PASS,0.6138754045307443,61.38754045307443,1,0.5634517766497462,56.34517766497462,False,False,False,False,False,
AB+/cluster_4_5291.BMP,AB+,PASS,0.6236852750809061,62.36852750809061,1,0.5634517766497462,56.34517766497462,False,False,False,False,False,
AB+/cluster_4_5313.BMP,AB+,PASS,0.6872977346278317,68.72977346278317,1,0.5685279187817259,56.852791878172596,False,False,False,False,False,
AB+/cluster_4_5327.BMP,AB+,PASS,0.6906351132686084,69.06351132686083,1,0.583756345177665,58.37563451776649,False,False,False,False,False,
AB+/cluster_4_5335.BMP,AB+,PASS,0.7453478964401294,74.53478964401295,1,0.5685279187817259,56.852791878172596,False,False,False,False,False,
AB+/cluster_4_5345.BMP,AB+,PASS,0.659081715210356,65.9081715210356,1,0.5634517766497462,56.34517766497462,False,False,False,False,False,
AB+/cluster_4_5347.BMP,AB+,PASS,0.6150889967637541,61.50889967637541,1,0.5583756345177665,55.83756345177665,False,False,False,False,False,
AB+/cluster_4_5348.BMP,AB+,PASS,0.7353357605177994,73.53357605177993,1,0.5634517766497462,56.34517766497462,False,False,False,False,False,
AB+/cluster_4_5350.BMP,AB+,PASS,0.549656148867314,54.965614886731395,2,0.5634517766497462,56.34517766497462,False,False,False,False,False,
AB+/cluster_4_5353.BMP,AB+,PASS,0.7406957928802589,74.06957928802589,1,0.5634517766497462,56.34517766497462,False,False,False,False,False,
AB+/cluster_4_5365.BMP,AB+,PASS,0.7129854368932039,71.2985436893204,1,0.5634517766497462,56.34517766497462,False,False,False,False,False,
AB+/cluster_4_537.BMP,AB+,PASS,0.7150080906148867,71.50080906148867,1,0.5532994923857868,55.32994923857868,False,False,False,False,False,
AB+/cluster_4_5371.BMP,AB+,PASS,0.7124797734627831,71.24797734627832,1,0.6116751269035533,61.16751269035533,False,False,False,False,False,
AB+/cluster_4_5381.BMP,AB+,PASS,0.7274474110032363,72.74474110032362,1,0.6649746192893401,66.49746192893402,False,False,False,False,False,
AB+/cluster_4_5389.BMP,AB+,PASS,0.5687702265372169,56.87702265372169,1,0.5583756345177665,55.83756345177665,False,False,False,False,False,
AB+/cluster_4_540.BMP,AB+,PASS,0.6564522653721683,65.64522653721683,1,0.5634517766497462,56.34517766497462,False,False,False,False,False,
AB+/cluster_4_5402.BMP,AB+,PASS,0.652002427184466,65.2002427184466,1,0.5583756345177665,55.83756345177665,False,False,False,False,False,
AB+/cluster_4_5404.BMP,AB+,PASS,0.6303600323624595,63.03600323624595,1,0.5583756345177665,55.83756345177665,False,False,False,False,False,
AB+/cluster_4_5411.BMP,AB+,PASS,0.6770833333333334,67.70833333333334,1,0.5685279187817259,56.852791878172596,False,False,False,False,False,
AB+/cluster_4_5417.BMP,AB+,PASS,0.6719255663430421,67.19255663430421,1,0.5710659898477157,57.10659898477157,False,False,False,False,False,
AB+/cluster_4_542.BMP,AB+,PASS,0.6424959546925566,64.24959546925567,1,0.6954314720812182,69.54314720812182,False,False,False,False,False,
AB+/cluster_4_5420.BMP,AB+,PASS,0.5577467637540453,55.77467637540453,1,0.5583756345177665,55.83756345177665,False,False,False,False,False,
AB+/cluster_4_5423.BMP,AB+,PASS,0.5175970873786407,51.759708737864074,1,0.5685279187817259,56.852791878172596,False,False,False,False,False,
AB+/cluster_4_5437.BMP,AB+,PASS,0.6986245954692557,69.86245954692556,1,0.5583756345177665,55.83756345177665,False,False,False,False,False,
AB+/cluster_4_544.BMP,AB+,PASS,0.6632281553398058,66.32281553398059,1,0.5710659898477157,57.10659898477157,False,False,False,False,False,
AB+/cluster_4_5441.BMP,AB+,PASS,0.5563309061488673,55.633090614886726,1,0.5583756345177665,55.83756345177665,False,False,False,False,False,
AB+/cluster_4_5455.BMP,AB+,PASS,0.7447411003236246,74.47411003236246,1,0.5812182741116751,58.121827411167516,False,False,False,False,False,
AB+/cluster_4_5459.BMP,AB+,PASS,0.7354368932038835,73.54368932038835,1,0.5761421319796954,57.61421319796954,False,False,False,False,False,
AB+/cluster_4_5472.BMP,AB+,PASS,0.6026496763754046,60.26496763754046,1,0.5685279187817259,56.852791878172596,False,False,False,False,False,
AB+/cluster_4_5495.BMP,AB+,PASS,0.5831310679611651,58.31310679611651,1,0.5685279187817259,56.852791878172596,False,False,False,False,False,
AB+/cluster_4_55.BMP,AB+,PASS,0.6773867313915858,67.73867313915858,1,0.5583756345177665,55.83756345177665,False,False,False,False,False,
AB+/cluster_4_5504.BMP,AB+,PASS,0.6689927184466019,66.89927184466019,1,0.5685279187817259,56.852791878172596,False,False,False,False,False,
AB+/cluster_4_5508.BMP,AB+,PASS,0.5843446601941747,58.43446601941748,1,0.5685279187817259,56.852791878172596,False,False,False,False,False,
AB+/cluster_4_5512.BMP,AB+,PASS,0.7493932038834952,74.93932038834951,1,0.565989847715736,56.598984771573605,False,False,False,False,False,
AB+/cluster_4_5520.BMP,AB+,PASS,0.6819377022653722,68.19377022653723,1,0.5583756345177665,55.83756345177665,False,False,False,False,False,
AB+/cluster_4_5525.BMP,AB+,PASS,0.7028721682847896,70.28721682847896,1,0.5685279187817259,56.852791878172596,False,False,False,False,False,
AB+/cluster_4_5531.BMP,AB+,PASS,0.6869943365695793,68.69943365695794,1,0.5532994923857868,55.32994923857868,False,False,False,False,False,
AB+/cluster_4_554.BMP,AB+,PASS,0.7306836569579288,73.06836569579288,1,0.565989847715736,56.598984771573605,False,False,False,False,False,
AB+/cluster_4_5540.BMP,AB+,PASS,0.7312904530744336,73.12904530744336,1,0.6091370558375635,60.913705583756354,False,False,False,False,False,
AB+/cluster_4_5549.BMP,AB+,PASS,0.6935679611650486,69.35679611650485,1,0.5583756345177665,55.83756345177665,False,False,False,False,False,
AB+/cluster_4_5562.BMP,AB+,PASS,0.636326860841424,63.6326860841424,1,0.5634517766497462,56.34517766497462,False,False,False,False,False,
AB+/cluster_4_5565.BMP,AB+,PASS,0.7399878640776699,73.99878640776699,1,0.649746192893401,64.9746192893401,False,False,False,False,False,
AB+/cluster_4_557.BMP,AB+,PASS,0.6803195792880259,68.03195792880258,1,0.5736040609137056,57.360406091370564,False,False,False,False,False,
AB+/cluster_4_5575.BMP,AB+,PASS,0.7143001618122977,71.43001618122977,1,0.5685279187817259,56.852791878172596,False,False,False,False,False,
AB+/cluster_4_5583.BMP,AB+,PASS,0.7527305825242718,75.27305825242718,1,0.6598984771573604,65.98984771573603,False,False,False,False,False,
AB+/cluster_4_5594.BMP,AB+,PASS,0.6361245954692557,63.61245954692557,1,0.5634517766497462,56.34517766497462,False,False,False,False,False,
AB+/cluster_4_5620.BMP,AB+,PASS,0.5827265372168284,58.27265372168284,1,0.5532994923857868,55.32994923857868,False,False,False,False,False,
AB+/cluster_4_5640.BMP,AB+,PASS,0.7054004854368932,70.54004854368931,1,0.5939086294416244,59.390862944162436,False,False,False,False,False,
AB+/cluster_4_5657.BMP,AB+,PASS,0.6131674757281553,61.31674757281553,1,0.5685279187817259,56.852791878172596,False,False,False,False,False,
AB+/cluster_4_566.BMP,AB+,PASS,0.6310679611650486,63.10679611650486,1,0.5685279187817259,56.852791878172596,False,False,False,False,False,
AB+/cluster_4_5665.BMP,AB+,PASS,0.7430218446601942,74.30218446601941,1,0.5634517766497462,56.34517766497462,False,False,False,False,False,
AB+/cluster_4_5667.BMP,AB+,PASS,0.6450242718446602,64.50242718446601,1,0.5634517766497462,56.34517766497462,False,False,False,False,False,
AB+/cluster_4_5668.BMP,AB+,PASS,0.7550566343042071,75.50566343042071,1,0.6624365482233503,66.24365482233503,False,False,False,False,False,
AB+/cluster_4_5670.BMP,AB+,PASS,0.7135922330097088,71.35922330097088,1,0.5710659898477157,57.10659898477157,False,False,False,False,False,
AB+/cluster_4_5675.BMP,AB+,PASS,0.5548139158576052,55.48139158576052,1,0.5634517766497462,56.34517766497462,False,False,False,False,False,
AB+/cluster_4_5678.BMP,AB+,PASS,0.6419902912621359,64.19902912621359,1,0.5685279187817259,56.852791878172596,False,False,False,False,False,
AB+/cluster_4_5679.BMP,AB+,PASS,0.5888956310679612,58.88956310679612,1,0.5583756345177665,55.83756345177665,False,False,False,False,False,
AB+/cluster_4_5697.BMP,AB+,PASS,0.6472491909385113,64.72491909385113,1,0.5710659898477157,57.10659898477157,False,False,False,False,False,
AB+/cluster_4_5705.BMP,AB+,PASS,0.700950647249191,70.0950647249191,1,0.6573604060913706,65.73604060913706,False,False,False,False,False,
AB+/cluster_4_5720.BMP,AB+,PASS,0.6899271844660194,68.99271844660194,1,0.5558375634517766,55.58375634517766,False,False,False,False,False,
AB+/cluster_4_5737.BMP,AB+,PASS,0.7422127831715211,74.22127831715211,1,0.6624365482233503,66.24365482233503,False,False,False,False,False,
AB+/cluster_4_5742.BMP,AB+,PASS,0.6464401294498382,64.64401294498381,1,0.5583756345177665,55.83756345177665,False,False,False,False,False,
AB+/cluster_4_5744.BMP,AB+,PASS,0.7084344660194175,70.84344660194175,1,0.5862944162436549,58.629441624365484,False,False,False,False,False,
AB+/cluster_4_5768.BMP,AB+,PASS,0.5400485436893204,54.004854368932044,1,0.6700507614213198,67.00507614213198,False,False,False,False,False,
AB+/cluster_4_5770.BMP,AB+,PASS,0.6698017799352751,66.98017799352752,1,0.6192893401015228,61.92893401015228,False,False,False,False,False,
AB+/cluster_4_5796.BMP,AB+,PASS,0.6585760517799353,65.85760517799353,1,0.5685279187817259,56.852791878172596,False,False,False,False,False,
AB+/cluster_4_5811.BMP,AB+,PASS,0.6655542071197411,66.55542071197411,1,0.5532994923857868,55.32994923857868,False,False,False,False,False,
AB+/cluster_4_5820.BMP,AB+,PASS,0.6897249190938511,68.97249190938511,1,0.5634517766497462,56.34517766497462,False,False,False,False,False,
AB+/cluster_4_5828.BMP,AB+,PASS,0.5119336569579288,51.19336569579288,1,0.5685279187817259,56.852791878172596,False,False,False,False,False,
AB+/cluster_4_5832.BMP,AB+,PASS,0.6464401294498382,64.64401294498381,1,0.5736040609137056,57.360406091370564,False,False,False,False,False,
AB+/cluster_4_5836.BMP,AB+,PASS,0.6768810679611651,67.68810679611651,1,0.5634517766497462,56.34517766497462,False,False,False,False,False,
AB+/cluster_4_5841.BMP,AB+,PASS,0.6587783171521036,65.87783171521036,1,0.5634517766497462,56.34517766497462,False,False,False,False,False,
AB+/cluster_4_5844.BMP,AB+,PASS,0.6777912621359223,67.77912621359224,1,0.5634517766497462,56.34517766497462,False,False,False,False,False,
AB+/cluster_4_5847.BMP,AB+,PASS,0.7259304207119741,72.59304207119742,1,0.6878172588832487,68.78172588832487,False,False,False,False,False,
AB+/cluster_4_5854.BMP,AB+,PASS,0.6326860841423948,63.26860841423948,1,0.5939086294416244,59.390862944162436,False,False,False,False,False,
AB+/cluster_4_5861.BMP,AB+,PASS,0.6446197411003236,64.46197411003236,1,0.5532994923857868,55.32994923857868,False,False,False,False,False,
AB+/cluster_4_5865.BMP,AB+,PASS,0.6039644012944984,60.396440129449836,1,0.5685279187817259,56.852791878172596,False,False,False,False,False,
AB+/cluster_4_5873.BMP,AB+,PASS,0.7032766990291263,70.32766990291263,1,0.5964467005076142,59.64467005076142,False,False,False,False,False,
AB+/cluster_4_588.BMP,AB+,PASS,0.6920509708737864,69.20509708737865,1,0.5634517766497462,56.34517766497462,False,False,False,False,False,
AB+/cluster_4_5897.BMP,AB+,PASS,0.5743325242718447,57.43325242718447,1,0.5583756345177665,55.83756345177665,False,False,False,False,False,
AB+/cluster_4_590.BMP,AB+,PASS,0.5745347896440129,57.45347896440129,1,0.5583756345177665,55.83756345177665,False,False,False,False,False,
AB+/cluster_4_5905.BMP,AB+,PASS,0.5939522653721683,59.39522653721683,1,0.5634517766497462,56.34517766497462,False,False,False,False,False,
AB+/cluster_4_5919.BMP,AB+,PASS,0.6551375404530745,65.51375404530745,1,0.5634517766497462,56.34517766497462,False,False,False,False,False,
AB+/cluster_4_5925.BMP,AB+,PASS,0.7204692556634305,72.04692556634305,1,0.5583756345177665,55.83756345177665,False,False,False,False,False,
AB+/cluster_4_5926.BMP,AB+,PASS,0.7564724919093851,75.64724919093851,1,0.6395939086294417,63.95939086294417,False,False,False,False,False,
AB+/cluster_4_5929.BMP,AB+,PASS,0.6131674757281553,61.31674757281553,1,0.5964467005076142,59.64467005076142,False,False,False,False,False,
AB+/cluster_4_5933.BMP,AB+,PASS,0.6577669902912622,65.77669902912622,1,0.5634517766497462,56.34517766497462,False,False,False,False,False,
AB+/cluster_4_5957.BMP,AB+,PASS,0.7390776699029126,73.90776699029125,1,0.5634517766497462,56.34517766497462,False,False,False,False,False,
AB+/cluster_4_5971.BMP,AB+,PASS,0.6824433656957929,68.24433656957929,1,0.5634517766497462,56.34517766497462,False,False,False,False,False,
AB+/cluster_4_598.BMP,AB+,PASS,0.7036812297734628,70.36812297734627,1,0.6065989847715736,60.659898477157356,False,False,False,False,False,
AB+/cluster_4_5988.BMP,AB+,PASS,0.6661610032362459,66.6161003236246,1,0.5634517766497462,56.34517766497462,False,False,False,False,False,
AB+/cluster_4_616.BMP,AB+,PASS,0.6681836569579288,66.81836569579288,1,0.565989847715736,56.598984771573605,False,False,False,False,False,
AB+/cluster_4_619.BMP,AB+,PASS,0.6532160194174758,65.32160194174757,1,0.5685279187817259,56.852791878172596,False,False,False,False,False,
AB+/cluster_4_628.BMP,AB+,PASS,0.7249190938511327,72.49190938511327,1,0.565989847715736,56.598984771573605,False,False,False,False,False,
AB+/cluster_4_632.BMP,AB+,PASS,0.6113470873786407,61.134708737864074,1,0.5685279187817259,56.852791878172596,False,False,False,False,False,
AB+/cluster_4_639.BMP,AB+,PASS,0.7303802588996764,73.03802588996764,1,0.5583756345177665,55.83756345177665,False,False,False,False,False,
AB+/cluster_4_650.BMP,AB+,PASS,0.6828478964401294,68.28478964401295,1,0.5685279187817259,56.852791878172596,False,False,False,False,False,
AB+/cluster_4_663.BMP,AB+,PASS,0.7105582524271845,71.05582524271846,1,0.5583756345177665,55.83756345177665,False,False,False,False,False,
AB+/cluster_4_687.BMP,AB+,PASS,0.6564522653721683,65.64522653721683,1,0.6015228426395939,60.15228426395939,False,False,False,False,False,
AB+/cluster_4_700.BMP,AB+,PASS,0.1922532362459547,19.225323624595468,1,0.5532994923857868,55.32994923857868,False,False,False,False,False,
AB+/cluster_4_703.BMP,AB+,PASS,0.6906351132686084,69.06351132686083,1,0.5710659898477157,57.10659898477157,False,False,False,False,False,
AB+/cluster_4_705.BMP,AB+,PASS,0.7606189320388349,76.06189320388349,1,0.6446700507614214,64.46700507614213,False,False,False,False,False,
AB+/cluster_4_719.BMP,AB+,PASS,0.6890169902912622,68.90169902912622,1,0.5583756345177665,55.83756345177665,False,False,False,False,False,
AB+/cluster_4_72.BMP,AB+,PASS,0.608717637540453,60.871763754045304,1,0.5685279187817259,56.852791878172596,False,False,False,False,False,
AB+/cluster_4_721.BMP,AB+,PASS,0.6081108414239482,60.81108414239482,1,0.5685279187817259,56.852791878172596,False,False,False,False,False,
AB+/cluster_4_722.BMP,AB+,PASS,0.6309668284789643,63.09668284789643,1,0.5558375634517766,55.58375634517766,False,False,False,False,False,
AB+/cluster_4_735.BMP,AB+,PASS,0.6258090614886731,62.580906148867314,1,0.5685279187817259,56.852791878172596,False,False,False,False,False,
AB+/cluster_4_737.BMP,AB+,PASS,0.6930622977346278,69.30622977346277,1,0.649746192893401,64.9746192893401,False,False,False,False,False,
AB+/cluster_4_748.BMP,AB+,PASS,0.6975121359223301,69.75121359223301,1,0.6421319796954315,64.21319796954315,False,False,False,False,False,
AB+/cluster_4_751.BMP,AB+,PASS,0.705299352750809,70.5299352750809,1,0.5761421319796954,57.61421319796954,False,False,False,False,False,
AB+/cluster_4_76.BMP,AB+,PASS,0.7224919093851133,72.24919093851133,1,0.5710659898477157,57.10659898477157,False,False,False,False,False,
AB+/cluster_4_760.BMP,AB+,PASS,0.6758697411003236,67.58697411003236,1,0.5634517766497462,56.34517766497462,False,False,False,False,False,
AB+/cluster_4_775.BMP,AB+,PASS,0.686792071197411,68.67920711974111,1,0.5634517766497462,56.34517766497462,False,False,False,False,False,
AB+/cluster_4_787.BMP,AB+,PASS,0.7310881877022654,73.10881877022653,1,0.6675126903553299,66.75126903553299,False,False,False,False,False,
AB+/cluster_4_788.BMP,AB+,PASS,0.7327063106796117,73.27063106796116,1,0.649746192893401,64.9746192893401,False,False,False,False,False,
AB+/cluster_4_802.BMP,AB+,PASS,0.6985234627831716,69.85234627831716,1,0.5634517766497462,56.34517766497462,False,False,False,False,False,
AB+/cluster_4_807.BMP,AB+,PASS,0.607200647249191,60.7200647249191,1,0.565989847715736,56.598984771573605,False,False,False,False,False,
AB+/cluster_4_815.BMP,AB+,PASS,0.6262135922330098,62.62135922330098,1,0.5685279187817259,56.852791878172596,False,False,False,False,False,
AB+/cluster_4_823.BMP,AB+,PASS,0.6815331715210357,68.15331715210357,1,0.5583756345177665,55.83756345177665,False,False,False,False,False,
AB+/cluster_4_849.BMP,AB+,PASS,0.6515978964401294,65.15978964401295,1,0.5913705583756346,59.13705583756346,False,False,False,False,False,
AB+/cluster_4_859.BMP,AB+,PASS,0.6926577669902912,69.26577669902912,1,0.5583756345177665,55.83756345177665,False,False,False,False,False,
AB+/cluster_4_87.BMP,AB+,PASS,0.6035598705501618,60.35598705501618,1,0.5583756345177665,55.83756345177665,False,False,False,False,False,
AB+/cluster_4_879.BMP,AB+,PASS,0.585254854368932,58.5254854368932,1,0.5634517766497462,56.34517766497462,False,False,False,False,False,
AB+/cluster_4_882.BMP,AB+,PASS,0.6755663430420712,67.55663430420712,1,0.5634517766497462,56.34517766497462,False,False,False,False,False,
AB+/cluster_4_886.BMP,AB+,PASS,0.6135720064724919,61.357200647249186,1,0.5736040609137056,57.360406091370564,False,False,False,False,False,
AB+/cluster_4_925.BMP,AB+,PASS,0.666970064724919,66.6970064724919,1,0.5583756345177665,55.83756345177665,False,False,False,False,False,
AB+/cluster_4_929.BMP,AB+,PASS,0.6833535598705501,68.33535598705501,1,0.5913705583756346,59.13705583756346,False,False,False,False,False,
AB+/cluster_4_930.BMP,AB+,PASS,0.6280339805825242,62.80339805825243,1,0.5710659898477157,57.10659898477157,False,False,False,False,False,
AB+/cluster_4_933.BMP,AB+,PASS,0.6352144012944984,63.521440129449836,1,0.5710659898477157,57.10659898477157,False,False,False,False,False,
AB+/cluster_4_934.BMP,AB+,PASS,0.7544498381877023,75.44498381877023,1,0.6675126903553299,66.75126903553299,False,False,False,False,False,
AB+/cluster_4_939.BMP,AB+,PASS,0.6979166666666666,69.79166666666666,1,0.5736040609137056,57.360406091370564,False,False,False,False,False,
AB+/cluster_4_951.BMP,AB+,PASS,0.7167273462783171,71.67273462783172,1,0.5888324873096447,58.88324873096447,False,False,False,False,False,
AB+/cluster_4_958.BMP,AB+,PASS,0.6319781553398058,63.19781553398058,1,0.5685279187817259,56.852791878172596,False,False,False,False,False,
AB+/cluster_4_959.BMP,AB+,PASS,0.7096480582524272,70.96480582524272,1,0.565989847715736,56.598984771573605,False,False,False,False,False,
AB+/cluster_4_961.BMP,AB+,PASS,0.74292071197411,74.292071197411,1,0.5786802030456852,57.868020304568525,False,False,False,False,False,
AB+/cluster_4_962.BMP,AB+,PASS,0.7421116504854369,74.21116504854369,1,0.6294416243654822,62.944162436548226,False,False,False,False,False,
AB+/cluster_4_968.BMP,AB+,PASS,0.6628236245954693,66.28236245954693,1,0.6725888324873096,67.25888324873097,False,False,False,False,False,
AB+/cluster_4_972.BMP,AB+,PASS,0.6957928802588996,69.57928802588997,1,0.5634517766497462,56.34517766497462,False,False,False,False,False,
AB+/cluster_4_976.BMP,AB+,PASS,0.659081715210356,65.9081715210356,1,0.5862944162436549,58.629441624365484,False,False,False,False,False,
AB+/cluster_4_996.BMP,AB+,PASS,0.3279733009708738,32.79733009708738,1,0.5532994923857868,55.32994923857868,False,False,False,False,False,
AB+/cluster_4_997.BMP,AB+,PASS,0.7147046925566343,71.47046925566343,1,0.5736040609137056,57.360406091370564,False,False,False,False,False,
AB-/cluster_5_1003.BMP,AB-,PASS,0.8133090614886731,81.33090614886731,1,0.6573604060913706,65.73604060913706,False,False,False,False,False,
AB-/cluster_5_1013.BMP,AB-,PASS,0.891282362459547,89.1282362459547,1,0.7157360406091371,71.57360406091371,False,False,False,False,False,
AB-/cluster_5_1024.BMP,AB-,PASS,0.6643406148867314,66.43406148867314,1,0.5634517766497462,56.34517766497462,False,False,False,False,False,
AB-/cluster_5_105.BMP,AB-,PASS,0.8497168284789643,84.97168284789643,1,0.6776649746192893,67.76649746192894,False,False,False,False,False,
AB-/cluster_5_1052.BMP,AB-,PASS,0.7136933656957929,71.36933656957929,1,0.6522842639593909,65.22842639593908,False,False,False,False,False,
AB-/cluster_5_1056.BMP,AB-,PASS,0.6835558252427184,68.35558252427184,1,0.5634517766497462,56.34517766497462,False,False,False,False,False,
AB-/cluster_5_1064.BMP,AB-,PASS,0.6689927184466019,66.89927184466019,1,0.6802030456852792,68.02030456852792,False,False,False,False,False,
AB-/cluster_5_1066.BMP,AB-,PASS,0.8158373786407767,81.58373786407766,1,0.5532994923857868,55.32994923857868,False,False,False,False,False,
AB-/cluster_5_1069.BMP,AB-,PASS,0.7648665048543689,76.4866504854369,1,0.6751269035532995,67.51269035532995,False,False,False,False,False,
AB-/cluster_5_1073.BMP,AB-,PASS,0.22522249190938512,22.522249190938513,1,0.5532994923857868,55.32994923857868,False,False,False,False,False,
AB-/cluster_5_1076.BMP,AB-,PASS,0.6815331715210357,68.15331715210357,1,0.6725888324873096,67.25888324873097,False,False,False,False,False,
AB-/cluster_5_1079.BMP,AB-,PASS,0.7550566343042071,75.50566343042071,1,0.5558375634517766,55.58375634517766,False,False,False,False,False,
AB-/cluster_5_1081.BMP,AB-,PASS,0.6102346278317152,61.023462783171524,1,0.6675126903553299,66.75126903553299,False,False,False,False,False,
AB-/cluster_5_1097.BMP,AB-,PASS,0.722997572815534,72.2997572815534,1,0.5913705583756346,59.13705583756346,False,False,False,False,False,
AB-/cluster_5_1098.BMP,AB-,PASS,0.700950647249191,70.0950647249191,1,0.6878172588832487,68.78172588832487,False,False,False,False,False,
AB-/cluster_5_110.BMP,AB-,PASS,0.7611245954692557,76.11245954692556,1,0.6472081218274112,64.72081218274111,False,False,False,False,False,
AB-/cluster_5_1102.BMP,AB-,PASS,0.8109830097087378,81.09830097087378,1,0.5558375634517766,55.58375634517766,False,False,False,False,False,
AB-/cluster_5_1103.BMP,AB-,PASS,0.6933656957928802,69.33656957928802,1,0.5634517766497462,56.34517766497462,False,False,False,False,False,
AB-/cluster_5_1112.BMP,AB-,PASS,0.8002629449838188,80.02629449838187,1,0.6624365482233503,66.24365482233503,False,False,False,False,False,
AB-/cluster_5_1124.BMP,AB-,PASS,0.799656148867314,79.9656148867314,1,0.6269035532994924,62.69035532994924,False,False,False,False,False,
AB-/cluster_5_113.BMP,AB-,PASS,0.739279935275081,73.9279935275081,1,0.5862944162436549,58.629441624365484,False,False,False,False,False,
AB-/cluster_5_1137.BMP,AB-,PASS,0.7417071197411004,74.17071197411003,1,0.5634517766497462,56.34517766497462,False,False,False,False,False,
AB-/cluster_5_1142.BMP,AB-,PASS,0.22481796116504854,22.481796116504853,1,0.5532994923857868,55.32994923857868,False,False,False,False,False,
AB-/cluster_5_1147.BMP,AB-,PASS,0.6937702265372169,69.37702265372168,1,0.5532994923857868,55.32994923857868,False,False,False,False,False,
AB-/cluster_5_1152.BMP,AB-,PASS,0.7030744336569579,70.30744336569579,1,0.7182741116751269,71.8274111675127,False,False,False,False,False,
AB-/cluster_5_1158.BMP,AB-,PASS,0.7887338187702265,78.87338187702265,1,0.7157360406091371,71.57360406091371,False,False,False,False,False,
AB-/cluster_5_1166.BMP,AB-,PASS,0.7098503236245954,70.98503236245955,1,0.5583756345177665,55.83756345177665,False,False,False,False,False,
AB-/cluster_5_1168.BMP,AB-,PASS,0.6630258899676376,66.30258899676376,1,0.6725888324873096,67.25888324873097,False,False,False,False,False,
AB-/cluster_5_1170.BMP,AB-,PASS,0.7623381877022654,76.23381877022653,1,0.7258883248730964,72.58883248730965,False,False,False,False,False,
AB-/cluster_5_1171.BMP,AB-,PASS,0.7307847896440129,73.0784789644013,1,0.5583756345177665,55.83756345177665,False,False,False,False,False,
AB-/cluster_5_1176.BMP,AB-,PASS,0.6817354368932039,68.1735436893204,1,0.5736040609137056,57.360406091370564,False,False,False,False,False,
AB-/cluster_5_118.BMP,AB-,PASS,0.7188511326860841,71.88511326860841,1,0.7233502538071066,72.33502538071066,False,False,False,False,False,
AB-/cluster_5_1192.BMP,AB-,PASS,0.6939724919093851,69.39724919093851,1,0.5634517766497462,56.34517766497462,False,False,False,False,False,
AB-/cluster_5_1198.BMP,AB-,PASS,0.75707928802589,75.707928802589,1,0.7106598984771574,71.06598984771574,False,False,False,False,False,
AB-/cluster_5_1202.BMP,AB-,PASS,0.6999393203883495,69.99393203883496,1,0.6954314720812182,69.54314720812182,False,False,False,False,False,
AB-/cluster_5_1206.BMP,AB-,PASS,0.7262338187702265,72.62338187702265,1,0.6700507614213198,67.00507614213198,False,False,False,False,False,
AB-/cluster_5_121.BMP,AB-,PASS,0.7779126213592233,77.79126213592234,1,0.6928934010152284,69.28934010152284,False,False,False,False,False,
AB-/cluster_5_1215.BMP,AB-,PASS,0.7448422330097088,74.48422330097088,1,0.6928934010152284,69.28934010152284,False,False,False,False,False,
AB-/cluster_5_1219.BMP,AB-,PASS,0.8411205501618123,84.11205501618123,1,0.7157360406091371,71.57360406091371,False,False,False,False,False,
AB-/cluster_5_122.BMP,AB-,PASS,0.501415857605178,50.141585760517806,1,0.6421319796954315,64.21319796954315,False,False,False,False,False,
AB-/cluster_5_1220.BMP,AB-,PASS,0.7242111650485437,72.42111650485437,1,0.649746192893401,64.9746192893401,False,False,False,False,False,
AB-/cluster_5_1228.BMP,AB-,PASS,0.7698220064724919,76.98220064724919,1,0.5532994923857868,55.32994923857868,False,False,False,False,False,
AB-/cluster_5_1229.BMP,AB-,PASS,0.7731593851132686,77.31593851132686,1,0.5532994923857868,55.32994923857868,False,False,False,False,False,
AB-/cluster_5_123.BMP,AB-,PASS,0.7548543689320388,75.48543689320388,1,0.5532994923857868,55.32994923857868,False,False,False,False,False,
AB-/cluster_5_1237.BMP,AB-,PASS,0.6052791262135923,60.52791262135923,1,0.5634517766497462,56.34517766497462,False,False,False,False,False,
AB-/cluster_5_1242.BMP,AB-,PASS,0.7455501618122977,74.55501618122977,1,0.7106598984771574,71.06598984771574,False,False,False,False,False,
AB-/cluster_5_1245.BMP,AB-,PASS,0.7347289644012945,73.47289644012946,1,0.5685279187817259,56.852791878172596,False,False,False,False,False,
AB-/cluster_5_1249.BMP,AB-,PASS,0.7117718446601942,71.17718446601941,1,0.700507614213198,70.05076142131979,False,False,False,False,False,
AB-/cluster_5_1259.BMP,AB-,PASS,0.5964805825242718,59.648058252427184,1,0.5685279187817259,56.852791878172596,False,False,False,False,False,
AB-/cluster_5_1261.BMP,AB-,PASS,0.7540453074433657,75.40453074433657,1,0.565989847715736,56.598984771573605,False,False,False,False,False,
AB-/cluster_5_1286.BMP,AB-,PASS,0.7382686084142395,73.82686084142395,1,0.6065989847715736,60.659898477157356,False,False,False,False,False,
AB-/cluster_5_1294.BMP,AB-,PASS,0.7467637540453075,74.67637540453075,1,0.6065989847715736,60.659898477157356,False,False,False,False,False,
AB-/cluster_5_1299.BMP,AB-,PASS,0.7600121359223301,76.00121359223301,1,0.6979695431472082,69.79695431472082,False,False,False,False,False,
AB-/cluster_5_130.BMP,AB-,PASS,0.7792273462783171,77.92273462783172,1,0.6243654822335025,62.43654822335025,False,False,False,False,False,
AB-/cluster_5_1300.BMP,AB-,PASS,0.7140978964401294,71.40978964401295,1,0.6776649746192893,67.76649746192894,False,False,False,False,False,
AB-/cluster_5_1304.BMP,AB-,PASS,0.7421116504854369,74.21116504854369,1,0.6624365482233503,66.24365482233503,False,False,False,False,False,
AB-/cluster_5_1311.BMP,AB-,PASS,0.7082322006472492,70.82322006472492,1,0.6954314720812182,69.54314720812182,False,False,False,False,False,
AB-/cluster_5_1327.BMP,AB-,PASS,0.7428195792880259,74.28195792880258,2,0.6776649746192893,67.76649746192894,False,False,False,False,False,
AB-/cluster_5_1331.BMP,AB-,PASS,0.7583940129449838,75.83940129449837,1,0.6040609137055838,60.40609137055838,False,False,False,False,False,
AB-/cluster_5_1354.BMP,AB-,PASS,0.6636326860841424,66.36326860841424,1,0.5685279187817259,56.852791878172596,False,False,False,False,False,
AB-/cluster_5_1374.BMP,AB-,PASS,0.6793082524271845,67.93082524271846,1,0.5532994923857868,55.32994923857868,False,False,False,False,False,
AB-/cluster_5_139.BMP,AB-,PASS,0.8554813915857605,85.54813915857605,1,0.5634517766497462,56.34517766497462,False,False,False,False,False,
AB-/cluster_5_1398.BMP,AB-,PASS,0.7216828478964401,72.168284789644,1,0.5583756345177665,55.83756345177665,False,False,False,False,False,
AB-/cluster_5_1417.BMP,AB-,PASS,0.7822613268608414,78.22613268608414,1,0.6040609137055838,60.40609137055838,False,False,False,False,False,
AB-/cluster_5_1422.BMP,AB-,PASS,0.7579894822006472,75.79894822006472,1,0.5532994923857868,55.32994923857868,False,False,False,False,False,
AB-/cluster_5_1423.BMP,AB-,PASS,0.7034789644012945,70.34789644012946,1,0.6852791878172588,68.52791878172589,False,False,False,False,False,
AB-/cluster_5_1432.BMP,AB-,PASS,0.2982402912621359,29.824029126213592,1,0.5532994923857868,55.32994923857868,False,False,False,False,False,
AB-/cluster_5_1435.BMP,AB-,PASS,0.6956917475728155,69.56917475728154,1,0.6700507614213198,67.00507614213198,False,False,False,False,False,
AB-/cluster_5_1439.BMP,AB-,PASS,0.7439320388349514,74.39320388349515,1,0.700507614213198,70.05076142131979,False,False,False,False,False,
AB-/cluster_5_1440.BMP,AB-,PASS,0.8043082524271845,80.43082524271846,2,0.565989847715736,56.598984771573605,False,False,False,False,False,
AB-/cluster_5_1444.BMP,AB-,PASS,0.6741504854368932,67.41504854368931,2,0.5634517766497462,56.34517766497462,False,False,False,False,False,
AB-/cluster_5_1448.BMP,AB-,PASS,0.743628640776699,74.3628640776699,1,0.6700507614213198,67.00507614213198,False,False,False,False,False,
AB-/cluster_5_1478.BMP,AB-,PASS,0.7624393203883495,76.24393203883496,1,0.5736040609137056,57.360406091370564,False,False,False,False,False,
AB-/cluster_5_1494.BMP,AB-,PASS,0.7192556634304207,71.92556634304206,2,0.6928934010152284,69.28934010152284,False,False,False,False,False,
AB-/cluster_5_1524.BMP,AB-,PASS,0.8397046925566343,83.97046925566343,1,0.7182741116751269,71.8274111675127,False,False,False,False,False,
AB-/cluster_5_1538.BMP,AB-,PASS,0.740796925566343,74.0796925566343,1,0.6776649746192893,67.76649746192894,False,False,False,False,False,
AB-/cluster_5_1543.BMP,AB-,PASS,0.698826860841424,69.88268608414239,1,0.6878172588832487,68.78172588832487,False,False,False,False,False,
AB-/cluster_5_1544.BMP,AB-,PASS,0.7598098705501618,75.98098705501619,1,0.6700507614213198,67.00507614213198,False,False,False,False,False,
AB-/cluster_5_1550.BMP,AB-,PASS,0.7310881877022654,73.10881877022653,1,0.5634517766497462,56.34517766497462,False,False,False,False,False,
AB-/cluster_5_1561.BMP,AB-,PASS,0.7006472491909385,70.06472491909385,1,0.5634517766497462,56.34517766497462,False,False,False,False,False,
AB-/cluster_5_1565.BMP,AB-,PASS,0.7456512944983819,74.56512944983818,1,0.5532994923857868,55.32994923857868,False,False,False,False,False,
AB-/cluster_5_1571.BMP,AB-,PASS,0.7006472491909385,70.06472491909385,1,0.5583756345177665,55.83756345177665,False,False,False,False,False,
AB-/cluster_5_1573.BMP,AB-,PASS,0.7364482200647249,73.64482200647248,1,0.6472081218274112,64.72081218274111,False,False,False,False,False,
AB-/cluster_5_1575.BMP,AB-,PASS,0.6987257281553398,69.87257281553399,1,0.5685279187817259,56.852791878172596,False,False,False,False,False,
AB-/cluster_5_1577.BMP,AB-,PASS,0.8202872168284789,82.02872168284789,1,0.7284263959390863,72.84263959390863,False,False,False,False,False,
AB-/cluster_5_1582.BMP,AB-,PASS,0.7612257281553398,76.12257281553399,2,0.682741116751269,68.2741116751269,False,False,False,False,False,
AB-/cluster_5_1589.BMP,AB-,PASS,0.7452467637540453,74.52467637540452,1,0.5685279187817259,56.852791878172596,False,False,False,False,False,
AB-/cluster_5_1600.BMP,AB-,PASS,0.8028923948220065,80.28923948220064,1,0.682741116751269,68.2741116751269,False,False,False,False,False,
AB-/cluster_5_1613.BMP,AB-,PASS,0.8304004854368932,83.04004854368931,1,0.5812182741116751,58.121827411167516,False,False,False,False,False,
AB-/cluster_5_1629.BMP,AB-,PASS,0.7557645631067961,75.5764563106796,1,0.5888324873096447,58.88324873096447,False,False,False,False,False,
AB-/cluster_5_1632.BMP,AB-,PASS,0.6976132686084142,69.76132686084142,1,0.6751269035532995,67.51269035532995,False,False,False,False,False,
AB-/cluster_5_1660.BMP,AB-,PASS,0.7434263754045307,74.34263754045307,1,0.5634517766497462,56.34517766497462,False,False,False,False,False,
AB-/cluster_5_1661.BMP,AB-,PASS,0.7286610032362459,72.8661003236246,1,0.7081218274111675,70.81218274111674,False,False,False,False,False,
AB-/cluster_5_1676.BMP,AB-,PASS,0.7551577669902912,75.51577669902912,1,0.5634517766497462,56.34517766497462,False,False,False,False,False,
AB-/cluster_5_1677.BMP,AB-,PASS,0.7718446601941747,77.18446601941747,1,0.6954314720812182,69.54314720812182,False,False,False,False,False,
AB-/cluster_5_168.BMP,AB-,PASS,0.7175364077669902,71.75364077669903,1,0.6725888324873096,67.25888324873097,False,False,False,False,False,
AB-/cluster_5_1680.BMP,AB-,PASS,0.7284587378640777,72.84587378640776,2,0.6472081218274112,64.72081218274111,False,False,False,False,False,
AB-/cluster_5_1706.BMP,AB-,PASS,0.7898462783171522,78.98462783171522,1,0.6624365482233503,66.24365482233503,False,False,False,False,False,
AB-/cluster_5_1710.BMP,AB-,PASS,0.8613470873786407,86.13470873786407,1,0.7715736040609137,77.15736040609137,False,False,False,False,False,
AB-/cluster_5_1711.BMP,AB-,PASS,0.7313915857605178,73.13915857605178,1,0.5583756345177665,55.83756345177665,False,False,False,False,False,
AB-/cluster_5_1735.BMP,AB-,PASS,0.7328074433656958,73.28074433656958,1,0.5761421319796954,57.61421319796954,False,False,False,False,False,
AB-/cluster_5_1739.BMP,AB-,PASS,0.6915453074433657,69.15453074433657,1,0.5532994923857868,55.32994923857868,False,False,False,False,False,
AB-/cluster_5_1747.BMP,AB-,PASS,0.7026699029126213,70.26699029126213,1,0.7055837563451777,70.55837563451777,False,False,False,False,False,
AB-/cluster_5_175.BMP,AB-,PASS,0.7707322006472492,77.07322006472492,1,0.6751269035532995,67.51269035532995,False,False,False,False,False,
AB-/cluster_5_1753.BMP,AB-,PASS,0.6433050161812298,64.33050161812298,1,0.7208121827411168,72.08121827411168,False,False,False,False,False,
AB-/cluster_5_1754.BMP,AB-,PASS,0.6773867313915858,67.73867313915858,1,0.6979695431472082,69.79695431472082,False,False,False,False,False,
AB-/cluster_5_1758.BMP,AB-,PASS,0.75,75.0,1,0.6776649746192893,67.76649746192894,False,False,False,False,False,
AB-/cluster_5_1760.BMP,AB-,PASS,0.8308050161812298,83.08050161812298,1,0.6700507614213198,67.00507614213198,False,False,False,False,False,
AB-/cluster_5_1772.BMP,AB-,PASS,0.778418284789644,77.8418284789644,1,0.6878172588832487,68.78172588832487,False,False,False,False,False,
AB-/cluster_5_1773.BMP,AB-,PASS,0.7601132686084142,76.01132686084142,1,0.616751269035533,61.6751269035533,False,False,False,False,False,
AB-/cluster_5_1783.BMP,AB-,PASS,0.8129045307443366,81.29045307443366,1,0.6269035532994924,62.69035532994924,False,False,False,False,False,
AB-/cluster_5_1788.BMP,AB-,PASS,0.6652508090614887,66.52508090614887,1,0.6598984771573604,65.98984771573603,False,False,False,False,False,
AB-/cluster_5_179.BMP,AB-,PASS,0.7027710355987055,70.27710355987054,1,0.6903553299492385,69.03553299492386,False,False,False,False,False,
AB-/cluster_5_1792.BMP,AB-,PASS,0.6496763754045307,64.96763754045307,2,0.5558375634517766,55.58375634517766,False,False,False,False,False,
AB-/cluster_5_180.BMP,AB-,PASS,0.7368527508090615,73.68527508090615,1,0.5939086294416244,59.390862944162436,False,False,False,False,False,
AB-/cluster_5_1831.BMP,AB-,PASS,0.7535396440129449,75.35396440129449,1,0.5761421319796954,57.61421319796954,False,False,False,False,False,
AB-/cluster_5_1836.BMP,AB-,PASS,0.7588996763754046,75.88996763754045,1,0.5583756345177665,55.83756345177665,False,False,False,False,False,
AB-/cluster_5_1845.BMP,AB-,PASS,0.7122775080906149,71.22775080906149,1,0.5634517766497462,56.34517766497462,False,False,False,False,False,
AB-/cluster_5_1855.BMP,AB-,PASS,0.7526294498381877,75.26294498381877,1,0.5532994923857868,55.32994923857868,False,False,False,False,False,
AB-/cluster_5_1861.BMP,AB-,PASS,0.41413834951456313,41.413834951456316,2,0.5685279187817259,56.852791878172596,False,False,False,False,False,
AB-/cluster_5_1867.BMP,AB-,PASS,0.7838794498381877,78.38794498381877,1,0.7055837563451777,70.55837563451777,False,False,False,False,False,
AB-/cluster_5_1872.BMP,AB-,PASS,0.7038834951456311,70.3883495145631,1,0.5939086294416244,59.390862944162436,False,False,False,False,False,
AB-/cluster_5_190.BMP,AB-,PASS,0.7393810679611651,73.93810679611651,1,0.5634517766497462,56.34517766497462,False,False,False,False,False,
AB-/cluster_5_1901.BMP,AB-,PASS,0.778418284789644,77.8418284789644,1,0.7131979695431472,71.31979695431471,False,False,False,False,False,
AB-/cluster_5_1913.BMP,AB-,PASS,0.7738673139158576,77.38673139158576,1,0.5532994923857868,55.32994923857868,False,False,False,False,False,
AB-/cluster_5_1914.BMP,AB-,PASS,0.7344255663430421,73.44255663430421,1,0.6878172588832487,68.78172588832487,False,False,False,False,False,
AB-/cluster_5_1916.BMP,AB-,PASS,0.6371359223300971,63.713592233009706,1,0.5583756345177665,55.83756345177665,False,False,False,False,False,
AB-/cluster_5_1933.BMP,AB-,PASS,0.7686084142394822,76.86084142394822,1,0.6751269035532995,67.51269035532995,False,False,False,False,False,
AB-/cluster_5_1936.BMP,AB-,PASS,0.7815533980582524,78.15533980582524,1,0.6345177664974619,63.45177664974619,False,False,False,False,False,
AB-/cluster_5_1949.BMP,AB-,PASS,0.71167071197411,71.167071197411,1,0.6345177664974619,63.45177664974619,False,False,False,False,False,
AB-/cluster_5_1950.BMP,AB-,PASS,0.7712378640776699,77.12378640776699,1,0.5532994923857868,55.32994923857868,False,False,False,False,False,
AB-/cluster_5_197.BMP,AB-,PASS,0.6872977346278317,68.72977346278317,1,0.583756345177665,58.37563451776649,False,False,False,False,False,
AB-/cluster_5_1970.BMP,AB-,PASS,0.23968446601941748,23.968446601941746,2,0.5532994923857868,55.32994923857868,False,False,False,False,False,
AB-/cluster_5_1983.BMP,AB-,PASS,0.7721480582524272,77.21480582524272,1,0.7081218274111675,70.81218274111674,False,False,False,False,False,
AB-/cluster_5_1986.BMP,AB-,PASS,0.1953883495145631,19.53883495145631,1,0.5532994923857868,55.32994923857868,False,False,False,False,False,
AB-/cluster_5_1990.BMP,AB-,PASS,0.840918284789644,84.0918284789644,1,0.5532994923857868,55.32994923857868,False,False,False,False,False,
AB-/cluster_5_1994.BMP,AB-,PASS,0.7335153721682848,73.35153721682848,1,0.6954314720812182,69.54314720812182,False,False,False,False,False,
AB-/cluster_5_2006.BMP,AB-,PASS,0.7557645631067961,75.5764563106796,1,0.6903553299492385,69.03553299492386,False,False,False,False,False,
AB-/cluster_5_2007.BMP,AB-,PASS,0.7136933656957929,71.36933656957929,1,0.7157360406091371,71.57360406091371,False,False,False,False,False,
AB-/cluster_5_2015.BMP,AB-,PASS,0.6605987055016181,66.05987055016182,1,0.6979695431472082,69.79695431472082,False,False,False,False,False,
AB-/cluster_5_2016.BMP,AB-,PASS,0.8250404530744336,82.50404530744336,1,0.6903553299492385,69.03553299492386,False,False,False,False,False,
AB-/cluster_5_2021.BMP,AB-,PASS,0.76709142394822,76.70914239482201,1,0.6269035532994924,62.69035532994924,False,False,False,False,False,
AB-/cluster_5_2024.BMP,AB-,PASS,0.6246966019417476,62.46966019417476,2,0.5583756345177665,55.83756345177665,False,False,False,False,False,
AB-/cluster_5_2025.BMP,AB-,PASS,0.7400889967637541,74.0088996763754,1,0.6903553299492385,69.03553299492386,False,False,False,False,False,
AB-/cluster_5_2034.BMP,AB-,PASS,0.7012540453074434,70.12540453074433,1,0.6345177664974619,63.45177664974619,False,False,False,False,False,
AB-/cluster_5_2036.BMP,AB-,PASS,0.8185679611650486,81.85679611650485,1,0.6903553299492385,69.03553299492386,False,False,False,False,False,
AB-/cluster_5_2051.BMP,AB-,FAIL,0.9036205501618123,90.36205501618123,1,0.7309644670050761,73.09644670050761,False,True,False,False,False,
AB-/cluster_5_2052.BMP,AB-,PASS,0.7397855987055016,73.97855987055017,1,0.6116751269035533,61.16751269035533,False,False,False,False,False,
AB-/cluster_5_2055.BMP,AB-,FAIL,0.9140372168284789,91.40372168284789,1,0.649746192893401,64.9746192893401,False,True,False,False,False,
AB-/cluster_5_2066.BMP,AB-,PASS,0.731593851132686,73.1593851132686,1,0.5532994923857868,55.32994923857868,False,False,False,False,False,
AB-/cluster_5_2069.BMP,AB-,PASS,0.7290655339805825,72.90655339805825,1,0.5634517766497462,56.34517766497462,False,False,False,False,False,
AB-/cluster_5_2075.BMP,AB-,PASS,0.7621359223300971,76.2135922330097,1,0.6979695431472082,69.79695431472082,False,False,False,False,False,
AB-/cluster_5_208.BMP,AB-,PASS,0.7147046925566343,71.47046925566343,1,0.5634517766497462,56.34517766497462,False,False,False,False,False,
AB-/cluster_5_2082.BMP,AB-,PASS,0.8344457928802589,83.44457928802589,1,0.5634517766497462,56.34517766497462,False,False,False,False,False,
AB-/cluster_5_2085.BMP,AB-,PASS,0.7419093851132686,74.19093851132686,1,0.5786802030456852,57.868020304568525,False,False,False,False,False,
AB-/cluster_5_2086.BMP,AB-,PASS,0.6464401294498382,64.64401294498381,1,0.5634517766497462,56.34517766497462,False,False,False,False,False,
AB-/cluster_5_210.BMP,AB-,PASS,0.7497977346278317,74.97977346278317,1,0.5583756345177665,55.83756345177665,False,False,False,False,False,
AB-/cluster_5_2113.BMP,AB-,PASS,0.7448422330097088,74.48422330097088,1,0.5532994923857868,55.32994923857868,False,False,False,False,False,
AB-/cluster_5_2116.BMP,AB-,PASS,0.7505056634304207,75.05056634304206,1,0.5634517766497462,56.34517766497462,False,False,False,False,False,
AB-/cluster_5_2117.BMP,AB-,PASS,0.7557645631067961,75.5764563106796,1,0.7081218274111675,70.81218274111674,False,False,False,False,False,
AB-/cluster_5_2119.BMP,AB-,PASS,0.65625,65.625,1,0.5583756345177665,55.83756345177665,False,False,False,False,False,
AB-/cluster_5_2121.BMP,AB-,PASS,0.7828681229773463,78.28681229773463,1,0.5634517766497462,56.34517766497462,False,False,False,False,False,
AB-/cluster_5_2125.BMP,AB-,FAIL,0.9256674757281553,92.56674757281553,1,0.7766497461928934,77.66497461928934,False,True,False,False,False,
AB-/cluster_5_214.BMP,AB-,PASS,0.7308859223300971,73.0885922330097,1,0.6370558375634517,63.70558375634518,False,False,False,False,False,
AB-/cluster_5_2140.BMP,AB-,PASS,0.7846885113268608,78.46885113268608,1,0.6776649746192893,67.76649746192894,False,False,False,False,False,
AB-/cluster_5_215.BMP,AB-,PASS,0.7121763754045307,71.21763754045307,1,0.6142131979695431,61.42131979695431,False,False,False,False,False,
AB-/cluster_5_2155.BMP,AB-,PASS,0.8154328478964401,81.543284789644,1,0.5532994923857868,55.32994923857868,False,False,False,False,False,
AB-/cluster_5_2160.BMP,AB-,PASS,0.7430218446601942,74.30218446601941,1,0.5583756345177665,55.83756345177665,False,False,False,False,False,
AB-/cluster_5_2166.BMP,AB-,PASS,0.4984830097087379,49.84830097087379,1,0.5583756345177665,55.83756345177665,False,False,False,False,False,
AB-/cluster_5_2168.BMP,AB-,PASS,0.7665857605177994,76.65857605177993,1,0.5685279187817259,56.852791878172596,False,False,False,False,False,
AB-/cluster_5_217.BMP,AB-,PASS,0.1929611650485437,19.296116504854368,1,0.5532994923857868,55.32994923857868,False,False,False,False,False,
AB-/cluster_5_219.BMP,AB-,PASS,0.649878640776699,64.9878640776699,1,0.5812182741116751,58.121827411167516,False,False,False,False,False,
AB-/cluster_5_220.BMP,AB-,PASS,0.6996359223300971,69.9635922330097,1,0.6979695431472082,69.79695431472082,False,False,False,False,False,
AB-/cluster_5_2201.BMP,AB-,PASS,0.796217637540453,79.6217637540453,1,0.7208121827411168,72.08121827411168,False,False,False,False,False,
AB-/cluster_5_2207.BMP,AB-,PASS,0.745752427184466,74.5752427184466,1,0.6624365482233503,66.24365482233503,False,False,False,False,False,
AB-/cluster_5_2229.BMP,AB-,PASS,0.7567758899676376,75.67758899676376,1,0.6472081218274112,64.72081218274111,False,False,False,False,False,
AB-/cluster_5_224.BMP,AB-,PASS,0.815331715210356,81.5331715210356,1,0.6802030456852792,68.02030456852792,False,False,False,False,False,
AB-/cluster_5_2255.BMP,AB-,PASS,0.7841828478964401,78.418284789644,1,0.7131979695431472,71.31979695431471,False,False,False,False,False,
AB-/cluster_5_226.BMP,AB-,PASS,0.7494943365695793,74.94943365695794,1,0.6675126903553299,66.75126903553299,False,False,False,False,False,
AB-/cluster_5_2260.BMP,AB-,PASS,0.665453074433657,66.5453074433657,1,0.5558375634517766,55.58375634517766,False,False,False,False,False,
AB-/cluster_5_2262.BMP,AB-,PASS,0.7011529126213593,70.11529126213593,2,0.5532994923857868,55.32994923857868,False,False,False,False,False,
AB-/cluster_5_2277.BMP,AB-,PASS,0.7486852750809061,74.86852750809061,1,0.733502538071066,73.3502538071066,False,False,False,False,False,
AB-/cluster_5_2292.BMP,AB-,PASS,0.714502427184466,71.4502427184466,1,0.5634517766497462,56.34517766497462,False,False,False,False,False,
AB-/cluster_5_2293.BMP,AB-,PASS,0.7250202265372169,72.50202265372168,1,0.5685279187817259,56.852791878172596,False,False,False,False,False,
AB-/cluster_5_2302.BMP,AB-,PASS,0.860032362459547,86.0032362459547,1,0.7411167512690355,74.11167512690355,False,False,False,False,False,
AB-/cluster_5_2319.BMP,AB-,PASS,0.737156148867314,73.7156148867314,1,0.6269035532994924,62.69035532994924,False,False,False,False,False,
AB-/cluster_5_2325.BMP,AB-,PASS,0.7422127831715211,74.22127831715211,1,0.5532994923857868,55.32994923857868,False,False,False,False,False,
AB-/cluster_5_233.BMP,AB-,PASS,0.7433252427184466,74.33252427184466,1,0.5989847715736041,59.89847715736041,False,False,False,False,False,
AB-/cluster_5_2343.BMP,AB-,PASS,0.6716221682847896,67.16221682847896,1,0.6776649746192893,67.76649746192894,False,False,False,False,False,
AB-/cluster_5_2345.BMP,AB-,PASS,0.8002629449838188,80.02629449838187,1,0.6675126903553299,66.75126903553299,False,False,False,False,False,
AB-/cluster_5_2347.BMP,AB-,PASS,0.5162076359686987,51.620763596869864,2,0.5251396648044693,52.513966480446925,False,False,False,False,False,
AB-/cluster_5_2348.BMP,AB-,PASS,0.7825647249190939,78.25647249190939,1,0.7131979695431472,71.31979695431471,False,False,False,False,False,
AB-/cluster_5_2354.BMP,AB-,PASS,0.6303600323624595,63.03600323624595,1,0.5634517766497462,56.34517766497462,False,False,False,False,False,
AB-/cluster_5_2364.BMP,AB-,PASS,0.5989077669902912,59.890776699029125,1,0.7081218274111675,70.81218274111674,False,False,False,False,False,
AB-/cluster_5_2367.BMP,AB-,PASS,0.6486650485436893,64.86650485436894,1,0.565989847715736,56.598984771573605,False,False,False,False,False,
AB-/cluster_5_2381.BMP,AB-,PASS,0.6999393203883495,69.99393203883496,1,0.5583756345177665,55.83756345177665,False,False,False,False,False,
AB-/cluster_5_2382.BMP,AB-,PASS,0.7698220064724919,76.98220064724919,1,0.700507614213198,70.05076142131979,False,False,False,False,False,
AB-/cluster_5_240.BMP,AB-,PASS,0.6331917475728155,63.31917475728155,1,0.6446700507614214,64.46700507614213,False,False,False,False,False,
AB-/cluster_5_2410.BMP,AB-,PASS,0.6770833333333334,67.70833333333334,1,0.6345177664974619,63.45177664974619,False,False,False,False,False,
AB-/cluster_5_2416.BMP,AB-,PASS,0.7314927184466019,73.14927184466019,1,0.6624365482233503,66.24365482233503,False,False,False,False,False,
AB-/cluster_5_2417.BMP,AB-,PASS,0.7331108414239482,73.31108414239482,1,0.5634517766497462,56.34517766497462,False,False,False,False,False,
AB-/cluster_5_2421.BMP,AB-,PASS,0.7566747572815534,75.66747572815534,1,0.5812182741116751,58.121827411167516,False,False,False,False,False,
AB-/cluster_5_2423.BMP,AB-,PASS,0.7560679611650486,75.60679611650485,1,0.5710659898477157,57.10659898477157,False,False,False,False,False,
AB-/cluster_5_243.BMP,AB-,PASS,0.8263551779935275,82.63551779935275,1,0.5583756345177665,55.83756345177665,False,False,False,False,False,
AB-/cluster_5_2430.BMP,AB-,PASS,0.6931634304207119,69.3163430420712,1,0.5939086294416244,59.390862944162436,False,False,False,False,False,
AB-/cluster_5_2432.BMP,AB-,PASS,0.6798139158576052,67.98139158576052,1,0.6294416243654822,62.944162436548226,False,False,False,False,False,
AB-/cluster_5_2433.BMP,AB-,PASS,0.6760720064724919,67.60720064724919,1,0.6269035532994924,62.69035532994924,False,False,False,False,False,
AB-/cluster_5_244.BMP,AB-,PASS,0.7829692556634305,78.29692556634305,1,0.5532994923857868,55.32994923857868,False,False,False,False,False,
AB-/cluster_5_2443.BMP,AB-,PASS,0.7976334951456311,79.7633495145631,1,0.5583756345177665,55.83756345177665,False,False,False,False,False,
AB-/cluster_5_2457.BMP,AB-,PASS,0.7923745954692557,79.23745954692556,1,0.7106598984771574,71.06598984771574,False,False,False,False,False,
AB-/cluster_5_2478.BMP,AB-,PASS,0.7640574433656958,76.40574433656958,1,0.6878172588832487,68.78172588832487,False,False,False,False,False,
AB-/cluster_5_248.BMP,AB-,PASS,0.6618122977346278,66.18122977346277,1,0.5532994923857868,55.32994923857868,False,False,False,False,False,
AB-/cluster_5_2485.BMP,AB-,PASS,0.7104571197411004,71.04571197411003,1,0.5710659898477157,57.10659898477157,False,False,False,False,False,
AB-/cluster_5_2487.BMP,AB-,PASS,0.7868122977346278,78.68122977346277,1,0.649746192893401,64.9746192893401,False,False,False,False,False,
AB-/cluster_5_2499.BMP,AB-,PASS,0.23290857605177995,23.290857605177994,1,0.5532994923857868,55.32994923857868,False,False,False,False,False,
AB-/cluster_5_2509.BMP,AB-,PASS,0.7653721682847896,76.53721682847896,1,0.6649746192893401,66.49746192893402,False,False,False,False,False,
AB-/cluster_5_2515.BMP,AB-,PASS,0.7953074433656958,79.53074433656958,1,0.6598984771573604,65.98984771573603,False,False,False,False,False,
AB-/cluster_5_253.BMP,AB-,PASS,0.7717435275080906,77.17435275080906,1,0.6878172588832487,68.78172588832487,False,False,False,False,False,
AB-/cluster_5_2532.BMP,AB-,PASS,0.7928802588996764,79.28802588996764,1,0.6852791878172588,68.52791878172589,False,False,False,False,False,
AB-/cluster_5_2539.BMP,AB-,PASS,0.7246156957928802,72.46156957928802,1,0.5634517766497462,56.34517766497462,False,False,False,False,False,
AB-/cluster_5_2542.BMP,AB-,PASS,0.6972087378640777,69.72087378640776,1,0.7081218274111675,70.81218274111674,False,False,False,False,False,
AB-/cluster_5_2546.BMP,AB-,PASS,0.7063106796116505,70.63106796116504,2,0.6548223350253807,65.48223350253807,False,False,False,False,False,
AB-/cluster_5_2547.BMP,AB-,PASS,0.7600121359223301,76.00121359223301,1,0.6903553299492385,69.03553299492386,False,False,False,False,False,
AB-/cluster_5_2558.BMP,AB-,PASS,0.857200647249191,85.7200647249191,1,0.6015228426395939,60.15228426395939,False,False,False,False,False,
AB-/cluster_5_2560.BMP,AB-,PASS,0.6283373786407767,62.83373786407766,1,0.5634517766497462,56.34517766497462,False,False,False,False,False,
AB-/cluster_5_2563.BMP,AB-,PASS,0.7277508090614887,72.77508090614887,1,0.5634517766497462,56.34517766497462,False,False,False,False,False,
AB-/cluster_5_2564.BMP,AB-,PASS,0.7192556634304207,71.92556634304206,1,0.5710659898477157,57.10659898477157,False,False,False,False,False,
AB-/cluster_5_2567.BMP,AB-,PASS,0.8489077669902912,84.89077669902912,1,0.6522842639593909,65.22842639593908,False,False,False,False,False,
AB-/cluster_5_2569.BMP,AB-,PASS,0.6055825242718447,60.55825242718447,1,0.6192893401015228,61.92893401015228,False,False,False,False,False,
AB-/cluster_5_2571.BMP,AB-,PASS,0.6480582524271845,64.80582524271846,1,0.5634517766497462,56.34517766497462,False,False,False,False,False,
AB-/cluster_5_258.BMP,AB-,PASS,0.7031755663430421,70.31755663430421,1,0.6624365482233503,66.24365482233503,False,False,False,False,False,
AB-/cluster_5_2581.BMP,AB-,PASS,0.6844660194174758,68.44660194174757,1,0.6725888324873096,67.25888324873097,False,False,False,False,False,
AB-/cluster_5_2583.BMP,AB-,PASS,0.7926779935275081,79.26779935275081,1,0.700507614213198,70.05076142131979,False,False,False,False,False,
AB-/cluster_5_2584.BMP,AB-,PASS,0.7224919093851133,72.24919093851133,1,0.6954314720812182,69.54314720812182,False,False,False,False,False,
AB-/cluster_5_2589.BMP,AB-,PASS,0.7414037216828478,74.14037216828478,1,0.7030456852791879,70.30456852791879,False,False,False,False,False,
AB-/cluster_5_2590.BMP,AB-,PASS,0.7393810679611651,73.93810679611651,1,0.6370558375634517,63.70558375634518,False,False,False,False,False,
AB-/cluster_5_2594.BMP,AB-,PASS,0.6997370550161812,69.97370550161813,1,0.5532994923857868,55.32994923857868,False,False,False,False,False,
AB-/cluster_5_2599.BMP,AB-,PASS,0.7470671521035599,74.706715210356,1,0.5939086294416244,59.390862944162436,False,False,False,False,False,
AB-/cluster_5_2600.BMP,AB-,PASS,0.7732605177993528,77.32605177993528,1,0.6928934010152284,69.28934010152284,False,False,False,False,False,
AB-/cluster_5_2605.BMP,AB-,PASS,0.6802184466019418,68.02184466019418,1,0.5761421319796954,57.61421319796954,False,False,False,False,False,
AB-/cluster_5_2626.BMP,AB-,PASS,0.5628033980582524,56.28033980582524,1,0.5609137055837563,56.09137055837563,False,False,False,False,False,
AB-/cluster_5_2641.BMP,AB-,PASS,0.7282564724919094,72.82564724919094,1,0.6446700507614214,64.46700507614213,False,False,False,False,False,
AB-/cluster_5_2646.BMP,AB-,PASS,0.7825647249190939,78.25647249190939,1,0.6573604060913706,65.73604060913706,False,False,False,False,False,
AB-/cluster_5_2649.BMP,AB-,PASS,0.5569377022653722,55.69377022653722,1,0.5583756345177665,55.83756345177665,False,False,False,False,False,
AB-/cluster_5_2652.BMP,AB-,PASS,0.7843851132686084,78.43851132686083,1,0.6598984771573604,65.98984771573603,False,False,False,False,False,
AB-/cluster_5_266.BMP,AB-,PASS,0.7674959546925566,76.74959546925567,1,0.6142131979695431,61.42131979695431,False,False,False,False,False,
AB-/cluster_5_2664.BMP,AB-,PASS,0.7133899676375405,71.33899676375405,1,0.5634517766497462,56.34517766497462,False,False,False,False,False,
AB-/cluster_5_2669.BMP,AB-,PASS,0.5557241100323624,55.57241100323624,2,0.5634517766497462,56.34517766497462,False,False,False,False,False,
AB-/cluster_5_2682.BMP,AB-,PASS,0.7030744336569579,70.30744336569579,1,0.6522842639593909,65.22842639593908,False,False,False,False,False,
AB-/cluster_5_2706.BMP,AB-,PASS,0.8290857605177994,82.90857605177993,1,0.6979695431472082,69.79695431472082,False,False,False,False,False,
AB-/cluster_5_2711.BMP,AB-,PASS,0.7131877022653722,71.31877022653723,1,0.6192893401015228,61.92893401015228,False,False,False,False,False,
AB-/cluster_5_2712.BMP,AB-,PASS,0.658373786407767,65.8373786407767,1,0.5583756345177665,55.83756345177665,False,False,False,False,False,
AB-/cluster_5_2728.BMP,AB-,PASS,0.7354368932038835,73.54368932038835,1,0.649746192893401,64.9746192893401,False,False,False,False,False,
AB-/cluster_5_2736.BMP,AB-,PASS,0.7447411003236246,74.47411003236246,1,0.700507614213198,70.05076142131979,False,False,False,False,False,
AB-/cluster_5_2739.BMP,AB-,PASS,0.7750809061488673,77.50809061488673,1,0.6802030456852792,68.02030456852792,False,False,False,False,False,
AB-/cluster_5_2762.BMP,AB-,PASS,0.686084142394822,68.6084142394822,1,0.7182741116751269,71.8274111675127,False,False,False,False,False,
AB-/cluster_5_277.BMP,AB-,PASS,0.7153114886731392,71.53114886731392,1,0.631979695431472,63.1979695431472,False,False,False,False,False,
AB-/cluster_5_2771.BMP,AB-,PASS,0.7600121359223301,76.00121359223301,1,0.6903553299492385,69.03553299492386,False,False,False,False,False,
AB-/cluster_5_2777.BMP,AB-,PASS,0.3238268608414239,32.38268608414239,1,0.5532994923857868,55.32994923857868,False,False,False,False,False,
AB-/cluster_5_2779.BMP,AB-,PASS,0.6651496763754046,66.51496763754045,1,0.5685279187817259,56.852791878172596,False,False,False,False,False,
AB-/cluster_5_2792.BMP,AB-,PASS,0.8101739482200647,81.01739482200647,1,0.5532994923857868,55.32994923857868,False,False,False,False,False,
AB-/cluster_5_2795.BMP,AB-,PASS,0.6922532362459547,69.22532362459548,1,0.565989847715736,56.598984771573605,False,False,False,False,False,
AB-/cluster_5_281.BMP,AB-,PASS,0.5779733009708737,57.797330097087375,2,0.5634517766497462,56.34517766497462,False,False,False,False,False,
AB-/cluster_5_2814.BMP,AB-,PASS,0.6793082524271845,67.93082524271846,2,0.6852791878172588,68.52791878172589,False,False,False,False,False,
AB-/cluster_5_2823.BMP,AB-,PASS,0.7740695792880259,77.40695792880258,1,0.5532994923857868,55.32994923857868,False,False,False,False,False,
AB-/cluster_5_2825.BMP,AB-,PASS,0.7848907766990292,78.48907766990291,1,0.616751269035533,61.6751269035533,False,False,False,False,False,
AB-/cluster_5_2830.BMP,AB-,PASS,0.7461569579288025,74.61569579288026,1,0.6776649746192893,67.76649746192894,False,False,False,False,False,
AB-/cluster_5_2835.BMP,AB-,PASS,0.7593042071197411,75.93042071197411,1,0.6903553299492385,69.03553299492386,False,False,False,False,False,
AB-/cluster_5_2869.BMP,AB-,PASS,0.7227953074433657,72.27953074433657,1,0.5583756345177665,55.83756345177665,False,False,False,False,False,
AB-/cluster_5_2886.BMP,AB-,PASS,0.5421899802277981,54.21899802277981,2,0.6229050279329609,62.290502793296085,False,False,False,False,False,
AB-/cluster_5_2890.BMP,AB-,PASS,0.8248381877022654,82.48381877022653,1,0.6852791878172588,68.52791878172589,False,False,False,False,False,
AB-/cluster_5_2893.BMP,AB-,PASS,0.7314927184466019,73.14927184466019,1,0.7081218274111675,70.81218274111674,False,False,False,False,False,
AB-/cluster_5_2898.BMP,AB-,PASS,0.6606998381877023,66.06998381877023,1,0.6852791878172588,68.52791878172589,False,False,False,False,False,
AB-/cluster_5_2899.BMP,AB-,PASS,0.7638551779935275,76.38551779935275,1,0.5634517766497462,56.34517766497462,False,False,False,False,False,
AB-/cluster_5_2905.BMP,AB-,PASS,0.8133090614886731,81.33090614886731,1,0.6649746192893401,66.49746192893402,False,False,False,False,False,
AB-/cluster_5_2907.BMP,AB-,PASS,0.5030339805825242,50.30339805825243,1,0.565989847715736,56.598984771573605,False,False,False,False,False,
AB-/cluster_5_2914.BMP,AB-,PASS,0.6719255663430421,67.19255663430421,1,0.5532994923857868,55.32994923857868,False,False,False,False,False,
AB-/cluster_5_2921.BMP,AB-,PASS,0.40372168284789645,40.372168284789645,3,0.5761421319796954,57.61421319796954,False,False,False,False,False,
AB-/cluster_5_2925.BMP,AB-,PASS,0.6739482200647249,67.39482200647248,1,0.7233502538071066,72.33502538071066,False,False,False,False,False,
AB-/cluster_5_293.BMP,AB-,PASS,0.6398665048543689,63.98665048543689,1,0.6573604060913706,65.73604060913706,False,False,False,False,False,
AB-/cluster_5_294.BMP,AB-,PASS,0.7809466019417476,78.09466019417476,1,0.7258883248730964,72.58883248730965,False,False,False,False,False,
AB-/cluster_5_2958.BMP,AB-,PASS,0.8697411003236246,86.97411003236246,1,0.6928934010152284,69.28934010152284,False,False,False,False,False,
AB-/cluster_5_2969.BMP,AB-,PASS,0.7568770226537217,75.68770226537217,1,0.6421319796954315,64.21319796954315,False,False,False,False,False,
AB-/cluster_5_2975.BMP,AB-,PASS,0.7255258899676376,72.55258899676376,1,0.6218274111675127,62.182741116751274,False,False,False,False,False,
AB-/cluster_5_2989.BMP,AB-,PASS,0.7182443365695793,71.82443365695794,1,0.7030456852791879,70.30456852791879,False,False,False,False,False,
AB-/cluster_5_299.BMP,AB-,PASS,0.7624393203883495,76.24393203883496,1,0.5583756345177665,55.83756345177665,False,False,False,False,False,
AB-/cluster_5_2993.BMP,AB-,PASS,0.7285598705501618,72.85598705501619,1,0.5964467005076142,59.64467005076142,False,False,False,False,False,
AB-/cluster_5_2999.BMP,AB-,PASS,0.8539644012944984,85.39644012944983,1,0.7030456852791879,70.30456852791879,False,False,False,False,False,
AB-/cluster_5_3007.BMP,AB-,PASS,0.8068365695792881,80.6836569579288,1,0.6928934010152284,69.28934010152284,False,False,False,False,False,
AB-/cluster_5_3008.BMP,AB-,PASS,0.770529935275081,77.0529935275081,1,0.682741116751269,68.2741116751269,False,False,False,False,False,
AB-/cluster_5_3051.BMP,AB-,PASS,0.703782362459547,70.3782362459547,1,0.6649746192893401,66.49746192893402,False,False,False,False,False,
AB-/cluster_5_3057.BMP,AB-,PASS,0.8604368932038835,86.04368932038835,1,0.5532994923857868,55.32994923857868,False,False,False,False,False,
AB-/cluster_5_3063.BMP,AB-,PASS,0.7413025889967637,74.13025889967638,1,0.5634517766497462,56.34517766497462,False,False,False,False,False,
AB-/cluster_5_3074.BMP,AB-,PASS,0.7246156957928802,72.46156957928802,1,0.6598984771573604,65.98984771573603,False,False,False,False,False,
AB-/cluster_5_3080.BMP,AB-,PASS,0.7526294498381877,75.26294498381877,1,0.5532994923857868,55.32994923857868,False,False,False,False,False,
AB-/cluster_5_3082.BMP,AB-,PASS,0.7060072815533981,70.60072815533981,1,0.5609137055837563,56.09137055837563,False,False,False,False,False,
AB-/cluster_5_31.BMP,AB-,PASS,0.7427184466019418,74.27184466019418,1,0.7030456852791879,70.30456852791879,False,False,False,False,False,
AB-/cluster_5_312.BMP,AB-,PASS,0.791970064724919,79.1970064724919,1,0.6015228426395939,60.15228426395939,False,False,False,False,False,
AB-/cluster_5_3129.BMP,AB-,PASS,0.7850930420711975,78.50930420711974,1,0.6852791878172588,68.52791878172589,False,False,False,False,False,
AB-/cluster_5_3135.BMP,AB-,PASS,0.6878033980582524,68.78033980582524,1,0.5583756345177665,55.83756345177665,False,False,False,False,False,
AB-/cluster_5_314.BMP,AB-,PASS,0.6871966019417476,68.71966019417476,1,0.5532994923857868,55.32994923857868,False,False,False,False,False,
AB-/cluster_5_315.BMP,AB-,PASS,0.8023867313915858,80.23867313915858,1,0.5532994923857868,55.32994923857868,False,False,False,False,False,
AB-/cluster_5_3157.BMP,AB-,PASS,0.7277508090614887,72.77508090614887,1,0.7081218274111675,70.81218274111674,False,False,False,False,False,
AB-/cluster_5_317.BMP,AB-,PASS,0.7426173139158576,74.26173139158576,1,0.7208121827411168,72.08121827411168,False,False,False,False,False,
AB-/cluster_5_318.BMP,AB-,PASS,0.7749797734627831,77.49797734627832,1,0.616751269035533,61.6751269035533,False,False,False,False,False,
AB-/cluster_5_3182.BMP,AB-,PASS,0.7609223300970874,76.09223300970875,1,0.7131979695431472,71.31979695431471,False,False,False,False,False,
AB-/cluster_5_3188.BMP,AB-,PASS,0.772046925566343,77.2046925566343,1,0.5532994923857868,55.32994923857868,False,False,False,False,False,
AB-/cluster_5_3192.BMP,AB-,PASS,0.8293891585760518,82.93891585760518,1,0.6243654822335025,62.43654822335025,False,False,False,False,False,
AB-/cluster_5_3197.BMP,AB-,PASS,0.8827872168284789,88.27872168284789,1,0.7055837563451777,70.55837563451777,False,False,False,False,False,
AB-/cluster_5_3204.BMP,AB-,PASS,0.6961974110032363,69.61974110032362,1,0.5583756345177665,55.83756345177665,False,False,False,False,False,
AB-/cluster_5_3247.BMP,AB-,PASS,0.7244134304207119,72.4413430420712,1,0.6116751269035533,61.16751269035533,False,False,False,False,False,
AB-/cluster_5_3266.BMP,AB-,PASS,0.8230177993527508,82.30177993527508,1,0.7309644670050761,73.09644670050761,False,False,False,False,False,
AB-/cluster_5_3268.BMP,AB-,PASS,0.7681027508090615,76.81027508090615,1,0.7157360406091371,71.57360406091371,False,False,False,False,False,
AB-/cluster_5_3273.BMP,AB-,PASS,0.5884911003236246,58.84911003236246,1,0.5634517766497462,56.34517766497462,False,False,False,False,False,
AB-/cluster_5_3277.BMP,AB-,PASS,0.7297734627831716,72.97734627831716,1,0.5634517766497462,56.34517766497462,False,False,False,False,False,
AB-/cluster_5_3282.BMP,AB-,PASS,0.748584142394822,74.8584142394822,1,0.5583756345177665,55.83756345177665,False,False,False,False,False,
AB-/cluster_5_3294.BMP,AB-,PASS,0.7490898058252428,74.90898058252428,1,0.6852791878172588,68.52791878172589,False,False,False,False,False,
AB-/cluster_5_330.BMP,AB-,PASS,0.6926577669902912,69.26577669902912,1,0.6878172588832487,68.78172588832487,False,False,False,False,False,
AB-/cluster_5_3304.BMP,AB-,PASS,0.7210760517799353,72.10760517799353,1,0.6548223350253807,65.48223350253807,False,False,False,False,False,
AB-/cluster_5_3306.BMP,AB-,PASS,0.5899069579288025,58.99069579288025,4,0.5583756345177665,55.83756345177665,False,False,False,False,False,
AB-/cluster_5_3310.BMP,AB-,PASS,0.751415857605178,75.1415857605178,1,0.5685279187817259,56.852791878172596,False,False,False,False,False,
AB-/cluster_5_3312.BMP,AB-,PASS,0.7223907766990292,72.23907766990291,1,0.6598984771573604,65.98984771573603,False,False,False,False,False,
AB-/cluster_5_332.BMP,AB-,PASS,0.823826860841424,82.38268608414239,1,0.7081218274111675,70.81218274111674,False,False,False,False,False,
AB-/cluster_5_3320.BMP,AB-,PASS,0.6630258899676376,66.30258899676376,1,0.6725888324873096,67.25888324873097,False,False,False,False,False,
AB-/cluster_5_3327.BMP,AB-,PASS,0.7444377022653722,74.44377022653723,1,0.5913705583756346,59.13705583756346,False,False,False,False,False,
AB-/cluster_5_3333.BMP,AB-,PASS,0.7676982200647249,76.76982200647248,1,0.6903553299492385,69.03553299492386,False,False,False,False,False,
AB-/cluster_5_3369.BMP,AB-,PASS,0.6887135922330098,68.87135922330097,2,0.5685279187817259,56.852791878172596,False,False,False,False,False,
AB-/cluster_5_3374.BMP,AB-,PASS,0.8047127831715211,80.47127831715211,1,0.7258883248730964,72.58883248730965,False,False,False,False,False,
AB-/cluster_5_3380.BMP,AB-,PASS,0.580906148867314,58.090614886731395,1,0.5634517766497462,56.34517766497462,False,False,False,False,False,
AB-/cluster_5_3382.BMP,AB-,PASS,0.7445388349514563,74.45388349514563,1,0.5532994923857868,55.32994923857868,False,False,False,False,False,
AB-/cluster_5_3383.BMP,AB-,PASS,0.747168284789644,74.7168284789644,1,0.6395939086294417,63.95939086294417,False,False,False,False,False,
AB-/cluster_5_3388.BMP,AB-,PASS,0.8885517799352751,88.85517799352752,1,0.5888324873096447,58.88324873096447,False,False,False,False,False,
AB-/cluster_5_3389.BMP,AB-,PASS,0.6764765372168284,67.64765372168284,1,0.7233502538071066,72.33502538071066,False,False,False,False,False,
AB-/cluster_5_3401.BMP,AB-,PASS,0.768406148867314,76.8406148867314,1,0.6548223350253807,65.48223350253807,False,False,False,False,False,
AB-/cluster_5_341.BMP,AB-,PASS,0.7339199029126213,73.39199029126213,1,0.565989847715736,56.598984771573605,False,False,False,False,False,
AB-/cluster_5_3417.BMP,AB-,PASS,0.7758899676375405,77.58899676375405,1,0.7208121827411168,72.08121827411168,False,False,False,False,False,
AB-/cluster_5_3418.BMP,AB-,PASS,0.7993527508090615,79.93527508090615,1,0.631979695431472,63.1979695431472,False,False,False,False,False,
AB-/cluster_5_3420.BMP,AB-,PASS,0.8379854368932039,83.7985436893204,1,0.5989847715736041,59.89847715736041,False,False,False,False,False,
AB-/cluster_5_3426.BMP,AB-,PASS,0.3882035144392771,38.820351443927706,8,0.5232774674115456,52.327746741154556,False,False,False,False,False,
AB-/cluster_5_3430.BMP,AB-,PASS,0.848705501618123,84.8705501618123,1,0.5532994923857868,55.32994923857868,False,False,False,False,False,
AB-/cluster_5_346.BMP,AB-,PASS,0.7260315533980582,72.60315533980582,1,0.6269035532994924,62.69035532994924,False,False,False,False,False,
AB-/cluster_5_3468.BMP,AB-,PASS,0.5457119741100324,54.57119741100323,2,0.5634517766497462,56.34517766497462,False,False,False,False,False,
AB-/cluster_5_3476.BMP,AB-,PASS,0.8304004854368932,83.04004854368931,1,0.5532994923857868,55.32994923857868,False,False,False,False,False,
AB-/cluster_5_3480.BMP,AB-,PASS,0.845165857605178,84.5165857605178,1,0.5685279187817259,56.852791878172596,False,False,False,False,False,
AB-/cluster_5_3488.BMP,AB-,PASS,0.761326860841424,76.13268608414239,1,0.6954314720812182,69.54314720812182,False,False,False,False,False,
AB-/cluster_5_3491.BMP,AB-,PASS,0.6321804207119741,63.21804207119741,1,0.6751269035532995,67.51269035532995,False,False,False,False,False,
AB-/cluster_5_3494.BMP,AB-,PASS,0.7586974110032363,75.86974110032362,1,0.7055837563451777,70.55837563451777,False,False,False,False,False,
AB-/cluster_5_3497.BMP,AB-,PASS,0.8781351132686084,87.81351132686083,1,0.7106598984771574,71.06598984771574,False,False,False,False,False,
AB-/cluster_5_3508.BMP,AB-,PASS,0.7658778317152104,76.58778317152104,1,0.682741116751269,68.2741116751269,False,False,False,False,False,
AB-/cluster_5_3516.BMP,AB-,PASS,0.7039846278317152,70.39846278317152,1,0.5583756345177665,55.83756345177665,False,False,False,False,False,
AB-/cluster_5_3517.BMP,AB-,PASS,0.7889360841423948,78.89360841423948,1,0.5532994923857868,55.32994923857868,False,False,False,False,False,
AB-/cluster_5_352.BMP,AB-,PASS,0.8080501618122977,80.80501618122977,1,0.6395939086294417,63.95939086294417,False,False,False,False,False,
AB-/cluster_5_353.BMP,AB-,PASS,0.7881270226537217,78.81270226537217,1,0.6421319796954315,64.21319796954315,False,False,False,False,False,
AB-/cluster_5_3538.BMP,AB-,PASS,0.7574838187702265,75.74838187702265,1,0.649746192893401,64.9746192893401,False,False,False,False,False,
AB-/cluster_5_3541.BMP,AB-,PASS,0.776294498381877,77.6294498381877,1,0.5634517766497462,56.34517766497462,False,False,False,False,False,
AB-/cluster_5_3543.BMP,AB-,PASS,0.729470064724919,72.9470064724919,1,0.5583756345177665,55.83756345177665,False,False,False,False,False,
AB-/cluster_5_3546.BMP,AB-,PASS,0.8357605177993528,83.57605177993528,1,0.6878172588832487,68.78172588832487,False,False,False,False,False,
AB-/cluster_5_3554.BMP,AB-,PASS,0.7010517799352751,70.10517799352752,1,0.7182741116751269,71.8274111675127,False,False,False,False,False,
AB-/cluster_5_3571.BMP,AB-,PASS,0.7317961165048543,73.17961165048543,1,0.682741116751269,68.2741116751269,False,False,False,False,False,
AB-/cluster_5_3573.BMP,AB-,PASS,0.7771035598705501,77.71035598705501,1,0.5634517766497462,56.34517766497462,False,False,False,False,False,
AB-/cluster_5_3597.BMP,AB-,PASS,0.7496966019417476,74.96966019417476,1,0.5685279187817259,56.852791878172596,False,False,False,False,False,
AB-/cluster_5_3601.BMP,AB-,PASS,0.688207928802589,68.82079288025889,1,0.5862944162436549,58.629441624365484,False,False,False,False,False,
AB-/cluster_5_3617.BMP,AB-,PASS,0.684668284789644,68.4668284789644,1,0.5634517766497462,56.34517766497462,False,False,False,False,False,
AB-/cluster_5_3622.BMP,AB-,PASS,0.700950647249191,70.0950647249191,1,0.7055837563451777,70.55837563451777,False,False,False,False,False,
AB-/cluster_5_3627.BMP,AB-,PASS,0.629955501618123,62.9955501618123,1,0.649746192893401,64.9746192893401,False,False,False,False,False,
AB-/cluster_5_3644.BMP,AB-,PASS,0.7096480582524272,70.96480582524272,1,0.6598984771573604,65.98984771573603,False,False,False,False,False,
AB-/cluster_5_3645.BMP,AB-,PASS,0.76709142394822,76.70914239482201,1,0.5583756345177665,55.83756345177665,False,False,False,False,False,
AB-/cluster_5_3654.BMP,AB-,PASS,0.73290857605178,73.29085760517799,1,0.5634517766497462,56.34517766497462,False,False,False,False,False,
AB-/cluster_5_366.BMP,AB-,FAIL,0.9489279935275081,94.89279935275081,1,0.7563451776649747,75.63451776649747,False,True,False,False,False,
AB-/cluster_5_3666.BMP,AB-,PASS,0.7540453074433657,75.40453074433657,1,0.6979695431472082,69.79695431472082,False,False,False,False,False,
AB-/cluster_5_3670.BMP,AB-,PASS,0.8635720064724919,86.35720064724919,1,0.7284263959390863,72.84263959390863,False,False,False,False,False,
AB-/cluster_5_3681.BMP,AB-,PASS,0.7135922330097088,71.35922330097088,2,0.649746192893401,64.9746192893401,False,False,False,False,False,
AB-/cluster_5_3682.BMP,AB-,PASS,0.6547330097087378,65.47330097087378,1,0.5634517766497462,56.34517766497462,False,False,False,False,False,
AB-/cluster_5_3696.BMP,AB-,PASS,0.7330097087378641,73.30097087378641,1,0.5634517766497462,56.34517766497462,False,False,False,False,False,
AB-/cluster_5_3713.BMP,AB-,PASS,0.6452265372168284,64.52265372168284,1,0.5685279187817259,56.852791878172596,False,False,False,False,False,
AB-/cluster_5_3717.BMP,AB-,PASS,0.7243122977346278,72.43122977346277,1,0.700507614213198,70.05076142131979,False,False,False,False,False,
AB-/cluster_5_3720.BMP,AB-,PASS,0.7313915857605178,73.13915857605178,1,0.7182741116751269,71.8274111675127,False,False,False,False,False,
AB-/cluster_5_3721.BMP,AB-,PASS,0.7860032362459547,78.60032362459548,1,0.6903553299492385,69.03553299492386,False,False,False,False,False,
AB-/cluster_5_3724.BMP,AB-,PASS,0.6817354368932039,68.1735436893204,1,0.6802030456852792,68.02030456852792,False,False,False,False,False,
AB-/cluster_5_3738.BMP,AB-,PASS,0.7732605177993528,77.32605177993528,1,0.5532994923857868,55.32994923857868,False,False,False,False,False,
AB-/cluster_5_3740.BMP,AB-,PASS,0.7820590614886731,78.20590614886731,1,0.6979695431472082,69.79695431472082,False,False,False,False,False,
AB-/cluster_5_3748.BMP,AB-,PASS,0.6820388349514563,68.20388349514563,1,0.6776649746192893,67.76649746192894,False,False,False,False,False,
AB-/cluster_5_3760.BMP,AB-,PASS,0.5375202265372169,53.75202265372169,1,0.6522842639593909,65.22842639593908,False,False,False,False,False,
AB-/cluster_5_3766.BMP,AB-,PASS,0.6755663430420712,67.55663430420712,1,0.7106598984771574,71.06598984771574,False,False,False,False,False,
AB-/cluster_5_3769.BMP,AB-,PASS,0.6796116504854369,67.96116504854369,1,0.6903553299492385,69.03553299492386,False,False,False,False,False,
AB-/cluster_5_3789.BMP,AB-,PASS,0.7026699029126213,70.26699029126213,1,0.733502538071066,73.3502538071066,False,False,False,False,False,
AB-/cluster_5_3796.BMP,AB-,PASS,0.7609223300970874,76.09223300970875,1,0.7182741116751269,71.8274111675127,False,False,False,False,False,
AB-/cluster_5_3804.BMP,AB-,PASS,0.6738470873786407,67.38470873786407,1,0.5989847715736041,59.89847715736041,False,False,False,False,False,
AB-/cluster_5_3808.BMP,AB-,PASS,0.7195590614886731,71.95590614886731,1,0.5634517766497462,56.34517766497462,False,False,False,False,False,
AB-/cluster_5_3818.BMP,AB-,PASS,0.8171521035598706,81.71521035598705,1,0.7055837563451777,70.55837563451777,False,False,False,False,False,
AB-/cluster_5_382.BMP,AB-,PASS,0.754247572815534,75.4247572815534,1,0.7081218274111675,70.81218274111674,False,False,False,False,False,
AB-/cluster_5_3820.BMP,AB-,PASS,0.80542071197411,80.542071197411,1,0.6700507614213198,67.00507614213198,False,False,False,False,False,
AB-/cluster_5_3823.BMP,AB-,PASS,0.8177588996763754,81.77588996763754,1,0.6624365482233503,66.24365482233503,False,False,False,False,False,
AB-/cluster_5_3824.BMP,AB-,PASS,0.7113673139158576,71.13673139158576,1,0.5634517766497462,56.34517766497462,False,False,False,False,False,
AB-/cluster_5_3837.BMP,AB-,PASS,0.8343446601941747,83.43446601941747,1,0.6446700507614214,64.46700507614213,False,False,False,False,False,
AB-/cluster_5_3838.BMP,AB-,PASS,0.7608211974110033,76.08211974110033,1,0.6852791878172588,68.52791878172589,False,False,False,False,False,
AB-/cluster_5_384.BMP,AB-,PASS,0.6995347896440129,69.9534789644013,1,0.6903553299492385,69.03553299492386,False,False,False,False,False,
AB-/cluster_5_3848.BMP,AB-,PASS,0.6786003236245954,67.86003236245955,1,0.5634517766497462,56.34517766497462,False,False,False,False,False,
AB-/cluster_5_3891.BMP,AB-,PASS,0.7138956310679612,71.38956310679612,1,0.5888324873096447,58.88324873096447,False,False,False,False,False,
AB-/cluster_5_3893.BMP,AB-,PASS,0.7261326860841424,72.61326860841424,1,0.5609137055837563,56.09137055837563,False,False,False,False,False,
AB-/cluster_5_3897.BMP,AB-,PASS,0.7359425566343042,73.59425566343042,1,0.7309644670050761,73.09644670050761,False,False,False,False,False,
AB-/cluster_5_3902.BMP,AB-,PASS,0.7957119741100324,79.57119741100324,1,0.6700507614213198,67.00507614213198,False,False,False,False,False,
AB-/cluster_5_3903.BMP,AB-,PASS,0.5634101941747572,56.34101941747572,1,0.5939086294416244,59.390862944162436,False,False,False,False,False,
AB-/cluster_5_3905.BMP,AB-,PASS,0.7111650485436893,71.11650485436894,2,0.5685279187817259,56.852791878172596,False,False,False,False,False,
AB-/cluster_5_3908.BMP,AB-,PASS,0.7893406148867314,78.93406148867314,1,0.5532994923857868,55.32994923857868,False,False,False,False,False,
AB-/cluster_5_3909.BMP,AB-,PASS,0.7270428802588996,72.70428802588997,1,0.5583756345177665,55.83756345177665,False,False,False,False,False,
AB-/cluster_5_3911.BMP,AB-,PASS,0.6148867313915858,61.48867313915858,2,0.5761421319796954,57.61421319796954,False,False,False,False,False,
AB-/cluster_5_3928.BMP,AB-,PASS,0.5437904530744336,54.37904530744336,1,0.631979695431472,63.1979695431472,False,False,False,False,False,
AB-/cluster_5_3929.BMP,AB-,PASS,0.8602346278317152,86.02346278317152,1,0.6776649746192893,67.76649746192894,False,False,False,False,False,
AB-/cluster_5_3935.BMP,AB-,PASS,0.6545307443365695,65.45307443365695,1,0.5583756345177665,55.83756345177665,False,False,False,False,False,
AB-/cluster_5_3944.BMP,AB-,PASS,0.6283373786407767,62.83373786407766,1,0.6903553299492385,69.03553299492386,False,False,False,False,False,
AB-/cluster_5_3954.BMP,AB-,PASS,0.2783171521035599,27.831715210355988,1,0.5532994923857868,55.32994923857868,False,False,False,False,False,
AB-/cluster_5_396.BMP,AB-,PASS,0.6820388349514563,68.20388349514563,1,0.5634517766497462,56.34517766497462,False,False,False,False,False,
AB-/cluster_5_3975.BMP,AB-,PASS,0.7961165048543689,79.6116504854369,1,0.6675126903553299,66.75126903553299,False,False,False,False,False,
AB-/cluster_5_3976.BMP,AB-,PASS,0.7933859223300971,79.3385922330097,1,0.6624365482233503,66.24365482233503,False,False,False,False,False,
AB-/cluster_5_3977.BMP,AB-,PASS,0.7502022653721683,75.02022653721683,1,0.7030456852791879,70.30456852791879,False,False,False,False,False,
AB-/cluster_5_398.BMP,AB-,PASS,0.7491909385113269,74.91909385113269,1,0.565989847715736,56.598984771573605,False,False,False,False,False,
AB-/cluster_5_3981.BMP,AB-,PASS,0.7250202265372169,72.50202265372168,2,0.5634517766497462,56.34517766497462,False,False,False,False,False,
AB-/cluster_5_3982.BMP,AB-,PASS,0.7585962783171522,75.85962783171522,1,0.6725888324873096,67.25888324873097,False,False,False,False,False,
AB-/cluster_5_4004.BMP,AB-,PASS,0.5966828478964401,59.66828478964401,2,0.6472081218274112,64.72081218274111,False,False,False,False,False,
AB-/cluster_5_4015.BMP,AB-,PASS,0.7673948220064725,76.73948220064725,1,0.6421319796954315,64.21319796954315,False,False,False,False,False,
AB-/cluster_5_4029.BMP,AB-,PASS,0.7674959546925566,76.74959546925567,1,0.7030456852791879,70.30456852791879,False,False,False,False,False,
AB-/cluster_5_4032.BMP,AB-,PASS,0.7252224919093851,72.52224919093851,1,0.6675126903553299,66.75126903553299,False,False,False,False,False,
AB-/cluster_5_4033.BMP,AB-,PASS,0.47148058252427183,47.148058252427184,1,0.6725888324873096,67.25888324873097,False,False,False,False,False,
AB-/cluster_5_4037.BMP,AB-,PASS,0.7170307443365695,71.70307443365695,1,0.7182741116751269,71.8274111675127,False,False,False,False,False,
AB-/cluster_5_4051.BMP,AB-,PASS,0.7171318770226537,71.71318770226537,1,0.6522842639593909,65.22842639593908,False,False,False,False,False,
AB-/cluster_5_4063.BMP,AB-,PASS,0.7696197411003236,76.96197411003236,1,0.682741116751269,68.2741116751269,False,False,False,False,False,
AB-/cluster_5_4064.BMP,AB-,PASS,0.6935679611650486,69.35679611650485,1,0.5532994923857868,55.32994923857868,False,False,False,False,False,
AB-/cluster_5_4072.BMP,AB-,PASS,0.7839805825242718,78.39805825242718,1,0.6142131979695431,61.42131979695431,False,False,False,False,False,
AB-/cluster_5_4080.BMP,AB-,PASS,0.8071399676375405,80.71399676375405,1,0.5634517766497462,56.34517766497462,False,False,False,False,False,
AB-/cluster_5_4087.BMP,AB-,PASS,0.6931634304207119,69.3163430420712,1,0.7131979695431472,71.31979695431471,False,False,False,False,False,
AB-/cluster_5_4089.BMP,AB-,PASS,0.6728357605177994,67.28357605177993,1,0.5532994923857868,55.32994923857868,False,False,False,False,False,
AB-/cluster_5_4092.BMP,AB-,PASS,0.7063106796116505,70.63106796116504,1,0.5989847715736041,59.89847715736041,False,False,False,False,False,
AB-/cluster_5_4098.BMP,AB-,PASS,0.7575849514563107,75.75849514563106,1,0.6675126903553299,66.75126903553299,False,False,False,False,False,
AB-/cluster_5_4102.BMP,AB-,PASS,0.7378640776699029,73.7864077669903,1,0.7055837563451777,70.55837563451777,False,False,False,False,False,
AB-/cluster_5_4104.BMP,AB-,PASS,0.4541868932038835,45.41868932038835,2,0.6370558375634517,63.70558375634518,False,False,False,False,False,
AB-/cluster_5_4113.BMP,AB-,PASS,0.760720064724919,76.0720064724919,1,0.6776649746192893,67.76649746192894,False,False,False,False,False,
AB-/cluster_5_4130.BMP,AB-,PASS,0.1913430420711974,19.13430420711974,1,0.5532994923857868,55.32994923857868,False,False,False,False,False,
AB-/cluster_5_4143.BMP,AB-,PASS,0.852953074433657,85.2953074433657,1,0.5710659898477157,57.10659898477157,False,False,False,False,False,
AB-/cluster_5_4151.BMP,AB-,PASS,0.7689118122977346,76.89118122977347,1,0.6395939086294417,63.95939086294417,False,False,False,False,False,
AB-/cluster_5_4152.BMP,AB-,PASS,0.2961165048543689,29.61165048543689,1,0.5583756345177665,55.83756345177665,False,False,False,False,False,
AB-/cluster_5_4153.BMP,AB-,PASS,0.7387742718446602,73.87742718446601,1,0.6395939086294417,63.95939086294417,False,False,False,False,False,
AB-/cluster_5_417.BMP,AB-,PASS,0.7117718446601942,71.17718446601941,1,0.6624365482233503,66.24365482233503,False,False,False,False,False,
AB-/cluster_5_4178.BMP,AB-,PASS,0.7330097087378641,73.30097087378641,1,0.5583756345177665,55.83756345177665,False,False,False,False,False,
AB-/cluster_5_4182.BMP,AB-,PASS,0.7252224919093851,72.52224919093851,1,0.5736040609137056,57.360406091370564,False,False,False,False,False,
AB-/cluster_5_4191.BMP,AB-,PASS,0.1915453074433657,19.15453074433657,1,0.5532994923857868,55.32994923857868,False,False,False,False,False,
AB-/cluster_5_4198.BMP,AB-,PASS,0.6951860841423948,69.51860841423948,1,0.5583756345177665,55.83756345177665,False,False,False,False,False,
AB-/cluster_5_4200.BMP,AB-,PASS,0.7635517799352751,76.35517799352752,1,0.733502538071066,73.3502538071066,False,False,False,False,False,
AB-/cluster_5_4202.BMP,AB-,PASS,0.7182443365695793,71.82443365695794,1,0.583756345177665,58.37563451776649,False,False,False,False,False,
AB-/cluster_5_4204.BMP,AB-,PASS,0.6934668284789643,69.34668284789643,2,0.5634517766497462,56.34517766497462,False,False,False,False,False,
AB-/cluster_5_4225.BMP,AB-,PASS,0.7545509708737864,75.45509708737865,1,0.5685279187817259,56.852791878172596,False,False,False,False,False,
AB-/cluster_5_4238.BMP,AB-,PASS,0.32908576051779936,32.90857605177994,2,0.5532994923857868,55.32994923857868,False,False,False,False,False,
AB-/cluster_5_4246.BMP,AB-,PASS,0.7654733009708737,76.54733009708737,1,0.649746192893401,64.9746192893401,False,False,False,False,False,
AB-/cluster_5_4253.BMP,AB-,PASS,0.6698017799352751,66.98017799352752,1,0.7182741116751269,71.8274111675127,False,False,False,False,False,
AB-/cluster_5_4258.BMP,AB-,PASS,0.8455703883495146,84.55703883495146,1,0.6116751269035533,61.16751269035533,False,False,False,False,False,
AB-/cluster_5_4259.BMP,AB-,PASS,0.75707928802589,75.707928802589,1,0.6598984771573604,65.98984771573603,False,False,False,False,False,
AB-/cluster_5_4263.BMP,AB-,PASS,0.8000606796116505,80.00606796116504,1,0.7081218274111675,70.81218274111674,False,False,False,False,False,
AB-/cluster_5_4273.BMP,AB-,PASS,0.6527103559870551,65.27103559870551,1,0.6624365482233503,66.24365482233503,False,False,False,False,False,
AB-/cluster_5_4275.BMP,AB-,PASS,0.8006674757281553,80.06674757281553,2,0.7436548223350253,74.36548223350253,False,False,False,False,False,
AB-/cluster_5_4276.BMP,AB-,PASS,0.7359425566343042,73.59425566343042,1,0.5685279187817259,56.852791878172596,False,False,False,False,False,
AB-/cluster_5_4316.BMP,AB-,PASS,0.7903519417475728,79.03519417475728,1,0.5736040609137056,57.360406091370564,False,False,False,False,False,
AB-/cluster_5_4321.BMP,AB-,PASS,0.7384708737864077,73.84708737864078,1,0.5583756345177665,55.83756345177665,False,False,False,False,False,
AB-/cluster_5_4331.BMP,AB-,PASS,0.8074433656957929,80.74433656957929,2,0.5989847715736041,59.89847715736041,False,False,False,False,False,
AB-/cluster_5_4337.BMP,AB-,PASS,0.7583940129449838,75.83940129449837,1,0.5812182741116751,58.121827411167516,False,False,False,False,False,
AB-/cluster_5_434.BMP,AB-,PASS,0.6003236245954693,60.03236245954693,1,0.6522842639593909,65.22842639593908,False,False,False,False,False,
AB-/cluster_5_4342.BMP,AB-,PASS,0.7248179611650486,72.48179611650485,1,0.6370558375634517,63.70558375634518,False,False,False,False,False,
AB-/cluster_5_4345.BMP,AB-,PASS,0.8085558252427184,80.85558252427184,1,0.5532994923857868,55.32994923857868,False,False,False,False,False,
AB-/cluster_5_4347.BMP,AB-,PASS,0.7393810679611651,73.93810679611651,1,0.6802030456852792,68.02030456852792,False,False,False,False,False,
AB-/cluster_5_4362.BMP,AB-,PASS,0.7233009708737864,72.33009708737865,1,0.5736040609137056,57.360406091370564,False,False,False,False,False,
AB-/cluster_5_4371.BMP,AB-,PASS,0.5510720064724919,55.107200647249186,2,0.5685279187817259,56.852791878172596,False,False,False,False,False,
AB-/cluster_5_4373.BMP,AB-,PASS,0.8236245954692557,82.36245954692556,1,0.7157360406091371,71.57360406091371,False,False,False,False,False,
AB-/cluster_5_4378.BMP,AB-,PASS,0.7230987055016181,72.30987055016182,1,0.565989847715736,56.598984771573605,False,False,False,False,False,
AB-/cluster_5_4380.BMP,AB-,PASS,0.6947815533980582,69.47815533980582,2,0.700507614213198,70.05076142131979,False,False,False,False,False,
AB-/cluster_5_4388.BMP,AB-,PASS,0.7030744336569579,70.30744336569579,1,0.5964467005076142,59.64467005076142,False,False,False,False,False,
AB-/cluster_5_4395.BMP,AB-,PASS,0.7536407766990292,75.36407766990291,1,0.6903553299492385,69.03553299492386,False,False,False,False,False,
AB-/cluster_5_4397.BMP,AB-,PASS,0.698220064724919,69.8220064724919,1,0.5862944162436549,58.629441624365484,False,False,False,False,False,
AB-/cluster_5_44.BMP,AB-,PASS,0.60082928802589,60.082928802588995,1,0.5634517766497462,56.34517766497462,False,False,False,False,False,
AB-/cluster_5_4406.BMP,AB-,PASS,0.8286812297734628,82.86812297734627,1,0.7309644670050761,73.09644670050761,False,False,False,False,False,
AB-/cluster_5_441.BMP,AB-,PASS,0.8328276699029126,83.28276699029125,1,0.5583756345177665,55.83756345177665,False,False,False,False,False,
AB-/cluster_5_4421.BMP,AB-,PASS,0.6557443365695793,65.57443365695794,1,0.7309644670050761,73.09644670050761,False,False,False,False,False,
AB-/cluster_5_4422.BMP,AB-,PASS,0.8028923948220065,80.28923948220064,1,0.7233502538071066,72.33502538071066,False,False,False,False,False,
AB-/cluster_5_4428.BMP,AB-,PASS,0.7098503236245954,70.98503236245955,1,0.5710659898477157,57.10659898477157,False,False,False,False,False,
AB-/cluster_5_4444.BMP,AB-,PASS,0.4901901294498382,49.01901294498382,1,0.5634517766497462,56.34517766497462,False,False,False,False,False,
AB-/cluster_5_4447.BMP,AB-,PASS,0.7351334951456311,73.5133495145631,1,0.7055837563451777,70.55837563451777,False,False,False,False,False,
AB-/cluster_5_4459.BMP,AB-,PASS,0.72582928802589,72.582928802589,1,0.5634517766497462,56.34517766497462,False,False,False,False,False,
AB-/cluster_5_4463.BMP,AB-,PASS,0.8562904530744336,85.62904530744336,1,0.7055837563451777,70.55837563451777,False,False,False,False,False,
AB-/cluster_5_4470.BMP,AB-,PASS,0.76415857605178,76.41585760517799,1,0.5583756345177665,55.83756345177665,False,False,False,False,False,
AB-/cluster_5_4480.BMP,AB-,PASS,0.7377629449838188,73.77629449838187,1,0.6624365482233503,66.24365482233503,False,False,False,False,False,
AB-/cluster_5_449.BMP,AB-,PASS,0.7466626213592233,74.66626213592234,1,0.6954314720812182,69.54314720812182,False,False,False,False,False,
AB-/cluster_5_4490.BMP,AB-,PASS,0.2829692556634304,28.296925566343038,1,0.5532994923857868,55.32994923857868,False,False,False,False,False,
AB-/cluster_5_4508.BMP,AB-,PASS,0.688207928802589,68.82079288025889,1,0.5532994923857868,55.32994923857868,False,False,False,False,False,
AB-/cluster_5_4513.BMP,AB-,PASS,0.7369538834951457,73.69538834951457,2,0.6370558375634517,63.70558375634518,False,False,False,False,False,
AB-/cluster_5_4520.BMP,AB-,PASS,0.7701254045307443,77.01254045307444,2,0.5989847715736041,59.89847715736041,False,False,False,False,False,
AB-/cluster_5_4524.BMP,AB-,PASS,0.7711367313915858,77.11367313915858,1,0.6370558375634517,63.70558375634518,False,False,False,False,False,
AB-/cluster_5_456.BMP,AB-,PASS,0.6080097087378641,60.80097087378641,1,0.5685279187817259,56.852791878172596,False,False,False,False,False,
AB-/cluster_5_4572.BMP,AB-,PASS,0.7084344660194175,70.84344660194175,1,0.6472081218274112,64.72081218274111,False,False,False,False,False,
AB-/cluster_5_4577.BMP,AB-,PASS,0.6795105177993528,67.95105177993528,1,0.682741116751269,68.2741116751269,False,False,False,False,False,
AB-/cluster_5_4581.BMP,AB-,PASS,0.7193567961165048,71.93567961165049,1,0.6954314720812182,69.54314720812182,False,False,False,False,False,
AB-/cluster_5_4600.BMP,AB-,PASS,0.75707928802589,75.707928802589,1,0.6598984771573604,65.98984771573603,False,False,False,False,False,
AB-/cluster_5_4601.BMP,AB-,PASS,0.19174757281553398,19.174757281553397,1,0.5532994923857868,55.32994923857868,False,False,False,False,False,
AB-/cluster_5_4630.BMP,AB-,PASS,0.686792071197411,68.67920711974111,1,0.7233502538071066,72.33502538071066,False,False,False,False,False,
AB-/cluster_5_4643.BMP,AB-,PASS,0.8136124595469255,81.36124595469255,1,0.6573604060913706,65.73604060913706,False,False,False,False,False,
AB-/cluster_5_4652.BMP,AB-,PASS,0.7042880258899676,70.42880258899676,1,0.6802030456852792,68.02030456852792,False,False,False,False,False,
AB-/cluster_5_4657.BMP,AB-,PASS,0.7681027508090615,76.81027508090615,1,0.6675126903553299,66.75126903553299,False,False,False,False,False,
AB-/cluster_5_4660.BMP,AB-,PASS,0.7269417475728155,72.69417475728154,1,0.5583756345177665,55.83756345177665,False,False,False,False,False,
AB-/cluster_5_4663.BMP,AB-,PASS,0.762843851132686,76.2843851132686,1,0.6725888324873096,67.25888324873097,False,False,False,False,False,
AB-/cluster_5_4664.BMP,AB-,PASS,0.7972289644012945,79.72289644012946,1,0.6878172588832487,68.78172588832487,False,False,False,False,False,
AB-/cluster_5_4669.BMP,AB-,PASS,0.7743729773462783,77.43729773462783,1,0.5583756345177665,55.83756345177665,False,False,False,False,False,
AB-/cluster_5_467.BMP,AB-,PASS,0.7534385113268608,75.34385113268608,1,0.5634517766497462,56.34517766497462,False,False,False,False,False,
AB-/cluster_5_4671.BMP,AB-,PASS,0.7730582524271845,77.30582524271846,1,0.6928934010152284,69.28934010152284,False,False,False,False,False,
AB-/cluster_5_4685.BMP,AB-,PASS,0.6558454692556634,65.58454692556634,1,0.5634517766497462,56.34517766497462,False,False,False,False,False,
AB-/cluster_5_4704.BMP,AB-,PASS,0.6550364077669902,65.50364077669903,1,0.6700507614213198,67.00507614213198,False,False,False,False,False,
AB-/cluster_5_4708.BMP,AB-,PASS,0.7746763754045307,77.46763754045307,1,0.6192893401015228,61.92893401015228,False,False,False,False,False,
AB-/cluster_5_4711.BMP,AB-,PASS,0.7642597087378641,76.42597087378641,1,0.5685279187817259,56.852791878172596,False,False,False,False,False,
AB-/cluster_5_4718.BMP,AB-,PASS,0.672532362459547,67.2532362459547,1,0.6903553299492385,69.03553299492386,False,False,False,False,False,
AB-/cluster_5_4724.BMP,AB-,PASS,0.7196601941747572,71.96601941747572,1,0.5583756345177665,55.83756345177665,False,False,False,False,False,
AB-/cluster_5_4728.BMP,AB-,PASS,0.7452467637540453,74.52467637540452,1,0.6370558375634517,63.70558375634518,False,False,False,False,False,
AB-/cluster_5_4735.BMP,AB-,PASS,0.6986245954692557,69.86245954692556,1,0.700507614213198,70.05076142131979,False,False,False,False,False,
AB-/cluster_5_4746.BMP,AB-,PASS,0.6402710355987055,64.02710355987054,1,0.6522842639593909,65.22842639593908,False,False,False,False,False,
AB-/cluster_5_4756.BMP,AB-,PASS,0.7802386731391586,78.02386731391586,1,0.7436548223350253,74.36548223350253,False,False,False,False,False,
AB-/cluster_5_4759.BMP,AB-,PASS,0.7669902912621359,76.69902912621359,1,0.6649746192893401,66.49746192893402,False,False,False,False,False,
AB-/cluster_5_478.BMP,AB-,FAIL,0.9565129449838188,95.65129449838187,1,0.7538071065989848,75.38071065989847,False,True,False,False,False,
AB-/cluster_5_4791.BMP,AB-,PASS,0.6826456310679612,68.26456310679612,1,0.5736040609137056,57.360406091370564,False,False,False,False,False,
AB-/cluster_5_4794.BMP,AB-,PASS,0.7878236245954693,78.78236245954693,1,0.6573604060913706,65.73604060913706,False,False,False,False,False,
AB-/cluster_5_4797.BMP,AB-,PASS,0.733717637540453,73.3717637540453,1,0.5634517766497462,56.34517766497462,False,False,False,False,False,
AB-/cluster_5_4817.BMP,AB-,PASS,0.7623381877022654,76.23381877022653,1,0.6269035532994924,62.69035532994924,False,False,False,False,False,
AB-/cluster_5_4819.BMP,AB-,PASS,0.7562702265372169,75.62702265372168,1,0.7157360406091371,71.57360406091371,False,False,False,False,False,
AB-/cluster_5_4837.BMP,AB-,PASS,0.6476537216828478,64.76537216828478,1,0.5634517766497462,56.34517766497462,False,False,False,False,False,
AB-/cluster_5_4838.BMP,AB-,PASS,0.7263349514563107,72.63349514563106,1,0.5736040609137056,57.360406091370564,False,False,False,False,False,
AB-/cluster_5_484.BMP,AB-,PASS,0.8651901294498382,86.51901294498381,1,0.799492385786802,79.94923857868021,False,False,False,False,False,
AB-/cluster_5_4841.BMP,AB-,PASS,0.761326860841424,76.13268608414239,1,0.6243654822335025,62.43654822335025,False,False,False,False,False,
AB-/cluster_5_4842.BMP,AB-,PASS,0.6699029126213593,66.99029126213593,1,0.5685279187817259,56.852791878172596,False,False,False,False,False,
AB-/cluster_5_4850.BMP,AB-,PASS,0.747168284789644,74.7168284789644,1,0.6751269035532995,67.51269035532995,False,False,False,False,False,
AB-/cluster_5_4854.BMP,AB-,PASS,0.720873786407767,72.0873786407767,1,0.6675126903553299,66.75126903553299,False,False,False,False,False,
AB-/cluster_5_4866.BMP,AB-,PASS,0.7858009708737864,78.58009708737865,1,0.7309644670050761,73.09644670050761,False,False,False,False,False,
AB-/cluster_5_487.BMP,AB-,PASS,0.7383697411003236,73.83697411003236,1,0.6700507614213198,67.00507614213198,False,False,False,False,False,
AB-/cluster_5_4875.BMP,AB-,PASS,0.8595266990291263,85.95266990291263,1,0.5532994923857868,55.32994923857868,False,False,False,False,False,
AB-/cluster_5_4879.BMP,AB-,PASS,0.7924757281553398,79.24757281553399,1,0.5583756345177665,55.83756345177665,False,False,False,False,False,
AB-/cluster_5_4880.BMP,AB-,PASS,0.6490695792880259,64.90695792880258,1,0.5558375634517766,55.58375634517766,False,False,False,False,False,
AB-/cluster_5_4886.BMP,AB-,PASS,0.7309870550161812,73.09870550161813,1,0.6345177664974619,63.45177664974619,False,False,False,False,False,
AB-/cluster_5_4893.BMP,AB-,PASS,0.6262135922330098,62.62135922330098,1,0.7030456852791879,70.30456852791879,False,False,False,False,False,
AB-/cluster_5_49.BMP,AB-,PASS,0.7441343042071198,74.41343042071198,1,0.6472081218274112,64.72081218274111,False,False,False,False,False,
AB-/cluster_5_490.BMP,AB-,PASS,0.7927791262135923,79.27791262135922,1,0.6548223350253807,65.48223350253807,False,False,False,False,False,
AB-/cluster_5_4901.BMP,AB-,PASS,0.7721480582524272,77.21480582524272,1,0.7157360406091371,71.57360406091371,False,False,False,False,False,
AB-/cluster_5_4907.BMP,AB-,PASS,0.5162076359686987,51.620763596869864,2,0.5251396648044693,52.513966480446925,False,False,False,False,False,
AB-/cluster_5_4908.BMP,AB-,PASS,0.6272382968058147,62.72382968058147,1,0.5297951582867784,52.97951582867783,False,False,False,False,False,
AB-/cluster_5_4911.BMP,AB-,PASS,0.667576860841424,66.75768608414239,1,0.7055837563451777,70.55837563451777,False,False,False,False,False,
AB-/cluster_5_4917.BMP,AB-,PASS,0.8364684466019418,83.64684466019418,1,0.7208121827411168,72.08121827411168,False,False,False,False,False,
AB-/cluster_5_4930.BMP,AB-,PASS,0.7489886731391586,74.89886731391586,1,0.6928934010152284,69.28934010152284,False,False,False,False,False,
AB-/cluster_5_4931.BMP,AB-,PASS,0.7204692556634305,72.04692556634305,1,0.565989847715736,56.598984771573605,False,False,False,False,False,
AB-/cluster_5_4937.BMP,AB-,PASS,0.7196601941747572,71.96601941747572,1,0.682741116751269,68.2741116751269,False,False,False,False,False,
AB-/cluster_5_4941.BMP,AB-,PASS,0.8046116504854369,80.46116504854369,1,0.631979695431472,63.1979695431472,False,False,False,False,False,
AB-/cluster_5_4945.BMP,AB-,PASS,0.5980987055016181,59.80987055016181,1,0.5634517766497462,56.34517766497462,False,False,False,False,False,
AB-/cluster_5_4952.BMP,AB-,PASS,0.6442152103559871,64.4215210355987,3,0.5634517766497462,56.34517766497462,False,False,False,False,False,
AB-/cluster_5_4962.BMP,AB-,PASS,0.8926982200647249,89.26982200647248,1,0.5609137055837563,56.09137055837563,False,False,False,False,False,
AB-/cluster_5_4975.BMP,AB-,PASS,0.7920711974110033,79.20711974110033,1,0.583756345177665,58.37563451776649,False,False,False,False,False,
AB-/cluster_5_4984.BMP,AB-,PASS,0.657665857605178,65.7665857605178,1,0.7538071065989848,75.38071065989847,False,False,False,False,False,
AB-/cluster_5_5001.BMP,AB-,PASS,0.7731593851132686,77.31593851132686,1,0.6218274111675127,62.182741116751274,False,False,False,False,False,
AB-/cluster_5_5002.BMP,AB-,PASS,0.7484830097087378,74.84830097087378,1,0.700507614213198,70.05076142131979,False,False,False,False,False,
AB-/cluster_5_5011.BMP,AB-,PASS,0.645529935275081,64.5529935275081,2,0.6928934010152284,69.28934010152284,False,False,False,False,False,
AB-/cluster_5_5017.BMP,AB-,PASS,0.3086569579288026,30.86569579288026,1,0.5532994923857868,55.32994923857868,False,False,False,False,False,
AB-/cluster_5_5020.BMP,AB-,PASS,0.8774271844660194,87.74271844660194,1,0.7106598984771574,71.06598984771574,False,False,False,False,False,
AB-/cluster_5_5029.BMP,AB-,PASS,0.6839603559870551,68.39603559870551,1,0.5634517766497462,56.34517766497462,False,False,False,False,False,
AB-/cluster_5_5033.BMP,AB-,PASS,0.2054004854368932,20.54004854368932,1,0.5532994923857868,55.32994923857868,False,False,False,False,False,
AB-/cluster_5_5049.BMP,AB-,PASS,0.8029935275080906,80.29935275080906,1,0.6294416243654822,62.944162436548226,False,False,False,False,False,
AB-/cluster_5_5055.BMP,AB-,PASS,0.20044498381877024,20.044498381877023,1,0.5532994923857868,55.32994923857868,False,False,False,False,False,
AB-/cluster_5_5060.BMP,AB-,PASS,0.8162419093851133,81.62419093851133,1,0.5532994923857868,55.32994923857868,False,False,False,False,False,
AB-/cluster_5_5061.BMP,AB-,PASS,0.7895428802588996,78.95428802588997,1,0.7081218274111675,70.81218274111674,False,False,False,False,False,
AB-/cluster_5_5062.BMP,AB-,PASS,0.8357605177993528,83.57605177993528,1,0.5786802030456852,57.868020304568525,False,False,False,False,False,
AB-/cluster_5_5067.BMP,AB-,PASS,0.7252224919093851,72.52224919093851,1,0.5583756345177665,55.83756345177665,False,False,False,False,False,
AB-/cluster_5_507.BMP,AB-,PASS,0.7759911003236246,77.59911003236246,1,0.6421319796954315,64.21319796954315,False,False,False,False,False,
AB-/cluster_5_5081.BMP,AB-,PASS,0.7952323929934,79.52323929933999,1,0.5493482309124768,54.93482309124767,False,False,False,False,False,
AB-/cluster_5_5082.BMP,AB-,PASS,0.7945995145631068,79.45995145631069,1,0.6725888324873096,67.25888324873097,False,False,False,False,False,
AB-/cluster_5_5092.BMP,AB-,PASS,0.6946804207119741,69.46804207119742,1,0.6979695431472082,69.79695431472082,False,False,False,False,False,
AB-/cluster_5_5096.BMP,AB-,PASS,0.7424150485436893,74.24150485436894,1,0.6725888324873096,67.25888324873097,False,False,False,False,False,
AB-/cluster_5_5097.BMP,AB-,PASS,0.7387742718446602,73.87742718446601,1,0.649746192893401,64.9746192893401,False,False,False,False,False,
AB-/cluster_5_5125.BMP,AB-,PASS,0.7799352750809061,77.99352750809061,1,0.5532994923857868,55.32994923857868,False,False,False,False,False,
AB-/cluster_5_5134.BMP,AB-,PASS,0.7755865695792881,77.5586569579288,1,0.6573604060913706,65.73604060913706,False,False,False,False,False,
AB-/cluster_5_5139.BMP,AB-,PASS,0.6529126213592233,65.29126213592234,1,0.6218274111675127,62.182741116751274,False,False,False,False,False,
AB-/cluster_5_5153.BMP,AB-,PASS,0.864279935275081,86.4279935275081,1,0.7081218274111675,70.81218274111674,False,False,False,False,False,
AB-/cluster_5_5158.BMP,AB-,PASS,0.7001415857605178,70.01415857605178,1,0.6649746192893401,66.49746192893402,False,False,False,False,False,
AB-/cluster_5_5172.BMP,AB-,PASS,0.7425161812297735,74.25161812297735,1,0.6116751269035533,61.16751269035533,False,False,False,False,False,
AB-/cluster_5_5180.BMP,AB-,PASS,0.7533373786407767,75.33373786407766,1,0.565989847715736,56.598984771573605,False,False,False,False,False,
AB-/cluster_5_5213.BMP,AB-,PASS,0.7291666666666666,72.91666666666666,1,0.5532994923857868,55.32994923857868,False,False,False,False,False,
AB-/cluster_5_5219.BMP,AB-,PASS,0.6904328478964401,69.043284789644,1,0.6116751269035533,61.16751269035533,False,False,False,False,False,
AB-/cluster_5_5231.BMP,AB-,PASS,0.7360436893203883,73.60436893203884,1,0.7030456852791879,70.30456852791879,False,False,False,False,False,
AB-/cluster_5_5234.BMP,AB-,PASS,0.6739482200647249,67.39482200647248,1,0.5685279187817259,56.852791878172596,False,False,False,False,False,
AB-/cluster_5_5244.BMP,AB-,PASS,0.642799352750809,64.2799352750809,1,0.5685279187817259,56.852791878172596,False,False,False,False,False,
AB-/cluster_5_5246.BMP,AB-,PASS,0.6295509708737864,62.95509708737864,1,0.6142131979695431,61.42131979695431,False,False,False,False,False,
AB-/cluster_5_5248.BMP,AB-,PASS,0.7203681229773463,72.03681229773463,1,0.5583756345177665,55.83756345177665,False,False,False,False,False,
AB-/cluster_5_5250.BMP,AB-,PASS,0.7859021035598706,78.59021035598705,1,0.6598984771573604,65.98984771573603,False,False,False,False,False,
AB-/cluster_5_5257.BMP,AB-,PASS,0.7338187702265372,73.38187702265373,1,0.5634517766497462,56.34517766497462,False,False,False,False,False,
AB-/cluster_5_5260.BMP,AB-,PASS,0.22431229773462782,22.431229773462782,1,0.5532994923857868,55.32994923857868,False,False,False,False,False,
AB-/cluster_5_5262.BMP,AB-,PASS,0.19184870550161812,19.18487055016181,1,0.5532994923857868,55.32994923857868,False,False,False,False,False,
AB-/cluster_5_5271.BMP,AB-,PASS,0.6317758899676376,63.17758899676376,1,0.7360406091370558,73.60406091370558,False,False,False,False,False,
AB-/cluster_5_529.BMP,AB-,PASS,0.7806432038834952,78.06432038834951,1,0.7233502538071066,72.33502538071066,False,False,False,False,False,
AB-/cluster_5_5290.BMP,AB-,PASS,0.6844660194174758,68.44660194174757,1,0.5685279187817259,56.852791878172596,False,False,False,False,False,
AB-/cluster_5_5292.BMP,AB-,PASS,0.5843446601941747,58.43446601941748,2,0.5736040609137056,57.360406091370564,False,False,False,False,False,
AB-/cluster_5_5299.BMP,AB-,PASS,0.8290857605177994,82.90857605177993,1,0.5532994923857868,55.32994923857868,False,False,False,False,False,
AB-/cluster_5_5319.BMP,AB-,PASS,0.7501011326860841,75.01011326860841,1,0.7182741116751269,71.8274111675127,False,False,False,False,False,
AB-/cluster_5_5321.BMP,AB-,PASS,0.6803195792880259,68.03195792880258,1,0.5634517766497462,56.34517766497462,False,False,False,False,False,
AB-/cluster_5_5324.BMP,AB-,PASS,0.7898462783171522,78.98462783171522,1,0.5583756345177665,55.83756345177665,False,False,False,False,False,
AB-/cluster_5_534.BMP,AB-,PASS,0.7306836569579288,73.06836569579288,1,0.7055837563451777,70.55837563451777,False,False,False,False,False,
AB-/cluster_5_5349.BMP,AB-,PASS,0.7375606796116505,73.75606796116504,1,0.6979695431472082,69.79695431472082,False,False,False,False,False,
AB-/cluster_5_5360.BMP,AB-,PASS,0.6977144012944984,69.77144012944983,1,0.6954314720812182,69.54314720812182,False,False,False,False,False,
AB-/cluster_5_5387.BMP,AB-,PASS,0.7540453074433657,75.40453074433657,1,0.6243654822335025,62.43654822335025,False,False,False,False,False,
AB-/cluster_5_5396.BMP,AB-,PASS,0.6518001618122977,65.18001618122977,1,0.7055837563451777,70.55837563451777,False,False,False,False,False,
AB-/cluster_5_5399.BMP,AB-,PASS,0.7366504854368932,73.66504854368931,1,0.5736040609137056,57.360406091370564,False,False,False,False,False,
AB-/cluster_5_54.BMP,AB-,PASS,0.4520631067961165,45.20631067961165,2,0.5634517766497462,56.34517766497462,False,False,False,False,False,
AB-/cluster_5_5400.BMP,AB-,PASS,0.7555622977346278,75.55622977346277,1,0.6852791878172588,68.52791878172589,False,False,False,False,False,
AB-/cluster_5_5403.BMP,AB-,PASS,0.7493932038834952,74.93932038834951,1,0.5685279187817259,56.852791878172596,False,False,False,False,False,
AB-/cluster_5_5427.BMP,AB-,PASS,0.72582928802589,72.582928802589,1,0.6395939086294417,63.95939086294417,False,False,False,False,False,
AB-/cluster_5_5432.BMP,AB-,PASS,0.809668284789644,80.9668284789644,1,0.6370558375634517,63.70558375634518,False,False,False,False,False,
AB-/cluster_5_5438.BMP,AB-,PASS,0.7697208737864077,76.97208737864078,1,0.5583756345177665,55.83756345177665,False,False,False,False,False,
AB-/cluster_5_5449.BMP,AB-,PASS,0.3354571197411003,33.545711974110034,1,0.5558375634517766,55.58375634517766,False,False,False,False,False,
AB-/cluster_5_5452.BMP,AB-,PASS,0.626415857605178,62.641585760517806,1,0.5583756345177665,55.83756345177665,False,False,False,False,False,
AB-/cluster_5_5460.BMP,AB-,PASS,0.8037014563106796,80.37014563106796,1,0.5862944162436549,58.629441624365484,False,False,False,False,False,
AB-/cluster_5_5471.BMP,AB-,PASS,0.6723300970873787,67.23300970873787,1,0.5583756345177665,55.83756345177665,False,False,False,False,False,
AB-/cluster_5_5474.BMP,AB-,PASS,0.529834142394822,52.983414239482194,1,0.5583756345177665,55.83756345177665,False,False,False,False,False,
AB-/cluster_5_5477.BMP,AB-,PASS,0.8070388349514563,80.70388349514563,1,0.6522842639593909,65.22842639593908,False,False,False,False,False,
AB-/cluster_5_5483.BMP,AB-,PASS,0.7018608414239482,70.18608414239482,1,0.7106598984771574,71.06598984771574,False,False,False,False,False,
AB-/cluster_5_5484.BMP,AB-,PASS,0.6802184466019418,68.02184466019418,1,0.5685279187817259,56.852791878172596,False,False,False,False,False,
AB-/cluster_5_5488.BMP,AB-,PASS,0.7799352750809061,77.99352750809061,1,0.6675126903553299,66.75126903553299,False,False,False,False,False,
AB-/cluster_5_5491.BMP,AB-,PASS,0.7944983818770227,79.44983818770227,1,0.7208121827411168,72.08121827411168,False,False,False,False,False,
AB-/cluster_5_5497.BMP,AB-,PASS,0.7190533980582524,71.90533980582524,1,0.6725888324873096,67.25888324873097,False,False,False,False,False,
AB-/cluster_5_5502.BMP,AB-,PASS,0.8393001618122977,83.93001618122977,1,0.5583756345177665,55.83756345177665,False,False,False,False,False,
AB-/cluster_5_5503.BMP,AB-,PASS,0.6974110032362459,69.7411003236246,1,0.565989847715736,56.598984771573605,False,False,False,False,False,
AB-/cluster_5_5507.BMP,AB-,PASS,0.6989279935275081,69.89279935275081,1,0.6294416243654822,62.944162436548226,False,False,False,False,False,
AB-/cluster_5_5510.BMP,AB-,PASS,0.7527305825242718,75.27305825242718,1,0.5532994923857868,55.32994923857868,False,False,False,False,False,
AB-/cluster_5_5513.BMP,AB-,PASS,0.7419093851132686,74.19093851132686,1,0.682741116751269,68.2741116751269,False,False,False,False,False,
AB-/cluster_5_5516.BMP,AB-,PASS,0.7872168284789643,78.72168284789643,1,0.7030456852791879,70.30456852791879,False,False,False,False,False,
AB-/cluster_5_5519.BMP,AB-,PASS,0.669700647249191,66.9700647249191,1,0.5685279187817259,56.852791878172596,False,False,False,False,False,
AB-/cluster_5_5522.BMP,AB-,PASS,0.7515169902912622,75.15169902912622,1,0.6548223350253807,65.48223350253807,False,False,False,False,False,
AB-/cluster_5_5524.BMP,AB-,PASS,0.6443163430420712,64.43163430420712,1,0.5609137055837563,56.09137055837563,False,False,False,False,False,
AB-/cluster_5_5534.BMP,AB-,PASS,0.6436084142394822,64.36084142394822,1,0.5634517766497462,56.34517766497462,False,False,False,False,False,
AB-/cluster_5_5535.BMP,AB-,PASS,0.7228964401294499,72.28964401294499,2,0.6548223350253807,65.48223350253807,False,False,False,False,False,
AB-/cluster_5_556.BMP,AB-,PASS,0.702467637540453,70.2467637540453,1,0.6598984771573604,65.98984771573603,False,False,False,False,False,
AB-/cluster_5_5561.BMP,AB-,PASS,0.7673948220064725,76.73948220064725,1,0.6675126903553299,66.75126903553299,False,False,False,False,False,
AB-/cluster_5_5563.BMP,AB-,PASS,0.752831715210356,75.2831715210356,1,0.5634517766497462,56.34517766497462,False,False,False,False,False,
AB-/cluster_5_5577.BMP,AB-,PASS,0.834546925566343,83.4546925566343,1,0.6878172588832487,68.78172588832487,False,False,False,False,False,
AB-/cluster_5_5586.BMP,AB-,PASS,0.7625404530744336,76.25404530744336,1,0.6878172588832487,68.78172588832487,False,False,False,False,False,
AB-/cluster_5_5589.BMP,AB-,PASS,0.6940736245954693,69.40736245954693,1,0.5685279187817259,56.852791878172596,False,False,False,False,False,
AB-/cluster_5_559.BMP,AB-,PASS,0.7535396440129449,75.35396440129449,1,0.5888324873096447,58.88324873096447,False,False,False,False,False,
AB-/cluster_5_5593.BMP,AB-,PASS,0.7035800970873787,70.35800970873787,1,0.5786802030456852,57.868020304568525,False,False,False,False,False,
AB-/cluster_5_5598.BMP,AB-,PASS,0.8140169902912622,81.40169902912622,1,0.6979695431472082,69.79695431472082,False,False,False,False,False,
AB-/cluster_5_5604.BMP,AB-,PASS,0.8310072815533981,83.10072815533981,1,0.7208121827411168,72.08121827411168,False,False,False,False,False,
AB-/cluster_5_5608.BMP,AB-,PASS,0.36438106796116504,36.43810679611651,1,0.5558375634517766,55.58375634517766,False,False,False,False,False,
AB-/cluster_5_5609.BMP,AB-,PASS,0.6994336569579288,69.94336569579288,1,0.631979695431472,63.1979695431472,False,False,False,False,False,
AB-/cluster_5_561.BMP,AB-,PASS,0.6870954692556634,68.70954692556634,1,0.5583756345177665,55.83756345177665,False,False,False,False,False,
AB-/cluster_5_5618.BMP,AB-,PASS,0.6148867313915858,61.48867313915858,1,0.583756345177665,58.37563451776649,False,False,False,False,False,
AB-/cluster_5_5635.BMP,AB-,PASS,0.7103559870550162,71.03559870550163,1,0.5634517766497462,56.34517766497462,False,False,False,False,False,
AB-/cluster_5_5637.BMP,AB-,PASS,0.8242313915857605,82.42313915857605,1,0.631979695431472,63.1979695431472,False,False,False,False,False,
AB-/cluster_5_5639.BMP,AB-,PASS,0.8143203883495146,81.43203883495146,1,0.5786802030456852,57.868020304568525,False,False,False,False,False,
AB-/cluster_5_5663.BMP,AB-,PASS,0.705906148867314,70.5906148867314,1,0.6649746192893401,66.49746192893402,False,False,False,False,False,
AB-/cluster_5_5685.BMP,AB-,PASS,0.8965412621359223,89.65412621359224,1,0.7208121827411168,72.08121827411168,False,False,False,False,False,
AB-/cluster_5_5692.BMP,AB-,PASS,0.683252427184466,68.3252427184466,1,0.5634517766497462,56.34517766497462,False,False,False,False,False,
AB-/cluster_5_5693.BMP,AB-,PASS,0.758495145631068,75.8495145631068,1,0.7208121827411168,72.08121827411168,False,False,False,False,False,
AB-/cluster_5_5698.BMP,AB-,PASS,0.8321197411003236,83.21197411003236,1,0.5634517766497462,56.34517766497462,False,False,False,False,False,
AB-/cluster_5_5699.BMP,AB-,PASS,0.6659587378640777,66.59587378640776,1,0.5634517766497462,56.34517766497462,False,False,False,False,False,
AB-/cluster_5_5701.BMP,AB-,PASS,0.7516181229773463,75.16181229773463,1,0.5736040609137056,57.360406091370564,False,False,False,False,False,
AB-/cluster_5_5702.BMP,AB-,PASS,0.6812297734627831,68.12297734627832,1,0.5583756345177665,55.83756345177665,False,False,False,False,False,
AB-/cluster_5_5703.BMP,AB-,PASS,0.7206715210355987,72.06715210355988,1,0.5634517766497462,56.34517766497462,False,False,False,False,False,
AB-/cluster_5_5708.BMP,AB-,PASS,0.7852953074433657,78.52953074433657,1,0.5583756345177665,55.83756345177665,False,False,False,False,False,
AB-/cluster_5_5712.BMP,AB-,PASS,0.7760922330097088,77.60922330097088,1,0.6472081218274112,64.72081218274111,False,False,False,False,False,
AB-/cluster_5_5716.BMP,AB-,PASS,0.1925566343042071,19.25566343042071,1,0.5532994923857868,55.32994923857868,False,False,False,False,False,
AB-/cluster_5_5722.BMP,AB-,PASS,0.6277305825242718,62.773058252427184,1,0.7360406091370558,73.60406091370558,False,False,False,False,False,
AB-/cluster_5_5726.BMP,AB-,PASS,0.6341019417475728,63.41019417475729,1,0.6142131979695431,61.42131979695431,False,False,False,False,False,
AB-/cluster_5_5732.BMP,AB-,PASS,0.6567556634304207,65.67556634304206,1,0.5634517766497462,56.34517766497462,False,False,False,False,False,
AB-/cluster_5_5745.BMP,AB-,PASS,0.7446399676375405,74.46399676375405,1,0.5634517766497462,56.34517766497462,False,False,False,False,False,
AB-/cluster_5_5749.BMP,AB-,PASS,0.7875202265372169,78.75202265372168,1,0.6802030456852792,68.02030456852792,False,False,False,False,False,
AB-/cluster_5_575.BMP,AB-,PASS,0.644923139158576,64.49231391585761,1,0.5634517766497462,56.34517766497462,False,False,False,False,False,
AB-/cluster_5_5750.BMP,AB-,PASS,0.749292071197411,74.92920711974111,1,0.682741116751269,68.2741116751269,False,False,False,False,False,
AB-/cluster_5_5760.BMP,AB-,PASS,0.7266383495145631,72.66383495145631,1,0.5634517766497462,56.34517766497462,False,False,False,False,False,
AB-/cluster_5_5762.BMP,AB-,PASS,0.19457928802588997,19.457928802589,1,0.5532994923857868,55.32994923857868,False,False,False,False,False,
AB-/cluster_5_5764.BMP,AB-,PASS,0.7243122977346278,72.43122977346277,2,0.6700507614213198,67.00507614213198,False,False,False,False,False,
AB-/cluster_5_5777.BMP,AB-,PASS,0.7578883495145631,75.78883495145631,1,0.6548223350253807,65.48223350253807,False,False,False,False,False,
AB-/cluster_5_5803.BMP,AB-,PASS,0.7731593851132686,77.31593851132686,1,0.6421319796954315,64.21319796954315,False,False,False,False,False,
AB-/cluster_5_5804.BMP,AB-,PASS,0.8475930420711975,84.75930420711974,1,0.682741116751269,68.2741116751269,False,False,False,False,False,
AB-/cluster_5_5807.BMP,AB-,PASS,0.6869943365695793,68.69943365695794,1,0.6345177664974619,63.45177664974619,False,False,False,False,False,
AB-/cluster_5_5808.BMP,AB-,PASS,0.6568567961165048,65.68567961165049,2,0.6675126903553299,66.75126903553299,False,False,False,False,False,
AB-/cluster_5_5823.BMP,AB-,PASS,0.7527305825242718,75.27305825242718,1,0.6751269035532995,67.51269035532995,False,False,False,False,False,
AB-/cluster_5_5834.BMP,AB-,PASS,0.82665857605178,82.66585760517799,1,0.5532994923857868,55.32994923857868,False,False,False,False,False,
AB-/cluster_5_5835.BMP,AB-,PASS,0.7637540453074434,76.37540453074433,1,0.6979695431472082,69.79695431472082,False,False,False,False,False,
AB-/cluster_5_5842.BMP,AB-,PASS,0.6350121359223301,63.50121359223301,1,0.5736040609137056,57.360406091370564,False,False,False,False,False,
AB-/cluster_5_5843.BMP,AB-,PASS,0.732200647249191,73.2200647249191,1,0.5532994923857868,55.32994923857868,False,False,False,False,False,
AB-/cluster_5_5887.BMP,AB-,PASS,0.787621359223301,78.7621359223301,1,0.5583756345177665,55.83756345177665,False,False,False,False,False,
AB-/cluster_5_5888.BMP,AB-,PASS,0.8121966019417476,81.21966019417476,1,0.6370558375634517,63.70558375634518,False,False,False,False,False,
AB-/cluster_5_5890.BMP,AB-,PASS,0.6859830097087378,68.59830097087378,1,0.5634517766497462,56.34517766497462,False,False,False,False,False,
AB-/cluster_5_5892.BMP,AB-,PASS,0.6701051779935275,67.01051779935275,1,0.5685279187817259,56.852791878172596,False,False,False,False,False,
AB-/cluster_5_5895.BMP,AB-,PASS,0.7483818770226537,74.83818770226537,1,0.6878172588832487,68.78172588832487,False,False,False,False,False,
AB-/cluster_5_5896.BMP,AB-,PASS,0.7416059870550162,74.16059870550163,1,0.6649746192893401,66.49746192893402,False,False,False,False,False,
AB-/cluster_5_5910.BMP,AB-,PASS,0.7413025889967637,74.13025889967638,1,0.6700507614213198,67.00507614213198,False,False,False,False,False,
AB-/cluster_5_5950.BMP,AB-,PASS,0.7125809061488673,71.25809061488673,1,0.5532994923857868,55.32994923857868,False,False,False,False,False,
AB-/cluster_5_5954.BMP,AB-,PASS,0.7867111650485437,78.67111650485437,1,0.6446700507614214,64.46700507614213,False,False,False,False,False,
AB-/cluster_5_5956.BMP,AB-,PASS,0.7576860841423948,75.76860841423948,1,0.5532994923857868,55.32994923857868,False,False,False,False,False,
AB-/cluster_5_5961.BMP,AB-,PASS,0.8118932038834952,81.18932038834951,1,0.7055837563451777,70.55837563451777,False,False,False,False,False,
AB-/cluster_5_597.BMP,AB-,PASS,0.6135720064724919,61.357200647249186,1,0.5583756345177665,55.83756345177665,False,False,False,False,False,
AB-/cluster_5_5974.BMP,AB-,PASS,0.7289644012944984,72.89644012944983,1,0.6878172588832487,68.78172588832487,False,False,False,False,False,
AB-/cluster_5_5980.BMP,AB-,PASS,0.7029733009708737,70.29733009708737,1,0.6979695431472082,69.79695431472082,False,False,False,False,False,
AB-/cluster_5_5990.BMP,AB-,PASS,0.8850121359223301,88.50121359223301,1,0.6852791878172588,68.52791878172589,False,False,False,False,False,
AB-/cluster_5_5992.BMP,AB-,PASS,0.6774878640776699,67.74878640776699,1,0.7081218274111675,70.81218274111674,False,False,False,False,False,
AB-/cluster_5_609.BMP,AB-,PASS,0.7343244336569579,73.43244336569579,1,0.616751269035533,61.6751269035533,False,False,False,False,False,
AB-/cluster_5_620.BMP,AB-,PASS,0.6920509708737864,69.20509708737865,1,0.6624365482233503,66.24365482233503,False,False,False,False,False,
AB-/cluster_5_630.BMP,AB-,PASS,0.7301779935275081,73.01779935275081,1,0.5964467005076142,59.64467005076142,False,False,False,False,False,
AB-/cluster_5_633.BMP,AB-,PASS,0.8855177993527508,88.55177993527508,1,0.5786802030456852,57.868020304568525,False,False,False,False,False,
AB-/cluster_5_648.BMP,AB-,PASS,0.8877427184466019,88.77427184466019,1,0.5609137055837563,56.09137055837563,False,False,False,False,False,
AB-/cluster_5_656.BMP,AB-,PASS,0.47633495145631066,47.633495145631066,1,0.7106598984771574,71.06598984771574,False,False,False,False,False,
AB-/cluster_5_657.BMP,AB-,PASS,0.7155137540453075,71.55137540453075,1,0.6142131979695431,61.42131979695431,False,False,False,False,False,
AB-/cluster_5_670.BMP,AB-,FAIL,0.9402305825242718,94.02305825242718,1,0.7639593908629442,76.39593908629442,False,True,False,False,False,
AB-/cluster_5_674.BMP,AB-,PASS,0.709546925566343,70.9546925566343,1,0.6243654822335025,62.43654822335025,False,False,False,False,False,
AB-/cluster_5_683.BMP,AB-,PASS,0.7510113268608414,75.10113268608414,1,0.6624365482233503,66.24365482233503,False,False,False,False,False,
AB-/cluster_5_701.BMP,AB-,PASS,0.8919902912621359,89.19902912621359,1,0.5532994923857868,55.32994923857868,False,False,False,False,False,
AB-/cluster_5_71.BMP,AB-,PASS,0.8918891585760518,89.18891585760518,1,0.7208121827411168,72.08121827411168,False,False,False,False,False,
AB-/cluster_5_710.BMP,AB-,PASS,0.49342637540453077,49.342637540453076,2,0.5685279187817259,56.852791878172596,False,False,False,False,False,
AB-/cluster_5_718.BMP,AB-,PASS,0.698220064724919,69.8220064724919,1,0.5634517766497462,56.34517766497462,False,False,False,False,False,
AB-/cluster_5_725.BMP,AB-,PASS,0.6553398058252428,65.53398058252428,1,0.5532994923857868,55.32994923857868,False,False,False,False,False,
AB-/cluster_5_736.BMP,AB-,PASS,0.6459344660194175,64.59344660194175,1,0.5964467005076142,59.64467005076142,False,False,False,False,False,
AB-/cluster_5_745.BMP,AB-,PASS,0.7191545307443366,71.91545307443366,1,0.7055837563451777,70.55837563451777,False,False,False,False,False,
AB-/cluster_5_754.BMP,AB-,PASS,0.7169296116504854,71.69296116504854,1,0.6700507614213198,67.00507614213198,False,False,False,False,False,
AB-/cluster_5_763.BMP,AB-,PASS,0.3940129449838188,39.40129449838188,2,0.5583756345177665,55.83756345177665,False,False,False,False,False,
AB-/cluster_5_764.BMP,AB-,PASS,0.7054004854368932,70.54004854368931,1,0.5685279187817259,56.852791878172596,False,False,False,False,False,
AB-/cluster_5_766.BMP,AB-,PASS,0.6388551779935275,63.885517799352755,1,0.5761421319796954,57.61421319796954,False,False,False,False,False,
AB-/cluster_5_769.BMP,AB-,PASS,0.6610032362459547,66.10032362459548,1,0.6522842639593909,65.22842639593908,False,False,False,False,False,
AB-/cluster_5_772.BMP,AB-,PASS,0.7750809061488673,77.50809061488673,1,0.6903553299492385,69.03553299492386,False,False,False,False,False,
AB-/cluster_5_780.BMP,AB-,PASS,0.7522249190938511,75.22249190938511,1,0.5583756345177665,55.83756345177665,False,False,False,False,False,
AB-/cluster_5_8.BMP,AB-,PASS,0.7452467637540453,74.52467637540452,1,0.5685279187817259,56.852791878172596,False,False,False,False,False,
AB-/cluster_5_80.BMP,AB-,PASS,0.4664239482200647,46.64239482200647,2,0.5634517766497462,56.34517766497462,False,False,False,False,False,
AB-/cluster_5_801.BMP,AB-,PASS,0.7458535598705501,74.58535598705501,1,0.7055837563451777,70.55837563451777,False,False,False,False,False,
AB-/cluster_5_81.BMP,AB-,PASS,0.747168284789644,74.7168284789644,1,0.700507614213198,70.05076142131979,False,False,False,False,False,
AB-/cluster_5_819.BMP,AB-,PASS,0.7913632686084142,79.13632686084142,1,0.6979695431472082,69.79695431472082,False,False,False,False,False,
AB-/cluster_5_82.BMP,AB-,PASS,0.6103357605177994,61.03357605177994,2,0.7055837563451777,70.55837563451777,False,False,False,False,False,
AB-/cluster_5_820.BMP,AB-,PASS,0.6952872168284789,69.52872168284789,1,0.7258883248730964,72.58883248730965,False,False,False,False,False,
AB-/cluster_5_838.BMP,AB-,PASS,0.7505056634304207,75.05056634304206,1,0.6954314720812182,69.54314720812182,False,False,False,False,False,
AB-/cluster_5_840.BMP,AB-,PASS,0.7230987055016181,72.30987055016182,1,0.6725888324873096,67.25888324873097,False,False,False,False,False,
AB-/cluster_5_852.BMP,AB-,PASS,0.818871359223301,81.8871359223301,1,0.6573604060913706,65.73604060913706,False,False,False,False,False,
AB-/cluster_5_853.BMP,AB-,PASS,0.6554409385113269,65.54409385113269,1,0.5685279187817259,56.852791878172596,False,False,False,False,False,
AB-/cluster_5_866.BMP,AB-,PASS,0.1915453074433657,19.15453074433657,1,0.5532994923857868,55.32994923857868,False,False,False,False,False,
AB-/cluster_5_867.BMP,AB-,PASS,0.7574838187702265,75.74838187702265,1,0.6294416243654822,62.944162436548226,False,False,False,False,False,
AB-/cluster_5_876.BMP,AB-,PASS,0.725121359223301,72.5121359223301,1,0.682741116751269,68.2741116751269,False,False,False,False,False,
AB-/cluster_5_887.BMP,AB-,PASS,0.7051982200647249,70.51982200647248,1,0.6573604060913706,65.73604060913706,False,False,False,False,False,
AB-/cluster_5_889.BMP,AB-,PASS,0.868628640776699,86.8628640776699,1,0.5634517766497462,56.34517766497462,False,False,False,False,False,
AB-/cluster_5_891.BMP,AB-,PASS,0.8889563106796117,88.89563106796116,1,0.6015228426395939,60.15228426395939,False,False,False,False,False,
AB-/cluster_5_895.BMP,AB-,PASS,0.7765978964401294,77.65978964401295,1,0.6624365482233503,66.24365482233503,False,False,False,False,False,
AB-/cluster_5_898.BMP,AB-,PASS,0.717334142394822,71.7334142394822,1,0.6065989847715736,60.659898477157356,False,False,False,False,False,
AB-/cluster_5_899.BMP,AB-,PASS,0.5796925566343042,57.96925566343042,1,0.5583756345177665,55.83756345177665,False,False,False,False,False,
AB-/cluster_5_901.BMP,AB-,PASS,0.7254247572815534,72.54247572815534,1,0.6548223350253807,65.48223350253807,False,False,False,False,False,
AB-/cluster_5_903.BMP,AB-,FAIL,0.902002427184466,90.2002427184466,1,0.7233502538071066,72.33502538071066,False,True,False,False,False,
AB-/cluster_5_907.BMP,AB-,PASS,0.6933656957928802,69.33656957928802,1,0.5685279187817259,56.852791878172596,False,False,False,False,False,
AB-/cluster_5_916.BMP,AB-,PASS,0.7282564724919094,72.82564724919094,1,0.631979695431472,63.1979695431472,False,False,False,False,False,
AB-/cluster_5_919.BMP,AB-,PASS,0.6691949838187702,66.91949838187702,1,0.5532994923857868,55.32994923857868,False,False,False,False,False,
AB-/cluster_5_920.BMP,AB-,PASS,0.7740695792880259,77.40695792880258,1,0.682741116751269,68.2741116751269,False,False,False,False,False,
AB-/cluster_5_922.BMP,AB-,PASS,0.721581715210356,72.1581715210356,1,0.5634517766497462,56.34517766497462,False,False,False,False,False,
AB-/cluster_5_94.BMP,AB-,PASS,0.6989279935275081,69.89279935275081,1,0.6218274111675127,62.182741116751274,False,False,False,False,False,
AB-/cluster_5_943.BMP,AB-,PASS,0.830906148867314,83.0906148867314,1,0.5634517766497462,56.34517766497462,False,False,False,False,False,
AB-/cluster_5_944.BMP,AB-,PASS,0.7398867313915858,73.98867313915858,1,0.7131979695431472,71.31979695431471,False,False,False,False,False,
AB-/cluster_5_945.BMP,AB-,PASS,0.6269215210355987,62.69215210355987,1,0.5634517766497462,56.34517766497462,False,False,False,False,False,
AB-/cluster_5_948.BMP,AB-,PASS,0.8134101941747572,81.34101941747572,1,0.7182741116751269,71.8274111675127,False,False,False,False,False,
AB-/cluster_5_95.BMP,AB-,PASS,0.715918284789644,71.5918284789644,1,0.6269035532994924,62.69035532994924,False,False,False,False,False,
AB-/cluster_5_950.BMP,AB-,PASS,0.6718244336569579,67.18244336569579,1,0.5634517766497462,56.34517766497462,False,False,False,False,False,
AB-/cluster_5_969.BMP,AB-,PASS,0.5715008090614887,57.15008090614887,1,0.5989847715736041,59.89847715736041,False,False,False,False,False,
AB-/cluster_5_984.BMP,AB-,PASS,0.5977953074433657,59.779530744336576,1,0.6954314720812182,69.54314720812182,False,False,False,False,False,
B+/cluster_2_10.BMP,B+,PASS,0.6643406148867314,66.43406148867314,1,0.6725888324873096,67.25888324873097,False,False,False,False,False,
B+/cluster_2_1006.BMP,B+,PASS,0.7060072815533981,70.60072815533981,1,0.6852791878172588,68.52791878172589,False,False,False,False,False,
B+/cluster_2_1012.BMP,B+,PASS,0.6556432038834952,65.56432038834951,1,0.5634517766497462,56.34517766497462,False,False,False,False,False,
B+/cluster_2_1021.BMP,B+,PASS,0.5810072815533981,58.10072815533981,2,0.5685279187817259,56.852791878172596,False,False,False,False,False,
B+/cluster_2_1038.BMP,B+,PASS,0.781957928802589,78.19579288025889,1,0.5939086294416244,59.390862944162436,False,False,False,False,False,
B+/cluster_2_104.BMP,B+,PASS,0.6345064724919094,63.450647249190936,1,0.5532994923857868,55.32994923857868,False,False,False,False,False,
B+/cluster_2_1048.BMP,B+,PASS,0.8021844660194175,80.21844660194175,1,0.7233502538071066,72.33502538071066,False,False,False,False,False,
B+/cluster_2_1051.BMP,B+,PASS,0.6823422330097088,68.23422330097088,1,0.5736040609137056,57.360406091370564,False,False,False,False,False,
B+/cluster_2_1053.BMP,B+,PASS,0.7048948220064725,70.48948220064725,1,0.5761421319796954,57.61421319796954,False,False,False,False,False,
B+/cluster_2_1077.BMP,B+,PASS,0.725121359223301,72.5121359223301,1,0.5685279187817259,56.852791878172596,False,False,False,False,False,
B+/cluster_2_1078.BMP,B+,PASS,0.7513147249190939,75.13147249190939,1,0.6725888324873096,67.25888324873097,False,False,False,False,False,
B+/cluster_2_1088.BMP,B+,PASS,0.6845671521035599,68.456715210356,1,0.7030456852791879,70.30456852791879,False,False,False,False,False,
B+/cluster_2_1090.BMP,B+,PASS,0.7266383495145631,72.66383495145631,1,0.5736040609137056,57.360406091370564,False,False,False,False,False,
B+/cluster_2_1093.BMP,B+,PASS,0.6379449838187702,63.79449838187702,1,0.5710659898477157,57.10659898477157,False,False,False,False,False,
B+/cluster_2_1100.BMP,B+,PASS,0.6754652103559871,67.5465210355987,1,0.6776649746192893,67.76649746192894,False,False,False,False,False,
B+/cluster_2_1108.BMP,B+,PASS,0.6764765372168284,67.64765372168284,1,0.6852791878172588,68.52791878172589,False,False,False,False,False,
B+/cluster_2_1111.BMP,B+,PASS,0.7245145631067961,72.4514563106796,1,0.5939086294416244,59.390862944162436,False,False,False,False,False,
B+/cluster_2_1125.BMP,B+,PASS,0.7774069579288025,77.74069579288026,1,0.6878172588832487,68.78172588832487,False,False,False,False,False,
B+/cluster_2_1135.BMP,B+,PASS,0.799049352750809,79.9049352750809,1,0.6979695431472082,69.79695431472082,False,False,False,False,False,
B+/cluster_2_1140.BMP,B+,PASS,0.7204692556634305,72.04692556634305,1,0.6776649746192893,67.76649746192894,False,False,False,False,False,
B+/cluster_2_1150.BMP,B+,PASS,0.7112661812297735,71.12661812297735,1,0.6522842639593909,65.22842639593908,False,False,False,False,False,
B+/cluster_2_1157.BMP,B+,PASS,0.7134911003236246,71.34911003236246,1,0.6598984771573604,65.98984771573603,False,False,False,False,False,
B+/cluster_2_1160.BMP,B+,PASS,0.7382686084142395,73.82686084142395,1,0.7131979695431472,71.31979695431471,False,False,False,False,False,
B+/cluster_2_1182.BMP,B+,PASS,0.7660800970873787,76.60800970873787,1,0.6903553299492385,69.03553299492386,False,False,False,False,False,
B+/cluster_2_1186.BMP,B+,PASS,0.7605177993527508,76.05177993527508,1,0.6776649746192893,67.76649746192894,False,False,False,False,False,
B+/cluster_2_1189.BMP,B+,PASS,0.7160194174757282,71.60194174757282,1,0.6878172588832487,68.78172588832487,False,False,False,False,False,
B+/cluster_2_119.BMP,B+,PASS,0.7113673139158576,71.13673139158576,1,0.7157360406091371,71.57360406091371,False,False,False,False,False,
B+/cluster_2_1199.BMP,B+,PASS,0.7427184466019418,74.27184466019418,1,0.5761421319796954,57.61421319796954,False,False,False,False,False,
B+/cluster_2_1205.BMP,B+,PASS,0.7266383495145631,72.66383495145631,1,0.7081218274111675,70.81218274111674,False,False,False,False,False,
B+/cluster_2_1231.BMP,B+,PASS,0.7617313915857605,76.17313915857605,1,0.6624365482233503,66.24365482233503,False,False,False,False,False,
B+/cluster_2_1248.BMP,B+,PASS,0.695995145631068,69.5995145631068,1,0.5583756345177665,55.83756345177665,False,False,False,False,False,
B+/cluster_2_1250.BMP,B+,PASS,0.6440129449838188,64.40129449838187,1,0.5710659898477157,57.10659898477157,False,False,False,False,False,
B+/cluster_2_1256.BMP,B+,PASS,0.5424757281553398,54.247572815533985,1,0.5532994923857868,55.32994923857868,False,False,False,False,False,
B+/cluster_2_1260.BMP,B+,PASS,0.6635315533980582,66.35315533980582,1,0.6522842639593909,65.22842639593908,False,False,False,False,False,
B+/cluster_2_1268.BMP,B+,PASS,0.7262338187702265,72.62338187702265,1,0.6802030456852792,68.02030456852792,False,False,False,False,False,
B+/cluster_2_1281.BMP,B+,PASS,0.6895226537216829,68.95226537216828,1,0.682741116751269,68.2741116751269,False,False,False,False,False,
B+/cluster_2_1284.BMP,B+,PASS,0.6116504854368932,61.165048543689316,1,0.5685279187817259,56.852791878172596,False,False,False,False,False,
B+/cluster_2_1325.BMP,B+,PASS,0.7196601941747572,71.96601941747572,1,0.5583756345177665,55.83756345177665,False,False,False,False,False,
B+/cluster_2_133.BMP,B+,PASS,0.6822411003236246,68.22411003236246,1,0.6852791878172588,68.52791878172589,False,False,False,False,False,
B+/cluster_2_1336.BMP,B+,PASS,0.7559668284789643,75.59668284789643,1,0.6725888324873096,67.25888324873097,False,False,False,False,False,
B+/cluster_2_134.BMP,B+,PASS,0.6231796116504854,62.317961165048544,1,0.6345177664974619,63.45177664974619,False,False,False,False,False,
B+/cluster_2_1348.BMP,B+,PASS,0.7155137540453075,71.55137540453075,1,0.6700507614213198,67.00507614213198,False,False,False,False,False,
B+/cluster_2_135.BMP,B+,PASS,0.6971076051779935,69.71076051779936,1,0.6345177664974619,63.45177664974619,False,False,False,False,False,
B+/cluster_2_1350.BMP,B+,PASS,0.5933454692556634,59.33454692556634,1,0.6218274111675127,62.182741116751274,False,False,False,False,False,
B+/cluster_2_1359.BMP,B+,PASS,0.7090412621359223,70.90412621359224,1,0.6675126903553299,66.75126903553299,False,False,False,False,False,
B+/cluster_2_1360.BMP,B+,PASS,0.7548543689320388,75.48543689320388,1,0.649746192893401,64.9746192893401,False,False,False,False,False,
B+/cluster_2_1362.BMP,B+,PASS,0.6445186084142395,64.45186084142395,1,0.6751269035532995,67.51269035532995,False,False,False,False,False,
B+/cluster_2_1394.BMP,B+,PASS,0.662621359223301,66.2621359223301,1,0.5685279187817259,56.852791878172596,False,False,False,False,False,
B+/cluster_2_1395.BMP,B+,PASS,0.749292071197411,74.92920711974111,1,0.6852791878172588,68.52791878172589,False,False,False,False,False,
B+/cluster_2_14.BMP,B+,PASS,0.7477750809061489,74.77750809061489,1,0.7055837563451777,70.55837563451777,False,False,False,False,False,
B+/cluster_2_140.BMP,B+,PASS,0.7629449838187702,76.29449838187702,1,0.6598984771573604,65.98984771573603,False,False,False,False,False,
B+/cluster_2_1407.BMP,B+,PASS,0.7688106796116505,76.88106796116504,1,0.6243654822335025,62.43654822335025,False,False,False,False,False,
B+/cluster_2_1412.BMP,B+,PASS,0.526294498381877,52.6294498381877,1,0.5685279187817259,56.852791878172596,False,False,False,False,False,
B+/cluster_2_142.BMP,B+,PASS,0.6233818770226537,62.338187702265365,1,0.5736040609137056,57.360406091370564,False,False,False,False,False,
B+/cluster_2_1428.BMP,B+,PASS,0.6067961165048543,60.679611650485434,1,0.5634517766497462,56.34517766497462,False,False,False,False,False,
B+/cluster_2_143.BMP,B+,PASS,0.7189522653721683,71.89522653721683,1,0.5634517766497462,56.34517766497462,False,False,False,False,False,
B+/cluster_2_1458.BMP,B+,PASS,0.752123786407767,75.2123786407767,1,0.5634517766497462,56.34517766497462,False,False,False,False,False,
B+/cluster_2_1461.BMP,B+,PASS,0.6601941747572816,66.01941747572816,2,0.7182741116751269,71.8274111675127,False,False,False,False,False,
B+/cluster_2_1462.BMP,B+,PASS,0.7675970873786407,76.75970873786407,1,0.6979695431472082,69.79695431472082,False,False,False,False,False,
B+/cluster_2_147.BMP,B+,PASS,0.700343851132686,70.0343851132686,1,0.6649746192893401,66.49746192893402,False,False,False,False,False,
B+/cluster_2_1472.BMP,B+,PASS,0.6514967637540453,65.14967637540452,1,0.6802030456852792,68.02030456852792,False,False,False,False,False,
B+/cluster_2_1475.BMP,B+,PASS,0.6895226537216829,68.95226537216828,1,0.5634517766497462,56.34517766497462,False,False,False,False,False,
B+/cluster_2_1483.BMP,B+,PASS,0.6103357605177994,61.03357605177994,1,0.6269035532994924,62.69035532994924,False,False,False,False,False,
B+/cluster_2_1484.BMP,B+,PASS,0.5643203883495146,56.432038834951456,1,0.6218274111675127,62.182741116751274,False,False,False,False,False,
B+/cluster_2_1490.BMP,B+,PASS,0.7100525889967637,71.00525889967638,1,0.6548223350253807,65.48223350253807,False,False,False,False,False,
B+/cluster_2_1500.BMP,B+,PASS,0.7564724919093851,75.64724919093851,1,0.6928934010152284,69.28934010152284,False,False,False,False,False,
B+/cluster_2_153.BMP,B+,PASS,0.7304813915857605,73.04813915857605,1,0.5685279187817259,56.852791878172596,False,False,False,False,False,
B+/cluster_2_1533.BMP,B+,PASS,0.6671723300970874,66.71723300970875,1,0.5786802030456852,57.868020304568525,False,False,False,False,False,
B+/cluster_2_1535.BMP,B+,PASS,0.7648665048543689,76.4866504854369,1,0.6700507614213198,67.00507614213198,False,False,False,False,False,
B+/cluster_2_1537.BMP,B+,PASS,0.705299352750809,70.5299352750809,1,0.6243654822335025,62.43654822335025,False,False,False,False,False,
B+/cluster_2_154.BMP,B+,PASS,0.7750809061488673,77.50809061488673,1,0.6700507614213198,67.00507614213198,False,False,False,False,False,
B+/cluster_2_1545.BMP,B+,PASS,0.7546521035598706,75.46521035598705,1,0.7233502538071066,72.33502538071066,False,False,False,False,False,
B+/cluster_2_155.BMP,B+,PASS,0.7451456310679612,74.51456310679612,1,0.682741116751269,68.2741116751269,False,False,False,False,False,
B+/cluster_2_1553.BMP,B+,PASS,0.7087378640776699,70.87378640776699,1,0.7360406091370558,73.60406091370558,False,False,False,False,False,
B+/cluster_2_1559.BMP,B+,PASS,0.6962985436893204,69.62985436893204,1,0.6116751269035533,61.16751269035533,False,False,False,False,False,
B+/cluster_2_1564.BMP,B+,PASS,0.7659789644012945,76.59789644012946,1,0.7131979695431472,71.31979695431471,False,False,False,False,False,
B+/cluster_2_1567.BMP,B+,PASS,0.725121359223301,72.5121359223301,1,0.6802030456852792,68.02030456852792,False,False,False,False,False,
B+/cluster_2_1579.BMP,B+,PASS,0.7595064724919094,75.95064724919094,1,0.6725888324873096,67.25888324873097,False,False,False,False,False,
B+/cluster_2_158.BMP,B+,PASS,0.7013551779935275,70.13551779935275,1,0.5913705583756346,59.13705583756346,False,False,False,False,False,
B+/cluster_2_1588.BMP,B+,PASS,0.6759708737864077,67.59708737864078,1,0.649746192893401,64.9746192893401,False,False,False,False,False,
B+/cluster_2_159.BMP,B+,PASS,0.6618122977346278,66.18122977346277,1,0.5583756345177665,55.83756345177665,False,False,False,False,False,
B+/cluster_2_1595.BMP,B+,PASS,0.6656553398058253,66.56553398058253,1,0.6878172588832487,68.78172588832487,False,False,False,False,False,
B+/cluster_2_1601.BMP,B+,PASS,0.7473705501618123,74.73705501618123,1,0.6522842639593909,65.22842639593908,False,False,False,False,False,
B+/cluster_2_1605.BMP,B+,PASS,0.7031755663430421,70.31755663430421,1,0.6294416243654822,62.944162436548226,False,False,False,False,False,
B+/cluster_2_1614.BMP,B+,PASS,0.6527103559870551,65.27103559870551,1,0.5634517766497462,56.34517766497462,False,False,False,False,False,
B+/cluster_2_1617.BMP,B+,PASS,0.7603155339805825,76.03155339805825,1,0.7131979695431472,71.31979695431471,False,False,False,False,False,
B+/cluster_2_1634.BMP,B+,PASS,0.612156148867314,61.215614886731395,1,0.6776649746192893,67.76649746192894,False,False,False,False,False,
B+/cluster_2_1639.BMP,B+,PASS,0.7349312297734628,73.49312297734627,1,0.6852791878172588,68.52791878172589,False,False,False,False,False,
B+/cluster_2_164.BMP,B+,PASS,0.7574838187702265,75.74838187702265,1,0.6294416243654822,62.944162436548226,False,False,False,False,False,
B+/cluster_2_1647.BMP,B+,PASS,0.5818163430420712,58.18163430420712,1,0.5685279187817259,56.852791878172596,False,False,False,False,False,
B+/cluster_2_1651.BMP,B+,PASS,0.6821399676375405,68.21399676375405,1,0.6345177664974619,63.45177664974619,False,False,False,False,False,
B+/cluster_2_1654.BMP,B+,PASS,0.758495145631068,75.8495145631068,1,0.6472081218274112,64.72081218274111,False,False,False,False,False,
B+/cluster_2_1666.BMP,B+,PASS,0.7730582524271845,77.30582524271846,1,0.6649746192893401,66.49746192893402,False,False,False,False,False,
B+/cluster_2_1674.BMP,B+,PASS,0.7561690938511327,75.61690938511327,1,0.6675126903553299,66.75126903553299,False,False,False,False,False,
B+/cluster_2_1681.BMP,B+,PASS,0.6838592233009708,68.38592233009709,1,0.6878172588832487,68.78172588832487,False,False,False,False,False,
B+/cluster_2_1685.BMP,B+,PASS,0.6317497006321535,63.174970063215355,6,0.6499068901303539,64.99068901303538,False,False,False,False,False,
B+/cluster_2_169.BMP,B+,PASS,0.7448422330097088,74.48422330097088,1,0.6852791878172588,68.52791878172589,False,False,False,False,False,
B+/cluster_2_1703.BMP,B+,PASS,0.7799352750809061,77.99352750809061,1,0.5862944162436549,58.629441624365484,False,False,False,False,False,
B+/cluster_2_1705.BMP,B+,PASS,0.6640372168284789,66.40372168284789,2,0.6091370558375635,60.913705583756354,False,False,False,False,False,
B+/cluster_2_1712.BMP,B+,PASS,0.48048139158576053,48.048139158576056,1,0.5634517766497462,56.34517766497462,False,False,False,False,False,
B+/cluster_2_1722.BMP,B+,PASS,0.6710153721682848,67.10153721682848,1,0.5862944162436549,58.629441624365484,False,False,False,False,False,
B+/cluster_2_1727.BMP,B+,PASS,0.8101739482200647,81.01739482200647,1,0.6878172588832487,68.78172588832487,False,False,False,False,False,
B+/cluster_2_1734.BMP,B+,PASS,0.7047936893203883,70.47936893203884,1,0.5532994923857868,55.32994923857868,False,False,False,False,False,
B+/cluster_2_1736.BMP,B+,PASS,0.5736245954692557,57.36245954692557,1,0.5532994923857868,55.32994923857868,False,False,False,False,False,
B+/cluster_2_174.BMP,B+,PASS,0.7099514563106796,70.99514563106796,1,0.6065989847715736,60.659898477157356,False,False,False,False,False,
B+/cluster_2_1746.BMP,B+,PASS,0.7057038834951457,70.57038834951457,1,0.5862944162436549,58.629441624365484,False,False,False,False,False,
B+/cluster_2_1750.BMP,B+,PASS,0.691747572815534,69.1747572815534,1,0.6624365482233503,66.24365482233503,False,False,False,False,False,
B+/cluster_2_1755.BMP,B+,PASS,0.7508090614886731,75.08090614886731,1,0.6751269035532995,67.51269035532995,False,False,False,False,False,
B+/cluster_2_1763.BMP,B+,PASS,0.6426982200647249,64.26982200647248,1,0.5989847715736041,59.89847715736041,False,False,False,False,False,
B+/cluster_2_1776.BMP,B+,PASS,0.7617313915857605,76.17313915857605,1,0.5532994923857868,55.32994923857868,False,False,False,False,False,
B+/cluster_2_1777.BMP,B+,PASS,0.7088389967637541,70.8838996763754,1,0.6370558375634517,63.70558375634518,False,False,False,False,False,
B+/cluster_2_1786.BMP,B+,PASS,0.7006472491909385,70.06472491909385,1,0.6573604060913706,65.73604060913706,False,False,False,False,False,
B+/cluster_2_1796.BMP,B+,PASS,0.7196601941747572,71.96601941747572,1,0.6751269035532995,67.51269035532995,False,False,False,False,False,
B+/cluster_2_1812.BMP,B+,PASS,0.6560477346278317,65.60477346278317,1,0.6192893401015228,61.92893401015228,False,False,False,False,False,
B+/cluster_2_1820.BMP,B+,PASS,0.7255258899676376,72.55258899676376,1,0.6269035532994924,62.69035532994924,False,False,False,False,False,
B+/cluster_2_1833.BMP,B+,PASS,0.595165857605178,59.516585760517806,1,0.5634517766497462,56.34517766497462,False,False,False,False,False,
B+/cluster_2_1837.BMP,B+,PASS,0.5555218446601942,55.55218446601942,1,0.5685279187817259,56.852791878172596,False,False,False,False,False,
B+/cluster_2_1840.BMP,B+,PASS,0.6875,68.75,1,0.6548223350253807,65.48223350253807,False,False,False,False,False,
B+/cluster_2_1844.BMP,B+,PASS,0.5964805825242718,59.648058252427184,1,0.6675126903553299,66.75126903553299,False,False,False,False,False,
B+/cluster_2_1854.BMP,B+,PASS,0.6253033980582524,62.53033980582524,1,0.5634517766497462,56.34517766497462,False,False,False,False,False,
B+/cluster_2_1860.BMP,B+,PASS,0.7048948220064725,70.48948220064725,1,0.5685279187817259,56.852791878172596,False,False,False,False,False,
B+/cluster_2_1882.BMP,B+,PASS,0.7265372168284789,72.65372168284789,1,0.700507614213198,70.05076142131979,False,False,False,False,False,
B+/cluster_2_1888.BMP,B+,PASS,0.7073220064724919,70.73220064724919,1,0.6548223350253807,65.48223350253807,False,False,False,False,False,
B+/cluster_2_19.BMP,B+,PASS,0.7800364077669902,78.00364077669903,1,0.649746192893401,64.9746192893401,False,False,False,False,False,
B+/cluster_2_1907.BMP,B+,PASS,0.67334142394822,67.33414239482201,1,0.5634517766497462,56.34517766497462,False,False,False,False,False,
B+/cluster_2_1910.BMP,B+,PASS,0.6775889967637541,67.7588996763754,1,0.5685279187817259,56.852791878172596,False,False,False,False,False,
B+/cluster_2_1911.BMP,B+,PASS,0.6417471942966945,64.17471942966945,2,0.6582867783985102,65.82867783985103,False,False,False,False,False,
B+/cluster_2_1920.BMP,B+,PASS,0.7257281553398058,72.57281553398059,1,0.649746192893401,64.9746192893401,False,False,False,False,False,
B+/cluster_2_1928.BMP,B+,PASS,0.7240088996763754,72.40088996763754,1,0.5710659898477157,57.10659898477157,False,False,False,False,False,
B+/cluster_2_1929.BMP,B+,PASS,0.7006472491909385,70.06472491909385,1,0.6142131979695431,61.42131979695431,False,False,False,False,False,
B+/cluster_2_1931.BMP,B+,PASS,0.6425970873786407,64.25970873786407,1,0.5583756345177665,55.83756345177665,False,False,False,False,False,
B+/cluster_2_194.BMP,B+,PASS,0.6573624595469255,65.73624595469255,1,0.565989847715736,56.598984771573605,False,False,False,False,False,
B+/cluster_2_1942.BMP,B+,PASS,0.712378640776699,71.2378640776699,1,0.6979695431472082,69.79695431472082,False,False,False,False,False,
B+/cluster_2_1947.BMP,B+,PASS,0.6809263754045307,68.09263754045307,1,0.5532994923857868,55.32994923857868,False,False,False,False,False,
B+/cluster_2_1948.BMP,B+,PASS,0.705299352750809,70.5299352750809,1,0.6218274111675127,62.182741116751274,False,False,False,False,False,
B+/cluster_2_195.BMP,B+,PASS,0.6529126213592233,65.29126213592234,1,0.6725888324873096,67.25888324873097,False,False,False,False,False,
B+/cluster_2_1958.BMP,B+,PASS,0.6173139158576052,61.73139158576052,1,0.6776649746192893,67.76649746192894,False,False,False,False,False,
B+/cluster_2_198.BMP,B+,PASS,0.7017597087378641,70.17597087378641,1,0.5685279187817259,56.852791878172596,False,False,False,False,False,
B+/cluster_2_1985.BMP,B+,PASS,0.6166059870550162,61.66059870550163,1,0.5634517766497462,56.34517766497462,False,False,False,False,False,
B+/cluster_2_199.BMP,B+,PASS,0.6226739482200647,62.26739482200647,1,0.5685279187817259,56.852791878172596,False,False,False,False,False,
B+/cluster_2_20.BMP,B+,PASS,0.7494943365695793,74.94943365695794,1,0.7055837563451777,70.55837563451777,False,False,False,False,False,
B+/cluster_2_2001.BMP,B+,PASS,0.7650687702265372,76.50687702265373,1,0.682741116751269,68.2741116751269,False,False,False,False,False,
B+/cluster_2_2004.BMP,B+,PASS,0.6756674757281553,67.56674757281553,1,0.6015228426395939,60.15228426395939,False,False,False,False,False,
B+/cluster_2_2005.BMP,B+,PASS,0.7605177993527508,76.05177993527508,1,0.700507614213198,70.05076142131979,False,False,False,False,False,
B+/cluster_2_2018.BMP,B+,PASS,0.665453074433657,66.5453074433657,1,0.7055837563451777,70.55837563451777,False,False,False,False,False,
B+/cluster_2_2035.BMP,B+,PASS,0.7289644012944984,72.89644012944983,1,0.6573604060913706,65.73604060913706,False,False,False,False,False,
B+/cluster_2_2040.BMP,B+,PASS,0.6723300970873787,67.23300970873787,1,0.7055837563451777,70.55837563451777,False,False,False,False,False,
B+/cluster_2_2042.BMP,B+,PASS,0.6287419093851133,62.87419093851133,1,0.6269035532994924,62.69035532994924,False,False,False,False,False,
B+/cluster_2_2044.BMP,B+,PASS,0.7203681229773463,72.03681229773463,1,0.6598984771573604,65.98984771573603,False,False,False,False,False,
B+/cluster_2_2097.BMP,B+,PASS,0.6461367313915858,64.61367313915858,1,0.5685279187817259,56.852791878172596,False,False,False,False,False,
B+/cluster_2_2101.BMP,B+,PASS,0.6275283171521036,62.752831715210355,1,0.6954314720812182,69.54314720812182,False,False,False,False,False,
B+/cluster_2_2108.BMP,B+,PASS,0.7070186084142395,70.70186084142395,1,0.5812182741116751,58.121827411167516,False,False,False,False,False,
B+/cluster_2_2127.BMP,B+,PASS,0.7754854368932039,77.5485436893204,1,0.6954314720812182,69.54314720812182,False,False,False,False,False,
B+/cluster_2_2156.BMP,B+,PASS,0.666970064724919,66.6970064724919,1,0.5634517766497462,56.34517766497462,False,False,False,False,False,
B+/cluster_2_2170.BMP,B+,PASS,0.654126213592233,65.4126213592233,1,0.6573604060913706,65.73604060913706,False,False,False,False,False,
B+/cluster_2_2173.BMP,B+,PASS,0.766282362459547,76.6282362459547,1,0.7131979695431472,71.31979695431471,False,False,False,False,False,
B+/cluster_2_2205.BMP,B+,PASS,0.6279328478964401,62.79328478964401,1,0.6421319796954315,64.21319796954315,False,False,False,False,False,
B+/cluster_2_2206.BMP,B+,PASS,0.647046925566343,64.7046925566343,1,0.5634517766497462,56.34517766497462,False,False,False,False,False,
B+/cluster_2_2210.BMP,B+,PASS,0.61792071197411,61.792071197411005,1,0.6395939086294417,63.95939086294417,False,False,False,False,False,
B+/cluster_2_2211.BMP,B+,PASS,0.6406755663430421,64.06755663430421,1,0.5634517766497462,56.34517766497462,False,False,False,False,False,
B+/cluster_2_2212.BMP,B+,PASS,0.6737459546925566,67.37459546925567,1,0.5634517766497462,56.34517766497462,False,False,False,False,False,
B+/cluster_2_2213.BMP,B+,PASS,0.774878640776699,77.4878640776699,1,0.7157360406091371,71.57360406091371,False,False,False,False,False,
B+/cluster_2_2216.BMP,B+,PASS,0.6727346278317152,67.27346278317152,1,0.631979695431472,63.1979695431472,False,False,False,False,False,
B+/cluster_2_2232.BMP,B+,PASS,0.6040655339805825,60.40655339805825,1,0.5532994923857868,55.32994923857868,False,False,False,False,False,
B+/cluster_2_2233.BMP,B+,PASS,0.7717435275080906,77.17435275080906,1,0.6903553299492385,69.03553299492386,False,False,False,False,False,
B+/cluster_2_225.BMP,B+,PASS,0.6089199029126213,60.89199029126213,1,0.5583756345177665,55.83756345177665,False,False,False,False,False,
B+/cluster_2_2264.BMP,B+,PASS,0.7247168284789643,72.47168284789643,1,0.6878172588832487,68.78172588832487,False,False,False,False,False,
B+/cluster_2_2266.BMP,B+,PASS,0.5595671521035599,55.95671521035599,1,0.565989847715736,56.598984771573605,False,False,False,False,False,
B+/cluster_2_227.BMP,B+,PASS,0.6030382355398368,60.30382355398368,1,0.6350093109869647,63.50093109869647,False,False,False,False,False,
B+/cluster_2_2289.BMP,B+,PASS,0.7623381877022654,76.23381877022653,1,0.6649746192893401,66.49746192893402,False,False,False,False,False,
B+/cluster_2_23.BMP,B+,PASS,0.6613066343042071,66.13066343042071,1,0.6903553299492385,69.03553299492386,False,False,False,False,False,
B+/cluster_2_2307.BMP,B+,PASS,0.7587985436893204,75.87985436893204,1,0.682741116751269,68.2741116751269,False,False,False,False,False,
B+/cluster_2_231.BMP,B+,PASS,0.6488673139158576,64.88673139158576,1,0.5736040609137056,57.360406091370564,False,False,False,False,False,
B+/cluster_2_2333.BMP,B+,PASS,0.6975121359223301,69.75121359223301,1,0.5989847715736041,59.89847715736041,False,False,False,False,False,
B+/cluster_2_2336.BMP,B+,PASS,0.7236043689320388,72.36043689320388,1,0.5532994923857868,55.32994923857868,False,False,False,False,False,
B+/cluster_2_2344.BMP,B+,PASS,0.5643203883495146,56.432038834951456,1,0.5634517766497462,56.34517766497462,False,False,False,False,False,
B+/cluster_2_235.BMP,B+,PASS,0.6110436893203883,61.10436893203883,1,0.5736040609137056,57.360406091370564,False,False,False,False,False,
B+/cluster_2_2373.BMP,B+,PASS,0.5840412621359223,58.404126213592235,1,0.5634517766497462,56.34517766497462,False,False,False,False,False,
B+/cluster_2_2389.BMP,B+,PASS,0.7250202265372169,72.50202265372168,1,0.5532994923857868,55.32994923857868,False,False,False,False,False,
B+/cluster_2_2390.BMP,B+,PASS,0.7124797734627831,71.24797734627832,1,0.5685279187817259,56.852791878172596,False,False,False,False,False,
B+/cluster_2_2397.BMP,B+,PASS,0.660497572815534,66.0497572815534,1,0.631979695431472,63.1979695431472,False,False,False,False,False,
B+/cluster_2_2414.BMP,B+,PASS,0.781957928802589,78.19579288025889,1,0.7106598984771574,71.06598984771574,False,False,False,False,False,
B+/cluster_2_242.BMP,B+,PASS,0.7033778317152104,70.33778317152104,1,0.6294416243654822,62.944162436548226,False,False,False,False,False,
B+/cluster_2_2427.BMP,B+,PASS,0.519923139158576,51.9923139158576,1,0.6928934010152284,69.28934010152284,False,False,False,False,False,
B+/cluster_2_2429.BMP,B+,PASS,0.7498988673139159,74.98988673139159,1,0.6878172588832487,68.78172588832487,False,False,False,False,False,
B+/cluster_2_2442.BMP,B+,PASS,0.7196601941747572,71.96601941747572,1,0.6725888324873096,67.25888324873097,False,False,False,False,False,
B+/cluster_2_2447.BMP,B+,PASS,0.7510113268608414,75.10113268608414,1,0.6751269035532995,67.51269035532995,False,False,False,False,False,
B+/cluster_2_2461.BMP,B+,PASS,0.7658778317152104,76.58778317152104,1,0.5532994923857868,55.32994923857868,False,False,False,False,False,
B+/cluster_2_2468.BMP,B+,PASS,0.6941747572815534,69.41747572815534,1,0.7106598984771574,71.06598984771574,False,False,False,False,False,
B+/cluster_2_2471.BMP,B+,PASS,0.7691140776699029,76.9114077669903,1,0.6852791878172588,68.52791878172589,False,False,False,False,False,
B+/cluster_2_2474.BMP,B+,PASS,0.6421925566343042,64.21925566343042,1,0.565989847715736,56.598984771573605,False,False,False,False,False,
B+/cluster_2_25.BMP,B+,PASS,0.6993325242718447,69.93325242718447,1,0.5583756345177665,55.83756345177665,False,False,False,False,False,
B+/cluster_2_2510.BMP,B+,PASS,0.7541464401294499,75.41464401294499,1,0.6751269035532995,67.51269035532995,False,False,False,False,False,
B+/cluster_2_2511.BMP,B+,PASS,0.6103357605177994,61.03357605177994,1,0.6776649746192893,67.76649746192894,False,False,False,False,False,
B+/cluster_2_2516.BMP,B+,PASS,0.6937702265372169,69.37702265372168,1,0.5634517766497462,56.34517766497462,False,False,False,False,False,
B+/cluster_2_2517.BMP,B+,PASS,0.7005461165048543,70.05461165048543,1,0.6725888324873096,67.25888324873097,False,False,False,False,False,
B+/cluster_2_2552.BMP,B+,PASS,0.7399878640776699,73.99878640776699,1,0.5989847715736041,59.89847715736041,False,False,False,False,False,
B+/cluster_2_2562.BMP,B+,PASS,0.6950849514563107,69.50849514563106,1,0.6065989847715736,60.659898477157356,False,False,False,False,False,
B+/cluster_2_2576.BMP,B+,PASS,0.7497977346278317,74.97977346278317,1,0.6598984771573604,65.98984771573603,False,False,False,False,False,
B+/cluster_2_2596.BMP,B+,PASS,0.6839603559870551,68.39603559870551,1,0.5609137055837563,56.09137055837563,False,False,False,False,False,
B+/cluster_2_2608.BMP,B+,PASS,0.6862864077669902,68.62864077669903,1,0.6294416243654822,62.944162436548226,False,False,False,False,False,
B+/cluster_2_2623.BMP,B+,PASS,0.7426173139158576,74.26173139158576,1,0.6598984771573604,65.98984771573603,False,False,False,False,False,
B+/cluster_2_2625.BMP,B+,PASS,0.6372370550161812,63.72370550161812,1,0.5989847715736041,59.89847715736041,False,False,False,False,False,
B+/cluster_2_2653.BMP,B+,PASS,0.6537216828478964,65.37216828478964,1,0.6142131979695431,61.42131979695431,False,False,False,False,False,
B+/cluster_2_2658.BMP,B+,PASS,0.6645428802588996,66.45428802588997,1,0.5685279187817259,56.852791878172596,False,False,False,False,False,
B+/cluster_2_2667.BMP,B+,PASS,0.6900283171521036,69.00283171521036,1,0.7055837563451777,70.55837563451777,False,False,False,False,False,
B+/cluster_2_2684.BMP,B+,PASS,0.6893203883495146,68.93203883495146,1,0.6675126903553299,66.75126903553299,False,False,False,False,False,
B+/cluster_2_2689.BMP,B+,PASS,0.4982807443365696,49.82807443365696,1,0.5710659898477157,57.10659898477157,False,False,False,False,False,
B+/cluster_2_2690.BMP,B+,PASS,0.5687702265372169,56.87702265372169,1,0.6421319796954315,64.21319796954315,False,False,False,False,False,
B+/cluster_2_2702.BMP,B+,PASS,0.7004449838187702,70.04449838187702,2,0.6243654822335025,62.43654822335025,False,False,False,False,False,
B+/cluster_2_2705.BMP,B+,PASS,0.6772855987055016,67.72855987055017,1,0.5888324873096447,58.88324873096447,False,False,False,False,False,
B+/cluster_2_2715.BMP,B+,PASS,0.6719255663430421,67.19255663430421,1,0.6446700507614214,64.46700507614213,False,False,False,False,False,
B+/cluster_2_2722.BMP,B+,PASS,0.70165857605178,70.16585760517799,1,0.6142131979695431,61.42131979695431,False,False,False,False,False,
B+/cluster_2_2724.BMP,B+,PASS,0.6923543689320388,69.23543689320388,1,0.6903553299492385,69.03553299492386,False,False,False,False,False,
B+/cluster_2_2729.BMP,B+,PASS,0.64917071197411,64.917071197411,1,0.6421319796954315,64.21319796954315,False,False,False,False,False,
B+/cluster_2_2734.BMP,B+,PASS,0.7465614886731392,74.65614886731392,1,0.5939086294416244,59.390862944162436,False,False,False,False,False,
B+/cluster_2_274.BMP,B+,PASS,0.6617111650485437,66.17111650485437,1,0.5634517766497462,56.34517766497462,False,False,False,False,False,
B+/cluster_2_2740.BMP,B+,PASS,0.7309870550161812,73.09870550161813,1,0.6802030456852792,68.02030456852792,False,False,False,False,False,
B+/cluster_2_2742.BMP,B+,PASS,0.6373381877022654,63.733818770226534,1,0.5964467005076142,59.64467005076142,False,False,False,False,False,
B+/cluster_2_2751.BMP,B+,PASS,0.712378640776699,71.2378640776699,1,0.7157360406091371,71.57360406091371,False,False,False,False,False,
B+/cluster_2_2753.BMP,B+,PASS,0.5630056634304207,56.30056634304207,1,0.631979695431472,63.1979695431472,False,False,False,False,False,
B+/cluster_2_276.BMP,B+,PASS,0.7014563106796117,70.14563106796116,1,0.6979695431472082,69.79695431472082,False,False,False,False,False,
B+/cluster_2_2764.BMP,B+,PASS,0.6947815533980582,69.47815533980582,1,0.6675126903553299,66.75126903553299,False,False,False,False,False,
B+/cluster_2_2778.BMP,B+,PASS,0.7314927184466019,73.14927184466019,1,0.6776649746192893,67.76649746192894,False,False,False,False,False,
B+/cluster_2_2793.BMP,B+,PASS,0.799049352750809,79.9049352750809,1,0.733502538071066,73.3502538071066,False,False,False,False,False,
B+/cluster_2_2798.BMP,B+,PASS,0.6887135922330098,68.87135922330097,1,0.6395939086294417,63.95939086294417,False,False,False,False,False,
B+/cluster_2_28.BMP,B+,PASS,0.5913228155339806,59.13228155339806,1,0.5736040609137056,57.360406091370564,False,False,False,False,False,
B+/cluster_2_280.BMP,B+,PASS,0.7298745954692557,72.98745954692556,1,0.6751269035532995,67.51269035532995,False,False,False,False,False,
B+/cluster_2_2800.BMP,B+,PASS,0.690331715210356,69.0331715210356,1,0.6776649746192893,67.76649746192894,False,False,False,False,False,
B+/cluster_2_2803.BMP,B+,PASS,0.7319983818770227,73.19983818770227,1,0.6446700507614214,64.46700507614213,False,False,False,False,False,
B+/cluster_2_2816.BMP,B+,PASS,0.7015574433656958,70.15574433656958,1,0.700507614213198,70.05076142131979,False,False,False,False,False,
B+/cluster_2_2824.BMP,B+,PASS,0.7151092233009708,71.51092233009709,1,0.5634517766497462,56.34517766497462,False,False,False,False,False,
B+/cluster_2_2827.BMP,B+,PASS,0.7334142394822006,73.34142394822007,1,0.5786802030456852,57.868020304568525,False,False,False,False,False,
B+/cluster_2_284.BMP,B+,PASS,0.7312904530744336,73.12904530744336,1,0.6446700507614214,64.46700507614213,False,False,False,False,False,
B+/cluster_2_2845.BMP,B+,PASS,0.6325849514563107,63.258495145631066,1,0.5736040609137056,57.360406091370564,False,False,False,False,False,
B+/cluster_2_2855.BMP,B+,PASS,0.6537216828478964,65.37216828478964,1,0.565989847715736,56.598984771573605,False,False,False,False,False,
B+/cluster_2_2866.BMP,B+,PASS,0.7593042071197411,75.93042071197411,1,0.6903553299492385,69.03553299492386,False,False,False,False,False,
B+/cluster_2_287.BMP,B+,PASS,0.6845671521035599,68.456715210356,1,0.5685279187817259,56.852791878172596,False,False,False,False,False,
B+/cluster_2_2880.BMP,B+,PASS,0.6430016181229773,64.30016181229773,1,0.6675126903553299,66.75126903553299,False,False,False,False,False,
B+/cluster_2_2882.BMP,B+,PASS,0.762843851132686,76.2843851132686,1,0.5634517766497462,56.34517766497462,False,False,False,False,False,
B+/cluster_2_2909.BMP,B+,PASS,0.7633495145631068,76.33495145631069,1,0.6598984771573604,65.98984771573603,False,False,False,False,False,
B+/cluster_2_2920.BMP,B+,PASS,0.7567758899676376,75.67758899676376,1,0.5812182741116751,58.121827411167516,False,False,False,False,False,
B+/cluster_2_2932.BMP,B+,PASS,0.7567758899676376,75.67758899676376,1,0.6903553299492385,69.03553299492386,False,False,False,False,False,
B+/cluster_2_2934.BMP,B+,PASS,0.6916464401294499,69.16464401294499,1,0.6878172588832487,68.78172588832487,False,False,False,False,False,
B+/cluster_2_2935.BMP,B+,PASS,0.7551577669902912,75.51577669902912,1,0.6954314720812182,69.54314720812182,False,False,False,False,False,
B+/cluster_2_2936.BMP,B+,PASS,0.6618122977346278,66.18122977346277,1,0.6015228426395939,60.15228426395939,False,False,False,False,False,
B+/cluster_2_2939.BMP,B+,PASS,0.7002427184466019,70.02427184466019,1,0.5736040609137056,57.360406091370564,False,False,False,False,False,
B+/cluster_2_295.BMP,B+,PASS,0.7119741100323624,71.19741100323624,1,0.5634517766497462,56.34517766497462,False,False,False,False,False,
B+/cluster_2_2954.BMP,B+,PASS,0.5963794498381877,59.63794498381877,1,0.7081218274111675,70.81218274111674,False,False,False,False,False,
B+/cluster_2_2964.BMP,B+,PASS,0.7373584142394822,73.73584142394822,1,0.6395939086294417,63.95939086294417,False,False,False,False,False,
B+/cluster_2_2968.BMP,B+,PASS,0.7235032362459547,72.35032362459548,1,0.5964467005076142,59.64467005076142,False,False,False,False,False,
B+/cluster_2_297.BMP,B+,PASS,0.6418891585760518,64.18891585760518,1,0.5736040609137056,57.360406091370564,False,False,False,False,False,
B+/cluster_2_2973.BMP,B+,PASS,0.6872977346278317,68.72977346278317,1,0.6700507614213198,67.00507614213198,False,False,False,False,False,
B+/cluster_2_2978.BMP,B+,PASS,0.7002427184466019,70.02427184466019,1,0.6903553299492385,69.03553299492386,False,False,False,False,False,
B+/cluster_2_2998.BMP,B+,PASS,0.6920509708737864,69.20509708737865,1,0.649746192893401,64.9746192893401,False,False,False,False,False,
B+/cluster_2_300.BMP,B+,PASS,0.7565736245954693,75.65736245954693,1,0.6928934010152284,69.28934010152284,False,False,False,False,False,
B+/cluster_2_3009.BMP,B+,PASS,0.6871966019417476,68.71966019417476,1,0.6192893401015228,61.92893401015228,False,False,False,False,False,
B+/cluster_2_301.BMP,B+,PASS,0.6797127831715211,67.97127831715211,1,0.5685279187817259,56.852791878172596,False,False,False,False,False,
B+/cluster_2_3030.BMP,B+,PASS,0.721581715210356,72.1581715210356,1,0.6395939086294417,63.95939086294417,False,False,False,False,False,
B+/cluster_2_3040.BMP,B+,PASS,0.6410800970873787,64.10800970873787,1,0.5685279187817259,56.852791878172596,False,False,False,False,False,
B+/cluster_2_3055.BMP,B+,PASS,0.6956917475728155,69.56917475728154,1,0.6776649746192893,67.76649746192894,False,False,False,False,False,
B+/cluster_2_3061.BMP,B+,PASS,0.6937702265372169,69.37702265372168,1,0.6624365482233503,66.24365482233503,False,False,False,False,False,
B+/cluster_2_3101.BMP,B+,PASS,0.799656148867314,79.9656148867314,1,0.7182741116751269,71.8274111675127,False,False,False,False,False,
B+/cluster_2_3114.BMP,B+,PASS,0.6688915857605178,66.88915857605178,1,0.5609137055837563,56.09137055837563,False,False,False,False,False,
B+/cluster_2_3119.BMP,B+,PASS,0.6857807443365695,68.57807443365695,1,0.6878172588832487,68.78172588832487,False,False,False,False,False,
B+/cluster_2_3126.BMP,B+,PASS,0.7084344660194175,70.84344660194175,1,0.5710659898477157,57.10659898477157,False,False,False,False,False,
B+/cluster_2_3145.BMP,B+,PASS,0.6454288025889967,64.54288025889967,1,0.5583756345177665,55.83756345177665,False,False,False,False,False,
B+/cluster_2_3154.BMP,B+,PASS,0.7356391585760518,73.56391585760518,1,0.6751269035532995,67.51269035532995,False,False,False,False,False,
B+/cluster_2_3161.BMP,B+,PASS,0.7442354368932039,74.4235436893204,1,0.6598984771573604,65.98984771573603,False,False,False,False,False,
B+/cluster_2_3166.BMP,B+,PASS,0.714502427184466,71.4502427184466,1,0.6421319796954315,64.21319796954315,False,False,False,False,False,
B+/cluster_2_3180.BMP,B+,PASS,0.5785800970873787,57.85800970873787,2,0.5685279187817259,56.852791878172596,False,False,False,False,False,
B+/cluster_2_3183.BMP,B+,PASS,0.7311893203883495,73.11893203883496,1,0.5812182741116751,58.121827411167516,False,False,False,False,False,
B+/cluster_2_319.BMP,B+,PASS,0.7036812297734628,70.36812297734627,1,0.6472081218274112,64.72081218274111,False,False,False,False,False,
B+/cluster_2_3196.BMP,B+,PASS,0.68042071197411,68.042071197411,1,0.6472081218274112,64.72081218274111,False,False,False,False,False,
B+/cluster_2_3206.BMP,B+,PASS,0.688915857605178,68.8915857605178,1,0.6598984771573604,65.98984771573603,False,False,False,False,False,
B+/cluster_2_3217.BMP,B+,PASS,0.7139967637540453,71.39967637540452,1,0.6548223350253807,65.48223350253807,False,False,False,False,False,
B+/cluster_2_3222.BMP,B+,PASS,0.718042071197411,71.80420711974111,1,0.5583756345177665,55.83756345177665,False,False,False,False,False,
B+/cluster_2_3225.BMP,B+,PASS,0.7718446601941747,77.18446601941747,1,0.6954314720812182,69.54314720812182,False,False,False,False,False,
B+/cluster_2_3231.BMP,B+,PASS,0.6134708737864077,61.34708737864077,1,0.6243654822335025,62.43654822335025,False,False,False,False,False,
B+/cluster_2_3232.BMP,B+,PASS,0.6358211974110033,63.58211974110033,1,0.5913705583756346,59.13705583756346,False,False,False,False,False,
B+/cluster_2_3234.BMP,B+,PASS,0.7071197411003236,70.71197411003236,1,0.5532994923857868,55.32994923857868,False,False,False,False,False,
B+/cluster_2_3245.BMP,B+,PASS,0.5670509708737864,56.70509708737864,1,0.6776649746192893,67.76649746192894,False,False,False,False,False,
B+/cluster_2_3246.BMP,B+,PASS,0.6114482200647249,61.14482200647249,1,0.5685279187817259,56.852791878172596,False,False,False,False,False,
B+/cluster_2_329.BMP,B+,PASS,0.713794498381877,71.3794498381877,1,0.565989847715736,56.598984771573605,False,False,False,False,False,
B+/cluster_2_3300.BMP,B+,PASS,0.7242111650485437,72.42111650485437,1,0.6878172588832487,68.78172588832487,False,False,False,False,False,
B+/cluster_2_3307.BMP,B+,PASS,0.7352346278317152,73.52346278317152,1,0.6472081218274112,64.72081218274111,False,False,False,False,False,
B+/cluster_2_3325.BMP,B+,PASS,0.7892394822006472,78.92394822006472,1,0.6979695431472082,69.79695431472082,False,False,False,False,False,
B+/cluster_2_3335.BMP,B+,PASS,0.696703074433657,69.6703074433657,1,0.6446700507614214,64.46700507614213,False,False,False,False,False,
B+/cluster_2_3336.BMP,B+,PASS,0.7049959546925566,70.49959546925567,1,0.6954314720812182,69.54314720812182,False,False,False,False,False,
B+/cluster_2_3337.BMP,B+,PASS,0.6660598705501618,66.60598705501619,1,0.6624365482233503,66.24365482233503,False,False,False,False,False,
B+/cluster_2_3343.BMP,B+,PASS,0.7256270226537217,72.56270226537217,1,0.6928934010152284,69.28934010152284,False,False,False,False,False,
B+/cluster_2_3346.BMP,B+,PASS,0.6831512944983819,68.31512944983818,1,0.5710659898477157,57.10659898477157,False,False,False,False,False,
B+/cluster_2_3361.BMP,B+,PASS,0.6907362459546925,69.07362459546925,1,0.5634517766497462,56.34517766497462,False,False,False,False,False,
B+/cluster_2_3365.BMP,B+,PASS,0.6546318770226537,65.46318770226537,1,0.5685279187817259,56.852791878172596,False,False,False,False,False,
B+/cluster_2_3370.BMP,B+,PASS,0.5642192556634305,56.42192556634305,1,0.6472081218274112,64.72081218274111,False,False,False,False,False,
B+/cluster_2_3373.BMP,B+,PASS,0.6679813915857605,66.79813915857605,1,0.5634517766497462,56.34517766497462,False,False,False,False,False,
B+/cluster_2_3376.BMP,B+,PASS,0.6644417475728155,66.44417475728154,1,0.7081218274111675,70.81218274111674,False,False,False,False,False,
B+/cluster_2_3379.BMP,B+,PASS,0.6961974110032363,69.61974110032362,1,0.6802030456852792,68.02030456852792,False,False,False,False,False,
B+/cluster_2_3402.BMP,B+,PASS,0.7390776699029126,73.90776699029125,1,0.6598984771573604,65.98984771573603,False,False,False,False,False,
B+/cluster_2_3411.BMP,B+,PASS,0.7354368932038835,73.54368932038835,1,0.6522842639593909,65.22842639593908,False,False,False,False,False,
B+/cluster_2_3419.BMP,B+,PASS,0.6066949838187702,60.66949838187702,1,0.5634517766497462,56.34517766497462,False,False,False,False,False,
B+/cluster_2_3431.BMP,B+,PASS,0.7075242718446602,70.75242718446601,1,0.7106598984771574,71.06598984771574,False,False,False,False,False,
B+/cluster_2_3443.BMP,B+,PASS,0.6547330097087378,65.47330097087378,1,0.5583756345177665,55.83756345177665,False,False,False,False,False,
B+/cluster_2_3448.BMP,B+,PASS,0.6822411003236246,68.22411003236246,1,0.6725888324873096,67.25888324873097,False,False,False,False,False,
B+/cluster_2_3455.BMP,B+,PASS,0.7323017799352751,73.23017799352752,1,0.6649746192893401,66.49746192893402,False,False,False,False,False,
B+/cluster_2_3460.BMP,B+,PASS,0.7136933656957929,71.36933656957929,1,0.6345177664974619,63.45177664974619,False,False,False,False,False,
B+/cluster_2_3462.BMP,B+,PASS,0.6565533980582524,65.65533980582524,1,0.6979695431472082,69.79695431472082,False,False,False,False,False,
B+/cluster_2_348.BMP,B+,PASS,0.7353357605177994,73.53357605177993,1,0.6472081218274112,64.72081218274111,False,False,False,False,False,
B+/cluster_2_3490.BMP,B+,PASS,0.752123786407767,75.2123786407767,1,0.5583756345177665,55.83756345177665,False,False,False,False,False,
B+/cluster_2_3507.BMP,B+,PASS,0.6542273462783171,65.42273462783172,1,0.6598984771573604,65.98984771573603,False,False,False,False,False,
B+/cluster_2_3509.BMP,B+,PASS,0.7130865695792881,71.3086569579288,1,0.6472081218274112,64.72081218274111,False,False,False,False,False,
B+/cluster_2_3555.BMP,B+,PASS,0.6970064724919094,69.70064724919094,1,0.6649746192893401,66.49746192893402,False,False,False,False,False,
B+/cluster_2_3579.BMP,B+,PASS,0.6506877022653722,65.06877022653723,1,0.5685279187817259,56.852791878172596,False,False,False,False,False,
B+/cluster_2_3584.BMP,B+,PASS,0.6666666666666666,66.66666666666666,1,0.5685279187817259,56.852791878172596,False,False,False,False,False,
B+/cluster_2_36.BMP,B+,PASS,0.7394822006472492,73.94822006472492,1,0.6472081218274112,64.72081218274111,False,False,False,False,False,
B+/cluster_2_3607.BMP,B+,PASS,0.7277508090614887,72.77508090614887,1,0.6979695431472082,69.79695431472082,False,False,False,False,False,
B+/cluster_2_3610.BMP,B+,PASS,0.679004854368932,67.9004854368932,1,0.6421319796954315,64.21319796954315,False,False,False,False,False,
B+/cluster_2_3612.BMP,B+,PASS,0.6337985436893204,63.379854368932044,1,0.5786802030456852,57.868020304568525,False,False,False,False,False,
B+/cluster_2_363.BMP,B+,PASS,0.64209142394822,64.20914239482201,1,0.5710659898477157,57.10659898477157,False,False,False,False,False,
B+/cluster_2_3630.BMP,B+,PASS,0.7380663430420712,73.80663430420712,1,0.7030456852791879,70.30456852791879,False,False,False,False,False,
B+/cluster_2_3639.BMP,B+,PASS,0.7422127831715211,74.22127831715211,1,0.6649746192893401,66.49746192893402,False,False,False,False,False,
B+/cluster_2_3651.BMP,B+,PASS,0.7449433656957929,74.49433656957929,1,0.6598984771573604,65.98984771573603,False,False,False,False,False,
B+/cluster_2_3665.BMP,B+,PASS,0.6417880258899676,64.17880258899676,1,0.5685279187817259,56.852791878172596,False,False,False,False,False,
B+/cluster_2_3683.BMP,B+,PASS,0.7408980582524272,74.08980582524272,1,0.6852791878172588,68.52791878172589,False,False,False,False,False,
B+/cluster_2_3684.BMP,B+,PASS,0.7397855987055016,73.97855987055017,1,0.6979695431472082,69.79695431472082,False,False,False,False,False,
B+/cluster_2_3700.BMP,B+,PASS,0.725121359223301,72.5121359223301,1,0.6598984771573604,65.98984771573603,False,False,False,False,False,
B+/cluster_2_3714.BMP,B+,PASS,0.7092435275080906,70.92435275080906,1,0.5710659898477157,57.10659898477157,False,False,False,False,False,
B+/cluster_2_3718.BMP,B+,PASS,0.6308656957928802,63.086569579288025,1,0.6700507614213198,67.00507614213198,False,False,False,False,False,
B+/cluster_2_3719.BMP,B+,PASS,0.6898260517799353,68.98260517799353,1,0.5634517766497462,56.34517766497462,False,False,False,False,False,
B+/cluster_2_372.BMP,B+,PASS,0.6383495145631068,63.834951456310684,1,0.5710659898477157,57.10659898477157,False,False,False,False,False,
B+/cluster_2_3745.BMP,B+,PASS,0.7382686084142395,73.82686084142395,1,0.6091370558375635,60.913705583756354,False,False,False,False,False,
B+/cluster_2_3755.BMP,B+,PASS,0.7445388349514563,74.45388349514563,1,0.6218274111675127,62.182741116751274,False,False,False,False,False,
B+/cluster_2_377.BMP,B+,PASS,0.7121763754045307,71.21763754045307,1,0.6954314720812182,69.54314720812182,False,False,False,False,False,
B+/cluster_2_3779.BMP,B+,PASS,0.7234021035598706,72.34021035598705,1,0.6979695431472082,69.79695431472082,False,False,False,False,False,
B+/cluster_2_3788.BMP,B+,PASS,0.7623381877022654,76.23381877022653,1,0.7106598984771574,71.06598984771574,False,False,False,False,False,
B+/cluster_2_3799.BMP,B+,PASS,0.6731391585760518,67.31391585760518,1,0.5583756345177665,55.83756345177665,False,False,False,False,False,
B+/cluster_2_3803.BMP,B+,PASS,0.73584142394822,73.58414239482201,1,0.6725888324873096,67.25888324873097,False,False,False,False,False,
B+/cluster_2_3811.BMP,B+,PASS,0.754955501618123,75.4955501618123,1,0.6548223350253807,65.48223350253807,False,False,False,False,False,
B+/cluster_2_3830.BMP,B+,PASS,0.7010517799352751,70.10517799352752,1,0.6091370558375635,60.913705583756354,False,False,False,False,False,
B+/cluster_2_3834.BMP,B+,PASS,0.6055445709989139,60.55445709989139,1,0.6210428305400373,62.10428305400373,False,False,False,False,False,
B+/cluster_2_3839.BMP,B+,PASS,0.4717839805825243,47.17839805825243,1,0.5583756345177665,55.83756345177665,False,False,False,False,False,
B+/cluster_2_3842.BMP,B+,PASS,0.6925566343042071,69.25566343042071,1,0.6598984771573604,65.98984771573603,False,False,False,False,False,
B+/cluster_2_3843.BMP,B+,PASS,0.7451456310679612,74.51456310679612,1,0.6852791878172588,68.52791878172589,False,False,False,False,False,
B+/cluster_2_3854.BMP,B+,PASS,0.7963187702265372,79.63187702265373,1,0.7157360406091371,71.57360406091371,False,False,False,False,False,
B+/cluster_2_3867.BMP,B+,PASS,0.6652508090614887,66.52508090614887,1,0.6624365482233503,66.24365482233503,False,False,False,False,False,
B+/cluster_2_3870.BMP,B+,PASS,0.7235032362459547,72.35032362459548,1,0.5583756345177665,55.83756345177665,False,False,False,False,False,
B+/cluster_2_3882.BMP,B+,PASS,0.6674757281553398,66.74757281553399,1,0.682741116751269,68.2741116751269,False,False,False,False,False,
B+/cluster_2_3886.BMP,B+,PASS,0.698220064724919,69.8220064724919,1,0.5736040609137056,57.360406091370564,False,False,False,False,False,
B+/cluster_2_3913.BMP,B+,PASS,0.643406148867314,64.3406148867314,1,0.565989847715736,56.598984771573605,False,False,False,False,False,
B+/cluster_2_3916.BMP,B+,PASS,0.7262338187702265,72.62338187702265,1,0.6878172588832487,68.78172588832487,False,False,False,False,False,
B+/cluster_2_394.BMP,B+,PASS,0.7197613268608414,71.97613268608414,1,0.6675126903553299,66.75126903553299,False,False,False,False,False,
B+/cluster_2_3949.BMP,B+,PASS,0.5258899676375405,52.58899676375405,1,0.5583756345177665,55.83756345177665,False,False,False,False,False,
B+/cluster_2_3957.BMP,B+,PASS,0.7558656957928802,75.58656957928802,1,0.6675126903553299,66.75126903553299,False,False,False,False,False,
B+/cluster_2_3958.BMP,B+,PASS,0.7333131067961165,73.33131067961165,1,0.6649746192893401,66.49746192893402,False,False,False,False,False,
B+/cluster_2_3962.BMP,B+,PASS,0.6949838187702265,69.49838187702265,1,0.6548223350253807,65.48223350253807,False,False,False,False,False,
B+/cluster_2_3969.BMP,B+,PASS,0.7472694174757282,74.72694174757282,1,0.6624365482233503,66.24365482233503,False,False,False,False,False,
B+/cluster_2_3971.BMP,B+,PASS,0.7175364077669902,71.75364077669903,1,0.6649746192893401,66.49746192893402,False,False,False,False,False,
B+/cluster_2_3997.BMP,B+,PASS,0.6984223300970874,69.84223300970875,1,0.5634517766497462,56.34517766497462,False,False,False,False,False,
B+/cluster_2_4002.BMP,B+,PASS,0.6957928802588996,69.57928802588997,1,0.6243654822335025,62.43654822335025,False,False,False,False,False,
B+/cluster_2_4005.BMP,B+,PASS,0.7106593851132686,71.06593851132686,1,0.5685279187817259,56.852791878172596,False,False,False,False,False,
B+/cluster_2_4006.BMP,B+,PASS,0.7344255663430421,73.44255663430421,1,0.649746192893401,64.9746192893401,False,False,False,False,False,
B+/cluster_2_4008.BMP,B+,PASS,0.6763754045307443,67.63754045307444,1,0.5532994923857868,55.32994923857868,False,False,False,False,False,
B+/cluster_2_4022.BMP,B+,PASS,0.6309668284789643,63.09668284789643,1,0.5685279187817259,56.852791878172596,False,False,False,False,False,
B+/cluster_2_4026.BMP,B+,PASS,0.7665857605177994,76.65857605177993,1,0.6751269035532995,67.51269035532995,False,False,False,False,False,
B+/cluster_2_403.BMP,B+,PASS,0.6241909385113269,62.419093851132686,1,0.5634517766497462,56.34517766497462,False,False,False,False,False,
B+/cluster_2_4039.BMP,B+,PASS,0.716626213592233,71.6626213592233,1,0.7182741116751269,71.8274111675127,False,False,False,False,False,
B+/cluster_2_4042.BMP,B+,PASS,0.733717637540453,73.3717637540453,1,0.6548223350253807,65.48223350253807,False,False,False,False,False,
B+/cluster_2_4075.BMP,B+,PASS,0.5264967637540453,52.64967637540453,1,0.5710659898477157,57.10659898477157,False,False,False,False,False,
B+/cluster_2_4099.BMP,B+,PASS,0.7583940129449838,75.83940129449837,1,0.6751269035532995,67.51269035532995,False,False,False,False,False,
B+/cluster_2_4109.BMP,B+,PASS,0.5999190938511327,59.991909385113274,1,0.6142131979695431,61.42131979695431,False,False,False,False,False,
B+/cluster_2_4112.BMP,B+,PASS,0.6827467637540453,68.27467637540452,1,0.6649746192893401,66.49746192893402,False,False,False,False,False,
B+/cluster_2_4147.BMP,B+,PASS,0.7860032362459547,78.60032362459548,1,0.6395939086294417,63.95939086294417,False,False,False,False,False,
B+/cluster_2_415.BMP,B+,PASS,0.629247572815534,62.9247572815534,1,0.6065989847715736,60.659898477157356,False,False,False,False,False,
B+/cluster_2_4156.BMP,B+,PASS,0.6166059870550162,61.66059870550163,1,0.5913705583756346,59.13705583756346,False,False,False,False,False,
B+/cluster_2_4158.BMP,B+,PASS,0.6837580906148867,68.37580906148867,1,0.6446700507614214,64.46700507614213,False,False,False,False,False,
B+/cluster_2_416.BMP,B+,PASS,0.6526092233009708,65.26092233009709,1,0.6269035532994924,62.69035532994924,False,False,False,False,False,
B+/cluster_2_4180.BMP,B+,PASS,0.7446399676375405,74.46399676375405,2,0.5634517766497462,56.34517766497462,False,False,False,False,False,
B+/cluster_2_4183.BMP,B+,PASS,0.7559668284789643,75.59668284789643,1,0.6751269035532995,67.51269035532995,False,False,False,False,False,
B+/cluster_2_419.BMP,B+,PASS,0.7548543689320388,75.48543689320388,1,0.6548223350253807,65.48223350253807,False,False,False,False,False,
B+/cluster_2_4192.BMP,B+,PASS,0.7323017799352751,73.23017799352752,1,0.6598984771573604,65.98984771573603,False,False,False,False,False,
B+/cluster_2_4194.BMP,B+,PASS,0.7224919093851133,72.24919093851133,1,0.6548223350253807,65.48223350253807,False,False,False,False,False,
B+/cluster_2_421.BMP,B+,PASS,0.6741504854368932,67.41504854368931,1,0.5634517766497462,56.34517766497462,False,False,False,False,False,
B+/cluster_2_4212.BMP,B+,PASS,0.7421116504854369,74.21116504854369,1,0.682741116751269,68.2741116751269,False,False,False,False,False,
B+/cluster_2_4215.BMP,B+,PASS,0.7852953074433657,78.52953074433657,1,0.7030456852791879,70.30456852791879,False,False,False,False,False,
B+/cluster_2_4229.BMP,B+,PASS,0.6940736245954693,69.40736245954693,1,0.6142131979695431,61.42131979695431,False,False,False,False,False,
B+/cluster_2_4249.BMP,B+,PASS,0.5145631067961165,51.45631067961165,2,0.5634517766497462,56.34517766497462,False,False,False,False,False,
B+/cluster_2_425.BMP,B+,PASS,0.736549352750809,73.6549352750809,1,0.6979695431472082,69.79695431472082,False,False,False,False,False,
B+/cluster_2_4251.BMP,B+,PASS,0.736549352750809,73.6549352750809,1,0.6725888324873096,67.25888324873097,False,False,False,False,False,
B+/cluster_2_4268.BMP,B+,PASS,0.6103357605177994,61.03357605177994,1,0.6776649746192893,67.76649746192894,False,False,False,False,False,
B+/cluster_2_4285.BMP,B+,PASS,0.7324029126213593,73.24029126213593,1,0.5583756345177665,55.83756345177665,False,False,False,False,False,
B+/cluster_2_4288.BMP,B+,PASS,0.6251011326860841,62.510113268608414,1,0.6065989847715736,60.659898477157356,False,False,False,False,False,
B+/cluster_2_4306.BMP,B+,PASS,0.583029935275081,58.30299352750809,1,0.5634517766497462,56.34517766497462,False,False,False,False,False,
B+/cluster_2_4307.BMP,B+,PASS,0.6854773462783171,68.54773462783172,1,0.7055837563451777,70.55837563451777,False,False,False,False,False,
B+/cluster_2_431.BMP,B+,PASS,0.629247572815534,62.9247572815534,1,0.5532994923857868,55.32994923857868,False,False,False,False,False,
B+/cluster_2_4310.BMP,B+,PASS,0.7676982200647249,76.76982200647248,1,0.6142131979695431,61.42131979695431,False,False,False,False,False,
B+/cluster_2_432.BMP,B+,PASS,0.7544498381877023,75.44498381877023,1,0.6776649746192893,67.76649746192894,False,False,False,False,False,
B+/cluster_2_4328.BMP,B+,PASS,0.6277305825242718,62.773058252427184,1,0.649746192893401,64.9746192893401,False,False,False,False,False,
B+/cluster_2_4330.BMP,B+,PASS,0.6852750809061489,68.52750809061489,1,0.6903553299492385,69.03553299492386,False,False,False,False,False,
B+/cluster_2_4335.BMP,B+,PASS,0.7441343042071198,74.41343042071198,1,0.5532994923857868,55.32994923857868,False,False,False,False,False,
B+/cluster_2_4364.BMP,B+,PASS,0.7268406148867314,72.68406148867314,1,0.6802030456852792,68.02030456852792,False,False,False,False,False,
B+/cluster_2_4366.BMP,B+,PASS,0.7323017799352751,73.23017799352752,1,0.5964467005076142,59.64467005076142,False,False,False,False,False,
B+/cluster_2_4383.BMP,B+,PASS,0.7617313915857605,76.17313915857605,1,0.7030456852791879,70.30456852791879,False,False,False,False,False,
B+/cluster_2_4389.BMP,B+,PASS,0.7693163430420712,76.93163430420712,1,0.6649746192893401,66.49746192893402,False,False,False,False,False,
B+/cluster_2_4394.BMP,B+,PASS,0.671217637540453,67.1217637540453,1,0.6573604060913706,65.73604060913706,False,False,False,False,False,
B+/cluster_2_4398.BMP,B+,PASS,0.7149069579288025,71.49069579288026,1,0.5583756345177665,55.83756345177665,False,False,False,False,False,
B+/cluster_2_4407.BMP,B+,PASS,0.7273462783171522,72.73462783171522,1,0.6573604060913706,65.73604060913706,False,False,False,False,False,
B+/cluster_2_4408.BMP,B+,PASS,0.6599919093851133,65.99919093851133,1,0.6091370558375635,60.913705583756354,False,False,False,False,False,
B+/cluster_2_4439.BMP,B+,PASS,0.19245550161812297,19.245550161812297,1,0.5532994923857868,55.32994923857868,False,False,False,False,False,
B+/cluster_2_444.BMP,B+,PASS,0.7065129449838188,70.65129449838187,1,0.5532994923857868,55.32994923857868,False,False,False,False,False,
B+/cluster_2_4446.BMP,B+,PASS,0.6300566343042071,63.00566343042071,1,0.6218274111675127,62.182741116751274,False,False,False,False,False,
B+/cluster_2_4454.BMP,B+,PASS,0.7404935275080906,74.04935275080906,1,0.6573604060913706,65.73604060913706,False,False,False,False,False,
B+/cluster_2_4458.BMP,B+,PASS,0.6629247572815534,66.29247572815534,1,0.5685279187817259,56.852791878172596,False,False,False,False,False,
B+/cluster_2_4471.BMP,B+,PASS,0.6863875404530745,68.63875404530745,1,0.6294416243654822,62.944162436548226,False,False,False,False,False,
B+/cluster_2_4475.BMP,B+,PASS,0.6972087378640777,69.72087378640776,2,0.5862944162436549,58.629441624365484,False,False,False,False,False,
B+/cluster_2_4476.BMP,B+,PASS,0.6978155339805825,69.78155339805825,1,0.6294416243654822,62.944162436548226,False,False,False,False,False,
B+/cluster_2_4478.BMP,B+,PASS,0.6081108414239482,60.81108414239482,1,0.5989847715736041,59.89847715736041,False,False,False,False,False,
B+/cluster_2_4488.BMP,B+,PASS,0.692455501618123,69.2455501618123,1,0.6421319796954315,64.21319796954315,False,False,False,False,False,
B+/cluster_2_4496.BMP,B+,PASS,0.7085355987055016,70.85355987055017,1,0.5583756345177665,55.83756345177665,False,False,False,False,False,
B+/cluster_2_450.BMP,B+,PASS,0.6311690938511327,63.116909385113274,1,0.5710659898477157,57.10659898477157,False,False,False,False,False,
B+/cluster_2_4511.BMP,B+,PASS,0.6943770226537217,69.43770226537217,1,0.6903553299492385,69.03553299492386,False,False,False,False,False,
B+/cluster_2_4512.BMP,B+,PASS,0.7558656957928802,75.58656957928802,1,0.6751269035532995,67.51269035532995,False,False,False,False,False,
B+/cluster_2_4516.BMP,B+,PASS,0.6461367313915858,64.61367313915858,1,0.5736040609137056,57.360406091370564,False,False,False,False,False,
B+/cluster_2_4526.BMP,B+,PASS,0.6984223300970874,69.84223300970875,1,0.5583756345177665,55.83756345177665,False,False,False,False,False,
B+/cluster_2_4527.BMP,B+,PASS,0.7097491909385113,70.97491909385113,1,0.583756345177665,58.37563451776649,False,False,False,False,False,
B+/cluster_2_4533.BMP,B+,PASS,0.7487864077669902,74.87864077669903,1,0.6624365482233503,66.24365482233503,False,False,False,False,False,
B+/cluster_2_4569.BMP,B+,PASS,0.5563309061488673,55.633090614886726,1,0.616751269035533,61.6751269035533,False,False,False,False,False,
B+/cluster_2_4573.BMP,B+,PASS,0.7994538834951457,79.94538834951457,1,0.6675126903553299,66.75126903553299,False,False,False,False,False,
B+/cluster_2_4576.BMP,B+,PASS,0.6276294498381877,62.76294498381877,1,0.616751269035533,61.6751269035533,False,False,False,False,False,
B+/cluster_2_4578.BMP,B+,PASS,0.6800161812297735,68.00161812297735,1,0.6598984771573604,65.98984771573603,False,False,False,False,False,
B+/cluster_2_4602.BMP,B+,PASS,0.6602953074433657,66.02953074433657,1,0.5685279187817259,56.852791878172596,False,False,False,False,False,
B+/cluster_2_4621.BMP,B+,PASS,0.6432038834951457,64.32038834951457,1,0.565989847715736,56.598984771573605,False,False,False,False,False,
B+/cluster_2_4627.BMP,B+,PASS,0.7119741100323624,71.19741100323624,1,0.5532994923857868,55.32994923857868,False,False,False,False,False,
B+/cluster_2_4636.BMP,B+,PASS,0.639967637540453,63.996763754045304,1,0.6395939086294417,63.95939086294417,False,False,False,False,False,
B+/cluster_2_4638.BMP,B+,PASS,0.6236852750809061,62.36852750809061,1,0.6573604060913706,65.73604060913706,False,False,False,False,False,
B+/cluster_2_4644.BMP,B+,PASS,0.6937702265372169,69.37702265372168,1,0.6776649746192893,67.76649746192894,False,False,False,False,False,
B+/cluster_2_4656.BMP,B+,PASS,0.719457928802589,71.94579288025889,1,0.649746192893401,64.9746192893401,False,False,False,False,False,
B+/cluster_2_4659.BMP,B+,PASS,0.7903519417475728,79.03519417475728,1,0.6928934010152284,69.28934010152284,False,False,False,False,False,
B+/cluster_2_466.BMP,B+,PASS,0.7525283171521036,75.25283171521036,1,0.6675126903553299,66.75126903553299,False,False,False,False,False,
B+/cluster_2_4668.BMP,B+,PASS,0.7333131067961165,73.33131067961165,1,0.6802030456852792,68.02030456852792,False,False,False,False,False,
B+/cluster_2_4677.BMP,B+,PASS,0.5949635922330098,59.49635922330098,1,0.5634517766497462,56.34517766497462,False,False,False,False,False,
B+/cluster_2_4678.BMP,B+,PASS,0.7656755663430421,76.56755663430421,1,0.6852791878172588,68.52791878172589,False,False,False,False,False,
B+/cluster_2_470.BMP,B+,PASS,0.7448422330097088,74.48422330097088,1,0.6675126903553299,66.75126903553299,False,False,False,False,False,
B+/cluster_2_4705.BMP,B+,PASS,0.6400687702265372,64.00687702265373,1,0.5685279187817259,56.852791878172596,False,False,False,False,False,
B+/cluster_2_4725.BMP,B+,PASS,0.6294498381877023,62.944983818770226,1,0.5761421319796954,57.61421319796954,False,False,False,False,False,
B+/cluster_2_473.BMP,B+,PASS,0.7055016181229773,70.55016181229773,1,0.5583756345177665,55.83756345177665,False,False,False,False,False,
B+/cluster_2_4731.BMP,B+,PASS,0.6333940129449838,63.33940129449837,1,0.5634517766497462,56.34517766497462,False,False,False,False,False,
B+/cluster_2_4748.BMP,B+,PASS,0.715918284789644,71.5918284789644,1,0.6903553299492385,69.03553299492386,False,False,False,False,False,
B+/cluster_2_4757.BMP,B+,PASS,0.6778923948220065,67.78923948220064,1,0.616751269035533,61.6751269035533,False,False,False,False,False,
B+/cluster_2_4758.BMP,B+,PASS,0.6898260517799353,68.98260517799353,1,0.5634517766497462,56.34517766497462,False,False,False,False,False,
B+/cluster_2_4783.BMP,B+,PASS,0.7301779935275081,73.01779935275081,1,0.6598984771573604,65.98984771573603,False,False,False,False,False,
B+/cluster_2_4800.BMP,B+,PASS,0.6716221682847896,67.16221682847896,1,0.6472081218274112,64.72081218274111,False,False,False,False,False,
B+/cluster_2_4805.BMP,B+,PASS,0.6842637540453075,68.42637540453075,1,0.5532994923857868,55.32994923857868,False,False,False,False,False,
B+/cluster_2_4807.BMP,B+,PASS,0.6802184466019418,68.02184466019418,1,0.5634517766497462,56.34517766497462,False,False,False,False,False,
B+/cluster_2_4813.BMP,B+,PASS,0.7106593851132686,71.06593851132686,1,0.682741116751269,68.2741116751269,False,False,False,False,False,
B+/cluster_2_4834.BMP,B+,PASS,0.7177386731391586,71.77386731391586,1,0.6522842639593909,65.22842639593908,False,False,False,False,False,
B+/cluster_2_4843.BMP,B+,PASS,0.6884101941747572,68.84101941747572,1,0.7131979695431472,71.31979695431471,False,False,False,False,False,
B+/cluster_2_4848.BMP,B+,PASS,0.7107605177993528,71.07605177993528,1,0.682741116751269,68.2741116751269,False,False,False,False,False,
B+/cluster_2_4859.BMP,B+,PASS,0.4785598705501618,47.85598705501618,1,0.5812182741116751,58.121827411167516,False,False,False,False,False,
B+/cluster_2_4882.BMP,B+,PASS,0.7532362459546925,75.32362459546925,1,0.6573604060913706,65.73604060913706,False,False,False,False,False,
B+/cluster_2_4884.BMP,B+,PASS,0.7632483818770227,76.32483818770227,1,0.5583756345177665,55.83756345177665,False,False,False,False,False,
B+/cluster_2_4890.BMP,B+,PASS,0.6884101941747572,68.84101941747572,1,0.6472081218274112,64.72081218274111,False,False,False,False,False,
B+/cluster_2_4913.BMP,B+,PASS,0.7233009708737864,72.33009708737865,1,0.5634517766497462,56.34517766497462,False,False,False,False,False,
B+/cluster_2_4920.BMP,B+,PASS,0.7138956310679612,71.38956310679612,1,0.6421319796954315,64.21319796954315,False,False,False,False,False,
B+/cluster_2_4932.BMP,B+,PASS,0.6659587378640777,66.59587378640776,1,0.5685279187817259,56.852791878172596,False,False,False,False,False,
B+/cluster_2_4935.BMP,B+,PASS,0.729470064724919,72.9470064724919,1,0.6675126903553299,66.75126903553299,False,False,False,False,False,
B+/cluster_2_4947.BMP,B+,PASS,0.7363470873786407,73.63470873786407,1,0.7208121827411168,72.08121827411168,False,False,False,False,False,
B+/cluster_2_4957.BMP,B+,PASS,0.7481796116504854,74.81796116504854,1,0.6446700507614214,64.46700507614213,False,False,False,False,False,
B+/cluster_2_4958.BMP,B+,PASS,0.6333940129449838,63.33940129449837,1,0.5583756345177665,55.83756345177665,False,False,False,False,False,
B+/cluster_2_4960.BMP,B+,PASS,0.7630461165048543,76.30461165048543,1,0.7182741116751269,71.8274111675127,False,False,False,False,False,
B+/cluster_2_4964.BMP,B+,PASS,0.5762540453074434,57.62540453074434,1,0.6446700507614214,64.46700507614213,False,False,False,False,False,
B+/cluster_2_4969.BMP,B+,PASS,0.6925566343042071,69.25566343042071,1,0.6522842639593909,65.22842639593908,False,False,False,False,False,
B+/cluster_2_4974.BMP,B+,PASS,0.5912216828478964,59.122168284789645,1,0.5685279187817259,56.852791878172596,False,False,False,False,False,
B+/cluster_2_4980.BMP,B+,PASS,0.5872775080906149,58.72775080906148,1,0.5634517766497462,56.34517766497462,False,False,False,False,False,
B+/cluster_2_4988.BMP,B+,PASS,0.71167071197411,71.167071197411,1,0.6218274111675127,62.182741116751274,False,False,False,False,False,
B+/cluster_2_4992.BMP,B+,PASS,0.7581917475728155,75.81917475728154,1,0.5634517766497462,56.34517766497462,False,False,False,False,False,
B+/cluster_2_4999.BMP,B+,PASS,0.6287419093851133,62.87419093851133,1,0.5532994923857868,55.32994923857868,False,False,False,False,False,
B+/cluster_2_500.BMP,B+,PASS,0.7287621359223301,72.87621359223301,1,0.6598984771573604,65.98984771573603,False,False,False,False,False,
B+/cluster_2_5005.BMP,B+,PASS,0.6892192556634305,68.92192556634305,1,0.5634517766497462,56.34517766497462,False,False,False,False,False,
B+/cluster_2_5008.BMP,B+,PASS,0.6413834951456311,64.1383495145631,1,0.6294416243654822,62.944162436548226,False,False,False,False,False,
B+/cluster_2_5012.BMP,B+,PASS,0.725121359223301,72.5121359223301,1,0.565989847715736,56.598984771573605,False,False,False,False,False,
B+/cluster_2_5016.BMP,B+,PASS,0.7012540453074434,70.12540453074433,1,0.6345177664974619,63.45177664974619,False,False,False,False,False,
B+/cluster_2_5019.BMP,B+,PASS,0.7516181229773463,75.16181229773463,1,0.6395939086294417,63.95939086294417,False,False,False,False,False,
B+/cluster_2_5024.BMP,B+,PASS,0.720165857605178,72.0165857605178,1,0.6675126903553299,66.75126903553299,False,False,False,False,False,
B+/cluster_2_5043.BMP,B+,PASS,0.6225728155339806,62.25728155339806,1,0.6675126903553299,66.75126903553299,False,False,False,False,False,
B+/cluster_2_5047.BMP,B+,PASS,0.7189522653721683,71.89522653721683,1,0.6522842639593909,65.22842639593908,False,False,False,False,False,
B+/cluster_2_505.BMP,B+,PASS,0.7382686084142395,73.82686084142395,1,0.6954314720812182,69.54314720812182,False,False,False,False,False,
B+/cluster_2_5058.BMP,B+,PASS,0.6326860841423948,63.26860841423948,1,0.6700507614213198,67.00507614213198,False,False,False,False,False,
B+/cluster_2_5064.BMP,B+,PASS,0.5865695792880259,58.65695792880259,1,0.631979695431472,63.1979695431472,False,False,False,False,False,
B+/cluster_2_5070.BMP,B+,PASS,0.6367313915857605,63.673139158576056,1,0.6243654822335025,62.43654822335025,False,False,False,False,False,
B+/cluster_2_5071.BMP,B+,PASS,0.6433050161812298,64.33050161812298,1,0.5634517766497462,56.34517766497462,False,False,False,False,False,
B+/cluster_2_5074.BMP,B+,PASS,0.7484830097087378,74.84830097087378,1,0.6446700507614214,64.46700507614213,False,False,False,False,False,
B+/cluster_2_5084.BMP,B+,PASS,0.7001415857605178,70.01415857605178,1,0.5913705583756346,59.13705583756346,False,False,False,False,False,
B+/cluster_2_5098.BMP,B+,PASS,0.7505056634304207,75.05056634304206,1,0.7055837563451777,70.55837563451777,False,False,False,False,False,
B+/cluster_2_510.BMP,B+,PASS,0.7295711974110033,72.95711974110033,1,0.6243654822335025,62.43654822335025,False,False,False,False,False,
B+/cluster_2_5107.BMP,B+,PASS,0.7071197411003236,70.71197411003236,1,0.6446700507614214,64.46700507614213,False,False,False,False,False,
B+/cluster_2_513.BMP,B+,PASS,0.6888147249190939,68.88147249190939,1,0.6903553299492385,69.03553299492386,False,False,False,False,False,
B+/cluster_2_5136.BMP,B+,PASS,0.7502022653721683,75.02022653721683,1,0.6776649746192893,67.76649746192894,False,False,False,False,False,
B+/cluster_2_5141.BMP,B+,PASS,0.6624190938511327,66.24190938511327,1,0.5710659898477157,57.10659898477157,False,False,False,False,False,
B+/cluster_2_5147.BMP,B+,PASS,0.7664846278317152,76.64846278317152,1,0.5736040609137056,57.360406091370564,False,False,False,False,False,
B+/cluster_2_5152.BMP,B+,PASS,0.6653519417475728,66.53519417475728,1,0.5609137055837563,56.09137055837563,False,False,False,False,False,
B+/cluster_2_5162.BMP,B+,PASS,0.6652508090614887,66.52508090614887,1,0.565989847715736,56.598984771573605,False,False,False,False,False,
B+/cluster_2_5169.BMP,B+,PASS,0.7064118122977346,70.64118122977347,1,0.6725888324873096,67.25888324873097,False,False,False,False,False,
B+/cluster_2_5171.BMP,B+,PASS,0.7224919093851133,72.24919093851133,1,0.649746192893401,64.9746192893401,False,False,False,False,False,
B+/cluster_2_5173.BMP,B+,PASS,0.584546925566343,58.4546925566343,1,0.6472081218274112,64.72081218274111,False,False,False,False,False,
B+/cluster_2_5176.BMP,B+,PASS,0.6503843042071198,65.03843042071198,1,0.5634517766497462,56.34517766497462,False,False,False,False,False,
B+/cluster_2_5186.BMP,B+,PASS,0.7048948220064725,70.48948220064725,1,0.5812182741116751,58.121827411167516,False,False,False,False,False,
B+/cluster_2_5188.BMP,B+,PASS,0.6233818770226537,62.338187702265365,1,0.5812182741116751,58.121827411167516,False,False,False,False,False,
B+/cluster_2_5199.BMP,B+,PASS,0.7404935275080906,74.04935275080906,1,0.6725888324873096,67.25888324873097,False,False,False,False,False,
B+/cluster_2_5205.BMP,B+,PASS,0.7226941747572816,72.26941747572816,1,0.5685279187817259,56.852791878172596,False,False,False,False,False,
B+/cluster_2_5215.BMP,B+,PASS,0.6440129449838188,64.40129449838187,1,0.5989847715736041,59.89847715736041,False,False,False,False,False,
B+/cluster_2_522.BMP,B+,PASS,0.7269417475728155,72.69417475728154,1,0.5761421319796954,57.61421319796954,False,False,False,False,False,
B+/cluster_2_5220.BMP,B+,PASS,0.6387540453074434,63.87540453074434,1,0.5710659898477157,57.10659898477157,False,False,False,False,False,
B+/cluster_2_5230.BMP,B+,PASS,0.7262338187702265,72.62338187702265,1,0.700507614213198,70.05076142131979,False,False,False,False,False,
B+/cluster_2_5236.BMP,B+,PASS,0.741504854368932,74.1504854368932,1,0.6573604060913706,65.73604060913706,False,False,False,False,False,
B+/cluster_2_524.BMP,B+,PASS,0.7541464401294499,75.41464401294499,1,0.5634517766497462,56.34517766497462,False,False,False,False,False,
B+/cluster_2_5254.BMP,B+,PASS,0.7115695792880259,71.15695792880258,1,0.5685279187817259,56.852791878172596,False,False,False,False,False,
B+/cluster_2_5259.BMP,B+,PASS,0.7254247572815534,72.54247572815534,1,0.6446700507614214,64.46700507614213,False,False,False,False,False,
B+/cluster_2_5269.BMP,B+,PASS,0.7611245954692557,76.11245954692556,1,0.7157360406091371,71.57360406091371,False,False,False,False,False,
B+/cluster_2_5274.BMP,B+,PASS,0.7032766990291263,70.32766990291263,1,0.7106598984771574,71.06598984771574,False,False,False,False,False,
B+/cluster_2_5276.BMP,B+,PASS,0.7303802588996764,73.03802588996764,1,0.6142131979695431,61.42131979695431,False,False,False,False,False,
B+/cluster_2_5277.BMP,B+,PASS,0.685376213592233,68.5376213592233,1,0.6472081218274112,64.72081218274111,False,False,False,False,False,
B+/cluster_2_5288.BMP,B+,PASS,0.689623786407767,68.9623786407767,1,0.6751269035532995,67.51269035532995,False,False,False,False,False,
B+/cluster_2_5295.BMP,B+,PASS,0.6996359223300971,69.9635922330097,1,0.5583756345177665,55.83756345177665,False,False,False,False,False,
B+/cluster_2_5309.BMP,B+,PASS,0.6760720064724919,67.60720064724919,1,0.6269035532994924,62.69035532994924,False,False,False,False,False,
B+/cluster_2_5312.BMP,B+,PASS,0.6196399676375405,61.96399676375405,1,0.649746192893401,64.9746192893401,False,False,False,False,False,
B+/cluster_2_5332.BMP,B+,PASS,0.6557443365695793,65.57443365695794,1,0.6878172588832487,68.78172588832487,False,False,False,False,False,
B+/cluster_2_5333.BMP,B+,PASS,0.6103357605177994,61.03357605177994,1,0.6776649746192893,67.76649746192894,False,False,False,False,False,
B+/cluster_2_5337.BMP,B+,PASS,0.6881067961165048,68.81067961165049,1,0.6446700507614214,64.46700507614213,False,False,False,False,False,
B+/cluster_2_5346.BMP,B+,PASS,0.6578681229773463,65.78681229773463,1,0.5634517766497462,56.34517766497462,False,False,False,False,False,
B+/cluster_2_5356.BMP,B+,PASS,0.6103357605177994,61.03357605177994,1,0.6776649746192893,67.76649746192894,False,False,False,False,False,
B+/cluster_2_536.BMP,B+,PASS,0.7439320388349514,74.39320388349515,1,0.6852791878172588,68.52791878172589,False,False,False,False,False,
B+/cluster_2_5363.BMP,B+,PASS,0.593042071197411,59.3042071197411,1,0.6192893401015228,61.92893401015228,False,False,False,False,False,
B+/cluster_2_5374.BMP,B+,PASS,0.745752427184466,74.5752427184466,1,0.6751269035532995,67.51269035532995,False,False,False,False,False,
B+/cluster_2_5375.BMP,B+,PASS,0.6625202265372169,66.25202265372168,1,0.5634517766497462,56.34517766497462,False,False,False,False,False,
B+/cluster_2_5390.BMP,B+,PASS,0.8023867313915858,80.23867313915858,1,0.7208121827411168,72.08121827411168,False,False,False,False,False,
B+/cluster_2_5394.BMP,B+,PASS,0.7020631067961165,70.20631067961165,1,0.6954314720812182,69.54314720812182,False,False,False,False,False,
B+/cluster_2_5409.BMP,B+,PASS,0.6705097087378641,67.05097087378641,1,0.5685279187817259,56.852791878172596,False,False,False,False,False,
B+/cluster_2_5430.BMP,B+,PASS,0.6229773462783171,62.297734627831716,1,0.5710659898477157,57.10659898477157,False,False,False,False,False,
B+/cluster_2_5440.BMP,B+,PASS,0.6883090614886731,68.83090614886731,1,0.6624365482233503,66.24365482233503,False,False,False,False,False,
B+/cluster_2_5443.BMP,B+,PASS,0.6648462783171522,66.48462783171522,1,0.6370558375634517,63.70558375634518,False,False,False,False,False,
B+/cluster_2_5458.BMP,B+,PASS,0.7133899676375405,71.33899676375405,1,0.6852791878172588,68.52791878172589,False,False,False,False,False,
B+/cluster_2_5464.BMP,B+,PASS,0.6162014563106796,61.620145631067956,1,0.6446700507614214,64.46700507614213,False,False,False,False,False,
B+/cluster_2_5465.BMP,B+,PASS,0.7302791262135923,73.02791262135922,1,0.5685279187817259,56.852791878172596,False,False,False,False,False,
B+/cluster_2_5476.BMP,B+,PASS,0.685376213592233,68.5376213592233,1,0.6370558375634517,63.70558375634518,False,False,False,False,False,
B+/cluster_2_5480.BMP,B+,PASS,0.6510922330097088,65.10922330097088,1,0.6243654822335025,62.43654822335025,False,False,False,False,False,
B+/cluster_2_5485.BMP,B+,PASS,0.6828478964401294,68.28478964401295,1,0.6218274111675127,62.182741116751274,False,False,False,False,False,
B+/cluster_2_5506.BMP,B+,PASS,0.6643406148867314,66.43406148867314,1,0.5532994923857868,55.32994923857868,False,False,False,False,False,
B+/cluster_2_5539.BMP,B+,PASS,0.703782362459547,70.3782362459547,1,0.6522842639593909,65.22842639593908,False,False,False,False,False,
B+/cluster_2_5547.BMP,B+,PASS,0.7766990291262136,77.66990291262135,1,0.6852791878172588,68.52791878172589,False,False,False,False,False,
B+/cluster_2_5552.BMP,B+,PASS,0.6295509708737864,62.95509708737864,1,0.5634517766497462,56.34517766497462,False,False,False,False,False,
B+/cluster_2_5566.BMP,B+,PASS,0.7101537216828478,71.01537216828478,1,0.6243654822335025,62.43654822335025,False,False,False,False,False,
B+/cluster_2_5570.BMP,B+,PASS,0.7069174757281553,70.69174757281553,1,0.6472081218274112,64.72081218274111,False,False,False,False,False,
B+/cluster_2_5581.BMP,B+,PASS,0.7693163430420712,76.93163430420712,1,0.6979695431472082,69.79695431472082,False,False,False,False,False,
B+/cluster_2_5597.BMP,B+,PASS,0.6786003236245954,67.86003236245955,1,0.5583756345177665,55.83756345177665,False,False,False,False,False,
B+/cluster_2_5607.BMP,B+,PASS,0.7034789644012945,70.34789644012946,1,0.6852791878172588,68.52791878172589,False,False,False,False,False,
B+/cluster_2_5622.BMP,B+,PASS,0.5874797734627831,58.74797734627831,1,0.6218274111675127,62.182741116751274,False,False,False,False,False,
B+/cluster_2_5627.BMP,B+,PASS,0.60790857605178,60.790857605178,1,0.6421319796954315,64.21319796954315,False,False,False,False,False,
B+/cluster_2_5632.BMP,B+,PASS,0.6366302588996764,63.66302588996764,1,0.5862944162436549,58.629441624365484,False,False,False,False,False,
B+/cluster_2_5642.BMP,B+,PASS,0.7511124595469255,75.11124595469255,1,0.649746192893401,64.9746192893401,False,False,False,False,False,
B+/cluster_2_5645.BMP,B+,PASS,0.7207726537216829,72.07726537216828,1,0.583756345177665,58.37563451776649,False,False,False,False,False,
B+/cluster_2_5673.BMP,B+,PASS,0.7343244336569579,73.43244336569579,1,0.6802030456852792,68.02030456852792,False,False,False,False,False,
B+/cluster_2_5680.BMP,B+,PASS,0.5637135922330098,56.37135922330098,1,0.5634517766497462,56.34517766497462,False,False,False,False,False,
B+/cluster_2_569.BMP,B+,PASS,0.6436084142394822,64.36084142394822,1,0.7030456852791879,70.30456852791879,False,False,False,False,False,
B+/cluster_2_5694.BMP,B+,PASS,0.6415857605177994,64.15857605177993,1,0.5685279187817259,56.852791878172596,False,False,False,False,False,
B+/cluster_2_5707.BMP,B+,PASS,0.6579692556634305,65.79692556634305,1,0.5532994923857868,55.32994923857868,False,False,False,False,False,
B+/cluster_2_5709.BMP,B+,PASS,0.685376213592233,68.5376213592233,1,0.5634517766497462,56.34517766497462,False,False,False,False,False,
B+/cluster_2_5714.BMP,B+,PASS,0.6298543689320388,62.98543689320388,1,0.6522842639593909,65.22842639593908,False,False,False,False,False,
B+/cluster_2_5718.BMP,B+,PASS,0.568871359223301,56.8871359223301,1,0.6675126903553299,66.75126903553299,False,False,False,False,False,
B+/cluster_2_5735.BMP,B+,PASS,0.7525283171521036,75.25283171521036,1,0.6675126903553299,66.75126903553299,False,False,False,False,False,
B+/cluster_2_5741.BMP,B+,PASS,0.6666666666666666,66.66666666666666,1,0.5685279187817259,56.852791878172596,False,False,False,False,False,
B+/cluster_2_5746.BMP,B+,PASS,0.6897249190938511,68.97249190938511,1,0.5913705583756346,59.13705583756346,False,False,False,False,False,
B+/cluster_2_5751.BMP,B+,PASS,0.6464401294498382,64.64401294498381,2,0.5685279187817259,56.852791878172596,False,False,False,False,False,
B+/cluster_2_5755.BMP,B+,PASS,0.7203681229773463,72.03681229773463,1,0.5685279187817259,56.852791878172596,False,False,False,False,False,
B+/cluster_2_5756.BMP,B+,PASS,0.7214805825242718,72.14805825242718,1,0.6725888324873096,67.25888324873097,False,False,False,False,False,
B+/cluster_2_5761.BMP,B+,PASS,0.7266383495145631,72.66383495145631,1,0.682741116751269,68.2741116751269,False,False,False,False,False,
B+/cluster_2_577.BMP,B+,PASS,0.7295711974110033,72.95711974110033,1,0.565989847715736,56.598984771573605,False,False,False,False,False,
B+/cluster_2_5774.BMP,B+,PASS,0.7088389967637541,70.8838996763754,1,0.6243654822335025,62.43654822335025,False,False,False,False,False,
B+/cluster_2_5785.BMP,B+,PASS,0.5915250809061489,59.15250809061489,1,0.5583756345177665,55.83756345177665,False,False,False,False,False,
B+/cluster_2_5790.BMP,B+,PASS,0.6537216828478964,65.37216828478964,1,0.5634517766497462,56.34517766497462,False,False,False,False,False,
B+/cluster_2_5792.BMP,B+,PASS,0.6706108414239482,67.06108414239482,1,0.5634517766497462,56.34517766497462,False,False,False,False,False,
B+/cluster_2_5798.BMP,B+,PASS,0.19650080906148867,19.65008090614887,1,0.5532994923857868,55.32994923857868,False,False,False,False,False,
B+/cluster_2_5809.BMP,B+,PASS,0.7490898058252428,74.90898058252428,1,0.6700507614213198,67.00507614213198,False,False,False,False,False,
B+/cluster_2_5817.BMP,B+,PASS,0.7409991909385113,74.09991909385113,1,0.6878172588832487,68.78172588832487,False,False,False,False,False,
B+/cluster_2_583.BMP,B+,PASS,0.6693972491909385,66.93972491909385,1,0.649746192893401,64.9746192893401,False,False,False,False,False,
B+/cluster_2_5845.BMP,B+,PASS,0.657665857605178,65.7665857605178,1,0.5761421319796954,57.61421319796954,False,False,False,False,False,
B+/cluster_2_5849.BMP,B+,PASS,0.7136933656957929,71.36933656957929,1,0.5634517766497462,56.34517766497462,False,False,False,False,False,
B+/cluster_2_5850.BMP,B+,PASS,0.5812095469255664,58.12095469255664,1,0.5685279187817259,56.852791878172596,False,False,False,False,False,
B+/cluster_2_5869.BMP,B+,PASS,0.6132686084142395,61.326860841423944,1,0.565989847715736,56.598984771573605,False,False,False,False,False,
B+/cluster_2_5870.BMP,B+,PASS,0.7212783171521036,72.12783171521036,1,0.5583756345177665,55.83756345177665,False,False,False,False,False,
B+/cluster_2_5877.BMP,B+,PASS,0.7213794498381877,72.13794498381877,1,0.5532994923857868,55.32994923857868,False,False,False,False,False,
B+/cluster_2_5881.BMP,B+,PASS,0.6274271844660194,62.74271844660194,1,0.5532994923857868,55.32994923857868,False,False,False,False,False,
B+/cluster_2_5886.BMP,B+,PASS,0.7127831715210357,71.27831715210357,1,0.5634517766497462,56.34517766497462,False,False,False,False,False,
B+/cluster_2_5909.BMP,B+,PASS,0.6521035598705501,65.21035598705501,1,0.6548223350253807,65.48223350253807,False,False,False,False,False,
B+/cluster_2_5930.BMP,B+,PASS,0.5932443365695793,59.32443365695793,1,0.5710659898477157,57.10659898477157,False,False,False,False,False,
B+/cluster_2_5937.BMP,B+,PASS,0.7211771844660194,72.11771844660194,1,0.5634517766497462,56.34517766497462,False,False,False,False,False,
B+/cluster_2_5938.BMP,B+,PASS,0.7719457928802589,77.19457928802589,1,0.6928934010152284,69.28934010152284,False,False,False,False,False,
B+/cluster_2_5941.BMP,B+,PASS,0.6597896440129449,65.97896440129449,1,0.682741116751269,68.2741116751269,False,False,False,False,False,
B+/cluster_2_5963.BMP,B+,PASS,0.6758697411003236,67.58697411003236,1,0.6802030456852792,68.02030456852792,False,False,False,False,False,
B+/cluster_2_5981.BMP,B+,PASS,0.5915250809061489,59.15250809061489,1,0.6954314720812182,69.54314720812182,False,False,False,False,False,
B+/cluster_2_5995.BMP,B+,PASS,0.6630258899676376,66.30258899676376,1,0.6421319796954315,64.21319796954315,False,False,False,False,False,
B+/cluster_2_5999.BMP,B+,PASS,0.6717233009708737,67.17233009708737,1,0.700507614213198,70.05076142131979,False,False,False,False,False,
B+/cluster_2_6.BMP,B+,PASS,0.7225930420711975,72.25930420711974,1,0.583756345177665,58.37563451776649,False,False,False,False,False,
B+/cluster_2_601.BMP,B+,PASS,0.698826860841424,69.88268608414239,1,0.6776649746192893,67.76649746192894,False,False,False,False,False,
B+/cluster_2_617.BMP,B+,PASS,0.615796925566343,61.5796925566343,1,0.6979695431472082,69.79695431472082,False,False,False,False,False,
B+/cluster_2_634.BMP,B+,PASS,0.7505056634304207,75.05056634304206,1,0.6979695431472082,69.79695431472082,False,False,False,False,False,
B+/cluster_2_645.BMP,B+,PASS,0.7226941747572816,72.26941747572816,1,0.6598984771573604,65.98984771573603,False,False,False,False,False,
B+/cluster_2_646.BMP,B+,PASS,0.6323826860841424,63.23826860841424,1,0.5634517766497462,56.34517766497462,False,False,False,False,False,
B+/cluster_2_662.BMP,B+,PASS,0.6559466019417476,65.59466019417476,2,0.5736040609137056,57.360406091370564,False,False,False,False,False,
B+/cluster_2_676.BMP,B+,PASS,0.6844660194174758,68.44660194174757,1,0.5913705583756346,59.13705583756346,False,False,False,False,False,
B+/cluster_2_682.BMP,B+,PASS,0.6260113268608414,62.601132686084135,1,0.5710659898477157,57.10659898477157,False,False,False,False,False,
B+/cluster_2_688.BMP,B+,PASS,0.7560679611650486,75.60679611650485,1,0.6675126903553299,66.75126903553299,False,False,False,False,False,
B+/cluster_2_692.BMP,B+,PASS,0.7240088996763754,72.40088996763754,1,0.7157360406091371,71.57360406091371,False,False,False,False,False,
B+/cluster_2_693.BMP,B+,PASS,0.7122775080906149,71.22775080906149,1,0.6928934010152284,69.28934010152284,False,False,False,False,False,
B+/cluster_2_698.BMP,B+,PASS,0.7278519417475728,72.78519417475728,1,0.5685279187817259,56.852791878172596,False,False,False,False,False,
B+/cluster_2_706.BMP,B+,PASS,0.5661407766990292,56.61407766990292,1,0.6548223350253807,65.48223350253807,False,False,False,False,False,
B+/cluster_2_716.BMP,B+,PASS,0.6465412621359223,64.65412621359224,1,0.6243654822335025,62.43654822335025,False,False,False,False,False,
B+/cluster_2_723.BMP,B+,PASS,0.41019417475728154,41.019417475728154,1,0.6421319796954315,64.21319796954315,False,False,False,False,False,
B+/cluster_2_726.BMP,B+,PASS,0.6539239482200647,65.39239482200647,1,0.616751269035533,61.6751269035533,False,False,False,False,False,
B+/cluster_2_742.BMP,B+,PASS,0.7428195792880259,74.28195792880258,1,0.565989847715736,56.598984771573605,False,False,False,False,False,
B+/cluster_2_747.BMP,B+,PASS,0.7061084142394822,70.61084142394822,1,0.6700507614213198,67.00507614213198,False,False,False,False,False,
B+/cluster_2_749.BMP,B+,PASS,0.6287419093851133,62.87419093851133,1,0.5634517766497462,56.34517766497462,False,False,False,False,False,
B+/cluster_2_756.BMP,B+,PASS,0.7235032362459547,72.35032362459548,1,0.6852791878172588,68.52791878172589,False,False,False,False,False,
B+/cluster_2_758.BMP,B+,PASS,0.720873786407767,72.0873786407767,1,0.6421319796954315,64.21319796954315,False,False,False,False,False,
B+/cluster_2_78.BMP,B+,PASS,0.6514967637540453,65.14967637540452,1,0.5634517766497462,56.34517766497462,False,False,False,False,False,
B+/cluster_2_781.BMP,B+,PASS,0.6457322006472492,64.57322006472492,1,0.5736040609137056,57.360406091370564,False,False,False,False,False,
B+/cluster_2_785.BMP,B+,PASS,0.6795105177993528,67.95105177993528,1,0.5532994923857868,55.32994923857868,False,False,False,False,False,
B+/cluster_2_790.BMP,B+,PASS,0.709546925566343,70.9546925566343,1,0.6472081218274112,64.72081218274111,False,False,False,False,False,
B+/cluster_2_792.BMP,B+,PASS,0.5993122977346278,59.93122977346278,1,0.5634517766497462,56.34517766497462,False,False,False,False,False,
B+/cluster_2_814.BMP,B+,PASS,0.7317961165048543,73.17961165048543,1,0.6725888324873096,67.25888324873097,False,False,False,False,False,
B+/cluster_2_827.BMP,B+,PASS,0.7175364077669902,71.75364077669903,1,0.6725888324873096,67.25888324873097,False,False,False,False,False,
B+/cluster_2_829.BMP,B+,PASS,0.6103357605177994,61.03357605177994,1,0.6776649746192893,67.76649746192894,False,False,False,False,False,
B+/cluster_2_832.BMP,B+,PASS,0.7431229773462783,74.31229773462783,1,0.6522842639593909,65.22842639593908,False,False,False,False,False,
B+/cluster_2_833.BMP,B+,PASS,0.7465614886731392,74.65614886731392,1,0.7157360406091371,71.57360406091371,False,False,False,False,False,
B+/cluster_2_848.BMP,B+,PASS,0.7555622977346278,75.55622977346277,1,0.5583756345177665,55.83756345177665,False,False,False,False,False,
B+/cluster_2_854.BMP,B+,PASS,0.7477750809061489,74.77750809061489,1,0.5989847715736041,59.89847715736041,False,False,False,False,False,
B+/cluster_2_874.BMP,B+,PASS,0.7438309061488673,74.38309061488673,1,0.6979695431472082,69.79695431472082,False,False,False,False,False,
B+/cluster_2_884.BMP,B+,PASS,0.7114684466019418,71.14684466019418,1,0.5583756345177665,55.83756345177665,False,False,False,False,False,
B+/cluster_2_888.BMP,B+,PASS,0.7109627831715211,71.09627831715211,1,0.5710659898477157,57.10659898477157,False,False,False,False,False,
B+/cluster_2_90.BMP,B+,PASS,0.6886124595469255,68.86124595469255,1,0.5634517766497462,56.34517766497462,False,False,False,False,False,
B+/cluster_2_905.BMP,B+,PASS,0.6667677993527508,66.67677993527508,1,0.5532994923857868,55.32994923857868,False,False,False,False,False,
B+/cluster_2_915.BMP,B+,PASS,0.6742516181229773,67.42516181229773,1,0.6395939086294417,63.95939086294417,False,False,False,False,False,
B+/cluster_2_921.BMP,B+,PASS,0.7056027508090615,70.56027508090615,1,0.5583756345177665,55.83756345177665,False,False,False,False,False,
B+/cluster_2_928.BMP,B+,PASS,0.6260113268608414,62.601132686084135,1,0.6522842639593909,65.22842639593908,False,False,False,False,False,
B+/cluster_2_942.BMP,B+,PASS,0.7343244336569579,73.43244336569579,1,0.5812182741116751,58.121827411167516,False,False,False,False,False,
B+/cluster_2_946.BMP,B+,PASS,0.7422127831715211,74.22127831715211,1,0.5888324873096447,58.88324873096447,False,False,False,False,False,
B+/cluster_2_952.BMP,B+,PASS,0.6786003236245954,67.86003236245955,1,0.6218274111675127,62.182741116751274,False,False,False,False,False,
B+/cluster_2_953.BMP,B+,PASS,0.754247572815534,75.4247572815534,1,0.7106598984771574,71.06598984771574,False,False,False,False,False,
B+/cluster_2_963.BMP,B+,PASS,0.6935679611650486,69.35679611650485,1,0.5583756345177665,55.83756345177665,False,False,False,False,False,
B+/cluster_2_967.BMP,B+,PASS,0.6045711974110033,60.45711974110033,1,0.6649746192893401,66.49746192893402,False,False,False,False,False,
B+/cluster_2_980.BMP,B+,PASS,0.7263349514563107,72.63349514563106,1,0.6878172588832487,68.78172588832487,False,False,False,False,False,
B+/cluster_2_988.BMP,B+,PASS,0.7362459546925566,73.62459546925567,1,0.6548223350253807,65.48223350253807,False,False,False,False,False,
B+/cluster_2_992.BMP,B+,PASS,0.7654733009708737,76.54733009708737,1,0.6675126903553299,66.75126903553299,False,False,False,False,False,
B-/cluster_3_1017.BMP,B-,PASS,0.6943770226537217,69.43770226537217,1,0.5532994923857868,55.32994923857868,False,False,False,False,False,
B-/cluster_3_1018.BMP,B-,PASS,0.7197613268608414,71.97613268608414,1,0.5532994923857868,55.32994923857868,False,False,False,False,False,
B-/cluster_3_1032.BMP,B-,PASS,0.8251415857605178,82.51415857605178,1,0.5812182741116751,58.121827411167516,False,False,False,False,False,
B-/cluster_3_1035.BMP,B-,PASS,0.8507281553398058,85.07281553398059,1,0.7030456852791879,70.30456852791879,False,False,False,False,False,
B-/cluster_3_1050.BMP,B-,PASS,0.76415857605178,76.41585760517799,1,0.631979695431472,63.1979695431472,False,False,False,False,False,
B-/cluster_3_1055.BMP,B-,PASS,0.813915857605178,81.3915857605178,1,0.6725888324873096,67.25888324873097,False,False,False,False,False,
B-/cluster_3_1059.BMP,B-,PASS,0.8001618122977346,80.01618122977347,1,0.6649746192893401,66.49746192893402,False,False,False,False,False,
B-/cluster_3_1067.BMP,B-,PASS,0.8604368932038835,86.04368932038835,1,0.7030456852791879,70.30456852791879,False,False,False,False,False,
B-/cluster_3_1070.BMP,B-,PASS,0.8637742718446602,86.37742718446601,1,0.6878172588832487,68.78172588832487,False,False,False,False,False,
B-/cluster_3_108.BMP,B-,PASS,0.7804409385113269,78.04409385113269,1,0.5964467005076142,59.64467005076142,False,False,False,False,False,
B-/cluster_3_1083.BMP,B-,PASS,0.8491100323624595,84.91100323624595,1,0.7208121827411168,72.08121827411168,False,False,False,False,False,
B-/cluster_3_1101.BMP,B-,PASS,0.8846076051779935,88.46076051779936,1,0.7030456852791879,70.30456852791879,False,False,False,False,False,
B-/cluster_3_1146.BMP,B-,PASS,0.7532362459546925,75.32362459546925,1,0.6852791878172588,68.52791878172589,False,False,False,False,False,
B-/cluster_3_1159.BMP,B-,PASS,0.8989684466019418,89.89684466019418,1,0.7106598984771574,71.06598984771574,False,False,False,False,False,
B-/cluster_3_1169.BMP,B-,PASS,0.7391788025889967,73.91788025889967,1,0.700507614213198,70.05076142131979,False,False,False,False,False,
B-/cluster_3_1174.BMP,B-,PASS,0.7875202265372169,78.75202265372168,1,0.5939086294416244,59.390862944162436,False,False,False,False,False,
B-/cluster_3_1184.BMP,B-,FAIL,0.9172734627831716,91.72734627831716,1,0.7106598984771574,71.06598984771574,False,True,False,False,False,
B-/cluster_3_1201.BMP,B-,PASS,0.8405137540453075,84.05137540453075,1,0.7030456852791879,70.30456852791879,False,False,False,False,False,
B-/cluster_3_1209.BMP,B-,PASS,0.8693365695792881,86.9336569579288,1,0.7131979695431472,71.31979695431471,False,False,False,False,False,
B-/cluster_3_1251.BMP,B-,PASS,0.7871156957928802,78.71156957928802,1,0.6624365482233503,66.24365482233503,False,False,False,False,False,
B-/cluster_3_1257.BMP,B-,PASS,0.8175566343042071,81.75566343042071,1,0.7157360406091371,71.57360406091371,False,False,False,False,False,
B-/cluster_3_1262.BMP,B-,PASS,0.7277508090614887,72.77508090614887,1,0.6903553299492385,69.03553299492386,False,False,False,False,False,
B-/cluster_3_1267.BMP,B-,PASS,0.8118932038834952,81.18932038834951,1,0.5558375634517766,55.58375634517766,False,False,False,False,False,
B-/cluster_3_1270.BMP,B-,PASS,0.7787216828478964,77.87216828478964,1,0.6598984771573604,65.98984771573603,False,False,False,False,False,
B-/cluster_3_1274.BMP,B-,PASS,0.8025889967637541,80.2588996763754,1,0.5685279187817259,56.852791878172596,False,False,False,False,False,
B-/cluster_3_128.BMP,B-,PASS,0.8227144012944984,82.27144012944983,1,0.6624365482233503,66.24365482233503,False,False,False,False,False,
B-/cluster_3_1280.BMP,B-,PASS,0.7906553398058253,79.06553398058253,1,0.6928934010152284,69.28934010152284,False,False,False,False,False,
B-/cluster_3_1291.BMP,B-,PASS,0.8931027508090615,89.31027508090615,1,0.6954314720812182,69.54314720812182,False,False,False,False,False,
B-/cluster_3_1296.BMP,B-,PASS,0.8491100323624595,84.91100323624595,1,0.631979695431472,63.1979695431472,False,False,False,False,False,
B-/cluster_3_1298.BMP,B-,PASS,0.7663834951456311,76.6383495145631,1,0.6675126903553299,66.75126903553299,False,False,False,False,False,
B-/cluster_3_1302.BMP,B-,PASS,0.7829692556634305,78.29692556634305,1,0.682741116751269,68.2741116751269,False,False,False,False,False,
B-/cluster_3_1307.BMP,B-,PASS,0.7411003236245954,74.11003236245955,1,0.6725888324873096,67.25888324873097,False,False,False,False,False,
B-/cluster_3_1308.BMP,B-,PASS,0.7956108414239482,79.56108414239482,1,0.6878172588832487,68.78172588832487,False,False,False,False,False,
B-/cluster_3_1315.BMP,B-,PASS,0.8131067961165048,81.31067961165049,1,0.616751269035533,61.6751269035533,False,False,False,False,False,
B-/cluster_3_1316.BMP,B-,PASS,0.739279935275081,73.9279935275081,1,0.6878172588832487,68.78172588832487,False,False,False,False,False,
B-/cluster_3_1320.BMP,B-,PASS,0.806128640776699,80.6128640776699,1,0.6878172588832487,68.78172588832487,False,False,False,False,False,
B-/cluster_3_1323.BMP,B-,PASS,0.7967233009708737,79.67233009708737,1,0.6776649746192893,67.76649746192894,False,False,False,False,False,
B-/cluster_3_1330.BMP,B-,PASS,0.7865088996763754,78.65088996763754,1,0.6979695431472082,69.79695431472082,False,False,False,False,False,
B-/cluster_3_1341.BMP,B-,PASS,0.5872775080906149,58.72775080906148,1,0.6142131979695431,61.42131979695431,False,False,False,False,False,
B-/cluster_3_1342.BMP,B-,PASS,0.7306836569579288,73.06836569579288,1,0.6522842639593909,65.22842639593908,False,False,False,False,False,
B-/cluster_3_1344.BMP,B-,PASS,0.7579894822006472,75.79894822006472,1,0.6116751269035533,61.16751269035533,False,False,False,False,False,
B-/cluster_3_1353.BMP,B-,PASS,0.8441545307443366,84.41545307443366,1,0.6903553299492385,69.03553299492386,False,False,False,False,False,
B-/cluster_3_1356.BMP,B-,PASS,0.7909587378640777,79.09587378640776,1,0.6852791878172588,68.52791878172589,False,False,False,False,False,
B-/cluster_3_1366.BMP,B-,PASS,0.7766990291262136,77.66990291262135,1,0.682741116751269,68.2741116751269,False,False,False,False,False,
B-/cluster_3_1375.BMP,B-,PASS,0.6806229773462783,68.06229773462783,2,0.5532994923857868,55.32994923857868,False,False,False,False,False,
B-/cluster_3_1381.BMP,B-,PASS,0.8390978964401294,83.90978964401295,1,0.6903553299492385,69.03553299492386,False,False,False,False,False,
B-/cluster_3_1385.BMP,B-,PASS,0.8038025889967637,80.38025889967638,1,0.6675126903553299,66.75126903553299,False,False,False,False,False,
B-/cluster_3_1396.BMP,B-,PASS,0.8815736245954693,88.15736245954693,1,0.649746192893401,64.9746192893401,False,False,False,False,False,
B-/cluster_3_1410.BMP,B-,PASS,0.5990088996763754,59.90088996763754,1,0.5634517766497462,56.34517766497462,False,False,False,False,False,
B-/cluster_3_1420.BMP,B-,PASS,0.8646844660194175,86.46844660194175,1,0.6903553299492385,69.03553299492386,False,False,False,False,False,
B-/cluster_3_1426.BMP,B-,PASS,0.8897653721682848,88.97653721682848,1,0.700507614213198,70.05076142131979,False,False,False,False,False,
B-/cluster_3_1427.BMP,B-,PASS,0.8573017799352751,85.73017799352752,1,0.7030456852791879,70.30456852791879,False,False,False,False,False,
B-/cluster_3_1447.BMP,B-,FAIL,0.9116100323624595,91.16100323624595,1,0.6979695431472082,69.79695431472082,False,True,False,False,False,
B-/cluster_3_145.BMP,B-,PASS,0.7508090614886731,75.08090614886731,1,0.6142131979695431,61.42131979695431,False,False,False,False,False,
B-/cluster_3_1450.BMP,B-,PASS,0.7871156957928802,78.71156957928802,1,0.6802030456852792,68.02030456852792,False,False,False,False,False,
B-/cluster_3_1460.BMP,B-,PASS,0.8602346278317152,86.02346278317152,1,0.7182741116751269,71.8274111675127,False,False,False,False,False,
B-/cluster_3_1470.BMP,B-,PASS,0.8980582524271845,89.80582524271846,1,0.7182741116751269,71.8274111675127,False,False,False,False,False,
B-/cluster_3_1496.BMP,B-,PASS,0.8393001618122977,83.93001618122977,1,0.6903553299492385,69.03553299492386,False,False,False,False,False,
B-/cluster_3_1507.BMP,B-,PASS,0.8666059870550162,86.66059870550163,1,0.6345177664974619,63.45177664974619,False,False,False,False,False,
B-/cluster_3_151.BMP,B-,PASS,0.8365695792880259,83.65695792880258,1,0.7258883248730964,72.58883248730965,False,False,False,False,False,
B-/cluster_3_1513.BMP,B-,PASS,0.8653923948220065,86.53923948220064,1,0.6472081218274112,64.72081218274111,False,False,False,False,False,
B-/cluster_3_1517.BMP,B-,PASS,0.7682038834951457,76.82038834951457,1,0.7106598984771574,71.06598984771574,False,False,False,False,False,
B-/cluster_3_152.BMP,B-,PASS,0.667576860841424,66.75768608414239,1,0.700507614213198,70.05076142131979,False,False,False,False,False,
B-/cluster_3_1522.BMP,B-,PASS,0.6522046925566343,65.22046925566343,1,0.5609137055837563,56.09137055837563,False,False,False,False,False,
B-/cluster_3_1529.BMP,B-,PASS,0.837378640776699,83.7378640776699,1,0.6979695431472082,69.79695431472082,False,False,False,False,False,
B-/cluster_3_1536.BMP,B-,PASS,0.7899474110032363,78.99474110032362,1,0.6700507614213198,67.00507614213198,False,False,False,False,False,
B-/cluster_3_1557.BMP,B-,PASS,0.7722491909385113,77.22491909385113,1,0.7030456852791879,70.30456852791879,False,False,False,False,False,
B-/cluster_3_1566.BMP,B-,FAIL,0.9487257281553398,94.87257281553399,1,0.7893401015228426,78.93401015228426,False,True,False,False,False,
B-/cluster_3_157.BMP,B-,PASS,0.8094660194174758,80.94660194174757,1,0.6979695431472082,69.79695431472082,False,False,False,False,False,
B-/cluster_3_1581.BMP,B-,PASS,0.8549757281553398,85.49757281553399,1,0.616751269035533,61.6751269035533,False,False,False,False,False,
B-/cluster_3_1593.BMP,B-,PASS,0.6935679611650486,69.35679611650485,1,0.682741116751269,68.2741116751269,False,False,False,False,False,
B-/cluster_3_1598.BMP,B-,PASS,0.8307038834951457,83.07038834951457,1,0.6472081218274112,64.72081218274111,False,False,False,False,False,
B-/cluster_3_1599.BMP,B-,PASS,0.8682241100323624,86.82241100323624,1,0.7030456852791879,70.30456852791879,False,False,False,False,False,
B-/cluster_3_160.BMP,B-,PASS,0.7191545307443366,71.91545307443366,1,0.5532994923857868,55.32994923857868,False,False,False,False,False,
B-/cluster_3_1602.BMP,B-,PASS,0.7214805825242718,72.14805825242718,1,0.5583756345177665,55.83756345177665,False,False,False,False,False,
B-/cluster_3_1603.BMP,B-,PASS,0.8406148867313916,84.06148867313917,1,0.6345177664974619,63.45177664974619,False,False,False,False,False,
B-/cluster_3_1604.BMP,B-,PASS,0.8563915857605178,85.63915857605178,1,0.700507614213198,70.05076142131979,False,False,False,False,False,
B-/cluster_3_1618.BMP,B-,PASS,0.8122977346278317,81.22977346278317,1,0.7233502538071066,72.33502538071066,False,False,False,False,False,
B-/cluster_3_1622.BMP,B-,PASS,0.8262540453074434,82.62540453074433,1,0.6928934010152284,69.28934010152284,False,False,False,False,False,
B-/cluster_3_1625.BMP,B-,PASS,0.7271440129449838,72.71440129449837,1,0.6979695431472082,69.79695431472082,False,False,False,False,False,
B-/cluster_3_1636.BMP,B-,PASS,0.7995550161812298,79.95550161812298,1,0.7131979695431472,71.31979695431471,False,False,False,False,False,
B-/cluster_3_1642.BMP,B-,PASS,0.8956310679611651,89.56310679611651,1,0.7081218274111675,70.81218274111674,False,False,False,False,False,
B-/cluster_3_1649.BMP,B-,PASS,0.8702467637540453,87.02467637540452,1,0.6675126903553299,66.75126903553299,False,False,False,False,False,
B-/cluster_3_165.BMP,B-,PASS,0.787621359223301,78.7621359223301,1,0.6142131979695431,61.42131979695431,False,False,False,False,False,
B-/cluster_3_1655.BMP,B-,PASS,0.8381877022653722,83.81877022653723,1,0.7233502538071066,72.33502538071066,False,False,False,False,False,
B-/cluster_3_1656.BMP,B-,FAIL,0.921217637540453,92.1217637540453,1,0.7030456852791879,70.30456852791879,False,True,False,False,False,
B-/cluster_3_1658.BMP,B-,PASS,0.8619538834951457,86.19538834951457,1,0.6979695431472082,69.79695431472082,False,False,False,False,False,
B-/cluster_3_1659.BMP,B-,PASS,0.6166059870550162,61.66059870550163,1,0.5532994923857868,55.32994923857868,False,False,False,False,False,
B-/cluster_3_1664.BMP,B-,PASS,0.6375404530744336,63.75404530744336,1,0.5583756345177665,55.83756345177665,False,False,False,False,False,
B-/cluster_3_1682.BMP,B-,PASS,0.7444377022653722,74.44377022653723,1,0.5634517766497462,56.34517766497462,False,False,False,False,False,
B-/cluster_3_1693.BMP,B-,PASS,0.817455501618123,81.7455501618123,1,0.6700507614213198,67.00507614213198,False,False,False,False,False,
B-/cluster_3_1701.BMP,B-,PASS,0.6332928802588996,63.329288025889966,1,0.6370558375634517,63.70558375634518,False,False,False,False,False,
B-/cluster_3_1708.BMP,B-,PASS,0.732200647249191,73.2200647249191,1,0.5736040609137056,57.360406091370564,False,False,False,False,False,
B-/cluster_3_1713.BMP,B-,PASS,0.770529935275081,77.0529935275081,1,0.7157360406091371,71.57360406091371,False,False,False,False,False,
B-/cluster_3_1729.BMP,B-,PASS,0.8570995145631068,85.70995145631069,1,0.6878172588832487,68.78172588832487,False,False,False,False,False,
B-/cluster_3_1733.BMP,B-,PASS,0.7136933656957929,71.36933656957929,1,0.6979695431472082,69.79695431472082,False,False,False,False,False,
B-/cluster_3_1767.BMP,B-,FAIL,0.9043284789644013,90.43284789644012,1,0.6725888324873096,67.25888324873097,False,True,False,False,False,
B-/cluster_3_1769.BMP,B-,PASS,0.8664037216828478,86.64037216828478,1,0.6700507614213198,67.00507614213198,False,False,False,False,False,
B-/cluster_3_177.BMP,B-,PASS,0.7938915857605178,79.38915857605178,1,0.6548223350253807,65.48223350253807,False,False,False,False,False,
B-/cluster_3_1771.BMP,B-,PASS,0.7837783171521036,78.37783171521036,1,0.5532994923857868,55.32994923857868,False,False,False,False,False,
B-/cluster_3_1779.BMP,B-,PASS,0.8028923948220065,80.28923948220064,1,0.6446700507614214,64.46700507614213,False,False,False,False,False,
B-/cluster_3_1782.BMP,B-,PASS,0.778418284789644,77.8418284789644,1,0.631979695431472,63.1979695431472,False,False,False,False,False,
B-/cluster_3_1790.BMP,B-,PASS,0.7704288025889967,77.04288025889967,1,0.7055837563451777,70.55837563451777,False,False,False,False,False,
B-/cluster_3_1794.BMP,B-,PASS,0.7444377022653722,74.44377022653723,1,0.5989847715736041,59.89847715736041,False,False,False,False,False,
B-/cluster_3_1799.BMP,B-,PASS,0.7292677993527508,72.92677993527508,1,0.6294416243654822,62.944162436548226,False,False,False,False,False,
B-/cluster_3_18.BMP,B-,PASS,0.7924757281553398,79.24757281553399,1,0.6852791878172588,68.52791878172589,False,False,False,False,False,
B-/cluster_3_1802.BMP,B-,PASS,0.8049150485436893,80.49150485436894,1,0.5583756345177665,55.83756345177665,False,False,False,False,False,
B-/cluster_3_1808.BMP,B-,PASS,0.7046925566343042,70.46925566343042,1,0.6903553299492385,69.03553299492386,False,False,False,False,False,
B-/cluster_3_1824.BMP,B-,PASS,0.6573624595469255,65.73624595469255,1,0.6040609137055838,60.40609137055838,False,False,False,False,False,
B-/cluster_3_1829.BMP,B-,PASS,0.6288430420711975,62.88430420711975,1,0.6142131979695431,61.42131979695431,False,False,False,False,False,
B-/cluster_3_1832.BMP,B-,PASS,0.7666868932038835,76.66868932038835,1,0.700507614213198,70.05076142131979,False,False,False,False,False,
B-/cluster_3_184.BMP,B-,PASS,0.8364684466019418,83.64684466019418,1,0.682741116751269,68.2741116751269,False,False,False,False,False,
B-/cluster_3_1846.BMP,B-,PASS,0.7550566343042071,75.50566343042071,1,0.6878172588832487,68.78172588832487,False,False,False,False,False,
B-/cluster_3_1856.BMP,B-,PASS,0.8367718446601942,83.67718446601941,1,0.6116751269035533,61.16751269035533,False,False,False,False,False,
B-/cluster_3_186.BMP,B-,PASS,0.6672734627831716,66.72734627831716,1,0.7157360406091371,71.57360406091371,False,False,False,False,False,
B-/cluster_3_1865.BMP,B-,PASS,0.7373584142394822,73.73584142394822,1,0.6370558375634517,63.70558375634518,False,False,False,False,False,
B-/cluster_3_1881.BMP,B-,PASS,0.7209749190938511,72.09749190938511,1,0.616751269035533,61.6751269035533,False,False,False,False,False,
B-/cluster_3_1886.BMP,B-,PASS,0.8893608414239482,88.93608414239482,1,0.5532994923857868,55.32994923857868,False,False,False,False,False,
B-/cluster_3_1894.BMP,B-,PASS,0.7539441747572816,75.39441747572816,1,0.6700507614213198,67.00507614213198,False,False,False,False,False,
B-/cluster_3_1896.BMP,B-,PASS,0.8691343042071198,86.91343042071198,1,0.5583756345177665,55.83756345177665,False,False,False,False,False,
B-/cluster_3_1904.BMP,B-,PASS,0.8095671521035599,80.956715210356,1,0.7081218274111675,70.81218274111674,False,False,False,False,False,
B-/cluster_3_1906.BMP,B-,PASS,0.7896440129449838,78.96440129449837,1,0.6852791878172588,68.52791878172589,False,False,False,False,False,
B-/cluster_3_1918.BMP,B-,PASS,0.8354571197411004,83.54571197411003,1,0.6700507614213198,67.00507614213198,False,False,False,False,False,
B-/cluster_3_1919.BMP,B-,PASS,0.8803600323624595,88.03600323624595,1,0.6548223350253807,65.48223350253807,False,False,False,False,False,
B-/cluster_3_1922.BMP,B-,PASS,0.7054004854368932,70.54004854368931,1,0.6802030456852792,68.02030456852792,False,False,False,False,False,
B-/cluster_3_1935.BMP,B-,PASS,0.7575849514563107,75.75849514563106,1,0.6802030456852792,68.02030456852792,False,False,False,False,False,
B-/cluster_3_1940.BMP,B-,PASS,0.806128640776699,80.6128640776699,1,0.5939086294416244,59.390862944162436,False,False,False,False,False,
B-/cluster_3_1941.BMP,B-,PASS,0.768406148867314,76.8406148867314,1,0.6878172588832487,68.78172588832487,False,False,False,False,False,
B-/cluster_3_1977.BMP,B-,PASS,0.7404935275080906,74.04935275080906,1,0.6675126903553299,66.75126903553299,False,False,False,False,False,
B-/cluster_3_1979.BMP,B-,PASS,0.8243325242718447,82.43325242718447,1,0.6954314720812182,69.54314720812182,False,False,False,False,False,
B-/cluster_3_1980.BMP,B-,PASS,0.733717637540453,73.3717637540453,1,0.6751269035532995,67.51269035532995,False,False,False,False,False,
B-/cluster_3_1988.BMP,B-,FAIL,0.9194983818770227,91.94983818770227,1,0.700507614213198,70.05076142131979,False,True,False,False,False,
B-/cluster_3_2041.BMP,B-,PASS,0.7951051779935275,79.51051779935275,1,0.565989847715736,56.598984771573605,False,False,False,False,False,
B-/cluster_3_2048.BMP,B-,PASS,0.7203681229773463,72.03681229773463,1,0.5710659898477157,57.10659898477157,False,False,False,False,False,
B-/cluster_3_2053.BMP,B-,FAIL,0.9307241100323624,93.07241100323624,1,0.7157360406091371,71.57360406091371,False,True,False,False,False,
B-/cluster_3_2056.BMP,B-,PASS,0.7435275080906149,74.35275080906149,1,0.6725888324873096,67.25888324873097,False,False,False,False,False,
B-/cluster_3_2065.BMP,B-,PASS,0.8254449838187702,82.54449838187702,1,0.5710659898477157,57.10659898477157,False,False,False,False,False,
B-/cluster_3_207.BMP,B-,PASS,0.7190533980582524,71.90533980582524,1,0.5583756345177665,55.83756345177665,False,False,False,False,False,
B-/cluster_3_2083.BMP,B-,PASS,0.7617313915857605,76.17313915857605,1,0.631979695431472,63.1979695431472,False,False,False,False,False,
B-/cluster_3_2087.BMP,B-,PASS,0.7203681229773463,72.03681229773463,1,0.6345177664974619,63.45177664974619,False,False,False,False,False,
B-/cluster_3_2088.BMP,B-,PASS,0.7724514563106796,77.24514563106796,1,0.6979695431472082,69.79695431472082,False,False,False,False,False,
B-/cluster_3_209.BMP,B-,PASS,0.8108818770226537,81.08818770226537,1,0.7208121827411168,72.08121827411168,False,False,False,False,False,
B-/cluster_3_2094.BMP,B-,PASS,0.8412216828478964,84.12216828478964,1,0.6294416243654822,62.944162436548226,False,False,False,False,False,
B-/cluster_3_2122.BMP,B-,PASS,0.6768810679611651,67.68810679611651,3,0.5583756345177665,55.83756345177665,False,False,False,False,False,
B-/cluster_3_2126.BMP,B-,PASS,0.8629652103559871,86.2965210355987,1,0.6598984771573604,65.98984771573603,False,False,False,False,False,
B-/cluster_3_2129.BMP,B-,PASS,0.7467637540453075,74.67637540453075,1,0.6878172588832487,68.78172588832487,False,False,False,False,False,
B-/cluster_3_2133.BMP,B-,FAIL,0.9200040453074434,92.00040453074433,1,0.7030456852791879,70.30456852791879,False,True,False,False,False,
B-/cluster_3_2136.BMP,B-,PASS,0.8101739482200647,81.01739482200647,1,0.6395939086294417,63.95939086294417,False,False,False,False,False,
B-/cluster_3_2150.BMP,B-,PASS,0.8497168284789643,84.97168284789643,1,0.5532994923857868,55.32994923857868,False,False,False,False,False,
B-/cluster_3_2161.BMP,B-,PASS,0.71167071197411,71.167071197411,1,0.6218274111675127,62.182741116751274,False,False,False,False,False,
B-/cluster_3_2163.BMP,B-,PASS,0.797532362459547,79.7532362459547,1,0.6878172588832487,68.78172588832487,False,False,False,False,False,
B-/cluster_3_2174.BMP,B-,FAIL,0.9413430420711975,94.13430420711974,1,0.7131979695431472,71.31979695431471,False,True,False,False,False,
B-/cluster_3_2182.BMP,B-,PASS,0.8515372168284789,85.15372168284789,1,0.6700507614213198,67.00507614213198,False,False,False,False,False,
B-/cluster_3_2186.BMP,B-,PASS,0.6864886731391586,68.64886731391586,1,0.6928934010152284,69.28934010152284,False,False,False,False,False,
B-/cluster_3_2187.BMP,B-,PASS,0.7928802588996764,79.28802588996764,1,0.6751269035532995,67.51269035532995,False,False,False,False,False,
B-/cluster_3_2209.BMP,B-,PASS,0.8668082524271845,86.68082524271846,1,0.7106598984771574,71.06598984771574,False,False,False,False,False,
B-/cluster_3_2225.BMP,B-,PASS,0.7325040453074434,73.25040453074433,1,0.6091370558375635,60.913705583756354,False,False,False,False,False,
B-/cluster_3_223.BMP,B-,PASS,0.7223907766990292,72.23907766990291,1,0.6370558375634517,63.70558375634518,False,False,False,False,False,
B-/cluster_3_2231.BMP,B-,PASS,0.7926779935275081,79.26779935275081,1,0.5532994923857868,55.32994923857868,False,False,False,False,False,
B-/cluster_3_2235.BMP,B-,PASS,0.5657362459546925,56.573624595469255,1,0.5989847715736041,59.89847715736041,False,False,False,False,False,
B-/cluster_3_2243.BMP,B-,PASS,0.7965210355987055,79.65210355987054,1,0.7157360406091371,71.57360406091371,False,False,False,False,False,
B-/cluster_3_2245.BMP,B-,PASS,0.8219053398058253,82.19053398058253,1,0.6802030456852792,68.02030456852792,False,False,False,False,False,
B-/cluster_3_2257.BMP,B-,PASS,0.7504045307443366,75.04045307443366,1,0.6928934010152284,69.28934010152284,False,False,False,False,False,
B-/cluster_3_2259.BMP,B-,PASS,0.891282362459547,89.1282362459547,1,0.6903553299492385,69.03553299492386,False,False,False,False,False,
B-/cluster_3_2274.BMP,B-,PASS,0.748584142394822,74.8584142394822,1,0.631979695431472,63.1979695431472,False,False,False,False,False,
B-/cluster_3_2276.BMP,B-,PASS,0.8640776699029126,86.40776699029125,1,0.6751269035532995,67.51269035532995,False,False,False,False,False,
B-/cluster_3_2297.BMP,B-,PASS,0.725121359223301,72.5121359223301,1,0.583756345177665,58.37563451776649,False,False,False,False,False,
B-/cluster_3_2301.BMP,B-,PASS,0.7703276699029126,77.03276699029125,1,0.5532994923857868,55.32994923857868,False,False,False,False,False,
B-/cluster_3_2304.BMP,B-,PASS,0.8114886731391586,81.14886731391586,1,0.6903553299492385,69.03553299492386,False,False,False,False,False,
B-/cluster_3_2312.BMP,B-,PASS,0.7063106796116505,70.63106796116504,1,0.6624365482233503,66.24365482233503,False,False,False,False,False,
B-/cluster_3_232.BMP,B-,PASS,0.7781148867313916,77.81148867313917,1,0.6725888324873096,67.25888324873097,False,False,False,False,False,
B-/cluster_3_2320.BMP,B-,PASS,0.8041059870550162,80.41059870550163,1,0.6928934010152284,69.28934010152284,False,False,False,False,False,
B-/cluster_3_2337.BMP,B-,PASS,0.7987459546925566,79.87459546925567,1,0.700507614213198,70.05076142131979,False,False,False,False,False,
B-/cluster_3_2355.BMP,B-,PASS,0.7643608414239482,76.43608414239482,1,0.6675126903553299,66.75126903553299,False,False,False,False,False,
B-/cluster_3_236.BMP,B-,PASS,0.7307847896440129,73.0784789644013,1,0.5989847715736041,59.89847715736041,False,False,False,False,False,
B-/cluster_3_2375.BMP,B-,PASS,0.7301779935275081,73.01779935275081,1,0.5532994923857868,55.32994923857868,False,False,False,False,False,
B-/cluster_3_2387.BMP,B-,PASS,0.8858211974110033,88.58211974110033,1,0.649746192893401,64.9746192893401,False,False,False,False,False,
B-/cluster_3_2388.BMP,B-,PASS,0.6671723300970874,66.71723300970875,1,0.565989847715736,56.598984771573605,False,False,False,False,False,
B-/cluster_3_2392.BMP,B-,PASS,0.8434466019417476,84.34466019417476,1,0.6928934010152284,69.28934010152284,False,False,False,False,False,
B-/cluster_3_2407.BMP,B-,PASS,0.8521440129449838,85.21440129449837,1,0.6700507614213198,67.00507614213198,False,False,False,False,False,
B-/cluster_3_241.BMP,B-,PASS,0.7723503236245954,77.23503236245955,1,0.6954314720812182,69.54314720812182,False,False,False,False,False,
B-/cluster_3_2413.BMP,B-,PASS,0.7974312297734628,79.74312297734627,1,0.6979695431472082,69.79695431472082,False,False,False,False,False,
B-/cluster_3_2415.BMP,B-,PASS,0.8860234627831716,88.60234627831716,1,0.7055837563451777,70.55837563451777,False,False,False,False,False,
B-/cluster_3_2420.BMP,B-,PASS,0.7250202265372169,72.50202265372168,1,0.5786802030456852,57.868020304568525,False,False,False,False,False,
B-/cluster_3_2426.BMP,B-,PASS,0.6839603559870551,68.39603559870551,1,0.5761421319796954,57.61421319796954,False,False,False,False,False,
B-/cluster_3_2437.BMP,B-,PASS,0.7984425566343042,79.84425566343042,1,0.7106598984771574,71.06598984771574,False,False,False,False,False,
B-/cluster_3_2438.BMP,B-,PASS,0.7278519417475728,72.78519417475728,1,0.6395939086294417,63.95939086294417,False,False,False,False,False,
B-/cluster_3_2440.BMP,B-,PASS,0.7973300970873787,79.73300970873787,1,0.6751269035532995,67.51269035532995,False,False,False,False,False,
B-/cluster_3_2448.BMP,B-,FAIL,0.9423543689320388,94.23543689320388,1,0.7690355329949239,76.90355329949239,False,True,False,False,False,
B-/cluster_3_2455.BMP,B-,PASS,0.8008697411003236,80.08697411003236,1,0.6700507614213198,67.00507614213198,False,False,False,False,False,
B-/cluster_3_2459.BMP,B-,PASS,0.8782362459546925,87.82362459546925,1,0.6370558375634517,63.70558375634518,False,False,False,False,False,
B-/cluster_3_2466.BMP,B-,PASS,0.897046925566343,89.7046925566343,1,0.7055837563451777,70.55837563451777,False,False,False,False,False,
B-/cluster_3_2472.BMP,B-,PASS,0.8967435275080906,89.67435275080906,1,0.6548223350253807,65.48223350253807,False,False,False,False,False,
B-/cluster_3_2475.BMP,B-,PASS,0.7531351132686084,75.31351132686083,1,0.6852791878172588,68.52791878172589,False,False,False,False,False,
B-/cluster_3_2484.BMP,B-,FAIL,0.9127224919093851,91.27224919093851,1,0.6522842639593909,65.22842639593908,False,True,False,False,False,
B-/cluster_3_2492.BMP,B-,FAIL,0.9208131067961165,92.08131067961165,1,0.7081218274111675,70.81218274111674,False,True,False,False,False,
B-/cluster_3_2525.BMP,B-,FAIL,0.9068567961165048,90.68567961165049,1,0.6954314720812182,69.54314720812182,False,True,False,False,False,
B-/cluster_3_2528.BMP,B-,PASS,0.8459749190938511,84.59749190938511,1,0.6928934010152284,69.28934010152284,False,False,False,False,False,
B-/cluster_3_2533.BMP,B-,FAIL,0.9326456310679612,93.26456310679612,1,0.7233502538071066,72.33502538071066,False,True,False,False,False,
B-/cluster_3_254.BMP,B-,PASS,0.8992718446601942,89.92718446601941,1,0.7208121827411168,72.08121827411168,False,False,False,False,False,
B-/cluster_3_2541.BMP,B-,PASS,0.8580097087378641,85.80097087378641,1,0.6878172588832487,68.78172588832487,False,False,False,False,False,
B-/cluster_3_2544.BMP,B-,PASS,0.8112864077669902,81.12864077669903,1,0.6573604060913706,65.73604060913706,False,False,False,False,False,
B-/cluster_3_255.BMP,B-,PASS,0.7440331715210357,74.40331715210357,1,0.6091370558375635,60.913705583756354,False,False,False,False,False,
B-/cluster_3_2559.BMP,B-,PASS,0.6794093851132686,67.94093851132686,1,0.5913705583756346,59.13705583756346,False,False,False,False,False,
B-/cluster_3_2568.BMP,B-,PASS,0.5519822006472492,55.19822006472492,1,0.6116751269035533,61.16751269035533,False,False,False,False,False,
B-/cluster_3_2570.BMP,B-,PASS,0.8985639158576052,89.85639158576052,1,0.7233502538071066,72.33502538071066,False,False,False,False,False,
B-/cluster_3_2580.BMP,B-,PASS,0.8720671521035599,87.206715210356,1,0.7284263959390863,72.84263959390863,False,False,False,False,False,
B-/cluster_3_2587.BMP,B-,PASS,0.8495145631067961,84.9514563106796,1,0.6065989847715736,60.659898477157356,False,False,False,False,False,
B-/cluster_3_259.BMP,B-,PASS,0.7970266990291263,79.70266990291263,1,0.6675126903553299,66.75126903553299,False,False,False,False,False,
B-/cluster_3_2606.BMP,B-,PASS,0.8531553398058253,85.31553398058253,1,0.6979695431472082,69.79695431472082,False,False,False,False,False,
B-/cluster_3_2616.BMP,B-,PASS,0.7960153721682848,79.60153721682848,1,0.6903553299492385,69.03553299492386,False,False,False,False,False,
B-/cluster_3_2620.BMP,B-,PASS,0.7356391585760518,73.56391585760518,1,0.5583756345177665,55.83756345177665,False,False,False,False,False,
B-/cluster_3_2622.BMP,B-,PASS,0.8788430420711975,87.88430420711974,1,0.6954314720812182,69.54314720812182,False,False,False,False,False,
B-/cluster_3_2624.BMP,B-,PASS,0.8880461165048543,88.80461165048543,1,0.7106598984771574,71.06598984771574,False,False,False,False,False,
B-/cluster_3_2628.BMP,B-,PASS,0.8116909385113269,81.16909385113269,1,0.6345177664974619,63.45177664974619,False,False,False,False,False,
B-/cluster_3_2633.BMP,B-,PASS,0.8645833333333334,86.45833333333334,1,0.649746192893401,64.9746192893401,False,False,False,False,False,
B-/cluster_3_2643.BMP,B-,PASS,0.8736852750809061,87.36852750809061,1,0.6446700507614214,64.46700507614213,False,False,False,False,False,
B-/cluster_3_2645.BMP,B-,PASS,0.8904733009708737,89.04733009708737,1,0.7360406091370558,73.60406091370558,False,False,False,False,False,
B-/cluster_3_2648.BMP,B-,PASS,0.8180622977346278,81.80622977346277,1,0.700507614213198,70.05076142131979,False,False,False,False,False,
B-/cluster_3_2656.BMP,B-,PASS,0.7800364077669902,78.00364077669903,1,0.6243654822335025,62.43654822335025,False,False,False,False,False,
B-/cluster_3_2657.BMP,B-,PASS,0.7387742718446602,73.87742718446601,1,0.7131979695431472,71.31979695431471,False,False,False,False,False,
B-/cluster_3_2659.BMP,B-,PASS,0.7063106796116505,70.63106796116504,1,0.5888324873096447,58.88324873096447,False,False,False,False,False,
B-/cluster_3_2662.BMP,B-,PASS,0.7995550161812298,79.95550161812298,1,0.6675126903553299,66.75126903553299,False,False,False,False,False,
B-/cluster_3_2671.BMP,B-,PASS,0.7222896440129449,72.22896440129449,1,0.6903553299492385,69.03553299492386,False,False,False,False,False,
B-/cluster_3_2676.BMP,B-,PASS,0.77417071197411,77.417071197411,1,0.6751269035532995,67.51269035532995,False,False,False,False,False,
B-/cluster_3_2685.BMP,B-,PASS,0.7119741100323624,71.19741100323624,1,0.6294416243654822,62.944162436548226,False,False,False,False,False,
B-/cluster_3_2698.BMP,B-,PASS,0.8667071197411004,86.67071197411003,1,0.7208121827411168,72.08121827411168,False,False,False,False,False,
B-/cluster_3_2703.BMP,B-,PASS,0.7002427184466019,70.02427184466019,1,0.7208121827411168,72.08121827411168,False,False,False,False,False,
B-/cluster_3_2704.BMP,B-,PASS,0.73290857605178,73.29085760517799,1,0.6979695431472082,69.79695431472082,False,False,False,False,False,
B-/cluster_3_2714.BMP,B-,PASS,0.2424150485436893,24.24150485436893,2,0.5532994923857868,55.32994923857868,False,False,False,False,False,
B-/cluster_3_2723.BMP,B-,PASS,0.825343851132686,82.5343851132686,1,0.7182741116751269,71.8274111675127,False,False,False,False,False,
B-/cluster_3_2725.BMP,B-,PASS,0.7252224919093851,72.52224919093851,1,0.6751269035532995,67.51269035532995,False,False,False,False,False,
B-/cluster_3_2730.BMP,B-,PASS,0.865796925566343,86.5796925566343,1,0.6903553299492385,69.03553299492386,False,False,False,False,False,
B-/cluster_3_2731.BMP,B-,PASS,0.7460558252427184,74.60558252427184,1,0.6142131979695431,61.42131979695431,False,False,False,False,False,
B-/cluster_3_2750.BMP,B-,PASS,0.852953074433657,85.2953074433657,1,0.6903553299492385,69.03553299492386,False,False,False,False,False,
B-/cluster_3_2756.BMP,B-,PASS,0.8549757281553398,85.49757281553399,1,0.682741116751269,68.2741116751269,False,False,False,False,False,
B-/cluster_3_2758.BMP,B-,PASS,0.8952265372168284,89.52265372168284,1,0.682741116751269,68.2741116751269,False,False,False,False,False,
B-/cluster_3_2759.BMP,B-,PASS,0.894923139158576,89.49231391585761,1,0.7258883248730964,72.58883248730965,False,False,False,False,False,
B-/cluster_3_2766.BMP,B-,PASS,0.7706310679611651,77.06310679611651,1,0.6243654822335025,62.43654822335025,False,False,False,False,False,
B-/cluster_3_2767.BMP,B-,FAIL,0.9085760517799353,90.85760517799353,1,0.7030456852791879,70.30456852791879,False,True,False,False,False,
B-/cluster_3_2773.BMP,B-,PASS,0.8502224919093851,85.02224919093851,1,0.5634517766497462,56.34517766497462,False,False,False,False,False,
B-/cluster_3_2775.BMP,B-,PASS,0.837378640776699,83.7378640776699,1,0.5532994923857868,55.32994923857868,False,False,False,False,False,
B-/cluster_3_2789.BMP,B-,PASS,0.7412014563106796,74.12014563106796,1,0.7131979695431472,71.31979695431471,False,False,False,False,False,
B-/cluster_3_2791.BMP,B-,PASS,0.7467637540453075,74.67637540453075,1,0.5583756345177665,55.83756345177665,False,False,False,False,False,
B-/cluster_3_2828.BMP,B-,PASS,0.7015574433656958,70.15574433656958,1,0.6395939086294417,63.95939086294417,False,False,False,False,False,
B-/cluster_3_2831.BMP,B-,PASS,0.8165453074433657,81.65453074433657,1,0.6802030456852792,68.02030456852792,False,False,False,False,False,
B-/cluster_3_2833.BMP,B-,FAIL,0.9199029126213593,91.99029126213593,1,0.7309644670050761,73.09644670050761,False,True,False,False,False,
B-/cluster_3_2842.BMP,B-,PASS,0.6358211974110033,63.58211974110033,2,0.6142131979695431,61.42131979695431,False,False,False,False,False,
B-/cluster_3_2846.BMP,B-,PASS,0.6953883495145631,69.53883495145631,1,0.6598984771573604,65.98984771573603,False,False,False,False,False,
B-/cluster_3_286.BMP,B-,PASS,0.8292880258899676,82.92880258899676,1,0.6624365482233503,66.24365482233503,False,False,False,False,False,
B-/cluster_3_2884.BMP,B-,PASS,0.7800364077669902,78.00364077669903,1,0.6954314720812182,69.54314720812182,False,False,False,False,False,
B-/cluster_3_2887.BMP,B-,PASS,0.7568770226537217,75.68770226537217,1,0.6573604060913706,65.73604060913706,False,False,False,False,False,
B-/cluster_3_2894.BMP,B-,PASS,0.7938915857605178,79.38915857605178,1,0.7208121827411168,72.08121827411168,False,False,False,False,False,
B-/cluster_3_290.BMP,B-,PASS,0.7431229773462783,74.31229773462783,1,0.6903553299492385,69.03553299492386,False,False,False,False,False,
B-/cluster_3_2904.BMP,B-,PASS,0.8114886731391586,81.14886731391586,1,0.6928934010152284,69.28934010152284,False,False,False,False,False,
B-/cluster_3_2910.BMP,B-,PASS,0.8616504854368932,86.16504854368931,1,0.733502538071066,73.3502538071066,False,False,False,False,False,
B-/cluster_3_2917.BMP,B-,PASS,0.6385517799352751,63.85517799352751,1,0.7030456852791879,70.30456852791879,False,False,False,False,False,
B-/cluster_3_2919.BMP,B-,PASS,0.8294902912621359,82.94902912621359,1,0.6243654822335025,62.43654822335025,False,False,False,False,False,
B-/cluster_3_292.BMP,B-,FAIL,0.9063511326860841,90.63511326860841,1,0.7055837563451777,70.55837563451777,False,True,False,False,False,
B-/cluster_3_2923.BMP,B-,PASS,0.7719457928802589,77.19457928802589,1,0.7081218274111675,70.81218274111674,False,False,False,False,False,
B-/cluster_3_2926.BMP,B-,PASS,0.7887338187702265,78.87338187702265,1,0.7081218274111675,70.81218274111674,False,False,False,False,False,
B-/cluster_3_2940.BMP,B-,PASS,0.8066343042071198,80.66343042071198,1,0.5964467005076142,59.64467005076142,False,False,False,False,False,
B-/cluster_3_2942.BMP,B-,PASS,0.7899474110032363,78.99474110032362,1,0.6522842639593909,65.22842639593908,False,False,False,False,False,
B-/cluster_3_2946.BMP,B-,PASS,0.8963389967637541,89.6338996763754,1,0.7258883248730964,72.58883248730965,False,False,False,False,False,
B-/cluster_3_2947.BMP,B-,PASS,0.7937904530744336,79.37904530744336,1,0.700507614213198,70.05076142131979,False,False,False,False,False,
B-/cluster_3_2952.BMP,B-,PASS,0.8219053398058253,82.19053398058253,1,0.6802030456852792,68.02030456852792,False,False,False,False,False,
B-/cluster_3_2953.BMP,B-,PASS,0.8135113268608414,81.35113268608414,1,0.5532994923857868,55.32994923857868,False,False,False,False,False,
B-/cluster_3_2967.BMP,B-,FAIL,0.9073624595469255,90.73624595469255,1,0.7385786802030457,73.85786802030458,False,True,False,False,False,
B-/cluster_3_2979.BMP,B-,PASS,0.8176577669902912,81.76577669902912,1,0.5532994923857868,55.32994923857868,False,False,False,False,False,
B-/cluster_3_298.BMP,B-,PASS,0.763450647249191,76.3450647249191,1,0.7081218274111675,70.81218274111674,False,False,False,False,False,
B-/cluster_3_2994.BMP,B-,PASS,0.8800566343042071,88.00566343042071,1,0.7055837563451777,70.55837563451777,False,False,False,False,False,
B-/cluster_3_2997.BMP,B-,PASS,0.75,75.0,1,0.6928934010152284,69.28934010152284,False,False,False,False,False,
B-/cluster_3_3004.BMP,B-,PASS,0.7644619741100324,76.44619741100324,1,0.5583756345177665,55.83756345177665,False,False,False,False,False,
B-/cluster_3_3012.BMP,B-,PASS,0.8987661812297735,89.87661812297735,1,0.6852791878172588,68.52791878172589,False,False,False,False,False,
B-/cluster_3_3017.BMP,B-,PASS,0.8560881877022654,85.60881877022653,1,0.7081218274111675,70.81218274111674,False,False,False,False,False,
B-/cluster_3_3020.BMP,B-,PASS,0.7693163430420712,76.93163430420712,1,0.6573604060913706,65.73604060913706,False,False,False,False,False,
B-/cluster_3_3023.BMP,B-,PASS,0.7541464401294499,75.41464401294499,1,0.6878172588832487,68.78172588832487,False,False,False,False,False,
B-/cluster_3_3025.BMP,B-,FAIL,0.9283980582524272,92.83980582524272,1,0.7233502538071066,72.33502538071066,False,True,False,False,False,
B-/cluster_3_3034.BMP,B-,PASS,0.8121966019417476,81.21966019417476,1,0.6954314720812182,69.54314720812182,False,False,False,False,False,
B-/cluster_3_3048.BMP,B-,PASS,0.7811488673139159,78.11488673139159,1,0.6446700507614214,64.46700507614213,False,False,False,False,False,
B-/cluster_3_3065.BMP,B-,PASS,0.8311084142394822,83.11084142394822,1,0.7157360406091371,71.57360406091371,False,False,False,False,False,
B-/cluster_3_3068.BMP,B-,PASS,0.7468648867313916,74.68648867313917,1,0.6421319796954315,64.21319796954315,False,False,False,False,False,
B-/cluster_3_3070.BMP,B-,PASS,0.8311084142394822,83.11084142394822,1,0.6878172588832487,68.78172588832487,False,False,False,False,False,
B-/cluster_3_3076.BMP,B-,PASS,0.8583131067961165,85.83131067961165,1,0.6116751269035533,61.16751269035533,False,False,False,False,False,
B-/cluster_3_3081.BMP,B-,PASS,0.5072815533980582,50.728155339805824,1,0.649746192893401,64.9746192893401,False,False,False,False,False,
B-/cluster_3_3086.BMP,B-,PASS,0.6730380258899676,67.30380258899676,1,0.6243654822335025,62.43654822335025,False,False,False,False,False,
B-/cluster_3_3099.BMP,B-,PASS,0.698826860841424,69.88268608414239,1,0.5634517766497462,56.34517766497462,False,False,False,False,False,
B-/cluster_3_3106.BMP,B-,PASS,0.8141181229773463,81.41181229773463,1,0.700507614213198,70.05076142131979,False,False,False,False,False,
B-/cluster_3_3108.BMP,B-,PASS,0.7900485436893204,79.00485436893204,1,0.6548223350253807,65.48223350253807,False,False,False,False,False,
B-/cluster_3_3113.BMP,B-,PASS,0.7672936893203883,76.72936893203884,1,0.6700507614213198,67.00507614213198,False,False,False,False,False,
B-/cluster_3_3118.BMP,B-,PASS,0.858717637540453,85.8717637540453,1,0.5532994923857868,55.32994923857868,False,False,False,False,False,
B-/cluster_3_3120.BMP,B-,PASS,0.8711569579288025,87.11569579288026,1,0.7131979695431472,71.31979695431471,False,False,False,False,False,
B-/cluster_3_3125.BMP,B-,PASS,0.8119943365695793,81.19943365695794,1,0.6269035532994924,62.69035532994924,False,False,False,False,False,
B-/cluster_3_3128.BMP,B-,PASS,0.6687904530744336,66.87904530744336,1,0.6751269035532995,67.51269035532995,False,False,False,False,False,
B-/cluster_3_3142.BMP,B-,PASS,0.8151294498381877,81.51294498381877,1,0.6979695431472082,69.79695431472082,False,False,False,False,False,
B-/cluster_3_3143.BMP,B-,PASS,0.8499190938511327,84.99190938511327,1,0.7081218274111675,70.81218274111674,False,False,False,False,False,
B-/cluster_3_3146.BMP,B-,FAIL,0.9378033980582524,93.78033980582524,1,0.733502538071066,73.3502538071066,False,True,False,False,False,
B-/cluster_3_3156.BMP,B-,PASS,0.7715412621359223,77.15412621359224,1,0.6294416243654822,62.944162436548226,False,False,False,False,False,
B-/cluster_3_3170.BMP,B-,PASS,0.7870145631067961,78.7014563106796,1,0.6903553299492385,69.03553299492386,False,False,False,False,False,
B-/cluster_3_3175.BMP,B-,PASS,0.7550566343042071,75.50566343042071,1,0.6370558375634517,63.70558375634518,False,False,False,False,False,
B-/cluster_3_3185.BMP,B-,PASS,0.6325849514563107,63.258495145631066,1,0.5583756345177665,55.83756345177665,False,False,False,False,False,
B-/cluster_3_3195.BMP,B-,PASS,0.8187702265372169,81.87702265372168,1,0.6421319796954315,64.21319796954315,False,False,False,False,False,
B-/cluster_3_3201.BMP,B-,PASS,0.7848907766990292,78.48907766990291,1,0.6446700507614214,64.46700507614213,False,False,False,False,False,
B-/cluster_3_3218.BMP,B-,PASS,0.8805622977346278,88.05622977346277,1,0.7106598984771574,71.06598984771574,False,False,False,False,False,
B-/cluster_3_3219.BMP,B-,PASS,0.8484021035598706,84.84021035598705,1,0.6573604060913706,65.73604060913706,False,False,False,False,False,
B-/cluster_3_3228.BMP,B-,PASS,0.6057847896440129,60.57847896440129,1,0.5710659898477157,57.10659898477157,False,False,False,False,False,
B-/cluster_3_3229.BMP,B-,PASS,0.8008697411003236,80.08697411003236,1,0.6522842639593909,65.22842639593908,False,False,False,False,False,
B-/cluster_3_323.BMP,B-,PASS,0.6130663430420712,61.30663430420712,1,0.6040609137055838,60.40609137055838,False,False,False,False,False,
B-/cluster_3_3233.BMP,B-,PASS,0.8034058314071681,80.34058314071682,6,0.6983240223463687,69.83240223463687,False,False,False,False,False,
B-/cluster_3_3235.BMP,B-,PASS,0.7622370550161812,76.22370550161813,1,0.7081218274111675,70.81218274111674,False,False,False,False,False,
B-/cluster_3_3239.BMP,B-,PASS,0.7687095469255664,76.87095469255664,1,0.6928934010152284,69.28934010152284,False,False,False,False,False,
B-/cluster_3_3241.BMP,B-,PASS,0.8694377022653722,86.94377022653723,1,0.6624365482233503,66.24365482233503,False,False,False,False,False,
B-/cluster_3_3255.BMP,B-,PASS,0.7707322006472492,77.07322006472492,1,0.6878172588832487,68.78172588832487,False,False,False,False,False,
B-/cluster_3_3259.BMP,B-,PASS,0.7001415857605178,70.01415857605178,1,0.5685279187817259,56.852791878172596,False,False,False,False,False,
B-/cluster_3_3267.BMP,B-,PASS,0.7564724919093851,75.64724919093851,1,0.6675126903553299,66.75126903553299,False,False,False,False,False,
B-/cluster_3_3269.BMP,B-,PASS,0.7535396440129449,75.35396440129449,1,0.6802030456852792,68.02030456852792,False,False,False,False,False,
B-/cluster_3_3271.BMP,B-,PASS,0.7686084142394822,76.86084142394822,1,0.6649746192893401,66.49746192893402,False,False,False,False,False,
B-/cluster_3_3288.BMP,B-,PASS,0.7768001618122977,77.68001618122977,1,0.7055837563451777,70.55837563451777,False,False,False,False,False,
B-/cluster_3_3292.BMP,B-,PASS,0.7581917475728155,75.81917475728154,1,0.6700507614213198,67.00507614213198,False,False,False,False,False,
B-/cluster_3_3309.BMP,B-,PASS,0.889967637540453,88.9967637540453,1,0.6472081218274112,64.72081218274111,False,False,False,False,False,
B-/cluster_3_3315.BMP,B-,PASS,0.6068972491909385,60.68972491909385,2,0.6243654822335025,62.43654822335025,False,False,False,False,False,
B-/cluster_3_3342.BMP,B-,FAIL,0.9648058252427184,96.48058252427184,1,0.8197969543147208,81.97969543147208,False,True,False,True,False,
B-/cluster_3_3344.BMP,B-,PASS,0.8176577669902912,81.76577669902912,1,0.7106598984771574,71.06598984771574,False,False,False,False,False,
B-/cluster_3_3347.BMP,B-,FAIL,0.9300161812297735,93.00161812297735,1,0.7055837563451777,70.55837563451777,False,True,False,False,False,
B-/cluster_3_335.BMP,B-,FAIL,0.9191949838187702,91.91949838187702,1,0.7131979695431472,71.31979695431471,False,True,False,False,False,
B-/cluster_3_3354.BMP,B-,PASS,0.8685275080906149,86.85275080906149,1,0.583756345177665,58.37563451776649,False,False,False,False,False,
B-/cluster_3_3357.BMP,B-,PASS,0.7776092233009708,77.76092233009709,1,0.6700507614213198,67.00507614213198,False,False,False,False,False,
B-/cluster_3_3358.BMP,B-,PASS,0.7295711974110033,72.95711974110033,1,0.6725888324873096,67.25888324873097,False,False,False,False,False,
B-/cluster_3_3367.BMP,B-,PASS,0.7723503236245954,77.23503236245955,1,0.700507614213198,70.05076142131979,False,False,False,False,False,
B-/cluster_3_3385.BMP,B-,PASS,0.7978357605177994,79.78357605177993,1,0.6294416243654822,62.944162436548226,False,False,False,False,False,
B-/cluster_3_3386.BMP,B-,PASS,0.8740898058252428,87.40898058252428,1,0.733502538071066,73.3502538071066,False,False,False,False,False,
B-/cluster_3_3390.BMP,B-,PASS,0.7590008090614887,75.90008090614887,1,0.6243654822335025,62.43654822335025,False,False,False,False,False,
B-/cluster_3_3396.BMP,B-,PASS,0.8374797734627831,83.74797734627832,1,0.682741116751269,68.2741116751269,False,False,False,False,False,
B-/cluster_3_3399.BMP,B-,PASS,0.8377831715210357,83.77831715210357,1,0.616751269035533,61.6751269035533,False,False,False,False,False,
B-/cluster_3_34.BMP,B-,PASS,0.7019619741100324,70.19619741100324,1,0.6472081218274112,64.72081218274111,False,False,False,False,False,
B-/cluster_3_3408.BMP,B-,PASS,0.6953883495145631,69.53883495145631,1,0.5888324873096447,58.88324873096447,False,False,False,False,False,
B-/cluster_3_3436.BMP,B-,PASS,0.847997572815534,84.7997572815534,1,0.6928934010152284,69.28934010152284,False,False,False,False,False,
B-/cluster_3_3464.BMP,B-,PASS,0.7716423948220065,77.16423948220064,1,0.6040609137055838,60.40609137055838,False,False,False,False,False,
B-/cluster_3_3470.BMP,B-,PASS,0.8194781553398058,81.94781553398059,1,0.6421319796954315,64.21319796954315,False,False,False,False,False,
B-/cluster_3_3481.BMP,B-,PASS,0.6835558252427184,68.35558252427184,1,0.6294416243654822,62.944162436548226,False,False,False,False,False,
B-/cluster_3_3482.BMP,B-,PASS,0.7124797734627831,71.24797734627832,1,0.5532994923857868,55.32994923857868,False,False,False,False,False,
B-/cluster_3_3498.BMP,B-,PASS,0.8399069579288025,83.99069579288026,1,0.7081218274111675,70.81218274111674,False,False,False,False,False,
B-/cluster_3_351.BMP,B-,PASS,0.7443365695792881,74.4336569579288,1,0.6802030456852792,68.02030456852792,False,False,False,False,False,
B-/cluster_3_3513.BMP,B-,PASS,0.7655744336569579,76.55744336569579,1,0.7157360406091371,71.57360406091371,False,False,False,False,False,
B-/cluster_3_3515.BMP,B-,PASS,0.8966423948220065,89.66423948220064,1,0.7157360406091371,71.57360406091371,False,False,False,False,False,
B-/cluster_3_3533.BMP,B-,PASS,0.7361448220064725,73.61448220064725,1,0.733502538071066,73.3502538071066,False,False,False,False,False,
B-/cluster_3_3562.BMP,B-,PASS,0.8419296116504854,84.19296116504854,1,0.6878172588832487,68.78172588832487,False,False,False,False,False,
B-/cluster_3_3569.BMP,B-,PASS,0.7580906148867314,75.80906148867314,1,0.682741116751269,68.2741116751269,False,False,False,False,False,
B-/cluster_3_3576.BMP,B-,PASS,0.8806634304207119,88.0663430420712,1,0.7055837563451777,70.55837563451777,False,False,False,False,False,
B-/cluster_3_3583.BMP,B-,PASS,0.7818567961165048,78.18567961165049,1,0.5736040609137056,57.360406091370564,False,False,False,False,False,
B-/cluster_3_3589.BMP,B-,PASS,0.7701254045307443,77.01254045307444,1,0.6751269035532995,67.51269035532995,False,False,False,False,False,
B-/cluster_3_3591.BMP,B-,PASS,0.7841828478964401,78.418284789644,1,0.5532994923857868,55.32994923857868,False,False,False,False,False,
B-/cluster_3_3595.BMP,B-,PASS,0.7901496763754046,79.01496763754045,1,0.5736040609137056,57.360406091370564,False,False,False,False,False,
B-/cluster_3_3600.BMP,B-,PASS,0.7284587378640777,72.84587378640776,1,0.6243654822335025,62.43654822335025,False,False,False,False,False,
B-/cluster_3_3613.BMP,B-,PASS,0.6217637540453075,62.176375404530745,2,0.5888324873096447,58.88324873096447,False,False,False,False,False,
B-/cluster_3_3614.BMP,B-,PASS,0.850121359223301,85.0121359223301,1,0.700507614213198,70.05076142131979,False,False,False,False,False,
B-/cluster_3_362.BMP,B-,PASS,0.8667071197411004,86.67071197411003,1,0.6903553299492385,69.03553299492386,False,False,False,False,False,
B-/cluster_3_3620.BMP,B-,FAIL,0.9272855987055016,92.72855987055017,1,0.7563451776649747,75.63451776649747,False,True,False,False,False,
B-/cluster_3_3632.BMP,B-,PASS,0.7477750809061489,74.77750809061489,1,0.6878172588832487,68.78172588832487,False,False,False,False,False,
B-/cluster_3_3650.BMP,B-,PASS,0.8396035598705501,83.96035598705501,1,0.7106598984771574,71.06598984771574,False,False,False,False,False,
B-/cluster_3_3653.BMP,B-,PASS,0.8047127831715211,80.47127831715211,1,0.6954314720812182,69.54314720812182,False,False,False,False,False,
B-/cluster_3_3655.BMP,B-,PASS,0.8048139158576052,80.48139158576052,1,0.6091370558375635,60.913705583756354,False,False,False,False,False,
B-/cluster_3_3664.BMP,B-,PASS,0.8161407766990292,81.61407766990291,1,0.649746192893401,64.9746192893401,False,False,False,False,False,
B-/cluster_3_367.BMP,B-,PASS,0.7387742718446602,73.87742718446601,1,0.6878172588832487,68.78172588832487,False,False,False,False,False,
B-/cluster_3_3676.BMP,B-,PASS,0.7103559870550162,71.03559870550163,1,0.5583756345177665,55.83756345177665,False,False,False,False,False,
B-/cluster_3_3680.BMP,B-,PASS,0.7991504854368932,79.91504854368931,1,0.7030456852791879,70.30456852791879,False,False,False,False,False,
B-/cluster_3_370.BMP,B-,FAIL,0.9608616504854369,96.08616504854369,1,0.7893401015228426,78.93401015228426,False,True,False,False,False,
B-/cluster_3_3701.BMP,B-,PASS,0.7889360841423948,78.89360841423948,1,0.5583756345177665,55.83756345177665,False,False,False,False,False,
B-/cluster_3_3706.BMP,B-,PASS,0.8536610032362459,85.3661003236246,1,0.7106598984771574,71.06598984771574,False,False,False,False,False,
B-/cluster_3_3710.BMP,B-,PASS,0.8020833333333334,80.20833333333334,1,0.682741116751269,68.2741116751269,False,False,False,False,False,
B-/cluster_3_3711.BMP,B-,PASS,0.8148260517799353,81.48260517799353,1,0.6878172588832487,68.78172588832487,False,False,False,False,False,
B-/cluster_3_3732.BMP,B-,PASS,0.8240291262135923,82.40291262135922,1,0.7081218274111675,70.81218274111674,False,False,False,False,False,
B-/cluster_3_3734.BMP,B-,PASS,0.5332726537216829,53.327265372168284,1,0.6142131979695431,61.42131979695431,False,False,False,False,False,
B-/cluster_3_3736.BMP,B-,PASS,0.8297936893203883,82.97936893203884,1,0.6878172588832487,68.78172588832487,False,False,False,False,False,
B-/cluster_3_375.BMP,B-,PASS,0.7666868932038835,76.66868932038835,1,0.7030456852791879,70.30456852791879,False,False,False,False,False,
B-/cluster_3_376.BMP,B-,PASS,0.8516383495145631,85.16383495145631,1,0.7106598984771574,71.06598984771574,False,False,False,False,False,
B-/cluster_3_3763.BMP,B-,PASS,0.8179611650485437,81.79611650485437,1,0.7106598984771574,71.06598984771574,False,False,False,False,False,
B-/cluster_3_3770.BMP,B-,PASS,0.7517192556634305,75.17192556634305,1,0.6269035532994924,62.69035532994924,False,False,False,False,False,
B-/cluster_3_3771.BMP,B-,PASS,0.8250404530744336,82.50404530744336,1,0.7157360406091371,71.57360406091371,False,False,False,False,False,
B-/cluster_3_3777.BMP,B-,FAIL,0.9227346278317152,92.27346278317152,1,0.6725888324873096,67.25888324873097,False,True,False,False,False,
B-/cluster_3_379.BMP,B-,PASS,0.6623179611650486,66.23179611650485,1,0.7030456852791879,70.30456852791879,False,False,False,False,False,
B-/cluster_3_3790.BMP,B-,PASS,0.8237257281553398,82.37257281553399,1,0.6954314720812182,69.54314720812182,False,False,False,False,False,
B-/cluster_3_3791.BMP,B-,PASS,0.8429409385113269,84.29409385113269,1,0.682741116751269,68.2741116751269,False,False,False,False,False,
B-/cluster_3_3795.BMP,B-,FAIL,0.9033171521035599,90.331715210356,1,0.6116751269035533,61.16751269035533,False,True,False,False,False,
B-/cluster_3_3797.BMP,B-,PASS,0.8443567961165048,84.43567961165049,1,0.7106598984771574,71.06598984771574,False,False,False,False,False,
B-/cluster_3_380.BMP,B-,PASS,0.754955501618123,75.4955501618123,1,0.6370558375634517,63.70558375634518,False,False,False,False,False,
B-/cluster_3_3801.BMP,B-,PASS,0.7773058252427184,77.73058252427184,1,0.6675126903553299,66.75126903553299,False,False,False,False,False,
B-/cluster_3_3809.BMP,B-,PASS,0.7792273462783171,77.92273462783172,1,0.6979695431472082,69.79695431472082,False,False,False,False,False,
B-/cluster_3_3810.BMP,B-,PASS,0.754955501618123,75.4955501618123,1,0.7081218274111675,70.81218274111674,False,False,False,False,False,
B-/cluster_3_3813.BMP,B-,PASS,0.7688106796116505,76.88106796116504,1,0.6675126903553299,66.75126903553299,False,False,False,False,False,
B-/cluster_3_3847.BMP,B-,PASS,0.8961367313915858,89.61367313915858,1,0.6573604060913706,65.73604060913706,False,False,False,False,False,
B-/cluster_3_3855.BMP,B-,PASS,0.776294498381877,77.6294498381877,1,0.6015228426395939,60.15228426395939,False,False,False,False,False,
B-/cluster_3_3865.BMP,B-,PASS,0.8828883495145631,88.28883495145631,1,0.5736040609137056,57.360406091370564,False,False,False,False,False,
B-/cluster_3_3866.BMP,B-,PASS,0.8065331715210357,80.65331715210357,1,0.6472081218274112,64.72081218274111,False,False,False,False,False,
B-/cluster_3_387.BMP,B-,PASS,0.8848098705501618,88.48098705501619,1,0.6598984771573604,65.98984771573603,False,False,False,False,False,
B-/cluster_3_3883.BMP,B-,PASS,0.6683859223300971,66.8385922330097,1,0.5761421319796954,57.61421319796954,False,False,False,False,False,
B-/cluster_3_3885.BMP,B-,PASS,0.7960153721682848,79.60153721682848,1,0.700507614213198,70.05076142131979,False,False,False,False,False,
B-/cluster_3_3900.BMP,B-,PASS,0.7511124595469255,75.11124595469255,1,0.6598984771573604,65.98984771573603,False,False,False,False,False,
B-/cluster_3_3904.BMP,B-,PASS,0.8356593851132686,83.56593851132686,1,0.6928934010152284,69.28934010152284,False,False,False,False,False,
B-/cluster_3_3914.BMP,B-,PASS,0.7747775080906149,77.47775080906149,1,0.5583756345177665,55.83756345177665,False,False,False,False,False,
B-/cluster_3_3917.BMP,B-,PASS,0.8347491909385113,83.47491909385113,1,0.6979695431472082,69.79695431472082,False,False,False,False,False,
B-/cluster_3_3925.BMP,B-,PASS,0.8941140776699029,89.4114077669903,1,0.7309644670050761,73.09644670050761,False,False,False,False,False,
B-/cluster_3_3926.BMP,B-,PASS,0.8108818770226537,81.08818770226537,1,0.5583756345177665,55.83756345177665,False,False,False,False,False,
B-/cluster_3_3933.BMP,B-,PASS,0.7498988673139159,74.98988673139159,1,0.5583756345177665,55.83756345177665,False,False,False,False,False,
B-/cluster_3_3937.BMP,B-,FAIL,0.9024069579288025,90.24069579288026,1,0.6928934010152284,69.28934010152284,False,True,False,False,False,
B-/cluster_3_3938.BMP,B-,PASS,0.779834142394822,77.9834142394822,1,0.6649746192893401,66.49746192893402,False,False,False,False,False,
B-/cluster_3_3940.BMP,B-,PASS,0.7941949838187702,79.41949838187702,1,0.6472081218274112,64.72081218274111,False,False,False,False,False,
B-/cluster_3_3947.BMP,B-,PASS,0.7912621359223301,79.12621359223301,1,0.565989847715736,56.598984771573605,False,False,False,False,False,
B-/cluster_3_395.BMP,B-,PASS,0.8362661812297735,83.62661812297735,1,0.6548223350253807,65.48223350253807,False,False,False,False,False,
B-/cluster_3_3968.BMP,B-,PASS,0.8006674757281553,80.06674757281553,1,0.7081218274111675,70.81218274111674,False,False,False,False,False,
B-/cluster_3_3972.BMP,B-,PASS,0.8013754045307443,80.13754045307444,1,0.6954314720812182,69.54314720812182,False,False,False,False,False,
B-/cluster_3_3979.BMP,B-,PASS,0.8062297734627831,80.62297734627832,1,0.682741116751269,68.2741116751269,False,False,False,False,False,
B-/cluster_3_3993.BMP,B-,PASS,0.816747572815534,81.6747572815534,1,0.5532994923857868,55.32994923857868,False,False,False,False,False,
B-/cluster_3_3994.BMP,B-,PASS,0.7408980582524272,74.08980582524272,1,0.682741116751269,68.2741116751269,False,False,False,False,False,
B-/cluster_3_4011.BMP,B-,PASS,0.6485639158576052,64.85639158576052,1,0.6192893401015228,61.92893401015228,False,False,False,False,False,
B-/cluster_3_4012.BMP,B-,PASS,0.7837783171521036,78.37783171521036,1,0.6598984771573604,65.98984771573603,False,False,False,False,False,
B-/cluster_3_4013.BMP,B-,PASS,0.8965412621359223,89.65412621359224,1,0.7208121827411168,72.08121827411168,False,False,False,False,False,
B-/cluster_3_4014.BMP,B-,PASS,0.8293891585760518,82.93891585760518,1,0.7106598984771574,71.06598984771574,False,False,False,False,False,
B-/cluster_3_4019.BMP,B-,FAIL,0.9272855987055016,92.72855987055017,1,0.7055837563451777,70.55837563451777,False,True,False,False,False,
B-/cluster_3_4020.BMP,B-,PASS,0.77417071197411,77.417071197411,1,0.6649746192893401,66.49746192893402,False,False,False,False,False,
B-/cluster_3_4030.BMP,B-,PASS,0.8766181229773463,87.66181229773463,1,0.700507614213198,70.05076142131979,False,False,False,False,False,
B-/cluster_3_4044.BMP,B-,PASS,0.8198826860841424,81.98826860841424,1,0.5558375634517766,55.58375634517766,False,False,False,False,False,
B-/cluster_3_4045.BMP,B-,PASS,0.8890574433656958,88.90574433656958,1,0.6878172588832487,68.78172588832487,False,False,False,False,False,
B-/cluster_3_406.BMP,B-,PASS,0.7477750809061489,74.77750809061489,1,0.6802030456852792,68.02030456852792,False,False,False,False,False,
B-/cluster_3_4062.BMP,B-,PASS,0.8869336569579288,88.69336569579288,1,0.6624365482233503,66.24365482233503,False,False,False,False,False,
B-/cluster_3_4076.BMP,B-,PASS,0.7761933656957929,77.61933656957929,1,0.682741116751269,68.2741116751269,False,False,False,False,False,
B-/cluster_3_4086.BMP,B-,PASS,0.7418082524271845,74.18082524271846,1,0.6725888324873096,67.25888324873097,False,False,False,False,False,
B-/cluster_3_4088.BMP,B-,PASS,0.7920711974110033,79.20711974110033,1,0.7131979695431472,71.31979695431471,False,False,False,False,False,
B-/cluster_3_41.BMP,B-,PASS,0.7853964401294499,78.53964401294499,1,0.6421319796954315,64.21319796954315,False,False,False,False,False,
B-/cluster_3_4101.BMP,B-,PASS,0.7433252427184466,74.33252427184466,1,0.6395939086294417,63.95939086294417,False,False,False,False,False,
B-/cluster_3_4103.BMP,B-,PASS,0.7462580906148867,74.62580906148867,1,0.7081218274111675,70.81218274111674,False,False,False,False,False,
B-/cluster_3_4117.BMP,B-,PASS,0.7466626213592233,74.66626213592234,1,0.6852791878172588,68.52791878172589,False,False,False,False,False,
B-/cluster_3_412.BMP,B-,PASS,0.7567758899676376,75.67758899676376,1,0.6700507614213198,67.00507614213198,False,False,False,False,False,
B-/cluster_3_4121.BMP,B-,PASS,0.7915655339805825,79.15655339805825,1,0.6446700507614214,64.46700507614213,False,False,False,False,False,
B-/cluster_3_4128.BMP,B-,PASS,0.8279733009708737,82.79733009708737,1,0.7131979695431472,71.31979695431471,False,False,False,False,False,
B-/cluster_3_4141.BMP,B-,PASS,0.8269619741100324,82.69619741100324,1,0.6446700507614214,64.46700507614213,False,False,False,False,False,
B-/cluster_3_4168.BMP,B-,PASS,0.7655744336569579,76.55744336569579,1,0.6852791878172588,68.52791878172589,False,False,False,False,False,
B-/cluster_3_4173.BMP,B-,PASS,0.6780946601941747,67.80946601941747,1,0.5685279187817259,56.852791878172596,False,False,False,False,False,
B-/cluster_3_4181.BMP,B-,PASS,0.8396035598705501,83.96035598705501,1,0.6472081218274112,64.72081218274111,False,False,False,False,False,
B-/cluster_3_4185.BMP,B-,PASS,0.8052184466019418,80.52184466019418,1,0.6954314720812182,69.54314720812182,False,False,False,False,False,
B-/cluster_3_4188.BMP,B-,PASS,0.7992516181229773,79.92516181229773,2,0.6675126903553299,66.75126903553299,False,False,False,False,False,
B-/cluster_3_4195.BMP,B-,PASS,0.8938106796116505,89.38106796116504,1,0.6802030456852792,68.02030456852792,False,False,False,False,False,
B-/cluster_3_4197.BMP,B-,PASS,0.7390776699029126,73.90776699029125,1,0.6802030456852792,68.02030456852792,False,False,False,False,False,
B-/cluster_3_4205.BMP,B-,FAIL,0.9015978964401294,90.15978964401295,1,0.6421319796954315,64.21319796954315,False,True,False,False,False,
B-/cluster_3_4206.BMP,B-,FAIL,0.9634911003236246,96.34911003236246,1,0.766497461928934,76.6497461928934,False,True,False,False,False,
B-/cluster_3_4208.BMP,B-,PASS,0.7732605177993528,77.32605177993528,1,0.7030456852791879,70.30456852791879,False,False,False,False,False,
B-/cluster_3_4211.BMP,B-,FAIL,0.9191949838187702,91.91949838187702,1,0.6903553299492385,69.03553299492386,False,True,False,False,False,
B-/cluster_3_4214.BMP,B-,PASS,0.7835760517799353,78.35760517799353,1,0.6802030456852792,68.02030456852792,False,False,False,False,False,
B-/cluster_3_4216.BMP,B-,PASS,0.8168487055016181,81.68487055016182,1,0.6751269035532995,67.51269035532995,False,False,False,False,False,
B-/cluster_3_422.BMP,B-,PASS,0.8380865695792881,83.8086569579288,1,0.6928934010152284,69.28934010152284,False,False,False,False,False,
B-/cluster_3_4222.BMP,B-,PASS,0.8063309061488673,80.63309061488673,1,0.700507614213198,70.05076142131979,False,False,False,False,False,
B-/cluster_3_4224.BMP,B-,PASS,0.7537419093851133,75.37419093851133,1,0.6802030456852792,68.02030456852792,False,False,False,False,False,
B-/cluster_3_4228.BMP,B-,PASS,0.7263349514563107,72.63349514563106,1,0.6979695431472082,69.79695431472082,False,False,False,False,False,
B-/cluster_3_424.BMP,B-,PASS,0.8018810679611651,80.18810679611651,1,0.6802030456852792,68.02030456852792,False,False,False,False,False,
B-/cluster_3_4241.BMP,B-,PASS,0.7675970873786407,76.75970873786407,1,0.6725888324873096,67.25888324873097,False,False,False,False,False,
B-/cluster_3_4247.BMP,B-,PASS,0.7681027508090615,76.81027508090615,1,0.7055837563451777,70.55837563451777,False,False,False,False,False,
B-/cluster_3_4252.BMP,B-,PASS,0.7650687702265372,76.50687702265373,1,0.6725888324873096,67.25888324873097,False,False,False,False,False,
B-/cluster_3_426.BMP,B-,PASS,0.7698220064724919,76.98220064724919,1,0.6243654822335025,62.43654822335025,False,False,False,False,False,
B-/cluster_3_4271.BMP,B-,PASS,0.8036003236245954,80.36003236245955,1,0.6802030456852792,68.02030456852792,False,False,False,False,False,
B-/cluster_3_4279.BMP,B-,PASS,0.821703074433657,82.1703074433657,1,0.7131979695431472,71.31979695431471,False,False,False,False,False,
B-/cluster_3_4281.BMP,B-,PASS,0.7630461165048543,76.30461165048543,1,0.6624365482233503,66.24365482233503,False,False,False,False,False,
B-/cluster_3_4286.BMP,B-,PASS,0.8956310679611651,89.56310679611651,1,0.7081218274111675,70.81218274111674,False,False,False,False,False,
B-/cluster_3_4290.BMP,B-,PASS,0.7343244336569579,73.43244336569579,1,0.5812182741116751,58.121827411167516,False,False,False,False,False,
B-/cluster_3_43.BMP,B-,PASS,0.8558859223300971,85.5885922330097,1,0.7081218274111675,70.81218274111674,False,False,False,False,False,
B-/cluster_3_4300.BMP,B-,PASS,0.7441343042071198,74.41343042071198,1,0.6852791878172588,68.52791878172589,False,False,False,False,False,
B-/cluster_3_4302.BMP,B-,PASS,0.8071399676375405,80.71399676375405,1,0.700507614213198,70.05076142131979,False,False,False,False,False,
B-/cluster_3_4303.BMP,B-,PASS,0.7789239482200647,77.89239482200647,1,0.6700507614213198,67.00507614213198,False,False,False,False,False,
B-/cluster_3_4314.BMP,B-,PASS,0.67040857605178,67.04085760517799,1,0.5888324873096447,58.88324873096447,False,False,False,False,False,
B-/cluster_3_4315.BMP,B-,PASS,0.7361448220064725,73.61448220064725,1,0.6573604060913706,65.73604060913706,False,False,False,False,False,
B-/cluster_3_4323.BMP,B-,PASS,0.8271642394822006,82.71642394822007,1,0.6954314720812182,69.54314720812182,False,False,False,False,False,
B-/cluster_3_4327.BMP,B-,PASS,0.8213996763754046,82.13996763754045,1,0.6954314720812182,69.54314720812182,False,False,False,False,False,
B-/cluster_3_4343.BMP,B-,PASS,0.8130056634304207,81.30056634304206,1,0.682741116751269,68.2741116751269,False,False,False,False,False,
B-/cluster_3_4354.BMP,B-,PASS,0.7617313915857605,76.17313915857605,1,0.6700507614213198,67.00507614213198,False,False,False,False,False,
B-/cluster_3_4356.BMP,B-,PASS,0.8649878640776699,86.49878640776699,1,0.6802030456852792,68.02030456852792,False,False,False,False,False,
B-/cluster_3_4357.BMP,B-,PASS,0.735032362459547,73.5032362459547,1,0.6751269035532995,67.51269035532995,False,False,False,False,False,
B-/cluster_3_4359.BMP,B-,PASS,0.7395833333333334,73.95833333333334,1,0.6472081218274112,64.72081218274111,False,False,False,False,False,
B-/cluster_3_4363.BMP,B-,PASS,0.7664846278317152,76.64846278317152,1,0.5634517766497462,56.34517766497462,False,False,False,False,False,
B-/cluster_3_4387.BMP,B-,PASS,0.4741100323624595,47.41100323624595,1,0.5634517766497462,56.34517766497462,False,False,False,False,False,
B-/cluster_3_439.BMP,B-,PASS,0.8213996763754046,82.13996763754045,1,0.6573604060913706,65.73604060913706,False,False,False,False,False,
B-/cluster_3_4418.BMP,B-,FAIL,0.9307241100323624,93.07241100323624,1,0.6852791878172588,68.52791878172589,False,True,False,False,False,
B-/cluster_3_4430.BMP,B-,PASS,0.8478964401294499,84.78964401294499,1,0.6700507614213198,67.00507614213198,False,False,False,False,False,
B-/cluster_3_4433.BMP,B-,PASS,0.8215008090614887,82.15008090614887,1,0.5583756345177665,55.83756345177665,False,False,False,False,False,
B-/cluster_3_4443.BMP,B-,PASS,0.7822613268608414,78.22613268608414,1,0.7081218274111675,70.81218274111674,False,False,False,False,False,
B-/cluster_3_4449.BMP,B-,PASS,0.8097694174757282,80.97694174757282,1,0.5609137055837563,56.09137055837563,False,False,False,False,False,
B-/cluster_3_445.BMP,B-,PASS,0.8230177993527508,82.30177993527508,1,0.6979695431472082,69.79695431472082,False,False,False,False,False,
B-/cluster_3_4450.BMP,B-,PASS,0.727953074433657,72.7953074433657,1,0.5558375634517766,55.58375634517766,False,False,False,False,False,
B-/cluster_3_4456.BMP,B-,PASS,0.7598098705501618,75.98098705501619,1,0.6852791878172588,68.52791878172589,False,False,False,False,False,
B-/cluster_3_4466.BMP,B-,PASS,0.8532564724919094,85.32564724919094,1,0.6954314720812182,69.54314720812182,False,False,False,False,False,
B-/cluster_3_4472.BMP,B-,PASS,0.8475930420711975,84.75930420711974,1,0.6472081218274112,64.72081218274111,False,False,False,False,False,
B-/cluster_3_4479.BMP,B-,PASS,0.8353559870550162,83.53559870550163,1,0.700507614213198,70.05076142131979,False,False,False,False,False,
B-/cluster_3_4483.BMP,B-,PASS,0.8362661812297735,83.62661812297735,1,0.6675126903553299,66.75126903553299,False,False,False,False,False,
B-/cluster_3_4487.BMP,B-,PASS,0.8677184466019418,86.77184466019418,1,0.6446700507614214,64.46700507614213,False,False,False,False,False,
B-/cluster_3_4489.BMP,B-,PASS,0.7474716828478964,74.74716828478964,1,0.5532994923857868,55.32994923857868,False,False,False,False,False,
B-/cluster_3_4492.BMP,B-,PASS,0.8502224919093851,85.02224919093851,1,0.7030456852791879,70.30456852791879,False,False,False,False,False,
B-/cluster_3_451.BMP,B-,PASS,0.7907564724919094,79.07564724919094,1,0.5812182741116751,58.121827411167516,False,False,False,False,False,
B-/cluster_3_4518.BMP,B-,PASS,0.8461771844660194,84.61771844660194,1,0.6878172588832487,68.78172588832487,False,False,False,False,False,
B-/cluster_3_4541.BMP,B-,PASS,0.8056229773462783,80.56229773462783,1,0.583756345177665,58.37563451776649,False,False,False,False,False,
B-/cluster_3_4549.BMP,B-,PASS,0.6637338187702265,66.37338187702265,2,0.5812182741116751,58.121827411167516,False,False,False,False,False,
B-/cluster_3_4568.BMP,B-,PASS,0.8041059870550162,80.41059870550163,1,0.6598984771573604,65.98984771573603,False,False,False,False,False,
B-/cluster_3_457.BMP,B-,FAIL,0.9044296116504854,90.44296116504854,1,0.7461928934010152,74.61928934010153,False,True,False,False,False,
B-/cluster_3_4584.BMP,B-,PASS,0.850121359223301,85.0121359223301,1,0.7208121827411168,72.08121827411168,False,False,False,False,False,
B-/cluster_3_4592.BMP,B-,PASS,0.7771035598705501,77.71035598705501,1,0.6598984771573604,65.98984771573603,False,False,False,False,False,
B-/cluster_3_4596.BMP,B-,PASS,0.7638551779935275,76.38551779935275,1,0.700507614213198,70.05076142131979,False,False,False,False,False,
B-/cluster_3_46.BMP,B-,PASS,0.8620550161812298,86.20550161812298,1,0.583756345177665,58.37563451776649,False,False,False,False,False,
B-/cluster_3_4604.BMP,B-,PASS,0.7285598705501618,72.85598705501619,1,0.6446700507614214,64.46700507614213,False,False,False,False,False,
B-/cluster_3_4607.BMP,B-,PASS,0.7901496763754046,79.01496763754045,1,0.7157360406091371,71.57360406091371,False,False,False,False,False,
B-/cluster_3_4613.BMP,B-,PASS,0.838794498381877,83.8794498381877,1,0.6928934010152284,69.28934010152284,False,False,False,False,False,
B-/cluster_3_4616.BMP,B-,PASS,0.76415857605178,76.41585760517799,1,0.583756345177665,58.37563451776649,False,False,False,False,False,
B-/cluster_3_4632.BMP,B-,PASS,0.655542071197411,65.55420711974111,1,0.6624365482233503,66.24365482233503,False,False,False,False,False,
B-/cluster_3_4635.BMP,B-,PASS,0.8370752427184466,83.70752427184466,1,0.6802030456852792,68.02030456852792,False,False,False,False,False,
B-/cluster_3_4637.BMP,B-,PASS,0.8377831715210357,83.77831715210357,1,0.6776649746192893,67.76649746192894,False,False,False,False,False,
B-/cluster_3_4642.BMP,B-,PASS,0.7284587378640777,72.84587378640776,1,0.6878172588832487,68.78172588832487,False,False,False,False,False,
B-/cluster_3_4647.BMP,B-,PASS,0.683252427184466,68.3252427184466,1,0.5939086294416244,59.390862944162436,False,False,False,False,False,
B-/cluster_3_465.BMP,B-,PASS,0.8717637540453075,87.17637540453075,1,0.5532994923857868,55.32994923857868,False,False,False,False,False,
B-/cluster_3_4655.BMP,B-,PASS,0.8380865695792881,83.8086569579288,1,0.6928934010152284,69.28934010152284,False,False,False,False,False,
B-/cluster_3_4667.BMP,B-,PASS,0.7246156957928802,72.46156957928802,1,0.5583756345177665,55.83756345177665,False,False,False,False,False,
B-/cluster_3_4670.BMP,B-,PASS,0.774878640776699,77.4878640776699,1,0.6852791878172588,68.52791878172589,False,False,False,False,False,
B-/cluster_3_4673.BMP,B-,PASS,0.6610032362459547,66.10032362459548,1,0.631979695431472,63.1979695431472,False,False,False,False,False,
B-/cluster_3_4703.BMP,B-,PASS,0.7800364077669902,78.00364077669903,1,0.7360406091370558,73.60406091370558,False,False,False,False,False,
B-/cluster_3_4712.BMP,B-,PASS,0.8635720064724919,86.35720064724919,1,0.6979695431472082,69.79695431472082,False,False,False,False,False,
B-/cluster_3_4734.BMP,B-,PASS,0.8360639158576052,83.60639158576052,1,0.7131979695431472,71.31979695431471,False,False,False,False,False,
B-/cluster_3_4740.BMP,B-,PASS,0.8619538834951457,86.19538834951457,1,0.6218274111675127,62.182741116751274,False,False,False,False,False,
B-/cluster_3_4741.BMP,B-,PASS,0.8051173139158576,80.51173139158576,1,0.6852791878172588,68.52791878172589,False,False,False,False,False,
B-/cluster_3_475.BMP,B-,PASS,0.7088389967637541,70.8838996763754,1,0.6675126903553299,66.75126903553299,False,False,False,False,False,
B-/cluster_3_4751.BMP,B-,FAIL,0.9243527508090615,92.43527508090615,1,0.6954314720812182,69.54314720812182,False,True,False,False,False,
B-/cluster_3_4754.BMP,B-,PASS,0.5223503236245954,52.23503236245954,1,0.5558375634517766,55.58375634517766,False,False,False,False,False,
B-/cluster_3_476.BMP,B-,PASS,0.8169498381877023,81.69498381877023,1,0.631979695431472,63.1979695431472,False,False,False,False,False,
B-/cluster_3_4763.BMP,B-,PASS,0.7722491909385113,77.22491909385113,1,0.6370558375634517,63.70558375634518,False,False,False,False,False,
B-/cluster_3_4767.BMP,B-,PASS,0.7852953074433657,78.52953074433657,1,0.6598984771573604,65.98984771573603,False,False,False,False,False,
B-/cluster_3_4770.BMP,B-,PASS,0.7479773462783171,74.79773462783172,2,0.565989847715736,56.598984771573605,False,False,False,False,False,
B-/cluster_3_4773.BMP,B-,PASS,0.6514967637540453,65.14967637540452,1,0.6725888324873096,67.25888324873097,False,False,False,False,False,
B-/cluster_3_4774.BMP,B-,PASS,0.7328074433656958,73.28074433656958,1,0.6116751269035533,61.16751269035533,False,False,False,False,False,
B-/cluster_3_479.BMP,B-,PASS,0.7834749190938511,78.34749190938511,2,0.6979695431472082,69.79695431472082,False,False,False,False,False,
B-/cluster_3_4798.BMP,B-,PASS,0.7776092233009708,77.76092233009709,1,0.6370558375634517,63.70558375634518,False,False,False,False,False,
B-/cluster_3_4799.BMP,B-,FAIL,0.9122168284789643,91.22168284789643,1,0.7131979695431472,71.31979695431471,False,True,False,False,False,
B-/cluster_3_4814.BMP,B-,PASS,0.8614482200647249,86.14482200647248,1,0.682741116751269,68.2741116751269,False,False,False,False,False,
B-/cluster_3_4824.BMP,B-,PASS,0.8335355987055016,83.35355987055017,1,0.5532994923857868,55.32994923857868,False,False,False,False,False,
B-/cluster_3_4830.BMP,B-,PASS,0.7076254045307443,70.76254045307444,1,0.6243654822335025,62.43654822335025,False,False,False,False,False,
B-/cluster_3_4849.BMP,B-,PASS,0.7590008090614887,75.90008090614887,1,0.6269035532994924,62.69035532994924,False,False,False,False,False,
B-/cluster_3_4857.BMP,B-,PASS,0.7664846278317152,76.64846278317152,1,0.5710659898477157,57.10659898477157,False,False,False,False,False,
B-/cluster_3_4868.BMP,B-,PASS,0.7759911003236246,77.59911003236246,1,0.6700507614213198,67.00507614213198,False,False,False,False,False,
B-/cluster_3_4869.BMP,B-,PASS,0.8059263754045307,80.59263754045307,1,0.7106598984771574,71.06598984771574,False,False,False,False,False,
B-/cluster_3_4872.BMP,B-,PASS,0.7520226537216829,75.20226537216828,1,0.5634517766497462,56.34517766497462,False,False,False,False,False,
B-/cluster_3_4877.BMP,B-,PASS,0.799049352750809,79.9049352750809,1,0.6624365482233503,66.24365482233503,False,False,False,False,False,
B-/cluster_3_488.BMP,B-,PASS,0.7633495145631068,76.33495145631069,1,0.6649746192893401,66.49746192893402,False,False,False,False,False,
B-/cluster_3_4885.BMP,B-,PASS,0.7787216828478964,77.87216828478964,1,0.7030456852791879,70.30456852791879,False,False,False,False,False,
B-/cluster_3_4891.BMP,B-,FAIL,0.911205501618123,91.1205501618123,1,0.6954314720812182,69.54314720812182,False,True,False,False,False,
B-/cluster_3_4898.BMP,B-,PASS,0.7523260517799353,75.23260517799353,1,0.6421319796954315,64.21319796954315,False,False,False,False,False,
B-/cluster_3_4912.BMP,B-,PASS,0.7811488673139159,78.11488673139159,1,0.6522842639593909,65.22842639593908,False,False,False,False,False,
B-/cluster_3_4916.BMP,B-,PASS,0.46480582524271846,46.480582524271846,1,0.5583756345177665,55.83756345177665,False,False,False,False,False,
B-/cluster_3_4926.BMP,B-,PASS,0.743628640776699,74.3628640776699,1,0.5583756345177665,55.83756345177665,False,False,False,False,False,
B-/cluster_3_4933.BMP,B-,FAIL,0.9316343042071198,93.16343042071198,1,0.7157360406091371,71.57360406091371,False,True,False,False,False,
B-/cluster_3_4938.BMP,B-,PASS,0.855076860841424,85.50768608414239,1,0.6802030456852792,68.02030456852792,False,False,False,False,False,
B-/cluster_3_4948.BMP,B-,PASS,0.7867111650485437,78.67111650485437,1,0.6802030456852792,68.02030456852792,False,False,False,False,False,
B-/cluster_3_4953.BMP,B-,PASS,0.7541464401294499,75.41464401294499,1,0.6802030456852792,68.02030456852792,False,False,False,False,False,
B-/cluster_3_4955.BMP,B-,FAIL,0.9144417475728155,91.44417475728154,1,0.616751269035533,61.6751269035533,False,True,False,False,False,
B-/cluster_3_496.BMP,B-,PASS,0.7147046925566343,71.47046925566343,1,0.6928934010152284,69.28934010152284,False,False,False,False,False,
B-/cluster_3_4966.BMP,B-,PASS,0.5988053134311733,59.880531343117326,12,0.5204841713221602,52.04841713221602,False,False,False,False,False,
B-/cluster_3_4968.BMP,B-,FAIL,0.9250606796116505,92.50606796116504,1,0.7157360406091371,71.57360406091371,False,True,False,False,False,
B-/cluster_3_4971.BMP,B-,PASS,0.7553600323624595,75.53600323624595,1,0.6598984771573604,65.98984771573603,False,False,False,False,False,
B-/cluster_3_4994.BMP,B-,PASS,0.8018810679611651,80.18810679611651,1,0.733502538071066,73.3502538071066,False,False,False,False,False,
B-/cluster_3_50.BMP,B-,PASS,0.7959142394822006,79.59142394822007,1,0.5532994923857868,55.32994923857868,False,False,False,False,False,
B-/cluster_3_5010.BMP,B-,PASS,0.7884304207119741,78.84304207119742,1,0.6928934010152284,69.28934010152284,False,False,False,False,False,
B-/cluster_3_5013.BMP,B-,PASS,0.8280744336569579,82.80744336569579,1,0.6852791878172588,68.52791878172589,False,False,False,False,False,
B-/cluster_3_5018.BMP,B-,PASS,0.7766990291262136,77.66990291262135,1,0.6522842639593909,65.22842639593908,False,False,False,False,False,
B-/cluster_3_5035.BMP,B-,PASS,0.8030946601941747,80.30946601941747,1,0.6903553299492385,69.03553299492386,False,False,False,False,False,
B-/cluster_3_5050.BMP,B-,PASS,0.7596076051779935,75.96076051779936,1,0.5862944162436549,58.629441624365484,False,False,False,False,False,
B-/cluster_3_5053.BMP,B-,PASS,0.8581108414239482,85.81108414239482,1,0.6065989847715736,60.659898477157356,False,False,False,False,False,
B-/cluster_3_5054.BMP,B-,PASS,0.7343244336569579,73.43244336569579,1,0.6928934010152284,69.28934010152284,False,False,False,False,False,
B-/cluster_3_5066.BMP,B-,PASS,0.7902508090614887,79.02508090614887,1,0.7411167512690355,74.11167512690355,False,False,False,False,False,
B-/cluster_3_5077.BMP,B-,PASS,0.7202669902912622,72.02669902912622,1,0.6548223350253807,65.48223350253807,False,False,False,False,False,
B-/cluster_3_5100.BMP,B-,PASS,0.6532160194174758,65.32160194174757,1,0.6116751269035533,61.16751269035533,False,False,False,False,False,
B-/cluster_3_5101.BMP,B-,PASS,0.6939724919093851,69.39724919093851,1,0.6345177664974619,63.45177664974619,False,False,False,False,False,
B-/cluster_3_5114.BMP,B-,PASS,0.7066140776699029,70.6614077669903,1,0.6091370558375635,60.913705583756354,False,False,False,False,False,
B-/cluster_3_5116.BMP,B-,PASS,0.7351334951456311,73.5133495145631,1,0.6370558375634517,63.70558375634518,False,False,False,False,False,
B-/cluster_3_5129.BMP,B-,PASS,0.7941949838187702,79.41949838187702,1,0.7106598984771574,71.06598984771574,False,False,False,False,False,
B-/cluster_3_5130.BMP,B-,PASS,0.8235234627831716,82.35234627831716,1,0.6675126903553299,66.75126903553299,False,False,False,False,False,
B-/cluster_3_5135.BMP,B-,PASS,0.8206917475728155,82.06917475728154,1,0.5634517766497462,56.34517766497462,False,False,False,False,False,
B-/cluster_3_514.BMP,B-,PASS,0.8710558252427184,87.10558252427184,1,0.6065989847715736,60.659898477157356,False,False,False,False,False,
B-/cluster_3_5142.BMP,B-,FAIL,0.9592435275080906,95.92435275080906,1,0.7969543147208121,79.69543147208121,False,True,False,False,False,
B-/cluster_3_5144.BMP,B-,PASS,0.7659789644012945,76.59789644012946,1,0.6751269035532995,67.51269035532995,False,False,False,False,False,
B-/cluster_3_5146.BMP,B-,FAIL,0.9199029126213593,91.99029126213593,1,0.6776649746192893,67.76649746192894,False,True,False,False,False,
B-/cluster_3_5148.BMP,B-,PASS,0.8468851132686084,84.68851132686083,1,0.682741116751269,68.2741116751269,False,False,False,False,False,
B-/cluster_3_5149.BMP,B-,PASS,0.6560477346278317,65.60477346278317,1,0.6928934010152284,69.28934010152284,False,False,False,False,False,
B-/cluster_3_5155.BMP,B-,FAIL,0.9074635922330098,90.74635922330097,1,0.6852791878172588,68.52791878172589,False,True,False,False,False,
B-/cluster_3_5161.BMP,B-,PASS,0.7532362459546925,75.32362459546925,1,0.6802030456852792,68.02030456852792,False,False,False,False,False,
B-/cluster_3_5163.BMP,B-,FAIL,0.9306229773462783,93.06229773462783,1,0.6548223350253807,65.48223350253807,False,True,False,False,False,
B-/cluster_3_5164.BMP,B-,PASS,0.8640776699029126,86.40776699029125,1,0.6446700507614214,64.46700507614213,False,False,False,False,False,
B-/cluster_3_5165.BMP,B-,PASS,0.8191747572815534,81.91747572815534,1,0.7131979695431472,71.31979695431471,False,False,False,False,False,
B-/cluster_3_517.BMP,B-,PASS,0.6172127831715211,61.721278317152105,1,0.565989847715736,56.598984771573605,False,False,False,False,False,
B-/cluster_3_5194.BMP,B-,PASS,0.7900485436893204,79.00485436893204,1,0.5532994923857868,55.32994923857868,False,False,False,False,False,
B-/cluster_3_52.BMP,B-,PASS,0.7129854368932039,71.2985436893204,1,0.6472081218274112,64.72081218274111,False,False,False,False,False,
B-/cluster_3_5202.BMP,B-,PASS,0.7884304207119741,78.84304207119742,1,0.6928934010152284,69.28934010152284,False,False,False,False,False,
B-/cluster_3_5208.BMP,B-,PASS,0.7926779935275081,79.26779935275081,1,0.7055837563451777,70.55837563451777,False,False,False,False,False,
B-/cluster_3_5210.BMP,B-,FAIL,0.9101941747572816,91.01941747572816,1,0.6522842639593909,65.22842639593908,False,True,False,False,False,
B-/cluster_3_5211.BMP,B-,FAIL,0.9160598705501618,91.60598705501619,1,0.7258883248730964,72.58883248730965,False,True,False,False,False,
B-/cluster_3_5217.BMP,B-,PASS,0.6987257281553398,69.87257281553399,1,0.5583756345177665,55.83756345177665,False,False,False,False,False,
B-/cluster_3_523.BMP,B-,PASS,0.8462783171521036,84.62783171521036,1,0.6878172588832487,68.78172588832487,False,False,False,False,False,
B-/cluster_3_5232.BMP,B-,PASS,0.7984425566343042,79.84425566343042,1,0.5989847715736041,59.89847715736041,False,False,False,False,False,
B-/cluster_3_5233.BMP,B-,PASS,0.6053802588996764,60.53802588996764,1,0.583756345177665,58.37563451776649,False,False,False,False,False,
B-/cluster_3_5239.BMP,B-,PASS,0.8951254045307443,89.51254045307444,1,0.6979695431472082,69.79695431472082,False,False,False,False,False,
B-/cluster_3_5247.BMP,B-,PASS,0.8850121359223301,88.50121359223301,1,0.7081218274111675,70.81218274111674,False,False,False,False,False,
B-/cluster_3_525.BMP,B-,PASS,0.7651699029126213,76.51699029126213,1,0.700507614213198,70.05076142131979,False,False,False,False,False,
B-/cluster_3_5258.BMP,B-,PASS,0.7778114886731392,77.78114886731392,1,0.5989847715736041,59.89847715736041,False,False,False,False,False,
B-/cluster_3_5272.BMP,B-,PASS,0.8255461165048543,82.55461165048543,1,0.7131979695431472,71.31979695431471,False,False,False,False,False,
B-/cluster_3_5282.BMP,B-,PASS,0.7583940129449838,75.83940129449837,1,0.6852791878172588,68.52791878172589,False,False,False,False,False,
B-/cluster_3_5285.BMP,B-,PASS,0.7810477346278317,78.10477346278317,1,0.565989847715736,56.598984771573605,False,False,False,False,False,
B-/cluster_3_5289.BMP,B-,PASS,0.8106796116504854,81.06796116504854,1,0.6269035532994924,62.69035532994924,False,False,False,False,False,
B-/cluster_3_5308.BMP,B-,PASS,0.7658778317152104,76.58778317152104,1,0.6852791878172588,68.52791878172589,False,False,False,False,False,
B-/cluster_3_531.BMP,B-,FAIL,0.9170711974110033,91.70711974110033,1,0.7030456852791879,70.30456852791879,False,True,False,False,False,
B-/cluster_3_5314.BMP,B-,PASS,0.782665857605178,78.2665857605178,1,0.6979695431472082,69.79695431472082,False,False,False,False,False,
B-/cluster_3_533.BMP,B-,PASS,0.7894417475728155,78.94417475728154,1,0.6598984771573604,65.98984771573603,False,False,False,False,False,
B-/cluster_3_5336.BMP,B-,PASS,0.8551779935275081,85.51779935275081,1,0.6675126903553299,66.75126903553299,False,False,False,False,False,
B-/cluster_3_5340.BMP,B-,FAIL,0.9643001618122977,96.43001618122977,1,0.8096446700507615,80.96446700507614,False,True,False,True,False,
B-/cluster_3_5341.BMP,B-,PASS,0.752831715210356,75.2831715210356,1,0.5710659898477157,57.10659898477157,False,False,False,False,False,
B-/cluster_3_5342.BMP,B-,PASS,0.7585962783171522,75.85962783171522,1,0.6345177664974619,63.45177664974619,False,False,False,False,False,
B-/cluster_3_5367.BMP,B-,FAIL,0.9099919093851133,90.99919093851133,1,0.6294416243654822,62.944162436548226,False,True,False,False,False,
B-/cluster_3_5370.BMP,B-,PASS,0.7979368932038835,79.79368932038835,1,0.6878172588832487,68.78172588832487,False,False,False,False,False,
B-/cluster_3_5384.BMP,B-,PASS,0.8077467637540453,80.77467637540452,1,0.5532994923857868,55.32994923857868,False,False,False,False,False,
B-/cluster_3_5386.BMP,B-,PASS,0.5611852750809061,56.11852750809061,1,0.5532994923857868,55.32994923857868,False,False,False,False,False,
B-/cluster_3_5406.BMP,B-,PASS,0.7195590614886731,71.95590614886731,1,0.6243654822335025,62.43654822335025,False,False,False,False,False,
B-/cluster_3_5414.BMP,B-,PASS,0.8733818770226537,87.33818770226537,1,0.6573604060913706,65.73604060913706,False,False,False,False,False,
B-/cluster_3_5416.BMP,B-,FAIL,0.9280946601941747,92.80946601941747,1,0.7233502538071066,72.33502538071066,False,True,False,False,False,
B-/cluster_3_5421.BMP,B-,PASS,0.7731593851132686,77.31593851132686,1,0.7030456852791879,70.30456852791879,False,False,False,False,False,
B-/cluster_3_5424.BMP,B-,PASS,0.8455703883495146,84.55703883495146,1,0.5736040609137056,57.360406091370564,False,False,False,False,False,
B-/cluster_3_5431.BMP,B-,PASS,0.8015776699029126,80.15776699029125,1,0.7030456852791879,70.30456852791879,False,False,False,False,False,
B-/cluster_3_5435.BMP,B-,FAIL,0.9349716828478964,93.49716828478964,1,0.7360406091370558,73.60406091370558,False,True,False,False,False,
B-/cluster_3_5450.BMP,B-,PASS,0.8177588996763754,81.77588996763754,1,0.7055837563451777,70.55837563451777,False,False,False,False,False,
B-/cluster_3_5453.BMP,B-,PASS,0.8270631067961165,82.70631067961165,1,0.6979695431472082,69.79695431472082,False,False,False,False,False,
B-/cluster_3_5468.BMP,B-,PASS,0.6406755663430421,64.06755663430421,2,0.5786802030456852,57.868020304568525,False,False,False,False,False,
B-/cluster_3_5473.BMP,B-,PASS,0.8674150485436893,86.74150485436894,1,0.5532994923857868,55.32994923857868,False,False,False,False,False,
B-/cluster_3_5479.BMP,B-,FAIL,0.9123179611650486,91.23179611650485,1,0.7157360406091371,71.57360406091371,False,True,False,False,False,
B-/cluster_3_5498.BMP,B-,PASS,0.6125606796116505,61.25606796116505,2,0.649746192893401,64.9746192893401,False,False,False,False,False,
B-/cluster_3_5515.BMP,B-,PASS,0.529126213592233,52.9126213592233,2,0.5583756345177665,55.83756345177665,False,False,False,False,False,
B-/cluster_3_5518.BMP,B-,PASS,0.6693972491909385,66.93972491909385,1,0.6446700507614214,64.46700507614213,False,False,False,False,False,
B-/cluster_3_5527.BMP,B-,PASS,0.8737864077669902,87.37864077669903,1,0.6878172588832487,68.78172588832487,False,False,False,False,False,
B-/cluster_3_5538.BMP,B-,PASS,0.8396035598705501,83.96035598705501,1,0.6243654822335025,62.43654822335025,False,False,False,False,False,
B-/cluster_3_5541.BMP,B-,PASS,0.8903721682847896,89.03721682847896,1,0.6979695431472082,69.79695431472082,False,False,False,False,False,
B-/cluster_3_5553.BMP,B-,PASS,0.7717435275080906,77.17435275080906,1,0.6954314720812182,69.54314720812182,False,False,False,False,False,
B-/cluster_3_5554.BMP,B-,PASS,0.7794296116504854,77.94296116504854,1,0.6065989847715736,60.659898477157356,False,False,False,False,False,
B-/cluster_3_5571.BMP,B-,PASS,0.8049150485436893,80.49150485436894,1,0.6624365482233503,66.24365482233503,False,False,False,False,False,
B-/cluster_3_5576.BMP,B-,PASS,0.7048948220064725,70.48948220064725,1,0.7309644670050761,73.09644670050761,False,False,False,False,False,
B-/cluster_3_5578.BMP,B-,PASS,0.7515169902912622,75.15169902912622,1,0.6370558375634517,63.70558375634518,False,False,False,False,False,
B-/cluster_3_5592.BMP,B-,FAIL,0.9202063106796117,92.02063106796116,1,0.700507614213198,70.05076142131979,False,True,False,False,False,
B-/cluster_3_5612.BMP,B-,PASS,0.8997775080906149,89.97775080906149,1,0.7131979695431472,71.31979695431471,False,False,False,False,False,
B-/cluster_3_5619.BMP,B-,PASS,0.783373786407767,78.3373786407767,1,0.6802030456852792,68.02030456852792,False,False,False,False,False,
B-/cluster_3_5623.BMP,B-,PASS,0.7559668284789643,75.59668284789643,1,0.5583756345177665,55.83756345177665,False,False,False,False,False,
B-/cluster_3_5626.BMP,B-,PASS,0.7505056634304207,75.05056634304206,1,0.6218274111675127,62.182741116751274,False,False,False,False,False,
B-/cluster_3_5629.BMP,B-,PASS,0.8228155339805825,82.28155339805825,1,0.5710659898477157,57.10659898477157,False,False,False,False,False,
B-/cluster_3_5638.BMP,B-,PASS,0.8064320388349514,80.64320388349515,1,0.6548223350253807,65.48223350253807,False,False,False,False,False,
B-/cluster_3_5644.BMP,B-,PASS,0.8464805825242718,84.64805825242718,1,0.682741116751269,68.2741116751269,False,False,False,False,False,
B-/cluster_3_5646.BMP,B-,PASS,0.8801577669902912,88.01577669902912,1,0.700507614213198,70.05076142131979,False,False,False,False,False,
B-/cluster_3_5649.BMP,B-,PASS,0.8164441747572816,81.64441747572816,1,0.7030456852791879,70.30456852791879,False,False,False,False,False,
B-/cluster_3_5650.BMP,B-,PASS,0.7442354368932039,74.4235436893204,1,0.5583756345177665,55.83756345177665,False,False,False,False,False,
B-/cluster_3_5661.BMP,B-,PASS,0.7902508090614887,79.02508090614887,1,0.6522842639593909,65.22842639593908,False,False,False,False,False,
B-/cluster_3_5671.BMP,B-,FAIL,0.9066545307443366,90.66545307443366,1,0.7106598984771574,71.06598984771574,False,True,False,False,False,
B-/cluster_3_5677.BMP,B-,PASS,0.7718446601941747,77.18446601941747,1,0.6878172588832487,68.78172588832487,False,False,False,False,False,
B-/cluster_3_5690.BMP,B-,PASS,0.8044093851132686,80.44093851132686,1,0.6725888324873096,67.25888324873097,False,False,False,False,False,
B-/cluster_3_5706.BMP,B-,PASS,0.7902508090614887,79.02508090614887,1,0.6192893401015228,61.92893401015228,False,False,False,False,False,
B-/cluster_3_5717.BMP,B-,PASS,0.8288834951456311,82.8883495145631,1,0.6649746192893401,66.49746192893402,False,False,False,False,False,
B-/cluster_3_572.BMP,B-,PASS,0.756371359223301,75.6371359223301,1,0.6548223350253807,65.48223350253807,False,False,False,False,False,
B-/cluster_3_5723.BMP,B-,PASS,0.8420307443365695,84.20307443365695,1,0.5532994923857868,55.32994923857868,False,False,False,False,False,
B-/cluster_3_5728.BMP,B-,PASS,0.7692152103559871,76.9215210355987,1,0.6725888324873096,67.25888324873097,False,False,False,False,False,
B-/cluster_3_5736.BMP,B-,PASS,0.7606189320388349,76.06189320388349,1,0.5964467005076142,59.64467005076142,False,False,False,False,False,
B-/cluster_3_5747.BMP,B-,PASS,0.8654935275080906,86.54935275080906,1,0.7055837563451777,70.55837563451777,False,False,False,False,False,
B-/cluster_3_5752.BMP,B-,PASS,0.7932847896440129,79.3284789644013,1,0.583756345177665,58.37563451776649,False,False,False,False,False,
B-/cluster_3_5763.BMP,B-,PASS,0.6995347896440129,69.9534789644013,1,0.565989847715736,56.598984771573605,False,False,False,False,False,
B-/cluster_3_5765.BMP,B-,PASS,0.6229773462783171,62.297734627831716,1,0.5685279187817259,56.852791878172596,False,False,False,False,False,
B-/cluster_3_5767.BMP,B-,PASS,0.8286812297734628,82.86812297734627,1,0.6852791878172588,68.52791878172589,False,False,False,False,False,
B-/cluster_3_5769.BMP,B-,PASS,0.8818770226537217,88.18770226537217,1,0.7055837563451777,70.55837563451777,False,False,False,False,False,
B-/cluster_3_5775.BMP,B-,PASS,0.8597289644012945,85.97289644012946,1,0.5634517766497462,56.34517766497462,False,False,False,False,False,
B-/cluster_3_5783.BMP,B-,PASS,0.7651699029126213,76.51699029126213,1,0.5634517766497462,56.34517766497462,False,False,False,False,False,
B-/cluster_3_58.BMP,B-,PASS,0.7976334951456311,79.7633495145631,1,0.7106598984771574,71.06598984771574,False,False,False,False,False,
B-/cluster_3_5806.BMP,B-,PASS,0.845873786407767,84.5873786407767,1,0.6675126903553299,66.75126903553299,False,False,False,False,False,
B-/cluster_3_5810.BMP,B-,PASS,0.870044498381877,87.0044498381877,1,0.6522842639593909,65.22842639593908,False,False,False,False,False,
B-/cluster_3_5814.BMP,B-,PASS,0.7421116504854369,74.21116504854369,1,0.5736040609137056,57.360406091370564,False,False,False,False,False,
B-/cluster_3_5818.BMP,B-,PASS,0.8138147249190939,81.38147249190939,1,0.6091370558375635,60.913705583756354,False,False,False,False,False,
B-/cluster_3_5822.BMP,B-,PASS,0.8696399676375405,86.96399676375405,1,0.6802030456852792,68.02030456852792,False,False,False,False,False,
B-/cluster_3_5824.BMP,B-,PASS,0.6775889967637541,67.7588996763754,2,0.6370558375634517,63.70558375634518,False,False,False,False,False,
B-/cluster_3_585.BMP,B-,PASS,0.7666868932038835,76.66868932038835,1,0.6852791878172588,68.52791878172589,False,False,False,False,False,
B-/cluster_3_5852.BMP,B-,PASS,0.8298948220064725,82.98948220064725,1,0.6624365482233503,66.24365482233503,False,False,False,False,False,
B-/cluster_3_5856.BMP,B-,PASS,0.7658778317152104,76.58778317152104,1,0.6725888324873096,67.25888324873097,False,False,False,False,False,
B-/cluster_3_586.BMP,B-,PASS,0.7248179611650486,72.48179611650485,1,0.6065989847715736,60.659898477157356,False,False,False,False,False,
B-/cluster_3_5868.BMP,B-,PASS,0.8776294498381877,87.76294498381877,1,0.6878172588832487,68.78172588832487,False,False,False,False,False,
B-/cluster_3_587.BMP,B-,PASS,0.8218042071197411,82.18042071197411,1,0.6954314720812182,69.54314720812182,False,False,False,False,False,
B-/cluster_3_5883.BMP,B-,PASS,0.6942758899676376,69.42758899676376,1,0.583756345177665,58.37563451776649,False,False,False,False,False,
B-/cluster_3_5894.BMP,B-,PASS,0.7494943365695793,74.94943365695794,1,0.6928934010152284,69.28934010152284,False,False,False,False,False,
B-/cluster_3_5902.BMP,B-,PASS,0.8079490291262136,80.79490291262135,1,0.6675126903553299,66.75126903553299,False,False,False,False,False,
B-/cluster_3_5904.BMP,B-,PASS,0.6129652103559871,61.29652103559871,1,0.5710659898477157,57.10659898477157,False,False,False,False,False,
B-/cluster_3_5911.BMP,B-,PASS,0.7302791262135923,73.02791262135922,1,0.6573604060913706,65.73604060913706,False,False,False,False,False,
B-/cluster_3_5915.BMP,B-,PASS,0.7853964401294499,78.53964401294499,1,0.6395939086294417,63.95939086294417,False,False,False,False,False,
B-/cluster_3_592.BMP,B-,PASS,0.5264967637540453,52.64967637540453,1,0.5736040609137056,57.360406091370564,False,False,False,False,False,
B-/cluster_3_5923.BMP,B-,PASS,0.7788228155339806,77.88228155339806,1,0.565989847715736,56.598984771573605,False,False,False,False,False,
B-/cluster_3_593.BMP,B-,PASS,0.7382686084142395,73.82686084142395,1,0.6802030456852792,68.02030456852792,False,False,False,False,False,
B-/cluster_3_595.BMP,B-,PASS,0.8150283171521036,81.50283171521036,1,0.5532994923857868,55.32994923857868,False,False,False,False,False,
B-/cluster_3_5968.BMP,B-,PASS,0.7931836569579288,79.31836569579288,1,0.6802030456852792,68.02030456852792,False,False,False,False,False,
B-/cluster_3_5970.BMP,B-,PASS,0.8752022653721683,87.52022653721683,1,0.7030456852791879,70.30456852791879,False,False,False,False,False,
B-/cluster_3_5973.BMP,B-,PASS,0.7405946601941747,74.05946601941747,1,0.6192893401015228,61.92893401015228,False,False,False,False,False,
B-/cluster_3_5985.BMP,B-,PASS,0.8639765372168284,86.39765372168284,1,0.6751269035532995,67.51269035532995,False,False,False,False,False,
B-/cluster_3_60.BMP,B-,PASS,0.7481796116504854,74.81796116504854,1,0.6751269035532995,67.51269035532995,False,False,False,False,False,
B-/cluster_3_61.BMP,B-,FAIL,0.9027103559870551,90.27103559870551,1,0.7131979695431472,71.31979695431471,False,True,False,False,False,
B-/cluster_3_624.BMP,B-,PASS,0.7490898058252428,74.90898058252428,1,0.5558375634517766,55.58375634517766,False,False,False,False,False,
B-/cluster_3_641.BMP,B-,PASS,0.8925970873786407,89.25970873786407,1,0.7233502538071066,72.33502538071066,False,False,False,False,False,
B-/cluster_3_647.BMP,B-,PASS,0.8196804207119741,81.96804207119742,1,0.6903553299492385,69.03553299492386,False,False,False,False,False,
B-/cluster_3_651.BMP,B-,PASS,0.8402103559870551,84.02103559870551,1,0.6446700507614214,64.46700507614213,False,False,False,False,False,
B-/cluster_3_667.BMP,B-,PASS,0.8204894822006472,82.04894822006472,1,0.6878172588832487,68.78172588832487,False,False,False,False,False,
B-/cluster_3_669.BMP,B-,PASS,0.8510315533980582,85.10315533980582,1,0.682741116751269,68.2741116751269,False,False,False,False,False,
B-/cluster_3_672.BMP,B-,PASS,0.8705501618122977,87.05501618122977,1,0.6903553299492385,69.03553299492386,False,False,False,False,False,
B-/cluster_3_681.BMP,B-,PASS,0.8205906148867314,82.05906148867314,1,0.6421319796954315,64.21319796954315,False,False,False,False,False,
B-/cluster_3_695.BMP,B-,PASS,0.6805218446601942,68.05218446601941,1,0.6725888324873096,67.25888324873097,False,False,False,False,False,
B-/cluster_3_7.BMP,B-,PASS,0.80542071197411,80.542071197411,1,0.565989847715736,56.598984771573605,False,False,False,False,False,
B-/cluster_3_728.BMP,B-,PASS,0.75707928802589,75.707928802589,1,0.6624365482233503,66.24365482233503,False,False,False,False,False,
B-/cluster_3_744.BMP,B-,PASS,0.7380663430420712,73.80663430420712,1,0.5685279187817259,56.852791878172596,False,False,False,False,False,
B-/cluster_3_753.BMP,B-,PASS,0.7724514563106796,77.24514563106796,1,0.5710659898477157,57.10659898477157,False,False,False,False,False,
B-/cluster_3_761.BMP,B-,PASS,0.8329288025889967,83.29288025889967,1,0.6573604060913706,65.73604060913706,False,False,False,False,False,
B-/cluster_3_776.BMP,B-,PASS,0.6830501618122977,68.30501618122977,1,0.5532994923857868,55.32994923857868,False,False,False,False,False,
B-/cluster_3_778.BMP,B-,FAIL,0.9115088996763754,91.15088996763754,1,0.7157360406091371,71.57360406091371,False,True,False,False,False,
B-/cluster_3_786.BMP,B-,PASS,0.7306836569579288,73.06836569579288,1,0.6218274111675127,62.182741116751274,False,False,False,False,False,
B-/cluster_3_800.BMP,B-,PASS,0.6274271844660194,62.74271844660194,1,0.6878172588832487,68.78172588832487,False,False,False,False,False,
B-/cluster_3_817.BMP,B-,PASS,0.7595064724919094,75.95064724919094,1,0.6928934010152284,69.28934010152284,False,False,False,False,False,
B-/cluster_3_818.BMP,B-,PASS,0.6245954692556634,62.45954692556634,1,0.7309644670050761,73.09644670050761,False,False,False,False,False,
B-/cluster_3_825.BMP,B-,PASS,0.8455703883495146,84.55703883495146,1,0.7081218274111675,70.81218274111674,False,False,False,False,False,
B-/cluster_3_834.BMP,B-,PASS,0.770529935275081,77.0529935275081,1,0.6649746192893401,66.49746192893402,False,False,False,False,False,
B-/cluster_3_846.BMP,B-,PASS,0.8869336569579288,88.69336569579288,1,0.5583756345177665,55.83756345177665,False,False,False,False,False,
B-/cluster_3_851.BMP,B-,PASS,0.78832928802589,78.832928802589,1,0.6725888324873096,67.25888324873097,False,False,False,False,False,
B-/cluster_3_864.BMP,B-,PASS,0.8546723300970874,85.46723300970875,1,0.6954314720812182,69.54314720812182,False,False,False,False,False,
B-/cluster_3_871.BMP,B-,PASS,0.8127022653721683,81.27022653721683,1,0.7131979695431472,71.31979695431471,False,False,False,False,False,
B-/cluster_3_892.BMP,B-,PASS,0.7861043689320388,78.61043689320388,1,0.6624365482233503,66.24365482233503,False,False,False,False,False,
B-/cluster_3_896.BMP,B-,PASS,0.8382888349514563,83.82888349514563,1,0.6675126903553299,66.75126903553299,False,False,False,False,False,
B-/cluster_3_904.BMP,B-,PASS,0.671217637540453,67.1217637540453,1,0.5685279187817259,56.852791878172596,False,False,False,False,False,
B-/cluster_3_906.BMP,B-,PASS,0.7621359223300971,76.2135922330097,1,0.7182741116751269,71.8274111675127,False,False,False,False,False,
B-/cluster_3_909.BMP,B-,PASS,0.8530542071197411,85.30542071197411,1,0.7182741116751269,71.8274111675127,False,False,False,False,False,
B-/cluster_3_914.BMP,B-,PASS,0.8541666666666666,85.41666666666666,1,0.7131979695431472,71.31979695431471,False,False,False,False,False,
B-/cluster_3_949.BMP,B-,PASS,0.8212985436893204,82.12985436893204,1,0.6700507614213198,67.00507614213198,False,False,False,False,False,
B-/cluster_3_96.BMP,B-,PASS,0.7661812297734628,76.61812297734627,1,0.7081218274111675,70.81218274111674,False,False,False,False,False,
B-/cluster_3_970.BMP,B-,PASS,0.8847087378640777,88.47087378640776,1,0.6979695431472082,69.79695431472082,False,False,False,False,False,
B-/cluster_3_982.BMP,B-,PASS,0.7379652103559871,73.7965210355987,1,0.5634517766497462,56.34517766497462,False,False,False,False,False,
B-/cluster_3_989.BMP,B-,PASS,0.8825849514563107,88.25849514563106,1,0.6928934010152284,69.28934010152284,False,False,False,False,False,
B-/cluster_3_991.BMP,B-,PASS,0.8381877022653722,83.81877022653723,1,0.5532994923857868,55.32994923857868,False,False,False,False,False,
B-/cluster_3_993.BMP,B-,PASS,0.6895226537216829,68.95226537216828,1,0.6065989847715736,60.659898477157356,False,False,False,False,False,
B-/cluster_3_995.BMP,B-,FAIL,0.9161610032362459,91.6161003236246,1,0.6624365482233503,66.24365482233503,False,True,False,False,False,
O+/cluster_6_1004.BMP,O+,PASS,0.6656553398058253,66.56553398058253,1,0.6243654822335025,62.43654822335025,False,False,False,False,False,
O+/cluster_6_1019.BMP,O+,PASS,0.8216019417475728,82.16019417475728,1,0.7081218274111675,70.81218274111674,False,False,False,False,False,
O+/cluster_6_102.BMP,O+,PASS,0.7086367313915858,70.86367313915858,1,0.5532994923857868,55.32994923857868,False,False,False,False,False,
O+/cluster_6_1023.BMP,O+,PASS,0.8122977346278317,81.22977346278317,1,0.6725888324873096,67.25888324873097,False,False,False,False,False,
O+/cluster_6_1033.BMP,O+,PASS,0.6815331715210357,68.15331715210357,1,0.5634517766497462,56.34517766497462,False,False,False,False,False,
O+/cluster_6_1039.BMP,O+,PASS,0.7246156957928802,72.46156957928802,1,0.6421319796954315,64.21319796954315,False,False,False,False,False,
O+/cluster_6_1057.BMP,O+,PASS,0.7660800970873787,76.60800970873787,1,0.5710659898477157,57.10659898477157,False,False,False,False,False,
O+/cluster_6_106.BMP,O+,PASS,0.8201860841423948,82.01860841423948,1,0.6725888324873096,67.25888324873097,False,False,False,False,False,
O+/cluster_6_1062.BMP,O+,PASS,0.7950040453074434,79.50040453074433,1,0.5532994923857868,55.32994923857868,False,False,False,False,False,
O+/cluster_6_1065.BMP,O+,PASS,0.7780137540453075,77.80137540453075,1,0.5710659898477157,57.10659898477157,False,False,False,False,False,
O+/cluster_6_1084.BMP,O+,PASS,0.7310881877022654,73.10881877022653,1,0.5532994923857868,55.32994923857868,False,False,False,False,False,
O+/cluster_6_109.BMP,O+,PASS,0.19215210355987056,19.215210355987054,1,0.5532994923857868,55.32994923857868,False,False,False,False,False,
O+/cluster_6_1094.BMP,O+,PASS,0.8058252427184466,80.58252427184466,1,0.6116751269035533,61.16751269035533,False,False,False,False,False,
O+/cluster_6_1105.BMP,O+,PASS,0.7302791262135923,73.02791262135922,1,0.5532994923857868,55.32994923857868,False,False,False,False,False,
O+/cluster_6_111.BMP,O+,PASS,0.6577669902912622,65.77669902912622,1,0.5634517766497462,56.34517766497462,False,False,False,False,False,
O+/cluster_6_1114.BMP,O+,PASS,0.7193567961165048,71.93567961165049,1,0.6142131979695431,61.42131979695431,False,False,False,False,False,
O+/cluster_6_1119.BMP,O+,PASS,0.7390776699029126,73.90776699029125,1,0.5634517766497462,56.34517766497462,False,False,False,False,False,
O+/cluster_6_1122.BMP,O+,PASS,0.7610234627831716,76.10234627831716,1,0.6192893401015228,61.92893401015228,False,False,False,False,False,
O+/cluster_6_1134.BMP,O+,PASS,0.7044902912621359,70.44902912621359,1,0.5634517766497462,56.34517766497462,False,False,False,False,False,
O+/cluster_6_1136.BMP,O+,PASS,0.7475728155339806,74.75728155339806,1,0.5532994923857868,55.32994923857868,False,False,False,False,False,
O+/cluster_6_1138.BMP,O+,PASS,0.78125,78.125,1,0.583756345177665,58.37563451776649,False,False,False,False,False,
O+/cluster_6_1156.BMP,O+,PASS,0.674656148867314,67.4656148867314,1,0.5532994923857868,55.32994923857868,False,False,False,False,False,
O+/cluster_6_1161.BMP,O+,PASS,0.7233009708737864,72.33009708737865,1,0.565989847715736,56.598984771573605,False,False,False,False,False,
O+/cluster_6_117.BMP,O+,PASS,0.688207928802589,68.82079288025889,1,0.5532994923857868,55.32994923857868,False,False,False,False,False,
O+/cluster_6_1188.BMP,O+,PASS,0.7446399676375405,74.46399676375405,1,0.5913705583756346,59.13705583756346,False,False,False,False,False,
O+/cluster_6_1190.BMP,O+,PASS,0.6655542071197411,66.55542071197411,1,0.5532994923857868,55.32994923857868,False,False,False,False,False,
O+/cluster_6_1191.BMP,O+,PASS,0.7020631067961165,70.20631067961165,1,0.6345177664974619,63.45177664974619,False,False,False,False,False,
O+/cluster_6_1212.BMP,O+,PASS,0.73584142394822,73.58414239482201,1,0.5685279187817259,56.852791878172596,False,False,False,False,False,
O+/cluster_6_1221.BMP,O+,PASS,0.7453478964401294,74.53478964401295,1,0.7284263959390863,72.84263959390863,False,False,False,False,False,
O+/cluster_6_1222.BMP,O+,PASS,0.7308859223300971,73.0885922330097,1,0.5583756345177665,55.83756345177665,False,False,False,False,False,
O+/cluster_6_1225.BMP,O+,PASS,0.7375606796116505,73.75606796116504,1,0.5634517766497462,56.34517766497462,False,False,False,False,False,
O+/cluster_6_125.BMP,O+,PASS,0.6844660194174758,68.44660194174757,1,0.5685279187817259,56.852791878172596,False,False,False,False,False,
O+/cluster_6_1252.BMP,O+,PASS,0.6502831715210357,65.02831715210357,1,0.5634517766497462,56.34517766497462,False,False,False,False,False,
O+/cluster_6_126.BMP,O+,PASS,0.6992313915857605,69.92313915857605,1,0.5634517766497462,56.34517766497462,False,False,False,False,False,
O+/cluster_6_1264.BMP,O+,PASS,0.7345266990291263,73.45266990291263,1,0.583756345177665,58.37563451776649,False,False,False,False,False,
O+/cluster_6_1265.BMP,O+,PASS,0.6971076051779935,69.71076051779936,1,0.5532994923857868,55.32994923857868,False,False,False,False,False,
O+/cluster_6_1266.BMP,O+,PASS,0.7844862459546925,78.44862459546925,1,0.6776649746192893,67.76649746192894,False,False,False,False,False,
O+/cluster_6_1272.BMP,O+,PASS,0.7717435275080906,77.17435275080906,1,0.6954314720812182,69.54314720812182,False,False,False,False,False,
O+/cluster_6_1279.BMP,O+,PASS,0.811792071197411,81.17920711974111,1,0.5736040609137056,57.360406091370564,False,False,False,False,False,
O+/cluster_6_1282.BMP,O+,PASS,0.7937904530744336,79.37904530744336,1,0.6598984771573604,65.98984771573603,False,False,False,False,False,
O+/cluster_6_1290.BMP,O+,PASS,0.7002427184466019,70.02427184466019,1,0.5634517766497462,56.34517766497462,False,False,False,False,False,
O+/cluster_6_1295.BMP,O+,PASS,0.7863066343042071,78.63066343042071,1,0.6878172588832487,68.78172588832487,False,False,False,False,False,
O+/cluster_6_13.BMP,O+,PASS,0.6421925566343042,64.21925566343042,1,0.6294416243654822,62.944162436548226,False,False,False,False,False,
O+/cluster_6_1301.BMP,O+,PASS,0.8347491909385113,83.47491909385113,1,0.5532994923857868,55.32994923857868,False,False,False,False,False,
O+/cluster_6_1310.BMP,O+,PASS,0.8260517799352751,82.60517799352752,1,0.6928934010152284,69.28934010152284,False,False,False,False,False,
O+/cluster_6_1319.BMP,O+,PASS,0.7704288025889967,77.04288025889967,1,0.5532994923857868,55.32994923857868,False,False,False,False,False,
O+/cluster_6_1322.BMP,O+,PASS,0.5649271844660194,56.49271844660194,1,0.6015228426395939,60.15228426395939,False,False,False,False,False,
O+/cluster_6_1326.BMP,O+,PASS,0.8281755663430421,82.81755663430421,1,0.6751269035532995,67.51269035532995,False,False,False,False,False,
O+/cluster_6_1329.BMP,O+,PASS,0.7379652103559871,73.7965210355987,1,0.5532994923857868,55.32994923857868,False,False,False,False,False,
O+/cluster_6_1333.BMP,O+,PASS,0.8622572815533981,86.22572815533981,1,0.6243654822335025,62.43654822335025,False,False,False,False,False,
O+/cluster_6_1337.BMP,O+,PASS,0.6403721682847896,64.03721682847896,1,0.5634517766497462,56.34517766497462,False,False,False,False,False,
O+/cluster_6_1340.BMP,O+,PASS,0.750707928802589,75.07079288025889,1,0.5583756345177665,55.83756345177665,False,False,False,False,False,
O+/cluster_6_1345.BMP,O+,PASS,0.6213592233009708,62.13592233009708,1,0.5532994923857868,55.32994923857868,False,False,False,False,False,
O+/cluster_6_1349.BMP,O+,PASS,0.7422127831715211,74.22127831715211,1,0.5532994923857868,55.32994923857868,False,False,False,False,False,
O+/cluster_6_1365.BMP,O+,PASS,0.7594053398058253,75.94053398058253,1,0.5583756345177665,55.83756345177665,False,False,False,False,False,
O+/cluster_6_1369.BMP,O+,PASS,0.7931836569579288,79.31836569579288,1,0.6472081218274112,64.72081218274111,False,False,False,False,False,
O+/cluster_6_137.BMP,O+,PASS,0.7533373786407767,75.33373786407766,1,0.6700507614213198,67.00507614213198,False,False,False,False,False,
O+/cluster_6_1373.BMP,O+,PASS,0.7197613268608414,71.97613268608414,1,0.5634517766497462,56.34517766497462,False,False,False,False,False,
O+/cluster_6_1376.BMP,O+,PASS,0.7475728155339806,74.75728155339806,1,0.6548223350253807,65.48223350253807,False,False,False,False,False,
O+/cluster_6_1377.BMP,O+,PASS,0.6986245954692557,69.86245954692556,1,0.5583756345177665,55.83756345177665,False,False,False,False,False,
O+/cluster_6_1378.BMP,O+,PASS,0.7715412621359223,77.15412621359224,1,0.7106598984771574,71.06598984771574,False,False,False,False,False,
O+/cluster_6_1384.BMP,O+,PASS,0.8246359223300971,82.4635922330097,1,0.5532994923857868,55.32994923857868,False,False,False,False,False,
O+/cluster_6_1387.BMP,O+,PASS,0.7379652103559871,73.7965210355987,1,0.6269035532994924,62.69035532994924,False,False,False,False,False,
O+/cluster_6_1390.BMP,O+,PASS,0.721581715210356,72.1581715210356,1,0.6675126903553299,66.75126903553299,False,False,False,False,False,
O+/cluster_6_1393.BMP,O+,PASS,0.7829692556634305,78.29692556634305,1,0.5583756345177665,55.83756345177665,False,False,False,False,False,
O+/cluster_6_1405.BMP,O+,PASS,0.759203074433657,75.9203074433657,1,0.6370558375634517,63.70558375634518,False,False,False,False,False,
O+/cluster_6_1413.BMP,O+,PASS,0.7941949838187702,79.41949838187702,1,0.7055837563451777,70.55837563451777,False,False,False,False,False,
O+/cluster_6_1433.BMP,O+,PASS,0.780542071197411,78.05420711974111,1,0.6725888324873096,67.25888324873097,False,False,False,False,False,
O+/cluster_6_144.BMP,O+,PASS,0.7087378640776699,70.87378640776699,2,0.5634517766497462,56.34517766497462,False,False,False,False,False,
O+/cluster_6_1442.BMP,O+,PASS,0.410497572815534,41.0497572815534,1,0.5583756345177665,55.83756345177665,False,False,False,False,False,
O+/cluster_6_1456.BMP,O+,PASS,0.7354368932038835,73.54368932038835,1,0.6142131979695431,61.42131979695431,False,False,False,False,False,
O+/cluster_6_1457.BMP,O+,PASS,0.7778114886731392,77.78114886731392,1,0.5634517766497462,56.34517766497462,False,False,False,False,False,
O+/cluster_6_146.BMP,O+,PASS,0.7848907766990292,78.48907766990291,1,0.6395939086294417,63.95939086294417,False,False,False,False,False,
O+/cluster_6_1463.BMP,O+,PASS,0.8194781553398058,81.94781553398059,1,0.6269035532994924,62.69035532994924,False,False,False,False,False,
O+/cluster_6_1465.BMP,O+,PASS,0.5984021035598706,59.840210355987054,1,0.5685279187817259,56.852791878172596,False,False,False,False,False,
O+/cluster_6_1476.BMP,O+,PASS,0.21217637540453074,21.217637540453076,1,0.5532994923857868,55.32994923857868,False,False,False,False,False,
O+/cluster_6_1481.BMP,O+,PASS,0.7620347896440129,76.2034789644013,1,0.6192893401015228,61.92893401015228,False,False,False,False,False,
O+/cluster_6_1482.BMP,O+,PASS,0.8215008090614887,82.15008090614887,1,0.6446700507614214,64.46700507614213,False,False,False,False,False,
O+/cluster_6_1486.BMP,O+,PASS,0.7667880258899676,76.67880258899676,1,0.5532994923857868,55.32994923857868,False,False,False,False,False,
O+/cluster_6_1491.BMP,O+,PASS,0.8242313915857605,82.42313915857605,1,0.6903553299492385,69.03553299492386,False,False,False,False,False,
O+/cluster_6_1492.BMP,O+,PASS,0.7419093851132686,74.19093851132686,1,0.5964467005076142,59.64467005076142,False,False,False,False,False,
O+/cluster_6_150.BMP,O+,PASS,0.6975121359223301,69.75121359223301,1,0.5634517766497462,56.34517766497462,False,False,False,False,False,
O+/cluster_6_1501.BMP,O+,PASS,0.8002629449838188,80.02629449838187,1,0.5532994923857868,55.32994923857868,False,False,False,False,False,
O+/cluster_6_1503.BMP,O+,PASS,0.7750006962042942,77.50006962042943,8,0.5195530726256983,51.955307262569825,False,False,False,False,False,
O+/cluster_6_1515.BMP,O+,PASS,0.8198826860841424,81.98826860841424,1,0.5583756345177665,55.83756345177665,False,False,False,False,False,
O+/cluster_6_1527.BMP,O+,PASS,0.7845873786407767,78.45873786407766,1,0.6675126903553299,66.75126903553299,False,False,False,False,False,
O+/cluster_6_1528.BMP,O+,PASS,0.7038834951456311,70.3883495145631,1,0.5532994923857868,55.32994923857868,False,False,False,False,False,
O+/cluster_6_1530.BMP,O+,PASS,0.7547532362459547,75.47532362459548,1,0.5761421319796954,57.61421319796954,False,False,False,False,False,
O+/cluster_6_1540.BMP,O+,PASS,0.7587985436893204,75.87985436893204,1,0.6903553299492385,69.03553299492386,False,False,False,False,False,
O+/cluster_6_1549.BMP,O+,PASS,0.827467637540453,82.7467637540453,1,0.6142131979695431,61.42131979695431,False,False,False,False,False,
O+/cluster_6_1555.BMP,O+,PASS,0.8081512944983819,80.81512944983818,1,0.6700507614213198,67.00507614213198,False,False,False,False,False,
O+/cluster_6_1556.BMP,O+,PASS,0.832423139158576,83.24231391585761,1,0.5532994923857868,55.32994923857868,False,False,False,False,False,
O+/cluster_6_1576.BMP,O+,PASS,0.7704288025889967,77.04288025889967,1,0.6979695431472082,69.79695431472082,False,False,False,False,False,
O+/cluster_6_1587.BMP,O+,PASS,0.8804611650485437,88.04611650485437,1,0.6522842639593909,65.22842639593908,False,False,False,False,False,
O+/cluster_6_1609.BMP,O+,PASS,0.6934668284789643,69.34668284789643,1,0.5634517766497462,56.34517766497462,False,False,False,False,False,
O+/cluster_6_161.BMP,O+,FAIL,0.9404328478964401,94.043284789644,1,0.6852791878172588,68.52791878172589,False,True,False,False,False,
O+/cluster_6_1616.BMP,O+,PASS,0.6656553398058253,66.56553398058253,1,0.5634517766497462,56.34517766497462,False,False,False,False,False,
O+/cluster_6_1619.BMP,O+,PASS,0.7317961165048543,73.17961165048543,1,0.6548223350253807,65.48223350253807,False,False,False,False,False,
O+/cluster_6_1620.BMP,O+,PASS,0.8170509708737864,81.70509708737865,1,0.5532994923857868,55.32994923857868,False,False,False,False,False,
O+/cluster_6_163.BMP,O+,PASS,0.8197815533980582,81.97815533980582,1,0.5532994923857868,55.32994923857868,False,False,False,False,False,
O+/cluster_6_1633.BMP,O+,PASS,0.6694983818770227,66.94983818770227,1,0.5583756345177665,55.83756345177665,False,False,False,False,False,
O+/cluster_6_1644.BMP,O+,PASS,0.7724514563106796,77.24514563106796,1,0.5532994923857868,55.32994923857868,False,False,False,False,False,
O+/cluster_6_1653.BMP,O+,PASS,0.7698220064724919,76.98220064724919,1,0.5583756345177665,55.83756345177665,False,False,False,False,False,
O+/cluster_6_166.BMP,O+,PASS,0.717334142394822,71.7334142394822,1,0.5685279187817259,56.852791878172596,False,False,False,False,False,
O+/cluster_6_1665.BMP,O+,PASS,0.7901496763754046,79.01496763754045,1,0.5888324873096447,58.88324873096447,False,False,False,False,False,
O+/cluster_6_1670.BMP,O+,PASS,0.5943567961165048,59.435679611650485,1,0.649746192893401,64.9746192893401,False,False,False,False,False,
O+/cluster_6_1671.BMP,O+,PASS,0.6721278317152104,67.21278317152104,1,0.5532994923857868,55.32994923857868,False,False,False,False,False,
O+/cluster_6_1673.BMP,O+,PASS,0.7140978964401294,71.40978964401295,1,0.6421319796954315,64.21319796954315,False,False,False,False,False,
O+/cluster_6_1675.BMP,O+,PASS,0.7909587378640777,79.09587378640776,1,0.6598984771573604,65.98984771573603,False,False,False,False,False,
O+/cluster_6_1689.BMP,O+,PASS,0.7213794498381877,72.13794498381877,1,0.5634517766497462,56.34517766497462,False,False,False,False,False,
O+/cluster_6_1690.BMP,O+,PASS,0.7817556634304207,78.17556634304206,1,0.6548223350253807,65.48223350253807,False,False,False,False,False,
O+/cluster_6_1698.BMP,O+,PASS,0.7177386731391586,71.77386731391586,1,0.6015228426395939,60.15228426395939,False,False,False,False,False,
O+/cluster_6_1700.BMP,O+,PASS,0.8052184466019418,80.52184466019418,1,0.631979695431472,63.1979695431472,False,False,False,False,False,
O+/cluster_6_1704.BMP,O+,PASS,0.662621359223301,66.2621359223301,1,0.565989847715736,56.598984771573605,False,False,False,False,False,
O+/cluster_6_1714.BMP,O+,PASS,0.7186488673139159,71.86488673139159,1,0.5634517766497462,56.34517766497462,False,False,False,False,False,
O+/cluster_6_1726.BMP,O+,PASS,0.7417071197411004,74.17071197411003,1,0.5558375634517766,55.58375634517766,False,False,False,False,False,
O+/cluster_6_1731.BMP,O+,PASS,0.7583940129449838,75.83940129449837,1,0.6091370558375635,60.913705583756354,False,False,False,False,False,
O+/cluster_6_1741.BMP,O+,PASS,0.8602346278317152,86.02346278317152,1,0.649746192893401,64.9746192893401,False,False,False,False,False,
O+/cluster_6_1762.BMP,O+,PASS,0.8031957928802589,80.31957928802589,1,0.700507614213198,70.05076142131979,False,False,False,False,False,
O+/cluster_6_1764.BMP,O+,PASS,0.785497572815534,78.5497572815534,1,0.631979695431472,63.1979695431472,False,False,False,False,False,
O+/cluster_6_1768.BMP,O+,PASS,0.7841828478964401,78.418284789644,1,0.5583756345177665,55.83756345177665,False,False,False,False,False,
O+/cluster_6_1778.BMP,O+,PASS,0.7973300970873787,79.73300970873787,1,0.5583756345177665,55.83756345177665,False,False,False,False,False,
O+/cluster_6_1784.BMP,O+,PASS,0.7612257281553398,76.12257281553399,1,0.5532994923857868,55.32994923857868,False,False,False,False,False,
O+/cluster_6_1787.BMP,O+,PASS,0.7283576051779935,72.83576051779936,1,0.5685279187817259,56.852791878172596,False,False,False,False,False,
O+/cluster_6_1793.BMP,O+,PASS,0.7502022653721683,75.02022653721683,1,0.6675126903553299,66.75126903553299,False,False,False,False,False,
O+/cluster_6_1797.BMP,O+,PASS,0.7997572815533981,79.97572815533981,1,0.6928934010152284,69.28934010152284,False,False,False,False,False,
O+/cluster_6_181.BMP,O+,PASS,0.7222896440129449,72.22896440129449,1,0.5634517766497462,56.34517766497462,False,False,False,False,False,
O+/cluster_6_1811.BMP,O+,PASS,0.7882281553398058,78.82281553398059,1,0.5888324873096447,58.88324873096447,False,False,False,False,False,
O+/cluster_6_1828.BMP,O+,PASS,0.7863066343042071,78.63066343042071,1,0.6954314720812182,69.54314720812182,False,False,False,False,False,
O+/cluster_6_1842.BMP,O+,PASS,0.7700242718446602,77.00242718446601,1,0.6598984771573604,65.98984771573603,False,False,False,False,False,
O+/cluster_6_1868.BMP,O+,PASS,0.7908576051779935,79.08576051779936,1,0.6624365482233503,66.24365482233503,False,False,False,False,False,
O+/cluster_6_1869.BMP,O+,PASS,0.7362459546925566,73.62459546925567,1,0.6446700507614214,64.46700507614213,False,False,False,False,False,
O+/cluster_6_1871.BMP,O+,PASS,0.6895226537216829,68.95226537216828,1,0.5583756345177665,55.83756345177665,False,False,False,False,False,
O+/cluster_6_1877.BMP,O+,PASS,0.7501011326860841,75.01011326860841,1,0.6649746192893401,66.49746192893402,False,False,False,False,False,
O+/cluster_6_1889.BMP,O+,PASS,0.7532362459546925,75.32362459546925,1,0.5532994923857868,55.32994923857868,False,False,False,False,False,
O+/cluster_6_1890.BMP,O+,PASS,0.7875202265372169,78.75202265372168,1,0.6878172588832487,68.78172588832487,False,False,False,False,False,
O+/cluster_6_1900.BMP,O+,PASS,0.7434263754045307,74.34263754045307,1,0.565989847715736,56.598984771573605,False,False,False,False,False,
O+/cluster_6_1908.BMP,O+,PASS,0.8149271844660194,81.49271844660194,1,0.5634517766497462,56.34517766497462,False,False,False,False,False,
O+/cluster_6_1915.BMP,O+,PASS,0.747876213592233,74.7876213592233,1,0.5583756345177665,55.83756345177665,False,False,False,False,False,
O+/cluster_6_192.BMP,O+,PASS,0.6724312297734628,67.24312297734627,1,0.5634517766497462,56.34517766497462,False,False,False,False,False,
O+/cluster_6_1937.BMP,O+,PASS,0.7394822006472492,73.94822006472492,1,0.5583756345177665,55.83756345177665,False,False,False,False,False,
O+/cluster_6_1951.BMP,O+,PASS,0.7754854368932039,77.5485436893204,1,0.6776649746192893,67.76649746192894,False,False,False,False,False,
O+/cluster_6_1960.BMP,O+,PASS,0.7129854368932039,71.2985436893204,1,0.5583756345177665,55.83756345177665,False,False,False,False,False,
O+/cluster_6_1968.BMP,O+,PASS,0.5226537216828478,52.265372168284784,1,0.6243654822335025,62.43654822335025,False,False,False,False,False,
O+/cluster_6_1981.BMP,O+,PASS,0.7218851132686084,72.18851132686083,1,0.5634517766497462,56.34517766497462,False,False,False,False,False,
O+/cluster_6_1984.BMP,O+,PASS,0.8269619741100324,82.69619741100324,1,0.6776649746192893,67.76649746192894,False,False,False,False,False,
O+/cluster_6_1987.BMP,O+,PASS,0.8484021035598706,84.84021035598705,1,0.6852791878172588,68.52791878172589,False,False,False,False,False,
O+/cluster_6_1991.BMP,O+,PASS,0.7188511326860841,71.88511326860841,1,0.6954314720812182,69.54314720812182,False,False,False,False,False,
O+/cluster_6_1995.BMP,O+,PASS,0.7623381877022654,76.23381877022653,1,0.5609137055837563,56.09137055837563,False,False,False,False,False,
O+/cluster_6_1996.BMP,O+,PASS,0.7125809061488673,71.25809061488673,1,0.682741116751269,68.2741116751269,False,False,False,False,False,
O+/cluster_6_1999.BMP,O+,PASS,0.7495954692556634,74.95954692556634,1,0.616751269035533,61.6751269035533,False,False,False,False,False,
O+/cluster_6_2003.BMP,O+,PASS,0.7973300970873787,79.73300970873787,1,0.6370558375634517,63.70558375634518,False,False,False,False,False,
O+/cluster_6_2009.BMP,O+,PASS,0.688207928802589,68.82079288025889,1,0.5634517766497462,56.34517766497462,False,False,False,False,False,
O+/cluster_6_2020.BMP,O+,PASS,0.7344255663430421,73.44255663430421,1,0.6598984771573604,65.98984771573603,False,False,False,False,False,
O+/cluster_6_2031.BMP,O+,PASS,0.6674757281553398,66.74757281553399,1,0.5761421319796954,57.61421319796954,False,False,False,False,False,
O+/cluster_6_2054.BMP,O+,PASS,0.6772855987055016,67.72855987055017,2,0.5583756345177665,55.83756345177665,False,False,False,False,False,
O+/cluster_6_206.BMP,O+,PASS,0.7939927184466019,79.39927184466019,1,0.6903553299492385,69.03553299492386,False,False,False,False,False,
O+/cluster_6_2070.BMP,O+,PASS,0.8100728155339806,81.00728155339806,2,0.616751269035533,61.6751269035533,False,False,False,False,False,
O+/cluster_6_2074.BMP,O+,PASS,0.7103559870550162,71.03559870550163,1,0.5685279187817259,56.852791878172596,False,False,False,False,False,
O+/cluster_6_2078.BMP,O+,PASS,0.7077265372168284,70.77265372168284,1,0.5685279187817259,56.852791878172596,False,False,False,False,False,
O+/cluster_6_2080.BMP,O+,PASS,0.6529126213592233,65.29126213592234,1,0.6370558375634517,63.70558375634518,False,False,False,False,False,
O+/cluster_6_2090.BMP,O+,PASS,0.7274474110032363,72.74474110032362,1,0.5532994923857868,55.32994923857868,False,False,False,False,False,
O+/cluster_6_2096.BMP,O+,PASS,0.7483818770226537,74.83818770226537,1,0.5583756345177665,55.83756345177665,False,False,False,False,False,
O+/cluster_6_2112.BMP,O+,PASS,0.6478559870550162,64.78559870550163,1,0.5532994923857868,55.32994923857868,False,False,False,False,False,
O+/cluster_6_212.BMP,O+,PASS,0.7298745954692557,72.98745954692556,1,0.5634517766497462,56.34517766497462,False,False,False,False,False,
O+/cluster_6_2123.BMP,O+,PASS,0.8261529126213593,82.61529126213593,1,0.6802030456852792,68.02030456852792,False,False,False,False,False,
O+/cluster_6_2130.BMP,O+,PASS,0.8048139158576052,80.48139158576052,1,0.6649746192893401,66.49746192893402,False,False,False,False,False,
O+/cluster_6_2131.BMP,O+,PASS,0.6983211974110033,69.83211974110033,1,0.5634517766497462,56.34517766497462,False,False,False,False,False,
O+/cluster_6_2137.BMP,O+,PASS,0.7217839805825242,72.17839805825243,1,0.6395939086294417,63.95939086294417,False,False,False,False,False,
O+/cluster_6_2149.BMP,O+,PASS,0.748584142394822,74.8584142394822,1,0.6979695431472082,69.79695431472082,False,False,False,False,False,
O+/cluster_6_2154.BMP,O+,PASS,0.6745550161812298,67.45550161812298,1,0.5583756345177665,55.83756345177665,False,False,False,False,False,
O+/cluster_6_2158.BMP,O+,PASS,0.7414037216828478,74.14037216828478,1,0.6294416243654822,62.944162436548226,False,False,False,False,False,
O+/cluster_6_2165.BMP,O+,PASS,0.7012540453074434,70.12540453074433,1,0.5532994923857868,55.32994923857868,False,False,False,False,False,
O+/cluster_6_2167.BMP,O+,PASS,0.8578074433656958,85.78074433656958,1,0.6675126903553299,66.75126903553299,False,False,False,False,False,
O+/cluster_6_2169.BMP,O+,PASS,0.6067961165048543,60.679611650485434,1,0.6192893401015228,61.92893401015228,False,False,False,False,False,
O+/cluster_6_2177.BMP,O+,PASS,0.8127022653721683,81.27022653721683,1,0.5634517766497462,56.34517766497462,False,False,False,False,False,
O+/cluster_6_2185.BMP,O+,PASS,0.7567758899676376,75.67758899676376,1,0.5634517766497462,56.34517766497462,False,False,False,False,False,
O+/cluster_6_2190.BMP,O+,PASS,0.6478559870550162,64.78559870550163,1,0.5634517766497462,56.34517766497462,False,False,False,False,False,
O+/cluster_6_2198.BMP,O+,PASS,0.6239886731391586,62.398867313915865,1,0.5685279187817259,56.852791878172596,False,False,False,False,False,
O+/cluster_6_2226.BMP,O+,PASS,0.6912419093851133,69.12419093851133,1,0.6065989847715736,60.659898477157356,False,False,False,False,False,
O+/cluster_6_2236.BMP,O+,PASS,0.7686084142394822,76.86084142394822,1,0.6598984771573604,65.98984771573603,False,False,False,False,False,
O+/cluster_6_2244.BMP,O+,PASS,0.752831715210356,75.2831715210356,1,0.5532994923857868,55.32994923857868,False,False,False,False,False,
O+/cluster_6_2249.BMP,O+,PASS,0.7915655339805825,79.15655339805825,2,0.6903553299492385,69.03553299492386,False,False,False,False,False,
O+/cluster_6_2252.BMP,O+,PASS,0.7851941747572816,78.51941747572816,1,0.5532994923857868,55.32994923857868,False,False,False,False,False,
O+/cluster_6_2265.BMP,O+,PASS,0.7874190938511327,78.74190938511327,1,0.5609137055837563,56.09137055837563,False,False,False,False,False,
O+/cluster_6_2278.BMP,O+,PASS,0.7564724919093851,75.64724919093851,1,0.5634517766497462,56.34517766497462,False,False,False,False,False,
O+/cluster_6_2281.BMP,O+,PASS,0.7496966019417476,74.96966019417476,1,0.6802030456852792,68.02030456852792,False,False,False,False,False,
O+/cluster_6_2283.BMP,O+,PASS,0.7447411003236246,74.47411003236246,1,0.6903553299492385,69.03553299492386,False,False,False,False,False,
O+/cluster_6_2285.BMP,O+,PASS,0.7309870550161812,73.09870550161813,1,0.5532994923857868,55.32994923857868,False,False,False,False,False,
O+/cluster_6_2288.BMP,O+,PASS,0.7985436893203883,79.85436893203884,1,0.6395939086294417,63.95939086294417,False,False,False,False,False,
O+/cluster_6_229.BMP,O+,PASS,0.8053195792880259,80.53195792880258,1,0.6751269035532995,67.51269035532995,False,False,False,False,False,
O+/cluster_6_2291.BMP,O+,PASS,0.7817556634304207,78.17556634304206,1,0.6954314720812182,69.54314720812182,False,False,False,False,False,
O+/cluster_6_2296.BMP,O+,PASS,0.5613875404530745,56.13875404530745,1,0.6345177664974619,63.45177664974619,False,False,False,False,False,
O+/cluster_6_2299.BMP,O+,PASS,0.762843851132686,76.2843851132686,1,0.6269035532994924,62.69035532994924,False,False,False,False,False,
O+/cluster_6_230.BMP,O+,PASS,0.7598098705501618,75.98098705501619,1,0.5532994923857868,55.32994923857868,False,False,False,False,False,
O+/cluster_6_2310.BMP,O+,PASS,0.7512135922330098,75.12135922330097,1,0.6725888324873096,67.25888324873097,False,False,False,False,False,
O+/cluster_6_2330.BMP,O+,PASS,0.8389967637540453,83.89967637540452,1,0.7081218274111675,70.81218274111674,False,False,False,False,False,
O+/cluster_6_2340.BMP,O+,PASS,0.7726537216828478,77.26537216828478,1,0.700507614213198,70.05076142131979,False,False,False,False,False,
O+/cluster_6_2342.BMP,O+,PASS,0.7629449838187702,76.29449838187702,1,0.649746192893401,64.9746192893401,False,False,False,False,False,
O+/cluster_6_2346.BMP,O+,PASS,0.8030946601941747,80.30946601941747,1,0.5583756345177665,55.83756345177665,False,False,False,False,False,
O+/cluster_6_2349.BMP,O+,PASS,0.8076456310679612,80.76456310679612,1,0.5532994923857868,55.32994923857868,False,False,False,False,False,
O+/cluster_6_2351.BMP,O+,PASS,0.713794498381877,71.3794498381877,1,0.5583756345177665,55.83756345177665,False,False,False,False,False,
O+/cluster_6_2353.BMP,O+,PASS,0.8064320388349514,80.64320388349515,1,0.6802030456852792,68.02030456852792,False,False,False,False,False,
O+/cluster_6_2359.BMP,O+,FAIL,0.9109021035598706,91.09021035598705,1,0.649746192893401,64.9746192893401,False,True,False,False,False,
O+/cluster_6_2360.BMP,O+,PASS,0.7198624595469255,71.98624595469255,1,0.6446700507614214,64.46700507614213,False,False,False,False,False,
O+/cluster_6_2361.BMP,O+,PASS,0.7856998381877023,78.56998381877023,1,0.6472081218274112,64.72081218274111,False,False,False,False,False,
O+/cluster_6_2365.BMP,O+,PASS,0.7799352750809061,77.99352750809061,1,0.700507614213198,70.05076142131979,False,False,False,False,False,
O+/cluster_6_2366.BMP,O+,PASS,0.77417071197411,77.417071197411,1,0.5532994923857868,55.32994923857868,False,False,False,False,False,
O+/cluster_6_2384.BMP,O+,PASS,0.7414037216828478,74.14037216828478,1,0.5634517766497462,56.34517766497462,False,False,False,False,False,
O+/cluster_6_2385.BMP,O+,PASS,0.7270428802588996,72.70428802588997,1,0.5532994923857868,55.32994923857868,False,False,False,False,False,
O+/cluster_6_2393.BMP,O+,PASS,0.6777912621359223,67.77912621359224,1,0.5685279187817259,56.852791878172596,False,False,False,False,False,
O+/cluster_6_2402.BMP,O+,PASS,0.8203883495145631,82.03883495145631,1,0.6370558375634517,63.70558375634518,False,False,False,False,False,
O+/cluster_6_2404.BMP,O+,PASS,0.7298745954692557,72.98745954692556,1,0.5583756345177665,55.83756345177665,False,False,False,False,False,
O+/cluster_6_2406.BMP,O+,PASS,0.8377831715210357,83.77831715210357,1,0.6142131979695431,61.42131979695431,False,False,False,False,False,
O+/cluster_6_2408.BMP,O+,PASS,0.6588794498381877,65.88794498381877,1,0.6649746192893401,66.49746192893402,False,False,False,False,False,
O+/cluster_6_2424.BMP,O+,PASS,0.6901294498381877,69.01294498381877,1,0.649746192893401,64.9746192893401,False,False,False,False,False,
O+/cluster_6_2425.BMP,O+,PASS,0.7246156957928802,72.46156957928802,1,0.5532994923857868,55.32994923857868,False,False,False,False,False,
O+/cluster_6_2428.BMP,O+,PASS,0.7217839805825242,72.17839805825243,1,0.5685279187817259,56.852791878172596,False,False,False,False,False,
O+/cluster_6_2431.BMP,O+,PASS,0.8165453074433657,81.65453074433657,1,0.6675126903553299,66.75126903553299,False,False,False,False,False,
O+/cluster_6_2435.BMP,O+,PASS,0.7310881877022654,73.10881877022653,1,0.5634517766497462,56.34517766497462,False,False,False,False,False,
O+/cluster_6_2449.BMP,O+,PASS,0.7437297734627831,74.37297734627832,1,0.6421319796954315,64.21319796954315,False,False,False,False,False,
O+/cluster_6_245.BMP,O+,PASS,0.7609223300970874,76.09223300970875,1,0.6649746192893401,66.49746192893402,False,False,False,False,False,
O+/cluster_6_2451.BMP,O+,PASS,0.7051982200647249,70.51982200647248,1,0.5583756345177665,55.83756345177665,False,False,False,False,False,
O+/cluster_6_2460.BMP,O+,PASS,0.7376618122977346,73.76618122977347,1,0.6573604060913706,65.73604060913706,False,False,False,False,False,
O+/cluster_6_2467.BMP,O+,PASS,0.6942758899676376,69.42758899676376,1,0.5583756345177665,55.83756345177665,False,False,False,False,False,
O+/cluster_6_2473.BMP,O+,PASS,0.7912621359223301,79.12621359223301,1,0.6852791878172588,68.52791878172589,False,False,False,False,False,
O+/cluster_6_249.BMP,O+,PASS,0.8221076051779935,82.21076051779936,1,0.682741116751269,68.2741116751269,False,False,False,False,False,
O+/cluster_6_2500.BMP,O+,PASS,0.7704288025889967,77.04288025889967,1,0.5532994923857868,55.32994923857868,False,False,False,False,False,
O+/cluster_6_2502.BMP,O+,PASS,0.7525283171521036,75.25283171521036,1,0.5634517766497462,56.34517766497462,False,False,False,False,False,
O+/cluster_6_2503.BMP,O+,PASS,0.7799352750809061,77.99352750809061,1,0.6395939086294417,63.95939086294417,False,False,False,False,False,
O+/cluster_6_2514.BMP,O+,PASS,0.7368527508090615,73.68527508090615,1,0.565989847715736,56.598984771573605,False,False,False,False,False,
O+/cluster_6_2519.BMP,O+,PASS,0.8547734627831716,85.47734627831716,1,0.6624365482233503,66.24365482233503,False,False,False,False,False,
O+/cluster_6_252.BMP,O+,PASS,0.8111852750809061,81.11852750809061,1,0.5583756345177665,55.83756345177665,False,False,False,False,False,
O+/cluster_6_2520.BMP,O+,PASS,0.7524271844660194,75.24271844660194,1,0.6294416243654822,62.944162436548226,False,False,False,False,False,
O+/cluster_6_2521.BMP,O+,PASS,0.7885315533980582,78.85315533980582,1,0.5939086294416244,59.390862944162436,False,False,False,False,False,
O+/cluster_6_2524.BMP,O+,PASS,0.6794093851132686,67.94093851132686,1,0.6091370558375635,60.913705583756354,False,False,False,False,False,
O+/cluster_6_2526.BMP,O+,PASS,0.7383697411003236,73.83697411003236,1,0.6116751269035533,61.16751269035533,False,False,False,False,False,
O+/cluster_6_2537.BMP,O+,PASS,0.720165857605178,72.0165857605178,1,0.6522842639593909,65.22842639593908,False,False,False,False,False,
O+/cluster_6_2545.BMP,O+,PASS,0.7829692556634305,78.29692556634305,1,0.6649746192893401,66.49746192893402,False,False,False,False,False,
O+/cluster_6_2548.BMP,O+,PASS,0.7027710355987055,70.27710355987054,1,0.5609137055837563,56.09137055837563,False,False,False,False,False,
O+/cluster_6_2550.BMP,O+,PASS,0.7360436893203883,73.60436893203884,1,0.6522842639593909,65.22842639593908,False,False,False,False,False,
O+/cluster_6_2551.BMP,O+,PASS,0.7688106796116505,76.88106796116504,1,0.5558375634517766,55.58375634517766,False,False,False,False,False,
O+/cluster_6_2555.BMP,O+,PASS,0.7388754045307443,73.88754045307444,1,0.7055837563451777,70.55837563451777,False,False,False,False,False,
O+/cluster_6_2566.BMP,O+,PASS,0.7412014563106796,74.12014563106796,1,0.5710659898477157,57.10659898477157,False,False,False,False,False,
O+/cluster_6_2578.BMP,O+,PASS,0.7666868932038835,76.66868932038835,1,0.6954314720812182,69.54314720812182,False,False,False,False,False,
O+/cluster_6_2586.BMP,O+,PASS,0.7559668284789643,75.59668284789643,1,0.5532994923857868,55.32994923857868,False,False,False,False,False,
O+/cluster_6_2591.BMP,O+,PASS,0.6279328478964401,62.79328478964401,1,0.6091370558375635,60.913705583756354,False,False,False,False,False,
O+/cluster_6_2595.BMP,O+,PASS,0.7730582524271845,77.30582524271846,1,0.6852791878172588,68.52791878172589,False,False,False,False,False,
O+/cluster_6_2617.BMP,O+,PASS,0.7307847896440129,73.0784789644013,1,0.5761421319796954,57.61421319796954,False,False,False,False,False,
O+/cluster_6_2629.BMP,O+,PASS,0.6873988673139159,68.73988673139159,1,0.5583756345177665,55.83756345177665,False,False,False,False,False,
O+/cluster_6_2630.BMP,O+,PASS,0.782665857605178,78.2665857605178,1,0.6370558375634517,63.70558375634518,False,False,False,False,False,
O+/cluster_6_2631.BMP,O+,PASS,0.6851739482200647,68.51739482200647,1,0.5634517766497462,56.34517766497462,False,False,False,False,False,
O+/cluster_6_2635.BMP,O+,PASS,0.7839805825242718,78.39805825242718,1,0.6802030456852792,68.02030456852792,False,False,False,False,False,
O+/cluster_6_2637.BMP,O+,PASS,0.7800364077669902,78.00364077669903,1,0.565989847715736,56.598984771573605,False,False,False,False,False,
O+/cluster_6_2639.BMP,O+,PASS,0.7868122977346278,78.68122977346277,1,0.6878172588832487,68.78172588832487,False,False,False,False,False,
O+/cluster_6_2644.BMP,O+,PASS,0.7143001618122977,71.43001618122977,1,0.5532994923857868,55.32994923857868,False,False,False,False,False,
O+/cluster_6_2651.BMP,O+,PASS,0.7285598705501618,72.85598705501619,1,0.7233502538071066,72.33502538071066,False,False,False,False,False,
O+/cluster_6_2660.BMP,O+,PASS,0.7455501618122977,74.55501618122977,1,0.6395939086294417,63.95939086294417,False,False,False,False,False,
O+/cluster_6_2668.BMP,O+,PASS,0.7209749190938511,72.09749190938511,1,0.6903553299492385,69.03553299492386,False,False,False,False,False,
O+/cluster_6_267.BMP,O+,PASS,0.6957928802588996,69.57928802588997,1,0.5532994923857868,55.32994923857868,False,False,False,False,False,
O+/cluster_6_2674.BMP,O+,PASS,0.6500809061488673,65.00809061488673,1,0.6624365482233503,66.24365482233503,False,False,False,False,False,
O+/cluster_6_2677.BMP,O+,PASS,0.7891383495145631,78.91383495145631,2,0.6116751269035533,61.16751269035533,False,False,False,False,False,
O+/cluster_6_2683.BMP,O+,PASS,0.7255258899676376,72.55258899676376,1,0.5583756345177665,55.83756345177665,False,False,False,False,False,
O+/cluster_6_2692.BMP,O+,PASS,0.7632483818770227,76.32483818770227,1,0.565989847715736,56.598984771573605,False,False,False,False,False,
O+/cluster_6_2695.BMP,O+,PASS,0.7850930420711975,78.50930420711974,1,0.5532994923857868,55.32994923857868,False,False,False,False,False,
O+/cluster_6_2696.BMP,O+,PASS,0.782665857605178,78.2665857605178,1,0.5583756345177665,55.83756345177665,False,False,False,False,False,
O+/cluster_6_2708.BMP,O+,PASS,0.6883090614886731,68.83090614886731,1,0.5532994923857868,55.32994923857868,False,False,False,False,False,
O+/cluster_6_2710.BMP,O+,PASS,0.8151294498381877,81.51294498381877,1,0.5558375634517766,55.58375634517766,False,False,False,False,False,
O+/cluster_6_2721.BMP,O+,PASS,0.7803398058252428,78.03398058252428,1,0.6649746192893401,66.49746192893402,False,False,False,False,False,
O+/cluster_6_2733.BMP,O+,PASS,0.7564724919093851,75.64724919093851,1,0.5888324873096447,58.88324873096447,False,False,False,False,False,
O+/cluster_6_2735.BMP,O+,PASS,0.8543689320388349,85.43689320388349,1,0.5609137055837563,56.09137055837563,False,False,False,False,False,
O+/cluster_6_2744.BMP,O+,PASS,0.8691343042071198,86.91343042071198,1,0.6269035532994924,62.69035532994924,False,False,False,False,False,
O+/cluster_6_2748.BMP,O+,PASS,0.7969255663430421,79.69255663430421,1,0.6675126903553299,66.75126903553299,False,False,False,False,False,
O+/cluster_6_2749.BMP,O+,PASS,0.7331108414239482,73.31108414239482,1,0.6928934010152284,69.28934010152284,False,False,False,False,False,
O+/cluster_6_2755.BMP,O+,PASS,0.7460558252427184,74.60558252427184,1,0.565989847715736,56.598984771573605,False,False,False,False,False,
O+/cluster_6_2769.BMP,O+,PASS,0.6760720064724919,67.60720064724919,2,0.5583756345177665,55.83756345177665,False,False,False,False,False,
O+/cluster_6_2770.BMP,O+,PASS,0.7303802588996764,73.03802588996764,1,0.6624365482233503,66.24365482233503,False,False,False,False,False,
O+/cluster_6_2783.BMP,O+,PASS,0.6900283171521036,69.00283171521036,1,0.5634517766497462,56.34517766497462,False,False,False,False,False,
O+/cluster_6_2786.BMP,O+,PASS,0.8140169902912622,81.40169902912622,1,0.6675126903553299,66.75126903553299,False,False,False,False,False,
O+/cluster_6_279.BMP,O+,PASS,0.7491909385113269,74.91909385113269,1,0.6421319796954315,64.21319796954315,False,False,False,False,False,
O+/cluster_6_2806.BMP,O+,PASS,0.807544498381877,80.7544498381877,1,0.6040609137055838,60.40609137055838,False,False,False,False,False,
O+/cluster_6_2810.BMP,O+,PASS,0.7846885113268608,78.46885113268608,1,0.649746192893401,64.9746192893401,False,False,False,False,False,
O+/cluster_6_2811.BMP,O+,PASS,0.7944983818770227,79.44983818770227,1,0.6192893401015228,61.92893401015228,False,False,False,False,False,
O+/cluster_6_2813.BMP,O+,PASS,0.7374595469255664,73.74595469255664,1,0.6624365482233503,66.24365482233503,False,False,False,False,False,
O+/cluster_6_2817.BMP,O+,PASS,0.7081310679611651,70.81310679611651,1,0.5583756345177665,55.83756345177665,False,False,False,False,False,
O+/cluster_6_2819.BMP,O+,PASS,0.6582726537216829,65.82726537216828,1,0.5736040609137056,57.360406091370564,False,False,False,False,False,
O+/cluster_6_2839.BMP,O+,PASS,0.6842637540453075,68.42637540453075,1,0.5634517766497462,56.34517766497462,False,False,False,False,False,
O+/cluster_6_2844.BMP,O+,PASS,0.8515372168284789,85.15372168284789,1,0.6573604060913706,65.73604060913706,False,False,False,False,False,
O+/cluster_6_2851.BMP,O+,PASS,0.5829288025889967,58.29288025889967,1,0.5583756345177665,55.83756345177665,False,False,False,False,False,
O+/cluster_6_2857.BMP,O+,PASS,0.7650687702265372,76.50687702265373,1,0.6472081218274112,64.72081218274111,False,False,False,False,False,
O+/cluster_6_2858.BMP,O+,PASS,0.8270631067961165,82.70631067961165,1,0.6776649746192893,67.76649746192894,False,False,False,False,False,
O+/cluster_6_2863.BMP,O+,PASS,0.7104571197411004,71.04571197411003,1,0.565989847715736,56.598984771573605,False,False,False,False,False,
O+/cluster_6_2865.BMP,O+,PASS,0.7548543689320388,75.48543689320388,1,0.5634517766497462,56.34517766497462,False,False,False,False,False,
O+/cluster_6_2874.BMP,O+,PASS,0.8397046925566343,83.97046925566343,1,0.7055837563451777,70.55837563451777,False,False,False,False,False,
O+/cluster_6_2892.BMP,O+,PASS,0.6839928708680275,68.39928708680276,2,0.5195530726256983,51.955307262569825,False,False,False,False,False,
O+/cluster_6_2897.BMP,O+,PASS,0.7624393203883495,76.24393203883496,1,0.649746192893401,64.9746192893401,False,False,False,False,False,
O+/cluster_6_29.BMP,O+,PASS,0.7602144012944984,76.02144012944983,1,0.6091370558375635,60.913705583756354,False,False,False,False,False,
O+/cluster_6_2903.BMP,O+,PASS,0.7377629449838188,73.77629449838187,1,0.5812182741116751,58.121827411167516,False,False,False,False,False,
O+/cluster_6_2918.BMP,O+,PASS,0.787621359223301,78.7621359223301,1,0.6649746192893401,66.49746192893402,False,False,False,False,False,
O+/cluster_6_2924.BMP,O+,PASS,0.7112661812297735,71.12661812297735,1,0.7208121827411168,72.08121827411168,False,False,False,False,False,
O+/cluster_6_2928.BMP,O+,PASS,0.786205501618123,78.6205501618123,1,0.6725888324873096,67.25888324873097,False,False,False,False,False,
O+/cluster_6_2941.BMP,O+,PASS,0.748584142394822,74.8584142394822,1,0.6573604060913706,65.73604060913706,False,False,False,False,False,
O+/cluster_6_2945.BMP,O+,PASS,0.7758899676375405,77.58899676375405,1,0.6040609137055838,60.40609137055838,False,False,False,False,False,
O+/cluster_6_2957.BMP,O+,PASS,0.6986245954692557,69.86245954692556,2,0.6776649746192893,67.76649746192894,False,False,False,False,False,
O+/cluster_6_2963.BMP,O+,PASS,0.6678802588996764,66.78802588996764,1,0.6192893401015228,61.92893401015228,False,False,False,False,False,
O+/cluster_6_2974.BMP,O+,PASS,0.6809263754045307,68.09263754045307,1,0.6598984771573604,65.98984771573603,False,False,False,False,False,
O+/cluster_6_2976.BMP,O+,PASS,0.7841828478964401,78.418284789644,1,0.5532994923857868,55.32994923857868,False,False,False,False,False,
O+/cluster_6_2985.BMP,O+,PASS,0.7564724919093851,75.64724919093851,1,0.6370558375634517,63.70558375634518,False,False,False,False,False,
O+/cluster_6_2986.BMP,O+,PASS,0.7559668284789643,75.59668284789643,1,0.5786802030456852,57.868020304568525,False,False,False,False,False,
O+/cluster_6_2995.BMP,O+,PASS,0.612156148867314,61.215614886731395,1,0.631979695431472,63.1979695431472,False,False,False,False,False,
O+/cluster_6_3.BMP,O+,PASS,0.7665857605177994,76.65857605177993,1,0.5634517766497462,56.34517766497462,False,False,False,False,False,
O+/cluster_6_30.BMP,O+,PASS,0.6878033980582524,68.78033980582524,1,0.6370558375634517,63.70558375634518,False,False,False,False,False,
O+/cluster_6_3001.BMP,O+,PASS,0.74292071197411,74.292071197411,1,0.7030456852791879,70.30456852791879,False,False,False,False,False,
O+/cluster_6_3010.BMP,O+,PASS,0.727245145631068,72.7245145631068,1,0.5634517766497462,56.34517766497462,False,False,False,False,False,
O+/cluster_6_3024.BMP,O+,PASS,0.7906553398058253,79.06553398058253,1,0.6700507614213198,67.00507614213198,False,False,False,False,False,
O+/cluster_6_3027.BMP,O+,PASS,0.6799150485436893,67.99150485436894,1,0.5583756345177665,55.83756345177665,False,False,False,False,False,
O+/cluster_6_3032.BMP,O+,PASS,0.8059263754045307,80.59263754045307,1,0.6675126903553299,66.75126903553299,False,False,False,False,False,
O+/cluster_6_3036.BMP,O+,PASS,0.7298745954692557,72.98745954692556,1,0.6472081218274112,64.72081218274111,False,False,False,False,False,
O+/cluster_6_305.BMP,O+,PASS,0.7366504854368932,73.66504854368931,1,0.682741116751269,68.2741116751269,False,False,False,False,False,
O+/cluster_6_3050.BMP,O+,PASS,0.7089401294498382,70.89401294498381,1,0.6294416243654822,62.944162436548226,False,False,False,False,False,
O+/cluster_6_3053.BMP,O+,PASS,0.7356391585760518,73.56391585760518,1,0.5634517766497462,56.34517766497462,False,False,False,False,False,
O+/cluster_6_306.BMP,O+,PASS,0.8105784789644013,81.05784789644012,1,0.682741116751269,68.2741116751269,False,False,False,False,False,
O+/cluster_6_3071.BMP,O+,PASS,0.7157160194174758,71.57160194174757,1,0.5939086294416244,59.390862944162436,False,False,False,False,False,
O+/cluster_6_3072.BMP,O+,PASS,0.7216828478964401,72.168284789644,1,0.6522842639593909,65.22842639593908,False,False,False,False,False,
O+/cluster_6_3078.BMP,O+,PASS,0.7588996763754046,75.88996763754045,1,0.5532994923857868,55.32994923857868,False,False,False,False,False,
O+/cluster_6_3084.BMP,O+,PASS,0.7134911003236246,71.34911003236246,1,0.5939086294416244,59.390862944162436,False,False,False,False,False,
O+/cluster_6_3090.BMP,O+,PASS,0.7827669902912622,78.27669902912622,1,0.6065989847715736,60.659898477157356,False,False,False,False,False,
O+/cluster_6_3093.BMP,O+,PASS,0.8946197411003236,89.46197411003236,1,0.733502538071066,73.3502538071066,False,False,False,False,False,
O+/cluster_6_3096.BMP,O+,PASS,0.7224919093851133,72.24919093851133,1,0.5634517766497462,56.34517766497462,False,False,False,False,False,
O+/cluster_6_3112.BMP,O+,PASS,0.6611043689320388,66.11043689320388,1,0.5710659898477157,57.10659898477157,False,False,False,False,False,
O+/cluster_6_3122.BMP,O+,PASS,0.6600930420711975,66.00930420711974,1,0.5583756345177665,55.83756345177665,False,False,False,False,False,
O+/cluster_6_3124.BMP,O+,PASS,0.7099514563106796,70.99514563106796,1,0.6294416243654822,62.944162436548226,False,False,False,False,False,
O+/cluster_6_3138.BMP,O+,PASS,0.741504854368932,74.1504854368932,1,0.5532994923857868,55.32994923857868,False,False,False,False,False,
O+/cluster_6_3140.BMP,O+,PASS,0.6718244336569579,67.18244336569579,1,0.6573604060913706,65.73604060913706,False,False,False,False,False,
O+/cluster_6_3147.BMP,O+,PASS,0.7948017799352751,79.48017799352752,1,0.5964467005076142,59.64467005076142,False,False,False,False,False,
O+/cluster_6_3153.BMP,O+,PASS,0.7588996763754046,75.88996763754045,1,0.6522842639593909,65.22842639593908,False,False,False,False,False,
O+/cluster_6_3158.BMP,O+,PASS,0.8907766990291263,89.07766990291263,1,0.7182741116751269,71.8274111675127,False,False,False,False,False,
O+/cluster_6_3167.BMP,O+,PASS,0.7191545307443366,71.91545307443366,1,0.6218274111675127,62.182741116751274,False,False,False,False,False,
O+/cluster_6_3174.BMP,O+,PASS,0.8673139158576052,86.73139158576052,1,0.7258883248730964,72.58883248730965,False,False,False,False,False,
O+/cluster_6_3181.BMP,O+,PASS,0.7858009708737864,78.58009708737865,1,0.5532994923857868,55.32994923857868,False,False,False,False,False,
O+/cluster_6_3184.BMP,O+,PASS,0.7603155339805825,76.03155339805825,1,0.5786802030456852,57.868020304568525,False,False,False,False,False,
O+/cluster_6_3191.BMP,O+,PASS,0.7800364077669902,78.00364077669903,1,0.5532994923857868,55.32994923857868,False,False,False,False,False,
O+/cluster_6_3203.BMP,O+,PASS,0.35163834951456313,35.163834951456316,1,0.5532994923857868,55.32994923857868,False,False,False,False,False,
O+/cluster_6_3224.BMP,O+,PASS,0.7616302588996764,76.16302588996764,1,0.6472081218274112,64.72081218274111,False,False,False,False,False,
O+/cluster_6_3240.BMP,O+,PASS,0.7529328478964401,75.293284789644,1,0.6954314720812182,69.54314720812182,False,False,False,False,False,
O+/cluster_6_3251.BMP,O+,PASS,0.828782362459547,82.8782362459547,1,0.5583756345177665,55.83756345177665,False,False,False,False,False,
O+/cluster_6_3257.BMP,O+,PASS,0.7740695792880259,77.40695792880258,1,0.6421319796954315,64.21319796954315,False,False,False,False,False,
O+/cluster_6_3262.BMP,O+,PASS,0.860032362459547,86.0032362459547,1,0.5532994923857868,55.32994923857868,False,False,False,False,False,
O+/cluster_6_3265.BMP,O+,PASS,0.8144215210355987,81.44215210355988,1,0.5786802030456852,57.868020304568525,False,False,False,False,False,
O+/cluster_6_3279.BMP,O+,PASS,0.7690129449838188,76.90129449838187,1,0.6015228426395939,60.15228426395939,False,False,False,False,False,
O+/cluster_6_328.BMP,O+,PASS,0.7286610032362459,72.8661003236246,1,0.565989847715736,56.598984771573605,False,False,False,False,False,
O+/cluster_6_3280.BMP,O+,PASS,0.7490898058252428,74.90898058252428,1,0.5685279187817259,56.852791878172596,False,False,False,False,False,
O+/cluster_6_3281.BMP,O+,PASS,0.6530137540453075,65.30137540453075,1,0.5634517766497462,56.34517766497462,False,False,False,False,False,
O+/cluster_6_3283.BMP,O+,PASS,0.710254854368932,71.0254854368932,1,0.616751269035533,61.6751269035533,False,False,False,False,False,
O+/cluster_6_3285.BMP,O+,PASS,0.7761933656957929,77.61933656957929,1,0.6598984771573604,65.98984771573603,False,False,False,False,False,
O+/cluster_6_3296.BMP,O+,PASS,0.7125809061488673,71.25809061488673,2,0.5685279187817259,56.852791878172596,False,False,False,False,False,
O+/cluster_6_3297.BMP,O+,PASS,0.7579894822006472,75.79894822006472,1,0.5939086294416244,59.390862944162436,False,False,False,False,False,
O+/cluster_6_3298.BMP,O+,PASS,0.7050970873786407,70.50970873786407,1,0.5634517766497462,56.34517766497462,False,False,False,False,False,
O+/cluster_6_3303.BMP,O+,PASS,0.7236043689320388,72.36043689320388,1,0.5812182741116751,58.121827411167516,False,False,False,False,False,
O+/cluster_6_3308.BMP,O+,PASS,0.698220064724919,69.8220064724919,1,0.5532994923857868,55.32994923857868,False,False,False,False,False,
O+/cluster_6_3322.BMP,O+,PASS,0.7352346278317152,73.52346278317152,1,0.5532994923857868,55.32994923857868,False,False,False,False,False,
O+/cluster_6_3324.BMP,O+,PASS,0.7110639158576052,71.10639158576052,1,0.6928934010152284,69.28934010152284,False,False,False,False,False,
O+/cluster_6_334.BMP,O+,PASS,0.7319983818770227,73.19983818770227,1,0.5761421319796954,57.61421319796954,False,False,False,False,False,
O+/cluster_6_3341.BMP,O+,FAIL,0.9299150485436893,92.99150485436894,1,0.6751269035532995,67.51269035532995,False,True,False,False,False,
O+/cluster_6_3349.BMP,O+,PASS,0.7585962783171522,75.85962783171522,1,0.5532994923857868,55.32994923857868,False,False,False,False,False,
O+/cluster_6_3355.BMP,O+,PASS,0.7346278317152104,73.46278317152104,1,0.649746192893401,64.9746192893401,False,False,False,False,False,
O+/cluster_6_336.BMP,O+,PASS,0.7055016181229773,70.55016181229773,1,0.5634517766497462,56.34517766497462,False,False,False,False,False,
O+/cluster_6_3362.BMP,O+,PASS,0.7276496763754046,72.76496763754045,1,0.5532994923857868,55.32994923857868,False,False,False,False,False,
O+/cluster_6_3377.BMP,O+,PASS,0.7899474110032363,78.99474110032362,1,0.7055837563451777,70.55837563451777,False,False,False,False,False,
O+/cluster_6_3415.BMP,O+,PASS,0.6541814029908937,65.41814029908937,8,0.5195530726256983,51.955307262569825,False,False,False,False,False,
O+/cluster_6_3425.BMP,O+,PASS,0.6803195792880259,68.03195792880258,1,0.5532994923857868,55.32994923857868,False,False,False,False,False,
O+/cluster_6_3429.BMP,O+,PASS,0.7366504854368932,73.66504854368931,1,0.5634517766497462,56.34517766497462,False,False,False,False,False,
O+/cluster_6_3437.BMP,O+,PASS,0.7404935275080906,74.04935275080906,1,0.5532994923857868,55.32994923857868,False,False,False,False,False,
O+/cluster_6_3439.BMP,O+,PASS,0.7125809061488673,71.25809061488673,1,0.5964467005076142,59.64467005076142,False,False,False,False,False,
O+/cluster_6_3441.BMP,O+,PASS,0.7075242718446602,70.75242718446601,1,0.5634517766497462,56.34517766497462,False,False,False,False,False,
O+/cluster_6_3449.BMP,O+,PASS,0.76415857605178,76.41585760517799,1,0.5532994923857868,55.32994923857868,False,False,False,False,False,
O+/cluster_6_345.BMP,O+,PASS,0.6677791262135923,66.77791262135922,1,0.5634517766497462,56.34517766497462,False,False,False,False,False,
O+/cluster_6_3454.BMP,O+,PASS,0.7835760517799353,78.35760517799353,1,0.5532994923857868,55.32994923857868,False,False,False,False,False,
O+/cluster_6_3456.BMP,O+,PASS,0.7408980582524272,74.08980582524272,1,0.6802030456852792,68.02030456852792,False,False,False,False,False,
O+/cluster_6_3465.BMP,O+,PASS,0.7943972491909385,79.43972491909385,1,0.5812182741116751,58.121827411167516,False,False,False,False,False,
O+/cluster_6_3466.BMP,O+,PASS,0.7228964401294499,72.28964401294499,1,0.6548223350253807,65.48223350253807,False,False,False,False,False,
O+/cluster_6_3469.BMP,O+,PASS,0.7989482200647249,79.89482200647248,1,0.6573604060913706,65.73604060913706,False,False,False,False,False,
O+/cluster_6_3487.BMP,O+,PASS,0.7482807443365695,74.82807443365695,1,0.6243654822335025,62.43654822335025,False,False,False,False,False,
O+/cluster_6_3496.BMP,O+,PASS,0.8083535598705501,80.83535598705501,1,0.6979695431472082,69.79695431472082,False,False,False,False,False,
O+/cluster_6_3511.BMP,O+,PASS,0.7658778317152104,76.58778317152104,1,0.6802030456852792,68.02030456852792,False,False,False,False,False,
O+/cluster_6_3512.BMP,O+,PASS,0.7284587378640777,72.84587378640776,1,0.6065989847715736,60.659898477157356,False,False,False,False,False,
O+/cluster_6_3519.BMP,O+,PASS,0.8233211974110033,82.33211974110033,1,0.5634517766497462,56.34517766497462,False,False,False,False,False,
O+/cluster_6_3520.BMP,O+,PASS,0.7412014563106796,74.12014563106796,1,0.5710659898477157,57.10659898477157,False,False,False,False,False,
O+/cluster_6_3521.BMP,O+,PASS,0.7509101941747572,75.09101941747572,1,0.5532994923857868,55.32994923857868,False,False,False,False,False,
O+/cluster_6_3522.BMP,O+,PASS,0.7886326860841424,78.86326860841424,1,0.5583756345177665,55.83756345177665,False,False,False,False,False,
O+/cluster_6_3525.BMP,O+,PASS,0.7346278317152104,73.46278317152104,1,0.5583756345177665,55.83756345177665,False,False,False,False,False,
O+/cluster_6_3536.BMP,O+,PASS,0.7248179611650486,72.48179611650485,1,0.6852791878172588,68.52791878172589,False,False,False,False,False,
O+/cluster_6_3537.BMP,O+,PASS,0.7903519417475728,79.03519417475728,1,0.6345177664974619,63.45177664974619,False,False,False,False,False,
O+/cluster_6_3539.BMP,O+,PASS,0.7498988673139159,74.98988673139159,1,0.5532994923857868,55.32994923857868,False,False,False,False,False,
O+/cluster_6_3550.BMP,O+,PASS,0.7712378640776699,77.12378640776699,1,0.6776649746192893,67.76649746192894,False,False,False,False,False,
O+/cluster_6_3568.BMP,O+,PASS,0.6560477346278317,65.60477346278317,1,0.5634517766497462,56.34517766497462,False,False,False,False,False,
O+/cluster_6_357.BMP,O+,PASS,0.8399069579288025,83.99069579288026,1,0.6573604060913706,65.73604060913706,False,False,False,False,False,
O+/cluster_6_3570.BMP,O+,PASS,0.6614077669902912,66.14077669902912,1,0.5685279187817259,56.852791878172596,False,False,False,False,False,
O+/cluster_6_3575.BMP,O+,PASS,0.7448422330097088,74.48422330097088,1,0.5710659898477157,57.10659898477157,False,False,False,False,False,
O+/cluster_6_3577.BMP,O+,PASS,0.7394822006472492,73.94822006472492,1,0.5939086294416244,59.390862944162436,False,False,False,False,False,
O+/cluster_6_360.BMP,O+,PASS,0.7099514563106796,70.99514563106796,1,0.6395939086294417,63.95939086294417,False,False,False,False,False,
O+/cluster_6_3611.BMP,O+,PASS,0.7038834951456311,70.3883495145631,1,0.5532994923857868,55.32994923857868,False,False,False,False,False,
O+/cluster_6_3621.BMP,O+,PASS,0.777002427184466,77.7002427184466,1,0.6472081218274112,64.72081218274111,False,False,False,False,False,
O+/cluster_6_3623.BMP,O+,PASS,0.7360436893203883,73.60436893203884,2,0.7284263959390863,72.84263959390863,False,False,False,False,False,
O+/cluster_6_3634.BMP,O+,PASS,0.7034789644012945,70.34789644012946,1,0.5583756345177665,55.83756345177665,False,False,False,False,False,
O+/cluster_6_3635.BMP,O+,PASS,0.7247168284789643,72.47168284789643,1,0.6725888324873096,67.25888324873097,False,False,False,False,False,
O+/cluster_6_3638.BMP,O+,PASS,0.7666868932038835,76.66868932038835,1,0.7106598984771574,71.06598984771574,False,False,False,False,False,
O+/cluster_6_3640.BMP,O+,PASS,0.7577872168284789,75.77872168284789,1,0.5532994923857868,55.32994923857868,False,False,False,False,False,
O+/cluster_6_3652.BMP,O+,PASS,0.7775080906148867,77.75080906148867,1,0.6725888324873096,67.25888324873097,False,False,False,False,False,
O+/cluster_6_3668.BMP,O+,PASS,0.7192556634304207,71.92556634304206,1,0.5583756345177665,55.83756345177665,False,False,False,False,False,
O+/cluster_6_3672.BMP,O+,PASS,0.7154126213592233,71.54126213592234,1,0.5710659898477157,57.10659898477157,False,False,False,False,False,
O+/cluster_6_3677.BMP,O+,PASS,0.8375809061488673,83.75809061488673,1,0.6675126903553299,66.75126903553299,False,False,False,False,False,
O+/cluster_6_368.BMP,O+,PASS,0.7911610032362459,79.1161003236246,1,0.6700507614213198,67.00507614213198,False,False,False,False,False,
O+/cluster_6_3686.BMP,O+,PASS,0.7314927184466019,73.14927184466019,1,0.6091370558375635,60.913705583756354,False,False,False,False,False,
O+/cluster_6_3688.BMP,O+,PASS,0.7730582524271845,77.30582524271846,1,0.6675126903553299,66.75126903553299,False,False,False,False,False,
O+/cluster_6_3693.BMP,O+,PASS,0.7106593851132686,71.06593851132686,1,0.5634517766497462,56.34517766497462,False,False,False,False,False,
O+/cluster_6_3695.BMP,O+,PASS,0.7703276699029126,77.03276699029125,1,0.5964467005076142,59.64467005076142,False,False,False,False,False,
O+/cluster_6_3697.BMP,O+,PASS,0.8604368932038835,86.04368932038835,1,0.6573604060913706,65.73604060913706,False,False,False,False,False,
O+/cluster_6_3705.BMP,O+,PASS,0.7846885113268608,78.46885113268608,1,0.6725888324873096,67.25888324873097,False,False,False,False,False,
O+/cluster_6_371.BMP,O+,PASS,0.7384708737864077,73.84708737864078,1,0.5532994923857868,55.32994923857868,False,False,False,False,False,
O+/cluster_6_3727.BMP,O+,PASS,0.7674959546925566,76.74959546925567,1,0.5786802030456852,57.868020304568525,False,False,False,False,False,
O+/cluster_6_3730.BMP,O+,PASS,0.7972289644012945,79.72289644012946,1,0.5736040609137056,57.360406091370564,False,False,False,False,False,
O+/cluster_6_3733.BMP,O+,PASS,0.7615291262135923,76.15291262135922,1,0.565989847715736,56.598984771573605,False,False,False,False,False,
O+/cluster_6_3737.BMP,O+,PASS,0.7974312297734628,79.74312297734627,1,0.6395939086294417,63.95939086294417,False,False,False,False,False,
O+/cluster_6_3743.BMP,O+,PASS,0.7474716828478964,74.74716828478964,1,0.6573604060913706,65.73604060913706,False,False,False,False,False,
O+/cluster_6_3753.BMP,O+,PASS,0.686084142394822,68.6084142394822,1,0.5532994923857868,55.32994923857868,False,False,False,False,False,
O+/cluster_6_3754.BMP,O+,PASS,0.7698220064724919,76.98220064724919,1,0.6649746192893401,66.49746192893402,False,False,False,False,False,
O+/cluster_6_3758.BMP,O+,PASS,0.7557645631067961,75.5764563106796,1,0.6395939086294417,63.95939086294417,False,False,False,False,False,
O+/cluster_6_3774.BMP,O+,PASS,0.8379854368932039,83.7985436893204,1,0.5939086294416244,59.390862944162436,False,False,False,False,False,
O+/cluster_6_3776.BMP,O+,PASS,0.7025687702265372,70.25687702265373,1,0.5532994923857868,55.32994923857868,False,False,False,False,False,
O+/cluster_6_3781.BMP,O+,PASS,0.8510315533980582,85.10315533980582,1,0.565989847715736,56.598984771573605,False,False,False,False,False,
O+/cluster_6_3784.BMP,O+,PASS,0.8804611650485437,88.04611650485437,1,0.6878172588832487,68.78172588832487,False,False,False,False,False,
O+/cluster_6_3794.BMP,O+,PASS,0.7949029126213593,79.49029126213593,1,0.6725888324873096,67.25888324873097,False,False,False,False,False,
O+/cluster_6_3807.BMP,O+,PASS,0.7409991909385113,74.09991909385113,1,0.6421319796954315,64.21319796954315,False,False,False,False,False,
O+/cluster_6_3812.BMP,O+,PASS,0.7396844660194175,73.96844660194175,1,0.6294416243654822,62.944162436548226,False,False,False,False,False,
O+/cluster_6_3817.BMP,O+,PASS,0.7765978964401294,77.65978964401295,1,0.5532994923857868,55.32994923857868,False,False,False,False,False,
O+/cluster_6_3819.BMP,O+,PASS,0.6111142053524186,61.111420535241855,12,0.521415270018622,52.1415270018622,False,False,False,False,False,
O+/cluster_6_3826.BMP,O+,PASS,0.780542071197411,78.05420711974111,1,0.6598984771573604,65.98984771573603,False,False,False,False,False,
O+/cluster_6_3827.BMP,O+,PASS,0.7868122977346278,78.68122977346277,1,0.565989847715736,56.598984771573605,False,False,False,False,False,
O+/cluster_6_3831.BMP,O+,PASS,0.7683050161812298,76.83050161812298,1,0.5532994923857868,55.32994923857868,False,False,False,False,False,
O+/cluster_6_3844.BMP,O+,PASS,0.8822815533980582,88.22815533980582,1,0.5634517766497462,56.34517766497462,False,False,False,False,False,
O+/cluster_6_3852.BMP,O+,PASS,0.8868325242718447,88.68325242718447,1,0.6040609137055838,60.40609137055838,False,False,False,False,False,
O+/cluster_6_386.BMP,O+,PASS,0.780542071197411,78.05420711974111,1,0.682741116751269,68.2741116751269,False,False,False,False,False,
O+/cluster_6_3860.BMP,O+,PASS,0.8205906148867314,82.05906148867314,2,0.5888324873096447,58.88324873096447,False,False,False,False,False,
O+/cluster_6_3863.BMP,O+,PASS,0.8369741100323624,83.69741100323624,1,0.6395939086294417,63.95939086294417,False,False,False,False,False,
O+/cluster_6_3869.BMP,O+,PASS,0.6296521035598706,62.965210355987054,1,0.7030456852791879,70.30456852791879,False,False,False,False,False,
O+/cluster_6_3876.BMP,O+,PASS,0.8474919093851133,84.74919093851133,1,0.7208121827411168,72.08121827411168,False,False,False,False,False,
O+/cluster_6_3880.BMP,O+,PASS,0.7481796116504854,74.81796116504854,2,0.565989847715736,56.598984771573605,False,False,False,False,False,
O+/cluster_6_3888.BMP,O+,PASS,0.75707928802589,75.707928802589,1,0.631979695431472,63.1979695431472,False,False,False,False,False,
O+/cluster_6_3890.BMP,O+,PASS,0.7399878640776699,73.99878640776699,1,0.5634517766497462,56.34517766497462,False,False,False,False,False,
O+/cluster_6_3892.BMP,O+,PASS,0.7342233009708737,73.42233009708737,1,0.5558375634517766,55.58375634517766,False,False,False,False,False,
O+/cluster_6_39.BMP,O+,PASS,0.7553600323624595,75.53600323624595,1,0.631979695431472,63.1979695431472,False,False,False,False,False,
O+/cluster_6_3906.BMP,O+,PASS,0.7209749190938511,72.09749190938511,1,0.6218274111675127,62.182741116751274,False,False,False,False,False,
O+/cluster_6_3912.BMP,O+,PASS,0.8172532362459547,81.72532362459548,1,0.5634517766497462,56.34517766497462,False,False,False,False,False,
O+/cluster_6_3930.BMP,O+,PASS,0.7525283171521036,75.25283171521036,1,0.5532994923857868,55.32994923857868,False,False,False,False,False,
O+/cluster_6_3939.BMP,O+,PASS,0.7817556634304207,78.17556634304206,1,0.6878172588832487,68.78172588832487,False,False,False,False,False,
O+/cluster_6_3942.BMP,O+,PASS,0.7427184466019418,74.27184466019418,1,0.5964467005076142,59.64467005076142,False,False,False,False,False,
O+/cluster_6_3943.BMP,O+,PASS,0.7040857605177994,70.40857605177993,1,0.649746192893401,64.9746192893401,False,False,False,False,False,
O+/cluster_6_3948.BMP,O+,PASS,0.7284587378640777,72.84587378640776,1,0.5609137055837563,56.09137055837563,False,False,False,False,False,
O+/cluster_6_3950.BMP,O+,PASS,0.7098503236245954,70.98503236245955,1,0.5532994923857868,55.32994923857868,False,False,False,False,False,
O+/cluster_6_3956.BMP,O+,PASS,0.8314118122977346,83.14118122977347,1,0.7081218274111675,70.81218274111674,False,False,False,False,False,
O+/cluster_6_3973.BMP,O+,PASS,0.7314927184466019,73.14927184466019,1,0.6624365482233503,66.24365482233503,False,False,False,False,False,
O+/cluster_6_3984.BMP,O+,PASS,0.7824635922330098,78.24635922330097,1,0.6370558375634517,63.70558375634518,False,False,False,False,False,
O+/cluster_6_3989.BMP,O+,PASS,0.6751618122977346,67.51618122977347,1,0.5685279187817259,56.852791878172596,False,False,False,False,False,
O+/cluster_6_3991.BMP,O+,PASS,0.7573826860841424,75.73826860841424,1,0.5583756345177665,55.83756345177665,False,False,False,False,False,
O+/cluster_6_3995.BMP,O+,PASS,0.7782160194174758,77.82160194174757,1,0.6624365482233503,66.24365482233503,False,False,False,False,False,
O+/cluster_6_3996.BMP,O+,PASS,0.6990291262135923,69.90291262135922,1,0.5558375634517766,55.58375634517766,False,False,False,False,False,
O+/cluster_6_4009.BMP,O+,PASS,0.7970266990291263,79.70266990291263,1,0.6573604060913706,65.73604060913706,False,False,False,False,False,
O+/cluster_6_4021.BMP,O+,PASS,0.7444377022653722,74.44377022653723,1,0.5710659898477157,57.10659898477157,False,False,False,False,False,
O+/cluster_6_4031.BMP,O+,PASS,0.7959142394822006,79.59142394822007,1,0.682741116751269,68.2741116751269,False,False,False,False,False,
O+/cluster_6_4035.BMP,O+,PASS,0.7422127831715211,74.22127831715211,1,0.5583756345177665,55.83756345177665,False,False,False,False,False,
O+/cluster_6_4048.BMP,O+,PASS,0.8283778317152104,82.83778317152104,1,0.6446700507614214,64.46700507614213,False,False,False,False,False,
O+/cluster_6_4049.BMP,O+,PASS,0.748584142394822,74.8584142394822,1,0.6522842639593909,65.22842639593908,False,False,False,False,False,
O+/cluster_6_4056.BMP,O+,PASS,0.7160194174757282,71.60194174757282,1,0.5634517766497462,56.34517766497462,False,False,False,False,False,
O+/cluster_6_4059.BMP,O+,PASS,0.7293689320388349,72.93689320388349,1,0.649746192893401,64.9746192893401,False,False,False,False,False,
O+/cluster_6_4065.BMP,O+,PASS,0.7223907766990292,72.23907766990291,1,0.6294416243654822,62.944162436548226,False,False,False,False,False,
O+/cluster_6_4069.BMP,O+,PASS,0.6902305825242718,69.02305825242718,1,0.5583756345177665,55.83756345177665,False,False,False,False,False,
O+/cluster_6_4070.BMP,O+,PASS,0.7545509708737864,75.45509708737865,1,0.6421319796954315,64.21319796954315,False,False,False,False,False,
O+/cluster_6_4074.BMP,O+,PASS,0.7419093851132686,74.19093851132686,1,0.6472081218274112,64.72081218274111,False,False,False,False,False,
O+/cluster_6_4082.BMP,O+,PASS,0.7086367313915858,70.86367313915858,1,0.5558375634517766,55.58375634517766,False,False,False,False,False,
O+/cluster_6_4084.BMP,O+,PASS,0.6909409897240246,69.09409897240246,2,0.5195530726256983,51.955307262569825,False,False,False,False,False,
O+/cluster_6_409.BMP,O+,PASS,0.7077265372168284,70.77265372168284,1,0.5532994923857868,55.32994923857868,False,False,False,False,False,
O+/cluster_6_4091.BMP,O+,PASS,0.8241302588996764,82.41302588996764,1,0.682741116751269,68.2741116751269,False,False,False,False,False,
O+/cluster_6_4093.BMP,O+,PASS,0.7892394822006472,78.92394822006472,1,0.5532994923857868,55.32994923857868,False,False,False,False,False,
O+/cluster_6_4094.BMP,O+,PASS,0.8285800970873787,82.85800970873787,1,0.5761421319796954,57.61421319796954,False,False,False,False,False,
O+/cluster_6_4095.BMP,O+,PASS,0.7219862459546925,72.19862459546925,1,0.5634517766497462,56.34517766497462,False,False,False,False,False,
O+/cluster_6_4100.BMP,O+,PASS,0.7014563106796117,70.14563106796116,2,0.6598984771573604,65.98984771573603,False,False,False,False,False,
O+/cluster_6_4115.BMP,O+,PASS,0.7434263754045307,74.34263754045307,1,0.5939086294416244,59.390862944162436,False,False,False,False,False,
O+/cluster_6_4124.BMP,O+,PASS,0.7846885113268608,78.46885113268608,1,0.6472081218274112,64.72081218274111,False,False,False,False,False,
O+/cluster_6_4135.BMP,O+,PASS,0.6493729773462783,64.93729773462783,1,0.5583756345177665,55.83756345177665,False,False,False,False,False,
O+/cluster_6_4148.BMP,O+,PASS,0.7027710355987055,70.27710355987054,1,0.565989847715736,56.598984771573605,False,False,False,False,False,
O+/cluster_6_4150.BMP,O+,PASS,0.7047936893203883,70.47936893203884,1,0.5634517766497462,56.34517766497462,False,False,False,False,False,
O+/cluster_6_4155.BMP,O+,PASS,0.7275485436893204,72.75485436893204,1,0.6269035532994924,62.69035532994924,False,False,False,False,False,
O+/cluster_6_4157.BMP,O+,PASS,0.8206917475728155,82.06917475728154,1,0.583756345177665,58.37563451776649,False,False,False,False,False,
O+/cluster_6_4159.BMP,O+,PASS,0.7082322006472492,70.82322006472492,1,0.5532994923857868,55.32994923857868,False,False,False,False,False,
O+/cluster_6_4160.BMP,O+,PASS,0.7800364077669902,78.00364077669903,1,0.5532994923857868,55.32994923857868,False,False,False,False,False,
O+/cluster_6_4162.BMP,O+,PASS,0.7788228155339806,77.88228155339806,1,0.5812182741116751,58.121827411167516,False,False,False,False,False,
O+/cluster_6_4190.BMP,O+,PASS,0.7331108414239482,73.31108414239482,1,0.5736040609137056,57.360406091370564,False,False,False,False,False,
O+/cluster_6_42.BMP,O+,PASS,0.6230889192124537,62.30889192124537,1,0.5204841713221602,52.04841713221602,False,False,False,False,False,
O+/cluster_6_420.BMP,O+,PASS,0.772754854368932,77.2754854368932,1,0.5532994923857868,55.32994923857868,False,False,False,False,False,
O+/cluster_6_4201.BMP,O+,PASS,0.7233009708737864,72.33009708737865,1,0.6802030456852792,68.02030456852792,False,False,False,False,False,
O+/cluster_6_4207.BMP,O+,PASS,0.6243932038834952,62.439320388349515,1,0.5634517766497462,56.34517766497462,False,False,False,False,False,
O+/cluster_6_4209.BMP,O+,PASS,0.7303802588996764,73.03802588996764,1,0.6852791878172588,68.52791878172589,False,False,False,False,False,
O+/cluster_6_4213.BMP,O+,PASS,0.7247168284789643,72.47168284789643,1,0.5964467005076142,59.64467005076142,False,False,False,False,False,
O+/cluster_6_4223.BMP,O+,PASS,0.7730582524271845,77.30582524271846,1,0.700507614213198,70.05076142131979,False,False,False,False,False,
O+/cluster_6_423.BMP,O+,PASS,0.7692152103559871,76.9215210355987,1,0.6878172588832487,68.78172588832487,False,False,False,False,False,
O+/cluster_6_4231.BMP,O+,PASS,0.7069174757281553,70.69174757281553,1,0.5583756345177665,55.83756345177665,False,False,False,False,False,
O+/cluster_6_4237.BMP,O+,PASS,0.6624190938511327,66.24190938511327,1,0.6700507614213198,67.00507614213198,False,False,False,False,False,
O+/cluster_6_4250.BMP,O+,PASS,0.750707928802589,75.07079288025889,1,0.6751269035532995,67.51269035532995,False,False,False,False,False,
O+/cluster_6_4254.BMP,O+,PASS,0.6565533980582524,65.65533980582524,1,0.5558375634517766,55.58375634517766,False,False,False,False,False,
O+/cluster_6_4257.BMP,O+,PASS,0.8607402912621359,86.07402912621359,1,0.6649746192893401,66.49746192893402,False,False,False,False,False,
O+/cluster_6_427.BMP,O+,PASS,0.7537419093851133,75.37419093851133,1,0.5532994923857868,55.32994923857868,False,False,False,False,False,
O+/cluster_6_4287.BMP,O+,PASS,0.6718244336569579,67.18244336569579,1,0.5583756345177665,55.83756345177665,False,False,False,False,False,
O+/cluster_6_4289.BMP,O+,PASS,0.7545509708737864,75.45509708737865,1,0.6776649746192893,67.76649746192894,False,False,False,False,False,
O+/cluster_6_4291.BMP,O+,PASS,0.8348503236245954,83.48503236245955,2,0.6598984771573604,65.98984771573603,False,False,False,False,False,
O+/cluster_6_4294.BMP,O+,PASS,0.7907564724919094,79.07564724919094,1,0.565989847715736,56.598984771573605,False,False,False,False,False,
O+/cluster_6_4308.BMP,O+,PASS,0.8826860841423948,88.26860841423948,1,0.565989847715736,56.598984771573605,False,False,False,False,False,
O+/cluster_6_4318.BMP,O+,PASS,0.7451456310679612,74.51456310679612,1,0.583756345177665,58.37563451776649,False,False,False,False,False,
O+/cluster_6_4332.BMP,O+,PASS,0.7138956310679612,71.38956310679612,1,0.5583756345177665,55.83756345177665,False,False,False,False,False,
O+/cluster_6_4340.BMP,O+,PASS,0.6843648867313916,68.43648867313917,1,0.5634517766497462,56.34517766497462,False,False,False,False,False,
O+/cluster_6_4344.BMP,O+,PASS,0.7385720064724919,73.85720064724919,1,0.5634517766497462,56.34517766497462,False,False,False,False,False,
O+/cluster_6_4351.BMP,O+,PASS,0.7356391585760518,73.56391585760518,1,0.7055837563451777,70.55837563451777,False,False,False,False,False,
O+/cluster_6_4367.BMP,O+,PASS,0.7556634304207119,75.5663430420712,1,0.5634517766497462,56.34517766497462,False,False,False,False,False,
O+/cluster_6_4370.BMP,O+,PASS,0.7985436893203883,79.85436893203884,1,0.6269035532994924,62.69035532994924,False,False,False,False,False,
O+/cluster_6_4377.BMP,O+,PASS,0.778418284789644,77.8418284789644,1,0.7131979695431472,71.31979695431471,False,False,False,False,False,
O+/cluster_6_4379.BMP,O+,PASS,0.7517192556634305,75.17192556634305,1,0.6700507614213198,67.00507614213198,False,False,False,False,False,
O+/cluster_6_4390.BMP,O+,PASS,0.7566747572815534,75.66747572815534,1,0.616751269035533,61.6751269035533,False,False,False,False,False,
O+/cluster_6_4391.BMP,O+,PASS,0.777002427184466,77.7002427184466,1,0.6598984771573604,65.98984771573603,False,False,False,False,False,
O+/cluster_6_4400.BMP,O+,PASS,0.7361448220064725,73.61448220064725,1,0.5532994923857868,55.32994923857868,False,False,False,False,False,
O+/cluster_6_4402.BMP,O+,PASS,0.8062297734627831,80.62297734627832,1,0.5634517766497462,56.34517766497462,False,False,False,False,False,
O+/cluster_6_4405.BMP,O+,PASS,0.6426982200647249,64.26982200647248,1,0.5862944162436549,58.629441624365484,False,False,False,False,False,
O+/cluster_6_4413.BMP,O+,PASS,0.8556836569579288,85.56836569579288,1,0.5609137055837563,56.09137055837563,False,False,False,False,False,
O+/cluster_6_4426.BMP,O+,PASS,0.7532362459546925,75.32362459546925,1,0.6548223350253807,65.48223350253807,False,False,False,False,False,
O+/cluster_6_4427.BMP,O+,PASS,0.8380865695792881,83.8086569579288,1,0.6345177664974619,63.45177664974619,False,False,False,False,False,
O+/cluster_6_4437.BMP,O+,PASS,0.7479773462783171,74.79773462783172,1,0.5583756345177665,55.83756345177665,False,False,False,False,False,
O+/cluster_6_4441.BMP,O+,PASS,0.7001415857605178,70.01415857605178,1,0.5634517766497462,56.34517766497462,False,False,False,False,False,
O+/cluster_6_4453.BMP,O+,PASS,0.8053195792880259,80.53195792880258,1,0.7055837563451777,70.55837563451777,False,False,False,False,False,
O+/cluster_6_4457.BMP,O+,PASS,0.7165250809061489,71.65250809061489,1,0.5634517766497462,56.34517766497462,False,False,False,False,False,
O+/cluster_6_4464.BMP,O+,PASS,0.7231998381877023,72.31998381877023,1,0.5634517766497462,56.34517766497462,False,False,False,False,False,
O+/cluster_6_4469.BMP,O+,PASS,0.6902305825242718,69.02305825242718,1,0.7081218274111675,70.81218274111674,False,False,False,False,False,
O+/cluster_6_4481.BMP,O+,PASS,0.8355582524271845,83.55582524271846,1,0.7233502538071066,72.33502538071066,False,False,False,False,False,
O+/cluster_6_4482.BMP,O+,PASS,0.7630461165048543,76.30461165048543,1,0.6878172588832487,68.78172588832487,False,False,False,False,False,
O+/cluster_6_4485.BMP,O+,PASS,0.7369538834951457,73.69538834951457,1,0.6852791878172588,68.52791878172589,False,False,False,False,False,
O+/cluster_6_4495.BMP,O+,PASS,0.8104773462783171,81.04773462783172,1,0.5583756345177665,55.83756345177665,False,False,False,False,False,
O+/cluster_6_4501.BMP,O+,PASS,0.6852750809061489,68.52750809061489,1,0.5634517766497462,56.34517766497462,False,False,False,False,False,
O+/cluster_6_4503.BMP,O+,PASS,0.7921723300970874,79.21723300970875,1,0.6472081218274112,64.72081218274111,False,False,False,False,False,
O+/cluster_6_4506.BMP,O+,PASS,0.7894417475728155,78.94417475728154,1,0.6979695431472082,69.79695431472082,False,False,False,False,False,
O+/cluster_6_4519.BMP,O+,PASS,0.6020428802588996,60.204288025889966,1,0.6472081218274112,64.72081218274111,False,False,False,False,False,
O+/cluster_6_4531.BMP,O+,PASS,0.7050970873786407,70.50970873786407,1,0.6218274111675127,62.182741116751274,False,False,False,False,False,
O+/cluster_6_4532.BMP,O+,PASS,0.7067152103559871,70.6715210355987,1,0.6421319796954315,64.21319796954315,False,False,False,False,False,
O+/cluster_6_4535.BMP,O+,PASS,0.6839603559870551,68.39603559870551,1,0.5583756345177665,55.83756345177665,False,False,False,False,False,
O+/cluster_6_4539.BMP,O+,PASS,0.7648665048543689,76.4866504854369,2,0.6725888324873096,67.25888324873097,False,False,False,False,False,
O+/cluster_6_4540.BMP,O+,PASS,0.7834749190938511,78.34749190938511,1,0.6802030456852792,68.02030456852792,False,False,False,False,False,
O+/cluster_6_4542.BMP,O+,PASS,0.7469660194174758,74.69660194174757,1,0.7030456852791879,70.30456852791879,False,False,False,False,False,
O+/cluster_6_4545.BMP,O+,PASS,0.7207726537216829,72.07726537216828,1,0.5634517766497462,56.34517766497462,False,False,False,False,False,
O+/cluster_6_4546.BMP,O+,PASS,0.7766990291262136,77.66990291262135,1,0.6928934010152284,69.28934010152284,False,False,False,False,False,
O+/cluster_6_4547.BMP,O+,PASS,0.8248381877022654,82.48381877022653,1,0.6294416243654822,62.944162436548226,False,False,False,False,False,
O+/cluster_6_4548.BMP,O+,PASS,0.6678802588996764,66.78802588996764,1,0.7055837563451777,70.55837563451777,False,False,False,False,False,
O+/cluster_6_4554.BMP,O+,PASS,0.8063309061488673,80.63309061488673,1,0.6040609137055838,60.40609137055838,False,False,False,False,False,
O+/cluster_6_4558.BMP,O+,PASS,0.7543487055016181,75.43487055016182,1,0.5913705583756346,59.13705583756346,False,False,False,False,False,
O+/cluster_6_4560.BMP,O+,PASS,0.7231998381877023,72.31998381877023,1,0.5685279187817259,56.852791878172596,False,False,False,False,False,
O+/cluster_6_4561.BMP,O+,PASS,0.8318163430420712,83.18163430420712,1,0.6472081218274112,64.72081218274111,False,False,False,False,False,
O+/cluster_6_4563.BMP,O+,PASS,0.8247370550161812,82.47370550161813,1,0.5736040609137056,57.360406091370564,False,False,False,False,False,
O+/cluster_6_4574.BMP,O+,PASS,0.6815331715210357,68.15331715210357,1,0.5685279187817259,56.852791878172596,False,False,False,False,False,
O+/cluster_6_4575.BMP,O+,PASS,0.5724110032362459,57.24110032362459,1,0.5532994923857868,55.32994923857868,False,False,False,False,False,
O+/cluster_6_4587.BMP,O+,PASS,0.722997572815534,72.2997572815534,1,0.6776649746192893,67.76649746192894,False,False,False,False,False,
O+/cluster_6_459.BMP,O+,PASS,0.743628640776699,74.3628640776699,1,0.5634517766497462,56.34517766497462,False,False,False,False,False,
O+/cluster_6_4590.BMP,O+,PASS,0.7292677993527508,72.92677993527508,1,0.6294416243654822,62.944162436548226,False,False,False,False,False,
O+/cluster_6_4594.BMP,O+,PASS,0.8593244336569579,85.93244336569579,1,0.6776649746192893,67.76649746192894,False,False,False,False,False,
O+/cluster_6_4595.BMP,O+,PASS,0.7851941747572816,78.51941747572816,1,0.6395939086294417,63.95939086294417,False,False,False,False,False,
O+/cluster_6_4597.BMP,O+,PASS,0.7372572815533981,73.72572815533981,1,0.5583756345177665,55.83756345177665,False,False,False,False,False,
O+/cluster_6_4606.BMP,O+,PASS,0.6895226537216829,68.95226537216828,1,0.6294416243654822,62.944162436548226,False,False,False,False,False,
O+/cluster_6_461.BMP,O+,PASS,0.7867111650485437,78.67111650485437,1,0.5532994923857868,55.32994923857868,False,False,False,False,False,
O+/cluster_6_4612.BMP,O+,PASS,0.7546521035598706,75.46521035598705,1,0.6370558375634517,63.70558375634518,False,False,False,False,False,
O+/cluster_6_4615.BMP,O+,PASS,0.6234830097087378,62.34830097087378,1,0.5634517766497462,56.34517766497462,False,False,False,False,False,
O+/cluster_6_4618.BMP,O+,PASS,0.7537419093851133,75.37419093851133,1,0.5583756345177665,55.83756345177665,False,False,False,False,False,
O+/cluster_6_4625.BMP,O+,PASS,0.7211771844660194,72.11771844660194,1,0.5634517766497462,56.34517766497462,False,False,False,False,False,
O+/cluster_6_4631.BMP,O+,PASS,0.6895226537216829,68.95226537216828,1,0.5685279187817259,56.852791878172596,False,False,False,False,False,
O+/cluster_6_4633.BMP,O+,PASS,0.7230987055016181,72.30987055016182,1,0.5532994923857868,55.32994923857868,False,False,False,False,False,
O+/cluster_6_4634.BMP,O+,PASS,0.7473705501618123,74.73705501618123,1,0.5634517766497462,56.34517766497462,False,False,False,False,False,
O+/cluster_6_4640.BMP,O+,PASS,0.7184466019417476,71.84466019417476,1,0.5583756345177665,55.83756345177665,False,False,False,False,False,
O+/cluster_6_4645.BMP,O+,PASS,0.7659789644012945,76.59789644012946,1,0.649746192893401,64.9746192893401,False,False,False,False,False,
O+/cluster_6_4648.BMP,O+,PASS,0.7588996763754046,75.88996763754045,1,0.5583756345177665,55.83756345177665,False,False,False,False,False,
O+/cluster_6_4658.BMP,O+,PASS,0.7998584142394822,79.98584142394822,1,0.5558375634517766,55.58375634517766,False,False,False,False,False,
O+/cluster_6_4662.BMP,O+,PASS,0.7451456310679612,74.51456310679612,1,0.6598984771573604,65.98984771573603,False,False,False,False,False,
O+/cluster_6_4674.BMP,O+,PASS,0.7469660194174758,74.69660194174757,1,0.5583756345177665,55.83756345177665,False,False,False,False,False,
O+/cluster_6_4675.BMP,O+,PASS,0.7056027508090615,70.56027508090615,1,0.5583756345177665,55.83756345177665,False,False,False,False,False,
O+/cluster_6_4680.BMP,O+,PASS,0.7438309061488673,74.38309061488673,1,0.5634517766497462,56.34517766497462,False,False,False,False,False,
O+/cluster_6_4683.BMP,O+,PASS,0.6777912621359223,67.77912621359224,1,0.5685279187817259,56.852791878172596,False,False,False,False,False,
O+/cluster_6_4694.BMP,O+,PASS,0.7139967637540453,71.39967637540452,1,0.5685279187817259,56.852791878172596,False,False,False,False,False,
O+/cluster_6_4697.BMP,O+,PASS,0.7761933656957929,77.61933656957929,1,0.5685279187817259,56.852791878172596,False,False,False,False,False,
O+/cluster_6_4702.BMP,O+,PASS,0.8819781553398058,88.19781553398059,1,0.6395939086294417,63.95939086294417,False,False,False,False,False,
O+/cluster_6_471.BMP,O+,PASS,0.7960153721682848,79.60153721682848,1,0.5989847715736041,59.89847715736041,False,False,False,False,False,
O+/cluster_6_4714.BMP,O+,PASS,0.7354368932038835,73.54368932038835,1,0.649746192893401,64.9746192893401,False,False,False,False,False,
O+/cluster_6_4726.BMP,O+,PASS,0.7376618122977346,73.76618122977347,1,0.5634517766497462,56.34517766497462,False,False,False,False,False,
O+/cluster_6_4727.BMP,O+,PASS,0.7666868932038835,76.66868932038835,1,0.6294416243654822,62.944162436548226,False,False,False,False,False,
O+/cluster_6_4730.BMP,O+,PASS,0.7943972491909385,79.43972491909385,1,0.6802030456852792,68.02030456852792,False,False,False,False,False,
O+/cluster_6_4736.BMP,O+,PASS,0.6852750809061489,68.52750809061489,1,0.5532994923857868,55.32994923857868,False,False,False,False,False,
O+/cluster_6_4750.BMP,O+,PASS,0.8338389967637541,83.3838996763754,1,0.682741116751269,68.2741116751269,False,False,False,False,False,
O+/cluster_6_4765.BMP,O+,PASS,0.7609223300970874,76.09223300970875,1,0.5532994923857868,55.32994923857868,False,False,False,False,False,
O+/cluster_6_4769.BMP,O+,PASS,0.7276496763754046,72.76496763754045,1,0.6269035532994924,62.69035532994924,False,False,False,False,False,
O+/cluster_6_4777.BMP,O+,PASS,0.7351334951456311,73.5133495145631,1,0.5964467005076142,59.64467005076142,False,False,False,False,False,
O+/cluster_6_4779.BMP,O+,PASS,0.7930825242718447,79.30825242718447,1,0.583756345177665,58.37563451776649,False,False,False,False,False,
O+/cluster_6_4781.BMP,O+,PASS,0.7378640776699029,73.7864077669903,1,0.5939086294416244,59.390862944162436,False,False,False,False,False,
O+/cluster_6_4785.BMP,O+,PASS,0.7489886731391586,74.89886731391586,1,0.7106598984771574,71.06598984771574,False,False,False,False,False,
O+/cluster_6_4795.BMP,O+,PASS,0.7776092233009708,77.76092233009709,1,0.6751269035532995,67.51269035532995,False,False,False,False,False,
O+/cluster_6_480.BMP,O+,PASS,0.7627427184466019,76.27427184466019,1,0.700507614213198,70.05076142131979,False,False,False,False,False,
O+/cluster_6_4809.BMP,O+,PASS,0.7787216828478964,77.87216828478964,1,0.6878172588832487,68.78172588832487,False,False,False,False,False,
O+/cluster_6_4811.BMP,O+,PASS,0.7752831715210357,77.52831715210357,1,0.6878172588832487,68.78172588832487,False,False,False,False,False,
O+/cluster_6_4812.BMP,O+,PASS,0.8377831715210357,83.77831715210357,1,0.6878172588832487,68.78172588832487,False,False,False,False,False,
O+/cluster_6_4816.BMP,O+,PASS,0.7261326860841424,72.61326860841424,1,0.5736040609137056,57.360406091370564,False,False,False,False,False,
O+/cluster_6_4828.BMP,O+,PASS,0.736549352750809,73.6549352750809,1,0.6192893401015228,61.92893401015228,False,False,False,False,False,
O+/cluster_6_4839.BMP,O+,PASS,0.7179409385113269,71.79409385113269,1,0.5786802030456852,57.868020304568525,False,False,False,False,False,
O+/cluster_6_485.BMP,O+,PASS,0.7228964401294499,72.28964401294499,1,0.6243654822335025,62.43654822335025,False,False,False,False,False,
O+/cluster_6_4852.BMP,O+,PASS,0.6711165048543689,67.1116504854369,1,0.5583756345177665,55.83756345177665,False,False,False,False,False,
O+/cluster_6_4853.BMP,O+,PASS,0.7668891585760518,76.68891585760518,1,0.6878172588832487,68.78172588832487,False,False,False,False,False,
O+/cluster_6_4861.BMP,O+,PASS,0.7961165048543689,79.6116504854369,1,0.6218274111675127,62.182741116751274,False,False,False,False,False,
O+/cluster_6_4864.BMP,O+,PASS,0.681128640776699,68.1128640776699,1,0.5634517766497462,56.34517766497462,False,False,False,False,False,
O+/cluster_6_4870.BMP,O+,PASS,0.8925970873786407,89.25970873786407,1,0.5532994923857868,55.32994923857868,False,False,False,False,False,
O+/cluster_6_4873.BMP,O+,PASS,0.6662621359223301,66.62621359223301,1,0.5583756345177665,55.83756345177665,False,False,False,False,False,
O+/cluster_6_4874.BMP,O+,PASS,0.7556634304207119,75.5663430420712,1,0.6776649746192893,67.76649746192894,False,False,False,False,False,
O+/cluster_6_4883.BMP,O+,PASS,0.749292071197411,74.92920711974111,1,0.6751269035532995,67.51269035532995,False,False,False,False,False,
O+/cluster_6_4888.BMP,O+,PASS,0.7656755663430421,76.56755663430421,1,0.6776649746192893,67.76649746192894,False,False,False,False,False,
O+/cluster_6_4889.BMP,O+,PASS,0.7364482200647249,73.64482200647248,1,0.6852791878172588,68.52791878172589,False,False,False,False,False,
O+/cluster_6_4897.BMP,O+,PASS,0.8073422330097088,80.73422330097088,1,0.5583756345177665,55.83756345177665,False,False,False,False,False,
O+/cluster_6_4909.BMP,O+,PASS,0.7183454692556634,71.83454692556634,1,0.5532994923857868,55.32994923857868,False,False,False,False,False,
O+/cluster_6_4915.BMP,O+,PASS,0.6525080906148867,65.25080906148867,1,0.5634517766497462,56.34517766497462,False,False,False,False,False,
O+/cluster_6_4927.BMP,O+,PASS,0.6806229773462783,68.06229773462783,1,0.5634517766497462,56.34517766497462,False,False,False,False,False,
O+/cluster_6_4936.BMP,O+,PASS,0.749292071197411,74.92920711974111,1,0.5532994923857868,55.32994923857868,False,False,False,False,False,
O+/cluster_6_4942.BMP,O+,PASS,0.7524271844660194,75.24271844660194,1,0.6878172588832487,68.78172588832487,False,False,False,False,False,
O+/cluster_6_4944.BMP,O+,PASS,0.7866100323624595,78.66100323624595,1,0.5685279187817259,56.852791878172596,False,False,False,False,False,
O+/cluster_6_4956.BMP,O+,PASS,0.6632281553398058,66.32281553398059,1,0.5583756345177665,55.83756345177665,False,False,False,False,False,
O+/cluster_6_498.BMP,O+,PASS,0.7390776699029126,73.90776699029125,1,0.5583756345177665,55.83756345177665,False,False,False,False,False,
O+/cluster_6_4981.BMP,O+,PASS,0.7951051779935275,79.51051779935275,1,0.5736040609137056,57.360406091370564,False,False,False,False,False,
O+/cluster_6_4985.BMP,O+,PASS,0.8397046925566343,83.97046925566343,1,0.5532994923857868,55.32994923857868,False,False,False,False,False,
O+/cluster_6_4986.BMP,O+,PASS,0.7730582524271845,77.30582524271846,1,0.6116751269035533,61.16751269035533,False,False,False,False,False,
O+/cluster_6_4990.BMP,O+,PASS,0.7219862459546925,72.19862459546925,1,0.5685279187817259,56.852791878172596,False,False,False,False,False,
O+/cluster_6_5000.BMP,O+,PASS,0.6557443365695793,65.57443365695794,1,0.6142131979695431,61.42131979695431,False,False,False,False,False,
O+/cluster_6_501.BMP,O+,PASS,0.7667880258899676,76.67880258899676,1,0.6573604060913706,65.73604060913706,False,False,False,False,False,
O+/cluster_6_5025.BMP,O+,PASS,0.7665857605177994,76.65857605177993,1,0.5583756345177665,55.83756345177665,False,False,False,False,False,
O+/cluster_6_5027.BMP,O+,PASS,0.7713389967637541,77.1338996763754,1,0.5964467005076142,59.64467005076142,False,False,False,False,False,
O+/cluster_6_503.BMP,O+,PASS,0.7732605177993528,77.32605177993528,1,0.5532994923857868,55.32994923857868,False,False,False,False,False,
O+/cluster_6_5032.BMP,O+,PASS,0.71167071197411,71.167071197411,1,0.5634517766497462,56.34517766497462,False,False,False,False,False,
O+/cluster_6_504.BMP,O+,PASS,0.7999595469255664,79.99595469255664,1,0.565989847715736,56.598984771573605,False,False,False,False,False,
O+/cluster_6_5042.BMP,O+,PASS,0.7109627831715211,71.09627831715211,1,0.616751269035533,61.6751269035533,False,False,False,False,False,
O+/cluster_6_5044.BMP,O+,PASS,0.7787216828478964,77.87216828478964,1,0.6700507614213198,67.00507614213198,False,False,False,False,False,
O+/cluster_6_5069.BMP,O+,PASS,0.7298745954692557,72.98745954692556,1,0.5761421319796954,57.61421319796954,False,False,False,False,False,
O+/cluster_6_5073.BMP,O+,PASS,0.7306836569579288,73.06836569579288,1,0.5634517766497462,56.34517766497462,False,False,False,False,False,
O+/cluster_6_5079.BMP,O+,PASS,0.7141990291262136,71.41990291262135,1,0.5558375634517766,55.58375634517766,False,False,False,False,False,
O+/cluster_6_508.BMP,O+,PASS,0.7301779935275081,73.01779935275081,1,0.583756345177665,58.37563451776649,False,False,False,False,False,
O+/cluster_6_5089.BMP,O+,PASS,0.4851334951456311,48.51334951456311,1,0.6370558375634517,63.70558375634518,False,False,False,False,False,
O+/cluster_6_5093.BMP,O+,PASS,0.7167273462783171,71.67273462783172,1,0.5634517766497462,56.34517766497462,False,False,False,False,False,
O+/cluster_6_5094.BMP,O+,PASS,0.6999393203883495,69.99393203883496,1,0.5634517766497462,56.34517766497462,False,False,False,False,False,
O+/cluster_6_5112.BMP,O+,PASS,0.5711974110032363,57.11974110032363,1,0.6116751269035533,61.16751269035533,False,False,False,False,False,
O+/cluster_6_5117.BMP,O+,PASS,0.7932847896440129,79.3284789644013,1,0.5583756345177665,55.83756345177665,False,False,False,False,False,
O+/cluster_6_5120.BMP,O+,PASS,0.760720064724919,76.0720064724919,1,0.6370558375634517,63.70558375634518,False,False,False,False,False,
O+/cluster_6_5127.BMP,O+,PASS,0.7413025889967637,74.13025889967638,1,0.5634517766497462,56.34517766497462,False,False,False,False,False,
O+/cluster_6_5131.BMP,O+,PASS,0.7873179611650486,78.73179611650485,1,0.5532994923857868,55.32994923857868,False,False,False,False,False,
O+/cluster_6_5138.BMP,O+,PASS,0.8836974110032363,88.36974110032362,1,0.5634517766497462,56.34517766497462,False,False,False,False,False,
O+/cluster_6_516.BMP,O+,PASS,0.735032362459547,73.5032362459547,1,0.5634517766497462,56.34517766497462,False,False,False,False,False,
O+/cluster_6_5166.BMP,O+,PASS,0.7156148867313916,71.56148867313917,1,0.5583756345177665,55.83756345177665,False,False,False,False,False,
O+/cluster_6_5167.BMP,O+,PASS,0.833029935275081,83.3029935275081,1,0.6192893401015228,61.92893401015228,False,False,False,False,False,
O+/cluster_6_5168.BMP,O+,PASS,0.7951051779935275,79.51051779935275,1,0.6624365482233503,66.24365482233503,False,False,False,False,False,
O+/cluster_6_5179.BMP,O+,PASS,0.7402912621359223,74.02912621359224,1,0.6091370558375635,60.913705583756354,False,False,False,False,False,
O+/cluster_6_5192.BMP,O+,PASS,0.658373786407767,65.8373786407767,1,0.6573604060913706,65.73604060913706,False,False,False,False,False,
O+/cluster_6_5196.BMP,O+,PASS,0.7379652103559871,73.7965210355987,1,0.6776649746192893,67.76649746192894,False,False,False,False,False,
O+/cluster_6_5204.BMP,O+,PASS,0.8684263754045307,86.84263754045307,1,0.6776649746192893,67.76649746192894,False,False,False,False,False,
O+/cluster_6_5206.BMP,O+,PASS,0.6595143278843744,65.95143278843743,1,0.5940409683426443,59.40409683426443,False,False,False,False,False,
O+/cluster_6_521.BMP,O+,PASS,0.8208940129449838,82.08940129449837,1,0.6522842639593909,65.22842639593908,False,False,False,False,False,
O+/cluster_6_5214.BMP,O+,PASS,0.7311893203883495,73.11893203883496,1,0.5634517766497462,56.34517766497462,False,False,False,False,False,
O+/cluster_6_5225.BMP,O+,PASS,0.7914644012944984,79.14644012944983,1,0.6649746192893401,66.49746192893402,False,False,False,False,False,
O+/cluster_6_5229.BMP,O+,PASS,0.8733818770226537,87.33818770226537,1,0.5532994923857868,55.32994923857868,False,False,False,False,False,
O+/cluster_6_5238.BMP,O+,PASS,0.7777103559870551,77.77103559870551,1,0.6269035532994924,62.69035532994924,False,False,False,False,False,
O+/cluster_6_5240.BMP,O+,PASS,0.7718446601941747,77.18446601941747,1,0.5532994923857868,55.32994923857868,False,False,False,False,False,
O+/cluster_6_5249.BMP,O+,PASS,0.8545711974110033,85.45711974110033,1,0.5786802030456852,57.868020304568525,False,False,False,False,False,
O+/cluster_6_5267.BMP,O+,PASS,0.7394822006472492,73.94822006472492,1,0.6345177664974619,63.45177664974619,False,False,False,False,False,
O+/cluster_6_5268.BMP,O+,PASS,0.7316949838187702,73.16949838187702,1,0.6345177664974619,63.45177664974619,False,False,False,False,False,
O+/cluster_6_527.BMP,O+,PASS,0.7148058252427184,71.48058252427184,1,0.5558375634517766,55.58375634517766,False,False,False,False,False,
O+/cluster_6_5284.BMP,O+,PASS,0.6973098705501618,69.73098705501619,1,0.5583756345177665,55.83756345177665,False,False,False,False,False,
O+/cluster_6_5293.BMP,O+,PASS,0.7658778317152104,76.58778317152104,1,0.5634517766497462,56.34517766497462,False,False,False,False,False,
O+/cluster_6_5297.BMP,O+,PASS,0.68042071197411,68.042071197411,1,0.5685279187817259,56.852791878172596,False,False,False,False,False,
O+/cluster_6_53.BMP,O+,PASS,0.7817556634304207,78.17556634304206,1,0.5685279187817259,56.852791878172596,False,False,False,False,False,
O+/cluster_6_5316.BMP,O+,PASS,0.76709142394822,76.70914239482201,1,0.5558375634517766,55.58375634517766,False,False,False,False,False,
O+/cluster_6_5317.BMP,O+,PASS,0.8107807443365695,81.07807443365695,1,0.6802030456852792,68.02030456852792,False,False,False,False,False,
O+/cluster_6_5329.BMP,O+,PASS,0.6774878640776699,67.74878640776699,1,0.5634517766497462,56.34517766497462,False,False,False,False,False,
O+/cluster_6_5330.BMP,O+,PASS,0.6752629449838188,67.52629449838187,1,0.5989847715736041,59.89847715736041,False,False,False,False,False,
O+/cluster_6_5331.BMP,O+,PASS,0.8070388349514563,80.70388349514563,1,0.5532994923857868,55.32994923857868,False,False,False,False,False,
O+/cluster_6_5338.BMP,O+,PASS,0.8643810679611651,86.43810679611651,1,0.6725888324873096,67.25888324873097,False,False,False,False,False,
O+/cluster_6_5344.BMP,O+,PASS,0.6689927184466019,66.89927184466019,1,0.6598984771573604,65.98984771573603,False,False,False,False,False,
O+/cluster_6_5352.BMP,O+,PASS,0.8101739482200647,81.01739482200647,1,0.5634517766497462,56.34517766497462,False,False,False,False,False,
O+/cluster_6_5354.BMP,O+,PASS,0.7639563106796117,76.39563106796116,1,0.5736040609137056,57.360406091370564,False,False,False,False,False,
O+/cluster_6_5357.BMP,O+,PASS,0.6971076051779935,69.71076051779936,1,0.5532994923857868,55.32994923857868,False,False,False,False,False,
O+/cluster_6_5358.BMP,O+,PASS,0.8014765372168284,80.14765372168284,1,0.6979695431472082,69.79695431472082,False,False,False,False,False,
O+/cluster_6_5364.BMP,O+,PASS,0.7190533980582524,71.90533980582524,1,0.583756345177665,58.37563451776649,False,False,False,False,False,
O+/cluster_6_5368.BMP,O+,PASS,0.7621359223300971,76.2135922330097,1,0.5532994923857868,55.32994923857868,False,False,False,False,False,
O+/cluster_6_5372.BMP,O+,PASS,0.781957928802589,78.19579288025889,1,0.5583756345177665,55.83756345177665,False,False,False,False,False,
O+/cluster_6_5376.BMP,O+,PASS,0.807544498381877,80.7544498381877,1,0.6776649746192893,67.76649746192894,False,False,False,False,False,
O+/cluster_6_5382.BMP,O+,PASS,0.8260517799352751,82.60517799352752,1,0.6395939086294417,63.95939086294417,False,False,False,False,False,
O+/cluster_6_5388.BMP,O+,PASS,0.6473503236245954,64.73503236245955,1,0.5634517766497462,56.34517766497462,False,False,False,False,False,
O+/cluster_6_5401.BMP,O+,PASS,0.752831715210356,75.2831715210356,1,0.649746192893401,64.9746192893401,False,False,False,False,False,
O+/cluster_6_5405.BMP,O+,PASS,0.8425364077669902,84.25364077669903,1,0.6878172588832487,68.78172588832487,False,False,False,False,False,
O+/cluster_6_5408.BMP,O+,PASS,0.6873988673139159,68.73988673139159,1,0.6294416243654822,62.944162436548226,False,False,False,False,False,
O+/cluster_6_5413.BMP,O+,PASS,0.7852953074433657,78.52953074433657,1,0.5532994923857868,55.32994923857868,False,False,False,False,False,
O+/cluster_6_5422.BMP,O+,PASS,0.7512135922330098,75.12135922330097,1,0.7157360406091371,71.57360406091371,False,False,False,False,False,
O+/cluster_6_5426.BMP,O+,PASS,0.7130865695792881,71.3086569579288,1,0.6700507614213198,67.00507614213198,False,False,False,False,False,
O+/cluster_6_543.BMP,O+,PASS,0.6872977346278317,68.72977346278317,1,0.5583756345177665,55.83756345177665,False,False,False,False,False,
O+/cluster_6_5433.BMP,O+,PASS,0.7342233009708737,73.42233009708737,1,0.6649746192893401,66.49746192893402,False,False,False,False,False,
O+/cluster_6_5436.BMP,O+,PASS,0.7200647249190939,72.00647249190939,1,0.6649746192893401,66.49746192893402,False,False,False,False,False,
O+/cluster_6_5456.BMP,O+,PASS,0.8507281553398058,85.07281553398059,1,0.5583756345177665,55.83756345177665,False,False,False,False,False,
O+/cluster_6_546.BMP,O+,PASS,0.6943770226537217,69.43770226537217,1,0.5634517766497462,56.34517766497462,False,False,False,False,False,
O+/cluster_6_5462.BMP,O+,PASS,0.7183454692556634,71.83454692556634,1,0.6878172588832487,68.78172588832487,False,False,False,False,False,
O+/cluster_6_5478.BMP,O+,PASS,0.863673139158576,86.36731391585761,1,0.700507614213198,70.05076142131979,False,False,False,False,False,
O+/cluster_6_5486.BMP,O+,PASS,0.7421116504854369,74.21116504854369,1,0.5583756345177665,55.83756345177665,False,False,False,False,False,
O+/cluster_6_5487.BMP,O+,PASS,0.7421116504854369,74.21116504854369,1,0.5634517766497462,56.34517766497462,False,False,False,False,False,
O+/cluster_6_5492.BMP,O+,PASS,0.7470671521035599,74.706715210356,1,0.5583756345177665,55.83756345177665,False,False,False,False,False,
O+/cluster_6_5499.BMP,O+,PASS,0.7799352750809061,77.99352750809061,1,0.6573604060913706,65.73604060913706,False,False,False,False,False,
O+/cluster_6_5509.BMP,O+,PASS,0.6582726537216829,65.82726537216828,1,0.5583756345177665,55.83756345177665,False,False,False,False,False,
O+/cluster_6_5517.BMP,O+,PASS,0.7246156957928802,72.46156957928802,1,0.5736040609137056,57.360406091370564,False,False,False,False,False,
O+/cluster_6_5526.BMP,O+,PASS,0.736549352750809,73.6549352750809,1,0.6649746192893401,66.49746192893402,False,False,False,False,False,
O+/cluster_6_5529.BMP,O+,PASS,0.808252427184466,80.8252427184466,1,0.6573604060913706,65.73604060913706,False,False,False,False,False,
O+/cluster_6_553.BMP,O+,PASS,0.7260315533980582,72.60315533980582,1,0.565989847715736,56.598984771573605,False,False,False,False,False,
O+/cluster_6_5532.BMP,O+,PASS,0.7825647249190939,78.25647249190939,1,0.5634517766497462,56.34517766497462,False,False,False,False,False,
O+/cluster_6_5537.BMP,O+,PASS,0.8382888349514563,83.82888349514563,1,0.5761421319796954,57.61421319796954,False,False,False,False,False,
O+/cluster_6_5542.BMP,O+,PASS,0.6631270226537217,66.31270226537217,1,0.5685279187817259,56.852791878172596,False,False,False,False,False,
O+/cluster_6_5543.BMP,O+,PASS,0.792576860841424,79.25768608414239,1,0.5685279187817259,56.852791878172596,False,False,False,False,False,
O+/cluster_6_5546.BMP,O+,PASS,0.7354368932038835,73.54368932038835,1,0.6675126903553299,66.75126903553299,False,False,False,False,False,
O+/cluster_6_5551.BMP,O+,PASS,0.7165250809061489,71.65250809061489,1,0.5634517766497462,56.34517766497462,False,False,False,False,False,
O+/cluster_6_5560.BMP,O+,PASS,0.7611245954692557,76.11245954692556,1,0.6700507614213198,67.00507614213198,False,False,False,False,False,
O+/cluster_6_5564.BMP,O+,PASS,0.6682847896440129,66.8284789644013,1,0.5964467005076142,59.64467005076142,False,False,False,False,False,
O+/cluster_6_5579.BMP,O+,PASS,0.8334344660194175,83.34344660194175,1,0.6852791878172588,68.52791878172589,False,False,False,False,False,
O+/cluster_6_5580.BMP,O+,PASS,0.6419902912621359,64.19902912621359,1,0.5685279187817259,56.852791878172596,False,False,False,False,False,
O+/cluster_6_5599.BMP,O+,PASS,0.7834749190938511,78.34749190938511,1,0.6776649746192893,67.76649746192894,False,False,False,False,False,
O+/cluster_6_5603.BMP,O+,PASS,0.7444377022653722,74.44377022653723,1,0.6700507614213198,67.00507614213198,False,False,False,False,False,
O+/cluster_6_5621.BMP,O+,PASS,0.7453478964401294,74.53478964401295,1,0.6878172588832487,68.78172588832487,False,False,False,False,False,
O+/cluster_6_5625.BMP,O+,PASS,0.7930825242718447,79.30825242718447,1,0.5583756345177665,55.83756345177665,False,False,False,False,False,
O+/cluster_6_5633.BMP,O+,PASS,0.7616302588996764,76.16302588996764,1,0.6776649746192893,67.76649746192894,False,False,False,False,False,
O+/cluster_6_5634.BMP,O+,PASS,0.7096480582524272,70.96480582524272,1,0.6878172588832487,68.78172588832487,False,False,False,False,False,
O+/cluster_6_5641.BMP,O+,PASS,0.5530229190453647,55.302291904536474,10,0.5325884543761639,53.25884543761639,False,False,False,False,False,
O+/cluster_6_5643.BMP,O+,PASS,0.6857807443365695,68.57807443365695,1,0.5583756345177665,55.83756345177665,False,False,False,False,False,
O+/cluster_6_565.BMP,O+,PASS,0.738673139158576,73.86731391585761,1,0.5634517766497462,56.34517766497462,False,False,False,False,False,
O+/cluster_6_5651.BMP,O+,PASS,0.6907362459546925,69.07362459546925,1,0.5583756345177665,55.83756345177665,False,False,False,False,False,
O+/cluster_6_567.BMP,O+,PASS,0.7557645631067961,75.5764563106796,1,0.5685279187817259,56.852791878172596,False,False,False,False,False,
O+/cluster_6_5672.BMP,O+,PASS,0.6952872168284789,69.52872168284789,1,0.6649746192893401,66.49746192893402,False,False,False,False,False,
O+/cluster_6_568.BMP,O+,PASS,0.7532362459546925,75.32362459546925,1,0.649746192893401,64.9746192893401,False,False,False,False,False,
O+/cluster_6_5681.BMP,O+,PASS,0.6560477346278317,65.60477346278317,1,0.5685279187817259,56.852791878172596,False,False,False,False,False,
O+/cluster_6_5682.BMP,O+,PASS,0.7591019417475728,75.91019417475728,1,0.6700507614213198,67.00507614213198,False,False,False,False,False,
O+/cluster_6_5683.BMP,O+,PASS,0.806128640776699,80.6128640776699,1,0.6269035532994924,62.69035532994924,False,False,False,False,False,
O+/cluster_6_5686.BMP,O+,PASS,0.6848705501618123,68.48705501618123,1,0.631979695431472,63.1979695431472,False,False,False,False,False,
O+/cluster_6_5689.BMP,O+,PASS,0.8199838187702265,81.99838187702265,1,0.616751269035533,61.6751269035533,False,False,False,False,False,
O+/cluster_6_570.BMP,O+,PASS,0.7156148867313916,71.56148867313917,1,0.6192893401015228,61.92893401015228,False,False,False,False,False,
O+/cluster_6_5704.BMP,O+,FAIL,0.9074635922330098,90.74635922330097,1,0.6852791878172588,68.52791878172589,False,True,False,False,False,
O+/cluster_6_5711.BMP,O+,PASS,0.7751820388349514,77.51820388349515,1,0.5583756345177665,55.83756345177665,False,False,False,False,False,
O+/cluster_6_5721.BMP,O+,PASS,0.6595873786407767,65.95873786407766,1,0.5710659898477157,57.10659898477157,False,False,False,False,False,
O+/cluster_6_573.BMP,O+,PASS,0.7732605177993528,77.32605177993528,1,0.5558375634517766,55.58375634517766,False,False,False,False,False,
O+/cluster_6_5731.BMP,O+,PASS,0.6471480582524272,64.71480582524272,1,0.5583756345177665,55.83756345177665,False,False,False,False,False,
O+/cluster_6_5739.BMP,O+,PASS,0.7143001618122977,71.43001618122977,1,0.5989847715736041,59.89847715736041,False,False,False,False,False,
O+/cluster_6_574.BMP,O+,PASS,0.8049150485436893,80.49150485436894,1,0.649746192893401,64.9746192893401,False,False,False,False,False,
O+/cluster_6_5759.BMP,O+,PASS,0.7085355987055016,70.85355987055017,1,0.6218274111675127,62.182741116751274,False,False,False,False,False,
O+/cluster_6_5766.BMP,O+,PASS,0.7466626213592233,74.66626213592234,1,0.5583756345177665,55.83756345177665,False,False,False,False,False,
O+/cluster_6_5771.BMP,O+,PASS,0.8616504854368932,86.16504854368931,1,0.7055837563451777,70.55837563451777,False,False,False,False,False,
O+/cluster_6_578.BMP,O+,PASS,0.6347087378640777,63.470873786407765,1,0.6116751269035533,61.16751269035533,False,False,False,False,False,
O+/cluster_6_5781.BMP,O+,PASS,0.6920509708737864,69.20509708737865,1,0.6903553299492385,69.03553299492386,False,False,False,False,False,
O+/cluster_6_5788.BMP,O+,PASS,0.7414037216828478,74.14037216828478,1,0.6649746192893401,66.49746192893402,False,False,False,False,False,
O+/cluster_6_5805.BMP,O+,PASS,0.7927791262135923,79.27791262135922,1,0.6294416243654822,62.944162436548226,False,False,False,False,False,
O+/cluster_6_5815.BMP,O+,PASS,0.7362459546925566,73.62459546925567,1,0.6802030456852792,68.02030456852792,False,False,False,False,False,
O+/cluster_6_582.BMP,O+,PASS,0.7309870550161812,73.09870550161813,1,0.5583756345177665,55.83756345177665,False,False,False,False,False,
O+/cluster_6_5825.BMP,O+,PASS,0.7988470873786407,79.88470873786407,1,0.6878172588832487,68.78172588832487,False,False,False,False,False,
O+/cluster_6_5830.BMP,O+,PASS,0.7333131067961165,73.33131067961165,1,0.5685279187817259,56.852791878172596,False,False,False,False,False,
O+/cluster_6_5833.BMP,O+,PASS,0.7729571197411004,77.29571197411003,1,0.565989847715736,56.598984771573605,False,False,False,False,False,
O+/cluster_6_5839.BMP,O+,PASS,0.7256270226537217,72.56270226537217,1,0.5532994923857868,55.32994923857868,False,False,False,False,False,
O+/cluster_6_5851.BMP,O+,PASS,0.7128843042071198,71.28843042071198,1,0.5532994923857868,55.32994923857868,False,False,False,False,False,
O+/cluster_6_5858.BMP,O+,PASS,0.7163228155339806,71.63228155339806,1,0.5939086294416244,59.390862944162436,False,False,False,False,False,
O+/cluster_6_5862.BMP,O+,PASS,0.7247168284789643,72.47168284789643,1,0.5710659898477157,57.10659898477157,False,False,False,False,False,
O+/cluster_6_5864.BMP,O+,PASS,0.7459546925566343,74.59546925566343,1,0.5634517766497462,56.34517766497462,False,False,False,False,False,
O+/cluster_6_5872.BMP,O+,PASS,0.7303802588996764,73.03802588996764,1,0.5634517766497462,56.34517766497462,False,False,False,False,False,
O+/cluster_6_5874.BMP,O+,PASS,0.8185679611650486,81.85679611650485,1,0.631979695431472,63.1979695431472,False,False,False,False,False,
O+/cluster_6_5876.BMP,O+,PASS,0.7216828478964401,72.168284789644,1,0.6776649746192893,67.76649746192894,False,False,False,False,False,
O+/cluster_6_59.BMP,O+,PASS,0.7417071197411004,74.17071197411003,1,0.5583756345177665,55.83756345177665,False,False,False,False,False,
O+/cluster_6_5908.BMP,O+,PASS,0.7685072815533981,76.85072815533981,1,0.6472081218274112,64.72081218274111,False,False,False,False,False,
O+/cluster_6_5916.BMP,O+,PASS,0.738673139158576,73.86731391585761,1,0.5532994923857868,55.32994923857868,False,False,False,False,False,
O+/cluster_6_5921.BMP,O+,PASS,0.6687904530744336,66.87904530744336,1,0.5685279187817259,56.852791878172596,False,False,False,False,False,
O+/cluster_6_5924.BMP,O+,PASS,0.7433252427184466,74.33252427184466,1,0.5532994923857868,55.32994923857868,False,False,False,False,False,
O+/cluster_6_5931.BMP,O+,PASS,0.6635315533980582,66.35315533980582,1,0.5532994923857868,55.32994923857868,False,False,False,False,False,
O+/cluster_6_5936.BMP,O+,PASS,0.6963996763754046,69.63996763754045,1,0.5634517766497462,56.34517766497462,False,False,False,False,False,
O+/cluster_6_5939.BMP,O+,PASS,0.8080501618122977,80.80501618122977,1,0.6395939086294417,63.95939086294417,False,False,False,False,False,
O+/cluster_6_594.BMP,O+,PASS,0.7362459546925566,73.62459546925567,1,0.6548223350253807,65.48223350253807,False,False,False,False,False,
O+/cluster_6_5948.BMP,O+,PASS,0.8517394822006472,85.17394822006472,1,0.6522842639593909,65.22842639593908,False,False,False,False,False,
O+/cluster_6_5964.BMP,O+,PASS,0.70459142394822,70.45914239482201,1,0.5583756345177665,55.83756345177665,False,False,False,False,False,
O+/cluster_6_5966.BMP,O+,PASS,0.7021642394822006,70.21642394822007,1,0.5532994923857868,55.32994923857868,False,False,False,False,False,
O+/cluster_6_5977.BMP,O+,PASS,0.8662014563106796,86.62014563106796,1,0.7258883248730964,72.58883248730965,False,False,False,False,False,
O+/cluster_6_5983.BMP,O+,PASS,0.7723503236245954,77.23503236245955,1,0.6776649746192893,67.76649746192894,False,False,False,False,False,
O+/cluster_6_5987.BMP,O+,PASS,0.7464603559870551,74.64603559870551,1,0.5634517766497462,56.34517766497462,False,False,False,False,False,
O+/cluster_6_5989.BMP,O+,PASS,0.6662621359223301,66.62621359223301,1,0.5532994923857868,55.32994923857868,False,False,False,False,False,
O+/cluster_6_5994.BMP,O+,PASS,0.8161407766990292,81.61407766990291,1,0.5634517766497462,56.34517766497462,False,False,False,False,False,
O+/cluster_6_602.BMP,O+,PASS,0.7260315533980582,72.60315533980582,1,0.5583756345177665,55.83756345177665,False,False,False,False,False,
O+/cluster_6_622.BMP,O+,PASS,0.8646844660194175,86.46844660194175,1,0.6928934010152284,69.28934010152284,False,False,False,False,False,
O+/cluster_6_623.BMP,O+,PASS,0.7090412621359223,70.90412621359224,1,0.5583756345177665,55.83756345177665,False,False,False,False,False,
O+/cluster_6_626.BMP,O+,PASS,0.7344255663430421,73.44255663430421,1,0.5583756345177665,55.83756345177665,False,False,False,False,False,
O+/cluster_6_64.BMP,O+,PASS,0.6606998381877023,66.06998381877023,1,0.5634517766497462,56.34517766497462,False,False,False,False,False,
O+/cluster_6_642.BMP,O+,PASS,0.7182443365695793,71.82443365695794,1,0.5634517766497462,56.34517766497462,False,False,False,False,False,
O+/cluster_6_655.BMP,O+,PASS,0.6333940129449838,63.33940129449837,1,0.6522842639593909,65.22842639593908,False,False,False,False,False,
O+/cluster_6_661.BMP,O+,PASS,0.7481796116504854,74.81796116504854,1,0.6294416243654822,62.944162436548226,False,False,False,False,False,
O+/cluster_6_665.BMP,O+,PASS,0.8426375404530745,84.26375404530745,1,0.7233502538071066,72.33502538071066,False,False,False,False,False,
O+/cluster_6_671.BMP,O+,PASS,0.741504854368932,74.1504854368932,1,0.5634517766497462,56.34517766497462,False,False,False,False,False,
O+/cluster_6_679.BMP,O+,PASS,0.7623381877022654,76.23381877022653,1,0.5786802030456852,57.868020304568525,False,False,False,False,False,
O+/cluster_6_684.BMP,O+,PASS,0.8641788025889967,86.41788025889967,1,0.6675126903553299,66.75126903553299,False,False,False,False,False,
O+/cluster_6_689.BMP,O+,PASS,0.797532362459547,79.7532362459547,1,0.6675126903553299,66.75126903553299,False,False,False,False,False,
O+/cluster_6_69.BMP,O+,PASS,0.8680218446601942,86.80218446601941,1,0.700507614213198,70.05076142131979,False,False,False,False,False,
O+/cluster_6_70.BMP,O+,PASS,0.8088592233009708,80.88592233009709,1,0.565989847715736,56.598984771573605,False,False,False,False,False,
O+/cluster_6_709.BMP,O+,PASS,0.7234021035598706,72.34021035598705,1,0.5532994923857868,55.32994923857868,False,False,False,False,False,
O+/cluster_6_717.BMP,O+,PASS,0.7957119741100324,79.57119741100324,1,0.6675126903553299,66.75126903553299,False,False,False,False,False,
O+/cluster_6_720.BMP,O+,PASS,0.6541814029908937,65.41814029908937,8,0.5195530726256983,51.955307262569825,False,False,False,False,False,
O+/cluster_6_724.BMP,O+,PASS,0.8875404530744336,88.75404530744336,1,0.6472081218274112,64.72081218274111,False,False,False,False,False,
O+/cluster_6_732.BMP,O+,PASS,0.7896440129449838,78.96440129449837,1,0.5532994923857868,55.32994923857868,False,False,False,False,False,
O+/cluster_6_734.BMP,O+,PASS,0.7445388349514563,74.45388349514563,1,0.6878172588832487,68.78172588832487,False,False,False,False,False,
O+/cluster_6_752.BMP,O+,PASS,0.7360436893203883,73.60436893203884,1,0.5685279187817259,56.852791878172596,False,False,False,False,False,
O+/cluster_6_762.BMP,O+,PASS,0.7178398058252428,71.78398058252428,1,0.6370558375634517,63.70558375634518,False,False,False,False,False,
O+/cluster_6_771.BMP,O+,PASS,0.689623786407767,68.9623786407767,1,0.5634517766497462,56.34517766497462,False,False,False,False,False,
O+/cluster_6_773.BMP,O+,PASS,0.7859021035598706,78.59021035598705,1,0.649746192893401,64.9746192893401,False,False,False,False,False,
O+/cluster_6_774.BMP,O+,PASS,0.7399878640776699,73.99878640776699,1,0.631979695431472,63.1979695431472,False,False,False,False,False,
O+/cluster_6_784.BMP,O+,PASS,0.7006472491909385,70.06472491909385,1,0.6015228426395939,60.15228426395939,False,False,False,False,False,
O+/cluster_6_794.BMP,O+,PASS,0.29500404530744334,29.500404530744333,1,0.5634517766497462,56.34517766497462,False,False,False,False,False,
O+/cluster_6_797.BMP,O+,PASS,0.752123786407767,75.2123786407767,1,0.6446700507614214,64.46700507614213,False,False,False,False,False,
O+/cluster_6_799.BMP,O+,PASS,0.7242111650485437,72.42111650485437,1,0.6598984771573604,65.98984771573603,False,False,False,False,False,
O+/cluster_6_803.BMP,O+,PASS,0.5757483818770227,57.57483818770227,1,0.583756345177665,58.37563451776649,False,False,False,False,False,
O+/cluster_6_804.BMP,O+,PASS,0.7262338187702265,72.62338187702265,1,0.5532994923857868,55.32994923857868,False,False,False,False,False,
O+/cluster_6_808.BMP,O+,PASS,0.7623381877022654,76.23381877022653,1,0.5634517766497462,56.34517766497462,False,False,False,False,False,
O+/cluster_6_812.BMP,O+,PASS,0.6835558252427184,68.35558252427184,1,0.5634517766497462,56.34517766497462,False,False,False,False,False,
O+/cluster_6_813.BMP,O+,PASS,0.8453681229773463,84.53681229773463,1,0.5532994923857868,55.32994923857868,False,False,False,False,False,
O+/cluster_6_837.BMP,O+,PASS,0.7404935275080906,74.04935275080906,1,0.6522842639593909,65.22842639593908,False,False,False,False,False,
O+/cluster_6_839.BMP,O+,PASS,0.7195590614886731,71.95590614886731,1,0.5532994923857868,55.32994923857868,False,False,False,False,False,
O+/cluster_6_843.BMP,O+,PASS,0.814623786407767,81.4623786407767,1,0.6979695431472082,69.79695431472082,False,False,False,False,False,
O+/cluster_6_844.BMP,O+,PASS,0.6943770226537217,69.43770226537217,1,0.5685279187817259,56.852791878172596,False,False,False,False,False,
O+/cluster_6_850.BMP,O+,PASS,0.7257281553398058,72.57281553398059,1,0.5685279187817259,56.852791878172596,False,False,False,False,False,
O+/cluster_6_855.BMP,O+,PASS,0.8320186084142395,83.20186084142395,1,0.6751269035532995,67.51269035532995,False,False,False,False,False,
O+/cluster_6_856.BMP,O+,PASS,0.6563511326860841,65.63511326860841,1,0.5634517766497462,56.34517766497462,False,False,False,False,False,
O+/cluster_6_858.BMP,O+,PASS,0.7581917475728155,75.81917475728154,1,0.6395939086294417,63.95939086294417,False,False,False,False,False,
O+/cluster_6_861.BMP,O+,PASS,0.8126011326860841,81.26011326860841,1,0.6548223350253807,65.48223350253807,False,False,False,False,False,
O+/cluster_6_885.BMP,O+,PASS,0.8010720064724919,80.10720064724919,1,0.6345177664974619,63.45177664974619,False,False,False,False,False,
O+/cluster_6_893.BMP,O+,PASS,0.7188511326860841,71.88511326860841,1,0.631979695431472,63.1979695431472,False,False,False,False,False,
O+/cluster_6_902.BMP,O+,PASS,0.7128843042071198,71.28843042071198,1,0.5532994923857868,55.32994923857868,False,False,False,False,False,
O+/cluster_6_911.BMP,O+,PASS,0.7686084142394822,76.86084142394822,1,0.7081218274111675,70.81218274111674,False,False,False,False,False,
O+/cluster_6_932.BMP,O+,PASS,0.8143203883495146,81.43203883495146,1,0.6598984771573604,65.98984771573603,False,False,False,False,False,
O+/cluster_6_935.BMP,O+,PASS,0.6921521035598706,69.21521035598705,1,0.5583756345177665,55.83756345177665,False,False,False,False,False,
O+/cluster_6_937.BMP,O+,PASS,0.7437297734627831,74.37297734627832,1,0.6548223350253807,65.48223350253807,False,False,False,False,False,
O+/cluster_6_941.BMP,O+,PASS,0.7655744336569579,76.55744336569579,1,0.5685279187817259,56.852791878172596,False,False,False,False,False,
O+/cluster_6_954.BMP,O+,PASS,0.8071399676375405,80.71399676375405,1,0.5532994923857868,55.32994923857868,False,False,False,False,False,
O+/cluster_6_971.BMP,O+,PASS,0.690331715210356,69.0331715210356,1,0.6421319796954315,64.21319796954315,False,False,False,False,False,
O+/cluster_6_975.BMP,O+,PASS,0.6922532362459547,69.22532362459548,1,0.5583756345177665,55.83756345177665,False,False,False,False,False,
O+/cluster_6_978.BMP,O+,PASS,0.758495145631068,75.8495145631068,1,0.5583756345177665,55.83756345177665,False,False,False,False,False,
O+/cluster_6_981.BMP,O+,PASS,0.8300970873786407,83.00970873786407,1,0.5761421319796954,57.61421319796954,False,False,False,False,False,
O+/cluster_6_990.BMP,O+,PASS,0.811792071197411,81.17920711974111,1,0.6751269035532995,67.51269035532995,False,False,False,False,False,
O-/cluster_7_1002.BMP,O-,PASS,0.6179787796931131,61.79787796931131,3,0.5195530726256983,51.955307262569825,False,False,False,False,False,
O-/cluster_7_1014.BMP,O-,PASS,0.6808252427184466,68.08252427184466,1,0.5634517766497462,56.34517766497462,False,False,False,False,False,
O-/cluster_7_1028.BMP,O-,PASS,0.733717637540453,73.3717637540453,1,0.5583756345177665,55.83756345177665,False,False,False,False,False,
O-/cluster_7_1037.BMP,O-,PASS,0.7351334951456311,73.5133495145631,1,0.5583756345177665,55.83756345177665,False,False,False,False,False,
O-/cluster_7_1040.BMP,O-,PASS,0.5904926341585675,59.04926341585674,2,0.5195530726256983,51.955307262569825,False,False,False,False,False,
O-/cluster_7_1043.BMP,O-,PASS,0.73584142394822,73.58414239482201,1,0.5634517766497462,56.34517766497462,False,False,False,False,False,
O-/cluster_7_1046.BMP,O-,PASS,0.7551577669902912,75.51577669902912,1,0.5583756345177665,55.83756345177665,False,False,False,False,False,
O-/cluster_7_1047.BMP,O-,PASS,0.40432847896440127,40.43284789644013,1,0.5583756345177665,55.83756345177665,False,False,False,False,False,
O-/cluster_7_1061.BMP,O-,PASS,0.6625202265372169,66.25202265372168,1,0.5634517766497462,56.34517766497462,False,False,False,False,False,
O-/cluster_7_1091.BMP,O-,PASS,0.7614279935275081,76.14279935275081,1,0.5583756345177665,55.83756345177665,False,False,False,False,False,
O-/cluster_7_1099.BMP,O-,PASS,0.6139765372168284,61.39765372168284,1,0.5634517766497462,56.34517766497462,False,False,False,False,False,
O-/cluster_7_1104.BMP,O-,PASS,0.6454288025889967,64.54288025889967,1,0.5634517766497462,56.34517766497462,False,False,False,False,False,
O-/cluster_7_112.BMP,O-,PASS,0.693871359223301,69.3871359223301,1,0.5532994923857868,55.32994923857868,False,False,False,False,False,
O-/cluster_7_1120.BMP,O-,PASS,0.6255056634304207,62.55056634304207,1,0.5583756345177665,55.83756345177665,False,False,False,False,False,
O-/cluster_7_1121.BMP,O-,PASS,0.6018406148867314,60.18406148867314,1,0.5736040609137056,57.360406091370564,False,False,False,False,False,
O-/cluster_7_1127.BMP,O-,PASS,0.7656755663430421,76.56755663430421,1,0.5583756345177665,55.83756345177665,False,False,False,False,False,
O-/cluster_7_1129.BMP,O-,PASS,0.6328883495145631,63.28883495145631,1,0.5685279187817259,56.852791878172596,False,False,False,False,False,
O-/cluster_7_1131.BMP,O-,PASS,0.6038632686084142,60.38632686084142,1,0.5634517766497462,56.34517766497462,False,False,False,False,False,
O-/cluster_7_114.BMP,O-,PASS,0.6649474110032363,66.49474110032362,1,0.565989847715736,56.598984771573605,False,False,False,False,False,
O-/cluster_7_1144.BMP,O-,PASS,0.6954894822006472,69.54894822006472,1,0.5532994923857868,55.32994923857868,False,False,False,False,False,
O-/cluster_7_1151.BMP,O-,PASS,0.6802184466019418,68.02184466019418,1,0.5685279187817259,56.852791878172596,False,False,False,False,False,
O-/cluster_7_1173.BMP,O-,PASS,0.6716221682847896,67.16221682847896,1,0.5532994923857868,55.32994923857868,False,False,False,False,False,
O-/cluster_7_1177.BMP,O-,PASS,0.6623179611650486,66.23179611650485,1,0.5532994923857868,55.32994923857868,False,False,False,False,False,
O-/cluster_7_1180.BMP,O-,PASS,0.6045711974110033,60.45711974110033,1,0.5710659898477157,57.10659898477157,False,False,False,False,False,
O-/cluster_7_1200.BMP,O-,PASS,0.661205501618123,66.1205501618123,1,0.5634517766497462,56.34517766497462,False,False,False,False,False,
O-/cluster_7_1203.BMP,O-,PASS,0.7270428802588996,72.70428802588997,1,0.5583756345177665,55.83756345177665,False,False,False,False,False,
O-/cluster_7_1207.BMP,O-,PASS,0.7242111650485437,72.42111650485437,1,0.5989847715736041,59.89847715736041,False,False,False,False,False,
O-/cluster_7_1216.BMP,O-,PASS,0.6473503236245954,64.73503236245955,1,0.5685279187817259,56.852791878172596,False,False,False,False,False,
O-/cluster_7_1223.BMP,O-,PASS,0.715918284789644,71.5918284789644,1,0.5634517766497462,56.34517766497462,False,False,False,False,False,
O-/cluster_7_1224.BMP,O-,PASS,0.8524474110032363,85.24474110032362,1,0.5532994923857868,55.32994923857868,False,False,False,False,False,
O-/cluster_7_1233.BMP,O-,PASS,0.6934668284789643,69.34668284789643,1,0.5634517766497462,56.34517766497462,False,False,False,False,False,
O-/cluster_7_1234.BMP,O-,PASS,0.6147855987055016,61.478559870550164,1,0.5634517766497462,56.34517766497462,False,False,False,False,False,
O-/cluster_7_1235.BMP,O-,PASS,0.6836569579288025,68.36569579288026,1,0.5634517766497462,56.34517766497462,False,False,False,False,False,
O-/cluster_7_1244.BMP,O-,PASS,0.5012135922330098,50.12135922330098,1,0.5685279187817259,56.852791878172596,False,False,False,False,False,
O-/cluster_7_1263.BMP,O-,PASS,0.6095266990291263,60.952669902912625,1,0.5634517766497462,56.34517766497462,False,False,False,False,False,
O-/cluster_7_1273.BMP,O-,PASS,0.7049959546925566,70.49959546925567,1,0.5862944162436549,58.629441624365484,False,False,False,False,False,
O-/cluster_7_1292.BMP,O-,PASS,0.8255461165048543,82.55461165048543,1,0.5989847715736041,59.89847715736041,False,False,False,False,False,
O-/cluster_7_1306.BMP,O-,PASS,0.6684870550161812,66.84870550161813,1,0.5583756345177665,55.83756345177665,False,False,False,False,False,
O-/cluster_7_1312.BMP,O-,PASS,0.6596885113268608,65.96885113268608,1,0.5532994923857868,55.32994923857868,False,False,False,False,False,
O-/cluster_7_1313.BMP,O-,PASS,0.6251011326860841,62.510113268608414,2,0.5583756345177665,55.83756345177665,False,False,False,False,False,
O-/cluster_7_1321.BMP,O-,PASS,0.6148867313915858,61.48867313915858,1,0.5685279187817259,56.852791878172596,False,False,False,False,False,
O-/cluster_7_1334.BMP,O-,PASS,0.605076860841424,60.5076860841424,1,0.5532994923857868,55.32994923857868,False,False,False,False,False,
O-/cluster_7_1335.BMP,O-,PASS,0.6960962783171522,69.60962783171522,1,0.5532994923857868,55.32994923857868,False,False,False,False,False,
O-/cluster_7_1338.BMP,O-,PASS,0.6994336569579288,69.94336569579288,1,0.5634517766497462,56.34517766497462,False,False,False,False,False,
O-/cluster_7_1343.BMP,O-,PASS,0.6110436893203883,61.10436893203883,1,0.5685279187817259,56.852791878172596,False,False,False,False,False,
O-/cluster_7_1346.BMP,O-,PASS,0.7534385113268608,75.34385113268608,1,0.5634517766497462,56.34517766497462,False,False,False,False,False,
O-/cluster_7_1352.BMP,O-,PASS,0.6018406148867314,60.18406148867314,1,0.5558375634517766,55.58375634517766,False,False,False,False,False,
O-/cluster_7_1357.BMP,O-,PASS,0.6876011326860841,68.76011326860841,1,0.5634517766497462,56.34517766497462,False,False,False,False,False,
O-/cluster_7_1358.BMP,O-,PASS,0.7135922330097088,71.35922330097088,1,0.5532994923857868,55.32994923857868,False,False,False,False,False,
O-/cluster_7_1380.BMP,O-,PASS,0.6086165048543689,60.86165048543689,2,0.5634517766497462,56.34517766497462,False,False,False,False,False,
O-/cluster_7_1392.BMP,O-,PASS,0.6769822006472492,67.69822006472492,1,0.5685279187817259,56.852791878172596,False,False,False,False,False,
O-/cluster_7_1406.BMP,O-,PASS,0.6432038834951457,64.32038834951457,1,0.5634517766497462,56.34517766497462,False,False,False,False,False,
O-/cluster_7_1408.BMP,O-,PASS,0.6670711974110033,66.70711974110033,1,0.5583756345177665,55.83756345177665,False,False,False,False,False,
O-/cluster_7_141.BMP,O-,PASS,0.5508697411003236,55.08697411003236,1,0.5685279187817259,56.852791878172596,False,False,False,False,False,
O-/cluster_7_1418.BMP,O-,PASS,0.6181229773462783,61.81229773462783,1,0.5685279187817259,56.852791878172596,False,False,False,False,False,
O-/cluster_7_1441.BMP,O-,PASS,0.6948826860841424,69.48826860841424,1,0.5685279187817259,56.852791878172596,False,False,False,False,False,
O-/cluster_7_1443.BMP,O-,PASS,0.7114684466019418,71.14684466019418,1,0.5685279187817259,56.852791878172596,False,False,False,False,False,
O-/cluster_7_1453.BMP,O-,PASS,0.6266181229773463,62.661812297734635,1,0.5532994923857868,55.32994923857868,False,False,False,False,False,
O-/cluster_7_1468.BMP,O-,PASS,0.6048745954692557,60.48745954692557,1,0.5634517766497462,56.34517766497462,False,False,False,False,False,
O-/cluster_7_1477.BMP,O-,PASS,0.7399878640776699,73.99878640776699,1,0.5634517766497462,56.34517766497462,False,False,False,False,False,
O-/cluster_7_148.BMP,O-,PASS,0.811792071197411,81.17920711974111,1,0.5609137055837563,56.09137055837563,False,False,False,False,False,
O-/cluster_7_1487.BMP,O-,PASS,0.7375606796116505,73.75606796116504,1,0.6192893401015228,61.92893401015228,False,False,False,False,False,
O-/cluster_7_1489.BMP,O-,PASS,0.6586771844660194,65.86771844660194,1,0.5685279187817259,56.852791878172596,False,False,False,False,False,
O-/cluster_7_1493.BMP,O-,PASS,0.6717233009708737,67.17233009708737,1,0.5583756345177665,55.83756345177665,False,False,False,False,False,
O-/cluster_7_1497.BMP,O-,PASS,0.6327872168284789,63.278721682847895,1,0.5532994923857868,55.32994923857868,False,False,False,False,False,
O-/cluster_7_1498.BMP,O-,PASS,0.7402912621359223,74.02912621359224,1,0.5532994923857868,55.32994923857868,False,False,False,False,False,
O-/cluster_7_1499.BMP,O-,PASS,0.8648867313915858,86.48867313915858,1,0.5710659898477157,57.10659898477157,False,False,False,False,False,
O-/cluster_7_1504.BMP,O-,PASS,0.7005461165048543,70.05461165048543,1,0.5532994923857868,55.32994923857868,False,False,False,False,False,
O-/cluster_7_1508.BMP,O-,PASS,0.6539239482200647,65.39239482200647,1,0.5634517766497462,56.34517766497462,False,False,False,False,False,
O-/cluster_7_1520.BMP,O-,PASS,0.69457928802589,69.457928802589,1,0.5685279187817259,56.852791878172596,False,False,False,False,False,
O-/cluster_7_1523.BMP,O-,PASS,0.7835760517799353,78.35760517799353,1,0.565989847715736,56.598984771573605,False,False,False,False,False,
O-/cluster_7_1541.BMP,O-,PASS,0.7426173139158576,74.26173139158576,1,0.5532994923857868,55.32994923857868,False,False,False,False,False,
O-/cluster_7_1546.BMP,O-,PASS,0.7097491909385113,70.97491909385113,1,0.5634517766497462,56.34517766497462,False,False,False,False,False,
O-/cluster_7_1547.BMP,O-,PASS,0.8194781553398058,81.94781553398059,1,0.5634517766497462,56.34517766497462,False,False,False,False,False,
O-/cluster_7_1552.BMP,O-,PASS,0.6482605177993528,64.82605177993528,1,0.5532994923857868,55.32994923857868,False,False,False,False,False,
O-/cluster_7_1568.BMP,O-,PASS,0.7047936893203883,70.47936893203884,1,0.5532994923857868,55.32994923857868,False,False,False,False,False,
O-/cluster_7_1574.BMP,O-,PASS,0.7092435275080906,70.92435275080906,2,0.5634517766497462,56.34517766497462,False,False,False,False,False,
O-/cluster_7_1580.BMP,O-,PASS,0.786205501618123,78.6205501618123,1,0.6573604060913706,65.73604060913706,False,False,False,False,False,
O-/cluster_7_1584.BMP,O-,PASS,0.7717435275080906,77.17435275080906,1,0.5532994923857868,55.32994923857868,False,False,False,False,False,
O-/cluster_7_1586.BMP,O-,PASS,0.7014563106796117,70.14563106796116,1,0.5634517766497462,56.34517766497462,False,False,False,False,False,
O-/cluster_7_1590.BMP,O-,PASS,0.8588187702265372,85.88187702265373,1,0.5583756345177665,55.83756345177665,False,False,False,False,False,
O-/cluster_7_1591.BMP,O-,PASS,0.658373786407767,65.8373786407767,1,0.5634517766497462,56.34517766497462,False,False,False,False,False,
O-/cluster_7_1592.BMP,O-,PASS,0.6225728155339806,62.25728155339806,1,0.5634517766497462,56.34517766497462,False,False,False,False,False,
O-/cluster_7_1594.BMP,O-,PASS,0.6646440129449838,66.46440129449837,1,0.5634517766497462,56.34517766497462,False,False,False,False,False,
O-/cluster_7_1596.BMP,O-,PASS,0.6600930420711975,66.00930420711974,1,0.5532994923857868,55.32994923857868,False,False,False,False,False,
O-/cluster_7_1610.BMP,O-,PASS,0.6895226537216829,68.95226537216828,1,0.565989847715736,56.598984771573605,False,False,False,False,False,
O-/cluster_7_1628.BMP,O-,PASS,0.7174352750809061,71.74352750809061,1,0.5532994923857868,55.32994923857868,False,False,False,False,False,
O-/cluster_7_1635.BMP,O-,PASS,0.6119538834951457,61.195388349514566,1,0.5685279187817259,56.852791878172596,False,False,False,False,False,
O-/cluster_7_1638.BMP,O-,PASS,0.6610032362459547,66.10032362459548,1,0.5634517766497462,56.34517766497462,False,False,False,False,False,
O-/cluster_7_1641.BMP,O-,PASS,0.49120145631067963,49.12014563106796,1,0.5685279187817259,56.852791878172596,False,False,False,False,False,
O-/cluster_7_1643.BMP,O-,PASS,0.6729368932038835,67.29368932038835,1,0.5634517766497462,56.34517766497462,False,False,False,False,False,
O-/cluster_7_1657.BMP,O-,PASS,0.6099312297734628,60.99312297734628,1,0.5634517766497462,56.34517766497462,False,False,False,False,False,
O-/cluster_7_1662.BMP,O-,PASS,0.7012540453074434,70.12540453074433,1,0.5583756345177665,55.83756345177665,False,False,False,False,False,
O-/cluster_7_1678.BMP,O-,PASS,0.7449433656957929,74.49433656957929,1,0.5583756345177665,55.83756345177665,False,False,False,False,False,
O-/cluster_7_1683.BMP,O-,PASS,0.6011326860841424,60.11326860841424,1,0.5685279187817259,56.852791878172596,False,False,False,False,False,
O-/cluster_7_170.BMP,O-,PASS,0.797532362459547,79.7532362459547,1,0.5532994923857868,55.32994923857868,False,False,False,False,False,
O-/cluster_7_1707.BMP,O-,PASS,0.6164037216828478,61.640372168284784,1,0.5685279187817259,56.852791878172596,False,False,False,False,False,
O-/cluster_7_1725.BMP,O-,PASS,0.5994134304207119,59.941343042071196,1,0.5634517766497462,56.34517766497462,False,False,False,False,False,
O-/cluster_7_1728.BMP,O-,PASS,0.6147855987055016,61.478559870550164,1,0.5685279187817259,56.852791878172596,False,False,False,False,False,
O-/cluster_7_173.BMP,O-,PASS,0.6814320388349514,68.14320388349515,1,0.5583756345177665,55.83756345177665,False,False,False,False,False,
O-/cluster_7_1742.BMP,O-,PASS,0.5697815533980582,56.978155339805824,1,0.5558375634517766,55.58375634517766,False,False,False,False,False,
O-/cluster_7_1743.BMP,O-,PASS,0.6913430420711975,69.13430420711974,1,0.5685279187817259,56.852791878172596,False,False,False,False,False,
O-/cluster_7_1748.BMP,O-,PASS,0.8307038834951457,83.07038834951457,1,0.5532994923857868,55.32994923857868,False,False,False,False,False,
O-/cluster_7_1749.BMP,O-,PASS,0.666970064724919,66.6970064724919,1,0.5583756345177665,55.83756345177665,False,False,False,False,False,
O-/cluster_7_1759.BMP,O-,PASS,0.6439118122977346,64.39118122977347,1,0.5634517766497462,56.34517766497462,False,False,False,False,False,
O-/cluster_7_1765.BMP,O-,PASS,0.7903519417475728,79.03519417475728,1,0.5685279187817259,56.852791878172596,False,False,False,False,False,
O-/cluster_7_1770.BMP,O-,PASS,0.6508899676375405,65.08899676375405,1,0.5583756345177665,55.83756345177665,False,False,False,False,False,
O-/cluster_7_1775.BMP,O-,PASS,0.6402710355987055,64.02710355987054,1,0.5634517766497462,56.34517766497462,False,False,False,False,False,
O-/cluster_7_1780.BMP,O-,PASS,0.6888147249190939,68.88147249190939,1,0.5634517766497462,56.34517766497462,False,False,False,False,False,
O-/cluster_7_1795.BMP,O-,PASS,0.6184263754045307,61.84263754045307,1,0.5634517766497462,56.34517766497462,False,False,False,False,False,
O-/cluster_7_1805.BMP,O-,PASS,0.74292071197411,74.292071197411,1,0.5634517766497462,56.34517766497462,False,False,False,False,False,
O-/cluster_7_1819.BMP,O-,PASS,0.6048745954692557,60.48745954692557,1,0.5634517766497462,56.34517766497462,False,False,False,False,False,
O-/cluster_7_1821.BMP,O-,PASS,0.7776092233009708,77.76092233009709,1,0.6624365482233503,66.24365482233503,False,False,False,False,False,
O-/cluster_7_1822.BMP,O-,PASS,0.6193365695792881,61.933656957928804,1,0.5685279187817259,56.852791878172596,False,False,False,False,False,
O-/cluster_7_1823.BMP,O-,PASS,0.723705501618123,72.3705501618123,1,0.5634517766497462,56.34517766497462,False,False,False,False,False,
O-/cluster_7_1841.BMP,O-,PASS,0.7089401294498382,70.89401294498381,1,0.5685279187817259,56.852791878172596,False,False,False,False,False,
O-/cluster_7_1847.BMP,O-,PASS,0.6543284789644013,65.43284789644012,1,0.5583756345177665,55.83756345177665,False,False,False,False,False,
O-/cluster_7_1849.BMP,O-,PASS,0.6729368932038835,67.29368932038835,2,0.565989847715736,56.598984771573605,False,False,False,False,False,
O-/cluster_7_1850.BMP,O-,PASS,0.7158171521035599,71.581715210356,1,0.5710659898477157,57.10659898477157,False,False,False,False,False,
O-/cluster_7_1852.BMP,O-,PASS,0.7010517799352751,70.10517799352752,1,0.5532994923857868,55.32994923857868,False,False,False,False,False,
O-/cluster_7_1857.BMP,O-,PASS,0.691747572815534,69.1747572815534,1,0.5558375634517766,55.58375634517766,False,False,False,False,False,
O-/cluster_7_1864.BMP,O-,PASS,0.629955501618123,62.9955501618123,1,0.5634517766497462,56.34517766497462,False,False,False,False,False,
O-/cluster_7_1873.BMP,O-,PASS,0.7540453074433657,75.40453074433657,1,0.5634517766497462,56.34517766497462,False,False,False,False,False,
O-/cluster_7_188.BMP,O-,PASS,0.6151901294498382,61.51901294498382,1,0.5634517766497462,56.34517766497462,False,False,False,False,False,
O-/cluster_7_1887.BMP,O-,PASS,0.8286812297734628,82.86812297734627,1,0.5786802030456852,57.868020304568525,False,False,False,False,False,
O-/cluster_7_189.BMP,O-,PASS,0.7061084142394822,70.61084142394822,1,0.5685279187817259,56.852791878172596,False,False,False,False,False,
O-/cluster_7_1895.BMP,O-,PASS,0.6855784789644013,68.55784789644012,1,0.5634517766497462,56.34517766497462,False,False,False,False,False,
O-/cluster_7_1902.BMP,O-,PASS,0.7795307443365695,77.95307443365695,1,0.6065989847715736,60.659898477157356,False,False,False,False,False,
O-/cluster_7_1903.BMP,O-,PASS,0.7092435275080906,70.92435275080906,1,0.5532994923857868,55.32994923857868,False,False,False,False,False,
O-/cluster_7_1921.BMP,O-,PASS,0.7400889967637541,74.0088996763754,1,0.565989847715736,56.598984771573605,False,False,False,False,False,
O-/cluster_7_1923.BMP,O-,PASS,0.48816747572815533,48.81674757281553,2,0.5685279187817259,56.852791878172596,False,False,False,False,False,
O-/cluster_7_1927.BMP,O-,PASS,0.6295509708737864,62.95509708737864,1,0.5989847715736041,59.89847715736041,False,False,False,False,False,
O-/cluster_7_1932.BMP,O-,PASS,0.6843648867313916,68.43648867313917,1,0.5634517766497462,56.34517766497462,False,False,False,False,False,
O-/cluster_7_1944.BMP,O-,PASS,0.6553398058252428,65.53398058252428,1,0.5685279187817259,56.852791878172596,False,False,False,False,False,
O-/cluster_7_1945.BMP,O-,PASS,0.7775080906148867,77.75080906148867,1,0.6421319796954315,64.21319796954315,False,False,False,False,False,
O-/cluster_7_1946.BMP,O-,PASS,0.6847694174757282,68.47694174757282,1,0.5634517766497462,56.34517766497462,False,False,False,False,False,
O-/cluster_7_1952.BMP,O-,PASS,0.6442152103559871,64.4215210355987,1,0.6116751269035533,61.16751269035533,False,False,False,False,False,
O-/cluster_7_1957.BMP,O-,PASS,0.6933656957928802,69.33656957928802,1,0.5583756345177665,55.83756345177665,False,False,False,False,False,
O-/cluster_7_1961.BMP,O-,PASS,0.6813309061488673,68.13309061488673,1,0.5634517766497462,56.34517766497462,False,False,False,False,False,
O-/cluster_7_1962.BMP,O-,PASS,0.7209749190938511,72.09749190938511,1,0.5634517766497462,56.34517766497462,False,False,False,False,False,
O-/cluster_7_1963.BMP,O-,PASS,0.7298745954692557,72.98745954692556,1,0.5532994923857868,55.32994923857868,False,False,False,False,False,
O-/cluster_7_1964.BMP,O-,PASS,0.6547330097087378,65.47330097087378,1,0.5583756345177665,55.83756345177665,False,False,False,False,False,
O-/cluster_7_1975.BMP,O-,PASS,0.7341221682847896,73.41221682847896,1,0.5583756345177665,55.83756345177665,False,False,False,False,False,
O-/cluster_7_1978.BMP,O-,PASS,0.6890169902912622,68.90169902912622,1,0.5710659898477157,57.10659898477157,False,False,False,False,False,
O-/cluster_7_2.BMP,O-,PASS,0.5121278788047565,51.21278788047565,1,0.5223463687150838,52.23463687150838,False,False,False,False,False,
O-/cluster_7_2010.BMP,O-,PASS,0.40736245954692557,40.736245954692556,2,0.5634517766497462,56.34517766497462,False,False,False,False,False,
O-/cluster_7_2022.BMP,O-,PASS,0.7292677993527508,72.92677993527508,1,0.5532994923857868,55.32994923857868,False,False,False,False,False,
O-/cluster_7_2023.BMP,O-,PASS,0.7811488673139159,78.11488673139159,1,0.5532994923857868,55.32994923857868,False,False,False,False,False,
O-/cluster_7_203.BMP,O-,PASS,0.7235032362459547,72.35032362459548,1,0.5583756345177665,55.83756345177665,False,False,False,False,False,
O-/cluster_7_2047.BMP,O-,PASS,0.3918891585760518,39.18891585760518,2,0.5634517766497462,56.34517766497462,False,False,False,False,False,
O-/cluster_7_2050.BMP,O-,PASS,0.7490898058252428,74.90898058252428,1,0.5685279187817259,56.852791878172596,False,False,False,False,False,
O-/cluster_7_2058.BMP,O-,PASS,0.6535194174757282,65.35194174757282,1,0.5634517766497462,56.34517766497462,False,False,False,False,False,
O-/cluster_7_2060.BMP,O-,PASS,0.6619134304207119,66.1913430420712,1,0.5583756345177665,55.83756345177665,False,False,False,False,False,
O-/cluster_7_2061.BMP,O-,PASS,0.7225930420711975,72.25930420711974,1,0.5634517766497462,56.34517766497462,False,False,False,False,False,
O-/cluster_7_2071.BMP,O-,PASS,0.7333131067961165,73.33131067961165,1,0.5583756345177665,55.83756345177665,False,False,False,False,False,
O-/cluster_7_21.BMP,O-,PASS,0.7357402912621359,73.57402912621359,1,0.5532994923857868,55.32994923857868,False,False,False,False,False,
O-/cluster_7_2105.BMP,O-,PASS,0.6384193377704753,63.84193377704753,1,0.5195530726256983,51.955307262569825,False,False,False,False,False,
O-/cluster_7_2134.BMP,O-,PASS,0.7284587378640777,72.84587378640776,1,0.6218274111675127,62.182741116751274,False,False,False,False,False,
O-/cluster_7_2139.BMP,O-,PASS,0.7609223300970874,76.09223300970875,1,0.7030456852791879,70.30456852791879,False,False,False,False,False,
O-/cluster_7_2151.BMP,O-,PASS,0.6894215210355987,68.94215210355988,1,0.5685279187817259,56.852791878172596,False,False,False,False,False,
O-/cluster_7_2153.BMP,O-,PASS,0.6795105177993528,67.95105177993528,1,0.5583756345177665,55.83756345177665,False,False,False,False,False,
O-/cluster_7_2157.BMP,O-,PASS,0.6765776699029126,67.65776699029125,1,0.5634517766497462,56.34517766497462,False,False,False,False,False,
O-/cluster_7_2159.BMP,O-,PASS,0.6957928802588996,69.57928802588997,1,0.5634517766497462,56.34517766497462,False,False,False,False,False,
O-/cluster_7_2172.BMP,O-,PASS,0.5814118122977346,58.141181229773466,1,0.565989847715736,56.598984771573605,False,False,False,False,False,
O-/cluster_7_2196.BMP,O-,PASS,0.7263349514563107,72.63349514563106,1,0.5634517766497462,56.34517766497462,False,False,False,False,False,
O-/cluster_7_2200.BMP,O-,PASS,0.7049959546925566,70.49959546925567,1,0.5634517766497462,56.34517766497462,False,False,False,False,False,
O-/cluster_7_2203.BMP,O-,PASS,0.6502831715210357,65.02831715210357,1,0.5532994923857868,55.32994923857868,False,False,False,False,False,
O-/cluster_7_2204.BMP,O-,PASS,0.6868932038834952,68.68932038834951,1,0.5532994923857868,55.32994923857868,False,False,False,False,False,
O-/cluster_7_2219.BMP,O-,PASS,0.6815331715210357,68.15331715210357,1,0.5583756345177665,55.83756345177665,False,False,False,False,False,
O-/cluster_7_2224.BMP,O-,PASS,0.7404935275080906,74.04935275080906,1,0.5685279187817259,56.852791878172596,False,False,False,False,False,
O-/cluster_7_2238.BMP,O-,PASS,0.7799352750809061,77.99352750809061,1,0.6522842639593909,65.22842639593908,False,False,False,False,False,
O-/cluster_7_2241.BMP,O-,PASS,0.5888956310679612,58.88956310679612,1,0.5685279187817259,56.852791878172596,False,False,False,False,False,
O-/cluster_7_2246.BMP,O-,PASS,0.6680825242718447,66.80825242718447,1,0.5685279187817259,56.852791878172596,False,False,False,False,False,
O-/cluster_7_2247.BMP,O-,PASS,0.6030542071197411,60.30542071197411,1,0.5634517766497462,56.34517766497462,False,False,False,False,False,
O-/cluster_7_2248.BMP,O-,PASS,0.6570590614886731,65.70590614886731,1,0.565989847715736,56.598984771573605,False,False,False,False,False,
O-/cluster_7_2251.BMP,O-,PASS,0.6975121359223301,69.75121359223301,1,0.5634517766497462,56.34517766497462,False,False,False,False,False,
O-/cluster_7_2270.BMP,O-,PASS,0.7541464401294499,75.41464401294499,1,0.631979695431472,63.1979695431472,False,False,False,False,False,
O-/cluster_7_2271.BMP,O-,PASS,0.6122572815533981,61.22572815533981,1,0.5583756345177665,55.83756345177665,False,False,False,False,False,
O-/cluster_7_2272.BMP,O-,PASS,0.739279935275081,73.9279935275081,1,0.5685279187817259,56.852791878172596,False,False,False,False,False,
O-/cluster_7_2273.BMP,O-,PASS,0.6307645631067961,63.07645631067961,1,0.5634517766497462,56.34517766497462,False,False,False,False,False,
O-/cluster_7_2275.BMP,O-,PASS,0.7107605177993528,71.07605177993528,1,0.5634517766497462,56.34517766497462,False,False,False,False,False,
O-/cluster_7_228.BMP,O-,PASS,0.7939927184466019,79.39927184466019,1,0.5532994923857868,55.32994923857868,False,False,False,False,False,
O-/cluster_7_2280.BMP,O-,PASS,0.6038632686084142,60.38632686084142,1,0.5583756345177665,55.83756345177665,False,False,False,False,False,
O-/cluster_7_2282.BMP,O-,PASS,0.7203681229773463,72.03681229773463,1,0.5532994923857868,55.32994923857868,False,False,False,False,False,
O-/cluster_7_2290.BMP,O-,PASS,0.6290453074433657,62.904530744336576,2,0.5634517766497462,56.34517766497462,False,False,False,False,False,
O-/cluster_7_2300.BMP,O-,PASS,0.6915453074433657,69.15453074433657,1,0.5583756345177665,55.83756345177665,False,False,False,False,False,
O-/cluster_7_2305.BMP,O-,PASS,0.6149878640776699,61.49878640776699,1,0.5634517766497462,56.34517766497462,False,False,False,False,False,
O-/cluster_7_2306.BMP,O-,PASS,0.6337985436893204,63.379854368932044,1,0.5583756345177665,55.83756345177665,False,False,False,False,False,
O-/cluster_7_2316.BMP,O-,PASS,0.6429004854368932,64.29004854368931,1,0.5634517766497462,56.34517766497462,False,False,False,False,False,
O-/cluster_7_2317.BMP,O-,PASS,0.6681836569579288,66.81836569579288,1,0.5634517766497462,56.34517766497462,False,False,False,False,False,
O-/cluster_7_2331.BMP,O-,PASS,0.7456512944983819,74.56512944983818,1,0.5583756345177665,55.83756345177665,False,False,False,False,False,
O-/cluster_7_2332.BMP,O-,PASS,0.6552386731391586,65.52386731391586,1,0.5532994923857868,55.32994923857868,False,False,False,False,False,
O-/cluster_7_2338.BMP,O-,PASS,0.6516990291262136,65.16990291262135,1,0.5685279187817259,56.852791878172596,False,False,False,False,False,
O-/cluster_7_2379.BMP,O-,PASS,0.6132686084142395,61.326860841423944,1,0.5583756345177665,55.83756345177665,False,False,False,False,False,
O-/cluster_7_238.BMP,O-,PASS,0.7276496763754046,72.76496763754045,1,0.5583756345177665,55.83756345177665,False,False,False,False,False,
O-/cluster_7_239.BMP,O-,PASS,0.6742516181229773,67.42516181229773,1,0.5634517766497462,56.34517766497462,False,False,False,False,False,
O-/cluster_7_2391.BMP,O-,PASS,0.6984223300970874,69.84223300970875,1,0.5685279187817259,56.852791878172596,False,False,False,False,False,
O-/cluster_7_2395.BMP,O-,PASS,0.6055825242718447,60.55825242718447,1,0.5634517766497462,56.34517766497462,False,False,False,False,False,
O-/cluster_7_2398.BMP,O-,PASS,0.7054004854368932,70.54004854368931,1,0.5634517766497462,56.34517766497462,False,False,False,False,False,
O-/cluster_7_24.BMP,O-,PASS,0.561084142394822,56.108414239482194,1,0.5634517766497462,56.34517766497462,False,False,False,False,False,
O-/cluster_7_2463.BMP,O-,PASS,0.6744538834951457,67.44538834951457,1,0.5634517766497462,56.34517766497462,False,False,False,False,False,
O-/cluster_7_2465.BMP,O-,PASS,0.6225728155339806,62.25728155339806,1,0.5685279187817259,56.852791878172596,False,False,False,False,False,
O-/cluster_7_247.BMP,O-,PASS,0.6907362459546925,69.07362459546925,1,0.5685279187817259,56.852791878172596,False,False,False,False,False,
O-/cluster_7_2482.BMP,O-,PASS,0.6333940129449838,63.33940129449837,1,0.5634517766497462,56.34517766497462,False,False,False,False,False,
O-/cluster_7_2494.BMP,O-,PASS,0.6929611650485437,69.29611650485437,1,0.5634517766497462,56.34517766497462,False,False,False,False,False,
O-/cluster_7_2496.BMP,O-,PASS,0.6132686084142395,61.326860841423944,3,0.5812182741116751,58.121827411167516,False,False,False,False,False,
O-/cluster_7_250.BMP,O-,PASS,0.7014563106796117,70.14563106796116,1,0.5532994923857868,55.32994923857868,False,False,False,False,False,
O-/cluster_7_2504.BMP,O-,PASS,0.7427184466019418,74.27184466019418,1,0.5583756345177665,55.83756345177665,False,False,False,False,False,
O-/cluster_7_2529.BMP,O-,PASS,0.6287419093851133,62.87419093851133,1,0.5558375634517766,55.58375634517766,False,False,False,False,False,
O-/cluster_7_2540.BMP,O-,PASS,0.6886124595469255,68.86124595469255,1,0.5634517766497462,56.34517766497462,False,False,False,False,False,
O-/cluster_7_256.BMP,O-,PASS,0.662621359223301,66.2621359223301,1,0.5583756345177665,55.83756345177665,False,False,False,False,False,
O-/cluster_7_2572.BMP,O-,PASS,0.5872775080906149,58.72775080906148,2,0.5685279187817259,56.852791878172596,False,False,False,False,False,
O-/cluster_7_2574.BMP,O-,PASS,0.6308656957928802,63.086569579288025,1,0.5634517766497462,56.34517766497462,False,False,False,False,False,
O-/cluster_7_2588.BMP,O-,PASS,0.7719457928802589,77.19457928802589,1,0.6979695431472082,69.79695431472082,False,False,False,False,False,
O-/cluster_7_2597.BMP,O-,PASS,0.6456310679611651,64.56310679611651,1,0.565989847715736,56.598984771573605,False,False,False,False,False,
O-/cluster_7_260.BMP,O-,PASS,0.5609830097087378,56.09830097087378,1,0.5685279187817259,56.852791878172596,False,False,False,False,False,
O-/cluster_7_261.BMP,O-,PASS,0.6237864077669902,62.37864077669902,1,0.5634517766497462,56.34517766497462,False,False,False,False,False,
O-/cluster_7_2610.BMP,O-,PASS,0.652002427184466,65.2002427184466,1,0.5634517766497462,56.34517766497462,False,False,False,False,False,
O-/cluster_7_2632.BMP,O-,PASS,0.5619943365695793,56.19943365695793,1,0.5634517766497462,56.34517766497462,False,False,False,False,False,
O-/cluster_7_2634.BMP,O-,PASS,0.64209142394822,64.20914239482201,1,0.5685279187817259,56.852791878172596,False,False,False,False,False,
O-/cluster_7_2636.BMP,O-,PASS,0.7055016181229773,70.55016181229773,1,0.5532994923857868,55.32994923857868,False,False,False,False,False,
O-/cluster_7_2655.BMP,O-,PASS,0.6372370550161812,63.72370550161812,1,0.5583756345177665,55.83756345177665,False,False,False,False,False,
O-/cluster_7_2665.BMP,O-,PASS,0.649878640776699,64.9878640776699,1,0.5685279187817259,56.852791878172596,False,False,False,False,False,
O-/cluster_7_2687.BMP,O-,PASS,0.6557443365695793,65.57443365695794,1,0.5532994923857868,55.32994923857868,False,False,False,False,False,
O-/cluster_7_269.BMP,O-,PASS,0.7314927184466019,73.14927184466019,1,0.5634517766497462,56.34517766497462,False,False,False,False,False,
O-/cluster_7_2691.BMP,O-,PASS,0.6310679611650486,63.10679611650486,1,0.5532994923857868,55.32994923857868,False,False,False,False,False,
O-/cluster_7_2697.BMP,O-,PASS,0.7253236245954693,72.53236245954693,1,0.5634517766497462,56.34517766497462,False,False,False,False,False,
O-/cluster_7_2701.BMP,O-,PASS,0.5865695792880259,58.65695792880259,1,0.5736040609137056,57.360406091370564,False,False,False,False,False,
O-/cluster_7_2713.BMP,O-,PASS,0.6216626213592233,62.16626213592234,1,0.5634517766497462,56.34517766497462,False,False,False,False,False,
O-/cluster_7_2717.BMP,O-,PASS,0.6471480582524272,64.71480582524272,1,0.5736040609137056,57.360406091370564,False,False,False,False,False,
O-/cluster_7_2732.BMP,O-,PASS,0.7089401294498382,70.89401294498381,1,0.5532994923857868,55.32994923857868,False,False,False,False,False,
O-/cluster_7_2738.BMP,O-,PASS,0.5277103559870551,52.77103559870551,3,0.5634517766497462,56.34517766497462,False,False,False,False,False,
O-/cluster_7_275.BMP,O-,PASS,0.6661610032362459,66.6161003236246,1,0.5634517766497462,56.34517766497462,False,False,False,False,False,
O-/cluster_7_2760.BMP,O-,PASS,0.6774878640776699,67.74878640776699,1,0.5532994923857868,55.32994923857868,False,False,False,False,False,
O-/cluster_7_2761.BMP,O-,PASS,0.6779935275080906,67.79935275080906,1,0.5685279187817259,56.852791878172596,False,False,False,False,False,
O-/cluster_7_2765.BMP,O-,PASS,0.5387338187702265,53.87338187702265,1,0.5989847715736041,59.89847715736041,False,False,False,False,False,
O-/cluster_7_2772.BMP,O-,PASS,0.666970064724919,66.6970064724919,2,0.5583756345177665,55.83756345177665,False,False,False,False,False,
O-/cluster_7_2774.BMP,O-,PASS,0.6096278317152104,60.96278317152104,1,0.5634517766497462,56.34517766497462,False,False,False,False,False,
O-/cluster_7_2780.BMP,O-,PASS,0.6106391585760518,61.06391585760518,1,0.5634517766497462,56.34517766497462,False,False,False,False,False,
O-/cluster_7_2802.BMP,O-,PASS,0.7403923948220065,74.03923948220064,1,0.5532994923857868,55.32994923857868,False,False,False,False,False,
O-/cluster_7_2805.BMP,O-,PASS,0.6972087378640777,69.72087378640776,1,0.5634517766497462,56.34517766497462,False,False,False,False,False,
O-/cluster_7_2808.BMP,O-,PASS,0.79834142394822,79.83414239482201,1,0.5532994923857868,55.32994923857868,False,False,False,False,False,
O-/cluster_7_2809.BMP,O-,PASS,0.6855784789644013,68.55784789644012,1,0.5634517766497462,56.34517766497462,False,False,False,False,False,
O-/cluster_7_2829.BMP,O-,PASS,0.7516181229773463,75.16181229773463,1,0.6395939086294417,63.95939086294417,False,False,False,False,False,
O-/cluster_7_283.BMP,O-,PASS,0.6783980582524272,67.83980582524272,1,0.5685279187817259,56.852791878172596,False,False,False,False,False,
O-/cluster_7_2832.BMP,O-,PASS,0.7626415857605178,76.26415857605178,1,0.6472081218274112,64.72081218274111,False,False,False,False,False,
O-/cluster_7_2838.BMP,O-,PASS,0.7406957928802589,74.06957928802589,1,0.5812182741116751,58.121827411167516,False,False,False,False,False,
O-/cluster_7_2847.BMP,O-,PASS,0.6659587378640777,66.59587378640776,1,0.5532994923857868,55.32994923857868,False,False,False,False,False,
O-/cluster_7_285.BMP,O-,PASS,0.7248179611650486,72.48179611650485,1,0.5532994923857868,55.32994923857868,False,False,False,False,False,
O-/cluster_7_2852.BMP,O-,PASS,0.811084142394822,81.1084142394822,1,0.6903553299492385,69.03553299492386,False,False,False,False,False,
O-/cluster_7_2859.BMP,O-,PASS,0.7015574433656958,70.15574433656958,1,0.5532994923857868,55.32994923857868,False,False,False,False,False,
O-/cluster_7_2862.BMP,O-,PASS,0.6458333333333334,64.58333333333334,1,0.5862944162436549,58.629441624365484,False,False,False,False,False,
O-/cluster_7_2870.BMP,O-,PASS,0.6599919093851133,65.99919093851133,1,0.5583756345177665,55.83756345177665,False,False,False,False,False,
O-/cluster_7_2873.BMP,O-,PASS,0.7254247572815534,72.54247572815534,1,0.5532994923857868,55.32994923857868,False,False,False,False,False,
O-/cluster_7_2878.BMP,O-,PASS,0.6521035598705501,65.21035598705501,1,0.5634517766497462,56.34517766497462,False,False,False,False,False,
O-/cluster_7_2881.BMP,O-,PASS,0.7225930420711975,72.25930420711974,1,0.5532994923857868,55.32994923857868,False,False,False,False,False,
O-/cluster_7_2891.BMP,O-,PASS,0.6172127831715211,61.721278317152105,1,0.5634517766497462,56.34517766497462,False,False,False,False,False,
O-/cluster_7_2906.BMP,O-,PASS,0.8307038834951457,83.07038834951457,1,0.5532994923857868,55.32994923857868,False,False,False,False,False,
O-/cluster_7_2908.BMP,O-,PASS,0.6552386731391586,65.52386731391586,1,0.5583756345177665,55.83756345177665,False,False,False,False,False,
O-/cluster_7_2916.BMP,O-,PASS,0.8133090614886731,81.33090614886731,1,0.5761421319796954,57.61421319796954,False,False,False,False,False,
O-/cluster_7_2948.BMP,O-,PASS,0.251415857605178,25.1415857605178,1,0.5532994923857868,55.32994923857868,False,False,False,False,False,
O-/cluster_7_2962.BMP,O-,PASS,0.607200647249191,60.7200647249191,1,0.5634517766497462,56.34517766497462,False,False,False,False,False,
O-/cluster_7_2982.BMP,O-,PASS,0.7663834951456311,76.6383495145631,1,0.6725888324873096,67.25888324873097,False,False,False,False,False,
O-/cluster_7_2987.BMP,O-,PASS,0.6873988673139159,68.73988673139159,1,0.5558375634517766,55.58375634517766,False,False,False,False,False,
O-/cluster_7_2990.BMP,O-,PASS,0.7557645631067961,75.5764563106796,1,0.5532994923857868,55.32994923857868,False,False,False,False,False,
O-/cluster_7_2991.BMP,O-,PASS,0.6224716828478964,62.247168284789645,1,0.5685279187817259,56.852791878172596,False,False,False,False,False,
O-/cluster_7_2992.BMP,O-,PASS,0.7764967637540453,77.64967637540452,1,0.5634517766497462,56.34517766497462,False,False,False,False,False,
O-/cluster_7_3005.BMP,O-,PASS,0.6840614886731392,68.40614886731392,1,0.5634517766497462,56.34517766497462,False,False,False,False,False,
O-/cluster_7_3014.BMP,O-,PASS,0.6231796116504854,62.317961165048544,1,0.5583756345177665,55.83756345177665,False,False,False,False,False,
O-/cluster_7_3016.BMP,O-,PASS,0.5810072815533981,58.10072815533981,1,0.5583756345177665,55.83756345177665,False,False,False,False,False,
O-/cluster_7_3019.BMP,O-,PASS,0.7106593851132686,71.06593851132686,1,0.5634517766497462,56.34517766497462,False,False,False,False,False,
O-/cluster_7_302.BMP,O-,PASS,0.19265776699029127,19.26577669902913,1,0.5532994923857868,55.32994923857868,False,False,False,False,False,
O-/cluster_7_3026.BMP,O-,PASS,0.6500809061488673,65.00809061488673,1,0.5634517766497462,56.34517766497462,False,False,False,False,False,
O-/cluster_7_3033.BMP,O-,PASS,0.7004449838187702,70.04449838187702,1,0.5634517766497462,56.34517766497462,False,False,False,False,False,
O-/cluster_7_3035.BMP,O-,PASS,0.678296925566343,67.8296925566343,1,0.5634517766497462,56.34517766497462,False,False,False,False,False,
O-/cluster_7_3037.BMP,O-,PASS,0.722997572815534,72.2997572815534,1,0.5634517766497462,56.34517766497462,False,False,False,False,False,
O-/cluster_7_3038.BMP,O-,PASS,0.6476537216828478,64.76537216828478,1,0.5634517766497462,56.34517766497462,False,False,False,False,False,
O-/cluster_7_3046.BMP,O-,PASS,0.633495145631068,63.3495145631068,1,0.5634517766497462,56.34517766497462,False,False,False,False,False,
O-/cluster_7_3049.BMP,O-,PASS,0.6584749190938511,65.84749190938511,1,0.5685279187817259,56.852791878172596,False,False,False,False,False,
O-/cluster_7_3054.BMP,O-,PASS,0.6283373786407767,62.83373786407766,1,0.5634517766497462,56.34517766497462,False,False,False,False,False,
O-/cluster_7_3079.BMP,O-,PASS,0.66332928802589,66.332928802589,1,0.5532994923857868,55.32994923857868,False,False,False,False,False,
O-/cluster_7_309.BMP,O-,PASS,0.6916464401294499,69.16464401294499,1,0.5634517766497462,56.34517766497462,False,False,False,False,False,
O-/cluster_7_3091.BMP,O-,PASS,0.7875202265372169,78.75202265372168,1,0.5532994923857868,55.32994923857868,False,False,False,False,False,
O-/cluster_7_311.BMP,O-,PASS,0.7200647249190939,72.00647249190939,1,0.5710659898477157,57.10659898477157,False,False,False,False,False,
O-/cluster_7_3111.BMP,O-,PASS,0.7291666666666666,72.91666666666666,1,0.5583756345177665,55.83756345177665,False,False,False,False,False,
O-/cluster_7_3115.BMP,O-,PASS,0.7032766990291263,70.32766990291263,1,0.5532994923857868,55.32994923857868,False,False,False,False,False,
O-/cluster_7_3123.BMP,O-,PASS,0.6932645631067961,69.3264563106796,1,0.6395939086294417,63.95939086294417,False,False,False,False,False,
O-/cluster_7_3133.BMP,O-,PASS,0.6317758899676376,63.17758899676376,1,0.5532994923857868,55.32994923857868,False,False,False,False,False,
O-/cluster_7_3137.BMP,O-,PASS,0.5627022653721683,56.27022653721683,1,0.5685279187817259,56.852791878172596,False,False,False,False,False,
O-/cluster_7_3139.BMP,O-,PASS,0.737156148867314,73.7156148867314,1,0.5634517766497462,56.34517766497462,False,False,False,False,False,
O-/cluster_7_3155.BMP,O-,PASS,0.7550566343042071,75.50566343042071,1,0.5583756345177665,55.83756345177665,False,False,False,False,False,
O-/cluster_7_3162.BMP,O-,PASS,0.6448220064724919,64.48220064724919,1,0.5685279187817259,56.852791878172596,False,False,False,False,False,
O-/cluster_7_3171.BMP,O-,PASS,0.6595873786407767,65.95873786407766,1,0.6472081218274112,64.72081218274111,False,False,False,False,False,
O-/cluster_7_3178.BMP,O-,PASS,0.6326860841423948,63.26860841423948,1,0.5532994923857868,55.32994923857868,False,False,False,False,False,
O-/cluster_7_3186.BMP,O-,PASS,0.6868932038834952,68.68932038834951,1,0.5532994923857868,55.32994923857868,False,False,False,False,False,
O-/cluster_7_3193.BMP,O-,PASS,0.6333940129449838,63.33940129449837,1,0.5532994923857868,55.32994923857868,False,False,False,False,False,
O-/cluster_7_3200.BMP,O-,PASS,0.6496763754045307,64.96763754045307,1,0.5685279187817259,56.852791878172596,False,False,False,False,False,
O-/cluster_7_3202.BMP,O-,PASS,0.6691949838187702,66.91949838187702,1,0.5583756345177665,55.83756345177665,False,False,False,False,False,
O-/cluster_7_3211.BMP,O-,PASS,0.6132686084142395,61.326860841423944,1,0.5685279187817259,56.852791878172596,False,False,False,False,False,
O-/cluster_7_3214.BMP,O-,PASS,0.6665655339805825,66.65655339805825,1,0.5634517766497462,56.34517766497462,False,False,False,False,False,
O-/cluster_7_3215.BMP,O-,PASS,0.7179409385113269,71.79409385113269,1,0.5583756345177665,55.83756345177665,False,False,False,False,False,
O-/cluster_7_322.BMP,O-,PASS,0.708029935275081,70.8029935275081,1,0.565989847715736,56.598984771573605,False,False,False,False,False,
O-/cluster_7_3236.BMP,O-,PASS,0.7274474110032363,72.74474110032362,1,0.5583756345177665,55.83756345177665,False,False,False,False,False,
O-/cluster_7_3244.BMP,O-,PASS,0.7254247572815534,72.54247572815534,1,0.5685279187817259,56.852791878172596,False,False,False,False,False,
O-/cluster_7_3252.BMP,O-,PASS,0.6931634304207119,69.3163430420712,1,0.5583756345177665,55.83756345177665,False,False,False,False,False,
O-/cluster_7_326.BMP,O-,PASS,0.6976132686084142,69.76132686084142,1,0.5583756345177665,55.83756345177665,False,False,False,False,False,
O-/cluster_7_3276.BMP,O-,PASS,0.7291666666666666,72.91666666666666,1,0.5583756345177665,55.83756345177665,False,False,False,False,False,
O-/cluster_7_33.BMP,O-,PASS,0.5129449838187702,51.29449838187702,1,0.5685279187817259,56.852791878172596,False,False,False,False,False,
O-/cluster_7_3305.BMP,O-,PASS,0.7231998381877023,72.31998381877023,1,0.6421319796954315,64.21319796954315,False,False,False,False,False,
O-/cluster_7_3318.BMP,O-,PASS,0.7610234627831716,76.10234627831716,1,0.5532994923857868,55.32994923857868,False,False,False,False,False,
O-/cluster_7_3328.BMP,O-,PASS,0.7207726537216829,72.07726537216828,1,0.5583756345177665,55.83756345177665,False,False,False,False,False,
O-/cluster_7_3330.BMP,O-,PASS,0.6989279935275081,69.89279935275081,1,0.5583756345177665,55.83756345177665,False,False,False,False,False,
O-/cluster_7_3332.BMP,O-,PASS,0.6936690938511327,69.36690938511327,1,0.5532994923857868,55.32994923857868,False,False,False,False,False,
O-/cluster_7_3340.BMP,O-,PASS,0.5666545991255674,56.665459912556734,10,0.521415270018622,52.1415270018622,False,False,False,False,False,
O-/cluster_7_3363.BMP,O-,PASS,0.6125606796116505,61.25606796116505,1,0.5685279187817259,56.852791878172596,False,False,False,False,False,
O-/cluster_7_3364.BMP,O-,PASS,0.6899271844660194,68.99271844660194,1,0.5583756345177665,55.83756345177665,False,False,False,False,False,
O-/cluster_7_3378.BMP,O-,PASS,0.6946804207119741,69.46804207119742,1,0.5685279187817259,56.852791878172596,False,False,False,False,False,
O-/cluster_7_3384.BMP,O-,PASS,0.723705501618123,72.3705501618123,1,0.5609137055837563,56.09137055837563,False,False,False,False,False,
O-/cluster_7_3391.BMP,O-,PASS,0.7099514563106796,70.99514563106796,2,0.5634517766497462,56.34517766497462,False,False,False,False,False,
O-/cluster_7_3392.BMP,O-,PASS,0.6783980582524272,67.83980582524272,1,0.5583756345177665,55.83756345177665,False,False,False,False,False,
O-/cluster_7_3405.BMP,O-,PASS,0.7023665048543689,70.2366504854369,1,0.5634517766497462,56.34517766497462,False,False,False,False,False,
O-/cluster_7_3406.BMP,O-,PASS,0.6327872168284789,63.278721682847895,2,0.5634517766497462,56.34517766497462,False,False,False,False,False,
O-/cluster_7_3412.BMP,O-,PASS,0.6518001618122977,65.18001618122977,1,0.5685279187817259,56.852791878172596,False,False,False,False,False,
O-/cluster_7_3413.BMP,O-,PASS,0.6862864077669902,68.62864077669903,1,0.5634517766497462,56.34517766497462,False,False,False,False,False,
O-/cluster_7_342.BMP,O-,PASS,0.7249190938511327,72.49190938511327,1,0.5532994923857868,55.32994923857868,False,False,False,False,False,
O-/cluster_7_3428.BMP,O-,PASS,0.6298543689320388,62.98543689320388,2,0.5685279187817259,56.852791878172596,False,False,False,False,False,
O-/cluster_7_3434.BMP,O-,PASS,0.2352346278317152,23.52346278317152,1,0.5532994923857868,55.32994923857868,False,False,False,False,False,
O-/cluster_7_3463.BMP,O-,PASS,0.7725525889967637,77.25525889967638,1,0.5532994923857868,55.32994923857868,False,False,False,False,False,
O-/cluster_7_3479.BMP,O-,PASS,0.6677791262135923,66.77791262135922,1,0.5583756345177665,55.83756345177665,False,False,False,False,False,
O-/cluster_7_3484.BMP,O-,PASS,0.7177386731391586,71.77386731391586,1,0.5634517766497462,56.34517766497462,False,False,False,False,False,
O-/cluster_7_35.BMP,O-,PASS,0.7387742718446602,73.87742718446601,1,0.5634517766497462,56.34517766497462,False,False,False,False,False,
O-/cluster_7_350.BMP,O-,PASS,0.7604166666666666,76.04166666666666,1,0.5532994923857868,55.32994923857868,False,False,False,False,False,
O-/cluster_7_3503.BMP,O-,PASS,0.6390574433656958,63.90574433656958,1,0.5685279187817259,56.852791878172596,False,False,False,False,False,
O-/cluster_7_3510.BMP,O-,PASS,0.6172127831715211,61.721278317152105,1,0.5634517766497462,56.34517766497462,False,False,False,False,False,
O-/cluster_7_3514.BMP,O-,PASS,0.7075242718446602,70.75242718446601,1,0.5558375634517766,55.58375634517766,False,False,False,False,False,
O-/cluster_7_3527.BMP,O-,PASS,0.6664644012944984,66.64644012944983,1,0.5634517766497462,56.34517766497462,False,False,False,False,False,
O-/cluster_7_3531.BMP,O-,PASS,0.7042880258899676,70.42880258899676,1,0.5634517766497462,56.34517766497462,False,False,False,False,False,
O-/cluster_7_3534.BMP,O-,PASS,0.7075242718446602,70.75242718446601,1,0.6345177664974619,63.45177664974619,False,False,False,False,False,
O-/cluster_7_3545.BMP,O-,PASS,0.7035800970873787,70.35800970873787,1,0.5532994923857868,55.32994923857868,False,False,False,False,False,
O-/cluster_7_3548.BMP,O-,PASS,0.6552386731391586,65.52386731391586,1,0.5634517766497462,56.34517766497462,False,False,False,False,False,
O-/cluster_7_3549.BMP,O-,PASS,0.622876213592233,62.2876213592233,1,0.5685279187817259,56.852791878172596,False,False,False,False,False,
O-/cluster_7_3557.BMP,O-,PASS,0.7301779935275081,73.01779935275081,1,0.5685279187817259,56.852791878172596,False,False,False,False,False,
O-/cluster_7_3567.BMP,O-,PASS,0.6617111650485437,66.17111650485437,1,0.5685279187817259,56.852791878172596,False,False,False,False,False,
O-/cluster_7_3593.BMP,O-,PASS,0.7170307443365695,71.70307443365695,1,0.5583756345177665,55.83756345177665,False,False,False,False,False,
O-/cluster_7_3598.BMP,O-,PASS,0.6335962783171522,63.359627831715216,2,0.5685279187817259,56.852791878172596,False,False,False,False,False,
O-/cluster_7_3602.BMP,O-,PASS,0.7213794498381877,72.13794498381877,1,0.5583756345177665,55.83756345177665,False,False,False,False,False,
O-/cluster_7_3603.BMP,O-,PASS,0.6778923948220065,67.78923948220064,1,0.5532994923857868,55.32994923857868,False,False,False,False,False,
O-/cluster_7_3609.BMP,O-,PASS,0.7286610032362459,72.8661003236246,1,0.700507614213198,70.05076142131979,False,False,False,False,False,
O-/cluster_7_3616.BMP,O-,PASS,0.604470064724919,60.44700647249191,1,0.5634517766497462,56.34517766497462,False,False,False,False,False,
O-/cluster_7_3628.BMP,O-,PASS,0.6527103559870551,65.27103559870551,1,0.5685279187817259,56.852791878172596,False,False,False,False,False,
O-/cluster_7_3631.BMP,O-,PASS,0.7379652103559871,73.7965210355987,1,0.583756345177665,58.37563451776649,False,False,False,False,False,
O-/cluster_7_3636.BMP,O-,PASS,0.654834142394822,65.4834142394822,1,0.5634517766497462,56.34517766497462,False,False,False,False,False,
O-/cluster_7_3637.BMP,O-,PASS,0.7357402912621359,73.57402912621359,1,0.5532994923857868,55.32994923857868,False,False,False,False,False,
O-/cluster_7_3641.BMP,O-,PASS,0.6620145631067961,66.2014563106796,1,0.5634517766497462,56.34517766497462,False,False,False,False,False,
O-/cluster_7_3646.BMP,O-,PASS,0.6560477346278317,65.60477346278317,1,0.5583756345177665,55.83756345177665,False,False,False,False,False,
O-/cluster_7_3657.BMP,O-,PASS,0.7069174757281553,70.69174757281553,1,0.5634517766497462,56.34517766497462,False,False,False,False,False,
O-/cluster_7_3658.BMP,O-,PASS,0.7244134304207119,72.4413430420712,1,0.565989847715736,56.598984771573605,False,False,False,False,False,
O-/cluster_7_3671.BMP,O-,PASS,0.602953074433657,60.2953074433657,1,0.5710659898477157,57.10659898477157,False,False,False,False,False,
O-/cluster_7_3722.BMP,O-,PASS,0.7367516181229773,73.67516181229773,1,0.5634517766497462,56.34517766497462,False,False,False,False,False,
O-/cluster_7_373.BMP,O-,PASS,0.6736448220064725,67.36448220064725,1,0.5685279187817259,56.852791878172596,False,False,False,False,False,
O-/cluster_7_3742.BMP,O-,PASS,0.6306634304207119,63.066343042071196,1,0.5634517766497462,56.34517766497462,False,False,False,False,False,
O-/cluster_7_3744.BMP,O-,PASS,0.6081108414239482,60.81108414239482,2,0.5634517766497462,56.34517766497462,False,False,False,False,False,
O-/cluster_7_3757.BMP,O-,PASS,0.6117516181229773,61.17516181229773,1,0.5634517766497462,56.34517766497462,False,False,False,False,False,
O-/cluster_7_3762.BMP,O-,PASS,0.6310679611650486,63.10679611650486,1,0.5634517766497462,56.34517766497462,False,False,False,False,False,
O-/cluster_7_3765.BMP,O-,PASS,0.6178195792880259,61.78195792880259,1,0.5812182741116751,58.121827411167516,False,False,False,False,False,
O-/cluster_7_3768.BMP,O-,PASS,0.6879045307443366,68.79045307443366,1,0.5634517766497462,56.34517766497462,False,False,False,False,False,
O-/cluster_7_3773.BMP,O-,PASS,0.7890372168284789,78.90372168284789,1,0.5532994923857868,55.32994923857868,False,False,False,False,False,
O-/cluster_7_3775.BMP,O-,PASS,0.6513956310679612,65.13956310679612,1,0.5634517766497462,56.34517766497462,False,False,False,False,False,
O-/cluster_7_378.BMP,O-,PASS,0.6472491909385113,64.72491909385113,1,0.5634517766497462,56.34517766497462,False,False,False,False,False,
O-/cluster_7_3782.BMP,O-,PASS,0.6489684466019418,64.89684466019418,1,0.5532994923857868,55.32994923857868,False,False,False,False,False,
O-/cluster_7_3792.BMP,O-,PASS,0.607200647249191,60.7200647249191,1,0.565989847715736,56.598984771573605,False,False,False,False,False,
O-/cluster_7_38.BMP,O-,PASS,0.6519012944983819,65.19012944983818,1,0.5634517766497462,56.34517766497462,False,False,False,False,False,
O-/cluster_7_3800.BMP,O-,PASS,0.760720064724919,76.0720064724919,1,0.5710659898477157,57.10659898477157,False,False,False,False,False,
O-/cluster_7_3815.BMP,O-,PASS,0.57665857605178,57.665857605178,1,0.5583756345177665,55.83756345177665,False,False,False,False,False,
O-/cluster_7_3821.BMP,O-,PASS,0.653418284789644,65.3418284789644,1,0.5634517766497462,56.34517766497462,False,False,False,False,False,
O-/cluster_7_3835.BMP,O-,PASS,0.7389765372168284,73.89765372168284,1,0.5634517766497462,56.34517766497462,False,False,False,False,False,
O-/cluster_7_3836.BMP,O-,PASS,0.811792071197411,81.17920711974111,1,0.5532994923857868,55.32994923857868,False,False,False,False,False,
O-/cluster_7_3845.BMP,O-,PASS,0.6502831715210357,65.02831715210357,1,0.5634517766497462,56.34517766497462,False,False,False,False,False,
O-/cluster_7_3853.BMP,O-,PASS,0.7110639158576052,71.10639158576052,1,0.5532994923857868,55.32994923857868,False,False,False,False,False,
O-/cluster_7_3871.BMP,O-,PASS,0.7273462783171522,72.73462783171522,1,0.5634517766497462,56.34517766497462,False,False,False,False,False,
O-/cluster_7_3874.BMP,O-,PASS,0.6544296116504854,65.44296116504854,1,0.5634517766497462,56.34517766497462,False,False,False,False,False,
O-/cluster_7_3878.BMP,O-,PASS,0.7018608414239482,70.18608414239482,1,0.5583756345177665,55.83756345177665,False,False,False,False,False,
O-/cluster_7_3879.BMP,O-,PASS,0.6381472491909385,63.81472491909385,1,0.5532994923857868,55.32994923857868,False,False,False,False,False,
O-/cluster_7_3889.BMP,O-,PASS,0.6481593851132686,64.81593851132686,1,0.5634517766497462,56.34517766497462,False,False,False,False,False,
O-/cluster_7_3894.BMP,O-,PASS,0.6891181229773463,68.91181229773463,1,0.5685279187817259,56.852791878172596,False,False,False,False,False,
O-/cluster_7_3899.BMP,O-,PASS,0.6720266990291263,67.20266990291263,1,0.5583756345177665,55.83756345177665,False,False,False,False,False,
O-/cluster_7_390.BMP,O-,PASS,0.7018608414239482,70.18608414239482,1,0.5634517766497462,56.34517766497462,False,False,False,False,False,
O-/cluster_7_391.BMP,O-,PASS,0.6353155339805825,63.53155339805825,1,0.5685279187817259,56.852791878172596,False,False,False,False,False,
O-/cluster_7_3910.BMP,O-,PASS,0.5971885113268608,59.718851132686076,1,0.5685279187817259,56.852791878172596,False,False,False,False,False,
O-/cluster_7_3919.BMP,O-,PASS,0.6104368932038835,61.04368932038835,1,0.5685279187817259,56.852791878172596,False,False,False,False,False,
O-/cluster_7_3951.BMP,O-,PASS,0.69457928802589,69.457928802589,1,0.5634517766497462,56.34517766497462,False,False,False,False,False,
O-/cluster_7_3953.BMP,O-,PASS,0.737156148867314,73.7156148867314,1,0.5634517766497462,56.34517766497462,False,False,False,False,False,
O-/cluster_7_3963.BMP,O-,PASS,0.5922330097087378,59.22330097087378,1,0.5532994923857868,55.32994923857868,False,False,False,False,False,
O-/cluster_7_3965.BMP,O-,PASS,0.627831715210356,62.7831715210356,1,0.5685279187817259,56.852791878172596,False,False,False,False,False,
O-/cluster_7_3966.BMP,O-,PASS,0.667576860841424,66.75768608414239,1,0.5532994923857868,55.32994923857868,False,False,False,False,False,
O-/cluster_7_3985.BMP,O-,PASS,0.676779935275081,67.6779935275081,1,0.5583756345177665,55.83756345177665,False,False,False,False,False,
O-/cluster_7_3987.BMP,O-,PASS,0.7937904530744336,79.37904530744336,1,0.5532994923857868,55.32994923857868,False,False,False,False,False,
O-/cluster_7_399.BMP,O-,PASS,0.6933656957928802,69.33656957928802,1,0.5634517766497462,56.34517766497462,False,False,False,False,False,
O-/cluster_7_3999.BMP,O-,PASS,0.22411003236245955,22.411003236245953,1,0.5532994923857868,55.32994923857868,False,False,False,False,False,
O-/cluster_7_4034.BMP,O-,PASS,0.7316949838187702,73.16949838187702,1,0.5583756345177665,55.83756345177665,False,False,False,False,False,
O-/cluster_7_4036.BMP,O-,PASS,0.6457322006472492,64.57322006472492,1,0.5634517766497462,56.34517766497462,False,False,False,False,False,
O-/cluster_7_404.BMP,O-,PASS,0.6578681229773463,65.78681229773463,1,0.5685279187817259,56.852791878172596,False,False,False,False,False,
O-/cluster_7_4046.BMP,O-,PASS,0.5841423948220065,58.41423948220065,1,0.583756345177665,58.37563451776649,False,False,False,False,False,
O-/cluster_7_4053.BMP,O-,PASS,0.6829490291262136,68.29490291262135,1,0.5634517766497462,56.34517766497462,False,False,False,False,False,
O-/cluster_7_4060.BMP,O-,PASS,0.6657564724919094,66.57564724919094,1,0.5634517766497462,56.34517766497462,False,False,False,False,False,
O-/cluster_7_4061.BMP,O-,PASS,0.6404733009708737,64.04733009708737,1,0.5634517766497462,56.34517766497462,False,False,False,False,False,
O-/cluster_7_4067.BMP,O-,PASS,0.8382888349514563,83.82888349514563,1,0.5964467005076142,59.64467005076142,False,False,False,False,False,
O-/cluster_7_407.BMP,O-,PASS,0.6893203883495146,68.93203883495146,1,0.5583756345177665,55.83756345177665,False,False,False,False,False,
O-/cluster_7_4081.BMP,O-,PASS,0.7353357605177994,73.53357605177993,1,0.5685279187817259,56.852791878172596,False,False,False,False,False,
O-/cluster_7_4090.BMP,O-,PASS,0.7948017799352751,79.48017799352752,1,0.5532994923857868,55.32994923857868,False,False,False,False,False,
O-/cluster_7_4107.BMP,O-,PASS,0.6128640776699029,61.286407766990294,1,0.5532994923857868,55.32994923857868,False,False,False,False,False,
O-/cluster_7_4111.BMP,O-,PASS,0.7038834951456311,70.3883495145631,1,0.5634517766497462,56.34517766497462,False,False,False,False,False,
O-/cluster_7_4114.BMP,O-,PASS,0.6424959546925566,64.24959546925567,1,0.5634517766497462,56.34517766497462,False,False,False,False,False,
O-/cluster_7_4118.BMP,O-,PASS,0.7022653721682848,70.22653721682848,1,0.5634517766497462,56.34517766497462,False,False,False,False,False,
O-/cluster_7_4129.BMP,O-,PASS,0.1915453074433657,19.15453074433657,1,0.5532994923857868,55.32994923857868,False,False,False,False,False,
O-/cluster_7_413.BMP,O-,PASS,0.7271440129449838,72.71440129449837,1,0.5634517766497462,56.34517766497462,False,False,False,False,False,
O-/cluster_7_4131.BMP,O-,PASS,0.6833535598705501,68.33535598705501,1,0.5583756345177665,55.83756345177665,False,False,False,False,False,
O-/cluster_7_4132.BMP,O-,PASS,0.6663632686084142,66.63632686084142,1,0.5634517766497462,56.34517766497462,False,False,False,False,False,
O-/cluster_7_4133.BMP,O-,PASS,0.5977953074433657,59.779530744336576,1,0.6015228426395939,60.15228426395939,False,False,False,False,False,
O-/cluster_7_4139.BMP,O-,PASS,0.7122775080906149,71.22775080906149,1,0.5583756345177665,55.83756345177665,False,False,False,False,False,
O-/cluster_7_414.BMP,O-,PASS,0.7185477346278317,71.85477346278317,1,0.5558375634517766,55.58375634517766,False,False,False,False,False,
O-/cluster_7_4149.BMP,O-,PASS,0.6682847896440129,66.8284789644013,1,0.5583756345177665,55.83756345177665,False,False,False,False,False,
O-/cluster_7_4161.BMP,O-,PASS,0.7043891585760518,70.43891585760518,1,0.5634517766497462,56.34517766497462,False,False,False,False,False,
O-/cluster_7_4166.BMP,O-,PASS,0.7736650485436893,77.36650485436894,1,0.5634517766497462,56.34517766497462,False,False,False,False,False,
O-/cluster_7_4171.BMP,O-,PASS,0.6795105177993528,67.95105177993528,1,0.5583756345177665,55.83756345177665,False,False,False,False,False,
O-/cluster_7_4179.BMP,O-,PASS,0.702467637540453,70.2467637540453,1,0.5634517766497462,56.34517766497462,False,False,False,False,False,
O-/cluster_7_4186.BMP,O-,PASS,0.7573826860841424,75.73826860841424,1,0.6802030456852792,68.02030456852792,False,False,False,False,False,
O-/cluster_7_4193.BMP,O-,PASS,0.6757686084142395,67.57686084142395,1,0.5685279187817259,56.852791878172596,False,False,False,False,False,
O-/cluster_7_4199.BMP,O-,PASS,0.7306836569579288,73.06836569579288,1,0.5634517766497462,56.34517766497462,False,False,False,False,False,
O-/cluster_7_4203.BMP,O-,PASS,0.6708131067961165,67.08131067961165,1,0.5888324873096447,58.88324873096447,False,False,False,False,False,
O-/cluster_7_4219.BMP,O-,PASS,0.6217637540453075,62.176375404530745,1,0.5583756345177665,55.83756345177665,False,False,False,False,False,
O-/cluster_7_4232.BMP,O-,PASS,0.678296925566343,67.8296925566343,1,0.5634517766497462,56.34517766497462,False,False,False,False,False,
O-/cluster_7_4235.BMP,O-,PASS,0.7273462783171522,72.73462783171522,1,0.5634517766497462,56.34517766497462,False,False,False,False,False,
O-/cluster_7_4236.BMP,O-,PASS,0.7316949838187702,73.16949838187702,1,0.5634517766497462,56.34517766497462,False,False,False,False,False,
O-/cluster_7_4239.BMP,O-,PASS,0.5917273462783171,59.172734627831716,1,0.5583756345177665,55.83756345177665,False,False,False,False,False,
O-/cluster_7_4265.BMP,O-,PASS,0.7282564724919094,72.82564724919094,1,0.5532994923857868,55.32994923857868,False,False,False,False,False,
O-/cluster_7_429.BMP,O-,PASS,0.6714199029126213,67.14199029126213,1,0.5532994923857868,55.32994923857868,False,False,False,False,False,
O-/cluster_7_4293.BMP,O-,PASS,0.6821399676375405,68.21399676375405,1,0.5634517766497462,56.34517766497462,False,False,False,False,False,
O-/cluster_7_4295.BMP,O-,PASS,0.7199635922330098,71.99635922330097,1,0.5634517766497462,56.34517766497462,False,False,False,False,False,
O-/cluster_7_430.BMP,O-,PASS,0.6772855987055016,67.72855987055017,1,0.5634517766497462,56.34517766497462,False,False,False,False,False,
O-/cluster_7_4301.BMP,O-,PASS,0.7490898058252428,74.90898058252428,1,0.5583756345177665,55.83756345177665,False,False,False,False,False,
O-/cluster_7_4309.BMP,O-,PASS,0.7998584142394822,79.98584142394822,1,0.5532994923857868,55.32994923857868,False,False,False,False,False,
O-/cluster_7_4311.BMP,O-,PASS,0.721581715210356,72.1581715210356,1,0.5685279187817259,56.852791878172596,False,False,False,False,False,
O-/cluster_7_4313.BMP,O-,PASS,0.7157160194174758,71.57160194174757,1,0.5583756345177665,55.83756345177665,False,False,False,False,False,
O-/cluster_7_4324.BMP,O-,PASS,0.45600728155339804,45.6007281553398,1,0.5736040609137056,57.360406091370564,False,False,False,False,False,
O-/cluster_7_4325.BMP,O-,PASS,0.6814320388349514,68.14320388349515,1,0.5532994923857868,55.32994923857868,False,False,False,False,False,
O-/cluster_7_433.BMP,O-,PASS,0.7099514563106796,70.99514563106796,1,0.5532994923857868,55.32994923857868,False,False,False,False,False,
O-/cluster_7_4341.BMP,O-,PASS,0.7249190938511327,72.49190938511327,1,0.5558375634517766,55.58375634517766,False,False,False,False,False,
O-/cluster_7_4346.BMP,O-,PASS,0.6807241100323624,68.07241100323624,1,0.5634517766497462,56.34517766497462,False,False,False,False,False,
O-/cluster_7_4348.BMP,O-,PASS,0.6617111650485437,66.17111650485437,1,0.5634517766497462,56.34517766497462,False,False,False,False,False,
O-/cluster_7_4353.BMP,O-,PASS,0.8535598705501618,85.35598705501619,1,0.5710659898477157,57.10659898477157,False,False,False,False,False,
O-/cluster_7_4361.BMP,O-,PASS,0.5531957928802589,55.31957928802589,1,0.6675126903553299,66.75126903553299,False,False,False,False,False,
O-/cluster_7_437.BMP,O-,PASS,0.6797127831715211,67.97127831715211,1,0.5685279187817259,56.852791878172596,False,False,False,False,False,
O-/cluster_7_440.BMP,O-,PASS,0.6600930420711975,66.00930420711974,1,0.5685279187817259,56.852791878172596,False,False,False,False,False,
O-/cluster_7_4404.BMP,O-,PASS,0.7005461165048543,70.05461165048543,1,0.5634517766497462,56.34517766497462,False,False,False,False,False,
O-/cluster_7_4410.BMP,O-,PASS,0.789745145631068,78.9745145631068,1,0.5558375634517766,55.58375634517766,False,False,False,False,False,
O-/cluster_7_4414.BMP,O-,PASS,0.7362459546925566,73.62459546925567,1,0.5710659898477157,57.10659898477157,False,False,False,False,False,
O-/cluster_7_4416.BMP,O-,PASS,0.7359425566343042,73.59425566343042,1,0.5685279187817259,56.852791878172596,False,False,False,False,False,
O-/cluster_7_442.BMP,O-,PASS,0.6566545307443366,65.66545307443366,1,0.5710659898477157,57.10659898477157,False,False,False,False,False,
O-/cluster_7_4420.BMP,O-,PASS,0.6269215210355987,62.69215210355987,1,0.5532994923857868,55.32994923857868,False,False,False,False,False,
O-/cluster_7_4425.BMP,O-,PASS,0.6898260517799353,68.98260517799353,1,0.5532994923857868,55.32994923857868,False,False,False,False,False,
O-/cluster_7_443.BMP,O-,PASS,0.7197613268608414,71.97613268608414,1,0.5634517766497462,56.34517766497462,False,False,False,False,False,
O-/cluster_7_4431.BMP,O-,PASS,0.7599110032362459,75.9911003236246,1,0.5634517766497462,56.34517766497462,False,False,False,False,False,
O-/cluster_7_4436.BMP,O-,PASS,0.7073220064724919,70.73220064724919,1,0.5862944162436549,58.629441624365484,False,False,False,False,False,
O-/cluster_7_4438.BMP,O-,PASS,0.6781957928802589,67.81957928802589,1,0.5634517766497462,56.34517766497462,False,False,False,False,False,
O-/cluster_7_4445.BMP,O-,PASS,0.678296925566343,67.8296925566343,1,0.5583756345177665,55.83756345177665,False,False,False,False,False,
O-/cluster_7_4448.BMP,O-,PASS,0.7179409385113269,71.79409385113269,1,0.5583756345177665,55.83756345177665,False,False,False,False,False,
O-/cluster_7_4452.BMP,O-,PASS,0.19164644012944984,19.164644012944983,1,0.5532994923857868,55.32994923857868,False,False,False,False,False,
O-/cluster_7_4460.BMP,O-,PASS,0.6125606796116505,61.25606796116505,1,0.5634517766497462,56.34517766497462,False,False,False,False,False,
O-/cluster_7_4462.BMP,O-,PASS,0.7175364077669902,71.75364077669903,1,0.5685279187817259,56.852791878172596,False,False,False,False,False,
O-/cluster_7_4473.BMP,O-,PASS,0.666970064724919,66.6970064724919,1,0.5634517766497462,56.34517766497462,False,False,False,False,False,
O-/cluster_7_4497.BMP,O-,PASS,0.7098503236245954,70.98503236245955,1,0.565989847715736,56.598984771573605,False,False,False,False,False,
O-/cluster_7_4507.BMP,O-,PASS,0.7800364077669902,78.00364077669903,1,0.5532994923857868,55.32994923857868,False,False,False,False,False,
O-/cluster_7_4517.BMP,O-,PASS,0.7642597087378641,76.42597087378641,1,0.5634517766497462,56.34517766497462,False,False,False,False,False,
O-/cluster_7_452.BMP,O-,PASS,0.6787014563106796,67.87014563106796,1,0.5634517766497462,56.34517766497462,False,False,False,False,False,
O-/cluster_7_4522.BMP,O-,PASS,0.5967839805825242,59.67839805825243,1,0.5685279187817259,56.852791878172596,False,False,False,False,False,
O-/cluster_7_4525.BMP,O-,PASS,0.7205703883495146,72.05703883495146,1,0.5634517766497462,56.34517766497462,False,False,False,False,False,
O-/cluster_7_4530.BMP,O-,PASS,0.5906148867313916,59.06148867313916,1,0.5634517766497462,56.34517766497462,False,False,False,False,False,
O-/cluster_7_4536.BMP,O-,PASS,0.6028519417475728,60.28519417475729,1,0.5634517766497462,56.34517766497462,False,False,False,False,False,
O-/cluster_7_4538.BMP,O-,PASS,0.7078276699029126,70.78276699029125,1,0.5532994923857868,55.32994923857868,False,False,False,False,False,
O-/cluster_7_4544.BMP,O-,PASS,0.5954692556634305,59.54692556634305,1,0.5634517766497462,56.34517766497462,False,False,False,False,False,
O-/cluster_7_4556.BMP,O-,PASS,0.5619943365695793,56.19943365695793,1,0.5634517766497462,56.34517766497462,False,False,False,False,False,
O-/cluster_7_4565.BMP,O-,PASS,0.7280542071197411,72.80542071197411,1,0.5685279187817259,56.852791878172596,False,False,False,False,False,
O-/cluster_7_4583.BMP,O-,PASS,0.7109627831715211,71.09627831715211,1,0.5532994923857868,55.32994923857868,False,False,False,False,False,
O-/cluster_7_4586.BMP,O-,PASS,0.5658373786407767,56.58373786407766,1,0.5634517766497462,56.34517766497462,False,False,False,False,False,
O-/cluster_7_4588.BMP,O-,PASS,0.7193567961165048,71.93567961165049,1,0.5583756345177665,55.83756345177665,False,False,False,False,False,
O-/cluster_7_4599.BMP,O-,PASS,0.6642394822006472,66.42394822006472,1,0.5583756345177665,55.83756345177665,False,False,False,False,False,
O-/cluster_7_460.BMP,O-,PASS,0.6472491909385113,64.72491909385113,1,0.5532994923857868,55.32994923857868,False,False,False,False,False,
O-/cluster_7_4605.BMP,O-,PASS,0.7827669902912622,78.27669902912622,1,0.5532994923857868,55.32994923857868,False,False,False,False,False,
O-/cluster_7_4610.BMP,O-,PASS,0.7462580906148867,74.62580906148867,1,0.6573604060913706,65.73604060913706,False,False,False,False,False,
O-/cluster_7_4614.BMP,O-,PASS,0.7532362459546925,75.32362459546925,1,0.5685279187817259,56.852791878172596,False,False,False,False,False,
O-/cluster_7_4620.BMP,O-,PASS,0.6577669902912622,65.77669902912622,1,0.5532994923857868,55.32994923857868,False,False,False,False,False,
O-/cluster_7_4639.BMP,O-,PASS,0.8304004854368932,83.04004854368931,1,0.5532994923857868,55.32994923857868,False,False,False,False,False,
O-/cluster_7_4666.BMP,O-,PASS,0.6887135922330098,68.87135922330097,1,0.5532994923857868,55.32994923857868,False,False,False,False,False,
O-/cluster_7_4698.BMP,O-,PASS,0.5698826860841424,56.98826860841424,1,0.565989847715736,56.598984771573605,False,False,False,False,False,
O-/cluster_7_4710.BMP,O-,PASS,0.7686084142394822,76.86084142394822,1,0.5532994923857868,55.32994923857868,False,False,False,False,False,
O-/cluster_7_4715.BMP,O-,PASS,0.6718244336569579,67.18244336569579,1,0.5685279187817259,56.852791878172596,False,False,False,False,False,
O-/cluster_7_4719.BMP,O-,PASS,0.6953883495145631,69.53883495145631,1,0.5634517766497462,56.34517766497462,False,False,False,False,False,
O-/cluster_7_4722.BMP,O-,PASS,0.7434263754045307,74.34263754045307,1,0.5583756345177665,55.83756345177665,False,False,False,False,False,
O-/cluster_7_4737.BMP,O-,PASS,0.7557645631067961,75.5764563106796,1,0.5685279187817259,56.852791878172596,False,False,False,False,False,
O-/cluster_7_4739.BMP,O-,PASS,0.7856998381877023,78.56998381877023,1,0.5532994923857868,55.32994923857868,False,False,False,False,False,
O-/cluster_7_4749.BMP,O-,PASS,0.7239077669902912,72.39077669902912,1,0.6421319796954315,64.21319796954315,False,False,False,False,False,
O-/cluster_7_4771.BMP,O-,PASS,0.6416868932038835,64.16868932038835,1,0.5685279187817259,56.852791878172596,False,False,False,False,False,
O-/cluster_7_4776.BMP,O-,PASS,0.6741504854368932,67.41504854368931,1,0.5583756345177665,55.83756345177665,False,False,False,False,False,
O-/cluster_7_4778.BMP,O-,PASS,0.6193365695792881,61.933656957928804,1,0.5634517766497462,56.34517766497462,False,False,False,False,False,
O-/cluster_7_4784.BMP,O-,PASS,0.6446197411003236,64.46197411003236,1,0.5634517766497462,56.34517766497462,False,False,False,False,False,
O-/cluster_7_4793.BMP,O-,PASS,0.7415968141691498,74.15968141691498,1,0.5195530726256983,51.955307262569825,False,False,False,False,False,
O-/cluster_7_4796.BMP,O-,PASS,0.5367111650485437,53.67111650485437,1,0.5634517766497462,56.34517766497462,False,False,False,False,False,
O-/cluster_7_48.BMP,O-,PASS,0.5633090614886731,56.330906148867314,1,0.5710659898477157,57.10659898477157,False,False,False,False,False,
O-/cluster_7_4825.BMP,O-,PASS,0.7938915857605178,79.38915857605178,1,0.565989847715736,56.598984771573605,False,False,False,False,False,
O-/cluster_7_483.BMP,O-,PASS,0.6093244336569579,60.93244336569579,1,0.5583756345177665,55.83756345177665,False,False,False,False,False,
O-/cluster_7_4836.BMP,O-,PASS,0.6970064724919094,69.70064724919094,1,0.5532994923857868,55.32994923857868,False,False,False,False,False,
O-/cluster_7_4847.BMP,O-,PASS,0.7948017799352751,79.48017799352752,1,0.5532994923857868,55.32994923857868,False,False,False,False,False,
O-/cluster_7_4858.BMP,O-,PASS,0.7495954692556634,74.95954692556634,1,0.5583756345177665,55.83756345177665,False,False,False,False,False,
O-/cluster_7_489.BMP,O-,PASS,0.6937702265372169,69.37702265372168,1,0.5558375634517766,55.58375634517766,False,False,False,False,False,
O-/cluster_7_4918.BMP,O-,PASS,0.6214603559870551,62.14603559870551,1,0.565989847715736,56.598984771573605,False,False,False,False,False,
O-/cluster_7_4921.BMP,O-,PASS,0.5999190938511327,59.991909385113274,1,0.5532994923857868,55.32994923857868,False,False,False,False,False,
O-/cluster_7_4923.BMP,O-,PASS,0.7184466019417476,71.84466019417476,1,0.565989847715736,56.598984771573605,False,False,False,False,False,
O-/cluster_7_4929.BMP,O-,PASS,0.6718928402350386,67.18928402350386,1,0.521415270018622,52.1415270018622,False,False,False,False,False,
O-/cluster_7_493.BMP,O-,PASS,0.7093446601941747,70.93446601941747,1,0.5532994923857868,55.32994923857868,False,False,False,False,False,
O-/cluster_7_4939.BMP,O-,PASS,0.7633495145631068,76.33495145631069,1,0.5634517766497462,56.34517766497462,False,False,False,False,False,
O-/cluster_7_4950.BMP,O-,PASS,0.6873988673139159,68.73988673139159,1,0.5532994923857868,55.32994923857868,False,False,False,False,False,
O-/cluster_7_4954.BMP,O-,PASS,0.7361448220064725,73.61448220064725,1,0.565989847715736,56.598984771573605,False,False,False,False,False,
O-/cluster_7_4977.BMP,O-,PASS,0.7146035598705501,71.46035598705501,1,0.5685279187817259,56.852791878172596,False,False,False,False,False,
O-/cluster_7_4979.BMP,O-,PASS,0.6929611650485437,69.29611650485437,1,0.5710659898477157,57.10659898477157,False,False,False,False,False,
O-/cluster_7_4983.BMP,O-,PASS,0.8200849514563107,82.00849514563106,1,0.5532994923857868,55.32994923857868,False,False,False,False,False,
O-/cluster_7_4987.BMP,O-,PASS,0.7537419093851133,75.37419093851133,1,0.5532994923857868,55.32994923857868,False,False,False,False,False,
O-/cluster_7_499.BMP,O-,PASS,0.6880056634304207,68.80056634304206,1,0.5583756345177665,55.83756345177665,False,False,False,False,False,
O-/cluster_7_4995.BMP,O-,PASS,0.5920307443365695,59.20307443365695,1,0.5685279187817259,56.852791878172596,False,False,False,False,False,
O-/cluster_7_5021.BMP,O-,PASS,0.5820186084142395,58.201860841423944,1,0.5786802030456852,57.868020304568525,False,False,False,False,False,
O-/cluster_7_5022.BMP,O-,PASS,0.5117313915857605,51.173139158576056,2,0.5685279187817259,56.852791878172596,False,False,False,False,False,
O-/cluster_7_5034.BMP,O-,PASS,0.7959142394822006,79.59142394822007,1,0.5532994923857868,55.32994923857868,False,False,False,False,False,
O-/cluster_7_5036.BMP,O-,PASS,0.602245145631068,60.2245145631068,1,0.5634517766497462,56.34517766497462,False,False,False,False,False,
O-/cluster_7_5040.BMP,O-,PASS,0.6544296116504854,65.44296116504854,1,0.5634517766497462,56.34517766497462,False,False,False,False,False,
O-/cluster_7_5056.BMP,O-,PASS,0.6760720064724919,67.60720064724919,1,0.5634517766497462,56.34517766497462,False,False,False,False,False,
O-/cluster_7_5059.BMP,O-,PASS,0.6068972491909385,60.68972491909385,1,0.5685279187817259,56.852791878172596,False,False,False,False,False,
O-/cluster_7_5068.BMP,O-,PASS,0.5967839805825242,59.67839805825243,1,0.5583756345177665,55.83756345177665,False,False,False,False,False,
O-/cluster_7_5080.BMP,O-,PASS,0.75,75.0,1,0.5634517766497462,56.34517766497462,False,False,False,False,False,
O-/cluster_7_511.BMP,O-,PASS,0.8436488673139159,84.36488673139159,1,0.5583756345177665,55.83756345177665,False,False,False,False,False,
O-/cluster_7_5111.BMP,O-,PASS,0.5808050161812298,58.08050161812298,1,0.5685279187817259,56.852791878172596,False,False,False,False,False,
O-/cluster_7_5113.BMP,O-,PASS,0.6692961165048543,66.92961165048543,1,0.5634517766497462,56.34517766497462,False,False,False,False,False,
O-/cluster_7_5132.BMP,O-,PASS,0.7816545307443366,78.16545307443366,1,0.6015228426395939,60.15228426395939,False,False,False,False,False,
O-/cluster_7_5133.BMP,O-,PASS,0.6078074433656958,60.78074433656958,1,0.5634517766497462,56.34517766497462,False,False,False,False,False,
O-/cluster_7_5150.BMP,O-,PASS,0.5029328478964401,50.29328478964401,1,0.5685279187817259,56.852791878172596,False,False,False,False,False,
O-/cluster_7_5154.BMP,O-,PASS,0.4871561488673139,48.71561488673139,1,0.5736040609137056,57.360406091370564,False,False,False,False,False,
O-/cluster_7_5157.BMP,O-,PASS,0.7062095469255664,70.62095469255664,1,0.5634517766497462,56.34517766497462,False,False,False,False,False,
O-/cluster_7_5159.BMP,O-,PASS,0.6831512944983819,68.31512944983818,1,0.5634517766497462,56.34517766497462,False,False,False,False,False,
O-/cluster_7_519.BMP,O-,PASS,0.6997688601743296,69.97688601743296,1,0.521415270018622,52.1415270018622,False,False,False,False,False,
O-/cluster_7_5207.BMP,O-,PASS,0.657665857605178,65.7665857605178,1,0.5634517766497462,56.34517766497462,False,False,False,False,False,
O-/cluster_7_5237.BMP,O-,PASS,0.7179409385113269,71.79409385113269,1,0.5532994923857868,55.32994923857868,False,False,False,False,False,
O-/cluster_7_5242.BMP,O-,PASS,0.7343244336569579,73.43244336569579,1,0.5583756345177665,55.83756345177665,False,False,False,False,False,
O-/cluster_7_5300.BMP,O-,PASS,0.6557443365695793,65.57443365695794,2,0.5634517766497462,56.34517766497462,False,False,False,False,False,
O-/cluster_7_5303.BMP,O-,PASS,0.7198624595469255,71.98624595469255,1,0.5532994923857868,55.32994923857868,False,False,False,False,False,
O-/cluster_7_5304.BMP,O-,PASS,0.7195590614886731,71.95590614886731,1,0.5583756345177665,55.83756345177665,False,False,False,False,False,
O-/cluster_7_5311.BMP,O-,PASS,0.6843648867313916,68.43648867313917,1,0.5583756345177665,55.83756345177665,False,False,False,False,False,
O-/cluster_7_5315.BMP,O-,PASS,0.8009708737864077,80.09708737864078,1,0.5532994923857868,55.32994923857868,False,False,False,False,False,
O-/cluster_7_5320.BMP,O-,PASS,0.688207928802589,68.82079288025889,1,0.6675126903553299,66.75126903553299,False,False,False,False,False,
O-/cluster_7_5325.BMP,O-,PASS,0.6951860841423948,69.51860841423948,1,0.5532994923857868,55.32994923857868,False,False,False,False,False,
O-/cluster_7_5326.BMP,O-,PASS,0.7541464401294499,75.41464401294499,1,0.631979695431472,63.1979695431472,False,False,False,False,False,
O-/cluster_7_5328.BMP,O-,PASS,0.6827467637540453,68.27467637540452,1,0.5634517766497462,56.34517766497462,False,False,False,False,False,
O-/cluster_7_5351.BMP,O-,PASS,0.71875,71.875,1,0.5634517766497462,56.34517766497462,False,False,False,False,False,
O-/cluster_7_538.BMP,O-,PASS,0.635720064724919,63.57200647249191,1,0.5532994923857868,55.32994923857868,False,False,False,False,False,
O-/cluster_7_5380.BMP,O-,PASS,0.6048745954692557,60.48745954692557,1,0.5634517766497462,56.34517766497462,False,False,False,False,False,
O-/cluster_7_5391.BMP,O-,PASS,0.639967637540453,63.996763754045304,1,0.5634517766497462,56.34517766497462,False,False,False,False,False,
O-/cluster_7_541.BMP,O-,PASS,0.6572613268608414,65.72613268608414,1,0.5532994923857868,55.32994923857868,False,False,False,False,False,
O-/cluster_7_5412.BMP,O-,PASS,0.6559466019417476,65.59466019417476,1,0.5532994923857868,55.32994923857868,False,False,False,False,False,
O-/cluster_7_5415.BMP,O-,PASS,0.5749393203883495,57.49393203883495,1,0.5583756345177665,55.83756345177665,False,False,False,False,False,
O-/cluster_7_5419.BMP,O-,PASS,0.690331715210356,69.0331715210356,1,0.5583756345177665,55.83756345177665,False,False,False,False,False,
O-/cluster_7_5429.BMP,O-,PASS,0.6570590614886731,65.70590614886731,1,0.5532994923857868,55.32994923857868,False,False,False,False,False,
O-/cluster_7_5439.BMP,O-,PASS,0.6422936893203883,64.22936893203884,1,0.5634517766497462,56.34517766497462,False,False,False,False,False,
O-/cluster_7_5447.BMP,O-,PASS,0.5904926341585675,59.04926341585674,2,0.5195530726256983,51.955307262569825,False,False,False,False,False,
O-/cluster_7_5457.BMP,O-,PASS,0.6973098705501618,69.73098705501619,1,0.5634517766497462,56.34517766497462,False,False,False,False,False,
O-/cluster_7_5470.BMP,O-,PASS,0.7285598705501618,72.85598705501619,1,0.5583756345177665,55.83756345177665,False,False,False,False,False,
O-/cluster_7_549.BMP,O-,PASS,0.6952872168284789,69.52872168284789,1,0.5583756345177665,55.83756345177665,False,False,False,False,False,
O-/cluster_7_5494.BMP,O-,PASS,0.6842637540453075,68.42637540453075,1,0.5634517766497462,56.34517766497462,False,False,False,False,False,
O-/cluster_7_5500.BMP,O-,PASS,0.6962985436893204,69.62985436893204,1,0.5634517766497462,56.34517766497462,False,False,False,False,False,
O-/cluster_7_552.BMP,O-,PASS,0.799656148867314,79.9656148867314,1,0.565989847715736,56.598984771573605,False,False,False,False,False,
O-/cluster_7_5528.BMP,O-,PASS,0.6636326860841424,66.36326860841424,1,0.5710659898477157,57.10659898477157,False,False,False,False,False,
O-/cluster_7_5544.BMP,O-,PASS,0.684668284789644,68.4668284789644,1,0.5634517766497462,56.34517766497462,False,False,False,False,False,
O-/cluster_7_5548.BMP,O-,PASS,0.6132686084142395,61.326860841423944,1,0.5685279187817259,56.852791878172596,False,False,False,False,False,
O-/cluster_7_5555.BMP,O-,PASS,0.647046925566343,64.7046925566343,1,0.5634517766497462,56.34517766497462,False,False,False,False,False,
O-/cluster_7_5557.BMP,O-,PASS,0.7416059870550162,74.16059870550163,1,0.5634517766497462,56.34517766497462,False,False,False,False,False,
O-/cluster_7_5558.BMP,O-,PASS,0.7488875404530745,74.88875404530745,1,0.5532994923857868,55.32994923857868,False,False,False,False,False,
O-/cluster_7_5572.BMP,O-,PASS,0.6864886731391586,68.64886731391586,1,0.565989847715736,56.598984771573605,False,False,False,False,False,
O-/cluster_7_5584.BMP,O-,PASS,0.6595873786407767,65.95873786407766,1,0.5634517766497462,56.34517766497462,False,False,False,False,False,
O-/cluster_7_5585.BMP,O-,PASS,0.6279328478964401,62.79328478964401,1,0.5736040609137056,57.360406091370564,False,False,False,False,False,
O-/cluster_7_5588.BMP,O-,PASS,0.7247168284789643,72.47168284789643,1,0.565989847715736,56.598984771573605,False,False,False,False,False,
O-/cluster_7_5610.BMP,O-,PASS,0.7022653721682848,70.22653721682848,1,0.631979695431472,63.1979695431472,False,False,False,False,False,
O-/cluster_7_5615.BMP,O-,PASS,0.6803195792880259,68.03195792880258,1,0.5532994923857868,55.32994923857868,False,False,False,False,False,
O-/cluster_7_5617.BMP,O-,PASS,0.6656553398058253,66.56553398058253,1,0.5532994923857868,55.32994923857868,False,False,False,False,False,
O-/cluster_7_562.BMP,O-,PASS,0.6850728155339806,68.50728155339806,1,0.565989847715736,56.598984771573605,False,False,False,False,False,
O-/cluster_7_5648.BMP,O-,PASS,0.6905339805825242,69.05339805825243,2,0.5583756345177665,55.83756345177665,False,False,False,False,False,
O-/cluster_7_5655.BMP,O-,PASS,0.8985639158576052,89.85639158576052,1,0.5812182741116751,58.121827411167516,False,False,False,False,False,
O-/cluster_7_5656.BMP,O-,PASS,0.7101537216828478,71.01537216828478,1,0.5634517766497462,56.34517766497462,False,False,False,False,False,
O-/cluster_7_5664.BMP,O-,PASS,0.6104368932038835,61.04368932038835,1,0.5583756345177665,55.83756345177665,False,False,False,False,False,
O-/cluster_7_5684.BMP,O-,PASS,0.6375404530744336,63.75404530744336,1,0.5583756345177665,55.83756345177665,False,False,False,False,False,
O-/cluster_7_5696.BMP,O-,PASS,0.7060072815533981,70.60072815533981,1,0.565989847715736,56.598984771573605,False,False,False,False,False,
O-/cluster_7_57.BMP,O-,PASS,0.7153114886731392,71.53114886731392,1,0.5634517766497462,56.34517766497462,False,False,False,False,False,
O-/cluster_7_5700.BMP,O-,PASS,0.6928600323624595,69.28600323624595,1,0.5583756345177665,55.83756345177665,False,False,False,False,False,
O-/cluster_7_571.BMP,O-,PASS,0.7368527508090615,73.68527508090615,1,0.5583756345177665,55.83756345177665,False,False,False,False,False,
O-/cluster_7_5719.BMP,O-,PASS,0.6857807443365695,68.57807443365695,1,0.5583756345177665,55.83756345177665,False,False,False,False,False,
O-/cluster_7_5727.BMP,O-,PASS,0.7033778317152104,70.33778317152104,1,0.5685279187817259,56.852791878172596,False,False,False,False,False,
O-/cluster_7_5729.BMP,O-,PASS,0.6841626213592233,68.41626213592234,1,0.5634517766497462,56.34517766497462,False,False,False,False,False,
O-/cluster_7_5748.BMP,O-,PASS,0.7965210355987055,79.65210355987054,1,0.5532994923857868,55.32994923857868,False,False,False,False,False,
O-/cluster_7_5753.BMP,O-,PASS,0.6324838187702265,63.24838187702265,1,0.5583756345177665,55.83756345177665,False,False,False,False,False,
O-/cluster_7_5758.BMP,O-,PASS,0.6575647249190939,65.75647249190939,1,0.5634517766497462,56.34517766497462,False,False,False,False,False,
O-/cluster_7_5772.BMP,O-,PASS,0.7154126213592233,71.54126213592234,1,0.5634517766497462,56.34517766497462,False,False,False,False,False,
O-/cluster_7_5773.BMP,O-,PASS,0.6883090614886731,68.83090614886731,1,0.5532994923857868,55.32994923857868,False,False,False,False,False,
O-/cluster_7_5776.BMP,O-,PASS,0.6556432038834952,65.56432038834951,1,0.5583756345177665,55.83756345177665,False,False,False,False,False,
O-/cluster_7_5791.BMP,O-,PASS,0.6806229773462783,68.06229773462783,1,0.5532994923857868,55.32994923857868,False,False,False,False,False,
O-/cluster_7_5793.BMP,O-,PASS,0.720873786407767,72.0873786407767,1,0.5964467005076142,59.64467005076142,False,False,False,False,False,
O-/cluster_7_5795.BMP,O-,PASS,0.7749797734627831,77.49797734627832,1,0.5532994923857868,55.32994923857868,False,False,False,False,False,
O-/cluster_7_580.BMP,O-,PASS,0.6575647249190939,65.75647249190939,1,0.5634517766497462,56.34517766497462,False,False,False,False,False,
O-/cluster_7_5826.BMP,O-,PASS,0.8246359223300971,82.4635922330097,1,0.5583756345177665,55.83756345177665,False,False,False,False,False,
O-/cluster_7_5829.BMP,O-,PASS,0.622876213592233,62.2876213592233,1,0.565989847715736,56.598984771573605,False,False,False,False,False,
O-/cluster_7_5831.BMP,O-,PASS,0.6973098705501618,69.73098705501619,1,0.5634517766497462,56.34517766497462,False,False,False,False,False,
O-/cluster_7_5837.BMP,O-,PASS,0.6648462783171522,66.48462783171522,1,0.5634517766497462,56.34517766497462,False,False,False,False,False,
O-/cluster_7_5846.BMP,O-,PASS,0.7619336569579288,76.19336569579288,1,0.6675126903553299,66.75126903553299,False,False,False,False,False,
O-/cluster_7_5853.BMP,O-,PASS,0.7271440129449838,72.71440129449837,1,0.6091370558375635,60.913705583756354,False,False,False,False,False,
O-/cluster_7_5855.BMP,O-,PASS,0.6780946601941747,67.80946601941747,1,0.5634517766497462,56.34517766497462,False,False,False,False,False,
O-/cluster_7_5859.BMP,O-,PASS,0.7708333333333334,77.08333333333334,1,0.5583756345177665,55.83756345177665,False,False,False,False,False,
O-/cluster_7_5863.BMP,O-,PASS,0.692455501618123,69.2455501618123,1,0.5634517766497462,56.34517766497462,False,False,False,False,False,
O-/cluster_7_5866.BMP,O-,PASS,0.6907362459546925,69.07362459546925,1,0.5685279187817259,56.852791878172596,False,False,False,False,False,
O-/cluster_7_5867.BMP,O-,PASS,0.7195590614886731,71.95590614886731,1,0.5532994923857868,55.32994923857868,False,False,False,False,False,
O-/cluster_7_5879.BMP,O-,PASS,0.7390776699029126,73.90776699029125,1,0.5710659898477157,57.10659898477157,False,False,False,False,False,
O-/cluster_7_5889.BMP,O-,PASS,0.6223705501618123,62.23705501618123,1,0.5634517766497462,56.34517766497462,False,False,False,False,False,
O-/cluster_7_5893.BMP,O-,PASS,0.7533373786407767,75.33373786407766,1,0.5583756345177665,55.83756345177665,False,False,False,False,False,
O-/cluster_7_5899.BMP,O-,PASS,0.7285598705501618,72.85598705501619,1,0.5532994923857868,55.32994923857868,False,False,False,False,False,
O-/cluster_7_5900.BMP,O-,PASS,0.747876213592233,74.7876213592233,1,0.5609137055837563,56.09137055837563,False,False,False,False,False,
O-/cluster_7_5906.BMP,O-,PASS,0.6843648867313916,68.43648867313917,1,0.5583756345177665,55.83756345177665,False,False,False,False,False,
O-/cluster_7_591.BMP,O-,PASS,0.6060881877022654,60.608818770226534,1,0.5532994923857868,55.32994923857868,False,False,False,False,False,
O-/cluster_7_5912.BMP,O-,PASS,0.6589805825242718,65.89805825242718,1,0.565989847715736,56.598984771573605,False,False,False,False,False,
O-/cluster_7_5914.BMP,O-,PASS,0.4764360841423948,47.64360841423948,1,0.5710659898477157,57.10659898477157,False,False,False,False,False,
O-/cluster_7_5932.BMP,O-,PASS,0.6759708737864077,67.59708737864078,1,0.5634517766497462,56.34517766497462,False,False,False,False,False,
O-/cluster_7_5934.BMP,O-,PASS,0.7963187702265372,79.63187702265373,1,0.5532994923857868,55.32994923857868,False,False,False,False,False,
O-/cluster_7_5940.BMP,O-,PASS,0.6724312297734628,67.24312297734627,1,0.5634517766497462,56.34517766497462,False,False,False,False,False,
O-/cluster_7_5942.BMP,O-,PASS,0.7625404530744336,76.25404530744336,1,0.5685279187817259,56.852791878172596,False,False,False,False,False,
O-/cluster_7_5943.BMP,O-,PASS,0.7164239482200647,71.64239482200647,1,0.5634517766497462,56.34517766497462,False,False,False,False,False,
O-/cluster_7_5944.BMP,O-,PASS,0.2559668284789644,25.59668284789644,2,0.5532994923857868,55.32994923857868,False,False,False,False,False,
O-/cluster_7_5952.BMP,O-,PASS,0.6640372168284789,66.40372168284789,1,0.5634517766497462,56.34517766497462,False,False,False,False,False,
O-/cluster_7_5958.BMP,O-,PASS,0.7273462783171522,72.73462783171522,1,0.5583756345177665,55.83756345177665,False,False,False,False,False,
O-/cluster_7_5959.BMP,O-,PASS,0.6311690938511327,63.116909385113274,1,0.5634517766497462,56.34517766497462,False,False,False,False,False,
O-/cluster_7_5960.BMP,O-,PASS,0.7128843042071198,71.28843042071198,1,0.5634517766497462,56.34517766497462,False,False,False,False,False,
O-/cluster_7_5962.BMP,O-,PASS,0.582423139158576,58.2423139158576,1,0.5685279187817259,56.852791878172596,False,False,False,False,False,
O-/cluster_7_5965.BMP,O-,PASS,0.6344053398058253,63.44053398058252,1,0.5583756345177665,55.83756345177665,False,False,False,False,False,
O-/cluster_7_5967.BMP,O-,PASS,0.19973705501618122,19.97370550161812,1,0.5532994923857868,55.32994923857868,False,False,False,False,False,
O-/cluster_7_5969.BMP,O-,PASS,0.7949029126213593,79.49029126213593,1,0.5532994923857868,55.32994923857868,False,False,False,False,False,
O-/cluster_7_5975.BMP,O-,PASS,0.6187297734627831,61.87297734627831,1,0.5710659898477157,57.10659898477157,False,False,False,False,False,
O-/cluster_7_5976.BMP,O-,PASS,0.7040857605177994,70.40857605177993,1,0.5685279187817259,56.852791878172596,False,False,False,False,False,
O-/cluster_7_5979.BMP,O-,PASS,0.6714199029126213,67.14199029126213,1,0.5583756345177665,55.83756345177665,False,False,False,False,False,
O-/cluster_7_5986.BMP,O-,PASS,0.5384304207119741,53.84304207119741,1,0.5685279187817259,56.852791878172596,False,False,False,False,False,
O-/cluster_7_604.BMP,O-,PASS,0.6596885113268608,65.96885113268608,1,0.5532994923857868,55.32994923857868,False,False,False,False,False,
O-/cluster_7_607.BMP,O-,PASS,0.5920307443365695,59.20307443365695,2,0.5685279187817259,56.852791878172596,False,False,False,False,False,
O-/cluster_7_610.BMP,O-,PASS,0.8185679611650486,81.85679611650485,1,0.5862944162436549,58.629441624365484,False,False,False,False,False,
O-/cluster_7_612.BMP,O-,PASS,0.6253033980582524,62.53033980582524,1,0.5710659898477157,57.10659898477157,False,False,False,False,False,
O-/cluster_7_625.BMP,O-,PASS,0.19741100323624594,19.741100323624593,1,0.5532994923857868,55.32994923857868,False,False,False,False,False,
O-/cluster_7_631.BMP,O-,PASS,0.6502831715210357,65.02831715210357,1,0.5532994923857868,55.32994923857868,False,False,False,False,False,
O-/cluster_7_636.BMP,O-,PASS,0.7266383495145631,72.66383495145631,1,0.5583756345177665,55.83756345177665,False,False,False,False,False,
O-/cluster_7_643.BMP,O-,PASS,0.40544093851132684,40.544093851132686,3,0.5532994923857868,55.32994923857868,False,False,False,False,False,
O-/cluster_7_649.BMP,O-,PASS,0.6634304207119741,66.34304207119742,1,0.5685279187817259,56.852791878172596,False,False,False,False,False,
O-/cluster_7_65.BMP,O-,PASS,0.6560477346278317,65.60477346278317,1,0.5634517766497462,56.34517766497462,False,False,False,False,False,
O-/cluster_7_653.BMP,O-,FAIL,0.9305218446601942,93.05218446601941,1,0.7284263959390863,72.84263959390863,False,True,False,False,False,
O-/cluster_7_654.BMP,O-,PASS,0.7348300970873787,73.48300970873787,1,0.5583756345177665,55.83756345177665,False,False,False,False,False,
O-/cluster_7_664.BMP,O-,PASS,0.7594053398058253,75.94053398058253,1,0.5634517766497462,56.34517766497462,False,False,False,False,False,
O-/cluster_7_666.BMP,O-,PASS,0.6528114886731392,65.28114886731392,1,0.5685279187817259,56.852791878172596,False,False,False,False,False,
O-/cluster_7_668.BMP,O-,PASS,0.6660598705501618,66.60598705501619,1,0.5583756345177665,55.83756345177665,False,False,False,False,False,
O-/cluster_7_677.BMP,O-,PASS,0.6876011326860841,68.76011326860841,1,0.5634517766497462,56.34517766497462,False,False,False,False,False,
O-/cluster_7_68.BMP,O-,PASS,0.7385720064724919,73.85720064724919,1,0.5558375634517766,55.58375634517766,False,False,False,False,False,
O-/cluster_7_691.BMP,O-,PASS,0.6753640776699029,67.5364077669903,1,0.5634517766497462,56.34517766497462,False,False,False,False,False,
O-/cluster_7_697.BMP,O-,PASS,0.5672533348185692,56.72533348185692,1,0.5484171322160148,54.84171322160149,False,False,False,False,False,
O-/cluster_7_702.BMP,O-,PASS,0.7017597087378641,70.17597087378641,1,0.5685279187817259,56.852791878172596,False,False,False,False,False,
O-/cluster_7_712.BMP,O-,PASS,0.7545509708737864,75.45509708737865,1,0.5558375634517766,55.58375634517766,False,False,False,False,False,
O-/cluster_7_715.BMP,O-,PASS,0.6760720064724919,67.60720064724919,1,0.5710659898477157,57.10659898477157,False,False,False,False,False,
O-/cluster_7_729.BMP,O-,PASS,0.7235032362459547,72.35032362459548,1,0.5583756345177665,55.83756345177665,False,False,False,False,False,
O-/cluster_7_740.BMP,O-,PASS,0.7682038834951457,76.82038834951457,1,0.6294416243654822,62.944162436548226,False,False,False,False,False,
O-/cluster_7_75.BMP,O-,PASS,0.7594053398058253,75.94053398058253,1,0.5583756345177665,55.83756345177665,False,False,False,False,False,
O-/cluster_7_750.BMP,O-,PASS,0.6789037216828478,67.89037216828478,1,0.5634517766497462,56.34517766497462,False,False,False,False,False,
O-/cluster_7_759.BMP,O-,PASS,0.6786003236245954,67.86003236245955,1,0.5634517766497462,56.34517766497462,False,False,False,False,False,
O-/cluster_7_779.BMP,O-,PASS,0.6547330097087378,65.47330097087378,1,0.5532994923857868,55.32994923857868,False,False,False,False,False,
O-/cluster_7_783.BMP,O-,PASS,0.7437297734627831,74.37297734627832,1,0.5634517766497462,56.34517766497462,False,False,False,False,False,
O-/cluster_7_789.BMP,O-,PASS,0.6496763754045307,64.96763754045307,1,0.5634517766497462,56.34517766497462,False,False,False,False,False,
O-/cluster_7_79.BMP,O-,PASS,0.7245145631067961,72.4514563106796,1,0.5634517766497462,56.34517766497462,False,False,False,False,False,
O-/cluster_7_796.BMP,O-,PASS,0.7248179611650486,72.48179611650485,1,0.5583756345177665,55.83756345177665,False,False,False,False,False,
O-/cluster_7_809.BMP,O-,PASS,0.772754854368932,77.2754854368932,1,0.5583756345177665,55.83756345177665,False,False,False,False,False,
O-/cluster_7_816.BMP,O-,PASS,0.6829490291262136,68.29490291262135,1,0.5583756345177665,55.83756345177665,False,False,False,False,False,
O-/cluster_7_822.BMP,O-,PASS,0.6504854368932039,65.0485436893204,1,0.5634517766497462,56.34517766497462,False,False,False,False,False,
O-/cluster_7_828.BMP,O-,PASS,0.7547532362459547,75.47532362459548,1,0.5685279187817259,56.852791878172596,False,False,False,False,False,
O-/cluster_7_831.BMP,O-,PASS,0.6556432038834952,65.56432038834951,1,0.565989847715736,56.598984771573605,False,False,False,False,False,
O-/cluster_7_842.BMP,O-,PASS,0.7363470873786407,73.63470873786407,1,0.5634517766497462,56.34517766497462,False,False,False,False,False,
O-/cluster_7_845.BMP,O-,PASS,0.4356796116504854,43.567961165048544,1,0.5685279187817259,56.852791878172596,False,False,False,False,False,
O-/cluster_7_847.BMP,O-,PASS,0.5645226537216829,56.452265372168284,1,0.5710659898477157,57.10659898477157,False,False,False,False,False,
O-/cluster_7_85.BMP,O-,PASS,0.7266383495145631,72.66383495145631,1,0.5634517766497462,56.34517766497462,False,False,False,False,False,
O-/cluster_7_863.BMP,O-,PASS,0.6358211974110033,63.58211974110033,1,0.5634517766497462,56.34517766497462,False,False,False,False,False,
O-/cluster_7_869.BMP,O-,PASS,0.6143810679611651,61.43810679611651,1,0.565989847715736,56.598984771573605,False,False,False,False,False,
O-/cluster_7_870.BMP,O-,PASS,0.6603964401294499,66.03964401294499,1,0.5634517766497462,56.34517766497462,False,False,False,False,False,
O-/cluster_7_88.BMP,O-,PASS,0.6398665048543689,63.98665048543689,1,0.5736040609137056,57.360406091370564,False,False,False,False,False,
O-/cluster_7_897.BMP,O-,PASS,0.7062095469255664,70.62095469255664,1,0.5634517766497462,56.34517766497462,False,False,False,False,False,
O-/cluster_7_9.BMP,O-,PASS,0.6171116504854369,61.71116504854369,1,0.5812182741116751,58.121827411167516,False,False,False,False,False,
O-/cluster_7_900.BMP,O-,PASS,0.7084344660194175,70.84344660194175,1,0.565989847715736,56.598984771573605,False,False,False,False,False,
O-/cluster_7_91.BMP,O-,PASS,0.5249797734627831,52.49797734627831,2,0.5634517766497462,56.34517766497462,False,False,False,False,False,
O-/cluster_7_910.BMP,O-,PASS,0.7043891585760518,70.43891585760518,1,0.5609137055837563,56.09137055837563,False,False,False,False,False,
O-/cluster_7_918.BMP,O-,PASS,0.578782362459547,57.878236245954696,1,0.5634517766497462,56.34517766497462,False,False,False,False,False,
O-/cluster_7_926.BMP,O-,PASS,0.7603155339805825,76.03155339805825,1,0.5583756345177665,55.83756345177665,False,False,False,False,False,
O-/cluster_7_936.BMP,O-,PASS,0.6460355987055016,64.60355987055017,1,0.5634517766497462,56.34517766497462,False,False,False,False,False,
O-/cluster_7_938.BMP,O-,PASS,0.6771844660194175,67.71844660194175,1,0.565989847715736,56.598984771573605,False,False,False,False,False,
O-/cluster_7_957.BMP,O-,PASS,0.7121763754045307,71.21763754045307,1,0.5634517766497462,56.34517766497462,False,False,False,False,False,
O-/cluster_7_964.BMP,O-,PASS,0.6486650485436893,64.86650485436894,1,0.5634517766497462,56.34517766497462,False,False,False,False,False,
O-/cluster_7_977.BMP,O-,PASS,0.6075040453074434,60.75040453074434,1,0.5685279187817259,56.852791878172596,False,False,False,False,False,
O-/cluster_7_979.BMP,O-,PASS,0.638450647249191,63.8450647249191,1,0.5685279187817259,56.852791878172596,False,False,False,False,False,
O-/cluster_7_985.BMP,O-,PASS,0.6859830097087378,68.59830097087378,1,0.5634517766497462,56.34517766497462,False,False,False,False,False,
O-/cluster_7_998.BMP,O-,PASS,0.6394619741100324,63.94619741100323,1,0.5583756345177665,55.83756345177665,False,False,False,False,False,
O-/cluster_7_999.BMP,O-,PASS,0.7061084142394822,70.61084142394822,1,0.5634517766497462,56.34517766497462,False,False,False,False,False,
