filepath,status,coverage,coverage_percent,fallback,reason,width,height,mask_pixels,total_pixels,relative_filepath,label
/Users/a75027/Desktop/compsci 760/datasets/A+/cluster_0_2609.BMP,ok,0.6721278317152104,67.21278317152104,False,normal,96,103,6646,9888,A+/cluster_0_2609.BMP,A+
/Users/a75027/Desktop/compsci 760/datasets/A+/cluster_0_262.BMP,ok,0.7972289644012945,79.72289644012946,False,normal,96,103,7883,9888,A+/cluster_0_262.BMP,A+
/Users/a75027/Desktop/compsci 760/datasets/A+/cluster_0_2640.BMP,ok,0.7445388349514563,74.45388349514563,False,normal,96,103,7362,9888,A+/cluster_0_2640.BMP,A+
/Users/a75027/Desktop/compsci 760/datasets/A+/cluster_0_2642.BMP,ok,0.8164441747572816,81.64441747572816,False,normal,96,103,8073,9888,A+/cluster_0_2642.BMP,A+
/Users/a75027/Desktop/compsci 760/datasets/A+/cluster_0_2670.BMP,ok,0.7430218446601942,74.30218446601941,False,normal,96,103,7347,9888,A+/cluster_0_2670.BMP,A+
/Users/a75027/Desktop/compsci 760/datasets/A+/cluster_0_2672.BMP,ok,0.7885315533980582,78.85315533980582,False,normal,96,103,7797,9888,A+/cluster_0_2672.BMP,A+
/Users/a75027/Desktop/compsci 760/datasets/A+/cluster_0_2678.BMP,ok,0.8206917475728155,82.06917475728154,False,normal,96,103,8115,9888,A+/cluster_0_2678.BMP,A+
/Users/a75027/Desktop/compsci 760/datasets/A+/cluster_0_2679.BMP,ok,0.8791464401294499,87.91464401294499,False,normal,96,103,8693,9888,A+/cluster_0_2679.BMP,A+
/Users/a75027/Desktop/compsci 760/datasets/A+/cluster_0_2693.BMP,ok,0.7469660194174758,74.69660194174757,False,normal,96,103,7386,9888,A+/cluster_0_2693.BMP,A+
/Users/a75027/Desktop/compsci 760/datasets/A+/cluster_0_271.BMP,ok,0.7455501618122977,74.55501618122977,False,normal,96,103,7372,9888,A+/cluster_0_271.BMP,A+
/Users/a75027/Desktop/compsci 760/datasets/A+/cluster_0_2716.BMP,ok,0.6947815533980582,69.47815533980582,False,normal,96,103,6870,9888,A+/cluster_0_2716.BMP,A+
/Users/a75027/Desktop/compsci 760/datasets/A+/cluster_0_2719.BMP,ok,0.7858009708737864,78.58009708737865,False,normal,96,103,7770,9888,A+/cluster_0_2719.BMP,A+
/Users/a75027/Desktop/compsci 760/datasets/A+/cluster_0_273.BMP,ok,0.7367516181229773,73.67516181229773,False,normal,96,103,7285,9888,A+/cluster_0_273.BMP,A+
/Users/a75027/Desktop/compsci 760/datasets/A+/cluster_0_2737.BMP,ok,0.7466626213592233,74.66626213592234,False,normal,96,103,7383,9888,A+/cluster_0_2737.BMP,A+
/Users/a75027/Desktop/compsci 760/datasets/A+/cluster_0_2782.BMP,ok,0.7663834951456311,76.6383495145631,False,normal,96,103,7578,9888,A+/cluster_0_2782.BMP,A+
/Users/a75027/Desktop/compsci 760/datasets/A+/cluster_0_2784.BMP,ok,0.6037621359223301,60.37621359223301,False,normal,96,103,5970,9888,A+/cluster_0_2784.BMP,A+
/Users/a75027/Desktop/compsci 760/datasets/A+/cluster_0_2812.BMP,ok,0.8168487055016181,81.68487055016182,False,normal,96,103,8077,9888,A+/cluster_0_2812.BMP,A+
/Users/a75027/Desktop/compsci 760/datasets/A+/cluster_0_2821.BMP,ok,0.7304813915857605,73.04813915857605,False,normal,96,103,7223,9888,A+/cluster_0_2821.BMP,A+
/Users/a75027/Desktop/compsci 760/datasets/A+/cluster_0_2849.BMP,ok,0.7718446601941747,77.18446601941747,False,normal,96,103,7632,9888,A+/cluster_0_2849.BMP,A+
/Users/a75027/Desktop/compsci 760/datasets/A+/cluster_0_2860.BMP,ok,0.7848907766990292,78.48907766990291,False,normal,96,103,7761,9888,A+/cluster_0_2860.BMP,A+
/Users/a75027/Desktop/compsci 760/datasets/A+/cluster_0_2871.BMP,ok,0.7669902912621359,76.69902912621359,False,normal,96,103,7584,9888,A+/cluster_0_2871.BMP,A+
/Users/a75027/Desktop/compsci 760/datasets/A+/cluster_0_2872.BMP,ok,0.7154126213592233,71.54126213592234,False,normal,96,103,7074,9888,A+/cluster_0_2872.BMP,A+
/Users/a75027/Desktop/compsci 760/datasets/A+/cluster_0_2895.BMP,ok,0.7495954692556634,74.95954692556634,False,normal,96,103,7412,9888,A+/cluster_0_2895.BMP,A+
/Users/a75027/Desktop/compsci 760/datasets/A+/cluster_0_2902.BMP,ok,0.8020833333333334,80.20833333333334,False,normal,96,103,7931,9888,A+/cluster_0_2902.BMP,A+
/Users/a75027/Desktop/compsci 760/datasets/A+/cluster_0_291.BMP,ok,0.75,75.0,False,normal,96,103,7416,9888,A+/cluster_0_291.BMP,A+
/Users/a75027/Desktop/compsci 760/datasets/A+/cluster_0_2913.BMP,ok,0.7357402912621359,73.57402912621359,False,normal,96,103,7275,9888,A+/cluster_0_2913.BMP,A+
/Users/a75027/Desktop/compsci 760/datasets/A+/cluster_0_2922.BMP,ok,0.8022855987055016,80.22855987055017,False,normal,96,103,7933,9888,A+/cluster_0_2922.BMP,A+
/Users/a75027/Desktop/compsci 760/datasets/A+/cluster_0_2927.BMP,ok,0.709546925566343,70.9546925566343,False,normal,96,103,7016,9888,A+/cluster_0_2927.BMP,A+
/Users/a75027/Desktop/compsci 760/datasets/A+/cluster_0_2930.BMP,ok,0.7334142394822006,73.34142394822007,False,normal,96,103,7252,9888,A+/cluster_0_2930.BMP,A+
/Users/a75027/Desktop/compsci 760/datasets/A+/cluster_0_2951.BMP,ok,0.5996156957928802,59.961569579288025,False,normal,96,103,5929,9888,A+/cluster_0_2951.BMP,A+
/Users/a75027/Desktop/compsci 760/datasets/A+/cluster_0_2959.BMP,ok,0.7896440129449838,78.96440129449837,False,normal,96,103,7808,9888,A+/cluster_0_2959.BMP,A+
/Users/a75027/Desktop/compsci 760/datasets/A+/cluster_0_2970.BMP,ok,0.8422330097087378,84.22330097087378,False,normal,96,103,8328,9888,A+/cluster_0_2970.BMP,A+
/Users/a75027/Desktop/compsci 760/datasets/A+/cluster_0_2983.BMP,ok,0.645529935275081,64.5529935275081,False,normal,96,103,6383,9888,A+/cluster_0_2983.BMP,A+
/Users/a75027/Desktop/compsci 760/datasets/A+/cluster_0_2984.BMP,ok,0.8262540453074434,82.62540453074433,False,normal,96,103,8170,9888,A+/cluster_0_2984.BMP,A+
/Users/a75027/Desktop/compsci 760/datasets/A+/cluster_0_3006.BMP,ok,0.7577872168284789,75.77872168284789,False,normal,96,103,7493,9888,A+/cluster_0_3006.BMP,A+
/Users/a75027/Desktop/compsci 760/datasets/A+/cluster_0_3013.BMP,ok,0.6419902912621359,64.19902912621359,False,normal,96,103,6348,9888,A+/cluster_0_3013.BMP,A+
/Users/a75027/Desktop/compsci 760/datasets/A+/cluster_0_3028.BMP,ok,0.7830703883495146,78.30703883495146,False,normal,96,103,7743,9888,A+/cluster_0_3028.BMP,A+
/Users/a75027/Desktop/compsci 760/datasets/A+/cluster_0_303.BMP,ok,0.7656755663430421,76.56755663430421,False,normal,96,103,7571,9888,A+/cluster_0_303.BMP,A+
/Users/a75027/Desktop/compsci 760/datasets/A+/cluster_0_3044.BMP,ok,0.7209749190938511,72.09749190938511,False,normal,96,103,7129,9888,A+/cluster_0_3044.BMP,A+
/Users/a75027/Desktop/compsci 760/datasets/A+/cluster_0_3056.BMP,ok,0.6563511326860841,65.63511326860841,False,normal,96,103,6490,9888,A+/cluster_0_3056.BMP,A+
/Users/a75027/Desktop/compsci 760/datasets/A+/cluster_0_3064.BMP,ok,0.6907362459546925,69.07362459546925,False,normal,96,103,6830,9888,A+/cluster_0_3064.BMP,A+
/Users/a75027/Desktop/compsci 760/datasets/A+/cluster_0_3067.BMP,ok,0.7814522653721683,78.14522653721683,False,normal,96,103,7727,9888,A+/cluster_0_3067.BMP,A+
/Users/a75027/Desktop/compsci 760/datasets/A+/cluster_0_3085.BMP,ok,0.7374595469255664,73.74595469255664,False,normal,96,103,7292,9888,A+/cluster_0_3085.BMP,A+
/Users/a75027/Desktop/compsci 760/datasets/A+/cluster_0_3089.BMP,ok,0.7409991909385113,74.09991909385113,False,normal,96,103,7327,9888,A+/cluster_0_3089.BMP,A+
/Users/a75027/Desktop/compsci 760/datasets/A+/cluster_0_3092.BMP,ok,0.705299352750809,70.5299352750809,False,normal,96,103,6974,9888,A+/cluster_0_3092.BMP,A+
/Users/a75027/Desktop/compsci 760/datasets/A+/cluster_0_3100.BMP,ok,0.7556634304207119,75.5663430420712,False,normal,96,103,7472,9888,A+/cluster_0_3100.BMP,A+
/Users/a75027/Desktop/compsci 760/datasets/A+/cluster_0_3102.BMP,ok,0.6003236245954693,60.03236245954693,False,normal,96,103,5936,9888,A+/cluster_0_3102.BMP,A+
/Users/a75027/Desktop/compsci 760/datasets/A+/cluster_0_3104.BMP,ok,0.845165857605178,84.5165857605178,False,normal,96,103,8357,9888,A+/cluster_0_3104.BMP,A+
/Users/a75027/Desktop/compsci 760/datasets/A+/cluster_0_3109.BMP,ok,0.7155137540453075,71.55137540453075,False,normal,96,103,7075,9888,A+/cluster_0_3109.BMP,A+
/Users/a75027/Desktop/compsci 760/datasets/A+/cluster_0_3117.BMP,ok,0.7051982200647249,70.51982200647248,False,normal,96,103,6973,9888,A+/cluster_0_3117.BMP,A+
/Users/a75027/Desktop/compsci 760/datasets/A+/cluster_0_3127.BMP,ok,0.7721480582524272,77.21480582524272,False,normal,96,103,7635,9888,A+/cluster_0_3127.BMP,A+
/Users/a75027/Desktop/compsci 760/datasets/A+/cluster_0_3134.BMP,ok,0.7391788025889967,73.91788025889967,False,normal,96,103,7309,9888,A+/cluster_0_3134.BMP,A+
/Users/a75027/Desktop/compsci 760/datasets/A+/cluster_0_3136.BMP,ok,0.6558454692556634,65.58454692556634,False,normal,96,103,6485,9888,A+/cluster_0_3136.BMP,A+
/Users/a75027/Desktop/compsci 760/datasets/A+/cluster_0_3152.BMP,ok,0.7531351132686084,75.31351132686083,False,normal,96,103,7447,9888,A+/cluster_0_3152.BMP,A+
/Users/a75027/Desktop/compsci 760/datasets/A+/cluster_0_3163.BMP,ok,0.7574838187702265,75.74838187702265,False,normal,96,103,7490,9888,A+/cluster_0_3163.BMP,A+
/Users/a75027/Desktop/compsci 760/datasets/A+/cluster_0_3179.BMP,ok,0.6840614886731392,68.40614886731392,False,normal,96,103,6764,9888,A+/cluster_0_3179.BMP,A+
/Users/a75027/Desktop/compsci 760/datasets/A+/cluster_0_3187.BMP,ok,1.0,100.0,True,coverage_too_high,96,103,9888,9888,A+/cluster_0_3187.BMP,A+
/Users/a75027/Desktop/compsci 760/datasets/A+/cluster_0_3189.BMP,ok,0.7701254045307443,77.01254045307444,False,normal,96,103,7615,9888,A+/cluster_0_3189.BMP,A+
/Users/a75027/Desktop/compsci 760/datasets/A+/cluster_0_3198.BMP,ok,0.7562702265372169,75.62702265372168,False,normal,96,103,7478,9888,A+/cluster_0_3198.BMP,A+
/Users/a75027/Desktop/compsci 760/datasets/A+/cluster_0_3199.BMP,ok,0.6553398058252428,65.53398058252428,False,normal,96,103,6480,9888,A+/cluster_0_3199.BMP,A+
/Users/a75027/Desktop/compsci 760/datasets/A+/cluster_0_32.BMP,ok,0.7738673139158576,77.38673139158576,False,normal,96,103,7652,9888,A+/cluster_0_32.BMP,A+
/Users/a75027/Desktop/compsci 760/datasets/A+/cluster_0_320.BMP,ok,0.7949029126213593,79.49029126213593,False,normal,96,103,7860,9888,A+/cluster_0_320.BMP,A+
/Users/a75027/Desktop/compsci 760/datasets/A+/cluster_0_3207.BMP,ok,0.7148058252427184,71.48058252427184,False,normal,96,103,7068,9888,A+/cluster_0_3207.BMP,A+
/Users/a75027/Desktop/compsci 760/datasets/A+/cluster_0_3209.BMP,ok,0.7139967637540453,71.39967637540452,False,normal,96,103,7060,9888,A+/cluster_0_3209.BMP,A+
/Users/a75027/Desktop/compsci 760/datasets/A+/cluster_0_3256.BMP,ok,0.7427184466019418,74.27184466019418,False,normal,96,103,7344,9888,A+/cluster_0_3256.BMP,A+
/Users/a75027/Desktop/compsci 760/datasets/A+/cluster_0_3261.BMP,ok,0.6632281553398058,66.32281553398059,False,normal,96,103,6558,9888,A+/cluster_0_3261.BMP,A+
/Users/a75027/Desktop/compsci 760/datasets/A+/cluster_0_3263.BMP,ok,0.8190736245954693,81.90736245954693,False,normal,96,103,8099,9888,A+/cluster_0_3263.BMP,A+
/Users/a75027/Desktop/compsci 760/datasets/A+/cluster_0_3270.BMP,ok,0.7396844660194175,73.96844660194175,False,normal,96,103,7314,9888,A+/cluster_0_3270.BMP,A+
/Users/a75027/Desktop/compsci 760/datasets/A+/cluster_0_3274.BMP,ok,0.6933656957928802,69.33656957928802,False,normal,96,103,6856,9888,A+/cluster_0_3274.BMP,A+
/Users/a75027/Desktop/compsci 760/datasets/A+/cluster_0_3275.BMP,ok,0.7061084142394822,70.61084142394822,False,normal,96,103,6982,9888,A+/cluster_0_3275.BMP,A+
/Users/a75027/Desktop/compsci 760/datasets/A+/cluster_0_3284.BMP,ok,0.6961974110032363,69.61974110032362,False,normal,96,103,6884,9888,A+/cluster_0_3284.BMP,A+
/Users/a75027/Desktop/compsci 760/datasets/A+/cluster_0_3289.BMP,ok,0.772754854368932,77.2754854368932,False,normal,96,103,7641,9888,A+/cluster_0_3289.BMP,A+
/Users/a75027/Desktop/compsci 760/datasets/A+/cluster_0_3291.BMP,ok,0.7790250809061489,77.90250809061489,False,normal,96,103,7703,9888,A+/cluster_0_3291.BMP,A+
/Users/a75027/Desktop/compsci 760/datasets/A+/cluster_0_3293.BMP,ok,0.23240291262135923,23.240291262135923,False,normal,96,103,2298,9888,A+/cluster_0_3293.BMP,A+
/Users/a75027/Desktop/compsci 760/datasets/A+/cluster_0_3295.BMP,ok,0.7136933656957929,71.36933656957929,False,normal,96,103,7057,9888,A+/cluster_0_3295.BMP,A+
/Users/a75027/Desktop/compsci 760/datasets/A+/cluster_0_3299.BMP,ok,0.813915857605178,81.3915857605178,False,normal,96,103,8048,9888,A+/cluster_0_3299.BMP,A+
/Users/a75027/Desktop/compsci 760/datasets/A+/cluster_0_3321.BMP,ok,0.6557443365695793,65.57443365695794,False,normal,96,103,6484,9888,A+/cluster_0_3321.BMP,A+
/Users/a75027/Desktop/compsci 760/datasets/A+/cluster_0_3323.BMP,ok,0.6273260517799353,62.73260517799353,False,normal,96,103,6203,9888,A+/cluster_0_3323.BMP,A+
/Users/a75027/Desktop/compsci 760/datasets/A+/cluster_0_3331.BMP,ok,0.7352346278317152,73.52346278317152,False,normal,96,103,7270,9888,A+/cluster_0_3331.BMP,A+
/Users/a75027/Desktop/compsci 760/datasets/A+/cluster_0_3334.BMP,ok,0.7330097087378641,73.30097087378641,False,normal,96,103,7248,9888,A+/cluster_0_3334.BMP,A+
/Users/a75027/Desktop/compsci 760/datasets/A+/cluster_0_3338.BMP,ok,0.7091423948220065,70.91423948220064,False,normal,96,103,7012,9888,A+/cluster_0_3338.BMP,A+
/Users/a75027/Desktop/compsci 760/datasets/A+/cluster_0_3339.BMP,ok,0.7469660194174758,74.69660194174757,False,normal,96,103,7386,9888,A+/cluster_0_3339.BMP,A+
/Users/a75027/Desktop/compsci 760/datasets/A+/cluster_0_3359.BMP,ok,0.7911610032362459,79.1161003236246,False,normal,96,103,7823,9888,A+/cluster_0_3359.BMP,A+
/Users/a75027/Desktop/compsci 760/datasets/A+/cluster_0_3360.BMP,ok,0.7014563106796117,70.14563106796116,False,normal,96,103,6936,9888,A+/cluster_0_3360.BMP,A+
/Users/a75027/Desktop/compsci 760/datasets/A+/cluster_0_3371.BMP,ok,0.6587783171521036,65.87783171521036,False,normal,96,103,6514,9888,A+/cluster_0_3371.BMP,A+
/Users/a75027/Desktop/compsci 760/datasets/A+/cluster_0_339.BMP,ok,0.8163430420711975,81.63430420711974,False,normal,96,103,8072,9888,A+/cluster_0_339.BMP,A+
/Users/a75027/Desktop/compsci 760/datasets/A+/cluster_0_3395.BMP,ok,0.8196804207119741,81.96804207119742,False,normal,96,103,8105,9888,A+/cluster_0_3395.BMP,A+
/Users/a75027/Desktop/compsci 760/datasets/A+/cluster_0_3400.BMP,ok,0.6721278317152104,67.21278317152104,False,normal,96,103,6646,9888,A+/cluster_0_3400.BMP,A+
/Users/a75027/Desktop/compsci 760/datasets/A+/cluster_0_3403.BMP,ok,0.6423948220064725,64.23948220064725,False,normal,96,103,6352,9888,A+/cluster_0_3403.BMP,A+
/Users/a75027/Desktop/compsci 760/datasets/A+/cluster_0_3407.BMP,ok,0.7903519417475728,79.03519417475728,False,normal,96,103,7815,9888,A+/cluster_0_3407.BMP,A+
/Users/a75027/Desktop/compsci 760/datasets/A+/cluster_0_3410.BMP,ok,0.7714401294498382,77.14401294498381,False,normal,96,103,7628,9888,A+/cluster_0_3410.BMP,A+
/Users/a75027/Desktop/compsci 760/datasets/A+/cluster_0_343.BMP,ok,0.7793284789644013,77.93284789644012,False,normal,96,103,7706,9888,A+/cluster_0_343.BMP,A+
/Users/a75027/Desktop/compsci 760/datasets/A+/cluster_0_3433.BMP,ok,0.7627427184466019,76.27427184466019,False,normal,96,103,7542,9888,A+/cluster_0_3433.BMP,A+
/Users/a75027/Desktop/compsci 760/datasets/A+/cluster_0_3442.BMP,ok,0.7913632686084142,79.13632686084142,False,normal,96,103,7825,9888,A+/cluster_0_3442.BMP,A+
/Users/a75027/Desktop/compsci 760/datasets/A+/cluster_0_3445.BMP,ok,0.6146844660194175,61.46844660194175,False,normal,96,103,6078,9888,A+/cluster_0_3445.BMP,A+
/Users/a75027/Desktop/compsci 760/datasets/A+/cluster_0_3447.BMP,ok,0.7816545307443366,78.16545307443366,False,normal,96,103,7729,9888,A+/cluster_0_3447.BMP,A+
/Users/a75027/Desktop/compsci 760/datasets/A+/cluster_0_3450.BMP,ok,0.6902305825242718,69.02305825242718,False,normal,96,103,6825,9888,A+/cluster_0_3450.BMP,A+
/Users/a75027/Desktop/compsci 760/datasets/A+/cluster_0_3461.BMP,ok,0.7197613268608414,71.97613268608414,False,normal,96,103,7117,9888,A+/cluster_0_3461.BMP,A+
/Users/a75027/Desktop/compsci 760/datasets/A+/cluster_0_3472.BMP,ok,0.7660800970873787,76.60800970873787,False,normal,96,103,7575,9888,A+/cluster_0_3472.BMP,A+
/Users/a75027/Desktop/compsci 760/datasets/A+/cluster_0_3475.BMP,ok,0.7026699029126213,70.26699029126213,False,normal,96,103,6948,9888,A+/cluster_0_3475.BMP,A+
/Users/a75027/Desktop/compsci 760/datasets/A+/cluster_0_3485.BMP,ok,0.7333131067961165,73.33131067961165,False,normal,96,103,7251,9888,A+/cluster_0_3485.BMP,A+
/Users/a75027/Desktop/compsci 760/datasets/A+/cluster_0_3486.BMP,ok,0.7884304207119741,78.84304207119742,False,normal,96,103,7796,9888,A+/cluster_0_3486.BMP,A+
/Users/a75027/Desktop/compsci 760/datasets/A+/cluster_0_3493.BMP,ok,0.749292071197411,74.92920711974111,False,normal,96,103,7409,9888,A+/cluster_0_3493.BMP,A+
/Users/a75027/Desktop/compsci 760/datasets/A+/cluster_0_3495.BMP,ok,0.7349312297734628,73.49312297734627,False,normal,96,103,7267,9888,A+/cluster_0_3495.BMP,A+
/Users/a75027/Desktop/compsci 760/datasets/A+/cluster_0_3500.BMP,ok,0.7766990291262136,77.66990291262135,False,normal,96,103,7680,9888,A+/cluster_0_3500.BMP,A+
/Users/a75027/Desktop/compsci 760/datasets/A+/cluster_0_3523.BMP,ok,0.8298948220064725,82.98948220064725,False,normal,96,103,8206,9888,A+/cluster_0_3523.BMP,A+
/Users/a75027/Desktop/compsci 760/datasets/A+/cluster_0_3526.BMP,ok,0.7418082524271845,74.18082524271846,False,normal,96,103,7335,9888,A+/cluster_0_3526.BMP,A+
/Users/a75027/Desktop/compsci 760/datasets/A+/cluster_0_3528.BMP,ok,0.85082928802589,85.082928802589,False,normal,96,103,8413,9888,A+/cluster_0_3528.BMP,A+
/Users/a75027/Desktop/compsci 760/datasets/A+/cluster_0_3532.BMP,ok,0.7449433656957929,74.49433656957929,False,normal,96,103,7366,9888,A+/cluster_0_3532.BMP,A+
/Users/a75027/Desktop/compsci 760/datasets/A+/cluster_0_354.BMP,ok,0.7223907766990292,72.23907766990291,False,normal,96,103,7143,9888,A+/cluster_0_354.BMP,A+
/Users/a75027/Desktop/compsci 760/datasets/A+/cluster_0_3540.BMP,ok,0.7414037216828478,74.14037216828478,False,normal,96,103,7331,9888,A+/cluster_0_3540.BMP,A+
/Users/a75027/Desktop/compsci 760/datasets/A+/cluster_0_3544.BMP,ok,0.7923745954692557,79.23745954692556,False,normal,96,103,7835,9888,A+/cluster_0_3544.BMP,A+
/Users/a75027/Desktop/compsci 760/datasets/A+/cluster_0_3552.BMP,ok,0.6406755663430421,64.06755663430421,False,normal,96,103,6335,9888,A+/cluster_0_3552.BMP,A+
/Users/a75027/Desktop/compsci 760/datasets/A+/cluster_0_3556.BMP,ok,0.8219053398058253,82.19053398058253,False,normal,96,103,8127,9888,A+/cluster_0_3556.BMP,A+
/Users/a75027/Desktop/compsci 760/datasets/A+/cluster_0_3560.BMP,ok,0.7476739482200647,74.76739482200647,False,normal,96,103,7393,9888,A+/cluster_0_3560.BMP,A+
/Users/a75027/Desktop/compsci 760/datasets/A+/cluster_0_3564.BMP,ok,0.7223907766990292,72.23907766990291,False,normal,96,103,7143,9888,A+/cluster_0_3564.BMP,A+
/Users/a75027/Desktop/compsci 760/datasets/A+/cluster_0_3574.BMP,ok,0.7138956310679612,71.38956310679612,False,normal,96,103,7059,9888,A+/cluster_0_3574.BMP,A+
/Users/a75027/Desktop/compsci 760/datasets/A+/cluster_0_3590.BMP,ok,0.7207726537216829,72.07726537216828,False,normal,96,103,7127,9888,A+/cluster_0_3590.BMP,A+
/Users/a75027/Desktop/compsci 760/datasets/A+/cluster_0_3592.BMP,ok,0.7483818770226537,74.83818770226537,False,normal,96,103,7400,9888,A+/cluster_0_3592.BMP,A+
/Users/a75027/Desktop/compsci 760/datasets/A+/cluster_0_3599.BMP,ok,0.7246156957928802,72.46156957928802,False,normal,96,103,7165,9888,A+/cluster_0_3599.BMP,A+
/Users/a75027/Desktop/compsci 760/datasets/A+/cluster_0_3605.BMP,ok,0.7822613268608414,78.22613268608414,False,normal,96,103,7735,9888,A+/cluster_0_3605.BMP,A+
/Users/a75027/Desktop/compsci 760/datasets/A+/cluster_0_3606.BMP,ok,0.7075242718446602,70.75242718446601,False,normal,96,103,6996,9888,A+/cluster_0_3606.BMP,A+
/Users/a75027/Desktop/compsci 760/datasets/A+/cluster_0_3608.BMP,ok,0.7476739482200647,74.76739482200647,False,normal,96,103,7393,9888,A+/cluster_0_3608.BMP,A+
/Users/a75027/Desktop/compsci 760/datasets/A+/cluster_0_3618.BMP,ok,0.7172330097087378,71.72330097087378,False,normal,96,103,7092,9888,A+/cluster_0_3618.BMP,A+
/Users/a75027/Desktop/compsci 760/datasets/A+/cluster_0_3629.BMP,ok,0.7749797734627831,77.49797734627832,False,normal,96,103,7663,9888,A+/cluster_0_3629.BMP,A+
/Users/a75027/Desktop/compsci 760/datasets/A+/cluster_0_3647.BMP,ok,0.7942961165048543,79.42961165048543,False,normal,96,103,7854,9888,A+/cluster_0_3647.BMP,A+
/Users/a75027/Desktop/compsci 760/datasets/A+/cluster_0_3689.BMP,ok,0.6854773462783171,68.54773462783172,False,normal,96,103,6778,9888,A+/cluster_0_3689.BMP,A+
/Users/a75027/Desktop/compsci 760/datasets/A+/cluster_0_3699.BMP,ok,0.6683859223300971,66.8385922330097,False,normal,96,103,6609,9888,A+/cluster_0_3699.BMP,A+
/Users/a75027/Desktop/compsci 760/datasets/A+/cluster_0_3703.BMP,ok,0.7973300970873787,79.73300970873787,False,normal,96,103,7884,9888,A+/cluster_0_3703.BMP,A+
/Users/a75027/Desktop/compsci 760/datasets/A+/cluster_0_3708.BMP,ok,0.6777912621359223,67.77912621359224,False,normal,96,103,6702,9888,A+/cluster_0_3708.BMP,A+
/Users/a75027/Desktop/compsci 760/datasets/A+/cluster_0_3716.BMP,ok,0.79834142394822,79.83414239482201,False,normal,96,103,7894,9888,A+/cluster_0_3716.BMP,A+
/Users/a75027/Desktop/compsci 760/datasets/A+/cluster_0_3741.BMP,ok,1.0,100.0,True,coverage_too_high,96,103,9888,9888,A+/cluster_0_3741.BMP,A+
/Users/a75027/Desktop/compsci 760/datasets/A+/cluster_0_3750.BMP,ok,0.7475728155339806,74.75728155339806,False,normal,96,103,7392,9888,A+/cluster_0_3750.BMP,A+
/Users/a75027/Desktop/compsci 760/datasets/A+/cluster_0_3756.BMP,ok,0.7540453074433657,75.40453074433657,False,normal,96,103,7456,9888,A+/cluster_0_3756.BMP,A+
/Users/a75027/Desktop/compsci 760/datasets/A+/cluster_0_3759.BMP,ok,0.7697208737864077,76.97208737864078,False,normal,96,103,7611,9888,A+/cluster_0_3759.BMP,A+
/Users/a75027/Desktop/compsci 760/datasets/A+/cluster_0_3761.BMP,ok,0.74292071197411,74.292071197411,False,normal,96,103,7346,9888,A+/cluster_0_3761.BMP,A+
/Users/a75027/Desktop/compsci 760/datasets/A+/cluster_0_3783.BMP,ok,0.7297734627831716,72.97734627831716,False,normal,96,103,7216,9888,A+/cluster_0_3783.BMP,A+
/Users/a75027/Desktop/compsci 760/datasets/A+/cluster_0_3785.BMP,ok,0.847997572815534,84.7997572815534,False,normal,96,103,8385,9888,A+/cluster_0_3785.BMP,A+
/Users/a75027/Desktop/compsci 760/datasets/A+/cluster_0_3787.BMP,ok,0.7603155339805825,76.03155339805825,False,normal,96,103,7518,9888,A+/cluster_0_3787.BMP,A+
/Users/a75027/Desktop/compsci 760/datasets/A+/cluster_0_3798.BMP,ok,0.32210760517799353,32.21076051779935,False,normal,96,103,3185,9888,A+/cluster_0_3798.BMP,A+
/Users/a75027/Desktop/compsci 760/datasets/A+/cluster_0_381.BMP,ok,0.8543689320388349,85.43689320388349,False,normal,96,103,8448,9888,A+/cluster_0_381.BMP,A+
/Users/a75027/Desktop/compsci 760/datasets/A+/cluster_0_3814.BMP,ok,1.0,100.0,True,coverage_too_high,96,103,9888,9888,A+/cluster_0_3814.BMP,A+
/Users/a75027/Desktop/compsci 760/datasets/A+/cluster_0_3822.BMP,ok,0.7625404530744336,76.25404530744336,False,normal,96,103,7540,9888,A+/cluster_0_3822.BMP,A+
/Users/a75027/Desktop/compsci 760/datasets/A+/cluster_0_3840.BMP,ok,0.6618122977346278,66.18122977346277,False,normal,96,103,6544,9888,A+/cluster_0_3840.BMP,A+
/Users/a75027/Desktop/compsci 760/datasets/A+/cluster_0_3868.BMP,ok,0.8093648867313916,80.93648867313917,False,normal,96,103,8003,9888,A+/cluster_0_3868.BMP,A+
/Users/a75027/Desktop/compsci 760/datasets/A+/cluster_0_3872.BMP,ok,0.7773058252427184,77.73058252427184,False,normal,96,103,7686,9888,A+/cluster_0_3872.BMP,A+
/Users/a75027/Desktop/compsci 760/datasets/A+/cluster_0_3873.BMP,ok,0.7986448220064725,79.86448220064725,False,normal,96,103,7897,9888,A+/cluster_0_3873.BMP,A+
/Users/a75027/Desktop/compsci 760/datasets/A+/cluster_0_3895.BMP,ok,0.6892192556634305,68.92192556634305,False,normal,96,103,6815,9888,A+/cluster_0_3895.BMP,A+
/Users/a75027/Desktop/compsci 760/datasets/A+/cluster_0_3918.BMP,ok,0.5896035598705501,58.96035598705501,False,normal,96,103,5830,9888,A+/cluster_0_3918.BMP,A+
/Users/a75027/Desktop/compsci 760/datasets/A+/cluster_0_3921.BMP,ok,0.70459142394822,70.45914239482201,False,normal,96,103,6967,9888,A+/cluster_0_3921.BMP,A+
/Users/a75027/Desktop/compsci 760/datasets/A+/cluster_0_3931.BMP,ok,0.6986131610459774,69.86131610459773,False,normal,241,298,50173,71818,A+/cluster_0_3931.BMP,A+
/Users/a75027/Desktop/compsci 760/datasets/A+/cluster_0_3946.BMP,ok,0.752123786407767,75.2123786407767,False,normal,96,103,7437,9888,A+/cluster_0_3946.BMP,A+
/Users/a75027/Desktop/compsci 760/datasets/A+/cluster_0_3960.BMP,ok,0.8247370550161812,82.47370550161813,False,normal,96,103,8155,9888,A+/cluster_0_3960.BMP,A+
/Users/a75027/Desktop/compsci 760/datasets/A+/cluster_0_3974.BMP,ok,0.6943770226537217,69.43770226537217,False,normal,96,103,6866,9888,A+/cluster_0_3974.BMP,A+
/Users/a75027/Desktop/compsci 760/datasets/A+/cluster_0_3986.BMP,ok,0.7437297734627831,74.37297734627832,False,normal,96,103,7354,9888,A+/cluster_0_3986.BMP,A+
/Users/a75027/Desktop/compsci 760/datasets/A+/cluster_0_400.BMP,ok,0.8484021035598706,84.84021035598705,False,normal,96,103,8389,9888,A+/cluster_0_400.BMP,A+
/Users/a75027/Desktop/compsci 760/datasets/A+/cluster_0_4007.BMP,ok,0.8102750809061489,81.02750809061489,False,normal,96,103,8012,9888,A+/cluster_0_4007.BMP,A+
/Users/a75027/Desktop/compsci 760/datasets/A+/cluster_0_401.BMP,ok,0.5120347896440129,51.20347896440129,False,normal,96,103,5063,9888,A+/cluster_0_401.BMP,A+
/Users/a75027/Desktop/compsci 760/datasets/A+/cluster_0_4018.BMP,ok,0.7757888349514563,77.57888349514563,False,normal,96,103,7671,9888,A+/cluster_0_4018.BMP,A+
/Users/a75027/Desktop/compsci 760/datasets/A+/cluster_0_4023.BMP,ok,0.762843851132686,76.2843851132686,False,normal,96,103,7543,9888,A+/cluster_0_4023.BMP,A+
/Users/a75027/Desktop/compsci 760/datasets/A+/cluster_0_4024.BMP,ok,0.6940736245954693,69.40736245954693,False,normal,96,103,6863,9888,A+/cluster_0_4024.BMP,A+
/Users/a75027/Desktop/compsci 760/datasets/A+/cluster_0_4038.BMP,ok,0.8900687702265372,89.00687702265373,False,normal,96,103,8801,9888,A+/cluster_0_4038.BMP,A+
/Users/a75027/Desktop/compsci 760/datasets/A+/cluster_0_4047.BMP,ok,0.6902305825242718,69.02305825242718,False,normal,96,103,6825,9888,A+/cluster_0_4047.BMP,A+
/Users/a75027/Desktop/compsci 760/datasets/A+/cluster_0_405.BMP,ok,0.8216019417475728,82.16019417475728,False,normal,96,103,8124,9888,A+/cluster_0_405.BMP,A+
/Users/a75027/Desktop/compsci 760/datasets/A+/cluster_0_4050.BMP,ok,0.7668891585760518,76.68891585760518,False,normal,96,103,7583,9888,A+/cluster_0_4050.BMP,A+
/Users/a75027/Desktop/compsci 760/datasets/A+/cluster_0_4055.BMP,ok,0.6743527508090615,67.43527508090615,False,normal,96,103,6668,9888,A+/cluster_0_4055.BMP,A+
/Users/a75027/Desktop/compsci 760/datasets/A+/cluster_0_4057.BMP,ok,0.6732402912621359,67.32402912621359,False,normal,96,103,6657,9888,A+/cluster_0_4057.BMP,A+
/Users/a75027/Desktop/compsci 760/datasets/A+/cluster_0_4071.BMP,ok,0.7625404530744336,76.25404530744336,False,normal,96,103,7540,9888,A+/cluster_0_4071.BMP,A+
/Users/a75027/Desktop/compsci 760/datasets/A+/cluster_0_4079.BMP,ok,0.7170307443365695,71.70307443365695,False,normal,96,103,7090,9888,A+/cluster_0_4079.BMP,A+
/Users/a75027/Desktop/compsci 760/datasets/A+/cluster_0_408.BMP,ok,0.7071197411003236,70.71197411003236,False,normal,96,103,6992,9888,A+/cluster_0_408.BMP,A+
/Users/a75027/Desktop/compsci 760/datasets/A+/cluster_0_410.BMP,ok,0.7151092233009708,71.51092233009709,False,normal,96,103,7071,9888,A+/cluster_0_410.BMP,A+
/Users/a75027/Desktop/compsci 760/datasets/A+/cluster_0_4110.BMP,ok,0.7987459546925566,79.87459546925567,False,normal,96,103,7898,9888,A+/cluster_0_4110.BMP,A+
/Users/a75027/Desktop/compsci 760/datasets/A+/cluster_0_4120.BMP,ok,0.7261326860841424,72.61326860841424,False,normal,96,103,7180,9888,A+/cluster_0_4120.BMP,A+
/Users/a75027/Desktop/compsci 760/datasets/A+/cluster_0_4138.BMP,ok,0.7240088996763754,72.40088996763754,False,normal,96,103,7159,9888,A+/cluster_0_4138.BMP,A+
/Users/a75027/Desktop/compsci 760/datasets/A+/cluster_0_4146.BMP,ok,0.716626213592233,71.6626213592233,False,normal,96,103,7086,9888,A+/cluster_0_4146.BMP,A+
/Users/a75027/Desktop/compsci 760/datasets/A+/cluster_0_4175.BMP,ok,0.7524271844660194,75.24271844660194,False,normal,96,103,7440,9888,A+/cluster_0_4175.BMP,A+
/Users/a75027/Desktop/compsci 760/datasets/A+/cluster_0_4187.BMP,ok,0.7057038834951457,70.57038834951457,False,normal,96,103,6978,9888,A+/cluster_0_4187.BMP,A+
/Users/a75027/Desktop/compsci 760/datasets/A+/cluster_0_4189.BMP,ok,0.7126820388349514,71.26820388349515,False,normal,96,103,7047,9888,A+/cluster_0_4189.BMP,A+
/Users/a75027/Desktop/compsci 760/datasets/A+/cluster_0_4196.BMP,ok,0.7823624595469255,78.23624595469255,False,normal,96,103,7736,9888,A+/cluster_0_4196.BMP,A+
/Users/a75027/Desktop/compsci 760/datasets/A+/cluster_0_4210.BMP,ok,0.7311893203883495,73.11893203883496,False,normal,96,103,7230,9888,A+/cluster_0_4210.BMP,A+
/Users/a75027/Desktop/compsci 760/datasets/A+/cluster_0_4217.BMP,ok,0.7766990291262136,77.66990291262135,False,normal,96,103,7680,9888,A+/cluster_0_4217.BMP,A+
/Users/a75027/Desktop/compsci 760/datasets/A+/cluster_0_4233.BMP,ok,0.7561690938511327,75.61690938511327,False,normal,96,103,7477,9888,A+/cluster_0_4233.BMP,A+
/Users/a75027/Desktop/compsci 760/datasets/A+/cluster_0_4242.BMP,ok,0.8329288025889967,83.29288025889967,False,normal,96,103,8236,9888,A+/cluster_0_4242.BMP,A+
/Users/a75027/Desktop/compsci 760/datasets/A+/cluster_0_4248.BMP,ok,0.8435477346278317,84.35477346278317,False,normal,96,103,8341,9888,A+/cluster_0_4248.BMP,A+
/Users/a75027/Desktop/compsci 760/datasets/A+/cluster_0_4260.BMP,ok,0.7482807443365695,74.82807443365695,False,normal,96,103,7399,9888,A+/cluster_0_4260.BMP,A+
/Users/a75027/Desktop/compsci 760/datasets/A+/cluster_0_4264.BMP,ok,0.5783778317152104,57.83778317152104,False,normal,96,103,5719,9888,A+/cluster_0_4264.BMP,A+
/Users/a75027/Desktop/compsci 760/datasets/A+/cluster_0_4270.BMP,ok,0.7836771844660194,78.36771844660194,False,normal,96,103,7749,9888,A+/cluster_0_4270.BMP,A+
/Users/a75027/Desktop/compsci 760/datasets/A+/cluster_0_4280.BMP,ok,0.7569781553398058,75.69781553398059,False,normal,96,103,7485,9888,A+/cluster_0_4280.BMP,A+
/Users/a75027/Desktop/compsci 760/datasets/A+/cluster_0_4305.BMP,ok,0.7139967637540453,71.39967637540452,False,normal,96,103,7060,9888,A+/cluster_0_4305.BMP,A+
/Users/a75027/Desktop/compsci 760/datasets/A+/cluster_0_4322.BMP,ok,0.807544498381877,80.7544498381877,False,normal,96,103,7985,9888,A+/cluster_0_4322.BMP,A+
/Users/a75027/Desktop/compsci 760/datasets/A+/cluster_0_4336.BMP,ok,0.3985639158576052,39.85639158576052,False,normal,96,103,3941,9888,A+/cluster_0_4336.BMP,A+
/Users/a75027/Desktop/compsci 760/datasets/A+/cluster_0_4338.BMP,ok,0.8210962783171522,82.10962783171522,False,normal,96,103,8119,9888,A+/cluster_0_4338.BMP,A+
/Users/a75027/Desktop/compsci 760/datasets/A+/cluster_0_4358.BMP,ok,0.7075242718446602,70.75242718446601,False,normal,96,103,6996,9888,A+/cluster_0_4358.BMP,A+
/Users/a75027/Desktop/compsci 760/datasets/A+/cluster_0_4381.BMP,ok,0.7694174757281553,76.94174757281553,False,normal,96,103,7608,9888,A+/cluster_0_4381.BMP,A+
/Users/a75027/Desktop/compsci 760/datasets/A+/cluster_0_4386.BMP,ok,0.7171318770226537,71.71318770226537,False,normal,96,103,7091,9888,A+/cluster_0_4386.BMP,A+
/Users/a75027/Desktop/compsci 760/datasets/A+/cluster_0_4396.BMP,ok,0.748584142394822,74.8584142394822,False,normal,96,103,7402,9888,A+/cluster_0_4396.BMP,A+
/Users/a75027/Desktop/compsci 760/datasets/A+/cluster_0_4399.BMP,ok,0.6045711974110033,60.45711974110033,False,normal,96,103,5978,9888,A+/cluster_0_4399.BMP,A+
/Users/a75027/Desktop/compsci 760/datasets/A+/cluster_0_4401.BMP,ok,0.8220064724919094,82.20064724919094,False,normal,96,103,8128,9888,A+/cluster_0_4401.BMP,A+
/Users/a75027/Desktop/compsci 760/datasets/A+/cluster_0_4403.BMP,ok,0.7674959546925566,76.74959546925567,False,normal,96,103,7589,9888,A+/cluster_0_4403.BMP,A+
/Users/a75027/Desktop/compsci 760/datasets/A+/cluster_0_4411.BMP,ok,0.6763754045307443,67.63754045307444,False,normal,96,103,6688,9888,A+/cluster_0_4411.BMP,A+
/Users/a75027/Desktop/compsci 760/datasets/A+/cluster_0_4412.BMP,ok,0.7057038834951457,70.57038834951457,False,normal,96,103,6978,9888,A+/cluster_0_4412.BMP,A+
/Users/a75027/Desktop/compsci 760/datasets/A+/cluster_0_4417.BMP,ok,0.6839603559870551,68.39603559870551,False,normal,96,103,6763,9888,A+/cluster_0_4417.BMP,A+
/Users/a75027/Desktop/compsci 760/datasets/A+/cluster_0_4423.BMP,ok,0.6873988673139159,68.73988673139159,False,normal,96,103,6797,9888,A+/cluster_0_4423.BMP,A+
/Users/a75027/Desktop/compsci 760/datasets/A+/cluster_0_4432.BMP,ok,0.7044902912621359,70.44902912621359,False,normal,96,103,6966,9888,A+/cluster_0_4432.BMP,A+
/Users/a75027/Desktop/compsci 760/datasets/A+/cluster_0_4442.BMP,ok,0.772754854368932,77.2754854368932,False,normal,96,103,7641,9888,A+/cluster_0_4442.BMP,A+
/Users/a75027/Desktop/compsci 760/datasets/A+/cluster_0_4468.BMP,ok,0.700950647249191,70.0950647249191,False,normal,96,103,6931,9888,A+/cluster_0_4468.BMP,A+
/Users/a75027/Desktop/compsci 760/datasets/A+/cluster_0_4474.BMP,ok,0.7388754045307443,73.88754045307444,False,normal,96,103,7306,9888,A+/cluster_0_4474.BMP,A+
/Users/a75027/Desktop/compsci 760/datasets/A+/cluster_0_4484.BMP,ok,0.7023665048543689,70.2366504854369,False,normal,96,103,6945,9888,A+/cluster_0_4484.BMP,A+
/Users/a75027/Desktop/compsci 760/datasets/A+/cluster_0_4491.BMP,ok,0.5959749190938511,59.59749190938511,False,normal,96,103,5893,9888,A+/cluster_0_4491.BMP,A+
/Users/a75027/Desktop/compsci 760/datasets/A+/cluster_0_4493.BMP,ok,0.897046925566343,89.7046925566343,False,normal,96,103,8870,9888,A+/cluster_0_4493.BMP,A+
/Users/a75027/Desktop/compsci 760/datasets/A+/cluster_0_4502.BMP,ok,0.6365291262135923,63.65291262135923,False,normal,96,103,6294,9888,A+/cluster_0_4502.BMP,A+
/Users/a75027/Desktop/compsci 760/datasets/A+/cluster_0_4528.BMP,ok,0.7824635922330098,78.24635922330097,False,normal,96,103,7737,9888,A+/cluster_0_4528.BMP,A+
/Users/a75027/Desktop/compsci 760/datasets/A+/cluster_0_4529.BMP,ok,0.7981391585760518,79.81391585760518,False,normal,96,103,7892,9888,A+/cluster_0_4529.BMP,A+
/Users/a75027/Desktop/compsci 760/datasets/A+/cluster_0_4543.BMP,ok,0.7781148867313916,77.81148867313917,False,normal,96,103,7694,9888,A+/cluster_0_4543.BMP,A+
/Users/a75027/Desktop/compsci 760/datasets/A+/cluster_0_4552.BMP,ok,0.7327063106796117,73.27063106796116,False,normal,96,103,7245,9888,A+/cluster_0_4552.BMP,A+
/Users/a75027/Desktop/compsci 760/datasets/A+/cluster_0_4562.BMP,ok,0.6070995145631068,60.709951456310684,False,normal,96,103,6003,9888,A+/cluster_0_4562.BMP,A+
/Users/a75027/Desktop/compsci 760/datasets/A+/cluster_0_4579.BMP,ok,0.8151294498381877,81.51294498381877,False,normal,96,103,8060,9888,A+/cluster_0_4579.BMP,A+
/Users/a75027/Desktop/compsci 760/datasets/A+/cluster_0_4580.BMP,ok,0.7081310679611651,70.81310679611651,False,normal,96,103,7002,9888,A+/cluster_0_4580.BMP,A+
/Users/a75027/Desktop/compsci 760/datasets/A+/cluster_0_4593.BMP,ok,0.7624393203883495,76.24393203883496,False,normal,96,103,7539,9888,A+/cluster_0_4593.BMP,A+
/Users/a75027/Desktop/compsci 760/datasets/A+/cluster_0_4598.BMP,ok,0.7128843042071198,71.28843042071198,False,normal,96,103,7049,9888,A+/cluster_0_4598.BMP,A+
/Users/a75027/Desktop/compsci 760/datasets/A+/cluster_0_4608.BMP,ok,0.745752427184466,74.5752427184466,False,normal,96,103,7374,9888,A+/cluster_0_4608.BMP,A+
/Users/a75027/Desktop/compsci 760/datasets/A+/cluster_0_4617.BMP,ok,0.8118932038834952,81.18932038834951,False,normal,96,103,8028,9888,A+/cluster_0_4617.BMP,A+
/Users/a75027/Desktop/compsci 760/datasets/A+/cluster_0_4646.BMP,ok,0.6716221682847896,67.16221682847896,False,normal,96,103,6641,9888,A+/cluster_0_4646.BMP,A+
/Users/a75027/Desktop/compsci 760/datasets/A+/cluster_0_4649.BMP,ok,0.7809466019417476,78.09466019417476,False,normal,96,103,7722,9888,A+/cluster_0_4649.BMP,A+
/Users/a75027/Desktop/compsci 760/datasets/A+/cluster_0_4653.BMP,ok,0.6011326860841424,60.11326860841424,False,normal,96,103,5944,9888,A+/cluster_0_4653.BMP,A+
/Users/a75027/Desktop/compsci 760/datasets/A+/cluster_0_468.BMP,ok,0.7269417475728155,72.69417475728154,False,normal,96,103,7188,9888,A+/cluster_0_468.BMP,A+
/Users/a75027/Desktop/compsci 760/datasets/A+/cluster_0_4689.BMP,ok,0.7800364077669902,78.00364077669903,False,normal,96,103,7713,9888,A+/cluster_0_4689.BMP,A+
/Users/a75027/Desktop/compsci 760/datasets/A+/cluster_0_4690.BMP,ok,0.7387742718446602,73.87742718446601,False,normal,96,103,7305,9888,A+/cluster_0_4690.BMP,A+
/Users/a75027/Desktop/compsci 760/datasets/A+/cluster_0_4692.BMP,ok,0.6764765372168284,67.64765372168284,False,normal,96,103,6689,9888,A+/cluster_0_4692.BMP,A+
/Users/a75027/Desktop/compsci 760/datasets/A+/cluster_0_4693.BMP,ok,0.776294498381877,77.6294498381877,False,normal,96,103,7676,9888,A+/cluster_0_4693.BMP,A+
/Users/a75027/Desktop/compsci 760/datasets/A+/cluster_0_4695.BMP,ok,0.7659789644012945,76.59789644012946,False,normal,96,103,7574,9888,A+/cluster_0_4695.BMP,A+
/Users/a75027/Desktop/compsci 760/datasets/A+/cluster_0_4700.BMP,ok,0.7703276699029126,77.03276699029125,False,normal,96,103,7617,9888,A+/cluster_0_4700.BMP,A+
/Users/a75027/Desktop/compsci 760/datasets/A+/cluster_0_4743.BMP,ok,0.6222694174757282,62.226941747572816,False,normal,96,103,6153,9888,A+/cluster_0_4743.BMP,A+
/Users/a75027/Desktop/compsci 760/datasets/A+/cluster_0_4768.BMP,ok,0.7206715210355987,72.06715210355988,False,normal,96,103,7126,9888,A+/cluster_0_4768.BMP,A+
/Users/a75027/Desktop/compsci 760/datasets/A+/cluster_0_4780.BMP,ok,0.7896440129449838,78.96440129449837,False,normal,96,103,7808,9888,A+/cluster_0_4780.BMP,A+
/Users/a75027/Desktop/compsci 760/datasets/A+/cluster_0_4786.BMP,ok,0.7200647249190939,72.00647249190939,False,normal,96,103,7120,9888,A+/cluster_0_4786.BMP,A+
/Users/a75027/Desktop/compsci 760/datasets/A+/cluster_0_4802.BMP,ok,0.7373584142394822,73.73584142394822,False,normal,96,103,7291,9888,A+/cluster_0_4802.BMP,A+
/Users/a75027/Desktop/compsci 760/datasets/A+/cluster_0_4803.BMP,ok,0.5728155339805825,57.28155339805825,False,normal,96,103,5664,9888,A+/cluster_0_4803.BMP,A+
/Users/a75027/Desktop/compsci 760/datasets/A+/cluster_0_4821.BMP,ok,0.7163228155339806,71.63228155339806,False,normal,96,103,7083,9888,A+/cluster_0_4821.BMP,A+
/Users/a75027/Desktop/compsci 760/datasets/A+/cluster_0_4827.BMP,ok,0.7789239482200647,77.89239482200647,False,normal,96,103,7702,9888,A+/cluster_0_4827.BMP,A+
/Users/a75027/Desktop/compsci 760/datasets/A+/cluster_0_4831.BMP,ok,0.7659789644012945,76.59789644012946,False,normal,96,103,7574,9888,A+/cluster_0_4831.BMP,A+
/Users/a75027/Desktop/compsci 760/datasets/A+/cluster_0_4840.BMP,ok,0.7454490291262136,74.54490291262135,False,normal,96,103,7371,9888,A+/cluster_0_4840.BMP,A+
/Users/a75027/Desktop/compsci 760/datasets/A+/cluster_0_4846.BMP,ok,0.6800161812297735,68.00161812297735,False,normal,96,103,6724,9888,A+/cluster_0_4846.BMP,A+
/Users/a75027/Desktop/compsci 760/datasets/A+/cluster_0_4855.BMP,ok,0.7949029126213593,79.49029126213593,False,normal,96,103,7860,9888,A+/cluster_0_4855.BMP,A+
/Users/a75027/Desktop/compsci 760/datasets/A+/cluster_0_486.BMP,ok,0.6952872168284789,69.52872168284789,False,normal,96,103,6875,9888,A+/cluster_0_486.BMP,A+
/Users/a75027/Desktop/compsci 760/datasets/A+/cluster_0_4865.BMP,ok,0.23836974110032363,23.836974110032365,False,normal,96,103,2357,9888,A+/cluster_0_4865.BMP,A+
/Users/a75027/Desktop/compsci 760/datasets/A+/cluster_0_4871.BMP,ok,0.754955501618123,75.4955501618123,False,normal,96,103,7465,9888,A+/cluster_0_4871.BMP,A+
/Users/a75027/Desktop/compsci 760/datasets/A+/cluster_0_4881.BMP,ok,0.7682038834951457,76.82038834951457,False,normal,96,103,7596,9888,A+/cluster_0_4881.BMP,A+
/Users/a75027/Desktop/compsci 760/datasets/A+/cluster_0_4892.BMP,ok,0.6792071197411004,67.92071197411003,False,normal,96,103,6716,9888,A+/cluster_0_4892.BMP,A+
/Users/a75027/Desktop/compsci 760/datasets/A+/cluster_0_4905.BMP,ok,0.7103559870550162,71.03559870550163,False,normal,96,103,7024,9888,A+/cluster_0_4905.BMP,A+
/Users/a75027/Desktop/compsci 760/datasets/A+/cluster_0_4910.BMP,ok,0.7539441747572816,75.39441747572816,False,normal,96,103,7455,9888,A+/cluster_0_4910.BMP,A+
/Users/a75027/Desktop/compsci 760/datasets/A+/cluster_0_4924.BMP,ok,0.7446399676375405,74.46399676375405,False,normal,96,103,7363,9888,A+/cluster_0_4924.BMP,A+
/Users/a75027/Desktop/compsci 760/datasets/A+/cluster_0_4928.BMP,ok,0.8921925566343042,89.21925566343042,False,normal,96,103,8822,9888,A+/cluster_0_4928.BMP,A+
/Users/a75027/Desktop/compsci 760/datasets/A+/cluster_0_4949.BMP,ok,0.2278519417475728,22.78519417475728,False,normal,96,103,2253,9888,A+/cluster_0_4949.BMP,A+
/Users/a75027/Desktop/compsci 760/datasets/A+/cluster_0_4959.BMP,ok,0.7615291262135923,76.15291262135922,False,normal,96,103,7530,9888,A+/cluster_0_4959.BMP,A+
/Users/a75027/Desktop/compsci 760/datasets/A+/cluster_0_497.BMP,ok,0.4809870550161812,48.09870550161812,False,normal,96,103,4756,9888,A+/cluster_0_497.BMP,A+
/Users/a75027/Desktop/compsci 760/datasets/A+/cluster_0_4970.BMP,ok,0.7550566343042071,75.50566343042071,False,normal,96,103,7466,9888,A+/cluster_0_4970.BMP,A+
/Users/a75027/Desktop/compsci 760/datasets/A+/cluster_0_4973.BMP,ok,0.852245145631068,85.2245145631068,False,normal,96,103,8427,9888,A+/cluster_0_4973.BMP,A+
/Users/a75027/Desktop/compsci 760/datasets/A+/cluster_0_4978.BMP,ok,0.6976132686084142,69.76132686084142,False,normal,96,103,6898,9888,A+/cluster_0_4978.BMP,A+
/Users/a75027/Desktop/compsci 760/datasets/A+/cluster_0_4998.BMP,ok,0.6470801191901752,64.70801191901752,False,normal,241,298,46472,71818,A+/cluster_0_4998.BMP,A+
/Users/a75027/Desktop/compsci 760/datasets/A+/cluster_0_5004.BMP,ok,0.7878236245954693,78.78236245954693,False,normal,96,103,7790,9888,A+/cluster_0_5004.BMP,A+
/Users/a75027/Desktop/compsci 760/datasets/A+/cluster_0_502.BMP,ok,0.7214805825242718,72.14805825242718,False,normal,96,103,7134,9888,A+/cluster_0_502.BMP,A+
/Users/a75027/Desktop/compsci 760/datasets/A+/cluster_0_5038.BMP,ok,0.6758697411003236,67.58697411003236,False,normal,96,103,6683,9888,A+/cluster_0_5038.BMP,A+
/Users/a75027/Desktop/compsci 760/datasets/A+/cluster_0_5046.BMP,ok,0.5378236245954693,53.78236245954693,False,normal,96,103,5318,9888,A+/cluster_0_5046.BMP,A+
/Users/a75027/Desktop/compsci 760/datasets/A+/cluster_0_5051.BMP,ok,0.8255461165048543,82.55461165048543,False,normal,96,103,8163,9888,A+/cluster_0_5051.BMP,A+
/Users/a75027/Desktop/compsci 760/datasets/A+/cluster_0_5083.BMP,ok,0.8434466019417476,84.34466019417476,False,normal,96,103,8340,9888,A+/cluster_0_5083.BMP,A+
/Users/a75027/Desktop/compsci 760/datasets/A+/cluster_0_5087.BMP,ok,0.7559668284789643,75.59668284789643,False,normal,96,103,7475,9888,A+/cluster_0_5087.BMP,A+
/Users/a75027/Desktop/compsci 760/datasets/A+/cluster_0_5095.BMP,ok,0.7075242718446602,70.75242718446601,False,normal,96,103,6996,9888,A+/cluster_0_5095.BMP,A+
/Users/a75027/Desktop/compsci 760/datasets/A+/cluster_0_5105.BMP,ok,0.5108211974110033,51.08211974110033,False,normal,96,103,5051,9888,A+/cluster_0_5105.BMP,A+
/Users/a75027/Desktop/compsci 760/datasets/A+/cluster_0_5118.BMP,ok,0.6677791262135923,66.77791262135922,False,normal,96,103,6603,9888,A+/cluster_0_5118.BMP,A+
/Users/a75027/Desktop/compsci 760/datasets/A+/cluster_0_5123.BMP,ok,0.8624595469255664,86.24595469255664,False,normal,96,103,8528,9888,A+/cluster_0_5123.BMP,A+
/Users/a75027/Desktop/compsci 760/datasets/A+/cluster_0_5124.BMP,ok,0.7129854368932039,71.2985436893204,False,normal,96,103,7050,9888,A+/cluster_0_5124.BMP,A+
/Users/a75027/Desktop/compsci 760/datasets/A+/cluster_0_5140.BMP,ok,0.731593851132686,73.1593851132686,False,normal,96,103,7234,9888,A+/cluster_0_5140.BMP,A+
/Users/a75027/Desktop/compsci 760/datasets/A+/cluster_0_5170.BMP,ok,0.7777103559870551,77.77103559870551,False,normal,96,103,7690,9888,A+/cluster_0_5170.BMP,A+
/Users/a75027/Desktop/compsci 760/datasets/A+/cluster_0_5178.BMP,ok,0.7723503236245954,77.23503236245955,False,normal,96,103,7637,9888,A+/cluster_0_5178.BMP,A+
/Users/a75027/Desktop/compsci 760/datasets/A+/cluster_0_5184.BMP,ok,1.0,100.0,True,coverage_too_high,96,103,9888,9888,A+/cluster_0_5184.BMP,A+
/Users/a75027/Desktop/compsci 760/datasets/A+/cluster_0_5187.BMP,ok,0.7612257281553398,76.12257281553399,False,normal,96,103,7527,9888,A+/cluster_0_5187.BMP,A+
/Users/a75027/Desktop/compsci 760/datasets/A+/cluster_0_5197.BMP,ok,0.6956917475728155,69.56917475728154,False,normal,96,103,6879,9888,A+/cluster_0_5197.BMP,A+
/Users/a75027/Desktop/compsci 760/datasets/A+/cluster_0_5203.BMP,ok,0.830906148867314,83.0906148867314,False,normal,96,103,8216,9888,A+/cluster_0_5203.BMP,A+
/Users/a75027/Desktop/compsci 760/datasets/A+/cluster_0_5209.BMP,ok,0.7859021035598706,78.59021035598705,False,normal,96,103,7771,9888,A+/cluster_0_5209.BMP,A+
/Users/a75027/Desktop/compsci 760/datasets/A+/cluster_0_5223.BMP,ok,0.7636529126213593,76.36529126213593,False,normal,96,103,7551,9888,A+/cluster_0_5223.BMP,A+
/Users/a75027/Desktop/compsci 760/datasets/A+/cluster_0_5226.BMP,ok,0.7067152103559871,70.6715210355987,False,normal,96,103,6988,9888,A+/cluster_0_5226.BMP,A+
/Users/a75027/Desktop/compsci 760/datasets/A+/cluster_0_5235.BMP,ok,0.7249190938511327,72.49190938511327,False,normal,96,103,7168,9888,A+/cluster_0_5235.BMP,A+
/Users/a75027/Desktop/compsci 760/datasets/A+/cluster_0_5251.BMP,ok,0.8598300970873787,85.98300970873787,False,normal,96,103,8502,9888,A+/cluster_0_5251.BMP,A+
/Users/a75027/Desktop/compsci 760/datasets/A+/cluster_0_5253.BMP,ok,0.665453074433657,66.5453074433657,False,normal,96,103,6580,9888,A+/cluster_0_5253.BMP,A+
/Users/a75027/Desktop/compsci 760/datasets/A+/cluster_0_5256.BMP,ok,0.6854773462783171,68.54773462783172,False,normal,96,103,6778,9888,A+/cluster_0_5256.BMP,A+
/Users/a75027/Desktop/compsci 760/datasets/A+/cluster_0_5270.BMP,ok,0.6809263754045307,68.09263754045307,False,normal,96,103,6733,9888,A+/cluster_0_5270.BMP,A+
/Users/a75027/Desktop/compsci 760/datasets/A+/cluster_0_5278.BMP,ok,0.6852750809061489,68.52750809061489,False,normal,96,103,6776,9888,A+/cluster_0_5278.BMP,A+
/Users/a75027/Desktop/compsci 760/datasets/A+/cluster_0_5286.BMP,ok,0.8068365695792881,80.6836569579288,False,normal,96,103,7978,9888,A+/cluster_0_5286.BMP,A+
/Users/a75027/Desktop/compsci 760/datasets/A+/cluster_0_5298.BMP,ok,0.6406755663430421,64.06755663430421,False,normal,96,103,6335,9888,A+/cluster_0_5298.BMP,A+
/Users/a75027/Desktop/compsci 760/datasets/A+/cluster_0_5301.BMP,ok,0.7353357605177994,73.53357605177993,False,normal,96,103,7271,9888,A+/cluster_0_5301.BMP,A+
/Users/a75027/Desktop/compsci 760/datasets/A+/cluster_0_5302.BMP,ok,0.7567758899676376,75.67758899676376,False,normal,96,103,7483,9888,A+/cluster_0_5302.BMP,A+
/Users/a75027/Desktop/compsci 760/datasets/A+/cluster_0_5305.BMP,ok,0.7957119741100324,79.57119741100324,False,normal,96,103,7868,9888,A+/cluster_0_5305.BMP,A+
/Users/a75027/Desktop/compsci 760/datasets/A+/cluster_0_5307.BMP,ok,0.7497977346278317,74.97977346278317,False,normal,96,103,7414,9888,A+/cluster_0_5307.BMP,A+
/Users/a75027/Desktop/compsci 760/datasets/A+/cluster_0_532.BMP,ok,0.7886326860841424,78.86326860841424,False,normal,96,103,7798,9888,A+/cluster_0_532.BMP,A+
/Users/a75027/Desktop/compsci 760/datasets/A+/cluster_0_5343.BMP,ok,0.8080501618122977,80.80501618122977,False,normal,96,103,7990,9888,A+/cluster_0_5343.BMP,A+
/Users/a75027/Desktop/compsci 760/datasets/A+/cluster_0_535.BMP,ok,0.6780946601941747,67.80946601941747,False,normal,96,103,6705,9888,A+/cluster_0_535.BMP,A+
/Users/a75027/Desktop/compsci 760/datasets/A+/cluster_0_5362.BMP,ok,0.7941949838187702,79.41949838187702,False,normal,96,103,7853,9888,A+/cluster_0_5362.BMP,A+
/Users/a75027/Desktop/compsci 760/datasets/A+/cluster_0_5366.BMP,ok,0.7912621359223301,79.12621359223301,False,normal,96,103,7824,9888,A+/cluster_0_5366.BMP,A+
/Users/a75027/Desktop/compsci 760/datasets/A+/cluster_0_5369.BMP,ok,0.6913430420711975,69.13430420711974,False,normal,96,103,6836,9888,A+/cluster_0_5369.BMP,A+
/Users/a75027/Desktop/compsci 760/datasets/A+/cluster_0_5383.BMP,ok,0.8131067961165048,81.31067961165049,False,normal,96,103,8040,9888,A+/cluster_0_5383.BMP,A+
/Users/a75027/Desktop/compsci 760/datasets/A+/cluster_0_539.BMP,ok,0.5623988673139159,56.239886731391586,False,normal,96,103,5561,9888,A+/cluster_0_539.BMP,A+
/Users/a75027/Desktop/compsci 760/datasets/A+/cluster_0_5392.BMP,ok,0.7766990291262136,77.66990291262135,False,normal,96,103,7680,9888,A+/cluster_0_5392.BMP,A+
/Users/a75027/Desktop/compsci 760/datasets/A+/cluster_0_5395.BMP,ok,0.7511124595469255,75.11124595469255,False,normal,96,103,7427,9888,A+/cluster_0_5395.BMP,A+
/Users/a75027/Desktop/compsci 760/datasets/A+/cluster_0_5418.BMP,ok,0.7735639158576052,77.35639158576052,False,normal,96,103,7649,9888,A+/cluster_0_5418.BMP,A+
/Users/a75027/Desktop/compsci 760/datasets/A+/cluster_0_5445.BMP,ok,0.7162216828478964,71.62216828478964,False,normal,96,103,7082,9888,A+/cluster_0_5445.BMP,A+
/Users/a75027/Desktop/compsci 760/datasets/A+/cluster_0_5448.BMP,ok,0.5949635922330098,59.49635922330098,False,normal,96,103,5883,9888,A+/cluster_0_5448.BMP,A+
/Users/a75027/Desktop/compsci 760/datasets/A+/cluster_0_5451.BMP,ok,0.7598098705501618,75.98098705501619,False,normal,96,103,7513,9888,A+/cluster_0_5451.BMP,A+
/Users/a75027/Desktop/compsci 760/datasets/A+/cluster_0_5461.BMP,ok,0.7331108414239482,73.31108414239482,False,normal,96,103,7249,9888,A+/cluster_0_5461.BMP,A+
/Users/a75027/Desktop/compsci 760/datasets/A+/cluster_0_5466.BMP,ok,0.7686084142394822,76.86084142394822,False,normal,96,103,7600,9888,A+/cluster_0_5466.BMP,A+
/Users/a75027/Desktop/compsci 760/datasets/A+/cluster_0_5481.BMP,ok,0.7222896440129449,72.22896440129449,False,normal,96,103,7142,9888,A+/cluster_0_5481.BMP,A+
/Users/a75027/Desktop/compsci 760/datasets/A+/cluster_0_5493.BMP,ok,0.7363470873786407,73.63470873786407,False,normal,96,103,7281,9888,A+/cluster_0_5493.BMP,A+
/Users/a75027/Desktop/compsci 760/datasets/A+/cluster_0_5505.BMP,ok,0.762843851132686,76.2843851132686,False,normal,96,103,7543,9888,A+/cluster_0_5505.BMP,A+
/Users/a75027/Desktop/compsci 760/datasets/A+/cluster_0_551.BMP,ok,0.8062297734627831,80.62297734627832,False,normal,96,103,7972,9888,A+/cluster_0_551.BMP,A+
/Users/a75027/Desktop/compsci 760/datasets/A+/cluster_0_5514.BMP,ok,0.6663632686084142,66.63632686084142,False,normal,96,103,6589,9888,A+/cluster_0_5514.BMP,A+
/Users/a75027/Desktop/compsci 760/datasets/A+/cluster_0_5521.BMP,ok,0.6236852750809061,62.36852750809061,False,normal,96,103,6167,9888,A+/cluster_0_5521.BMP,A+
/Users/a75027/Desktop/compsci 760/datasets/A+/cluster_0_5567.BMP,ok,0.7560679611650486,75.60679611650485,False,normal,96,103,7476,9888,A+/cluster_0_5567.BMP,A+
/Users/a75027/Desktop/compsci 760/datasets/A+/cluster_0_5574.BMP,ok,0.7451456310679612,74.51456310679612,False,normal,96,103,7368,9888,A+/cluster_0_5574.BMP,A+
/Users/a75027/Desktop/compsci 760/datasets/A+/cluster_0_5591.BMP,ok,0.7134911003236246,71.34911003236246,False,normal,96,103,7055,9888,A+/cluster_0_5591.BMP,A+
/Users/a75027/Desktop/compsci 760/datasets/A+/cluster_0_560.BMP,ok,0.7957119741100324,79.57119741100324,False,normal,96,103,7868,9888,A+/cluster_0_560.BMP,A+
/Users/a75027/Desktop/compsci 760/datasets/A+/cluster_0_5600.BMP,ok,0.7601132686084142,76.01132686084142,False,normal,96,103,7516,9888,A+/cluster_0_5600.BMP,A+
/Users/a75027/Desktop/compsci 760/datasets/A+/cluster_0_5601.BMP,ok,0.8233211974110033,82.33211974110033,False,normal,96,103,8141,9888,A+/cluster_0_5601.BMP,A+
/Users/a75027/Desktop/compsci 760/datasets/A+/cluster_0_5606.BMP,ok,0.6943770226537217,69.43770226537217,False,normal,96,103,6866,9888,A+/cluster_0_5606.BMP,A+
/Users/a75027/Desktop/compsci 760/datasets/A+/cluster_0_5616.BMP,ok,0.6883090614886731,68.83090614886731,False,normal,96,103,6806,9888,A+/cluster_0_5616.BMP,A+
/Users/a75027/Desktop/compsci 760/datasets/A+/cluster_0_5630.BMP,ok,0.7551577669902912,75.51577669902912,False,normal,96,103,7467,9888,A+/cluster_0_5630.BMP,A+
/Users/a75027/Desktop/compsci 760/datasets/A+/cluster_0_5631.BMP,ok,0.7763956310679612,77.63956310679612,False,normal,96,103,7677,9888,A+/cluster_0_5631.BMP,A+
/Users/a75027/Desktop/compsci 760/datasets/A+/cluster_0_5636.BMP,ok,0.7312904530744336,73.12904530744336,False,normal,96,103,7231,9888,A+/cluster_0_5636.BMP,A+
/Users/a75027/Desktop/compsci 760/datasets/A+/cluster_0_564.BMP,ok,0.8140169902912622,81.40169902912622,False,normal,96,103,8049,9888,A+/cluster_0_564.BMP,A+
/Users/a75027/Desktop/compsci 760/datasets/A+/cluster_0_5647.BMP,ok,0.6914441747572816,69.14441747572816,False,normal,96,103,6837,9888,A+/cluster_0_5647.BMP,A+
/Users/a75027/Desktop/compsci 760/datasets/A+/cluster_0_5652.BMP,ok,0.7903519417475728,79.03519417475728,False,normal,96,103,7815,9888,A+/cluster_0_5652.BMP,A+
/Users/a75027/Desktop/compsci 760/datasets/A+/cluster_0_5653.BMP,ok,0.707423139158576,70.74231391585761,False,normal,96,103,6995,9888,A+/cluster_0_5653.BMP,A+
/Users/a75027/Desktop/compsci 760/datasets/A+/cluster_0_5660.BMP,ok,0.6394619741100324,63.94619741100323,False,normal,96,103,6323,9888,A+/cluster_0_5660.BMP,A+
/Users/a75027/Desktop/compsci 760/datasets/A+/cluster_0_5687.BMP,ok,0.6361245954692557,63.61245954692557,False,normal,96,103,6290,9888,A+/cluster_0_5687.BMP,A+
/Users/a75027/Desktop/compsci 760/datasets/A+/cluster_0_5691.BMP,ok,0.7645631067961165,76.45631067961165,False,normal,96,103,7560,9888,A+/cluster_0_5691.BMP,A+
/Users/a75027/Desktop/compsci 760/datasets/A+/cluster_0_5715.BMP,ok,0.7831715210355987,78.31715210355988,False,normal,96,103,7744,9888,A+/cluster_0_5715.BMP,A+
/Users/a75027/Desktop/compsci 760/datasets/A+/cluster_0_5730.BMP,ok,0.5605784789644013,56.05784789644013,False,normal,96,103,5543,9888,A+/cluster_0_5730.BMP,A+
/Users/a75027/Desktop/compsci 760/datasets/A+/cluster_0_5734.BMP,ok,0.7643608414239482,76.43608414239482,False,normal,96,103,7558,9888,A+/cluster_0_5734.BMP,A+
/Users/a75027/Desktop/compsci 760/datasets/A+/cluster_0_5740.BMP,ok,0.6883090614886731,68.83090614886731,False,normal,96,103,6806,9888,A+/cluster_0_5740.BMP,A+
/Users/a75027/Desktop/compsci 760/datasets/A+/cluster_0_576.BMP,ok,0.641282362459547,64.1282362459547,False,normal,96,103,6341,9888,A+/cluster_0_576.BMP,A+
/Users/a75027/Desktop/compsci 760/datasets/A+/cluster_0_5780.BMP,ok,0.8279733009708737,82.79733009708737,False,normal,96,103,8187,9888,A+/cluster_0_5780.BMP,A+
/Users/a75027/Desktop/compsci 760/datasets/A+/cluster_0_5786.BMP,ok,0.7474716828478964,74.74716828478964,False,normal,96,103,7391,9888,A+/cluster_0_5786.BMP,A+
/Users/a75027/Desktop/compsci 760/datasets/A+/cluster_0_5799.BMP,ok,0.7517192556634305,75.17192556634305,False,normal,96,103,7433,9888,A+/cluster_0_5799.BMP,A+
/Users/a75027/Desktop/compsci 760/datasets/A+/cluster_0_5800.BMP,ok,0.7506067961165048,75.06067961165049,False,normal,96,103,7422,9888,A+/cluster_0_5800.BMP,A+
/Users/a75027/Desktop/compsci 760/datasets/A+/cluster_0_581.BMP,ok,0.7046925566343042,70.46925566343042,False,normal,96,103,6968,9888,A+/cluster_0_581.BMP,A+
/Users/a75027/Desktop/compsci 760/datasets/A+/cluster_0_5812.BMP,ok,0.7188511326860841,71.88511326860841,False,normal,96,103,7108,9888,A+/cluster_0_5812.BMP,A+
/Users/a75027/Desktop/compsci 760/datasets/A+/cluster_0_5813.BMP,ok,0.7517192556634305,75.17192556634305,False,normal,96,103,7433,9888,A+/cluster_0_5813.BMP,A+
/Users/a75027/Desktop/compsci 760/datasets/A+/cluster_0_5827.BMP,ok,0.6952872168284789,69.52872168284789,False,normal,96,103,6875,9888,A+/cluster_0_5827.BMP,A+
/Users/a75027/Desktop/compsci 760/datasets/A+/cluster_0_5860.BMP,ok,0.7587985436893204,75.87985436893204,False,normal,96,103,7503,9888,A+/cluster_0_5860.BMP,A+
/Users/a75027/Desktop/compsci 760/datasets/A+/cluster_0_5871.BMP,ok,0.7107605177993528,71.07605177993528,False,normal,96,103,7028,9888,A+/cluster_0_5871.BMP,A+
/Users/a75027/Desktop/compsci 760/datasets/A+/cluster_0_5875.BMP,ok,0.817455501618123,81.7455501618123,False,normal,96,103,8083,9888,A+/cluster_0_5875.BMP,A+
/Users/a75027/Desktop/compsci 760/datasets/A+/cluster_0_5880.BMP,ok,0.7829692556634305,78.29692556634305,False,normal,96,103,7742,9888,A+/cluster_0_5880.BMP,A+
/Users/a75027/Desktop/compsci 760/datasets/A+/cluster_0_5884.BMP,ok,0.8218042071197411,82.18042071197411,False,normal,96,103,8126,9888,A+/cluster_0_5884.BMP,A+
/Users/a75027/Desktop/compsci 760/datasets/A+/cluster_0_5885.BMP,ok,0.7362459546925566,73.62459546925567,False,normal,96,103,7280,9888,A+/cluster_0_5885.BMP,A+
/Users/a75027/Desktop/compsci 760/datasets/A+/cluster_0_589.BMP,ok,0.7248179611650486,72.48179611650485,False,normal,96,103,7167,9888,A+/cluster_0_589.BMP,A+
/Users/a75027/Desktop/compsci 760/datasets/A+/cluster_0_5903.BMP,ok,0.679004854368932,67.9004854368932,False,normal,96,103,6714,9888,A+/cluster_0_5903.BMP,A+
/Users/a75027/Desktop/compsci 760/datasets/A+/cluster_0_5913.BMP,ok,0.7317961165048543,73.17961165048543,False,normal,96,103,7236,9888,A+/cluster_0_5913.BMP,A+
/Users/a75027/Desktop/compsci 760/datasets/A+/cluster_0_5917.BMP,ok,0.6904328478964401,69.043284789644,False,normal,96,103,6827,9888,A+/cluster_0_5917.BMP,A+
/Users/a75027/Desktop/compsci 760/datasets/A+/cluster_0_5918.BMP,ok,0.6871966019417476,68.71966019417476,False,normal,96,103,6795,9888,A+/cluster_0_5918.BMP,A+
/Users/a75027/Desktop/compsci 760/datasets/A+/cluster_0_5922.BMP,ok,0.7421116504854369,74.21116504854369,False,normal,96,103,7338,9888,A+/cluster_0_5922.BMP,A+
/Users/a75027/Desktop/compsci 760/datasets/A+/cluster_0_5928.BMP,ok,0.6786003236245954,67.86003236245955,False,normal,96,103,6710,9888,A+/cluster_0_5928.BMP,A+
/Users/a75027/Desktop/compsci 760/datasets/A+/cluster_0_5946.BMP,ok,0.6944781553398058,69.44781553398059,False,normal,96,103,6867,9888,A+/cluster_0_5946.BMP,A+
/Users/a75027/Desktop/compsci 760/datasets/A+/cluster_0_5947.BMP,ok,0.7098503236245954,70.98503236245955,False,normal,96,103,7019,9888,A+/cluster_0_5947.BMP,A+
/Users/a75027/Desktop/compsci 760/datasets/A+/cluster_0_5951.BMP,ok,0.7103559870550162,71.03559870550163,False,normal,96,103,7024,9888,A+/cluster_0_5951.BMP,A+
/Users/a75027/Desktop/compsci 760/datasets/A+/cluster_0_5978.BMP,ok,0.7567758899676376,75.67758899676376,False,normal,96,103,7483,9888,A+/cluster_0_5978.BMP,A+
/Users/a75027/Desktop/compsci 760/datasets/A+/cluster_0_5993.BMP,ok,0.7254247572815534,72.54247572815534,False,normal,96,103,7173,9888,A+/cluster_0_5993.BMP,A+
/Users/a75027/Desktop/compsci 760/datasets/A+/cluster_0_608.BMP,ok,0.7601132686084142,76.01132686084142,False,normal,96,103,7516,9888,A+/cluster_0_608.BMP,A+
/Users/a75027/Desktop/compsci 760/datasets/A+/cluster_0_614.BMP,ok,0.8007686084142395,80.07686084142395,False,normal,96,103,7918,9888,A+/cluster_0_614.BMP,A+
/Users/a75027/Desktop/compsci 760/datasets/A+/cluster_0_62.BMP,ok,0.7118729773462783,71.18729773462783,False,normal,96,103,7039,9888,A+/cluster_0_62.BMP,A+
/Users/a75027/Desktop/compsci 760/datasets/A+/cluster_0_635.BMP,ok,0.7474716828478964,74.74716828478964,False,normal,96,103,7391,9888,A+/cluster_0_635.BMP,A+
/Users/a75027/Desktop/compsci 760/datasets/A+/cluster_0_638.BMP,ok,0.2297734627831715,22.97734627831715,False,normal,96,103,2272,9888,A+/cluster_0_638.BMP,A+
/Users/a75027/Desktop/compsci 760/datasets/A+/cluster_0_644.BMP,ok,0.23169498381877024,23.169498381877023,False,normal,96,103,2291,9888,A+/cluster_0_644.BMP,A+
/Users/a75027/Desktop/compsci 760/datasets/A+/cluster_0_660.BMP,ok,0.684668284789644,68.4668284789644,False,normal,96,103,6770,9888,A+/cluster_0_660.BMP,A+
/Users/a75027/Desktop/compsci 760/datasets/A+/cluster_0_678.BMP,ok,0.7379652103559871,73.7965210355987,False,normal,96,103,7297,9888,A+/cluster_0_678.BMP,A+
/Users/a75027/Desktop/compsci 760/datasets/A+/cluster_0_686.BMP,ok,0.7306836569579288,73.06836569579288,False,normal,96,103,7225,9888,A+/cluster_0_686.BMP,A+
/Users/a75027/Desktop/compsci 760/datasets/A+/cluster_0_694.BMP,ok,0.794093851132686,79.4093851132686,False,normal,96,103,7852,9888,A+/cluster_0_694.BMP,A+
/Users/a75027/Desktop/compsci 760/datasets/A+/cluster_0_696.BMP,ok,0.85790857605178,85.79085760517799,False,normal,96,103,8483,9888,A+/cluster_0_696.BMP,A+
/Users/a75027/Desktop/compsci 760/datasets/A+/cluster_0_707.BMP,ok,0.591626213592233,59.1626213592233,False,normal,96,103,5850,9888,A+/cluster_0_707.BMP,A+
/Users/a75027/Desktop/compsci 760/datasets/A+/cluster_0_713.BMP,ok,0.7008495145631068,70.08495145631069,False,normal,96,103,6930,9888,A+/cluster_0_713.BMP,A+
/Users/a75027/Desktop/compsci 760/datasets/A+/cluster_0_714.BMP,ok,0.8502224919093851,85.02224919093851,False,normal,96,103,8407,9888,A+/cluster_0_714.BMP,A+
/Users/a75027/Desktop/compsci 760/datasets/A+/cluster_0_730.BMP,ok,0.39300161812297735,39.30016181229774,False,normal,96,103,3886,9888,A+/cluster_0_730.BMP,A+
/Users/a75027/Desktop/compsci 760/datasets/A+/cluster_0_733.BMP,ok,0.6637338187702265,66.37338187702265,False,normal,96,103,6563,9888,A+/cluster_0_733.BMP,A+
/Users/a75027/Desktop/compsci 760/datasets/A+/cluster_0_746.BMP,ok,0.8666059870550162,86.66059870550163,False,normal,96,103,8569,9888,A+/cluster_0_746.BMP,A+
/Users/a75027/Desktop/compsci 760/datasets/A+/cluster_0_755.BMP,ok,0.6067961165048543,60.679611650485434,False,normal,96,103,6000,9888,A+/cluster_0_755.BMP,A+
/Users/a75027/Desktop/compsci 760/datasets/A+/cluster_0_768.BMP,ok,0.8026901294498382,80.26901294498381,False,normal,96,103,7937,9888,A+/cluster_0_768.BMP,A+
/Users/a75027/Desktop/compsci 760/datasets/A+/cluster_0_77.BMP,ok,0.8048139158576052,80.48139158576052,False,normal,96,103,7958,9888,A+/cluster_0_77.BMP,A+
/Users/a75027/Desktop/compsci 760/datasets/A+/cluster_0_777.BMP,ok,0.7535396440129449,75.35396440129449,False,normal,96,103,7451,9888,A+/cluster_0_777.BMP,A+
/Users/a75027/Desktop/compsci 760/datasets/A+/cluster_0_798.BMP,ok,0.669093851132686,66.9093851132686,False,normal,96,103,6616,9888,A+/cluster_0_798.BMP,A+
/Users/a75027/Desktop/compsci 760/datasets/A+/cluster_0_826.BMP,ok,0.7388754045307443,73.88754045307444,False,normal,96,103,7306,9888,A+/cluster_0_826.BMP,A+
/Users/a75027/Desktop/compsci 760/datasets/A+/cluster_0_836.BMP,ok,0.7734627831715211,77.34627831715211,False,normal,96,103,7648,9888,A+/cluster_0_836.BMP,A+
/Users/a75027/Desktop/compsci 760/datasets/A+/cluster_0_868.BMP,ok,0.78832928802589,78.832928802589,False,normal,96,103,7795,9888,A+/cluster_0_868.BMP,A+
/Users/a75027/Desktop/compsci 760/datasets/A+/cluster_0_872.BMP,ok,0.7945995145631068,79.45995145631069,False,normal,96,103,7857,9888,A+/cluster_0_872.BMP,A+
/Users/a75027/Desktop/compsci 760/datasets/A+/cluster_0_875.BMP,ok,0.7796318770226537,77.96318770226537,False,normal,96,103,7709,9888,A+/cluster_0_875.BMP,A+
/Users/a75027/Desktop/compsci 760/datasets/A+/cluster_0_878.BMP,ok,0.7079288025889967,70.79288025889967,False,normal,96,103,7000,9888,A+/cluster_0_878.BMP,A+
/Users/a75027/Desktop/compsci 760/datasets/A+/cluster_0_880.BMP,ok,0.6216626213592233,62.16626213592234,False,normal,96,103,6147,9888,A+/cluster_0_880.BMP,A+
/Users/a75027/Desktop/compsci 760/datasets/A+/cluster_0_881.BMP,ok,0.7161205501618123,71.61205501618123,False,normal,96,103,7081,9888,A+/cluster_0_881.BMP,A+
/Users/a75027/Desktop/compsci 760/datasets/A+/cluster_0_908.BMP,ok,0.7920711974110033,79.20711974110033,False,normal,96,103,7832,9888,A+/cluster_0_908.BMP,A+
/Users/a75027/Desktop/compsci 760/datasets/A+/cluster_0_940.BMP,ok,0.7286610032362459,72.8661003236246,False,normal,96,103,7205,9888,A+/cluster_0_940.BMP,A+
/Users/a75027/Desktop/compsci 760/datasets/A+/cluster_0_956.BMP,ok,0.7444377022653722,74.44377022653723,False,normal,96,103,7361,9888,A+/cluster_0_956.BMP,A+
/Users/a75027/Desktop/compsci 760/datasets/A+/cluster_0_965.BMP,ok,0.7373584142394822,73.73584142394822,False,normal,96,103,7291,9888,A+/cluster_0_965.BMP,A+
/Users/a75027/Desktop/compsci 760/datasets/A+/cluster_0_983.BMP,ok,0.7918689320388349,79.18689320388349,False,normal,96,103,7830,9888,A+/cluster_0_983.BMP,A+
/Users/a75027/Desktop/compsci 760/datasets/A+/cluster_0_987.BMP,ok,0.7025687702265372,70.25687702265373,False,normal,96,103,6947,9888,A+/cluster_0_987.BMP,A+
/Users/a75027/Desktop/compsci 760/datasets/A+/cluster_0_994.BMP,ok,0.8762135922330098,87.62135922330097,False,normal,96,103,8664,9888,A+/cluster_0_994.BMP,A+
/Users/a75027/Desktop/compsci 760/datasets/A-/cluster_1_0.BMP,ok,0.8865291262135923,88.65291262135922,False,normal,96,103,8766,9888,A-/cluster_1_0.BMP,A-
/Users/a75027/Desktop/compsci 760/datasets/A-/cluster_1_1.BMP,ok,0.8390978964401294,83.90978964401295,False,normal,96,103,8297,9888,A-/cluster_1_1.BMP,A-
/Users/a75027/Desktop/compsci 760/datasets/A-/cluster_1_1000.BMP,ok,0.8890574433656958,88.90574433656958,False,normal,96,103,8791,9888,A-/cluster_1_1000.BMP,A-
/Users/a75027/Desktop/compsci 760/datasets/A-/cluster_1_1007.BMP,ok,0.808252427184466,80.8252427184466,False,normal,96,103,7992,9888,A-/cluster_1_1007.BMP,A-
/Users/a75027/Desktop/compsci 760/datasets/A-/cluster_1_1008.BMP,ok,0.7686084142394822,76.86084142394822,False,normal,96,103,7600,9888,A-/cluster_1_1008.BMP,A-
/Users/a75027/Desktop/compsci 760/datasets/A-/cluster_1_101.BMP,ok,0.7926779935275081,79.26779935275081,False,normal,96,103,7838,9888,A-/cluster_1_101.BMP,A-
/Users/a75027/Desktop/compsci 760/datasets/A-/cluster_1_1010.BMP,ok,0.7535396440129449,75.35396440129449,False,normal,96,103,7451,9888,A-/cluster_1_1010.BMP,A-
/Users/a75027/Desktop/compsci 760/datasets/A-/cluster_1_1011.BMP,ok,1.0,100.0,True,coverage_too_high,96,103,9888,9888,A-/cluster_1_1011.BMP,A-
/Users/a75027/Desktop/compsci 760/datasets/A-/cluster_1_1015.BMP,ok,0.7949029126213593,79.49029126213593,False,normal,96,103,7860,9888,A-/cluster_1_1015.BMP,A-
/Users/a75027/Desktop/compsci 760/datasets/A-/cluster_1_1020.BMP,ok,0.8470873786407767,84.70873786407766,False,normal,96,103,8376,9888,A-/cluster_1_1020.BMP,A-
/Users/a75027/Desktop/compsci 760/datasets/A-/cluster_1_1022.BMP,ok,0.7404935275080906,74.04935275080906,False,normal,96,103,7322,9888,A-/cluster_1_1022.BMP,A-
/Users/a75027/Desktop/compsci 760/datasets/A-/cluster_1_1025.BMP,ok,0.787621359223301,78.7621359223301,False,normal,96,103,7788,9888,A-/cluster_1_1025.BMP,A-
/Users/a75027/Desktop/compsci 760/datasets/A-/cluster_1_1027.BMP,ok,0.8086569579288025,80.86569579288026,False,normal,96,103,7996,9888,A-/cluster_1_1027.BMP,A-
/Users/a75027/Desktop/compsci 760/datasets/A-/cluster_1_1031.BMP,ok,0.7988470873786407,79.88470873786407,False,normal,96,103,7899,9888,A-/cluster_1_1031.BMP,A-
/Users/a75027/Desktop/compsci 760/datasets/A-/cluster_1_1034.BMP,ok,0.7506067961165048,75.06067961165049,False,normal,96,103,7422,9888,A-/cluster_1_1034.BMP,A-
/Users/a75027/Desktop/compsci 760/datasets/A-/cluster_1_1049.BMP,ok,1.0,100.0,True,coverage_too_high,96,103,9888,9888,A-/cluster_1_1049.BMP,A-
/Users/a75027/Desktop/compsci 760/datasets/A-/cluster_1_1058.BMP,ok,0.6447208737864077,64.47208737864078,False,normal,96,103,6375,9888,A-/cluster_1_1058.BMP,A-
/Users/a75027/Desktop/compsci 760/datasets/A-/cluster_1_1060.BMP,ok,0.8008697411003236,80.08697411003236,False,normal,96,103,7919,9888,A-/cluster_1_1060.BMP,A-
/Users/a75027/Desktop/compsci 760/datasets/A-/cluster_1_1068.BMP,ok,0.7207726537216829,72.07726537216828,False,normal,96,103,7127,9888,A-/cluster_1_1068.BMP,A-
/Users/a75027/Desktop/compsci 760/datasets/A-/cluster_1_1072.BMP,ok,0.769923139158576,76.99231391585761,False,normal,96,103,7613,9888,A-/cluster_1_1072.BMP,A-
/Users/a75027/Desktop/compsci 760/datasets/A-/cluster_1_1080.BMP,ok,0.7882281553398058,78.82281553398059,False,normal,96,103,7794,9888,A-/cluster_1_1080.BMP,A-
/Users/a75027/Desktop/compsci 760/datasets/A-/cluster_1_1085.BMP,ok,1.0,100.0,True,coverage_too_high,96,103,9888,9888,A-/cluster_1_1085.BMP,A-
/Users/a75027/Desktop/compsci 760/datasets/A-/cluster_1_1086.BMP,ok,0.8268608414239482,82.68608414239482,False,normal,96,103,8176,9888,A-/cluster_1_1086.BMP,A-
/Users/a75027/Desktop/compsci 760/datasets/A-/cluster_1_1092.BMP,ok,0.8083535598705501,80.83535598705501,False,normal,96,103,7993,9888,A-/cluster_1_1092.BMP,A-
/Users/a75027/Desktop/compsci 760/datasets/A-/cluster_1_1095.BMP,ok,0.7800364077669902,78.00364077669903,False,normal,96,103,7713,9888,A-/cluster_1_1095.BMP,A-
/Users/a75027/Desktop/compsci 760/datasets/A-/cluster_1_11.BMP,ok,0.8074433656957929,80.74433656957929,False,normal,96,103,7984,9888,A-/cluster_1_11.BMP,A-
/Users/a75027/Desktop/compsci 760/datasets/A-/cluster_1_1106.BMP,ok,0.811792071197411,81.17920711974111,False,normal,96,103,8027,9888,A-/cluster_1_1106.BMP,A-
/Users/a75027/Desktop/compsci 760/datasets/A-/cluster_1_1107.BMP,ok,0.7619336569579288,76.19336569579288,False,normal,96,103,7534,9888,A-/cluster_1_1107.BMP,A-
/Users/a75027/Desktop/compsci 760/datasets/A-/cluster_1_1109.BMP,ok,0.6932645631067961,69.3264563106796,False,normal,96,103,6855,9888,A-/cluster_1_1109.BMP,A-
/Users/a75027/Desktop/compsci 760/datasets/A-/cluster_1_1110.BMP,ok,0.8286812297734628,82.86812297734627,False,normal,96,103,8194,9888,A-/cluster_1_1110.BMP,A-
/Users/a75027/Desktop/compsci 760/datasets/A-/cluster_1_1113.BMP,ok,0.7941949838187702,79.41949838187702,False,normal,96,103,7853,9888,A-/cluster_1_1113.BMP,A-
/Users/a75027/Desktop/compsci 760/datasets/A-/cluster_1_1115.BMP,ok,0.7986448220064725,79.86448220064725,False,normal,96,103,7897,9888,A-/cluster_1_1115.BMP,A-
/Users/a75027/Desktop/compsci 760/datasets/A-/cluster_1_1117.BMP,ok,0.8256472491909385,82.56472491909385,False,normal,96,103,8164,9888,A-/cluster_1_1117.BMP,A-
/Users/a75027/Desktop/compsci 760/datasets/A-/cluster_1_1128.BMP,ok,0.7804409385113269,78.04409385113269,False,normal,96,103,7717,9888,A-/cluster_1_1128.BMP,A-
/Users/a75027/Desktop/compsci 760/datasets/A-/cluster_1_1133.BMP,ok,0.7548543689320388,75.48543689320388,False,normal,96,103,7464,9888,A-/cluster_1_1133.BMP,A-
/Users/a75027/Desktop/compsci 760/datasets/A-/cluster_1_1139.BMP,ok,0.7931836569579288,79.31836569579288,False,normal,96,103,7843,9888,A-/cluster_1_1139.BMP,A-
/Users/a75027/Desktop/compsci 760/datasets/A-/cluster_1_1143.BMP,ok,0.6347087378640777,63.470873786407765,False,normal,96,103,6276,9888,A-/cluster_1_1143.BMP,A-
/Users/a75027/Desktop/compsci 760/datasets/A-/cluster_1_1149.BMP,ok,0.8099716828478964,80.99716828478964,False,normal,96,103,8009,9888,A-/cluster_1_1149.BMP,A-
/Users/a75027/Desktop/compsci 760/datasets/A-/cluster_1_115.BMP,ok,0.7543487055016181,75.43487055016182,False,normal,96,103,7459,9888,A-/cluster_1_115.BMP,A-
/Users/a75027/Desktop/compsci 760/datasets/A-/cluster_1_1155.BMP,ok,0.7603155339805825,76.03155339805825,False,normal,96,103,7518,9888,A-/cluster_1_1155.BMP,A-
/Users/a75027/Desktop/compsci 760/datasets/A-/cluster_1_1163.BMP,ok,0.6608009708737864,66.08009708737865,False,normal,96,103,6534,9888,A-/cluster_1_1163.BMP,A-
/Users/a75027/Desktop/compsci 760/datasets/A-/cluster_1_1165.BMP,ok,0.7964199029126213,79.64199029126213,False,normal,96,103,7875,9888,A-/cluster_1_1165.BMP,A-
/Users/a75027/Desktop/compsci 760/datasets/A-/cluster_1_1172.BMP,ok,0.8401092233009708,84.01092233009709,False,normal,96,103,8307,9888,A-/cluster_1_1172.BMP,A-
/Users/a75027/Desktop/compsci 760/datasets/A-/cluster_1_1178.BMP,ok,0.8014765372168284,80.14765372168284,False,normal,96,103,7925,9888,A-/cluster_1_1178.BMP,A-
/Users/a75027/Desktop/compsci 760/datasets/A-/cluster_1_1187.BMP,ok,0.7742718446601942,77.42718446601941,False,normal,96,103,7656,9888,A-/cluster_1_1187.BMP,A-
/Users/a75027/Desktop/compsci 760/datasets/A-/cluster_1_1194.BMP,ok,0.8498179611650486,84.98179611650485,False,normal,96,103,8403,9888,A-/cluster_1_1194.BMP,A-
/Users/a75027/Desktop/compsci 760/datasets/A-/cluster_1_1197.BMP,ok,0.7786205501618123,77.86205501618123,False,normal,96,103,7699,9888,A-/cluster_1_1197.BMP,A-
/Users/a75027/Desktop/compsci 760/datasets/A-/cluster_1_120.BMP,ok,0.7367516181229773,73.67516181229773,False,normal,96,103,7285,9888,A-/cluster_1_120.BMP,A-
/Users/a75027/Desktop/compsci 760/datasets/A-/cluster_1_1208.BMP,ok,0.7608211974110033,76.08211974110033,False,normal,96,103,7523,9888,A-/cluster_1_1208.BMP,A-
/Users/a75027/Desktop/compsci 760/datasets/A-/cluster_1_1211.BMP,ok,0.8182645631067961,81.8264563106796,False,normal,96,103,8091,9888,A-/cluster_1_1211.BMP,A-
/Users/a75027/Desktop/compsci 760/datasets/A-/cluster_1_1213.BMP,ok,0.7831715210355987,78.31715210355988,False,normal,96,103,7744,9888,A-/cluster_1_1213.BMP,A-
/Users/a75027/Desktop/compsci 760/datasets/A-/cluster_1_1227.BMP,ok,0.7547532362459547,75.47532362459548,False,normal,96,103,7463,9888,A-/cluster_1_1227.BMP,A-
/Users/a75027/Desktop/compsci 760/datasets/A-/cluster_1_1230.BMP,ok,0.8734830097087378,87.34830097087378,False,normal,96,103,8637,9888,A-/cluster_1_1230.BMP,A-
/Users/a75027/Desktop/compsci 760/datasets/A-/cluster_1_1239.BMP,ok,0.8667071197411004,86.67071197411003,False,normal,96,103,8570,9888,A-/cluster_1_1239.BMP,A-
/Users/a75027/Desktop/compsci 760/datasets/A-/cluster_1_124.BMP,ok,0.8337378640776699,83.37378640776699,False,normal,96,103,8244,9888,A-/cluster_1_124.BMP,A-
/Users/a75027/Desktop/compsci 760/datasets/A-/cluster_1_1240.BMP,ok,0.818871359223301,81.8871359223301,False,normal,96,103,8097,9888,A-/cluster_1_1240.BMP,A-
/Users/a75027/Desktop/compsci 760/datasets/A-/cluster_1_1241.BMP,ok,1.0,100.0,True,coverage_too_high,96,103,9888,9888,A-/cluster_1_1241.BMP,A-
/Users/a75027/Desktop/compsci 760/datasets/A-/cluster_1_1246.BMP,ok,1.0,100.0,True,coverage_too_high,96,103,9888,9888,A-/cluster_1_1246.BMP,A-
/Users/a75027/Desktop/compsci 760/datasets/A-/cluster_1_1253.BMP,ok,0.7863066343042071,78.63066343042071,False,normal,96,103,7775,9888,A-/cluster_1_1253.BMP,A-
/Users/a75027/Desktop/compsci 760/datasets/A-/cluster_1_1269.BMP,ok,0.8543689320388349,85.43689320388349,False,normal,96,103,8448,9888,A-/cluster_1_1269.BMP,A-
/Users/a75027/Desktop/compsci 760/datasets/A-/cluster_1_1271.BMP,ok,0.8408171521035599,84.081715210356,False,normal,96,103,8314,9888,A-/cluster_1_1271.BMP,A-
/Users/a75027/Desktop/compsci 760/datasets/A-/cluster_1_1275.BMP,ok,1.0,100.0,True,coverage_too_high,96,103,9888,9888,A-/cluster_1_1275.BMP,A-
/Users/a75027/Desktop/compsci 760/datasets/A-/cluster_1_1287.BMP,ok,0.716626213592233,71.6626213592233,False,normal,96,103,7086,9888,A-/cluster_1_1287.BMP,A-
/Users/a75027/Desktop/compsci 760/datasets/A-/cluster_1_1289.BMP,ok,0.7660800970873787,76.60800970873787,False,normal,96,103,7575,9888,A-/cluster_1_1289.BMP,A-
/Users/a75027/Desktop/compsci 760/datasets/A-/cluster_1_129.BMP,ok,0.8105784789644013,81.05784789644012,False,normal,96,103,8015,9888,A-/cluster_1_129.BMP,A-
/Users/a75027/Desktop/compsci 760/datasets/A-/cluster_1_1297.BMP,ok,0.8703478964401294,87.03478964401295,False,normal,96,103,8606,9888,A-/cluster_1_1297.BMP,A-
/Users/a75027/Desktop/compsci 760/datasets/A-/cluster_1_1305.BMP,ok,0.8314118122977346,83.14118122977347,False,normal,96,103,8221,9888,A-/cluster_1_1305.BMP,A-
/Users/a75027/Desktop/compsci 760/datasets/A-/cluster_1_131.BMP,ok,0.7853964401294499,78.53964401294499,False,normal,96,103,7766,9888,A-/cluster_1_131.BMP,A-
/Users/a75027/Desktop/compsci 760/datasets/A-/cluster_1_1314.BMP,ok,0.7505056634304207,75.05056634304206,False,normal,96,103,7421,9888,A-/cluster_1_1314.BMP,A-
/Users/a75027/Desktop/compsci 760/datasets/A-/cluster_1_1317.BMP,ok,0.7536407766990292,75.36407766990291,False,normal,96,103,7452,9888,A-/cluster_1_1317.BMP,A-
/Users/a75027/Desktop/compsci 760/datasets/A-/cluster_1_132.BMP,ok,0.7752831715210357,77.52831715210357,False,normal,96,103,7666,9888,A-/cluster_1_132.BMP,A-
/Users/a75027/Desktop/compsci 760/datasets/A-/cluster_1_1324.BMP,ok,0.8833940129449838,88.33940129449837,False,normal,96,103,8735,9888,A-/cluster_1_1324.BMP,A-
/Users/a75027/Desktop/compsci 760/datasets/A-/cluster_1_1351.BMP,ok,0.7712378640776699,77.12378640776699,False,normal,96,103,7626,9888,A-/cluster_1_1351.BMP,A-
/Users/a75027/Desktop/compsci 760/datasets/A-/cluster_1_136.BMP,ok,0.8348503236245954,83.48503236245955,False,normal,96,103,8255,9888,A-/cluster_1_136.BMP,A-
/Users/a75027/Desktop/compsci 760/datasets/A-/cluster_1_1364.BMP,ok,0.7879247572815534,78.79247572815534,False,normal,96,103,7791,9888,A-/cluster_1_1364.BMP,A-
/Users/a75027/Desktop/compsci 760/datasets/A-/cluster_1_1368.BMP,ok,0.7768001618122977,77.68001618122977,False,normal,96,103,7681,9888,A-/cluster_1_1368.BMP,A-
/Users/a75027/Desktop/compsci 760/datasets/A-/cluster_1_1370.BMP,ok,0.803296925566343,80.3296925566343,False,normal,96,103,7943,9888,A-/cluster_1_1370.BMP,A-
/Users/a75027/Desktop/compsci 760/datasets/A-/cluster_1_1371.BMP,ok,0.596581715210356,59.6581715210356,False,normal,96,103,5899,9888,A-/cluster_1_1371.BMP,A-
/Users/a75027/Desktop/compsci 760/datasets/A-/cluster_1_138.BMP,ok,0.8043082524271845,80.43082524271846,False,normal,96,103,7953,9888,A-/cluster_1_138.BMP,A-
/Users/a75027/Desktop/compsci 760/datasets/A-/cluster_1_1383.BMP,ok,0.8168487055016181,81.68487055016182,False,normal,96,103,8077,9888,A-/cluster_1_1383.BMP,A-
/Users/a75027/Desktop/compsci 760/datasets/A-/cluster_1_1386.BMP,ok,1.0,100.0,True,coverage_too_high,96,103,9888,9888,A-/cluster_1_1386.BMP,A-
/Users/a75027/Desktop/compsci 760/datasets/A-/cluster_1_1401.BMP,ok,0.714502427184466,71.4502427184466,False,normal,96,103,7065,9888,A-/cluster_1_1401.BMP,A-
/Users/a75027/Desktop/compsci 760/datasets/A-/cluster_1_1403.BMP,ok,0.7574838187702265,75.74838187702265,False,normal,96,103,7490,9888,A-/cluster_1_1403.BMP,A-
/Users/a75027/Desktop/compsci 760/datasets/A-/cluster_1_1409.BMP,ok,0.7665857605177994,76.65857605177993,False,normal,96,103,7580,9888,A-/cluster_1_1409.BMP,A-
/Users/a75027/Desktop/compsci 760/datasets/A-/cluster_1_1411.BMP,ok,0.7456626472472082,74.56626472472082,False,normal,241,298,53552,71818,A-/cluster_1_1411.BMP,A-
/Users/a75027/Desktop/compsci 760/datasets/A-/cluster_1_1416.BMP,ok,0.8148260517799353,81.48260517799353,False,normal,96,103,8057,9888,A-/cluster_1_1416.BMP,A-
/Users/a75027/Desktop/compsci 760/datasets/A-/cluster_1_1421.BMP,ok,0.7319983818770227,73.19983818770227,False,normal,96,103,7238,9888,A-/cluster_1_1421.BMP,A-
/Users/a75027/Desktop/compsci 760/datasets/A-/cluster_1_1424.BMP,ok,1.0,100.0,True,coverage_too_high,96,103,9888,9888,A-/cluster_1_1424.BMP,A-
/Users/a75027/Desktop/compsci 760/datasets/A-/cluster_1_1429.BMP,ok,0.6440129449838188,64.40129449838187,False,normal,96,103,6368,9888,A-/cluster_1_1429.BMP,A-
/Users/a75027/Desktop/compsci 760/datasets/A-/cluster_1_1437.BMP,ok,0.8590210355987055,85.90210355987054,False,normal,96,103,8494,9888,A-/cluster_1_1437.BMP,A-
/Users/a75027/Desktop/compsci 760/datasets/A-/cluster_1_1449.BMP,ok,0.8109830097087378,81.09830097087378,False,normal,96,103,8019,9888,A-/cluster_1_1449.BMP,A-
/Users/a75027/Desktop/compsci 760/datasets/A-/cluster_1_1451.BMP,ok,0.7176375404530745,71.76375404530745,False,normal,96,103,7096,9888,A-/cluster_1_1451.BMP,A-
/Users/a75027/Desktop/compsci 760/datasets/A-/cluster_1_1452.BMP,ok,0.8676173139158576,86.76173139158576,False,normal,96,103,8579,9888,A-/cluster_1_1452.BMP,A-
/Users/a75027/Desktop/compsci 760/datasets/A-/cluster_1_1455.BMP,ok,0.8020833333333334,80.20833333333334,False,normal,96,103,7931,9888,A-/cluster_1_1455.BMP,A-
/Users/a75027/Desktop/compsci 760/datasets/A-/cluster_1_1466.BMP,ok,0.8014765372168284,80.14765372168284,False,normal,96,103,7925,9888,A-/cluster_1_1466.BMP,A-
/Users/a75027/Desktop/compsci 760/datasets/A-/cluster_1_1469.BMP,ok,0.5723098705501618,57.23098705501618,False,normal,96,103,5659,9888,A-/cluster_1_1469.BMP,A-
/Users/a75027/Desktop/compsci 760/datasets/A-/cluster_1_1474.BMP,ok,1.0,100.0,True,coverage_too_high,96,103,9888,9888,A-/cluster_1_1474.BMP,A-
/Users/a75027/Desktop/compsci 760/datasets/A-/cluster_1_1479.BMP,ok,0.7866100323624595,78.66100323624595,False,normal,96,103,7778,9888,A-/cluster_1_1479.BMP,A-
/Users/a75027/Desktop/compsci 760/datasets/A-/cluster_1_1485.BMP,ok,0.797532362459547,79.7532362459547,False,normal,96,103,7886,9888,A-/cluster_1_1485.BMP,A-
/Users/a75027/Desktop/compsci 760/datasets/A-/cluster_1_1488.BMP,ok,0.8611448220064725,86.11448220064725,False,normal,96,103,8515,9888,A-/cluster_1_1488.BMP,A-
/Users/a75027/Desktop/compsci 760/datasets/A-/cluster_1_1506.BMP,ok,1.0,100.0,True,coverage_too_high,96,103,9888,9888,A-/cluster_1_1506.BMP,A-
/Users/a75027/Desktop/compsci 760/datasets/A-/cluster_1_1509.BMP,ok,0.8477953074433657,84.77953074433657,False,normal,96,103,8383,9888,A-/cluster_1_1509.BMP,A-
/Users/a75027/Desktop/compsci 760/datasets/A-/cluster_1_1511.BMP,ok,0.8532564724919094,85.32564724919094,False,normal,96,103,8437,9888,A-/cluster_1_1511.BMP,A-
/Users/a75027/Desktop/compsci 760/datasets/A-/cluster_1_1516.BMP,ok,0.8637742718446602,86.37742718446601,False,normal,96,103,8541,9888,A-/cluster_1_1516.BMP,A-
/Users/a75027/Desktop/compsci 760/datasets/A-/cluster_1_1518.BMP,ok,0.8777305825242718,87.77305825242718,False,normal,96,103,8679,9888,A-/cluster_1_1518.BMP,A-
/Users/a75027/Desktop/compsci 760/datasets/A-/cluster_1_1519.BMP,ok,0.8840008090614887,88.40008090614887,False,normal,96,103,8741,9888,A-/cluster_1_1519.BMP,A-
/Users/a75027/Desktop/compsci 760/datasets/A-/cluster_1_1525.BMP,ok,0.7675970873786407,76.75970873786407,False,normal,96,103,7590,9888,A-/cluster_1_1525.BMP,A-
/Users/a75027/Desktop/compsci 760/datasets/A-/cluster_1_1526.BMP,ok,0.7811488673139159,78.11488673139159,False,normal,96,103,7724,9888,A-/cluster_1_1526.BMP,A-
/Users/a75027/Desktop/compsci 760/datasets/A-/cluster_1_1532.BMP,ok,0.7408980582524272,74.08980582524272,False,normal,96,103,7326,9888,A-/cluster_1_1532.BMP,A-
/Users/a75027/Desktop/compsci 760/datasets/A-/cluster_1_1539.BMP,ok,0.7957119741100324,79.57119741100324,False,normal,96,103,7868,9888,A-/cluster_1_1539.BMP,A-
/Users/a75027/Desktop/compsci 760/datasets/A-/cluster_1_1558.BMP,ok,0.7754854368932039,77.5485436893204,False,normal,96,103,7668,9888,A-/cluster_1_1558.BMP,A-
/Users/a75027/Desktop/compsci 760/datasets/A-/cluster_1_1572.BMP,ok,0.7910598705501618,79.10598705501619,False,normal,96,103,7822,9888,A-/cluster_1_1572.BMP,A-
/Users/a75027/Desktop/compsci 760/datasets/A-/cluster_1_1583.BMP,ok,0.7938915857605178,79.38915857605178,False,normal,96,103,7850,9888,A-/cluster_1_1583.BMP,A-
/Users/a75027/Desktop/compsci 760/datasets/A-/cluster_1_1585.BMP,ok,0.7479773462783171,74.79773462783172,False,normal,96,103,7396,9888,A-/cluster_1_1585.BMP,A-
/Users/a75027/Desktop/compsci 760/datasets/A-/cluster_1_1597.BMP,ok,0.8047127831715211,80.47127831715211,False,normal,96,103,7957,9888,A-/cluster_1_1597.BMP,A-
/Users/a75027/Desktop/compsci 760/datasets/A-/cluster_1_1606.BMP,ok,0.7235511988637946,72.35511988637946,False,normal,241,298,51964,71818,A-/cluster_1_1606.BMP,A-
/Users/a75027/Desktop/compsci 760/datasets/A-/cluster_1_1621.BMP,ok,0.7389765372168284,73.89765372168284,False,normal,96,103,7307,9888,A-/cluster_1_1621.BMP,A-
/Users/a75027/Desktop/compsci 760/datasets/A-/cluster_1_1623.BMP,ok,0.8180622977346278,81.80622977346277,False,normal,96,103,8089,9888,A-/cluster_1_1623.BMP,A-
/Users/a75027/Desktop/compsci 760/datasets/A-/cluster_1_1624.BMP,ok,0.7396844660194175,73.96844660194175,False,normal,96,103,7314,9888,A-/cluster_1_1624.BMP,A-
/Users/a75027/Desktop/compsci 760/datasets/A-/cluster_1_1626.BMP,ok,1.0,100.0,True,coverage_too_high,96,103,9888,9888,A-/cluster_1_1626.BMP,A-
/Users/a75027/Desktop/compsci 760/datasets/A-/cluster_1_1627.BMP,ok,0.8449635922330098,84.49635922330097,False,normal,96,103,8355,9888,A-/cluster_1_1627.BMP,A-
/Users/a75027/Desktop/compsci 760/datasets/A-/cluster_1_1630.BMP,ok,0.7018608414239482,70.18608414239482,False,normal,96,103,6940,9888,A-/cluster_1_1630.BMP,A-
/Users/a75027/Desktop/compsci 760/datasets/A-/cluster_1_1640.BMP,ok,0.7967233009708737,79.67233009708737,False,normal,96,103,7878,9888,A-/cluster_1_1640.BMP,A-
/Users/a75027/Desktop/compsci 760/datasets/A-/cluster_1_1645.BMP,ok,0.841626213592233,84.1626213592233,False,normal,96,103,8322,9888,A-/cluster_1_1645.BMP,A-
/Users/a75027/Desktop/compsci 760/datasets/A-/cluster_1_1648.BMP,ok,0.761326860841424,76.13268608414239,False,normal,96,103,7528,9888,A-/cluster_1_1648.BMP,A-
/Users/a75027/Desktop/compsci 760/datasets/A-/cluster_1_1650.BMP,ok,0.7456512944983819,74.56512944983818,False,normal,96,103,7373,9888,A-/cluster_1_1650.BMP,A-
/Users/a75027/Desktop/compsci 760/datasets/A-/cluster_1_1652.BMP,ok,0.6778923948220065,67.78923948220064,False,normal,96,103,6703,9888,A-/cluster_1_1652.BMP,A-
/Users/a75027/Desktop/compsci 760/datasets/A-/cluster_1_1663.BMP,ok,1.0,100.0,True,coverage_too_high,96,103,9888,9888,A-/cluster_1_1663.BMP,A-
/Users/a75027/Desktop/compsci 760/datasets/A-/cluster_1_1684.BMP,ok,0.8142192556634305,81.42192556634305,False,normal,96,103,8051,9888,A-/cluster_1_1684.BMP,A-
/Users/a75027/Desktop/compsci 760/datasets/A-/cluster_1_1692.BMP,ok,1.0,100.0,True,coverage_too_high,96,103,9888,9888,A-/cluster_1_1692.BMP,A-
/Users/a75027/Desktop/compsci 760/datasets/A-/cluster_1_1694.BMP,ok,0.7367516181229773,73.67516181229773,False,normal,96,103,7285,9888,A-/cluster_1_1694.BMP,A-
/Users/a75027/Desktop/compsci 760/datasets/A-/cluster_1_1697.BMP,ok,0.8333333333333334,83.33333333333334,False,normal,96,103,8240,9888,A-/cluster_1_1697.BMP,A-
/Users/a75027/Desktop/compsci 760/datasets/A-/cluster_1_17.BMP,ok,1.0,100.0,True,coverage_too_high,96,103,9888,9888,A-/cluster_1_17.BMP,A-
/Users/a75027/Desktop/compsci 760/datasets/A-/cluster_1_1709.BMP,ok,0.7614279935275081,76.14279935275081,False,normal,96,103,7529,9888,A-/cluster_1_1709.BMP,A-
/Users/a75027/Desktop/compsci 760/datasets/A-/cluster_1_171.BMP,ok,0.8678195792880259,86.78195792880258,False,normal,96,103,8581,9888,A-/cluster_1_171.BMP,A-
/Users/a75027/Desktop/compsci 760/datasets/A-/cluster_1_1717.BMP,ok,0.8315129449838188,83.15129449838187,False,normal,96,103,8222,9888,A-/cluster_1_1717.BMP,A-
/Users/a75027/Desktop/compsci 760/datasets/A-/cluster_1_1718.BMP,ok,0.8028923948220065,80.28923948220064,False,normal,96,103,7939,9888,A-/cluster_1_1718.BMP,A-
/Users/a75027/Desktop/compsci 760/datasets/A-/cluster_1_1719.BMP,ok,0.8080501618122977,80.80501618122977,False,normal,96,103,7990,9888,A-/cluster_1_1719.BMP,A-
/Users/a75027/Desktop/compsci 760/datasets/A-/cluster_1_172.BMP,ok,0.6891181229773463,68.91181229773463,False,normal,96,103,6814,9888,A-/cluster_1_172.BMP,A-
/Users/a75027/Desktop/compsci 760/datasets/A-/cluster_1_1721.BMP,ok,0.8084546925566343,80.84546925566343,False,normal,96,103,7994,9888,A-/cluster_1_1721.BMP,A-
/Users/a75027/Desktop/compsci 760/datasets/A-/cluster_1_1724.BMP,ok,0.7652710355987055,76.52710355987054,False,normal,96,103,7567,9888,A-/cluster_1_1724.BMP,A-
/Users/a75027/Desktop/compsci 760/datasets/A-/cluster_1_1738.BMP,ok,0.745044498381877,74.5044498381877,False,normal,96,103,7367,9888,A-/cluster_1_1738.BMP,A-
/Users/a75027/Desktop/compsci 760/datasets/A-/cluster_1_1744.BMP,ok,0.7621359223300971,76.2135922330097,False,normal,96,103,7536,9888,A-/cluster_1_1744.BMP,A-
/Users/a75027/Desktop/compsci 760/datasets/A-/cluster_1_1751.BMP,ok,0.6878033980582524,68.78033980582524,False,normal,96,103,6801,9888,A-/cluster_1_1751.BMP,A-
/Users/a75027/Desktop/compsci 760/datasets/A-/cluster_1_1752.BMP,ok,0.7590008090614887,75.90008090614887,False,normal,96,103,7505,9888,A-/cluster_1_1752.BMP,A-
/Users/a75027/Desktop/compsci 760/datasets/A-/cluster_1_176.BMP,ok,0.8145226537216829,81.45226537216828,False,normal,96,103,8054,9888,A-/cluster_1_176.BMP,A-
/Users/a75027/Desktop/compsci 760/datasets/A-/cluster_1_178.BMP,ok,0.8668082524271845,86.68082524271846,False,normal,96,103,8571,9888,A-/cluster_1_178.BMP,A-
/Users/a75027/Desktop/compsci 760/datasets/A-/cluster_1_1789.BMP,ok,0.8414239482200647,84.14239482200647,False,normal,96,103,8320,9888,A-/cluster_1_1789.BMP,A-
/Users/a75027/Desktop/compsci 760/datasets/A-/cluster_1_1791.BMP,ok,0.7421816257762678,74.21816257762679,False,normal,241,298,53302,71818,A-/cluster_1_1791.BMP,A-
/Users/a75027/Desktop/compsci 760/datasets/A-/cluster_1_1804.BMP,ok,0.8317152103559871,83.1715210355987,False,normal,96,103,8224,9888,A-/cluster_1_1804.BMP,A-
/Users/a75027/Desktop/compsci 760/datasets/A-/cluster_1_1806.BMP,ok,0.8528519417475728,85.28519417475728,False,normal,96,103,8433,9888,A-/cluster_1_1806.BMP,A-
/Users/a75027/Desktop/compsci 760/datasets/A-/cluster_1_1807.BMP,ok,0.7735639158576052,77.35639158576052,False,normal,96,103,7649,9888,A-/cluster_1_1807.BMP,A-
/Users/a75027/Desktop/compsci 760/datasets/A-/cluster_1_1813.BMP,ok,0.8182645631067961,81.8264563106796,False,normal,96,103,8091,9888,A-/cluster_1_1813.BMP,A-
/Users/a75027/Desktop/compsci 760/datasets/A-/cluster_1_1814.BMP,ok,0.8068365695792881,80.6836569579288,False,normal,96,103,7978,9888,A-/cluster_1_1814.BMP,A-
/Users/a75027/Desktop/compsci 760/datasets/A-/cluster_1_1817.BMP,ok,0.7112661812297735,71.12661812297735,False,normal,96,103,7033,9888,A-/cluster_1_1817.BMP,A-
/Users/a75027/Desktop/compsci 760/datasets/A-/cluster_1_1818.BMP,ok,0.8216019417475728,82.16019417475728,False,normal,96,103,8124,9888,A-/cluster_1_1818.BMP,A-
/Users/a75027/Desktop/compsci 760/datasets/A-/cluster_1_1826.BMP,ok,1.0,100.0,True,coverage_too_high,96,103,9888,9888,A-/cluster_1_1826.BMP,A-
/Users/a75027/Desktop/compsci 760/datasets/A-/cluster_1_1827.BMP,ok,0.8013754045307443,80.13754045307444,False,normal,96,103,7924,9888,A-/cluster_1_1827.BMP,A-
/Users/a75027/Desktop/compsci 760/datasets/A-/cluster_1_1838.BMP,ok,0.8994741100323624,89.94741100323624,False,normal,96,103,8894,9888,A-/cluster_1_1838.BMP,A-
/Users/a75027/Desktop/compsci 760/datasets/A-/cluster_1_1839.BMP,ok,0.6533171521035599,65.331715210356,False,normal,96,103,6460,9888,A-/cluster_1_1839.BMP,A-
/Users/a75027/Desktop/compsci 760/datasets/A-/cluster_1_1853.BMP,ok,0.7913632686084142,79.13632686084142,False,normal,96,103,7825,9888,A-/cluster_1_1853.BMP,A-
/Users/a75027/Desktop/compsci 760/datasets/A-/cluster_1_1863.BMP,ok,0.80542071197411,80.542071197411,False,normal,96,103,7964,9888,A-/cluster_1_1863.BMP,A-
/Users/a75027/Desktop/compsci 760/datasets/A-/cluster_1_1875.BMP,ok,0.7750809061488673,77.50809061488673,False,normal,96,103,7664,9888,A-/cluster_1_1875.BMP,A-
/Users/a75027/Desktop/compsci 760/datasets/A-/cluster_1_1885.BMP,ok,0.7548543689320388,75.48543689320388,False,normal,96,103,7464,9888,A-/cluster_1_1885.BMP,A-
/Users/a75027/Desktop/compsci 760/datasets/A-/cluster_1_1891.BMP,ok,0.8219053398058253,82.19053398058253,False,normal,96,103,8127,9888,A-/cluster_1_1891.BMP,A-
/Users/a75027/Desktop/compsci 760/datasets/A-/cluster_1_1892.BMP,ok,0.7867111650485437,78.67111650485437,False,normal,96,103,7779,9888,A-/cluster_1_1892.BMP,A-
/Users/a75027/Desktop/compsci 760/datasets/A-/cluster_1_1893.BMP,ok,0.8029935275080906,80.29935275080906,False,normal,96,103,7940,9888,A-/cluster_1_1893.BMP,A-
/Users/a75027/Desktop/compsci 760/datasets/A-/cluster_1_1897.BMP,ok,0.8079490291262136,80.79490291262135,False,normal,96,103,7989,9888,A-/cluster_1_1897.BMP,A-
/Users/a75027/Desktop/compsci 760/datasets/A-/cluster_1_1905.BMP,ok,0.7835760517799353,78.35760517799353,False,normal,96,103,7748,9888,A-/cluster_1_1905.BMP,A-
/Users/a75027/Desktop/compsci 760/datasets/A-/cluster_1_1909.BMP,ok,0.8168487055016181,81.68487055016182,False,normal,96,103,8077,9888,A-/cluster_1_1909.BMP,A-
/Users/a75027/Desktop/compsci 760/datasets/A-/cluster_1_1924.BMP,ok,0.7703276699029126,77.03276699029125,False,normal,96,103,7617,9888,A-/cluster_1_1924.BMP,A-
/Users/a75027/Desktop/compsci 760/datasets/A-/cluster_1_1925.BMP,ok,0.8929004854368932,89.29004854368931,False,normal,96,103,8829,9888,A-/cluster_1_1925.BMP,A-
/Users/a75027/Desktop/compsci 760/datasets/A-/cluster_1_1926.BMP,ok,1.0,100.0,True,coverage_too_high,96,103,9888,9888,A-/cluster_1_1926.BMP,A-
/Users/a75027/Desktop/compsci 760/datasets/A-/cluster_1_1930.BMP,ok,0.8271642394822006,82.71642394822007,False,normal,96,103,8179,9888,A-/cluster_1_1930.BMP,A-
/Users/a75027/Desktop/compsci 760/datasets/A-/cluster_1_1934.BMP,ok,0.8327265372168284,83.27265372168284,False,normal,96,103,8234,9888,A-/cluster_1_1934.BMP,A-
/Users/a75027/Desktop/compsci 760/datasets/A-/cluster_1_1938.BMP,ok,0.7426173139158576,74.26173139158576,False,normal,96,103,7343,9888,A-/cluster_1_1938.BMP,A-
/Users/a75027/Desktop/compsci 760/datasets/A-/cluster_1_1939.BMP,ok,0.7051982200647249,70.51982200647248,False,normal,96,103,6973,9888,A-/cluster_1_1939.BMP,A-
/Users/a75027/Desktop/compsci 760/datasets/A-/cluster_1_1943.BMP,ok,0.8445590614886731,84.45590614886731,False,normal,96,103,8351,9888,A-/cluster_1_1943.BMP,A-
/Users/a75027/Desktop/compsci 760/datasets/A-/cluster_1_1953.BMP,ok,0.7543487055016181,75.43487055016182,False,normal,96,103,7459,9888,A-/cluster_1_1953.BMP,A-
/Users/a75027/Desktop/compsci 760/datasets/A-/cluster_1_1954.BMP,ok,0.7022653721682848,70.22653721682848,False,normal,96,103,6944,9888,A-/cluster_1_1954.BMP,A-
/Users/a75027/Desktop/compsci 760/datasets/A-/cluster_1_1965.BMP,ok,0.8918891585760518,89.18891585760518,False,normal,96,103,8819,9888,A-/cluster_1_1965.BMP,A-
/Users/a75027/Desktop/compsci 760/datasets/A-/cluster_1_1969.BMP,ok,0.759203074433657,75.9203074433657,False,normal,96,103,7507,9888,A-/cluster_1_1969.BMP,A-
/Users/a75027/Desktop/compsci 760/datasets/A-/cluster_1_1971.BMP,ok,0.8485032362459547,84.85032362459548,False,normal,96,103,8390,9888,A-/cluster_1_1971.BMP,A-
/Users/a75027/Desktop/compsci 760/datasets/A-/cluster_1_1973.BMP,ok,0.7728559870550162,77.28559870550163,False,normal,96,103,7642,9888,A-/cluster_1_1973.BMP,A-
/Users/a75027/Desktop/compsci 760/datasets/A-/cluster_1_1989.BMP,ok,0.8629652103559871,86.2965210355987,False,normal,96,103,8533,9888,A-/cluster_1_1989.BMP,A-
/Users/a75027/Desktop/compsci 760/datasets/A-/cluster_1_1997.BMP,ok,0.8031957928802589,80.31957928802589,False,normal,96,103,7942,9888,A-/cluster_1_1997.BMP,A-
/Users/a75027/Desktop/compsci 760/datasets/A-/cluster_1_1998.BMP,ok,0.8457726537216829,84.57726537216828,False,normal,96,103,8363,9888,A-/cluster_1_1998.BMP,A-
/Users/a75027/Desktop/compsci 760/datasets/A-/cluster_1_200.BMP,ok,0.8310072815533981,83.10072815533981,False,normal,96,103,8217,9888,A-/cluster_1_200.BMP,A-
/Users/a75027/Desktop/compsci 760/datasets/A-/cluster_1_2000.BMP,ok,0.7802386731391586,78.02386731391586,False,normal,96,103,7715,9888,A-/cluster_1_2000.BMP,A-
/Users/a75027/Desktop/compsci 760/datasets/A-/cluster_1_2002.BMP,ok,0.6279328478964401,62.79328478964401,False,normal,96,103,6209,9888,A-/cluster_1_2002.BMP,A-
/Users/a75027/Desktop/compsci 760/datasets/A-/cluster_1_2011.BMP,ok,1.0,100.0,True,coverage_too_high,96,103,9888,9888,A-/cluster_1_2011.BMP,A-
/Users/a75027/Desktop/compsci 760/datasets/A-/cluster_1_2013.BMP,ok,0.7266383495145631,72.66383495145631,False,normal,96,103,7185,9888,A-/cluster_1_2013.BMP,A-
/Users/a75027/Desktop/compsci 760/datasets/A-/cluster_1_2017.BMP,ok,0.7766990291262136,77.66990291262135,False,normal,96,103,7680,9888,A-/cluster_1_2017.BMP,A-
/Users/a75027/Desktop/compsci 760/datasets/A-/cluster_1_202.BMP,ok,0.7874190938511327,78.74190938511327,False,normal,96,103,7786,9888,A-/cluster_1_202.BMP,A-
/Users/a75027/Desktop/compsci 760/datasets/A-/cluster_1_2028.BMP,ok,0.7110639158576052,71.10639158576052,False,normal,96,103,7031,9888,A-/cluster_1_2028.BMP,A-
/Users/a75027/Desktop/compsci 760/datasets/A-/cluster_1_2030.BMP,ok,0.6979166666666666,69.79166666666666,False,normal,96,103,6901,9888,A-/cluster_1_2030.BMP,A-
/Users/a75027/Desktop/compsci 760/datasets/A-/cluster_1_2032.BMP,ok,0.8170509708737864,81.70509708737865,False,normal,96,103,8079,9888,A-/cluster_1_2032.BMP,A-
/Users/a75027/Desktop/compsci 760/datasets/A-/cluster_1_2037.BMP,ok,0.7693163430420712,76.93163430420712,False,normal,96,103,7607,9888,A-/cluster_1_2037.BMP,A-
/Users/a75027/Desktop/compsci 760/datasets/A-/cluster_1_2039.BMP,ok,0.852953074433657,85.2953074433657,False,normal,96,103,8434,9888,A-/cluster_1_2039.BMP,A-
/Users/a75027/Desktop/compsci 760/datasets/A-/cluster_1_204.BMP,ok,0.7781148867313916,77.81148867313917,False,normal,96,103,7694,9888,A-/cluster_1_204.BMP,A-
/Users/a75027/Desktop/compsci 760/datasets/A-/cluster_1_2043.BMP,ok,0.7424150485436893,74.24150485436894,False,normal,96,103,7341,9888,A-/cluster_1_2043.BMP,A-
/Users/a75027/Desktop/compsci 760/datasets/A-/cluster_1_2045.BMP,ok,0.7118729773462783,71.18729773462783,False,normal,96,103,7039,9888,A-/cluster_1_2045.BMP,A-
/Users/a75027/Desktop/compsci 760/datasets/A-/cluster_1_2046.BMP,ok,0.8000606796116505,80.00606796116504,False,normal,96,103,7911,9888,A-/cluster_1_2046.BMP,A-
/Users/a75027/Desktop/compsci 760/datasets/A-/cluster_1_2049.BMP,ok,0.7162216828478964,71.62216828478964,False,normal,96,103,7082,9888,A-/cluster_1_2049.BMP,A-
/Users/a75027/Desktop/compsci 760/datasets/A-/cluster_1_2057.BMP,ok,0.8394012944983819,83.94012944983818,False,normal,96,103,8300,9888,A-/cluster_1_2057.BMP,A-
/Users/a75027/Desktop/compsci 760/datasets/A-/cluster_1_2063.BMP,ok,0.7761933656957929,77.61933656957929,False,normal,96,103,7675,9888,A-/cluster_1_2063.BMP,A-
/Users/a75027/Desktop/compsci 760/datasets/A-/cluster_1_2068.BMP,ok,0.8001618122977346,80.01618122977347,False,normal,96,103,7912,9888,A-/cluster_1_2068.BMP,A-
/Users/a75027/Desktop/compsci 760/datasets/A-/cluster_1_2073.BMP,ok,0.7650687702265372,76.50687702265373,False,normal,96,103,7565,9888,A-/cluster_1_2073.BMP,A-
/Users/a75027/Desktop/compsci 760/datasets/A-/cluster_1_2077.BMP,ok,0.7866100323624595,78.66100323624595,False,normal,96,103,7778,9888,A-/cluster_1_2077.BMP,A-
/Users/a75027/Desktop/compsci 760/datasets/A-/cluster_1_2079.BMP,ok,0.7434263754045307,74.34263754045307,False,normal,96,103,7351,9888,A-/cluster_1_2079.BMP,A-
/Users/a75027/Desktop/compsci 760/datasets/A-/cluster_1_2084.BMP,ok,0.7408980582524272,74.08980582524272,False,normal,96,103,7326,9888,A-/cluster_1_2084.BMP,A-
/Users/a75027/Desktop/compsci 760/datasets/A-/cluster_1_2089.BMP,ok,0.7910598705501618,79.10598705501619,False,normal,96,103,7822,9888,A-/cluster_1_2089.BMP,A-
/Users/a75027/Desktop/compsci 760/datasets/A-/cluster_1_2093.BMP,ok,0.7717435275080906,77.17435275080906,False,normal,96,103,7631,9888,A-/cluster_1_2093.BMP,A-
/Users/a75027/Desktop/compsci 760/datasets/A-/cluster_1_2095.BMP,ok,0.8785396440129449,87.85396440129449,False,normal,96,103,8687,9888,A-/cluster_1_2095.BMP,A-
/Users/a75027/Desktop/compsci 760/datasets/A-/cluster_1_2098.BMP,ok,0.842334142394822,84.2334142394822,False,normal,96,103,8329,9888,A-/cluster_1_2098.BMP,A-
/Users/a75027/Desktop/compsci 760/datasets/A-/cluster_1_2099.BMP,ok,0.8089603559870551,80.89603559870551,False,normal,96,103,7999,9888,A-/cluster_1_2099.BMP,A-
/Users/a75027/Desktop/compsci 760/datasets/A-/cluster_1_2102.BMP,ok,0.84375,84.375,False,normal,96,103,8343,9888,A-/cluster_1_2102.BMP,A-
/Users/a75027/Desktop/compsci 760/datasets/A-/cluster_1_2103.BMP,ok,0.8027912621359223,80.27912621359224,False,normal,96,103,7938,9888,A-/cluster_1_2103.BMP,A-
/Users/a75027/Desktop/compsci 760/datasets/A-/cluster_1_2106.BMP,ok,0.8797532362459547,87.97532362459548,False,normal,96,103,8699,9888,A-/cluster_1_2106.BMP,A-
/Users/a75027/Desktop/compsci 760/datasets/A-/cluster_1_2107.BMP,ok,0.7676982200647249,76.76982200647248,False,normal,96,103,7591,9888,A-/cluster_1_2107.BMP,A-
/Users/a75027/Desktop/compsci 760/datasets/A-/cluster_1_2109.BMP,ok,0.7614279935275081,76.14279935275081,False,normal,96,103,7529,9888,A-/cluster_1_2109.BMP,A-
/Users/a75027/Desktop/compsci 760/datasets/A-/cluster_1_2110.BMP,ok,0.7541464401294499,75.41464401294499,False,normal,96,103,7457,9888,A-/cluster_1_2110.BMP,A-
/Users/a75027/Desktop/compsci 760/datasets/A-/cluster_1_2111.BMP,ok,0.7579894822006472,75.79894822006472,False,normal,96,103,7495,9888,A-/cluster_1_2111.BMP,A-
/Users/a75027/Desktop/compsci 760/datasets/A-/cluster_1_2124.BMP,ok,0.7461569579288025,74.61569579288026,False,normal,96,103,7378,9888,A-/cluster_1_2124.BMP,A-
/Users/a75027/Desktop/compsci 760/datasets/A-/cluster_1_2143.BMP,ok,0.7710355987055016,77.10355987055017,False,normal,96,103,7624,9888,A-/cluster_1_2143.BMP,A-
/Users/a75027/Desktop/compsci 760/datasets/A-/cluster_1_2145.BMP,ok,0.781957928802589,78.19579288025889,False,normal,96,103,7732,9888,A-/cluster_1_2145.BMP,A-
/Users/a75027/Desktop/compsci 760/datasets/A-/cluster_1_2147.BMP,ok,0.7548543689320388,75.48543689320388,False,normal,96,103,7464,9888,A-/cluster_1_2147.BMP,A-
/Users/a75027/Desktop/compsci 760/datasets/A-/cluster_1_2148.BMP,ok,0.784081715210356,78.4081715210356,False,normal,96,103,7753,9888,A-/cluster_1_2148.BMP,A-
/Users/a75027/Desktop/compsci 760/datasets/A-/cluster_1_2152.BMP,ok,0.708029935275081,70.8029935275081,False,normal,96,103,7001,9888,A-/cluster_1_2152.BMP,A-
/Users/a75027/Desktop/compsci 760/datasets/A-/cluster_1_2171.BMP,ok,0.8125,81.25,False,normal,96,103,8034,9888,A-/cluster_1_2171.BMP,A-
/Users/a75027/Desktop/compsci 760/datasets/A-/cluster_1_2176.BMP,ok,0.8446601941747572,84.46601941747572,False,normal,96,103,8352,9888,A-/cluster_1_2176.BMP,A-
/Users/a75027/Desktop/compsci 760/datasets/A-/cluster_1_2180.BMP,ok,0.8956310679611651,89.56310679611651,False,normal,96,103,8856,9888,A-/cluster_1_2180.BMP,A-
/Users/a75027/Desktop/compsci 760/datasets/A-/cluster_1_2184.BMP,ok,0.723705501618123,72.3705501618123,False,normal,96,103,7156,9888,A-/cluster_1_2184.BMP,A-
/Users/a75027/Desktop/compsci 760/datasets/A-/cluster_1_2188.BMP,ok,0.8731796116504854,87.31796116504854,False,normal,96,103,8634,9888,A-/cluster_1_2188.BMP,A-
/Users/a75027/Desktop/compsci 760/datasets/A-/cluster_1_2191.BMP,ok,0.7219862459546925,72.19862459546925,False,normal,96,103,7139,9888,A-/cluster_1_2191.BMP,A-
/Users/a75027/Desktop/compsci 760/datasets/A-/cluster_1_2192.BMP,ok,1.0,100.0,True,coverage_too_high,96,103,9888,9888,A-/cluster_1_2192.BMP,A-
/Users/a75027/Desktop/compsci 760/datasets/A-/cluster_1_2194.BMP,ok,0.7619336569579288,76.19336569579288,False,normal,96,103,7534,9888,A-/cluster_1_2194.BMP,A-
/Users/a75027/Desktop/compsci 760/datasets/A-/cluster_1_2199.BMP,ok,0.7774069579288025,77.74069579288026,False,normal,96,103,7687,9888,A-/cluster_1_2199.BMP,A-
/Users/a75027/Desktop/compsci 760/datasets/A-/cluster_1_22.BMP,ok,0.500707928802589,50.0707928802589,False,normal,96,103,4951,9888,A-/cluster_1_22.BMP,A-
/Users/a75027/Desktop/compsci 760/datasets/A-/cluster_1_221.BMP,ok,0.840918284789644,84.0918284789644,False,normal,96,103,8315,9888,A-/cluster_1_221.BMP,A-
/Users/a75027/Desktop/compsci 760/datasets/A-/cluster_1_2214.BMP,ok,0.8268608414239482,82.68608414239482,False,normal,96,103,8176,9888,A-/cluster_1_2214.BMP,A-
/Users/a75027/Desktop/compsci 760/datasets/A-/cluster_1_2218.BMP,ok,0.8532564724919094,85.32564724919094,False,normal,96,103,8437,9888,A-/cluster_1_2218.BMP,A-
/Users/a75027/Desktop/compsci 760/datasets/A-/cluster_1_2222.BMP,ok,1.0,100.0,True,coverage_too_high,96,103,9888,9888,A-/cluster_1_2222.BMP,A-
/Users/a75027/Desktop/compsci 760/datasets/A-/cluster_1_2223.BMP,ok,0.8399069579288025,83.99069579288026,False,normal,96,103,8305,9888,A-/cluster_1_2223.BMP,A-
/Users/a75027/Desktop/compsci 760/datasets/A-/cluster_1_2227.BMP,ok,0.7555622977346278,75.55622977346277,False,normal,96,103,7471,9888,A-/cluster_1_2227.BMP,A-
/Users/a75027/Desktop/compsci 760/datasets/A-/cluster_1_2230.BMP,ok,0.8380865695792881,83.8086569579288,False,normal,96,103,8287,9888,A-/cluster_1_2230.BMP,A-
/Users/a75027/Desktop/compsci 760/datasets/A-/cluster_1_2242.BMP,ok,0.8845064724919094,88.45064724919094,False,normal,96,103,8746,9888,A-/cluster_1_2242.BMP,A-
/Users/a75027/Desktop/compsci 760/datasets/A-/cluster_1_2253.BMP,ok,0.8056229773462783,80.56229773462783,False,normal,96,103,7966,9888,A-/cluster_1_2253.BMP,A-
/Users/a75027/Desktop/compsci 760/datasets/A-/cluster_1_2258.BMP,ok,0.6805218446601942,68.05218446601941,False,normal,96,103,6729,9888,A-/cluster_1_2258.BMP,A-
/Users/a75027/Desktop/compsci 760/datasets/A-/cluster_1_2261.BMP,ok,0.8473907766990292,84.73907766990291,False,normal,96,103,8379,9888,A-/cluster_1_2261.BMP,A-
/Users/a75027/Desktop/compsci 760/datasets/A-/cluster_1_2263.BMP,ok,0.873584142394822,87.3584142394822,False,normal,96,103,8638,9888,A-/cluster_1_2263.BMP,A-
/Users/a75027/Desktop/compsci 760/datasets/A-/cluster_1_2267.BMP,ok,0.7668891585760518,76.68891585760518,False,normal,96,103,7583,9888,A-/cluster_1_2267.BMP,A-
/Users/a75027/Desktop/compsci 760/datasets/A-/cluster_1_2279.BMP,ok,0.8284789644012945,82.84789644012946,False,normal,96,103,8192,9888,A-/cluster_1_2279.BMP,A-
/Users/a75027/Desktop/compsci 760/datasets/A-/cluster_1_2284.BMP,ok,0.7980380258899676,79.80380258899676,False,normal,96,103,7891,9888,A-/cluster_1_2284.BMP,A-
/Users/a75027/Desktop/compsci 760/datasets/A-/cluster_1_2287.BMP,ok,0.7933859223300971,79.3385922330097,False,normal,96,103,7845,9888,A-/cluster_1_2287.BMP,A-
/Users/a75027/Desktop/compsci 760/datasets/A-/cluster_1_2294.BMP,ok,0.8275687702265372,82.75687702265373,False,normal,96,103,8183,9888,A-/cluster_1_2294.BMP,A-
/Users/a75027/Desktop/compsci 760/datasets/A-/cluster_1_2303.BMP,ok,0.7377629449838188,73.77629449838187,False,normal,96,103,7295,9888,A-/cluster_1_2303.BMP,A-
/Users/a75027/Desktop/compsci 760/datasets/A-/cluster_1_2313.BMP,ok,0.7984425566343042,79.84425566343042,False,normal,96,103,7895,9888,A-/cluster_1_2313.BMP,A-
/Users/a75027/Desktop/compsci 760/datasets/A-/cluster_1_2315.BMP,ok,0.7832726537216829,78.32726537216828,False,normal,96,103,7745,9888,A-/cluster_1_2315.BMP,A-
/Users/a75027/Desktop/compsci 760/datasets/A-/cluster_1_2318.BMP,ok,0.7372572815533981,73.72572815533981,False,normal,96,103,7290,9888,A-/cluster_1_2318.BMP,A-
/Users/a75027/Desktop/compsci 760/datasets/A-/cluster_1_2324.BMP,ok,0.8895631067961165,88.95631067961165,False,normal,96,103,8796,9888,A-/cluster_1_2324.BMP,A-
/Users/a75027/Desktop/compsci 760/datasets/A-/cluster_1_2326.BMP,ok,0.7476739482200647,74.76739482200647,False,normal,96,103,7393,9888,A-/cluster_1_2326.BMP,A-
/Users/a75027/Desktop/compsci 760/datasets/A-/cluster_1_2328.BMP,ok,0.7731593851132686,77.31593851132686,False,normal,96,103,7645,9888,A-/cluster_1_2328.BMP,A-
/Users/a75027/Desktop/compsci 760/datasets/A-/cluster_1_2334.BMP,ok,0.8304004854368932,83.04004854368931,False,normal,96,103,8211,9888,A-/cluster_1_2334.BMP,A-
/Users/a75027/Desktop/compsci 760/datasets/A-/cluster_1_2339.BMP,ok,0.6623179611650486,66.23179611650485,False,normal,96,103,6549,9888,A-/cluster_1_2339.BMP,A-
/Users/a75027/Desktop/compsci 760/datasets/A-/cluster_1_2341.BMP,ok,0.8777305825242718,87.77305825242718,False,normal,96,103,8679,9888,A-/cluster_1_2341.BMP,A-
/Users/a75027/Desktop/compsci 760/datasets/A-/cluster_1_2350.BMP,ok,1.0,100.0,True,coverage_too_high,96,103,9888,9888,A-/cluster_1_2350.BMP,A-
/Users/a75027/Desktop/compsci 760/datasets/A-/cluster_1_2356.BMP,ok,0.7981391585760518,79.81391585760518,False,normal,96,103,7892,9888,A-/cluster_1_2356.BMP,A-
/Users/a75027/Desktop/compsci 760/datasets/A-/cluster_1_2357.BMP,ok,0.8859223300970874,88.59223300970875,False,normal,96,103,8760,9888,A-/cluster_1_2357.BMP,A-
/Users/a75027/Desktop/compsci 760/datasets/A-/cluster_1_237.BMP,ok,0.8053195792880259,80.53195792880258,False,normal,96,103,7963,9888,A-/cluster_1_237.BMP,A-
/Users/a75027/Desktop/compsci 760/datasets/A-/cluster_1_2370.BMP,ok,0.7483818770226537,74.83818770226537,False,normal,96,103,7400,9888,A-/cluster_1_2370.BMP,A-
/Users/a75027/Desktop/compsci 760/datasets/A-/cluster_1_2371.BMP,ok,0.845873786407767,84.5873786407767,False,normal,96,103,8364,9888,A-/cluster_1_2371.BMP,A-
/Users/a75027/Desktop/compsci 760/datasets/A-/cluster_1_2376.BMP,ok,0.8210962783171522,82.10962783171522,False,normal,96,103,8119,9888,A-/cluster_1_2376.BMP,A-
/Users/a75027/Desktop/compsci 760/datasets/A-/cluster_1_2378.BMP,ok,0.8830906148867314,88.30906148867314,False,normal,96,103,8732,9888,A-/cluster_1_2378.BMP,A-
/Users/a75027/Desktop/compsci 760/datasets/A-/cluster_1_2380.BMP,ok,0.7795307443365695,77.95307443365695,False,normal,96,103,7708,9888,A-/cluster_1_2380.BMP,A-
/Users/a75027/Desktop/compsci 760/datasets/A-/cluster_1_2386.BMP,ok,1.0,100.0,True,coverage_too_high,96,103,9888,9888,A-/cluster_1_2386.BMP,A-
/Users/a75027/Desktop/compsci 760/datasets/A-/cluster_1_2396.BMP,ok,0.8972491909385113,89.72491909385113,False,normal,96,103,8872,9888,A-/cluster_1_2396.BMP,A-
/Users/a75027/Desktop/compsci 760/datasets/A-/cluster_1_2400.BMP,ok,0.7632483818770227,76.32483818770227,False,normal,96,103,7547,9888,A-/cluster_1_2400.BMP,A-
/Users/a75027/Desktop/compsci 760/datasets/A-/cluster_1_2401.BMP,ok,0.8413228155339806,84.13228155339806,False,normal,96,103,8319,9888,A-/cluster_1_2401.BMP,A-
/Users/a75027/Desktop/compsci 760/datasets/A-/cluster_1_2403.BMP,ok,0.8412216828478964,84.12216828478964,False,normal,96,103,8318,9888,A-/cluster_1_2403.BMP,A-
/Users/a75027/Desktop/compsci 760/datasets/A-/cluster_1_2405.BMP,ok,0.7813511326860841,78.13511326860841,False,normal,96,103,7726,9888,A-/cluster_1_2405.BMP,A-
/Users/a75027/Desktop/compsci 760/datasets/A-/cluster_1_2422.BMP,ok,0.8537621359223301,85.37621359223301,False,normal,96,103,8442,9888,A-/cluster_1_2422.BMP,A-
/Users/a75027/Desktop/compsci 760/datasets/A-/cluster_1_2439.BMP,ok,0.7172330097087378,71.72330097087378,False,normal,96,103,7092,9888,A-/cluster_1_2439.BMP,A-
/Users/a75027/Desktop/compsci 760/datasets/A-/cluster_1_2441.BMP,ok,0.8772249190938511,87.72249190938511,False,normal,96,103,8674,9888,A-/cluster_1_2441.BMP,A-
/Users/a75027/Desktop/compsci 760/datasets/A-/cluster_1_2454.BMP,ok,0.778418284789644,77.8418284789644,False,normal,96,103,7697,9888,A-/cluster_1_2454.BMP,A-
/Users/a75027/Desktop/compsci 760/datasets/A-/cluster_1_246.BMP,ok,0.8424352750809061,84.24352750809061,False,normal,96,103,8330,9888,A-/cluster_1_246.BMP,A-
/Users/a75027/Desktop/compsci 760/datasets/A-/cluster_1_2479.BMP,ok,0.8005663430420712,80.05663430420712,False,normal,96,103,7916,9888,A-/cluster_1_2479.BMP,A-
/Users/a75027/Desktop/compsci 760/datasets/A-/cluster_1_2480.BMP,ok,0.7391788025889967,73.91788025889967,False,normal,96,103,7309,9888,A-/cluster_1_2480.BMP,A-
/Users/a75027/Desktop/compsci 760/datasets/A-/cluster_1_2483.BMP,ok,0.7740695792880259,77.40695792880258,False,normal,96,103,7654,9888,A-/cluster_1_2483.BMP,A-
/Users/a75027/Desktop/compsci 760/datasets/A-/cluster_1_2486.BMP,ok,0.8730784789644013,87.30784789644012,False,normal,96,103,8633,9888,A-/cluster_1_2486.BMP,A-
/Users/a75027/Desktop/compsci 760/datasets/A-/cluster_1_2489.BMP,ok,0.8226132686084142,82.26132686084142,False,normal,96,103,8134,9888,A-/cluster_1_2489.BMP,A-
/Users/a75027/Desktop/compsci 760/datasets/A-/cluster_1_2490.BMP,ok,0.681128640776699,68.1128640776699,False,normal,96,103,6735,9888,A-/cluster_1_2490.BMP,A-
/Users/a75027/Desktop/compsci 760/datasets/A-/cluster_1_2491.BMP,ok,0.8030946601941747,80.30946601941747,False,normal,96,103,7941,9888,A-/cluster_1_2491.BMP,A-
/Users/a75027/Desktop/compsci 760/datasets/A-/cluster_1_2493.BMP,ok,0.7227953074433657,72.27953074433657,False,normal,96,103,7147,9888,A-/cluster_1_2493.BMP,A-
/Users/a75027/Desktop/compsci 760/datasets/A-/cluster_1_2495.BMP,ok,0.7621359223300971,76.2135922330097,False,normal,96,103,7536,9888,A-/cluster_1_2495.BMP,A-
/Users/a75027/Desktop/compsci 760/datasets/A-/cluster_1_2497.BMP,ok,0.7590008090614887,75.90008090614887,False,normal,96,103,7505,9888,A-/cluster_1_2497.BMP,A-
/Users/a75027/Desktop/compsci 760/datasets/A-/cluster_1_2506.BMP,ok,0.7757888349514563,77.57888349514563,False,normal,96,103,7671,9888,A-/cluster_1_2506.BMP,A-
/Users/a75027/Desktop/compsci 760/datasets/A-/cluster_1_2508.BMP,ok,0.7866100323624595,78.66100323624595,False,normal,96,103,7778,9888,A-/cluster_1_2508.BMP,A-
/Users/a75027/Desktop/compsci 760/datasets/A-/cluster_1_2518.BMP,ok,0.686792071197411,68.67920711974111,False,normal,96,103,6791,9888,A-/cluster_1_2518.BMP,A-
/Users/a75027/Desktop/compsci 760/datasets/A-/cluster_1_2523.BMP,ok,0.7345266990291263,73.45266990291263,False,normal,96,103,7263,9888,A-/cluster_1_2523.BMP,A-
/Users/a75027/Desktop/compsci 760/datasets/A-/cluster_1_2531.BMP,ok,0.7878236245954693,78.78236245954693,False,normal,96,103,7790,9888,A-/cluster_1_2531.BMP,A-
/Users/a75027/Desktop/compsci 760/datasets/A-/cluster_1_2534.BMP,ok,0.8549757281553398,85.49757281553399,False,normal,96,103,8454,9888,A-/cluster_1_2534.BMP,A-
/Users/a75027/Desktop/compsci 760/datasets/A-/cluster_1_2538.BMP,ok,0.7494943365695793,74.94943365695794,False,normal,96,103,7411,9888,A-/cluster_1_2538.BMP,A-
/Users/a75027/Desktop/compsci 760/datasets/A-/cluster_1_2554.BMP,ok,0.7788228155339806,77.88228155339806,False,normal,96,103,7701,9888,A-/cluster_1_2554.BMP,A-
/Users/a75027/Desktop/compsci 760/datasets/A-/cluster_1_2557.BMP,ok,0.7893406148867314,78.93406148867314,False,normal,96,103,7805,9888,A-/cluster_1_2557.BMP,A-
/Users/a75027/Desktop/compsci 760/datasets/A-/cluster_1_2565.BMP,ok,0.8533576051779935,85.33576051779936,False,normal,96,103,8438,9888,A-/cluster_1_2565.BMP,A-
/Users/a75027/Desktop/compsci 760/datasets/A-/cluster_1_2573.BMP,ok,0.6730380258899676,67.30380258899676,False,normal,96,103,6655,9888,A-/cluster_1_2573.BMP,A-
/Users/a75027/Desktop/compsci 760/datasets/A-/cluster_1_2575.BMP,ok,0.8706512944983819,87.06512944983818,False,normal,96,103,8609,9888,A-/cluster_1_2575.BMP,A-
/Users/a75027/Desktop/compsci 760/datasets/A-/cluster_1_2592.BMP,ok,0.8523462783171522,85.23462783171522,False,normal,96,103,8428,9888,A-/cluster_1_2592.BMP,A-
/Users/a75027/Desktop/compsci 760/datasets/A-/cluster_1_2593.BMP,ok,0.7860032362459547,78.60032362459548,False,normal,96,103,7772,9888,A-/cluster_1_2593.BMP,A-
/Users/a75027/Desktop/compsci 760/datasets/A-/cluster_1_2604.BMP,ok,0.8328276699029126,83.28276699029125,False,normal,96,103,8235,9888,A-/cluster_1_2604.BMP,A-
/Users/a75027/Desktop/compsci 760/datasets/A-/cluster_1_2612.BMP,ok,0.8310072815533981,83.10072815533981,False,normal,96,103,8217,9888,A-/cluster_1_2612.BMP,A-
/Users/a75027/Desktop/compsci 760/datasets/A-/cluster_1_2613.BMP,ok,0.7585962783171522,75.85962783171522,False,normal,96,103,7501,9888,A-/cluster_1_2613.BMP,A-
/Users/a75027/Desktop/compsci 760/datasets/A-/cluster_1_2615.BMP,ok,0.5122370550161812,51.22370550161812,False,normal,96,103,5065,9888,A-/cluster_1_2615.BMP,A-
/Users/a75027/Desktop/compsci 760/datasets/A-/cluster_1_2627.BMP,ok,0.7766990291262136,77.66990291262135,False,normal,96,103,7680,9888,A-/cluster_1_2627.BMP,A-
/Users/a75027/Desktop/compsci 760/datasets/A-/cluster_1_2638.BMP,ok,0.7650687702265372,76.50687702265373,False,normal,96,103,7565,9888,A-/cluster_1_2638.BMP,A-
/Users/a75027/Desktop/compsci 760/datasets/A-/cluster_1_2647.BMP,ok,0.772754854368932,77.2754854368932,False,normal,96,103,7641,9888,A-/cluster_1_2647.BMP,A-
/Users/a75027/Desktop/compsci 760/datasets/A-/cluster_1_2650.BMP,ok,0.8297936893203883,82.97936893203884,False,normal,96,103,8205,9888,A-/cluster_1_2650.BMP,A-
/Users/a75027/Desktop/compsci 760/datasets/A-/cluster_1_2654.BMP,ok,0.7532362459546925,75.32362459546925,False,normal,96,103,7448,9888,A-/cluster_1_2654.BMP,A-
/Users/a75027/Desktop/compsci 760/datasets/A-/cluster_1_2661.BMP,ok,0.6977144012944984,69.77144012944983,False,normal,96,103,6899,9888,A-/cluster_1_2661.BMP,A-
/Users/a75027/Desktop/compsci 760/datasets/A-/cluster_1_2663.BMP,ok,0.7673948220064725,76.73948220064725,False,normal,96,103,7588,9888,A-/cluster_1_2663.BMP,A-
/Users/a75027/Desktop/compsci 760/datasets/A-/cluster_1_2681.BMP,ok,0.7111650485436893,71.11650485436894,False,normal,96,103,7032,9888,A-/cluster_1_2681.BMP,A-
/Users/a75027/Desktop/compsci 760/datasets/A-/cluster_1_2694.BMP,ok,0.8650889967637541,86.5088996763754,False,normal,96,103,8554,9888,A-/cluster_1_2694.BMP,A-
/Users/a75027/Desktop/compsci 760/datasets/A-/cluster_1_270.BMP,ok,0.8929004854368932,89.29004854368931,False,normal,96,103,8829,9888,A-/cluster_1_270.BMP,A-
/Users/a75027/Desktop/compsci 760/datasets/A-/cluster_1_2707.BMP,ok,0.6400687702265372,64.00687702265373,False,normal,96,103,6329,9888,A-/cluster_1_2707.BMP,A-
/Users/a75027/Desktop/compsci 760/datasets/A-/cluster_1_2718.BMP,ok,0.811084142394822,81.1084142394822,False,normal,96,103,8020,9888,A-/cluster_1_2718.BMP,A-
/Users/a75027/Desktop/compsci 760/datasets/A-/cluster_1_2741.BMP,ok,1.0,100.0,True,coverage_too_high,96,103,9888,9888,A-/cluster_1_2741.BMP,A-
/Users/a75027/Desktop/compsci 760/datasets/A-/cluster_1_2745.BMP,ok,0.7648665048543689,76.4866504854369,False,normal,96,103,7563,9888,A-/cluster_1_2745.BMP,A-
/Users/a75027/Desktop/compsci 760/datasets/A-/cluster_1_2746.BMP,ok,0.8085558252427184,80.85558252427184,False,normal,96,103,7995,9888,A-/cluster_1_2746.BMP,A-
/Users/a75027/Desktop/compsci 760/datasets/A-/cluster_1_2747.BMP,ok,1.0,100.0,True,coverage_too_high,96,103,9888,9888,A-/cluster_1_2747.BMP,A-
/Users/a75027/Desktop/compsci 760/datasets/A-/cluster_1_2752.BMP,ok,0.8104773462783171,81.04773462783172,False,normal,96,103,8014,9888,A-/cluster_1_2752.BMP,A-
/Users/a75027/Desktop/compsci 760/datasets/A-/cluster_1_2754.BMP,ok,0.7447411003236246,74.47411003236246,False,normal,96,103,7364,9888,A-/cluster_1_2754.BMP,A-
/Users/a75027/Desktop/compsci 760/datasets/A-/cluster_1_2757.BMP,ok,0.8403114886731392,84.03114886731392,False,normal,96,103,8309,9888,A-/cluster_1_2757.BMP,A-
/Users/a75027/Desktop/compsci 760/datasets/A-/cluster_1_2768.BMP,ok,0.7864077669902912,78.64077669902912,False,normal,96,103,7776,9888,A-/cluster_1_2768.BMP,A-
/Users/a75027/Desktop/compsci 760/datasets/A-/cluster_1_2776.BMP,ok,0.7433252427184466,74.33252427184466,False,normal,96,103,7350,9888,A-/cluster_1_2776.BMP,A-
/Users/a75027/Desktop/compsci 760/datasets/A-/cluster_1_278.BMP,ok,0.7958131067961165,79.58131067961165,False,normal,96,103,7869,9888,A-/cluster_1_278.BMP,A-
/Users/a75027/Desktop/compsci 760/datasets/A-/cluster_1_2781.BMP,ok,0.7848907766990292,78.48907766990291,False,normal,96,103,7761,9888,A-/cluster_1_2781.BMP,A-
/Users/a75027/Desktop/compsci 760/datasets/A-/cluster_1_2785.BMP,ok,0.7325040453074434,73.25040453074433,False,normal,96,103,7243,9888,A-/cluster_1_2785.BMP,A-
/Users/a75027/Desktop/compsci 760/datasets/A-/cluster_1_2788.BMP,ok,0.7658778317152104,76.58778317152104,False,normal,96,103,7573,9888,A-/cluster_1_2788.BMP,A-
/Users/a75027/Desktop/compsci 760/datasets/A-/cluster_1_2790.BMP,ok,0.804004854368932,80.4004854368932,False,normal,96,103,7950,9888,A-/cluster_1_2790.BMP,A-
/Users/a75027/Desktop/compsci 760/datasets/A-/cluster_1_2794.BMP,ok,0.7536407766990292,75.36407766990291,False,normal,96,103,7452,9888,A-/cluster_1_2794.BMP,A-
/Users/a75027/Desktop/compsci 760/datasets/A-/cluster_1_2797.BMP,ok,0.7672936893203883,76.72936893203884,False,normal,96,103,7587,9888,A-/cluster_1_2797.BMP,A-
/Users/a75027/Desktop/compsci 760/datasets/A-/cluster_1_2799.BMP,ok,0.7755865695792881,77.5586569579288,False,normal,96,103,7669,9888,A-/cluster_1_2799.BMP,A-
/Users/a75027/Desktop/compsci 760/datasets/A-/cluster_1_2807.BMP,ok,0.6032564724919094,60.325647249190936,False,normal,96,103,5965,9888,A-/cluster_1_2807.BMP,A-
/Users/a75027/Desktop/compsci 760/datasets/A-/cluster_1_2815.BMP,ok,0.8843042071197411,88.43042071197411,False,normal,96,103,8744,9888,A-/cluster_1_2815.BMP,A-
/Users/a75027/Desktop/compsci 760/datasets/A-/cluster_1_2820.BMP,ok,0.7343244336569579,73.43244336569579,False,normal,96,103,7261,9888,A-/cluster_1_2820.BMP,A-
/Users/a75027/Desktop/compsci 760/datasets/A-/cluster_1_2826.BMP,ok,0.870044498381877,87.0044498381877,False,normal,96,103,8603,9888,A-/cluster_1_2826.BMP,A-
/Users/a75027/Desktop/compsci 760/datasets/A-/cluster_1_2834.BMP,ok,0.8447613268608414,84.47613268608414,False,normal,96,103,8353,9888,A-/cluster_1_2834.BMP,A-
/Users/a75027/Desktop/compsci 760/datasets/A-/cluster_1_2836.BMP,ok,0.7461569579288025,74.61569579288026,False,normal,96,103,7378,9888,A-/cluster_1_2836.BMP,A-
/Users/a75027/Desktop/compsci 760/datasets/A-/cluster_1_2840.BMP,ok,0.6718244336569579,67.18244336569579,False,normal,96,103,6643,9888,A-/cluster_1_2840.BMP,A-
/Users/a75027/Desktop/compsci 760/datasets/A-/cluster_1_2841.BMP,ok,0.7985436893203883,79.85436893203884,False,normal,96,103,7896,9888,A-/cluster_1_2841.BMP,A-
/Users/a75027/Desktop/compsci 760/datasets/A-/cluster_1_2843.BMP,ok,0.8548745954692557,85.48745954692556,False,normal,96,103,8453,9888,A-/cluster_1_2843.BMP,A-
/Users/a75027/Desktop/compsci 760/datasets/A-/cluster_1_2848.BMP,ok,0.7326051779935275,73.26051779935275,False,normal,96,103,7244,9888,A-/cluster_1_2848.BMP,A-
/Users/a75027/Desktop/compsci 760/datasets/A-/cluster_1_2853.BMP,ok,0.8140169902912622,81.40169902912622,False,normal,96,103,8049,9888,A-/cluster_1_2853.BMP,A-
/Users/a75027/Desktop/compsci 760/datasets/A-/cluster_1_2867.BMP,ok,0.740796925566343,74.0796925566343,False,normal,96,103,7325,9888,A-/cluster_1_2867.BMP,A-
/Users/a75027/Desktop/compsci 760/datasets/A-/cluster_1_2868.BMP,ok,0.8845064724919094,88.45064724919094,False,normal,96,103,8746,9888,A-/cluster_1_2868.BMP,A-
/Users/a75027/Desktop/compsci 760/datasets/A-/cluster_1_2875.BMP,ok,0.7845873786407767,78.45873786407766,False,normal,96,103,7758,9888,A-/cluster_1_2875.BMP,A-
/Users/a75027/Desktop/compsci 760/datasets/A-/cluster_1_2877.BMP,ok,0.78125,78.125,False,normal,96,103,7725,9888,A-/cluster_1_2877.BMP,A-
/Users/a75027/Desktop/compsci 760/datasets/A-/cluster_1_2879.BMP,ok,0.8319174757281553,83.19174757281553,False,normal,96,103,8226,9888,A-/cluster_1_2879.BMP,A-
/Users/a75027/Desktop/compsci 760/datasets/A-/cluster_1_288.BMP,ok,0.7772046925566343,77.72046925566343,False,normal,96,103,7685,9888,A-/cluster_1_288.BMP,A-
/Users/a75027/Desktop/compsci 760/datasets/A-/cluster_1_2883.BMP,ok,0.8322208737864077,83.22208737864078,False,normal,96,103,8229,9888,A-/cluster_1_2883.BMP,A-
/Users/a75027/Desktop/compsci 760/datasets/A-/cluster_1_2885.BMP,ok,0.8047127831715211,80.47127831715211,False,normal,96,103,7957,9888,A-/cluster_1_2885.BMP,A-
/Users/a75027/Desktop/compsci 760/datasets/A-/cluster_1_2888.BMP,ok,0.7399878640776699,73.99878640776699,False,normal,96,103,7317,9888,A-/cluster_1_2888.BMP,A-
/Users/a75027/Desktop/compsci 760/datasets/A-/cluster_1_289.BMP,ok,0.8862257281553398,88.62257281553399,False,normal,96,103,8763,9888,A-/cluster_1_289.BMP,A-
/Users/a75027/Desktop/compsci 760/datasets/A-/cluster_1_2912.BMP,ok,0.7150080906148867,71.50080906148867,False,normal,96,103,7070,9888,A-/cluster_1_2912.BMP,A-
/Users/a75027/Desktop/compsci 760/datasets/A-/cluster_1_2915.BMP,ok,0.783373786407767,78.3373786407767,False,normal,96,103,7746,9888,A-/cluster_1_2915.BMP,A-
/Users/a75027/Desktop/compsci 760/datasets/A-/cluster_1_2933.BMP,ok,0.8069377022653722,80.69377022653723,False,normal,96,103,7979,9888,A-/cluster_1_2933.BMP,A-
/Users/a75027/Desktop/compsci 760/datasets/A-/cluster_1_2938.BMP,ok,0.8942152103559871,89.4215210355987,False,normal,96,103,8842,9888,A-/cluster_1_2938.BMP,A-
/Users/a75027/Desktop/compsci 760/datasets/A-/cluster_1_2944.BMP,ok,0.8396035598705501,83.96035598705501,False,normal,96,103,8302,9888,A-/cluster_1_2944.BMP,A-
/Users/a75027/Desktop/compsci 760/datasets/A-/cluster_1_2950.BMP,ok,0.7950040453074434,79.50040453074433,False,normal,96,103,7861,9888,A-/cluster_1_2950.BMP,A-
/Users/a75027/Desktop/compsci 760/datasets/A-/cluster_1_2955.BMP,ok,0.8234223300970874,82.34223300970875,False,normal,96,103,8142,9888,A-/cluster_1_2955.BMP,A-
/Users/a75027/Desktop/compsci 760/datasets/A-/cluster_1_2966.BMP,ok,0.8779328478964401,87.793284789644,False,normal,96,103,8681,9888,A-/cluster_1_2966.BMP,A-
/Users/a75027/Desktop/compsci 760/datasets/A-/cluster_1_2971.BMP,ok,0.8959344660194175,89.59344660194175,False,normal,96,103,8859,9888,A-/cluster_1_2971.BMP,A-
/Users/a75027/Desktop/compsci 760/datasets/A-/cluster_1_2972.BMP,ok,0.7906553398058253,79.06553398058253,False,normal,96,103,7818,9888,A-/cluster_1_2972.BMP,A-
/Users/a75027/Desktop/compsci 760/datasets/A-/cluster_1_2977.BMP,ok,1.0,100.0,True,coverage_too_high,96,103,9888,9888,A-/cluster_1_2977.BMP,A-
/Users/a75027/Desktop/compsci 760/datasets/A-/cluster_1_2980.BMP,ok,0.7995550161812298,79.95550161812298,False,normal,96,103,7906,9888,A-/cluster_1_2980.BMP,A-
/Users/a75027/Desktop/compsci 760/datasets/A-/cluster_1_2996.BMP,ok,0.7913632686084142,79.13632686084142,False,normal,96,103,7825,9888,A-/cluster_1_2996.BMP,A-
/Users/a75027/Desktop/compsci 760/datasets/A-/cluster_1_3002.BMP,ok,0.7978357605177994,79.78357605177993,False,normal,96,103,7889,9888,A-/cluster_1_3002.BMP,A-
/Users/a75027/Desktop/compsci 760/datasets/A-/cluster_1_3029.BMP,ok,0.8013754045307443,80.13754045307444,False,normal,96,103,7924,9888,A-/cluster_1_3029.BMP,A-
/Users/a75027/Desktop/compsci 760/datasets/A-/cluster_1_3039.BMP,ok,0.7832726537216829,78.32726537216828,False,normal,96,103,7745,9888,A-/cluster_1_3039.BMP,A-
/Users/a75027/Desktop/compsci 760/datasets/A-/cluster_1_3042.BMP,ok,0.8932038834951457,89.32038834951457,False,normal,96,103,8832,9888,A-/cluster_1_3042.BMP,A-
/Users/a75027/Desktop/compsci 760/datasets/A-/cluster_1_3043.BMP,ok,0.7548543689320388,75.48543689320388,False,normal,96,103,7464,9888,A-/cluster_1_3043.BMP,A-
/Users/a75027/Desktop/compsci 760/datasets/A-/cluster_1_3047.BMP,ok,0.8155339805825242,81.55339805825243,False,normal,96,103,8064,9888,A-/cluster_1_3047.BMP,A-
/Users/a75027/Desktop/compsci 760/datasets/A-/cluster_1_3052.BMP,ok,0.7075242718446602,70.75242718446601,False,normal,96,103,6996,9888,A-/cluster_1_3052.BMP,A-
/Users/a75027/Desktop/compsci 760/datasets/A-/cluster_1_3058.BMP,ok,0.6743527508090615,67.43527508090615,False,normal,96,103,6668,9888,A-/cluster_1_3058.BMP,A-
/Users/a75027/Desktop/compsci 760/datasets/A-/cluster_1_3059.BMP,ok,0.6167071197411004,61.670711974110034,False,normal,96,103,6098,9888,A-/cluster_1_3059.BMP,A-
/Users/a75027/Desktop/compsci 760/datasets/A-/cluster_1_3060.BMP,ok,0.72582928802589,72.582928802589,False,normal,96,103,7177,9888,A-/cluster_1_3060.BMP,A-
/Users/a75027/Desktop/compsci 760/datasets/A-/cluster_1_3062.BMP,ok,0.8555825242718447,85.55825242718447,False,normal,96,103,8460,9888,A-/cluster_1_3062.BMP,A-
/Users/a75027/Desktop/compsci 760/datasets/A-/cluster_1_3066.BMP,ok,0.6646440129449838,66.46440129449837,False,normal,96,103,6572,9888,A-/cluster_1_3066.BMP,A-
/Users/a75027/Desktop/compsci 760/datasets/A-/cluster_1_3069.BMP,ok,0.7781148867313916,77.81148867313917,False,normal,96,103,7694,9888,A-/cluster_1_3069.BMP,A-
/Users/a75027/Desktop/compsci 760/datasets/A-/cluster_1_307.BMP,ok,1.0,100.0,True,coverage_too_high,96,103,9888,9888,A-/cluster_1_307.BMP,A-
/Users/a75027/Desktop/compsci 760/datasets/A-/cluster_1_3073.BMP,ok,0.7924757281553398,79.24757281553399,False,normal,96,103,7836,9888,A-/cluster_1_3073.BMP,A-
/Users/a75027/Desktop/compsci 760/datasets/A-/cluster_1_3075.BMP,ok,1.0,100.0,True,coverage_too_high,96,103,9888,9888,A-/cluster_1_3075.BMP,A-
/Users/a75027/Desktop/compsci 760/datasets/A-/cluster_1_308.BMP,ok,0.8000606796116505,80.00606796116504,False,normal,96,103,7911,9888,A-/cluster_1_308.BMP,A-
/Users/a75027/Desktop/compsci 760/datasets/A-/cluster_1_3083.BMP,ok,0.7781148867313916,77.81148867313917,False,normal,96,103,7694,9888,A-/cluster_1_3083.BMP,A-
/Users/a75027/Desktop/compsci 760/datasets/A-/cluster_1_3087.BMP,ok,0.8248381877022654,82.48381877022653,False,normal,96,103,8156,9888,A-/cluster_1_3087.BMP,A-
/Users/a75027/Desktop/compsci 760/datasets/A-/cluster_1_3088.BMP,ok,0.8106796116504854,81.06796116504854,False,normal,96,103,8016,9888,A-/cluster_1_3088.BMP,A-
/Users/a75027/Desktop/compsci 760/datasets/A-/cluster_1_3094.BMP,ok,0.7355380258899676,73.55380258899676,False,normal,96,103,7273,9888,A-/cluster_1_3094.BMP,A-
/Users/a75027/Desktop/compsci 760/datasets/A-/cluster_1_3095.BMP,ok,0.7512135922330098,75.12135922330097,False,normal,96,103,7428,9888,A-/cluster_1_3095.BMP,A-
/Users/a75027/Desktop/compsci 760/datasets/A-/cluster_1_310.BMP,ok,0.7433252427184466,74.33252427184466,False,normal,96,103,7350,9888,A-/cluster_1_310.BMP,A-
/Users/a75027/Desktop/compsci 760/datasets/A-/cluster_1_3105.BMP,ok,0.8713592233009708,87.13592233009709,False,normal,96,103,8616,9888,A-/cluster_1_3105.BMP,A-
/Users/a75027/Desktop/compsci 760/datasets/A-/cluster_1_3110.BMP,ok,0.8523462783171522,85.23462783171522,False,normal,96,103,8428,9888,A-/cluster_1_3110.BMP,A-
/Users/a75027/Desktop/compsci 760/datasets/A-/cluster_1_3116.BMP,ok,0.8019822006472492,80.19822006472492,False,normal,96,103,7930,9888,A-/cluster_1_3116.BMP,A-
/Users/a75027/Desktop/compsci 760/datasets/A-/cluster_1_3131.BMP,ok,0.85082928802589,85.082928802589,False,normal,96,103,8413,9888,A-/cluster_1_3131.BMP,A-
/Users/a75027/Desktop/compsci 760/datasets/A-/cluster_1_3141.BMP,ok,1.0,100.0,True,coverage_too_high,96,103,9888,9888,A-/cluster_1_3141.BMP,A-
/Users/a75027/Desktop/compsci 760/datasets/A-/cluster_1_3144.BMP,ok,0.8248381877022654,82.48381877022653,False,normal,96,103,8156,9888,A-/cluster_1_3144.BMP,A-
/Users/a75027/Desktop/compsci 760/datasets/A-/cluster_1_3148.BMP,ok,0.8426375404530745,84.26375404530745,False,normal,96,103,8332,9888,A-/cluster_1_3148.BMP,A-
/Users/a75027/Desktop/compsci 760/datasets/A-/cluster_1_3149.BMP,ok,0.8381877022653722,83.81877022653723,False,normal,96,103,8288,9888,A-/cluster_1_3149.BMP,A-
/Users/a75027/Desktop/compsci 760/datasets/A-/cluster_1_3159.BMP,ok,1.0,100.0,True,coverage_too_high,96,103,9888,9888,A-/cluster_1_3159.BMP,A-
/Users/a75027/Desktop/compsci 760/datasets/A-/cluster_1_3160.BMP,ok,0.7302791262135923,73.02791262135922,False,normal,96,103,7221,9888,A-/cluster_1_3160.BMP,A-
/Users/a75027/Desktop/compsci 760/datasets/A-/cluster_1_3164.BMP,ok,0.7357402912621359,73.57402912621359,False,normal,96,103,7275,9888,A-/cluster_1_3164.BMP,A-
/Users/a75027/Desktop/compsci 760/datasets/A-/cluster_1_3165.BMP,ok,0.7377629449838188,73.77629449838187,False,normal,96,103,7295,9888,A-/cluster_1_3165.BMP,A-
/Users/a75027/Desktop/compsci 760/datasets/A-/cluster_1_3169.BMP,ok,0.5971885113268608,59.718851132686076,False,normal,96,103,5905,9888,A-/cluster_1_3169.BMP,A-
/Users/a75027/Desktop/compsci 760/datasets/A-/cluster_1_3172.BMP,ok,0.8516383495145631,85.16383495145631,False,normal,96,103,8421,9888,A-/cluster_1_3172.BMP,A-
/Users/a75027/Desktop/compsci 760/datasets/A-/cluster_1_3194.BMP,ok,0.8131067961165048,81.31067961165049,False,normal,96,103,8040,9888,A-/cluster_1_3194.BMP,A-
/Users/a75027/Desktop/compsci 760/datasets/A-/cluster_1_3205.BMP,ok,0.8832928802588996,88.32928802588997,False,normal,96,103,8734,9888,A-/cluster_1_3205.BMP,A-
/Users/a75027/Desktop/compsci 760/datasets/A-/cluster_1_3212.BMP,ok,0.8632686084142395,86.32686084142395,False,normal,96,103,8536,9888,A-/cluster_1_3212.BMP,A-
/Users/a75027/Desktop/compsci 760/datasets/A-/cluster_1_3213.BMP,ok,0.8264563106796117,82.64563106796116,False,normal,96,103,8172,9888,A-/cluster_1_3213.BMP,A-
/Users/a75027/Desktop/compsci 760/datasets/A-/cluster_1_3226.BMP,ok,0.7750809061488673,77.50809061488673,False,normal,96,103,7664,9888,A-/cluster_1_3226.BMP,A-
/Users/a75027/Desktop/compsci 760/datasets/A-/cluster_1_3227.BMP,ok,0.8802588996763754,88.02588996763754,False,normal,96,103,8704,9888,A-/cluster_1_3227.BMP,A-
/Users/a75027/Desktop/compsci 760/datasets/A-/cluster_1_3230.BMP,ok,0.7986448220064725,79.86448220064725,False,normal,96,103,7897,9888,A-/cluster_1_3230.BMP,A-
/Users/a75027/Desktop/compsci 760/datasets/A-/cluster_1_324.BMP,ok,1.0,100.0,True,coverage_too_high,96,103,9888,9888,A-/cluster_1_324.BMP,A-
/Users/a75027/Desktop/compsci 760/datasets/A-/cluster_1_3242.BMP,ok,0.7844862459546925,78.44862459546925,False,normal,96,103,7757,9888,A-/cluster_1_3242.BMP,A-
/Users/a75027/Desktop/compsci 760/datasets/A-/cluster_1_3260.BMP,ok,0.8070388349514563,80.70388349514563,False,normal,96,103,7980,9888,A-/cluster_1_3260.BMP,A-
/Users/a75027/Desktop/compsci 760/datasets/A-/cluster_1_327.BMP,ok,0.7809466019417476,78.09466019417476,False,normal,96,103,7722,9888,A-/cluster_1_327.BMP,A-
/Users/a75027/Desktop/compsci 760/datasets/A-/cluster_1_3272.BMP,ok,0.8477953074433657,84.77953074433657,False,normal,96,103,8383,9888,A-/cluster_1_3272.BMP,A-
/Users/a75027/Desktop/compsci 760/datasets/A-/cluster_1_3278.BMP,ok,1.0,100.0,True,coverage_too_high,96,103,9888,9888,A-/cluster_1_3278.BMP,A-
/Users/a75027/Desktop/compsci 760/datasets/A-/cluster_1_3286.BMP,ok,0.897754854368932,89.7754854368932,False,normal,96,103,8877,9888,A-/cluster_1_3286.BMP,A-
/Users/a75027/Desktop/compsci 760/datasets/A-/cluster_1_3290.BMP,ok,0.8502224919093851,85.02224919093851,False,normal,96,103,8407,9888,A-/cluster_1_3290.BMP,A-
/Users/a75027/Desktop/compsci 760/datasets/A-/cluster_1_3301.BMP,ok,0.8616504854368932,86.16504854368931,False,normal,96,103,8520,9888,A-/cluster_1_3301.BMP,A-
/Users/a75027/Desktop/compsci 760/datasets/A-/cluster_1_331.BMP,ok,0.8150283171521036,81.50283171521036,False,normal,96,103,8059,9888,A-/cluster_1_331.BMP,A-
/Users/a75027/Desktop/compsci 760/datasets/A-/cluster_1_3311.BMP,ok,0.8310072815533981,83.10072815533981,False,normal,96,103,8217,9888,A-/cluster_1_3311.BMP,A-
/Users/a75027/Desktop/compsci 760/datasets/A-/cluster_1_3314.BMP,ok,0.8577063106796117,85.77063106796116,False,normal,96,103,8481,9888,A-/cluster_1_3314.BMP,A-
/Users/a75027/Desktop/compsci 760/datasets/A-/cluster_1_3316.BMP,ok,0.804004854368932,80.4004854368932,False,normal,96,103,7950,9888,A-/cluster_1_3316.BMP,A-
/Users/a75027/Desktop/compsci 760/datasets/A-/cluster_1_3317.BMP,ok,0.7711367313915858,77.11367313915858,False,normal,96,103,7625,9888,A-/cluster_1_3317.BMP,A-
/Users/a75027/Desktop/compsci 760/datasets/A-/cluster_1_3319.BMP,ok,0.8118932038834952,81.18932038834951,False,normal,96,103,8028,9888,A-/cluster_1_3319.BMP,A-
/Users/a75027/Desktop/compsci 760/datasets/A-/cluster_1_3326.BMP,ok,1.0,100.0,True,coverage_too_high,96,103,9888,9888,A-/cluster_1_3326.BMP,A-
/Users/a75027/Desktop/compsci 760/datasets/A-/cluster_1_3329.BMP,ok,0.7611245954692557,76.11245954692556,False,normal,96,103,7526,9888,A-/cluster_1_3329.BMP,A-
/Users/a75027/Desktop/compsci 760/datasets/A-/cluster_1_3350.BMP,ok,0.7863066343042071,78.63066343042071,False,normal,96,103,7775,9888,A-/cluster_1_3350.BMP,A-
/Users/a75027/Desktop/compsci 760/datasets/A-/cluster_1_3353.BMP,ok,0.8990695792880259,89.90695792880258,False,normal,96,103,8890,9888,A-/cluster_1_3353.BMP,A-
/Users/a75027/Desktop/compsci 760/datasets/A-/cluster_1_3356.BMP,ok,0.8439522653721683,84.39522653721683,False,normal,96,103,8345,9888,A-/cluster_1_3356.BMP,A-
/Users/a75027/Desktop/compsci 760/datasets/A-/cluster_1_3372.BMP,ok,0.8785396440129449,87.85396440129449,False,normal,96,103,8687,9888,A-/cluster_1_3372.BMP,A-
/Users/a75027/Desktop/compsci 760/datasets/A-/cluster_1_3381.BMP,ok,0.8810679611650486,88.10679611650485,False,normal,96,103,8712,9888,A-/cluster_1_3381.BMP,A-
/Users/a75027/Desktop/compsci 760/datasets/A-/cluster_1_3394.BMP,ok,0.7900485436893204,79.00485436893204,False,normal,96,103,7812,9888,A-/cluster_1_3394.BMP,A-
/Users/a75027/Desktop/compsci 760/datasets/A-/cluster_1_3404.BMP,ok,0.7419093851132686,74.19093851132686,False,normal,96,103,7336,9888,A-/cluster_1_3404.BMP,A-
/Users/a75027/Desktop/compsci 760/datasets/A-/cluster_1_3409.BMP,ok,0.7338187702265372,73.38187702265373,False,normal,96,103,7256,9888,A-/cluster_1_3409.BMP,A-
/Users/a75027/Desktop/compsci 760/datasets/A-/cluster_1_3414.BMP,ok,0.8108818770226537,81.08818770226537,False,normal,96,103,8018,9888,A-/cluster_1_3414.BMP,A-
/Users/a75027/Desktop/compsci 760/datasets/A-/cluster_1_3416.BMP,ok,0.8243325242718447,82.43325242718447,False,normal,96,103,8151,9888,A-/cluster_1_3416.BMP,A-
/Users/a75027/Desktop/compsci 760/datasets/A-/cluster_1_3421.BMP,ok,0.6333940129449838,63.33940129449837,False,normal,96,103,6263,9888,A-/cluster_1_3421.BMP,A-
/Users/a75027/Desktop/compsci 760/datasets/A-/cluster_1_3423.BMP,ok,0.8408171521035599,84.081715210356,False,normal,96,103,8314,9888,A-/cluster_1_3423.BMP,A-
/Users/a75027/Desktop/compsci 760/datasets/A-/cluster_1_3424.BMP,ok,0.7725525889967637,77.25525889967638,False,normal,96,103,7639,9888,A-/cluster_1_3424.BMP,A-
/Users/a75027/Desktop/compsci 760/datasets/A-/cluster_1_3435.BMP,ok,0.8094660194174758,80.94660194174757,False,normal,96,103,8004,9888,A-/cluster_1_3435.BMP,A-
/Users/a75027/Desktop/compsci 760/datasets/A-/cluster_1_3438.BMP,ok,0.7847896440129449,78.47896440129449,False,normal,96,103,7760,9888,A-/cluster_1_3438.BMP,A-
/Users/a75027/Desktop/compsci 760/datasets/A-/cluster_1_3444.BMP,ok,0.8053195792880259,80.53195792880258,False,normal,96,103,7963,9888,A-/cluster_1_3444.BMP,A-
/Users/a75027/Desktop/compsci 760/datasets/A-/cluster_1_3451.BMP,ok,0.791970064724919,79.1970064724919,False,normal,96,103,7831,9888,A-/cluster_1_3451.BMP,A-
/Users/a75027/Desktop/compsci 760/datasets/A-/cluster_1_3453.BMP,ok,0.809668284789644,80.9668284789644,False,normal,96,103,8006,9888,A-/cluster_1_3453.BMP,A-
/Users/a75027/Desktop/compsci 760/datasets/A-/cluster_1_3457.BMP,ok,0.85790857605178,85.79085760517799,False,normal,96,103,8483,9888,A-/cluster_1_3457.BMP,A-
/Users/a75027/Desktop/compsci 760/datasets/A-/cluster_1_3467.BMP,ok,0.6765776699029126,67.65776699029125,False,normal,96,103,6690,9888,A-/cluster_1_3467.BMP,A-
/Users/a75027/Desktop/compsci 760/datasets/A-/cluster_1_3471.BMP,ok,0.8322208737864077,83.22208737864078,False,normal,96,103,8229,9888,A-/cluster_1_3471.BMP,A-
/Users/a75027/Desktop/compsci 760/datasets/A-/cluster_1_3473.BMP,ok,0.8466828478964401,84.668284789644,False,normal,96,103,8372,9888,A-/cluster_1_3473.BMP,A-
/Users/a75027/Desktop/compsci 760/datasets/A-/cluster_1_3474.BMP,ok,1.0,100.0,True,coverage_too_high,96,103,9888,9888,A-/cluster_1_3474.BMP,A-
/Users/a75027/Desktop/compsci 760/datasets/A-/cluster_1_3477.BMP,ok,0.8179611650485437,81.79611650485437,False,normal,96,103,8088,9888,A-/cluster_1_3477.BMP,A-
/Users/a75027/Desktop/compsci 760/datasets/A-/cluster_1_3478.BMP,ok,0.7781148867313916,77.81148867313917,False,normal,96,103,7694,9888,A-/cluster_1_3478.BMP,A-
/Users/a75027/Desktop/compsci 760/datasets/A-/cluster_1_3483.BMP,ok,0.7746763754045307,77.46763754045307,False,normal,96,103,7660,9888,A-/cluster_1_3483.BMP,A-
/Users/a75027/Desktop/compsci 760/datasets/A-/cluster_1_3499.BMP,ok,0.714502427184466,71.4502427184466,False,normal,96,103,7065,9888,A-/cluster_1_3499.BMP,A-
/Users/a75027/Desktop/compsci 760/datasets/A-/cluster_1_3501.BMP,ok,0.8765169902912622,87.65169902912622,False,normal,96,103,8667,9888,A-/cluster_1_3501.BMP,A-
/Users/a75027/Desktop/compsci 760/datasets/A-/cluster_1_3502.BMP,ok,0.8208940129449838,82.08940129449837,False,normal,96,103,8117,9888,A-/cluster_1_3502.BMP,A-
/Users/a75027/Desktop/compsci 760/datasets/A-/cluster_1_3506.BMP,ok,0.7792273462783171,77.92273462783172,False,normal,96,103,7705,9888,A-/cluster_1_3506.BMP,A-
/Users/a75027/Desktop/compsci 760/datasets/A-/cluster_1_3518.BMP,ok,0.872876213592233,87.2876213592233,False,normal,96,103,8631,9888,A-/cluster_1_3518.BMP,A-
/Users/a75027/Desktop/compsci 760/datasets/A-/cluster_1_3529.BMP,ok,0.7530339805825242,75.30339805825243,False,normal,96,103,7446,9888,A-/cluster_1_3529.BMP,A-
/Users/a75027/Desktop/compsci 760/datasets/A-/cluster_1_3530.BMP,ok,0.7627427184466019,76.27427184466019,False,normal,96,103,7542,9888,A-/cluster_1_3530.BMP,A-
/Users/a75027/Desktop/compsci 760/datasets/A-/cluster_1_3535.BMP,ok,1.0,100.0,True,coverage_too_high,96,103,9888,9888,A-/cluster_1_3535.BMP,A-
/Users/a75027/Desktop/compsci 760/datasets/A-/cluster_1_3547.BMP,ok,0.8784385113268608,87.84385113268608,False,normal,96,103,8686,9888,A-/cluster_1_3547.BMP,A-
/Users/a75027/Desktop/compsci 760/datasets/A-/cluster_1_3551.BMP,ok,0.8083535598705501,80.83535598705501,False,normal,96,103,7993,9888,A-/cluster_1_3551.BMP,A-
/Users/a75027/Desktop/compsci 760/datasets/A-/cluster_1_3553.BMP,ok,0.8319174757281553,83.19174757281553,False,normal,96,103,8226,9888,A-/cluster_1_3553.BMP,A-
/Users/a75027/Desktop/compsci 760/datasets/A-/cluster_1_3559.BMP,ok,0.8602346278317152,86.02346278317152,False,normal,96,103,8506,9888,A-/cluster_1_3559.BMP,A-
/Users/a75027/Desktop/compsci 760/datasets/A-/cluster_1_356.BMP,ok,0.8646844660194175,86.46844660194175,False,normal,96,103,8550,9888,A-/cluster_1_356.BMP,A-
/Users/a75027/Desktop/compsci 760/datasets/A-/cluster_1_3561.BMP,ok,1.0,100.0,True,coverage_too_high,96,103,9888,9888,A-/cluster_1_3561.BMP,A-
/Users/a75027/Desktop/compsci 760/datasets/A-/cluster_1_3572.BMP,ok,0.852245145631068,85.2245145631068,False,normal,96,103,8427,9888,A-/cluster_1_3572.BMP,A-
/Users/a75027/Desktop/compsci 760/datasets/A-/cluster_1_3582.BMP,ok,0.7656755663430421,76.56755663430421,False,normal,96,103,7571,9888,A-/cluster_1_3582.BMP,A-
/Users/a75027/Desktop/compsci 760/datasets/A-/cluster_1_3585.BMP,ok,0.7986448220064725,79.86448220064725,False,normal,96,103,7897,9888,A-/cluster_1_3585.BMP,A-
/Users/a75027/Desktop/compsci 760/datasets/A-/cluster_1_3586.BMP,ok,0.725121359223301,72.5121359223301,False,normal,96,103,7170,9888,A-/cluster_1_3586.BMP,A-
/Users/a75027/Desktop/compsci 760/datasets/A-/cluster_1_3587.BMP,ok,0.7465614886731392,74.65614886731392,False,normal,96,103,7382,9888,A-/cluster_1_3587.BMP,A-
/Users/a75027/Desktop/compsci 760/datasets/A-/cluster_1_3615.BMP,ok,0.89917071197411,89.917071197411,False,normal,96,103,8891,9888,A-/cluster_1_3615.BMP,A-
/Users/a75027/Desktop/compsci 760/datasets/A-/cluster_1_3619.BMP,ok,0.8548745954692557,85.48745954692556,False,normal,96,103,8453,9888,A-/cluster_1_3619.BMP,A-
/Users/a75027/Desktop/compsci 760/datasets/A-/cluster_1_3625.BMP,ok,0.7121763754045307,71.21763754045307,False,normal,96,103,7042,9888,A-/cluster_1_3625.BMP,A-
/Users/a75027/Desktop/compsci 760/datasets/A-/cluster_1_3633.BMP,ok,0.8493122977346278,84.93122977346277,False,normal,96,103,8398,9888,A-/cluster_1_3633.BMP,A-
/Users/a75027/Desktop/compsci 760/datasets/A-/cluster_1_364.BMP,ok,0.7525283171521036,75.25283171521036,False,normal,96,103,7441,9888,A-/cluster_1_364.BMP,A-
/Users/a75027/Desktop/compsci 760/datasets/A-/cluster_1_3643.BMP,ok,1.0,100.0,True,coverage_too_high,96,103,9888,9888,A-/cluster_1_3643.BMP,A-
/Users/a75027/Desktop/compsci 760/datasets/A-/cluster_1_3648.BMP,ok,0.7708333333333334,77.08333333333334,False,normal,96,103,7622,9888,A-/cluster_1_3648.BMP,A-
/Users/a75027/Desktop/compsci 760/datasets/A-/cluster_1_3656.BMP,ok,0.8165453074433657,81.65453074433657,False,normal,96,103,8074,9888,A-/cluster_1_3656.BMP,A-
/Users/a75027/Desktop/compsci 760/datasets/A-/cluster_1_3660.BMP,ok,0.8785396440129449,87.85396440129449,False,normal,96,103,8687,9888,A-/cluster_1_3660.BMP,A-
/Users/a75027/Desktop/compsci 760/datasets/A-/cluster_1_3661.BMP,ok,0.7827669902912622,78.27669902912622,False,normal,96,103,7740,9888,A-/cluster_1_3661.BMP,A-
/Users/a75027/Desktop/compsci 760/datasets/A-/cluster_1_3663.BMP,ok,0.7888349514563107,78.88349514563106,False,normal,96,103,7800,9888,A-/cluster_1_3663.BMP,A-
/Users/a75027/Desktop/compsci 760/datasets/A-/cluster_1_3674.BMP,ok,0.7825647249190939,78.25647249190939,False,normal,96,103,7738,9888,A-/cluster_1_3674.BMP,A-
/Users/a75027/Desktop/compsci 760/datasets/A-/cluster_1_3675.BMP,ok,0.7895428802588996,78.95428802588997,False,normal,96,103,7807,9888,A-/cluster_1_3675.BMP,A-
/Users/a75027/Desktop/compsci 760/datasets/A-/cluster_1_3679.BMP,ok,0.8623584142394822,86.23584142394822,False,normal,96,103,8527,9888,A-/cluster_1_3679.BMP,A-
/Users/a75027/Desktop/compsci 760/datasets/A-/cluster_1_3685.BMP,ok,0.8990695792880259,89.90695792880258,False,normal,96,103,8890,9888,A-/cluster_1_3685.BMP,A-
/Users/a75027/Desktop/compsci 760/datasets/A-/cluster_1_3687.BMP,ok,0.8013754045307443,80.13754045307444,False,normal,96,103,7924,9888,A-/cluster_1_3687.BMP,A-
/Users/a75027/Desktop/compsci 760/datasets/A-/cluster_1_369.BMP,ok,0.8250404530744336,82.50404530744336,False,normal,96,103,8158,9888,A-/cluster_1_369.BMP,A-
/Users/a75027/Desktop/compsci 760/datasets/A-/cluster_1_3690.BMP,ok,0.8827872168284789,88.27872168284789,False,normal,96,103,8729,9888,A-/cluster_1_3690.BMP,A-
/Users/a75027/Desktop/compsci 760/datasets/A-/cluster_1_3698.BMP,ok,0.7418082524271845,74.18082524271846,False,normal,96,103,7335,9888,A-/cluster_1_3698.BMP,A-
/Users/a75027/Desktop/compsci 760/datasets/A-/cluster_1_3702.BMP,ok,0.8359627831715211,83.59627831715211,False,normal,96,103,8266,9888,A-/cluster_1_3702.BMP,A-
/Users/a75027/Desktop/compsci 760/datasets/A-/cluster_1_3704.BMP,ok,0.7850930420711975,78.50930420711974,False,normal,96,103,7763,9888,A-/cluster_1_3704.BMP,A-
/Users/a75027/Desktop/compsci 760/datasets/A-/cluster_1_3712.BMP,ok,0.8441545307443366,84.41545307443366,False,normal,96,103,8347,9888,A-/cluster_1_3712.BMP,A-
/Users/a75027/Desktop/compsci 760/datasets/A-/cluster_1_3715.BMP,ok,0.7776092233009708,77.76092233009709,False,normal,96,103,7689,9888,A-/cluster_1_3715.BMP,A-
/Users/a75027/Desktop/compsci 760/datasets/A-/cluster_1_3723.BMP,ok,0.7324029126213593,73.24029126213593,False,normal,96,103,7242,9888,A-/cluster_1_3723.BMP,A-
/Users/a75027/Desktop/compsci 760/datasets/A-/cluster_1_3728.BMP,ok,0.8717637540453075,87.17637540453075,False,normal,96,103,8620,9888,A-/cluster_1_3728.BMP,A-
/Users/a75027/Desktop/compsci 760/datasets/A-/cluster_1_3729.BMP,ok,0.6752629449838188,67.52629449838187,False,normal,96,103,6677,9888,A-/cluster_1_3729.BMP,A-
/Users/a75027/Desktop/compsci 760/datasets/A-/cluster_1_3731.BMP,ok,1.0,100.0,True,coverage_too_high,96,103,9888,9888,A-/cluster_1_3731.BMP,A-
/Users/a75027/Desktop/compsci 760/datasets/A-/cluster_1_374.BMP,ok,1.0,100.0,True,coverage_too_high,96,103,9888,9888,A-/cluster_1_374.BMP,A-
/Users/a75027/Desktop/compsci 760/datasets/A-/cluster_1_3746.BMP,ok,0.7780137540453075,77.80137540453075,False,normal,96,103,7693,9888,A-/cluster_1_3746.BMP,A-
/Users/a75027/Desktop/compsci 760/datasets/A-/cluster_1_3749.BMP,ok,0.8171521035598706,81.71521035598705,False,normal,96,103,8080,9888,A-/cluster_1_3749.BMP,A-
/Users/a75027/Desktop/compsci 760/datasets/A-/cluster_1_3752.BMP,ok,0.8418284789644013,84.18284789644012,False,normal,96,103,8324,9888,A-/cluster_1_3752.BMP,A-
/Users/a75027/Desktop/compsci 760/datasets/A-/cluster_1_3764.BMP,ok,0.8538632686084142,85.38632686084142,False,normal,96,103,8443,9888,A-/cluster_1_3764.BMP,A-
/Users/a75027/Desktop/compsci 760/datasets/A-/cluster_1_3767.BMP,ok,0.7518203883495146,75.18203883495146,False,normal,96,103,7434,9888,A-/cluster_1_3767.BMP,A-
/Users/a75027/Desktop/compsci 760/datasets/A-/cluster_1_3772.BMP,ok,0.7660800970873787,76.60800970873787,False,normal,96,103,7575,9888,A-/cluster_1_3772.BMP,A-
/Users/a75027/Desktop/compsci 760/datasets/A-/cluster_1_3778.BMP,ok,0.799049352750809,79.9049352750809,False,normal,96,103,7901,9888,A-/cluster_1_3778.BMP,A-
/Users/a75027/Desktop/compsci 760/datasets/A-/cluster_1_3780.BMP,ok,0.7880258899676376,78.80258899676376,False,normal,96,103,7792,9888,A-/cluster_1_3780.BMP,A-
/Users/a75027/Desktop/compsci 760/datasets/A-/cluster_1_3786.BMP,ok,1.0,100.0,True,coverage_too_high,96,103,9888,9888,A-/cluster_1_3786.BMP,A-
/Users/a75027/Desktop/compsci 760/datasets/A-/cluster_1_3793.BMP,ok,0.6444174757281553,64.44174757281553,False,normal,96,103,6372,9888,A-/cluster_1_3793.BMP,A-
/Users/a75027/Desktop/compsci 760/datasets/A-/cluster_1_3802.BMP,ok,0.7640574433656958,76.40574433656958,False,normal,96,103,7555,9888,A-/cluster_1_3802.BMP,A-
/Users/a75027/Desktop/compsci 760/datasets/A-/cluster_1_3805.BMP,ok,0.7381674757281553,73.81674757281553,False,normal,96,103,7299,9888,A-/cluster_1_3805.BMP,A-
/Users/a75027/Desktop/compsci 760/datasets/A-/cluster_1_3806.BMP,ok,0.7717435275080906,77.17435275080906,False,normal,96,103,7631,9888,A-/cluster_1_3806.BMP,A-
/Users/a75027/Desktop/compsci 760/datasets/A-/cluster_1_3816.BMP,ok,0.7481796116504854,74.81796116504854,False,normal,96,103,7398,9888,A-/cluster_1_3816.BMP,A-
/Users/a75027/Desktop/compsci 760/datasets/A-/cluster_1_3825.BMP,ok,0.8216019417475728,82.16019417475728,False,normal,96,103,8124,9888,A-/cluster_1_3825.BMP,A-
/Users/a75027/Desktop/compsci 760/datasets/A-/cluster_1_3828.BMP,ok,0.7233009708737864,72.33009708737865,False,normal,96,103,7152,9888,A-/cluster_1_3828.BMP,A-
/Users/a75027/Desktop/compsci 760/datasets/A-/cluster_1_3829.BMP,ok,0.7081093876187028,70.81093876187028,False,normal,241,298,50855,71818,A-/cluster_1_3829.BMP,A-
/Users/a75027/Desktop/compsci 760/datasets/A-/cluster_1_383.BMP,ok,0.8666059870550162,86.66059870550163,False,normal,96,103,8569,9888,A-/cluster_1_383.BMP,A-
/Users/a75027/Desktop/compsci 760/datasets/A-/cluster_1_3832.BMP,ok,0.8062297734627831,80.62297734627832,False,normal,96,103,7972,9888,A-/cluster_1_3832.BMP,A-
/Users/a75027/Desktop/compsci 760/datasets/A-/cluster_1_3833.BMP,ok,0.7764967637540453,77.64967637540452,False,normal,96,103,7678,9888,A-/cluster_1_3833.BMP,A-
/Users/a75027/Desktop/compsci 760/datasets/A-/cluster_1_3841.BMP,ok,0.8520428802588996,85.20428802588997,False,normal,96,103,8425,9888,A-/cluster_1_3841.BMP,A-
/Users/a75027/Desktop/compsci 760/datasets/A-/cluster_1_3846.BMP,ok,0.8140169902912622,81.40169902912622,False,normal,96,103,8049,9888,A-/cluster_1_3846.BMP,A-
/Users/a75027/Desktop/compsci 760/datasets/A-/cluster_1_3849.BMP,ok,0.7590008090614887,75.90008090614887,False,normal,96,103,7505,9888,A-/cluster_1_3849.BMP,A-
/Users/a75027/Desktop/compsci 760/datasets/A-/cluster_1_3850.BMP,ok,0.7262338187702265,72.62338187702265,False,normal,96,103,7181,9888,A-/cluster_1_3850.BMP,A-
/Users/a75027/Desktop/compsci 760/datasets/A-/cluster_1_3851.BMP,ok,0.8963389967637541,89.6338996763754,False,normal,96,103,8863,9888,A-/cluster_1_3851.BMP,A-
/Users/a75027/Desktop/compsci 760/datasets/A-/cluster_1_3856.BMP,ok,0.7564724919093851,75.64724919093851,False,normal,96,103,7480,9888,A-/cluster_1_3856.BMP,A-
/Users/a75027/Desktop/compsci 760/datasets/A-/cluster_1_3858.BMP,ok,0.7780137540453075,77.80137540453075,False,normal,96,103,7693,9888,A-/cluster_1_3858.BMP,A-
/Users/a75027/Desktop/compsci 760/datasets/A-/cluster_1_3862.BMP,ok,0.8370752427184466,83.70752427184466,False,normal,96,103,8277,9888,A-/cluster_1_3862.BMP,A-
/Users/a75027/Desktop/compsci 760/datasets/A-/cluster_1_3877.BMP,ok,0.8024878640776699,80.24878640776699,False,normal,96,103,7935,9888,A-/cluster_1_3877.BMP,A-
/Users/a75027/Desktop/compsci 760/datasets/A-/cluster_1_389.BMP,ok,0.7701254045307443,77.01254045307444,False,normal,96,103,7615,9888,A-/cluster_1_389.BMP,A-
/Users/a75027/Desktop/compsci 760/datasets/A-/cluster_1_3915.BMP,ok,0.6130663430420712,61.30663430420712,False,normal,96,103,6062,9888,A-/cluster_1_3915.BMP,A-
/Users/a75027/Desktop/compsci 760/datasets/A-/cluster_1_3922.BMP,ok,0.7453478964401294,74.53478964401295,False,normal,96,103,7370,9888,A-/cluster_1_3922.BMP,A-
/Users/a75027/Desktop/compsci 760/datasets/A-/cluster_1_3923.BMP,ok,0.7787216828478964,77.87216828478964,False,normal,96,103,7700,9888,A-/cluster_1_3923.BMP,A-
/Users/a75027/Desktop/compsci 760/datasets/A-/cluster_1_3927.BMP,ok,0.7553600323624595,75.53600323624595,False,normal,96,103,7469,9888,A-/cluster_1_3927.BMP,A-
/Users/a75027/Desktop/compsci 760/datasets/A-/cluster_1_393.BMP,ok,0.8220064724919094,82.20064724919094,False,normal,96,103,8128,9888,A-/cluster_1_393.BMP,A-
/Users/a75027/Desktop/compsci 760/datasets/A-/cluster_1_3936.BMP,ok,0.8206917475728155,82.06917475728154,False,normal,96,103,8115,9888,A-/cluster_1_3936.BMP,A-
/Users/a75027/Desktop/compsci 760/datasets/A-/cluster_1_3941.BMP,ok,0.7595064724919094,75.95064724919094,False,normal,96,103,7510,9888,A-/cluster_1_3941.BMP,A-
/Users/a75027/Desktop/compsci 760/datasets/A-/cluster_1_3945.BMP,ok,0.8333333333333334,83.33333333333334,False,normal,96,103,8240,9888,A-/cluster_1_3945.BMP,A-
/Users/a75027/Desktop/compsci 760/datasets/A-/cluster_1_3952.BMP,ok,0.7961165048543689,79.6116504854369,False,normal,96,103,7872,9888,A-/cluster_1_3952.BMP,A-
/Users/a75027/Desktop/compsci 760/datasets/A-/cluster_1_3959.BMP,ok,0.6969053398058253,69.69053398058253,False,normal,96,103,6891,9888,A-/cluster_1_3959.BMP,A-
/Users/a75027/Desktop/compsci 760/datasets/A-/cluster_1_3961.BMP,ok,0.7543487055016181,75.43487055016182,False,normal,96,103,7459,9888,A-/cluster_1_3961.BMP,A-
/Users/a75027/Desktop/compsci 760/datasets/A-/cluster_1_3964.BMP,ok,0.86084142394822,86.08414239482201,False,normal,96,103,8512,9888,A-/cluster_1_3964.BMP,A-
/Users/a75027/Desktop/compsci 760/datasets/A-/cluster_1_3970.BMP,ok,0.7775080906148867,77.75080906148867,False,normal,96,103,7688,9888,A-/cluster_1_3970.BMP,A-
/Users/a75027/Desktop/compsci 760/datasets/A-/cluster_1_3980.BMP,ok,0.8068365695792881,80.6836569579288,False,normal,96,103,7978,9888,A-/cluster_1_3980.BMP,A-
/Users/a75027/Desktop/compsci 760/datasets/A-/cluster_1_3983.BMP,ok,0.816747572815534,81.6747572815534,False,normal,96,103,8076,9888,A-/cluster_1_3983.BMP,A-
/Users/a75027/Desktop/compsci 760/datasets/A-/cluster_1_3990.BMP,ok,0.8047127831715211,80.47127831715211,False,normal,96,103,7957,9888,A-/cluster_1_3990.BMP,A-
/Users/a75027/Desktop/compsci 760/datasets/A-/cluster_1_3992.BMP,ok,0.8289846278317152,82.89846278317152,False,normal,96,103,8197,9888,A-/cluster_1_3992.BMP,A-
/Users/a75027/Desktop/compsci 760/datasets/A-/cluster_1_40.BMP,ok,0.8288834951456311,82.8883495145631,False,normal,96,103,8196,9888,A-/cluster_1_40.BMP,A-
/Users/a75027/Desktop/compsci 760/datasets/A-/cluster_1_4000.BMP,ok,0.7693163430420712,76.93163430420712,False,normal,96,103,7607,9888,A-/cluster_1_4000.BMP,A-
/Users/a75027/Desktop/compsci 760/datasets/A-/cluster_1_4003.BMP,ok,0.7412014563106796,74.12014563106796,False,normal,96,103,7329,9888,A-/cluster_1_4003.BMP,A-
/Users/a75027/Desktop/compsci 760/datasets/A-/cluster_1_4016.BMP,ok,0.8443567961165048,84.43567961165049,False,normal,96,103,8349,9888,A-/cluster_1_4016.BMP,A-
/Users/a75027/Desktop/compsci 760/datasets/A-/cluster_1_4017.BMP,ok,0.8071399676375405,80.71399676375405,False,normal,96,103,7981,9888,A-/cluster_1_4017.BMP,A-
/Users/a75027/Desktop/compsci 760/datasets/A-/cluster_1_402.BMP,ok,0.80542071197411,80.542071197411,False,normal,96,103,7964,9888,A-/cluster_1_402.BMP,A-
/Users/a75027/Desktop/compsci 760/datasets/A-/cluster_1_4025.BMP,ok,0.7512135922330098,75.12135922330097,False,normal,96,103,7428,9888,A-/cluster_1_4025.BMP,A-
/Users/a75027/Desktop/compsci 760/datasets/A-/cluster_1_4027.BMP,ok,0.6550364077669902,65.50364077669903,False,normal,96,103,6477,9888,A-/cluster_1_4027.BMP,A-
/Users/a75027/Desktop/compsci 760/datasets/A-/cluster_1_4028.BMP,ok,0.7865088996763754,78.65088996763754,False,normal,96,103,7777,9888,A-/cluster_1_4028.BMP,A-
/Users/a75027/Desktop/compsci 760/datasets/A-/cluster_1_4040.BMP,ok,0.8407160194174758,84.07160194174757,False,normal,96,103,8313,9888,A-/cluster_1_4040.BMP,A-
/Users/a75027/Desktop/compsci 760/datasets/A-/cluster_1_4043.BMP,ok,0.832423139158576,83.24231391585761,False,normal,96,103,8231,9888,A-/cluster_1_4043.BMP,A-
/Users/a75027/Desktop/compsci 760/datasets/A-/cluster_1_4054.BMP,ok,0.8809668284789643,88.09668284789643,False,normal,96,103,8711,9888,A-/cluster_1_4054.BMP,A-
/Users/a75027/Desktop/compsci 760/datasets/A-/cluster_1_4068.BMP,ok,0.8013754045307443,80.13754045307444,False,normal,96,103,7924,9888,A-/cluster_1_4068.BMP,A-
/Users/a75027/Desktop/compsci 760/datasets/A-/cluster_1_4077.BMP,ok,0.7810477346278317,78.10477346278317,False,normal,96,103,7723,9888,A-/cluster_1_4077.BMP,A-
/Users/a75027/Desktop/compsci 760/datasets/A-/cluster_1_4078.BMP,ok,0.855076860841424,85.50768608414239,False,normal,96,103,8455,9888,A-/cluster_1_4078.BMP,A-
/Users/a75027/Desktop/compsci 760/datasets/A-/cluster_1_4083.BMP,ok,0.8028923948220065,80.28923948220064,False,normal,96,103,7939,9888,A-/cluster_1_4083.BMP,A-
/Users/a75027/Desktop/compsci 760/datasets/A-/cluster_1_4085.BMP,ok,0.8098705501618123,80.98705501618123,False,normal,96,103,8008,9888,A-/cluster_1_4085.BMP,A-
/Users/a75027/Desktop/compsci 760/datasets/A-/cluster_1_4097.BMP,ok,0.8867313915857605,88.67313915857605,False,normal,96,103,8768,9888,A-/cluster_1_4097.BMP,A-
/Users/a75027/Desktop/compsci 760/datasets/A-/cluster_1_4108.BMP,ok,0.8263551779935275,82.63551779935275,False,normal,96,103,8171,9888,A-/cluster_1_4108.BMP,A-
/Users/a75027/Desktop/compsci 760/datasets/A-/cluster_1_4116.BMP,ok,0.8527508090614887,85.27508090614887,False,normal,96,103,8432,9888,A-/cluster_1_4116.BMP,A-
/Users/a75027/Desktop/compsci 760/datasets/A-/cluster_1_4123.BMP,ok,0.845873786407767,84.5873786407767,False,normal,96,103,8364,9888,A-/cluster_1_4123.BMP,A-
/Users/a75027/Desktop/compsci 760/datasets/A-/cluster_1_4125.BMP,ok,0.7134283884262999,71.34283884262999,False,normal,241,298,51237,71818,A-/cluster_1_4125.BMP,A-
/Users/a75027/Desktop/compsci 760/datasets/A-/cluster_1_4126.BMP,ok,0.8800566343042071,88.00566343042071,False,normal,96,103,8702,9888,A-/cluster_1_4126.BMP,A-
/Users/a75027/Desktop/compsci 760/datasets/A-/cluster_1_4136.BMP,ok,1.0,100.0,True,coverage_too_high,96,103,9888,9888,A-/cluster_1_4136.BMP,A-
/Users/a75027/Desktop/compsci 760/datasets/A-/cluster_1_4137.BMP,ok,0.8541666666666666,85.41666666666666,False,normal,96,103,8446,9888,A-/cluster_1_4137.BMP,A-
/Users/a75027/Desktop/compsci 760/datasets/A-/cluster_1_4140.BMP,ok,0.7934870550161812,79.34870550161813,False,normal,96,103,7846,9888,A-/cluster_1_4140.BMP,A-
/Users/a75027/Desktop/compsci 760/datasets/A-/cluster_1_4142.BMP,ok,0.7644619741100324,76.44619741100324,False,normal,96,103,7559,9888,A-/cluster_1_4142.BMP,A-
/Users/a75027/Desktop/compsci 760/datasets/A-/cluster_1_4154.BMP,ok,1.0,100.0,True,coverage_too_high,96,103,9888,9888,A-/cluster_1_4154.BMP,A-
/Users/a75027/Desktop/compsci 760/datasets/A-/cluster_1_4163.BMP,ok,0.772046925566343,77.2046925566343,False,normal,96,103,7634,9888,A-/cluster_1_4163.BMP,A-
/Users/a75027/Desktop/compsci 760/datasets/A-/cluster_1_4164.BMP,ok,0.8029935275080906,80.29935275080906,False,normal,96,103,7940,9888,A-/cluster_1_4164.BMP,A-
/Users/a75027/Desktop/compsci 760/datasets/A-/cluster_1_4165.BMP,ok,0.8051173139158576,80.51173139158576,False,normal,96,103,7961,9888,A-/cluster_1_4165.BMP,A-
/Users/a75027/Desktop/compsci 760/datasets/A-/cluster_1_4170.BMP,ok,0.8283778317152104,82.83778317152104,False,normal,96,103,8191,9888,A-/cluster_1_4170.BMP,A-
/Users/a75027/Desktop/compsci 760/datasets/A-/cluster_1_4172.BMP,ok,0.7508090614886731,75.08090614886731,False,normal,96,103,7424,9888,A-/cluster_1_4172.BMP,A-
/Users/a75027/Desktop/compsci 760/datasets/A-/cluster_1_4174.BMP,ok,0.844457928802589,84.44579288025889,False,normal,96,103,8350,9888,A-/cluster_1_4174.BMP,A-
/Users/a75027/Desktop/compsci 760/datasets/A-/cluster_1_4177.BMP,ok,0.8350525889967637,83.50525889967638,False,normal,96,103,8257,9888,A-/cluster_1_4177.BMP,A-
/Users/a75027/Desktop/compsci 760/datasets/A-/cluster_1_418.BMP,ok,0.7753843042071198,77.53843042071198,False,normal,96,103,7667,9888,A-/cluster_1_418.BMP,A-
/Users/a75027/Desktop/compsci 760/datasets/A-/cluster_1_4184.BMP,ok,0.7901496763754046,79.01496763754045,False,normal,96,103,7813,9888,A-/cluster_1_4184.BMP,A-
/Users/a75027/Desktop/compsci 760/datasets/A-/cluster_1_4226.BMP,ok,0.8128033980582524,81.28033980582524,False,normal,96,103,8037,9888,A-/cluster_1_4226.BMP,A-
/Users/a75027/Desktop/compsci 760/datasets/A-/cluster_1_4227.BMP,ok,0.6748584142394822,67.48584142394822,False,normal,96,103,6673,9888,A-/cluster_1_4227.BMP,A-
/Users/a75027/Desktop/compsci 760/datasets/A-/cluster_1_4230.BMP,ok,0.8130056634304207,81.30056634304206,False,normal,96,103,8039,9888,A-/cluster_1_4230.BMP,A-
/Users/a75027/Desktop/compsci 760/datasets/A-/cluster_1_4234.BMP,ok,0.8635720064724919,86.35720064724919,False,normal,96,103,8539,9888,A-/cluster_1_4234.BMP,A-
/Users/a75027/Desktop/compsci 760/datasets/A-/cluster_1_4243.BMP,ok,0.7907564724919094,79.07564724919094,False,normal,96,103,7819,9888,A-/cluster_1_4243.BMP,A-
/Users/a75027/Desktop/compsci 760/datasets/A-/cluster_1_4244.BMP,ok,0.7718446601941747,77.18446601941747,False,normal,96,103,7632,9888,A-/cluster_1_4244.BMP,A-
/Users/a75027/Desktop/compsci 760/datasets/A-/cluster_1_4245.BMP,ok,0.8619538834951457,86.19538834951457,False,normal,96,103,8523,9888,A-/cluster_1_4245.BMP,A-
/Users/a75027/Desktop/compsci 760/datasets/A-/cluster_1_4255.BMP,ok,0.8244336569579288,82.44336569579288,False,normal,96,103,8152,9888,A-/cluster_1_4255.BMP,A-
/Users/a75027/Desktop/compsci 760/datasets/A-/cluster_1_4256.BMP,ok,0.7128843042071198,71.28843042071198,False,normal,96,103,7049,9888,A-/cluster_1_4256.BMP,A-
/Users/a75027/Desktop/compsci 760/datasets/A-/cluster_1_4261.BMP,ok,0.7859021035598706,78.59021035598705,False,normal,96,103,7771,9888,A-/cluster_1_4261.BMP,A-
/Users/a75027/Desktop/compsci 760/datasets/A-/cluster_1_4262.BMP,ok,0.8084546925566343,80.84546925566343,False,normal,96,103,7994,9888,A-/cluster_1_4262.BMP,A-
/Users/a75027/Desktop/compsci 760/datasets/A-/cluster_1_4266.BMP,ok,0.7611245954692557,76.11245954692556,False,normal,96,103,7526,9888,A-/cluster_1_4266.BMP,A-
/Users/a75027/Desktop/compsci 760/datasets/A-/cluster_1_4267.BMP,ok,0.8315129449838188,83.15129449838187,False,normal,96,103,8222,9888,A-/cluster_1_4267.BMP,A-
/Users/a75027/Desktop/compsci 760/datasets/A-/cluster_1_4269.BMP,ok,0.779126213592233,77.9126213592233,False,normal,96,103,7704,9888,A-/cluster_1_4269.BMP,A-
/Users/a75027/Desktop/compsci 760/datasets/A-/cluster_1_4272.BMP,ok,0.8318163430420712,83.18163430420712,False,normal,96,103,8225,9888,A-/cluster_1_4272.BMP,A-
/Users/a75027/Desktop/compsci 760/datasets/A-/cluster_1_4274.BMP,ok,0.8326254045307443,83.26254045307444,False,normal,96,103,8233,9888,A-/cluster_1_4274.BMP,A-
/Users/a75027/Desktop/compsci 760/datasets/A-/cluster_1_4277.BMP,ok,0.8355582524271845,83.55582524271846,False,normal,96,103,8262,9888,A-/cluster_1_4277.BMP,A-
/Users/a75027/Desktop/compsci 760/datasets/A-/cluster_1_428.BMP,ok,0.624292071197411,62.4292071197411,False,normal,96,103,6173,9888,A-/cluster_1_428.BMP,A-
/Users/a75027/Desktop/compsci 760/datasets/A-/cluster_1_4297.BMP,ok,0.8294902912621359,82.94902912621359,False,normal,96,103,8202,9888,A-/cluster_1_4297.BMP,A-
/Users/a75027/Desktop/compsci 760/datasets/A-/cluster_1_4298.BMP,ok,0.7818567961165048,78.18567961165049,False,normal,96,103,7731,9888,A-/cluster_1_4298.BMP,A-
/Users/a75027/Desktop/compsci 760/datasets/A-/cluster_1_4299.BMP,ok,0.8254449838187702,82.54449838187702,False,normal,96,103,8162,9888,A-/cluster_1_4299.BMP,A-
/Users/a75027/Desktop/compsci 760/datasets/A-/cluster_1_4304.BMP,ok,0.7710355987055016,77.10355987055017,False,normal,96,103,7624,9888,A-/cluster_1_4304.BMP,A-
/Users/a75027/Desktop/compsci 760/datasets/A-/cluster_1_4312.BMP,ok,0.5689724919093851,56.89724919093852,False,normal,96,103,5626,9888,A-/cluster_1_4312.BMP,A-
/Users/a75027/Desktop/compsci 760/datasets/A-/cluster_1_4317.BMP,ok,0.8173543689320388,81.73543689320388,False,normal,96,103,8082,9888,A-/cluster_1_4317.BMP,A-
/Users/a75027/Desktop/compsci 760/datasets/A-/cluster_1_4320.BMP,ok,0.8502224919093851,85.02224919093851,False,normal,96,103,8407,9888,A-/cluster_1_4320.BMP,A-
/Users/a75027/Desktop/compsci 760/datasets/A-/cluster_1_4326.BMP,ok,0.8177588996763754,81.77588996763754,False,normal,96,103,8086,9888,A-/cluster_1_4326.BMP,A-
/Users/a75027/Desktop/compsci 760/datasets/A-/cluster_1_4329.BMP,ok,0.7459546925566343,74.59546925566343,False,normal,96,103,7376,9888,A-/cluster_1_4329.BMP,A-
/Users/a75027/Desktop/compsci 760/datasets/A-/cluster_1_4333.BMP,ok,0.7538430420711975,75.38430420711974,False,normal,96,103,7454,9888,A-/cluster_1_4333.BMP,A-
/Users/a75027/Desktop/compsci 760/datasets/A-/cluster_1_4334.BMP,ok,0.7460558252427184,74.60558252427184,False,normal,96,103,7377,9888,A-/cluster_1_4334.BMP,A-
/Users/a75027/Desktop/compsci 760/datasets/A-/cluster_1_4339.BMP,ok,1.0,100.0,True,coverage_too_high,96,103,9888,9888,A-/cluster_1_4339.BMP,A-
/Users/a75027/Desktop/compsci 760/datasets/A-/cluster_1_4349.BMP,ok,0.8393001618122977,83.93001618122977,False,normal,96,103,8299,9888,A-/cluster_1_4349.BMP,A-
/Users/a75027/Desktop/compsci 760/datasets/A-/cluster_1_4350.BMP,ok,0.8495145631067961,84.9514563106796,False,normal,96,103,8400,9888,A-/cluster_1_4350.BMP,A-
/Users/a75027/Desktop/compsci 760/datasets/A-/cluster_1_4355.BMP,ok,0.8004652103559871,80.0465210355987,False,normal,96,103,7915,9888,A-/cluster_1_4355.BMP,A-
/Users/a75027/Desktop/compsci 760/datasets/A-/cluster_1_4360.BMP,ok,0.8705501618122977,87.05501618122977,False,normal,96,103,8608,9888,A-/cluster_1_4360.BMP,A-
/Users/a75027/Desktop/compsci 760/datasets/A-/cluster_1_4368.BMP,ok,0.7810477346278317,78.10477346278317,False,normal,96,103,7723,9888,A-/cluster_1_4368.BMP,A-
/Users/a75027/Desktop/compsci 760/datasets/A-/cluster_1_4376.BMP,ok,0.7934870550161812,79.34870550161813,False,normal,96,103,7846,9888,A-/cluster_1_4376.BMP,A-
/Users/a75027/Desktop/compsci 760/datasets/A-/cluster_1_4382.BMP,ok,0.8186690938511327,81.86690938511327,False,normal,96,103,8095,9888,A-/cluster_1_4382.BMP,A-
/Users/a75027/Desktop/compsci 760/datasets/A-/cluster_1_4384.BMP,ok,0.7619336569579288,76.19336569579288,False,normal,96,103,7534,9888,A-/cluster_1_4384.BMP,A-
/Users/a75027/Desktop/compsci 760/datasets/A-/cluster_1_4385.BMP,ok,1.0,100.0,True,coverage_too_high,96,103,9888,9888,A-/cluster_1_4385.BMP,A-
/Users/a75027/Desktop/compsci 760/datasets/A-/cluster_1_4392.BMP,ok,1.0,100.0,True,coverage_too_high,96,103,9888,9888,A-/cluster_1_4392.BMP,A-
/Users/a75027/Desktop/compsci 760/datasets/A-/cluster_1_4415.BMP,ok,0.8036003236245954,80.36003236245955,False,normal,96,103,7946,9888,A-/cluster_1_4415.BMP,A-
/Users/a75027/Desktop/compsci 760/datasets/A-/cluster_1_4419.BMP,ok,0.7349312297734628,73.49312297734627,False,normal,96,103,7267,9888,A-/cluster_1_4419.BMP,A-
/Users/a75027/Desktop/compsci 760/datasets/A-/cluster_1_4424.BMP,ok,0.8836974110032363,88.36974110032362,False,normal,96,103,8738,9888,A-/cluster_1_4424.BMP,A-
/Users/a75027/Desktop/compsci 760/datasets/A-/cluster_1_4434.BMP,ok,0.8616504854368932,86.16504854368931,False,normal,96,103,8520,9888,A-/cluster_1_4434.BMP,A-
/Users/a75027/Desktop/compsci 760/datasets/A-/cluster_1_4435.BMP,ok,0.7160194174757282,71.60194174757282,False,normal,96,103,7080,9888,A-/cluster_1_4435.BMP,A-
/Users/a75027/Desktop/compsci 760/datasets/A-/cluster_1_4440.BMP,ok,0.8504247572815534,85.04247572815534,False,normal,96,103,8409,9888,A-/cluster_1_4440.BMP,A-
/Users/a75027/Desktop/compsci 760/datasets/A-/cluster_1_4451.BMP,ok,0.527002427184466,52.7002427184466,False,normal,96,103,5211,9888,A-/cluster_1_4451.BMP,A-
/Users/a75027/Desktop/compsci 760/datasets/A-/cluster_1_4455.BMP,ok,0.8100728155339806,81.00728155339806,False,normal,96,103,8010,9888,A-/cluster_1_4455.BMP,A-
/Users/a75027/Desktop/compsci 760/datasets/A-/cluster_1_4461.BMP,ok,0.8333333333333334,83.33333333333334,False,normal,96,103,8240,9888,A-/cluster_1_4461.BMP,A-
/Users/a75027/Desktop/compsci 760/datasets/A-/cluster_1_448.BMP,ok,0.7965210355987055,79.65210355987054,False,normal,96,103,7876,9888,A-/cluster_1_448.BMP,A-
/Users/a75027/Desktop/compsci 760/datasets/A-/cluster_1_4486.BMP,ok,0.8047127831715211,80.47127831715211,False,normal,96,103,7957,9888,A-/cluster_1_4486.BMP,A-
/Users/a75027/Desktop/compsci 760/datasets/A-/cluster_1_4494.BMP,ok,0.7561690938511327,75.61690938511327,False,normal,96,103,7477,9888,A-/cluster_1_4494.BMP,A-
/Users/a75027/Desktop/compsci 760/datasets/A-/cluster_1_4498.BMP,ok,0.7740695792880259,77.40695792880258,False,normal,96,103,7654,9888,A-/cluster_1_4498.BMP,A-
/Users/a75027/Desktop/compsci 760/datasets/A-/cluster_1_45.BMP,ok,0.7683050161812298,76.83050161812298,False,normal,96,103,7597,9888,A-/cluster_1_45.BMP,A-
/Users/a75027/Desktop/compsci 760/datasets/A-/cluster_1_4500.BMP,ok,1.0,100.0,True,coverage_too_high,96,103,9888,9888,A-/cluster_1_4500.BMP,A-
/Users/a75027/Desktop/compsci 760/datasets/A-/cluster_1_4504.BMP,ok,0.6873988673139159,68.73988673139159,False,normal,96,103,6797,9888,A-/cluster_1_4504.BMP,A-
/Users/a75027/Desktop/compsci 760/datasets/A-/cluster_1_4505.BMP,ok,0.7785194174757282,77.85194174757282,False,normal,96,103,7698,9888,A-/cluster_1_4505.BMP,A-
/Users/a75027/Desktop/compsci 760/datasets/A-/cluster_1_4509.BMP,ok,0.7246156957928802,72.46156957928802,False,normal,96,103,7165,9888,A-/cluster_1_4509.BMP,A-
/Users/a75027/Desktop/compsci 760/datasets/A-/cluster_1_4510.BMP,ok,0.7567758899676376,75.67758899676376,False,normal,96,103,7483,9888,A-/cluster_1_4510.BMP,A-
/Users/a75027/Desktop/compsci 760/datasets/A-/cluster_1_4514.BMP,ok,0.7319983818770227,73.19983818770227,False,normal,96,103,7238,9888,A-/cluster_1_4514.BMP,A-
/Users/a75027/Desktop/compsci 760/datasets/A-/cluster_1_4521.BMP,ok,0.7753843042071198,77.53843042071198,False,normal,96,103,7667,9888,A-/cluster_1_4521.BMP,A-
/Users/a75027/Desktop/compsci 760/datasets/A-/cluster_1_453.BMP,ok,0.8746966019417476,87.46966019417476,False,normal,96,103,8649,9888,A-/cluster_1_453.BMP,A-
/Users/a75027/Desktop/compsci 760/datasets/A-/cluster_1_454.BMP,ok,0.8596278317152104,85.96278317152104,False,normal,96,103,8500,9888,A-/cluster_1_454.BMP,A-
/Users/a75027/Desktop/compsci 760/datasets/A-/cluster_1_4550.BMP,ok,0.7950040453074434,79.50040453074433,False,normal,96,103,7861,9888,A-/cluster_1_4550.BMP,A-
/Users/a75027/Desktop/compsci 760/datasets/A-/cluster_1_4551.BMP,ok,0.79540857605178,79.54085760517799,False,normal,96,103,7865,9888,A-/cluster_1_4551.BMP,A-
/Users/a75027/Desktop/compsci 760/datasets/A-/cluster_1_4553.BMP,ok,1.0,100.0,True,coverage_too_high,96,103,9888,9888,A-/cluster_1_4553.BMP,A-
/Users/a75027/Desktop/compsci 760/datasets/A-/cluster_1_4555.BMP,ok,0.8474919093851133,84.74919093851133,False,normal,96,103,8380,9888,A-/cluster_1_4555.BMP,A-
/Users/a75027/Desktop/compsci 760/datasets/A-/cluster_1_4559.BMP,ok,0.7869134304207119,78.6913430420712,False,normal,96,103,7781,9888,A-/cluster_1_4559.BMP,A-
/Users/a75027/Desktop/compsci 760/datasets/A-/cluster_1_4564.BMP,ok,0.7362459546925566,73.62459546925567,False,normal,96,103,7280,9888,A-/cluster_1_4564.BMP,A-
/Users/a75027/Desktop/compsci 760/datasets/A-/cluster_1_4570.BMP,ok,0.7953074433656958,79.53074433656958,False,normal,96,103,7864,9888,A-/cluster_1_4570.BMP,A-
/Users/a75027/Desktop/compsci 760/datasets/A-/cluster_1_4571.BMP,ok,1.0,100.0,True,coverage_too_high,96,103,9888,9888,A-/cluster_1_4571.BMP,A-
/Users/a75027/Desktop/compsci 760/datasets/A-/cluster_1_4582.BMP,ok,0.7804409385113269,78.04409385113269,False,normal,96,103,7717,9888,A-/cluster_1_4582.BMP,A-
/Users/a75027/Desktop/compsci 760/datasets/A-/cluster_1_4585.BMP,ok,0.8248381877022654,82.48381877022653,False,normal,96,103,8156,9888,A-/cluster_1_4585.BMP,A-
/Users/a75027/Desktop/compsci 760/datasets/A-/cluster_1_4589.BMP,ok,0.777002427184466,77.7002427184466,False,normal,96,103,7683,9888,A-/cluster_1_4589.BMP,A-
/Users/a75027/Desktop/compsci 760/datasets/A-/cluster_1_4603.BMP,ok,0.8568972491909385,85.68972491909385,False,normal,96,103,8473,9888,A-/cluster_1_4603.BMP,A-
/Users/a75027/Desktop/compsci 760/datasets/A-/cluster_1_4609.BMP,ok,0.8462783171521036,84.62783171521036,False,normal,96,103,8368,9888,A-/cluster_1_4609.BMP,A-
/Users/a75027/Desktop/compsci 760/datasets/A-/cluster_1_4624.BMP,ok,0.8328276699029126,83.28276699029125,False,normal,96,103,8235,9888,A-/cluster_1_4624.BMP,A-
/Users/a75027/Desktop/compsci 760/datasets/A-/cluster_1_4628.BMP,ok,0.8333333333333334,83.33333333333334,False,normal,96,103,8240,9888,A-/cluster_1_4628.BMP,A-
/Users/a75027/Desktop/compsci 760/datasets/A-/cluster_1_4629.BMP,ok,0.7814522653721683,78.14522653721683,False,normal,96,103,7727,9888,A-/cluster_1_4629.BMP,A-
/Users/a75027/Desktop/compsci 760/datasets/A-/cluster_1_464.BMP,ok,0.7687095469255664,76.87095469255664,False,normal,96,103,7601,9888,A-/cluster_1_464.BMP,A-
/Users/a75027/Desktop/compsci 760/datasets/A-/cluster_1_4641.BMP,ok,0.7585962783171522,75.85962783171522,False,normal,96,103,7501,9888,A-/cluster_1_4641.BMP,A-
/Users/a75027/Desktop/compsci 760/datasets/A-/cluster_1_4650.BMP,ok,0.8574029126213593,85.74029126213593,False,normal,96,103,8478,9888,A-/cluster_1_4650.BMP,A-
/Users/a75027/Desktop/compsci 760/datasets/A-/cluster_1_4651.BMP,ok,0.8453681229773463,84.53681229773463,False,normal,96,103,8359,9888,A-/cluster_1_4651.BMP,A-
/Users/a75027/Desktop/compsci 760/datasets/A-/cluster_1_4654.BMP,ok,0.8169498381877023,81.69498381877023,False,normal,96,103,8078,9888,A-/cluster_1_4654.BMP,A-
/Users/a75027/Desktop/compsci 760/datasets/A-/cluster_1_4661.BMP,ok,0.8670105177993528,86.70105177993528,False,normal,96,103,8573,9888,A-/cluster_1_4661.BMP,A-
/Users/a75027/Desktop/compsci 760/datasets/A-/cluster_1_4665.BMP,ok,0.8888551779935275,88.88551779935275,False,normal,96,103,8789,9888,A-/cluster_1_4665.BMP,A-
/Users/a75027/Desktop/compsci 760/datasets/A-/cluster_1_4672.BMP,ok,0.70459142394822,70.45914239482201,False,normal,96,103,6967,9888,A-/cluster_1_4672.BMP,A-
/Users/a75027/Desktop/compsci 760/datasets/A-/cluster_1_4676.BMP,ok,0.8425364077669902,84.25364077669903,False,normal,96,103,8331,9888,A-/cluster_1_4676.BMP,A-
/Users/a75027/Desktop/compsci 760/datasets/A-/cluster_1_4682.BMP,ok,0.8299959546925566,82.99959546925567,False,normal,96,103,8207,9888,A-/cluster_1_4682.BMP,A-
/Users/a75027/Desktop/compsci 760/datasets/A-/cluster_1_4684.BMP,ok,0.7716423948220065,77.16423948220064,False,normal,96,103,7630,9888,A-/cluster_1_4684.BMP,A-
/Users/a75027/Desktop/compsci 760/datasets/A-/cluster_1_4686.BMP,ok,0.8755056634304207,87.55056634304206,False,normal,96,103,8657,9888,A-/cluster_1_4686.BMP,A-
/Users/a75027/Desktop/compsci 760/datasets/A-/cluster_1_4688.BMP,ok,0.8441545307443366,84.41545307443366,False,normal,96,103,8347,9888,A-/cluster_1_4688.BMP,A-
/Users/a75027/Desktop/compsci 760/datasets/A-/cluster_1_469.BMP,ok,0.7122775080906149,71.22775080906149,False,normal,96,103,7043,9888,A-/cluster_1_469.BMP,A-
/Users/a75027/Desktop/compsci 760/datasets/A-/cluster_1_4691.BMP,ok,1.0,100.0,True,coverage_too_high,96,103,9888,9888,A-/cluster_1_4691.BMP,A-
/Users/a75027/Desktop/compsci 760/datasets/A-/cluster_1_4696.BMP,ok,0.7124797734627831,71.24797734627832,False,normal,96,103,7045,9888,A-/cluster_1_4696.BMP,A-
/Users/a75027/Desktop/compsci 760/datasets/A-/cluster_1_47.BMP,ok,0.7307847896440129,73.0784789644013,False,normal,96,103,7226,9888,A-/cluster_1_47.BMP,A-
/Users/a75027/Desktop/compsci 760/datasets/A-/cluster_1_4713.BMP,ok,0.7625404530744336,76.25404530744336,False,normal,96,103,7540,9888,A-/cluster_1_4713.BMP,A-
/Users/a75027/Desktop/compsci 760/datasets/A-/cluster_1_4716.BMP,ok,0.8194781553398058,81.94781553398059,False,normal,96,103,8103,9888,A-/cluster_1_4716.BMP,A-
/Users/a75027/Desktop/compsci 760/datasets/A-/cluster_1_4717.BMP,ok,0.750707928802589,75.07079288025889,False,normal,96,103,7423,9888,A-/cluster_1_4717.BMP,A-
/Users/a75027/Desktop/compsci 760/datasets/A-/cluster_1_4720.BMP,ok,0.7510113268608414,75.10113268608414,False,normal,96,103,7426,9888,A-/cluster_1_4720.BMP,A-
/Users/a75027/Desktop/compsci 760/datasets/A-/cluster_1_4721.BMP,ok,0.7491909385113269,74.91909385113269,False,normal,96,103,7408,9888,A-/cluster_1_4721.BMP,A-
/Users/a75027/Desktop/compsci 760/datasets/A-/cluster_1_4723.BMP,ok,0.8063309061488673,80.63309061488673,False,normal,96,103,7973,9888,A-/cluster_1_4723.BMP,A-
/Users/a75027/Desktop/compsci 760/datasets/A-/cluster_1_4729.BMP,ok,1.0,100.0,True,coverage_too_high,96,103,9888,9888,A-/cluster_1_4729.BMP,A-
/Users/a75027/Desktop/compsci 760/datasets/A-/cluster_1_4738.BMP,ok,0.8148260517799353,81.48260517799353,False,normal,96,103,8057,9888,A-/cluster_1_4738.BMP,A-
/Users/a75027/Desktop/compsci 760/datasets/A-/cluster_1_4742.BMP,ok,0.8055218446601942,80.55218446601941,False,normal,96,103,7965,9888,A-/cluster_1_4742.BMP,A-
/Users/a75027/Desktop/compsci 760/datasets/A-/cluster_1_4744.BMP,ok,0.8343446601941747,83.43446601941747,False,normal,96,103,8250,9888,A-/cluster_1_4744.BMP,A-
/Users/a75027/Desktop/compsci 760/datasets/A-/cluster_1_4745.BMP,ok,0.7865088996763754,78.65088996763754,False,normal,96,103,7777,9888,A-/cluster_1_4745.BMP,A-
/Users/a75027/Desktop/compsci 760/datasets/A-/cluster_1_4755.BMP,ok,0.8374797734627831,83.74797734627832,False,normal,96,103,8281,9888,A-/cluster_1_4755.BMP,A-
/Users/a75027/Desktop/compsci 760/datasets/A-/cluster_1_4764.BMP,ok,0.8135113268608414,81.35113268608414,False,normal,96,103,8044,9888,A-/cluster_1_4764.BMP,A-
/Users/a75027/Desktop/compsci 760/datasets/A-/cluster_1_4766.BMP,ok,0.75,75.0,False,normal,96,103,7416,9888,A-/cluster_1_4766.BMP,A-
/Users/a75027/Desktop/compsci 760/datasets/A-/cluster_1_4772.BMP,ok,0.7645631067961165,76.45631067961165,False,normal,96,103,7560,9888,A-/cluster_1_4772.BMP,A-
/Users/a75027/Desktop/compsci 760/datasets/A-/cluster_1_4775.BMP,ok,0.7434263754045307,74.34263754045307,False,normal,96,103,7351,9888,A-/cluster_1_4775.BMP,A-
/Users/a75027/Desktop/compsci 760/datasets/A-/cluster_1_4782.BMP,ok,0.809668284789644,80.9668284789644,False,normal,96,103,8006,9888,A-/cluster_1_4782.BMP,A-
/Users/a75027/Desktop/compsci 760/datasets/A-/cluster_1_4787.BMP,ok,0.883495145631068,88.3495145631068,False,normal,96,103,8736,9888,A-/cluster_1_4787.BMP,A-
/Users/a75027/Desktop/compsci 760/datasets/A-/cluster_1_4792.BMP,ok,0.7910598705501618,79.10598705501619,False,normal,96,103,7822,9888,A-/cluster_1_4792.BMP,A-
/Users/a75027/Desktop/compsci 760/datasets/A-/cluster_1_4801.BMP,ok,0.8003640776699029,80.0364077669903,False,normal,96,103,7914,9888,A-/cluster_1_4801.BMP,A-
/Users/a75027/Desktop/compsci 760/datasets/A-/cluster_1_4804.BMP,ok,0.7778114886731392,77.78114886731392,False,normal,96,103,7691,9888,A-/cluster_1_4804.BMP,A-
/Users/a75027/Desktop/compsci 760/datasets/A-/cluster_1_4806.BMP,ok,0.8126011326860841,81.26011326860841,False,normal,96,103,8035,9888,A-/cluster_1_4806.BMP,A-
/Users/a75027/Desktop/compsci 760/datasets/A-/cluster_1_4808.BMP,ok,0.8729773462783171,87.29773462783172,False,normal,96,103,8632,9888,A-/cluster_1_4808.BMP,A-
/Users/a75027/Desktop/compsci 760/datasets/A-/cluster_1_481.BMP,ok,0.8445590614886731,84.45590614886731,False,normal,96,103,8351,9888,A-/cluster_1_481.BMP,A-
/Users/a75027/Desktop/compsci 760/datasets/A-/cluster_1_4820.BMP,ok,1.0,100.0,True,coverage_too_high,96,103,9888,9888,A-/cluster_1_4820.BMP,A-
/Users/a75027/Desktop/compsci 760/datasets/A-/cluster_1_4822.BMP,ok,0.8322208737864077,83.22208737864078,False,normal,96,103,8229,9888,A-/cluster_1_4822.BMP,A-
/Users/a75027/Desktop/compsci 760/datasets/A-/cluster_1_4833.BMP,ok,1.0,100.0,True,coverage_too_high,96,103,9888,9888,A-/cluster_1_4833.BMP,A-
/Users/a75027/Desktop/compsci 760/datasets/A-/cluster_1_4835.BMP,ok,0.7936893203883495,79.36893203883496,False,normal,96,103,7848,9888,A-/cluster_1_4835.BMP,A-
/Users/a75027/Desktop/compsci 760/datasets/A-/cluster_1_4844.BMP,ok,0.83667071197411,83.667071197411,False,normal,96,103,8273,9888,A-/cluster_1_4844.BMP,A-
/Users/a75027/Desktop/compsci 760/datasets/A-/cluster_1_4851.BMP,ok,0.7531351132686084,75.31351132686083,False,normal,96,103,7447,9888,A-/cluster_1_4851.BMP,A-
/Users/a75027/Desktop/compsci 760/datasets/A-/cluster_1_4860.BMP,ok,1.0,100.0,True,coverage_too_high,96,103,9888,9888,A-/cluster_1_4860.BMP,A-
/Users/a75027/Desktop/compsci 760/datasets/A-/cluster_1_4862.BMP,ok,0.8577063106796117,85.77063106796116,False,normal,96,103,8481,9888,A-/cluster_1_4862.BMP,A-
/Users/a75027/Desktop/compsci 760/datasets/A-/cluster_1_4878.BMP,ok,0.7374595469255664,73.74595469255664,False,normal,96,103,7292,9888,A-/cluster_1_4878.BMP,A-
/Users/a75027/Desktop/compsci 760/datasets/A-/cluster_1_4887.BMP,ok,0.8911812297734628,89.11812297734627,False,normal,96,103,8812,9888,A-/cluster_1_4887.BMP,A-
/Users/a75027/Desktop/compsci 760/datasets/A-/cluster_1_4895.BMP,ok,0.7176375404530745,71.76375404530745,False,normal,96,103,7096,9888,A-/cluster_1_4895.BMP,A-
/Users/a75027/Desktop/compsci 760/datasets/A-/cluster_1_4899.BMP,ok,0.8322208737864077,83.22208737864078,False,normal,96,103,8229,9888,A-/cluster_1_4899.BMP,A-
/Users/a75027/Desktop/compsci 760/datasets/A-/cluster_1_4900.BMP,ok,0.7926779935275081,79.26779935275081,False,normal,96,103,7838,9888,A-/cluster_1_4900.BMP,A-
/Users/a75027/Desktop/compsci 760/datasets/A-/cluster_1_4902.BMP,ok,0.8948220064724919,89.48220064724919,False,normal,96,103,8848,9888,A-/cluster_1_4902.BMP,A-
/Users/a75027/Desktop/compsci 760/datasets/A-/cluster_1_4903.BMP,ok,0.8185679611650486,81.85679611650485,False,normal,96,103,8094,9888,A-/cluster_1_4903.BMP,A-
/Users/a75027/Desktop/compsci 760/datasets/A-/cluster_1_4904.BMP,ok,0.870752427184466,87.0752427184466,False,normal,96,103,8610,9888,A-/cluster_1_4904.BMP,A-
/Users/a75027/Desktop/compsci 760/datasets/A-/cluster_1_491.BMP,ok,0.804004854368932,80.4004854368932,False,normal,96,103,7950,9888,A-/cluster_1_491.BMP,A-
/Users/a75027/Desktop/compsci 760/datasets/A-/cluster_1_4914.BMP,ok,0.7903519417475728,79.03519417475728,False,normal,96,103,7815,9888,A-/cluster_1_4914.BMP,A-
/Users/a75027/Desktop/compsci 760/datasets/A-/cluster_1_4922.BMP,ok,0.8168487055016181,81.68487055016182,False,normal,96,103,8077,9888,A-/cluster_1_4922.BMP,A-
/Users/a75027/Desktop/compsci 760/datasets/A-/cluster_1_4934.BMP,ok,0.8786407766990292,87.86407766990291,False,normal,96,103,8688,9888,A-/cluster_1_4934.BMP,A-
/Users/a75027/Desktop/compsci 760/datasets/A-/cluster_1_494.BMP,ok,0.7642597087378641,76.42597087378641,False,normal,96,103,7557,9888,A-/cluster_1_494.BMP,A-
/Users/a75027/Desktop/compsci 760/datasets/A-/cluster_1_4943.BMP,ok,0.7633495145631068,76.33495145631069,False,normal,96,103,7548,9888,A-/cluster_1_4943.BMP,A-
/Users/a75027/Desktop/compsci 760/datasets/A-/cluster_1_4972.BMP,ok,0.7204692556634305,72.04692556634305,False,normal,96,103,7124,9888,A-/cluster_1_4972.BMP,A-
/Users/a75027/Desktop/compsci 760/datasets/A-/cluster_1_4989.BMP,ok,0.7902508090614887,79.02508090614887,False,normal,96,103,7814,9888,A-/cluster_1_4989.BMP,A-
/Users/a75027/Desktop/compsci 760/datasets/A-/cluster_1_4991.BMP,ok,0.833029935275081,83.3029935275081,False,normal,96,103,8237,9888,A-/cluster_1_4991.BMP,A-
/Users/a75027/Desktop/compsci 760/datasets/A-/cluster_1_4993.BMP,ok,0.8092637540453075,80.92637540453075,False,normal,96,103,8002,9888,A-/cluster_1_4993.BMP,A-
/Users/a75027/Desktop/compsci 760/datasets/A-/cluster_1_4996.BMP,ok,0.868628640776699,86.8628640776699,False,normal,96,103,8589,9888,A-/cluster_1_4996.BMP,A-
/Users/a75027/Desktop/compsci 760/datasets/A-/cluster_1_5.BMP,ok,0.8564927184466019,85.64927184466019,False,normal,96,103,8469,9888,A-/cluster_1_5.BMP,A-
/Users/a75027/Desktop/compsci 760/datasets/A-/cluster_1_5003.BMP,ok,0.8125,81.25,False,normal,96,103,8034,9888,A-/cluster_1_5003.BMP,A-
/Users/a75027/Desktop/compsci 760/datasets/A-/cluster_1_5006.BMP,ok,0.7936893203883495,79.36893203883496,False,normal,96,103,7848,9888,A-/cluster_1_5006.BMP,A-
/Users/a75027/Desktop/compsci 760/datasets/A-/cluster_1_5007.BMP,ok,0.7687095469255664,76.87095469255664,False,normal,96,103,7601,9888,A-/cluster_1_5007.BMP,A-
/Users/a75027/Desktop/compsci 760/datasets/A-/cluster_1_5014.BMP,ok,0.8191747572815534,81.91747572815534,False,normal,96,103,8100,9888,A-/cluster_1_5014.BMP,A-
/Users/a75027/Desktop/compsci 760/datasets/A-/cluster_1_5015.BMP,ok,0.8831917475728155,88.31917475728154,False,normal,96,103,8733,9888,A-/cluster_1_5015.BMP,A-
/Users/a75027/Desktop/compsci 760/datasets/A-/cluster_1_5037.BMP,ok,0.8626618122977346,86.26618122977347,False,normal,96,103,8530,9888,A-/cluster_1_5037.BMP,A-
/Users/a75027/Desktop/compsci 760/datasets/A-/cluster_1_5039.BMP,ok,0.7306836569579288,73.06836569579288,False,normal,96,103,7225,9888,A-/cluster_1_5039.BMP,A-
/Users/a75027/Desktop/compsci 760/datasets/A-/cluster_1_5048.BMP,ok,0.807544498381877,80.7544498381877,False,normal,96,103,7985,9888,A-/cluster_1_5048.BMP,A-
/Users/a75027/Desktop/compsci 760/datasets/A-/cluster_1_5063.BMP,ok,0.6957928802588996,69.57928802588997,False,normal,96,103,6880,9888,A-/cluster_1_5063.BMP,A-
/Users/a75027/Desktop/compsci 760/datasets/A-/cluster_1_5072.BMP,ok,1.0,100.0,True,coverage_too_high,96,103,9888,9888,A-/cluster_1_5072.BMP,A-
/Users/a75027/Desktop/compsci 760/datasets/A-/cluster_1_5085.BMP,ok,0.7935881877022654,79.35881877022653,False,normal,96,103,7847,9888,A-/cluster_1_5085.BMP,A-
/Users/a75027/Desktop/compsci 760/datasets/A-/cluster_1_5086.BMP,ok,0.8333333333333334,83.33333333333334,False,normal,96,103,8240,9888,A-/cluster_1_5086.BMP,A-
/Users/a75027/Desktop/compsci 760/datasets/A-/cluster_1_5088.BMP,ok,0.8080501618122977,80.80501618122977,False,normal,96,103,7990,9888,A-/cluster_1_5088.BMP,A-
/Users/a75027/Desktop/compsci 760/datasets/A-/cluster_1_509.BMP,ok,0.8107807443365695,81.07807443365695,False,normal,96,103,8017,9888,A-/cluster_1_509.BMP,A-
/Users/a75027/Desktop/compsci 760/datasets/A-/cluster_1_5091.BMP,ok,0.799656148867314,79.9656148867314,False,normal,96,103,7907,9888,A-/cluster_1_5091.BMP,A-
/Users/a75027/Desktop/compsci 760/datasets/A-/cluster_1_5102.BMP,ok,0.7848907766990292,78.48907766990291,False,normal,96,103,7761,9888,A-/cluster_1_5102.BMP,A-
/Users/a75027/Desktop/compsci 760/datasets/A-/cluster_1_5108.BMP,ok,0.6838592233009708,68.38592233009709,False,normal,96,103,6762,9888,A-/cluster_1_5108.BMP,A-
/Users/a75027/Desktop/compsci 760/datasets/A-/cluster_1_512.BMP,ok,1.0,100.0,True,coverage_too_high,96,103,9888,9888,A-/cluster_1_512.BMP,A-
/Users/a75027/Desktop/compsci 760/datasets/A-/cluster_1_5126.BMP,ok,0.8822815533980582,88.22815533980582,False,normal,96,103,8724,9888,A-/cluster_1_5126.BMP,A-
/Users/a75027/Desktop/compsci 760/datasets/A-/cluster_1_5128.BMP,ok,0.8014765372168284,80.14765372168284,False,normal,96,103,7925,9888,A-/cluster_1_5128.BMP,A-
/Users/a75027/Desktop/compsci 760/datasets/A-/cluster_1_5137.BMP,ok,0.777002427184466,77.7002427184466,False,normal,96,103,7683,9888,A-/cluster_1_5137.BMP,A-
/Users/a75027/Desktop/compsci 760/datasets/A-/cluster_1_5143.BMP,ok,1.0,100.0,True,coverage_too_high,96,103,9888,9888,A-/cluster_1_5143.BMP,A-
/Users/a75027/Desktop/compsci 760/datasets/A-/cluster_1_5174.BMP,ok,0.7787216828478964,77.87216828478964,False,normal,96,103,7700,9888,A-/cluster_1_5174.BMP,A-
/Users/a75027/Desktop/compsci 760/datasets/A-/cluster_1_5175.BMP,ok,0.8308050161812298,83.08050161812298,False,normal,96,103,8215,9888,A-/cluster_1_5175.BMP,A-
/Users/a75027/Desktop/compsci 760/datasets/A-/cluster_1_5177.BMP,ok,0.8325242718446602,83.25242718446601,False,normal,96,103,8232,9888,A-/cluster_1_5177.BMP,A-
/Users/a75027/Desktop/compsci 760/datasets/A-/cluster_1_5181.BMP,ok,0.7489886731391586,74.89886731391586,False,normal,96,103,7406,9888,A-/cluster_1_5181.BMP,A-
/Users/a75027/Desktop/compsci 760/datasets/A-/cluster_1_5182.BMP,ok,0.8031957928802589,80.31957928802589,False,normal,96,103,7942,9888,A-/cluster_1_5182.BMP,A-
/Users/a75027/Desktop/compsci 760/datasets/A-/cluster_1_5185.BMP,ok,0.7645631067961165,76.45631067961165,False,normal,96,103,7560,9888,A-/cluster_1_5185.BMP,A-
/Users/a75027/Desktop/compsci 760/datasets/A-/cluster_1_5191.BMP,ok,0.8971480582524272,89.71480582524272,False,normal,96,103,8871,9888,A-/cluster_1_5191.BMP,A-
/Users/a75027/Desktop/compsci 760/datasets/A-/cluster_1_5195.BMP,ok,0.8126011326860841,81.26011326860841,False,normal,96,103,8035,9888,A-/cluster_1_5195.BMP,A-
/Users/a75027/Desktop/compsci 760/datasets/A-/cluster_1_5201.BMP,ok,0.8678195792880259,86.78195792880258,False,normal,96,103,8581,9888,A-/cluster_1_5201.BMP,A-
/Users/a75027/Desktop/compsci 760/datasets/A-/cluster_1_5216.BMP,ok,0.7709344660194175,77.09344660194175,False,normal,96,103,7623,9888,A-/cluster_1_5216.BMP,A-
/Users/a75027/Desktop/compsci 760/datasets/A-/cluster_1_5218.BMP,ok,0.7149069579288025,71.49069579288026,False,normal,96,103,7069,9888,A-/cluster_1_5218.BMP,A-
/Users/a75027/Desktop/compsci 760/datasets/A-/cluster_1_5221.BMP,ok,0.7305825242718447,73.05825242718447,False,normal,96,103,7224,9888,A-/cluster_1_5221.BMP,A-
/Users/a75027/Desktop/compsci 760/datasets/A-/cluster_1_5222.BMP,ok,0.8087580906148867,80.87580906148867,False,normal,96,103,7997,9888,A-/cluster_1_5222.BMP,A-
/Users/a75027/Desktop/compsci 760/datasets/A-/cluster_1_5224.BMP,ok,0.7738673139158576,77.38673139158576,False,normal,96,103,7652,9888,A-/cluster_1_5224.BMP,A-
/Users/a75027/Desktop/compsci 760/datasets/A-/cluster_1_5227.BMP,ok,0.7945995145631068,79.45995145631069,False,normal,96,103,7857,9888,A-/cluster_1_5227.BMP,A-
/Users/a75027/Desktop/compsci 760/datasets/A-/cluster_1_5228.BMP,ok,0.818871359223301,81.8871359223301,False,normal,96,103,8097,9888,A-/cluster_1_5228.BMP,A-
/Users/a75027/Desktop/compsci 760/datasets/A-/cluster_1_5243.BMP,ok,0.8439522653721683,84.39522653721683,False,normal,96,103,8345,9888,A-/cluster_1_5243.BMP,A-
/Users/a75027/Desktop/compsci 760/datasets/A-/cluster_1_5245.BMP,ok,0.7574838187702265,75.74838187702265,False,normal,96,103,7490,9888,A-/cluster_1_5245.BMP,A-
/Users/a75027/Desktop/compsci 760/datasets/A-/cluster_1_5252.BMP,ok,0.7775080906148867,77.75080906148867,False,normal,96,103,7688,9888,A-/cluster_1_5252.BMP,A-
/Users/a75027/Desktop/compsci 760/datasets/A-/cluster_1_5255.BMP,ok,0.78125,78.125,False,normal,96,103,7725,9888,A-/cluster_1_5255.BMP,A-
/Users/a75027/Desktop/compsci 760/datasets/A-/cluster_1_526.BMP,ok,0.7985436893203883,79.85436893203884,False,normal,96,103,7896,9888,A-/cluster_1_526.BMP,A-
/Users/a75027/Desktop/compsci 760/datasets/A-/cluster_1_5263.BMP,ok,0.8916868932038835,89.16868932038835,False,normal,96,103,8817,9888,A-/cluster_1_5263.BMP,A-
/Users/a75027/Desktop/compsci 760/datasets/A-/cluster_1_5275.BMP,ok,0.7834749190938511,78.34749190938511,False,normal,96,103,7747,9888,A-/cluster_1_5275.BMP,A-
/Users/a75027/Desktop/compsci 760/datasets/A-/cluster_1_5279.BMP,ok,0.7035800970873787,70.35800970873787,False,normal,96,103,6957,9888,A-/cluster_1_5279.BMP,A-
/Users/a75027/Desktop/compsci 760/datasets/A-/cluster_1_528.BMP,ok,0.7302791262135923,73.02791262135922,False,normal,96,103,7221,9888,A-/cluster_1_528.BMP,A-
/Users/a75027/Desktop/compsci 760/datasets/A-/cluster_1_5280.BMP,ok,0.7706310679611651,77.06310679611651,False,normal,96,103,7620,9888,A-/cluster_1_5280.BMP,A-
/Users/a75027/Desktop/compsci 760/datasets/A-/cluster_1_5281.BMP,ok,0.7892394822006472,78.92394822006472,False,normal,96,103,7804,9888,A-/cluster_1_5281.BMP,A-
/Users/a75027/Desktop/compsci 760/datasets/A-/cluster_1_5287.BMP,ok,0.8684263754045307,86.84263754045307,False,normal,96,103,8587,9888,A-/cluster_1_5287.BMP,A-
/Users/a75027/Desktop/compsci 760/datasets/A-/cluster_1_5294.BMP,ok,0.8189724919093851,81.89724919093851,False,normal,96,103,8098,9888,A-/cluster_1_5294.BMP,A-
/Users/a75027/Desktop/compsci 760/datasets/A-/cluster_1_5296.BMP,ok,0.7656755663430421,76.56755663430421,False,normal,96,103,7571,9888,A-/cluster_1_5296.BMP,A-
/Users/a75027/Desktop/compsci 760/datasets/A-/cluster_1_530.BMP,ok,0.7707322006472492,77.07322006472492,False,normal,96,103,7621,9888,A-/cluster_1_530.BMP,A-
/Users/a75027/Desktop/compsci 760/datasets/A-/cluster_1_5306.BMP,ok,0.762843851132686,76.2843851132686,False,normal,96,103,7543,9888,A-/cluster_1_5306.BMP,A-
/Users/a75027/Desktop/compsci 760/datasets/A-/cluster_1_5310.BMP,ok,0.7932847896440129,79.3284789644013,False,normal,96,103,7844,9888,A-/cluster_1_5310.BMP,A-
/Users/a75027/Desktop/compsci 760/datasets/A-/cluster_1_5318.BMP,ok,0.8843042071197411,88.43042071197411,False,normal,96,103,8744,9888,A-/cluster_1_5318.BMP,A-
/Users/a75027/Desktop/compsci 760/datasets/A-/cluster_1_5322.BMP,ok,0.8353559870550162,83.53559870550163,False,normal,96,103,8260,9888,A-/cluster_1_5322.BMP,A-
/Users/a75027/Desktop/compsci 760/datasets/A-/cluster_1_5323.BMP,ok,0.7749797734627831,77.49797734627832,False,normal,96,103,7663,9888,A-/cluster_1_5323.BMP,A-
/Users/a75027/Desktop/compsci 760/datasets/A-/cluster_1_5334.BMP,ok,0.8276699029126213,82.76699029126213,False,normal,96,103,8184,9888,A-/cluster_1_5334.BMP,A-
/Users/a75027/Desktop/compsci 760/datasets/A-/cluster_1_5339.BMP,ok,0.7615291262135923,76.15291262135922,False,normal,96,103,7530,9888,A-/cluster_1_5339.BMP,A-
/Users/a75027/Desktop/compsci 760/datasets/A-/cluster_1_5355.BMP,ok,0.7524271844660194,75.24271844660194,False,normal,96,103,7440,9888,A-/cluster_1_5355.BMP,A-
/Users/a75027/Desktop/compsci 760/datasets/A-/cluster_1_5359.BMP,ok,0.7882281553398058,78.82281553398059,False,normal,96,103,7794,9888,A-/cluster_1_5359.BMP,A-
/Users/a75027/Desktop/compsci 760/datasets/A-/cluster_1_5361.BMP,ok,0.806128640776699,80.6128640776699,False,normal,96,103,7971,9888,A-/cluster_1_5361.BMP,A-
/Users/a75027/Desktop/compsci 760/datasets/A-/cluster_1_5373.BMP,ok,1.0,100.0,True,coverage_too_high,96,103,9888,9888,A-/cluster_1_5373.BMP,A-
/Users/a75027/Desktop/compsci 760/datasets/A-/cluster_1_5377.BMP,ok,0.7756877022653722,77.56877022653723,False,normal,96,103,7670,9888,A-/cluster_1_5377.BMP,A-
/Users/a75027/Desktop/compsci 760/datasets/A-/cluster_1_5378.BMP,ok,0.7796318770226537,77.96318770226537,False,normal,96,103,7709,9888,A-/cluster_1_5378.BMP,A-
/Users/a75027/Desktop/compsci 760/datasets/A-/cluster_1_5379.BMP,ok,0.8184668284789643,81.84668284789643,False,normal,96,103,8093,9888,A-/cluster_1_5379.BMP,A-
/Users/a75027/Desktop/compsci 760/datasets/A-/cluster_1_5385.BMP,ok,0.8205906148867314,82.05906148867314,False,normal,96,103,8114,9888,A-/cluster_1_5385.BMP,A-
/Users/a75027/Desktop/compsci 760/datasets/A-/cluster_1_5393.BMP,ok,0.8318163430420712,83.18163430420712,False,normal,96,103,8225,9888,A-/cluster_1_5393.BMP,A-
/Users/a75027/Desktop/compsci 760/datasets/A-/cluster_1_5397.BMP,ok,0.8507281553398058,85.07281553398059,False,normal,96,103,8412,9888,A-/cluster_1_5397.BMP,A-
/Users/a75027/Desktop/compsci 760/datasets/A-/cluster_1_5398.BMP,ok,0.8404126213592233,84.04126213592234,False,normal,96,103,8310,9888,A-/cluster_1_5398.BMP,A-
/Users/a75027/Desktop/compsci 760/datasets/A-/cluster_1_5407.BMP,ok,0.7887338187702265,78.87338187702265,False,normal,96,103,7799,9888,A-/cluster_1_5407.BMP,A-
/Users/a75027/Desktop/compsci 760/datasets/A-/cluster_1_5410.BMP,ok,1.0,100.0,True,coverage_too_high,96,103,9888,9888,A-/cluster_1_5410.BMP,A-
/Users/a75027/Desktop/compsci 760/datasets/A-/cluster_1_5425.BMP,ok,0.8162419093851133,81.62419093851133,False,normal,96,103,8071,9888,A-/cluster_1_5425.BMP,A-
/Users/a75027/Desktop/compsci 760/datasets/A-/cluster_1_5428.BMP,ok,0.8272653721682848,82.72653721682848,False,normal,96,103,8180,9888,A-/cluster_1_5428.BMP,A-
/Users/a75027/Desktop/compsci 760/datasets/A-/cluster_1_5434.BMP,ok,0.8401092233009708,84.01092233009709,False,normal,96,103,8307,9888,A-/cluster_1_5434.BMP,A-
/Users/a75027/Desktop/compsci 760/datasets/A-/cluster_1_5442.BMP,ok,0.7706310679611651,77.06310679611651,False,normal,96,103,7620,9888,A-/cluster_1_5442.BMP,A-
/Users/a75027/Desktop/compsci 760/datasets/A-/cluster_1_5444.BMP,ok,0.8503236245954693,85.03236245954693,False,normal,96,103,8408,9888,A-/cluster_1_5444.BMP,A-
/Users/a75027/Desktop/compsci 760/datasets/A-/cluster_1_5446.BMP,ok,0.7644619741100324,76.44619741100324,False,normal,96,103,7559,9888,A-/cluster_1_5446.BMP,A-
/Users/a75027/Desktop/compsci 760/datasets/A-/cluster_1_545.BMP,ok,0.8156351132686084,81.56351132686083,False,normal,96,103,8065,9888,A-/cluster_1_545.BMP,A-
/Users/a75027/Desktop/compsci 760/datasets/A-/cluster_1_5454.BMP,ok,0.7561690938511327,75.61690938511327,False,normal,96,103,7477,9888,A-/cluster_1_5454.BMP,A-
/Users/a75027/Desktop/compsci 760/datasets/A-/cluster_1_5463.BMP,ok,0.8055218446601942,80.55218446601941,False,normal,96,103,7965,9888,A-/cluster_1_5463.BMP,A-
/Users/a75027/Desktop/compsci 760/datasets/A-/cluster_1_5467.BMP,ok,0.6637338187702265,66.37338187702265,False,normal,96,103,6563,9888,A-/cluster_1_5467.BMP,A-
/Users/a75027/Desktop/compsci 760/datasets/A-/cluster_1_5469.BMP,ok,0.7445388349514563,74.45388349514563,False,normal,96,103,7362,9888,A-/cluster_1_5469.BMP,A-
/Users/a75027/Desktop/compsci 760/datasets/A-/cluster_1_547.BMP,ok,1.0,100.0,True,coverage_too_high,96,103,9888,9888,A-/cluster_1_547.BMP,A-
/Users/a75027/Desktop/compsci 760/datasets/A-/cluster_1_5475.BMP,ok,0.8634708737864077,86.34708737864078,False,normal,96,103,8538,9888,A-/cluster_1_5475.BMP,A-
/Users/a75027/Desktop/compsci 760/datasets/A-/cluster_1_548.BMP,ok,0.825950647249191,82.5950647249191,False,normal,96,103,8167,9888,A-/cluster_1_548.BMP,A-
/Users/a75027/Desktop/compsci 760/datasets/A-/cluster_1_5482.BMP,ok,0.7637540453074434,76.37540453074433,False,normal,96,103,7552,9888,A-/cluster_1_5482.BMP,A-
/Users/a75027/Desktop/compsci 760/datasets/A-/cluster_1_5489.BMP,ok,0.6974110032362459,69.7411003236246,False,normal,96,103,6896,9888,A-/cluster_1_5489.BMP,A-
/Users/a75027/Desktop/compsci 760/datasets/A-/cluster_1_5490.BMP,ok,0.7837783171521036,78.37783171521036,False,normal,96,103,7750,9888,A-/cluster_1_5490.BMP,A-
/Users/a75027/Desktop/compsci 760/datasets/A-/cluster_1_5496.BMP,ok,0.8931027508090615,89.31027508090615,False,normal,96,103,8831,9888,A-/cluster_1_5496.BMP,A-
/Users/a75027/Desktop/compsci 760/datasets/A-/cluster_1_550.BMP,ok,0.7967233009708737,79.67233009708737,False,normal,96,103,7878,9888,A-/cluster_1_550.BMP,A-
/Users/a75027/Desktop/compsci 760/datasets/A-/cluster_1_5501.BMP,ok,0.7026699029126213,70.26699029126213,False,normal,96,103,6948,9888,A-/cluster_1_5501.BMP,A-
/Users/a75027/Desktop/compsci 760/datasets/A-/cluster_1_5511.BMP,ok,0.7661812297734628,76.61812297734627,False,normal,96,103,7576,9888,A-/cluster_1_5511.BMP,A-
/Users/a75027/Desktop/compsci 760/datasets/A-/cluster_1_5523.BMP,ok,0.8534587378640777,85.34587378640776,False,normal,96,103,8439,9888,A-/cluster_1_5523.BMP,A-
/Users/a75027/Desktop/compsci 760/datasets/A-/cluster_1_5530.BMP,ok,0.8864279935275081,88.64279935275081,False,normal,96,103,8765,9888,A-/cluster_1_5530.BMP,A-
/Users/a75027/Desktop/compsci 760/datasets/A-/cluster_1_5533.BMP,ok,0.7813511326860841,78.13511326860841,False,normal,96,103,7726,9888,A-/cluster_1_5533.BMP,A-
/Users/a75027/Desktop/compsci 760/datasets/A-/cluster_1_5536.BMP,ok,0.7447411003236246,74.47411003236246,False,normal,96,103,7364,9888,A-/cluster_1_5536.BMP,A-
/Users/a75027/Desktop/compsci 760/datasets/A-/cluster_1_5545.BMP,ok,0.8553802588996764,85.53802588996764,False,normal,96,103,8458,9888,A-/cluster_1_5545.BMP,A-
/Users/a75027/Desktop/compsci 760/datasets/A-/cluster_1_555.BMP,ok,0.8336367313915858,83.36367313915858,False,normal,96,103,8243,9888,A-/cluster_1_555.BMP,A-
/Users/a75027/Desktop/compsci 760/datasets/A-/cluster_1_5550.BMP,ok,0.7646642394822006,76.46642394822007,False,normal,96,103,7561,9888,A-/cluster_1_5550.BMP,A-
/Users/a75027/Desktop/compsci 760/datasets/A-/cluster_1_5556.BMP,ok,1.0,100.0,True,coverage_too_high,96,103,9888,9888,A-/cluster_1_5556.BMP,A-
/Users/a75027/Desktop/compsci 760/datasets/A-/cluster_1_5559.BMP,ok,0.8083535598705501,80.83535598705501,False,normal,96,103,7993,9888,A-/cluster_1_5559.BMP,A-
/Users/a75027/Desktop/compsci 760/datasets/A-/cluster_1_5568.BMP,ok,0.7409991909385113,74.09991909385113,False,normal,96,103,7327,9888,A-/cluster_1_5568.BMP,A-
/Users/a75027/Desktop/compsci 760/datasets/A-/cluster_1_5569.BMP,ok,0.814623786407767,81.4623786407767,False,normal,96,103,8055,9888,A-/cluster_1_5569.BMP,A-
/Users/a75027/Desktop/compsci 760/datasets/A-/cluster_1_5573.BMP,ok,0.7839805825242718,78.39805825242718,False,normal,96,103,7752,9888,A-/cluster_1_5573.BMP,A-
/Users/a75027/Desktop/compsci 760/datasets/A-/cluster_1_558.BMP,ok,0.7950040453074434,79.50040453074433,False,normal,96,103,7861,9888,A-/cluster_1_558.BMP,A-
/Users/a75027/Desktop/compsci 760/datasets/A-/cluster_1_5582.BMP,ok,0.852245145631068,85.2245145631068,False,normal,96,103,8427,9888,A-/cluster_1_5582.BMP,A-
/Users/a75027/Desktop/compsci 760/datasets/A-/cluster_1_5587.BMP,ok,0.7340210355987055,73.40210355987054,False,normal,96,103,7258,9888,A-/cluster_1_5587.BMP,A-
/Users/a75027/Desktop/compsci 760/datasets/A-/cluster_1_5590.BMP,ok,0.754247572815534,75.4247572815534,False,normal,96,103,7458,9888,A-/cluster_1_5590.BMP,A-
/Users/a75027/Desktop/compsci 760/datasets/A-/cluster_1_5595.BMP,ok,0.7888349514563107,78.88349514563106,False,normal,96,103,7800,9888,A-/cluster_1_5595.BMP,A-
/Users/a75027/Desktop/compsci 760/datasets/A-/cluster_1_5596.BMP,ok,0.8258495145631068,82.58495145631069,False,normal,96,103,8166,9888,A-/cluster_1_5596.BMP,A-
/Users/a75027/Desktop/compsci 760/datasets/A-/cluster_1_56.BMP,ok,0.8002629449838188,80.02629449838187,False,normal,96,103,7913,9888,A-/cluster_1_56.BMP,A-
/Users/a75027/Desktop/compsci 760/datasets/A-/cluster_1_5602.BMP,ok,0.846581715210356,84.6581715210356,False,normal,96,103,8371,9888,A-/cluster_1_5602.BMP,A-
/Users/a75027/Desktop/compsci 760/datasets/A-/cluster_1_5605.BMP,ok,0.8812702265372169,88.12702265372168,False,normal,96,103,8714,9888,A-/cluster_1_5605.BMP,A-
/Users/a75027/Desktop/compsci 760/datasets/A-/cluster_1_5611.BMP,ok,0.7755865695792881,77.5586569579288,False,normal,96,103,7669,9888,A-/cluster_1_5611.BMP,A-
/Users/a75027/Desktop/compsci 760/datasets/A-/cluster_1_5613.BMP,ok,0.7622370550161812,76.22370550161813,False,normal,96,103,7537,9888,A-/cluster_1_5613.BMP,A-
/Users/a75027/Desktop/compsci 760/datasets/A-/cluster_1_5614.BMP,ok,0.8684263754045307,86.84263754045307,False,normal,96,103,8587,9888,A-/cluster_1_5614.BMP,A-
/Users/a75027/Desktop/compsci 760/datasets/A-/cluster_1_5624.BMP,ok,0.8459749190938511,84.59749190938511,False,normal,96,103,8365,9888,A-/cluster_1_5624.BMP,A-
/Users/a75027/Desktop/compsci 760/datasets/A-/cluster_1_5628.BMP,ok,0.8431432038834952,84.31432038834951,False,normal,96,103,8337,9888,A-/cluster_1_5628.BMP,A-
/Users/a75027/Desktop/compsci 760/datasets/A-/cluster_1_563.BMP,ok,0.7691140776699029,76.9114077669903,False,normal,96,103,7605,9888,A-/cluster_1_563.BMP,A-
/Users/a75027/Desktop/compsci 760/datasets/A-/cluster_1_5654.BMP,ok,0.8186690938511327,81.86690938511327,False,normal,96,103,8095,9888,A-/cluster_1_5654.BMP,A-
/Users/a75027/Desktop/compsci 760/datasets/A-/cluster_1_5658.BMP,ok,0.8551779935275081,85.51779935275081,False,normal,96,103,8456,9888,A-/cluster_1_5658.BMP,A-
/Users/a75027/Desktop/compsci 760/datasets/A-/cluster_1_5659.BMP,ok,0.7061084142394822,70.61084142394822,False,normal,96,103,6982,9888,A-/cluster_1_5659.BMP,A-
/Users/a75027/Desktop/compsci 760/datasets/A-/cluster_1_5662.BMP,ok,0.7084157175081456,70.84157175081455,False,normal,241,298,50877,71818,A-/cluster_1_5662.BMP,A-
/Users/a75027/Desktop/compsci 760/datasets/A-/cluster_1_5666.BMP,ok,0.7642597087378641,76.42597087378641,False,normal,96,103,7557,9888,A-/cluster_1_5666.BMP,A-
/Users/a75027/Desktop/compsci 760/datasets/A-/cluster_1_5669.BMP,ok,0.7544348213539781,75.44348213539782,False,normal,241,298,54182,71818,A-/cluster_1_5669.BMP,A-
/Users/a75027/Desktop/compsci 760/datasets/A-/cluster_1_5674.BMP,ok,1.0,100.0,True,coverage_too_high,96,103,9888,9888,A-/cluster_1_5674.BMP,A-
/Users/a75027/Desktop/compsci 760/datasets/A-/cluster_1_5676.BMP,ok,0.745752427184466,74.5752427184466,False,normal,96,103,7374,9888,A-/cluster_1_5676.BMP,A-
/Users/a75027/Desktop/compsci 760/datasets/A-/cluster_1_5688.BMP,ok,0.8150283171521036,81.50283171521036,False,normal,96,103,8059,9888,A-/cluster_1_5688.BMP,A-
/Users/a75027/Desktop/compsci 760/datasets/A-/cluster_1_5695.BMP,ok,0.7391788025889967,73.91788025889967,False,normal,96,103,7309,9888,A-/cluster_1_5695.BMP,A-
/Users/a75027/Desktop/compsci 760/datasets/A-/cluster_1_5710.BMP,ok,0.7886326860841424,78.86326860841424,False,normal,96,103,7798,9888,A-/cluster_1_5710.BMP,A-
/Users/a75027/Desktop/compsci 760/datasets/A-/cluster_1_5713.BMP,ok,0.8832928802588996,88.32928802588997,False,normal,96,103,8734,9888,A-/cluster_1_5713.BMP,A-
/Users/a75027/Desktop/compsci 760/datasets/A-/cluster_1_5724.BMP,ok,0.6875,68.75,False,normal,96,103,6798,9888,A-/cluster_1_5724.BMP,A-
/Users/a75027/Desktop/compsci 760/datasets/A-/cluster_1_5725.BMP,ok,0.7393810679611651,73.93810679611651,False,normal,96,103,7311,9888,A-/cluster_1_5725.BMP,A-
/Users/a75027/Desktop/compsci 760/datasets/A-/cluster_1_5733.BMP,ok,0.7969255663430421,79.69255663430421,False,normal,96,103,7880,9888,A-/cluster_1_5733.BMP,A-
/Users/a75027/Desktop/compsci 760/datasets/A-/cluster_1_5738.BMP,ok,0.8598300970873787,85.98300970873787,False,normal,96,103,8502,9888,A-/cluster_1_5738.BMP,A-
/Users/a75027/Desktop/compsci 760/datasets/A-/cluster_1_5743.BMP,ok,0.8593244336569579,85.93244336569579,False,normal,96,103,8497,9888,A-/cluster_1_5743.BMP,A-
/Users/a75027/Desktop/compsci 760/datasets/A-/cluster_1_5754.BMP,ok,0.8229166666666666,82.29166666666666,False,normal,96,103,8137,9888,A-/cluster_1_5754.BMP,A-
/Users/a75027/Desktop/compsci 760/datasets/A-/cluster_1_5757.BMP,ok,1.0,100.0,True,coverage_too_high,96,103,9888,9888,A-/cluster_1_5757.BMP,A-
/Users/a75027/Desktop/compsci 760/datasets/A-/cluster_1_5778.BMP,ok,0.8653923948220065,86.53923948220064,False,normal,96,103,8557,9888,A-/cluster_1_5778.BMP,A-
/Users/a75027/Desktop/compsci 760/datasets/A-/cluster_1_5779.BMP,ok,0.7586974110032363,75.86974110032362,False,normal,96,103,7502,9888,A-/cluster_1_5779.BMP,A-
/Users/a75027/Desktop/compsci 760/datasets/A-/cluster_1_5782.BMP,ok,0.852245145631068,85.2245145631068,False,normal,96,103,8427,9888,A-/cluster_1_5782.BMP,A-
/Users/a75027/Desktop/compsci 760/datasets/A-/cluster_1_5784.BMP,ok,0.8264563106796117,82.64563106796116,False,normal,96,103,8172,9888,A-/cluster_1_5784.BMP,A-
/Users/a75027/Desktop/compsci 760/datasets/A-/cluster_1_5787.BMP,ok,0.7653721682847896,76.53721682847896,False,normal,96,103,7568,9888,A-/cluster_1_5787.BMP,A-
/Users/a75027/Desktop/compsci 760/datasets/A-/cluster_1_5789.BMP,ok,0.8716626213592233,87.16626213592234,False,normal,96,103,8619,9888,A-/cluster_1_5789.BMP,A-
/Users/a75027/Desktop/compsci 760/datasets/A-/cluster_1_579.BMP,ok,0.745044498381877,74.5044498381877,False,normal,96,103,7367,9888,A-/cluster_1_579.BMP,A-
/Users/a75027/Desktop/compsci 760/datasets/A-/cluster_1_5794.BMP,ok,0.7957119741100324,79.57119741100324,False,normal,96,103,7868,9888,A-/cluster_1_5794.BMP,A-
/Users/a75027/Desktop/compsci 760/datasets/A-/cluster_1_5797.BMP,ok,0.7652710355987055,76.52710355987054,False,normal,96,103,7567,9888,A-/cluster_1_5797.BMP,A-
/Users/a75027/Desktop/compsci 760/datasets/A-/cluster_1_5801.BMP,ok,0.8940129449838188,89.40129449838187,False,normal,96,103,8840,9888,A-/cluster_1_5801.BMP,A-
/Users/a75027/Desktop/compsci 760/datasets/A-/cluster_1_5802.BMP,ok,0.7892394822006472,78.92394822006472,False,normal,96,103,7804,9888,A-/cluster_1_5802.BMP,A-
/Users/a75027/Desktop/compsci 760/datasets/A-/cluster_1_5816.BMP,ok,0.8225121359223301,82.25121359223301,False,normal,96,103,8133,9888,A-/cluster_1_5816.BMP,A-
/Users/a75027/Desktop/compsci 760/datasets/A-/cluster_1_5819.BMP,ok,0.7220873786407767,72.20873786407766,False,normal,96,103,7140,9888,A-/cluster_1_5819.BMP,A-
/Users/a75027/Desktop/compsci 760/datasets/A-/cluster_1_5821.BMP,ok,0.7459546925566343,74.59546925566343,False,normal,96,103,7376,9888,A-/cluster_1_5821.BMP,A-
/Users/a75027/Desktop/compsci 760/datasets/A-/cluster_1_5838.BMP,ok,0.8044093851132686,80.44093851132686,False,normal,96,103,7954,9888,A-/cluster_1_5838.BMP,A-
/Users/a75027/Desktop/compsci 760/datasets/A-/cluster_1_584.BMP,ok,0.7910598705501618,79.10598705501619,False,normal,96,103,7822,9888,A-/cluster_1_584.BMP,A-
/Users/a75027/Desktop/compsci 760/datasets/A-/cluster_1_5840.BMP,ok,0.7860032362459547,78.60032362459548,False,normal,96,103,7772,9888,A-/cluster_1_5840.BMP,A-
/Users/a75027/Desktop/compsci 760/datasets/A-/cluster_1_5848.BMP,ok,0.8292880258899676,82.92880258899676,False,normal,96,103,8200,9888,A-/cluster_1_5848.BMP,A-
/Users/a75027/Desktop/compsci 760/datasets/A-/cluster_1_5857.BMP,ok,0.7291666666666666,72.91666666666666,False,normal,96,103,7210,9888,A-/cluster_1_5857.BMP,A-
/Users/a75027/Desktop/compsci 760/datasets/A-/cluster_1_5878.BMP,ok,0.8726739482200647,87.26739482200647,False,normal,96,103,8629,9888,A-/cluster_1_5878.BMP,A-
/Users/a75027/Desktop/compsci 760/datasets/A-/cluster_1_5882.BMP,ok,0.8051173139158576,80.51173139158576,False,normal,96,103,7961,9888,A-/cluster_1_5882.BMP,A-
/Users/a75027/Desktop/compsci 760/datasets/A-/cluster_1_5891.BMP,ok,0.82665857605178,82.66585760517799,False,normal,96,103,8174,9888,A-/cluster_1_5891.BMP,A-
/Users/a75027/Desktop/compsci 760/datasets/A-/cluster_1_5898.BMP,ok,0.7949029126213593,79.49029126213593,False,normal,96,103,7860,9888,A-/cluster_1_5898.BMP,A-
/Users/a75027/Desktop/compsci 760/datasets/A-/cluster_1_5901.BMP,ok,0.772754854368932,77.2754854368932,False,normal,96,103,7641,9888,A-/cluster_1_5901.BMP,A-
/Users/a75027/Desktop/compsci 760/datasets/A-/cluster_1_5907.BMP,ok,0.7756877022653722,77.56877022653723,False,normal,96,103,7670,9888,A-/cluster_1_5907.BMP,A-
/Users/a75027/Desktop/compsci 760/datasets/A-/cluster_1_5920.BMP,ok,0.7384708737864077,73.84708737864078,False,normal,96,103,7302,9888,A-/cluster_1_5920.BMP,A-
/Users/a75027/Desktop/compsci 760/datasets/A-/cluster_1_5927.BMP,ok,0.8865291262135923,88.65291262135922,False,normal,96,103,8766,9888,A-/cluster_1_5927.BMP,A-
/Users/a75027/Desktop/compsci 760/datasets/A-/cluster_1_5935.BMP,ok,0.7765978964401294,77.65978964401295,False,normal,96,103,7679,9888,A-/cluster_1_5935.BMP,A-
/Users/a75027/Desktop/compsci 760/datasets/A-/cluster_1_5945.BMP,ok,0.8342435275080906,83.42435275080906,False,normal,96,103,8249,9888,A-/cluster_1_5945.BMP,A-
/Users/a75027/Desktop/compsci 760/datasets/A-/cluster_1_5949.BMP,ok,0.7841828478964401,78.418284789644,False,normal,96,103,7754,9888,A-/cluster_1_5949.BMP,A-
/Users/a75027/Desktop/compsci 760/datasets/A-/cluster_1_5953.BMP,ok,0.783373786407767,78.3373786407767,False,normal,96,103,7746,9888,A-/cluster_1_5953.BMP,A-
/Users/a75027/Desktop/compsci 760/datasets/A-/cluster_1_5955.BMP,ok,0.7991504854368932,79.91504854368931,False,normal,96,103,7902,9888,A-/cluster_1_5955.BMP,A-
/Users/a75027/Desktop/compsci 760/datasets/A-/cluster_1_596.BMP,ok,0.7766990291262136,77.66990291262135,False,normal,96,103,7680,9888,A-/cluster_1_596.BMP,A-
/Users/a75027/Desktop/compsci 760/datasets/A-/cluster_1_5972.BMP,ok,0.8370752427184466,83.70752427184466,False,normal,96,103,8277,9888,A-/cluster_1_5972.BMP,A-
/Users/a75027/Desktop/compsci 760/datasets/A-/cluster_1_5982.BMP,ok,0.8774271844660194,87.74271844660194,False,normal,96,103,8676,9888,A-/cluster_1_5982.BMP,A-
/Users/a75027/Desktop/compsci 760/datasets/A-/cluster_1_5984.BMP,ok,0.8023867313915858,80.23867313915858,False,normal,96,103,7934,9888,A-/cluster_1_5984.BMP,A-
/Users/a75027/Desktop/compsci 760/datasets/A-/cluster_1_599.BMP,ok,0.7503033980582524,75.03033980582524,False,normal,96,103,7419,9888,A-/cluster_1_599.BMP,A-
/Users/a75027/Desktop/compsci 760/datasets/A-/cluster_1_5991.BMP,ok,0.8560881877022654,85.60881877022653,False,normal,96,103,8465,9888,A-/cluster_1_5991.BMP,A-
/Users/a75027/Desktop/compsci 760/datasets/A-/cluster_1_5996.BMP,ok,0.8846076051779935,88.46076051779936,False,normal,96,103,8747,9888,A-/cluster_1_5996.BMP,A-
/Users/a75027/Desktop/compsci 760/datasets/A-/cluster_1_5997.BMP,ok,0.8193770226537217,81.93770226537217,False,normal,96,103,8102,9888,A-/cluster_1_5997.BMP,A-
/Users/a75027/Desktop/compsci 760/datasets/A-/cluster_1_5998.BMP,ok,0.8029935275080906,80.29935275080906,False,normal,96,103,7940,9888,A-/cluster_1_5998.BMP,A-
/Users/a75027/Desktop/compsci 760/datasets/A-/cluster_1_600.BMP,ok,0.778418284789644,77.8418284789644,False,normal,96,103,7697,9888,A-/cluster_1_600.BMP,A-
/Users/a75027/Desktop/compsci 760/datasets/A-/cluster_1_603.BMP,ok,0.7922734627831716,79.22734627831716,False,normal,96,103,7834,9888,A-/cluster_1_603.BMP,A-
/Users/a75027/Desktop/compsci 760/datasets/A-/cluster_1_605.BMP,ok,1.0,100.0,True,coverage_too_high,96,103,9888,9888,A-/cluster_1_605.BMP,A-
/Users/a75027/Desktop/compsci 760/datasets/A-/cluster_1_606.BMP,ok,0.8477953074433657,84.77953074433657,False,normal,96,103,8383,9888,A-/cluster_1_606.BMP,A-
/Users/a75027/Desktop/compsci 760/datasets/A-/cluster_1_611.BMP,ok,0.8787419093851133,87.87419093851133,False,normal,96,103,8689,9888,A-/cluster_1_611.BMP,A-
/Users/a75027/Desktop/compsci 760/datasets/A-/cluster_1_613.BMP,ok,0.7789239482200647,77.89239482200647,False,normal,96,103,7702,9888,A-/cluster_1_613.BMP,A-
/Users/a75027/Desktop/compsci 760/datasets/A-/cluster_1_615.BMP,ok,0.7861043689320388,78.61043689320388,False,normal,96,103,7773,9888,A-/cluster_1_615.BMP,A-
/Users/a75027/Desktop/compsci 760/datasets/A-/cluster_1_618.BMP,ok,0.7731593851132686,77.31593851132686,False,normal,96,103,7645,9888,A-/cluster_1_618.BMP,A-
/Users/a75027/Desktop/compsci 760/datasets/A-/cluster_1_621.BMP,ok,0.7992516181229773,79.92516181229773,False,normal,96,103,7903,9888,A-/cluster_1_621.BMP,A-
/Users/a75027/Desktop/compsci 760/datasets/A-/cluster_1_627.BMP,ok,0.7537419093851133,75.37419093851133,False,normal,96,103,7453,9888,A-/cluster_1_627.BMP,A-
/Users/a75027/Desktop/compsci 760/datasets/A-/cluster_1_629.BMP,ok,0.7636529126213593,76.36529126213593,False,normal,96,103,7551,9888,A-/cluster_1_629.BMP,A-
/Users/a75027/Desktop/compsci 760/datasets/A-/cluster_1_63.BMP,ok,0.7733616504854369,77.33616504854369,False,normal,96,103,7647,9888,A-/cluster_1_63.BMP,A-
/Users/a75027/Desktop/compsci 760/datasets/A-/cluster_1_637.BMP,ok,0.8725728155339806,87.25728155339806,False,normal,96,103,8628,9888,A-/cluster_1_637.BMP,A-
/Users/a75027/Desktop/compsci 760/datasets/A-/cluster_1_640.BMP,ok,0.784081715210356,78.4081715210356,False,normal,96,103,7753,9888,A-/cluster_1_640.BMP,A-
/Users/a75027/Desktop/compsci 760/datasets/A-/cluster_1_652.BMP,ok,1.0,100.0,True,coverage_too_high,96,103,9888,9888,A-/cluster_1_652.BMP,A-
/Users/a75027/Desktop/compsci 760/datasets/A-/cluster_1_658.BMP,ok,0.8752022653721683,87.52022653721683,False,normal,96,103,8654,9888,A-/cluster_1_658.BMP,A-
/Users/a75027/Desktop/compsci 760/datasets/A-/cluster_1_659.BMP,ok,0.823220064724919,82.3220064724919,False,normal,96,103,8140,9888,A-/cluster_1_659.BMP,A-
/Users/a75027/Desktop/compsci 760/datasets/A-/cluster_1_66.BMP,ok,0.79540857605178,79.54085760517799,False,normal,96,103,7865,9888,A-/cluster_1_66.BMP,A-
/Users/a75027/Desktop/compsci 760/datasets/A-/cluster_1_67.BMP,ok,0.7527305825242718,75.27305825242718,False,normal,96,103,7443,9888,A-/cluster_1_67.BMP,A-
/Users/a75027/Desktop/compsci 760/datasets/A-/cluster_1_673.BMP,ok,0.7556634304207119,75.5663430420712,False,normal,96,103,7472,9888,A-/cluster_1_673.BMP,A-
/Users/a75027/Desktop/compsci 760/datasets/A-/cluster_1_675.BMP,ok,0.8094660194174758,80.94660194174757,False,normal,96,103,8004,9888,A-/cluster_1_675.BMP,A-
/Users/a75027/Desktop/compsci 760/datasets/A-/cluster_1_680.BMP,ok,0.8225121359223301,82.25121359223301,False,normal,96,103,8133,9888,A-/cluster_1_680.BMP,A-
/Users/a75027/Desktop/compsci 760/datasets/A-/cluster_1_685.BMP,ok,0.8516383495145631,85.16383495145631,False,normal,96,103,8421,9888,A-/cluster_1_685.BMP,A-
/Users/a75027/Desktop/compsci 760/datasets/A-/cluster_1_690.BMP,ok,0.7108616504854369,71.08616504854369,False,normal,96,103,7029,9888,A-/cluster_1_690.BMP,A-
/Users/a75027/Desktop/compsci 760/datasets/A-/cluster_1_699.BMP,ok,0.8542677993527508,85.42677993527508,False,normal,96,103,8447,9888,A-/cluster_1_699.BMP,A-
/Users/a75027/Desktop/compsci 760/datasets/A-/cluster_1_704.BMP,ok,0.8194781553398058,81.94781553398059,False,normal,96,103,8103,9888,A-/cluster_1_704.BMP,A-
/Users/a75027/Desktop/compsci 760/datasets/A-/cluster_1_708.BMP,ok,0.7794296116504854,77.94296116504854,False,normal,96,103,7707,9888,A-/cluster_1_708.BMP,A-
/Users/a75027/Desktop/compsci 760/datasets/A-/cluster_1_711.BMP,ok,0.758495145631068,75.8495145631068,False,normal,96,103,7500,9888,A-/cluster_1_711.BMP,A-
/Users/a75027/Desktop/compsci 760/datasets/A-/cluster_1_727.BMP,ok,0.7837783171521036,78.37783171521036,False,normal,96,103,7750,9888,A-/cluster_1_727.BMP,A-
/Users/a75027/Desktop/compsci 760/datasets/A-/cluster_1_73.BMP,ok,0.8343446601941747,83.43446601941747,False,normal,96,103,8250,9888,A-/cluster_1_73.BMP,A-
/Users/a75027/Desktop/compsci 760/datasets/A-/cluster_1_731.BMP,ok,0.8540655339805825,85.40655339805825,False,normal,96,103,8445,9888,A-/cluster_1_731.BMP,A-
/Users/a75027/Desktop/compsci 760/datasets/A-/cluster_1_738.BMP,ok,0.7698220064724919,76.98220064724919,False,normal,96,103,7612,9888,A-/cluster_1_738.BMP,A-
/Users/a75027/Desktop/compsci 760/datasets/A-/cluster_1_739.BMP,ok,0.7871156957928802,78.71156957928802,False,normal,96,103,7783,9888,A-/cluster_1_739.BMP,A-
/Users/a75027/Desktop/compsci 760/datasets/A-/cluster_1_74.BMP,ok,0.7405525077278676,74.05525077278676,False,normal,241,298,53185,71818,A-/cluster_1_74.BMP,A-
/Users/a75027/Desktop/compsci 760/datasets/A-/cluster_1_741.BMP,ok,0.7447411003236246,74.47411003236246,False,normal,96,103,7364,9888,A-/cluster_1_741.BMP,A-
/Users/a75027/Desktop/compsci 760/datasets/A-/cluster_1_743.BMP,ok,0.8408171521035599,84.081715210356,False,normal,96,103,8314,9888,A-/cluster_1_743.BMP,A-
/Users/a75027/Desktop/compsci 760/datasets/A-/cluster_1_757.BMP,ok,0.8233211974110033,82.33211974110033,False,normal,96,103,8141,9888,A-/cluster_1_757.BMP,A-
/Users/a75027/Desktop/compsci 760/datasets/A-/cluster_1_765.BMP,ok,0.7838794498381877,78.38794498381877,False,normal,96,103,7751,9888,A-/cluster_1_765.BMP,A-
/Users/a75027/Desktop/compsci 760/datasets/A-/cluster_1_767.BMP,ok,0.7269417475728155,72.69417475728154,False,normal,96,103,7188,9888,A-/cluster_1_767.BMP,A-
/Users/a75027/Desktop/compsci 760/datasets/A-/cluster_1_770.BMP,ok,0.801173139158576,80.11731391585761,False,normal,96,103,7922,9888,A-/cluster_1_770.BMP,A-
/Users/a75027/Desktop/compsci 760/datasets/A-/cluster_1_782.BMP,ok,0.7631472491909385,76.31472491909385,False,normal,96,103,7546,9888,A-/cluster_1_782.BMP,A-
/Users/a75027/Desktop/compsci 760/datasets/A-/cluster_1_791.BMP,ok,0.8164441747572816,81.64441747572816,False,normal,96,103,8073,9888,A-/cluster_1_791.BMP,A-
/Users/a75027/Desktop/compsci 760/datasets/A-/cluster_1_793.BMP,ok,0.8973503236245954,89.73503236245955,False,normal,96,103,8873,9888,A-/cluster_1_793.BMP,A-
/Users/a75027/Desktop/compsci 760/datasets/A-/cluster_1_795.BMP,ok,1.0,100.0,True,coverage_too_high,96,103,9888,9888,A-/cluster_1_795.BMP,A-
/Users/a75027/Desktop/compsci 760/datasets/A-/cluster_1_805.BMP,ok,0.8173543689320388,81.73543689320388,False,normal,96,103,8082,9888,A-/cluster_1_805.BMP,A-
/Users/a75027/Desktop/compsci 760/datasets/A-/cluster_1_806.BMP,ok,0.7785194174757282,77.85194174757282,False,normal,96,103,7698,9888,A-/cluster_1_806.BMP,A-
/Users/a75027/Desktop/compsci 760/datasets/A-/cluster_1_810.BMP,ok,0.8006674757281553,80.06674757281553,False,normal,96,103,7917,9888,A-/cluster_1_810.BMP,A-
/Users/a75027/Desktop/compsci 760/datasets/A-/cluster_1_811.BMP,ok,0.792576860841424,79.25768608414239,False,normal,96,103,7837,9888,A-/cluster_1_811.BMP,A-
/Users/a75027/Desktop/compsci 760/datasets/A-/cluster_1_821.BMP,ok,0.7792273462783171,77.92273462783172,False,normal,96,103,7705,9888,A-/cluster_1_821.BMP,A-
/Users/a75027/Desktop/compsci 760/datasets/A-/cluster_1_824.BMP,ok,0.7703276699029126,77.03276699029125,False,normal,96,103,7617,9888,A-/cluster_1_824.BMP,A-
/Users/a75027/Desktop/compsci 760/datasets/A-/cluster_1_83.BMP,ok,0.7786205501618123,77.86205501618123,False,normal,96,103,7699,9888,A-/cluster_1_83.BMP,A-
/Users/a75027/Desktop/compsci 760/datasets/A-/cluster_1_830.BMP,ok,0.7825647249190939,78.25647249190939,False,normal,96,103,7738,9888,A-/cluster_1_830.BMP,A-
/Users/a75027/Desktop/compsci 760/datasets/A-/cluster_1_835.BMP,ok,0.8240291262135923,82.40291262135922,False,normal,96,103,8148,9888,A-/cluster_1_835.BMP,A-
/Users/a75027/Desktop/compsci 760/datasets/A-/cluster_1_84.BMP,ok,0.8070388349514563,80.70388349514563,False,normal,96,103,7980,9888,A-/cluster_1_84.BMP,A-
/Users/a75027/Desktop/compsci 760/datasets/A-/cluster_1_841.BMP,ok,1.0,100.0,True,coverage_too_high,96,103,9888,9888,A-/cluster_1_841.BMP,A-
/Users/a75027/Desktop/compsci 760/datasets/A-/cluster_1_857.BMP,ok,0.8936084142394822,89.36084142394822,False,normal,96,103,8836,9888,A-/cluster_1_857.BMP,A-
/Users/a75027/Desktop/compsci 760/datasets/A-/cluster_1_86.BMP,ok,0.7189522653721683,71.89522653721683,False,normal,96,103,7109,9888,A-/cluster_1_86.BMP,A-
/Users/a75027/Desktop/compsci 760/datasets/A-/cluster_1_860.BMP,ok,0.8435477346278317,84.35477346278317,False,normal,96,103,8341,9888,A-/cluster_1_860.BMP,A-
/Users/a75027/Desktop/compsci 760/datasets/A-/cluster_1_862.BMP,ok,1.0,100.0,True,coverage_too_high,96,103,9888,9888,A-/cluster_1_862.BMP,A-
/Users/a75027/Desktop/compsci 760/datasets/A-/cluster_1_865.BMP,ok,0.6748584142394822,67.48584142394822,False,normal,96,103,6673,9888,A-/cluster_1_865.BMP,A-
/Users/a75027/Desktop/compsci 760/datasets/A-/cluster_1_873.BMP,ok,0.8454692556634305,84.54692556634305,False,normal,96,103,8360,9888,A-/cluster_1_873.BMP,A-
/Users/a75027/Desktop/compsci 760/datasets/A-/cluster_1_877.BMP,ok,0.72582928802589,72.582928802589,False,normal,96,103,7177,9888,A-/cluster_1_877.BMP,A-
/Users/a75027/Desktop/compsci 760/datasets/A-/cluster_1_883.BMP,ok,0.7916666666666666,79.16666666666666,False,normal,96,103,7828,9888,A-/cluster_1_883.BMP,A-
/Users/a75027/Desktop/compsci 760/datasets/A-/cluster_1_89.BMP,ok,0.813207928802589,81.32079288025889,False,normal,96,103,8041,9888,A-/cluster_1_89.BMP,A-
/Users/a75027/Desktop/compsci 760/datasets/A-/cluster_1_890.BMP,ok,0.7631472491909385,76.31472491909385,False,normal,96,103,7546,9888,A-/cluster_1_890.BMP,A-
/Users/a75027/Desktop/compsci 760/datasets/A-/cluster_1_894.BMP,ok,0.8076456310679612,80.76456310679612,False,normal,96,103,7986,9888,A-/cluster_1_894.BMP,A-
/Users/a75027/Desktop/compsci 760/datasets/A-/cluster_1_912.BMP,ok,0.7972289644012945,79.72289644012946,False,normal,96,103,7883,9888,A-/cluster_1_912.BMP,A-
/Users/a75027/Desktop/compsci 760/datasets/A-/cluster_1_913.BMP,ok,0.7304813915857605,73.04813915857605,False,normal,96,103,7223,9888,A-/cluster_1_913.BMP,A-
/Users/a75027/Desktop/compsci 760/datasets/A-/cluster_1_917.BMP,ok,1.0,100.0,True,coverage_too_high,96,103,9888,9888,A-/cluster_1_917.BMP,A-
/Users/a75027/Desktop/compsci 760/datasets/A-/cluster_1_92.BMP,ok,0.7472694174757282,74.72694174757282,False,normal,96,103,7389,9888,A-/cluster_1_92.BMP,A-
/Users/a75027/Desktop/compsci 760/datasets/A-/cluster_1_923.BMP,ok,1.0,100.0,True,coverage_too_high,96,103,9888,9888,A-/cluster_1_923.BMP,A-
/Users/a75027/Desktop/compsci 760/datasets/A-/cluster_1_924.BMP,ok,0.7901496763754046,79.01496763754045,False,normal,96,103,7813,9888,A-/cluster_1_924.BMP,A-
/Users/a75027/Desktop/compsci 760/datasets/A-/cluster_1_927.BMP,ok,0.8133090614886731,81.33090614886731,False,normal,96,103,8042,9888,A-/cluster_1_927.BMP,A-
/Users/a75027/Desktop/compsci 760/datasets/A-/cluster_1_93.BMP,ok,0.7773058252427184,77.73058252427184,False,normal,96,103,7686,9888,A-/cluster_1_93.BMP,A-
/Users/a75027/Desktop/compsci 760/datasets/A-/cluster_1_931.BMP,ok,0.8220064724919094,82.20064724919094,False,normal,96,103,8128,9888,A-/cluster_1_931.BMP,A-
/Users/a75027/Desktop/compsci 760/datasets/A-/cluster_1_947.BMP,ok,0.8184668284789643,81.84668284789643,False,normal,96,103,8093,9888,A-/cluster_1_947.BMP,A-
/Users/a75027/Desktop/compsci 760/datasets/A-/cluster_1_955.BMP,ok,0.7936893203883495,79.36893203883496,False,normal,96,103,7848,9888,A-/cluster_1_955.BMP,A-
/Users/a75027/Desktop/compsci 760/datasets/A-/cluster_1_960.BMP,ok,0.5504652103559871,55.04652103559871,False,normal,96,103,5443,9888,A-/cluster_1_960.BMP,A-
/Users/a75027/Desktop/compsci 760/datasets/A-/cluster_1_966.BMP,ok,1.0,100.0,True,coverage_too_high,96,103,9888,9888,A-/cluster_1_966.BMP,A-
/Users/a75027/Desktop/compsci 760/datasets/A-/cluster_1_97.BMP,ok,0.8185679611650486,81.85679611650485,False,normal,96,103,8094,9888,A-/cluster_1_97.BMP,A-
/Users/a75027/Desktop/compsci 760/datasets/A-/cluster_1_973.BMP,ok,1.0,100.0,True,coverage_too_high,96,103,9888,9888,A-/cluster_1_973.BMP,A-
/Users/a75027/Desktop/compsci 760/datasets/A-/cluster_1_974.BMP,ok,0.7869134304207119,78.6913430420712,False,normal,96,103,7781,9888,A-/cluster_1_974.BMP,A-
/Users/a75027/Desktop/compsci 760/datasets/A-/cluster_1_98.BMP,ok,0.8050161812297735,80.50161812297735,False,normal,96,103,7960,9888,A-/cluster_1_98.BMP,A-
/Users/a75027/Desktop/compsci 760/datasets/A-/cluster_1_986.BMP,ok,0.8534587378640777,85.34587378640776,False,normal,96,103,8439,9888,A-/cluster_1_986.BMP,A-
/Users/a75027/Desktop/compsci 760/datasets/A-/cluster_1_99.BMP,ok,0.7729571197411004,77.29571197411003,False,normal,96,103,7643,9888,A-/cluster_1_99.BMP,A-
/Users/a75027/Desktop/compsci 760/datasets/AB+/cluster_4_100.BMP,ok,0.7728559870550162,77.28559870550163,False,normal,96,103,7642,9888,AB+/cluster_4_100.BMP,AB+
/Users/a75027/Desktop/compsci 760/datasets/AB+/cluster_4_1016.BMP,ok,0.6968042071197411,69.68042071197411,False,normal,96,103,6890,9888,AB+/cluster_4_1016.BMP,AB+
/Users/a75027/Desktop/compsci 760/datasets/AB+/cluster_4_103.BMP,ok,0.7599110032362459,75.9911003236246,False,normal,96,103,7514,9888,AB+/cluster_4_103.BMP,AB+
/Users/a75027/Desktop/compsci 760/datasets/AB+/cluster_4_1030.BMP,ok,0.7723503236245954,77.23503236245955,False,normal,96,103,7637,9888,AB+/cluster_4_1030.BMP,AB+
/Users/a75027/Desktop/compsci 760/datasets/AB+/cluster_4_1042.BMP,ok,0.7442354368932039,74.4235436893204,False,normal,96,103,7359,9888,AB+/cluster_4_1042.BMP,AB+
/Users/a75027/Desktop/compsci 760/datasets/AB+/cluster_4_1044.BMP,ok,0.7787216828478964,77.87216828478964,False,normal,96,103,7700,9888,AB+/cluster_4_1044.BMP,AB+
/Users/a75027/Desktop/compsci 760/datasets/AB+/cluster_4_1054.BMP,ok,0.7766990291262136,77.66990291262135,False,normal,96,103,7680,9888,AB+/cluster_4_1054.BMP,AB+
/Users/a75027/Desktop/compsci 760/datasets/AB+/cluster_4_107.BMP,ok,0.7243122977346278,72.43122977346277,False,normal,96,103,7162,9888,AB+/cluster_4_107.BMP,AB+
/Users/a75027/Desktop/compsci 760/datasets/AB+/cluster_4_1071.BMP,ok,0.7448422330097088,74.48422330097088,False,normal,96,103,7365,9888,AB+/cluster_4_1071.BMP,AB+
/Users/a75027/Desktop/compsci 760/datasets/AB+/cluster_4_1074.BMP,ok,0.7726537216828478,77.26537216828478,False,normal,96,103,7640,9888,AB+/cluster_4_1074.BMP,AB+
/Users/a75027/Desktop/compsci 760/datasets/AB+/cluster_4_1096.BMP,ok,0.682544498381877,68.2544498381877,False,normal,96,103,6749,9888,AB+/cluster_4_1096.BMP,AB+
/Users/a75027/Desktop/compsci 760/datasets/AB+/cluster_4_1116.BMP,ok,0.7072208737864077,70.72208737864078,False,normal,96,103,6993,9888,AB+/cluster_4_1116.BMP,AB+
/Users/a75027/Desktop/compsci 760/datasets/AB+/cluster_4_1130.BMP,ok,0.7493932038834952,74.93932038834951,False,normal,96,103,7410,9888,AB+/cluster_4_1130.BMP,AB+
/Users/a75027/Desktop/compsci 760/datasets/AB+/cluster_4_1132.BMP,ok,0.688207928802589,68.82079288025889,False,normal,96,103,6805,9888,AB+/cluster_4_1132.BMP,AB+
/Users/a75027/Desktop/compsci 760/datasets/AB+/cluster_4_1141.BMP,ok,0.7505056634304207,75.05056634304206,False,normal,96,103,7421,9888,AB+/cluster_4_1141.BMP,AB+
/Users/a75027/Desktop/compsci 760/datasets/AB+/cluster_4_1148.BMP,ok,0.6451254045307443,64.51254045307444,False,normal,96,103,6379,9888,AB+/cluster_4_1148.BMP,AB+
/Users/a75027/Desktop/compsci 760/datasets/AB+/cluster_4_1154.BMP,ok,0.7014563106796117,70.14563106796116,False,normal,96,103,6936,9888,AB+/cluster_4_1154.BMP,AB+
/Users/a75027/Desktop/compsci 760/datasets/AB+/cluster_4_1162.BMP,ok,0.7691140776699029,76.9114077669903,False,normal,96,103,7605,9888,AB+/cluster_4_1162.BMP,AB+
/Users/a75027/Desktop/compsci 760/datasets/AB+/cluster_4_1164.BMP,ok,0.6724312297734628,67.24312297734627,False,normal,96,103,6649,9888,AB+/cluster_4_1164.BMP,AB+
/Users/a75027/Desktop/compsci 760/datasets/AB+/cluster_4_1167.BMP,ok,0.6713187702265372,67.13187702265373,False,normal,96,103,6638,9888,AB+/cluster_4_1167.BMP,AB+
/Users/a75027/Desktop/compsci 760/datasets/AB+/cluster_4_1175.BMP,ok,0.6836569579288025,68.36569579288026,False,normal,96,103,6760,9888,AB+/cluster_4_1175.BMP,AB+
/Users/a75027/Desktop/compsci 760/datasets/AB+/cluster_4_1179.BMP,ok,0.6383495145631068,63.834951456310684,False,normal,96,103,6312,9888,AB+/cluster_4_1179.BMP,AB+
/Users/a75027/Desktop/compsci 760/datasets/AB+/cluster_4_1185.BMP,ok,0.7469660194174758,74.69660194174757,False,normal,96,103,7386,9888,AB+/cluster_4_1185.BMP,AB+
/Users/a75027/Desktop/compsci 760/datasets/AB+/cluster_4_1193.BMP,ok,0.6201456310679612,62.01456310679612,False,normal,96,103,6132,9888,AB+/cluster_4_1193.BMP,AB+
/Users/a75027/Desktop/compsci 760/datasets/AB+/cluster_4_1195.BMP,ok,0.792576860841424,79.25768608414239,False,normal,96,103,7837,9888,AB+/cluster_4_1195.BMP,AB+
/Users/a75027/Desktop/compsci 760/datasets/AB+/cluster_4_12.BMP,ok,0.6601941747572816,66.01941747572816,False,normal,96,103,6528,9888,AB+/cluster_4_12.BMP,AB+
/Users/a75027/Desktop/compsci 760/datasets/AB+/cluster_4_1204.BMP,ok,0.720165857605178,72.0165857605178,False,normal,96,103,7121,9888,AB+/cluster_4_1204.BMP,AB+
/Users/a75027/Desktop/compsci 760/datasets/AB+/cluster_4_1218.BMP,ok,0.7055016181229773,70.55016181229773,False,normal,96,103,6976,9888,AB+/cluster_4_1218.BMP,AB+
/Users/a75027/Desktop/compsci 760/datasets/AB+/cluster_4_1226.BMP,ok,0.7431229773462783,74.31229773462783,False,normal,96,103,7348,9888,AB+/cluster_4_1226.BMP,AB+
/Users/a75027/Desktop/compsci 760/datasets/AB+/cluster_4_1232.BMP,ok,0.6813309061488673,68.13309061488673,False,normal,96,103,6737,9888,AB+/cluster_4_1232.BMP,AB+
/Users/a75027/Desktop/compsci 760/datasets/AB+/cluster_4_1238.BMP,ok,0.7177386731391586,71.77386731391586,False,normal,96,103,7097,9888,AB+/cluster_4_1238.BMP,AB+
/Users/a75027/Desktop/compsci 760/datasets/AB+/cluster_4_1243.BMP,ok,0.6877022653721683,68.77022653721683,False,normal,96,103,6800,9888,AB+/cluster_4_1243.BMP,AB+
/Users/a75027/Desktop/compsci 760/datasets/AB+/cluster_4_1254.BMP,ok,0.750707928802589,75.07079288025889,False,normal,96,103,7423,9888,AB+/cluster_4_1254.BMP,AB+
/Users/a75027/Desktop/compsci 760/datasets/AB+/cluster_4_1255.BMP,ok,0.7531351132686084,75.31351132686083,False,normal,96,103,7447,9888,AB+/cluster_4_1255.BMP,AB+
/Users/a75027/Desktop/compsci 760/datasets/AB+/cluster_4_1276.BMP,ok,0.6897249190938511,68.97249190938511,False,normal,96,103,6820,9888,AB+/cluster_4_1276.BMP,AB+
/Users/a75027/Desktop/compsci 760/datasets/AB+/cluster_4_1277.BMP,ok,0.7268406148867314,72.68406148867314,False,normal,96,103,7187,9888,AB+/cluster_4_1277.BMP,AB+
/Users/a75027/Desktop/compsci 760/datasets/AB+/cluster_4_1278.BMP,ok,0.7214805825242718,72.14805825242718,False,normal,96,103,7134,9888,AB+/cluster_4_1278.BMP,AB+
/Users/a75027/Desktop/compsci 760/datasets/AB+/cluster_4_1283.BMP,ok,0.6492718446601942,64.92718446601941,False,normal,96,103,6420,9888,AB+/cluster_4_1283.BMP,AB+
/Users/a75027/Desktop/compsci 760/datasets/AB+/cluster_4_1285.BMP,ok,0.7043891585760518,70.43891585760518,False,normal,96,103,6965,9888,AB+/cluster_4_1285.BMP,AB+
/Users/a75027/Desktop/compsci 760/datasets/AB+/cluster_4_1288.BMP,ok,0.7288632686084142,72.88632686084142,False,normal,96,103,7207,9888,AB+/cluster_4_1288.BMP,AB+
/Users/a75027/Desktop/compsci 760/datasets/AB+/cluster_4_1318.BMP,ok,0.7751820388349514,77.51820388349515,False,normal,96,103,7665,9888,AB+/cluster_4_1318.BMP,AB+
/Users/a75027/Desktop/compsci 760/datasets/AB+/cluster_4_1332.BMP,ok,0.7282564724919094,72.82564724919094,False,normal,96,103,7201,9888,AB+/cluster_4_1332.BMP,AB+
/Users/a75027/Desktop/compsci 760/datasets/AB+/cluster_4_1339.BMP,ok,0.5424757281553398,54.247572815533985,False,normal,96,103,5364,9888,AB+/cluster_4_1339.BMP,AB+
/Users/a75027/Desktop/compsci 760/datasets/AB+/cluster_4_1355.BMP,ok,0.6745550161812298,67.45550161812298,False,normal,96,103,6670,9888,AB+/cluster_4_1355.BMP,AB+
/Users/a75027/Desktop/compsci 760/datasets/AB+/cluster_4_1363.BMP,ok,0.684668284789644,68.4668284789644,False,normal,96,103,6770,9888,AB+/cluster_4_1363.BMP,AB+
/Users/a75027/Desktop/compsci 760/datasets/AB+/cluster_4_1372.BMP,ok,0.6698017799352751,66.98017799352752,False,normal,96,103,6623,9888,AB+/cluster_4_1372.BMP,AB+
/Users/a75027/Desktop/compsci 760/datasets/AB+/cluster_4_1379.BMP,ok,0.7236043689320388,72.36043689320388,False,normal,96,103,7155,9888,AB+/cluster_4_1379.BMP,AB+
/Users/a75027/Desktop/compsci 760/datasets/AB+/cluster_4_1391.BMP,ok,0.7120752427184466,71.20752427184466,False,normal,96,103,7041,9888,AB+/cluster_4_1391.BMP,AB+
/Users/a75027/Desktop/compsci 760/datasets/AB+/cluster_4_1397.BMP,ok,0.7444377022653722,74.44377022653723,False,normal,96,103,7361,9888,AB+/cluster_4_1397.BMP,AB+
/Users/a75027/Desktop/compsci 760/datasets/AB+/cluster_4_1400.BMP,ok,0.7763956310679612,77.63956310679612,False,normal,96,103,7677,9888,AB+/cluster_4_1400.BMP,AB+
/Users/a75027/Desktop/compsci 760/datasets/AB+/cluster_4_1402.BMP,ok,0.6721278317152104,67.21278317152104,False,normal,96,103,6646,9888,AB+/cluster_4_1402.BMP,AB+
/Users/a75027/Desktop/compsci 760/datasets/AB+/cluster_4_1404.BMP,ok,0.7587985436893204,75.87985436893204,False,normal,96,103,7503,9888,AB+/cluster_4_1404.BMP,AB+
/Users/a75027/Desktop/compsci 760/datasets/AB+/cluster_4_1414.BMP,ok,0.7486852750809061,74.86852750809061,False,normal,96,103,7403,9888,AB+/cluster_4_1414.BMP,AB+
/Users/a75027/Desktop/compsci 760/datasets/AB+/cluster_4_1415.BMP,ok,0.6670711974110033,66.70711974110033,False,normal,96,103,6596,9888,AB+/cluster_4_1415.BMP,AB+
/Users/a75027/Desktop/compsci 760/datasets/AB+/cluster_4_1419.BMP,ok,0.7028721682847896,70.28721682847896,False,normal,96,103,6950,9888,AB+/cluster_4_1419.BMP,AB+
/Users/a75027/Desktop/compsci 760/datasets/AB+/cluster_4_1425.BMP,ok,0.689623786407767,68.9623786407767,False,normal,96,103,6819,9888,AB+/cluster_4_1425.BMP,AB+
/Users/a75027/Desktop/compsci 760/datasets/AB+/cluster_4_1430.BMP,ok,0.7252224919093851,72.52224919093851,False,normal,96,103,7171,9888,AB+/cluster_4_1430.BMP,AB+
/Users/a75027/Desktop/compsci 760/datasets/AB+/cluster_4_1431.BMP,ok,0.6523058252427184,65.23058252427184,False,normal,96,103,6450,9888,AB+/cluster_4_1431.BMP,AB+
/Users/a75027/Desktop/compsci 760/datasets/AB+/cluster_4_1436.BMP,ok,0.6305622977346278,63.05622977346278,False,normal,96,103,6235,9888,AB+/cluster_4_1436.BMP,AB+
/Users/a75027/Desktop/compsci 760/datasets/AB+/cluster_4_1446.BMP,ok,0.6978155339805825,69.78155339805825,False,normal,96,103,6900,9888,AB+/cluster_4_1446.BMP,AB+
/Users/a75027/Desktop/compsci 760/datasets/AB+/cluster_4_1454.BMP,ok,0.6174150485436893,61.741504854368934,False,normal,96,103,6105,9888,AB+/cluster_4_1454.BMP,AB+
/Users/a75027/Desktop/compsci 760/datasets/AB+/cluster_4_1459.BMP,ok,0.6937702265372169,69.37702265372168,False,normal,96,103,6860,9888,AB+/cluster_4_1459.BMP,AB+
/Users/a75027/Desktop/compsci 760/datasets/AB+/cluster_4_1464.BMP,ok,0.6915453074433657,69.15453074433657,False,normal,96,103,6838,9888,AB+/cluster_4_1464.BMP,AB+
/Users/a75027/Desktop/compsci 760/datasets/AB+/cluster_4_1467.BMP,ok,0.6596885113268608,65.96885113268608,False,normal,96,103,6523,9888,AB+/cluster_4_1467.BMP,AB+
/Users/a75027/Desktop/compsci 760/datasets/AB+/cluster_4_1480.BMP,ok,0.7694174757281553,76.94174757281553,False,normal,96,103,7608,9888,AB+/cluster_4_1480.BMP,AB+
/Users/a75027/Desktop/compsci 760/datasets/AB+/cluster_4_1495.BMP,ok,0.7489886731391586,74.89886731391586,False,normal,96,103,7406,9888,AB+/cluster_4_1495.BMP,AB+
/Users/a75027/Desktop/compsci 760/datasets/AB+/cluster_4_15.BMP,ok,0.7405946601941747,74.05946601941747,False,normal,96,103,7323,9888,AB+/cluster_4_15.BMP,AB+
/Users/a75027/Desktop/compsci 760/datasets/AB+/cluster_4_1502.BMP,ok,0.7488875404530745,74.88875404530745,False,normal,96,103,7405,9888,AB+/cluster_4_1502.BMP,AB+
/Users/a75027/Desktop/compsci 760/datasets/AB+/cluster_4_1510.BMP,ok,0.7399878640776699,73.99878640776699,False,normal,96,103,7317,9888,AB+/cluster_4_1510.BMP,AB+
/Users/a75027/Desktop/compsci 760/datasets/AB+/cluster_4_1512.BMP,ok,0.7523260517799353,75.23260517799353,False,normal,96,103,7439,9888,AB+/cluster_4_1512.BMP,AB+
/Users/a75027/Desktop/compsci 760/datasets/AB+/cluster_4_1521.BMP,ok,0.7369538834951457,73.69538834951457,False,normal,96,103,7287,9888,AB+/cluster_4_1521.BMP,AB+
/Users/a75027/Desktop/compsci 760/datasets/AB+/cluster_4_1534.BMP,ok,0.7034789644012945,70.34789644012946,False,normal,96,103,6956,9888,AB+/cluster_4_1534.BMP,AB+
/Users/a75027/Desktop/compsci 760/datasets/AB+/cluster_4_156.BMP,ok,0.6466423948220065,64.66423948220064,False,normal,96,103,6394,9888,AB+/cluster_4_156.BMP,AB+
/Users/a75027/Desktop/compsci 760/datasets/AB+/cluster_4_1562.BMP,ok,0.7782160194174758,77.82160194174757,False,normal,96,103,7695,9888,AB+/cluster_4_1562.BMP,AB+
/Users/a75027/Desktop/compsci 760/datasets/AB+/cluster_4_1563.BMP,ok,0.7042880258899676,70.42880258899676,False,normal,96,103,6964,9888,AB+/cluster_4_1563.BMP,AB+
/Users/a75027/Desktop/compsci 760/datasets/AB+/cluster_4_1569.BMP,ok,0.6627224919093851,66.27224919093851,False,normal,96,103,6553,9888,AB+/cluster_4_1569.BMP,AB+
/Users/a75027/Desktop/compsci 760/datasets/AB+/cluster_4_1570.BMP,ok,0.7374595469255664,73.74595469255664,False,normal,96,103,7292,9888,AB+/cluster_4_1570.BMP,AB+
/Users/a75027/Desktop/compsci 760/datasets/AB+/cluster_4_1607.BMP,ok,0.6355177993527508,63.55177993527508,False,normal,96,103,6284,9888,AB+/cluster_4_1607.BMP,AB+
/Users/a75027/Desktop/compsci 760/datasets/AB+/cluster_4_1611.BMP,ok,0.6287419093851133,62.87419093851133,False,normal,96,103,6217,9888,AB+/cluster_4_1611.BMP,AB+
/Users/a75027/Desktop/compsci 760/datasets/AB+/cluster_4_1612.BMP,ok,0.7790250809061489,77.90250809061489,False,normal,96,103,7703,9888,AB+/cluster_4_1612.BMP,AB+
/Users/a75027/Desktop/compsci 760/datasets/AB+/cluster_4_1615.BMP,ok,0.7482807443365695,74.82807443365695,False,normal,96,103,7399,9888,AB+/cluster_4_1615.BMP,AB+
/Users/a75027/Desktop/compsci 760/datasets/AB+/cluster_4_1631.BMP,ok,0.7635517799352751,76.35517799352752,False,normal,96,103,7550,9888,AB+/cluster_4_1631.BMP,AB+
/Users/a75027/Desktop/compsci 760/datasets/AB+/cluster_4_1637.BMP,ok,0.6990291262135923,69.90291262135922,False,normal,96,103,6912,9888,AB+/cluster_4_1637.BMP,AB+
/Users/a75027/Desktop/compsci 760/datasets/AB+/cluster_4_1646.BMP,ok,0.7030744336569579,70.30744336569579,False,normal,96,103,6952,9888,AB+/cluster_4_1646.BMP,AB+
/Users/a75027/Desktop/compsci 760/datasets/AB+/cluster_4_1667.BMP,ok,0.6736448220064725,67.36448220064725,False,normal,96,103,6661,9888,AB+/cluster_4_1667.BMP,AB+
/Users/a75027/Desktop/compsci 760/datasets/AB+/cluster_4_1672.BMP,ok,0.6614077669902912,66.14077669902912,False,normal,96,103,6540,9888,AB+/cluster_4_1672.BMP,AB+
/Users/a75027/Desktop/compsci 760/datasets/AB+/cluster_4_1679.BMP,ok,0.7596076051779935,75.96076051779936,False,normal,96,103,7511,9888,AB+/cluster_4_1679.BMP,AB+
/Users/a75027/Desktop/compsci 760/datasets/AB+/cluster_4_1686.BMP,ok,0.7685072815533981,76.85072815533981,False,normal,96,103,7599,9888,AB+/cluster_4_1686.BMP,AB+
/Users/a75027/Desktop/compsci 760/datasets/AB+/cluster_4_1695.BMP,ok,0.7605177993527508,76.05177993527508,False,normal,96,103,7520,9888,AB+/cluster_4_1695.BMP,AB+
/Users/a75027/Desktop/compsci 760/datasets/AB+/cluster_4_1716.BMP,ok,0.6494741100323624,64.94741100323624,False,normal,96,103,6422,9888,AB+/cluster_4_1716.BMP,AB+
/Users/a75027/Desktop/compsci 760/datasets/AB+/cluster_4_1723.BMP,ok,0.7565736245954693,75.65736245954693,False,normal,96,103,7481,9888,AB+/cluster_4_1723.BMP,AB+
/Users/a75027/Desktop/compsci 760/datasets/AB+/cluster_4_1737.BMP,ok,0.7534385113268608,75.34385113268608,False,normal,96,103,7450,9888,AB+/cluster_4_1737.BMP,AB+
/Users/a75027/Desktop/compsci 760/datasets/AB+/cluster_4_1740.BMP,ok,0.61792071197411,61.792071197411005,False,normal,96,103,6110,9888,AB+/cluster_4_1740.BMP,AB+
/Users/a75027/Desktop/compsci 760/datasets/AB+/cluster_4_1756.BMP,ok,0.6798139158576052,67.98139158576052,False,normal,96,103,6722,9888,AB+/cluster_4_1756.BMP,AB+
/Users/a75027/Desktop/compsci 760/datasets/AB+/cluster_4_1757.BMP,ok,0.7863066343042071,78.63066343042071,False,normal,96,103,7775,9888,AB+/cluster_4_1757.BMP,AB+
/Users/a75027/Desktop/compsci 760/datasets/AB+/cluster_4_1781.BMP,ok,0.7973300970873787,79.73300970873787,False,normal,96,103,7884,9888,AB+/cluster_4_1781.BMP,AB+
/Users/a75027/Desktop/compsci 760/datasets/AB+/cluster_4_1785.BMP,ok,0.7463592233009708,74.63592233009709,False,normal,96,103,7380,9888,AB+/cluster_4_1785.BMP,AB+
/Users/a75027/Desktop/compsci 760/datasets/AB+/cluster_4_1798.BMP,ok,0.6645428802588996,66.45428802588997,False,normal,96,103,6571,9888,AB+/cluster_4_1798.BMP,AB+
/Users/a75027/Desktop/compsci 760/datasets/AB+/cluster_4_1801.BMP,ok,0.7189522653721683,71.89522653721683,False,normal,96,103,7109,9888,AB+/cluster_4_1801.BMP,AB+
/Users/a75027/Desktop/compsci 760/datasets/AB+/cluster_4_1809.BMP,ok,0.6672734627831716,66.72734627831716,False,normal,96,103,6598,9888,AB+/cluster_4_1809.BMP,AB+
/Users/a75027/Desktop/compsci 760/datasets/AB+/cluster_4_1810.BMP,ok,0.6920509708737864,69.20509708737865,False,normal,96,103,6843,9888,AB+/cluster_4_1810.BMP,AB+
/Users/a75027/Desktop/compsci 760/datasets/AB+/cluster_4_182.BMP,ok,0.7291666666666666,72.91666666666666,False,normal,96,103,7210,9888,AB+/cluster_4_182.BMP,AB+
/Users/a75027/Desktop/compsci 760/datasets/AB+/cluster_4_183.BMP,ok,0.6340008090614887,63.40008090614887,False,normal,96,103,6269,9888,AB+/cluster_4_183.BMP,AB+
/Users/a75027/Desktop/compsci 760/datasets/AB+/cluster_4_1830.BMP,ok,0.7732605177993528,77.32605177993528,False,normal,96,103,7646,9888,AB+/cluster_4_1830.BMP,AB+
/Users/a75027/Desktop/compsci 760/datasets/AB+/cluster_4_1858.BMP,ok,0.7103559870550162,71.03559870550163,False,normal,96,103,7024,9888,AB+/cluster_4_1858.BMP,AB+
/Users/a75027/Desktop/compsci 760/datasets/AB+/cluster_4_1866.BMP,ok,0.6565533980582524,65.65533980582524,False,normal,96,103,6492,9888,AB+/cluster_4_1866.BMP,AB+
/Users/a75027/Desktop/compsci 760/datasets/AB+/cluster_4_1878.BMP,ok,0.6239886731391586,62.398867313915865,False,normal,96,103,6170,9888,AB+/cluster_4_1878.BMP,AB+
/Users/a75027/Desktop/compsci 760/datasets/AB+/cluster_4_1898.BMP,ok,0.7206715210355987,72.06715210355988,False,normal,96,103,7126,9888,AB+/cluster_4_1898.BMP,AB+
/Users/a75027/Desktop/compsci 760/datasets/AB+/cluster_4_191.BMP,ok,0.6111448220064725,61.114482200647245,False,normal,96,103,6043,9888,AB+/cluster_4_191.BMP,AB+
/Users/a75027/Desktop/compsci 760/datasets/AB+/cluster_4_1912.BMP,ok,0.5053600323624595,50.53600323624595,False,normal,96,103,4997,9888,AB+/cluster_4_1912.BMP,AB+
/Users/a75027/Desktop/compsci 760/datasets/AB+/cluster_4_1917.BMP,ok,0.7801375404530745,78.01375404530745,False,normal,96,103,7714,9888,AB+/cluster_4_1917.BMP,AB+
/Users/a75027/Desktop/compsci 760/datasets/AB+/cluster_4_193.BMP,ok,0.6859830097087378,68.59830097087378,False,normal,96,103,6783,9888,AB+/cluster_4_193.BMP,AB+
/Users/a75027/Desktop/compsci 760/datasets/AB+/cluster_4_1959.BMP,ok,0.6926577669902912,69.26577669902912,False,normal,96,103,6849,9888,AB+/cluster_4_1959.BMP,AB+
/Users/a75027/Desktop/compsci 760/datasets/AB+/cluster_4_196.BMP,ok,0.7754854368932039,77.5485436893204,False,normal,96,103,7668,9888,AB+/cluster_4_196.BMP,AB+
/Users/a75027/Desktop/compsci 760/datasets/AB+/cluster_4_1967.BMP,ok,0.6775889967637541,67.7588996763754,False,normal,96,103,6700,9888,AB+/cluster_4_1967.BMP,AB+
/Users/a75027/Desktop/compsci 760/datasets/AB+/cluster_4_1972.BMP,ok,0.7590008090614887,75.90008090614887,False,normal,96,103,7505,9888,AB+/cluster_4_1972.BMP,AB+
/Users/a75027/Desktop/compsci 760/datasets/AB+/cluster_4_1974.BMP,ok,0.642799352750809,64.2799352750809,False,normal,96,103,6356,9888,AB+/cluster_4_1974.BMP,AB+
/Users/a75027/Desktop/compsci 760/datasets/AB+/cluster_4_1976.BMP,ok,0.7156148867313916,71.56148867313917,False,normal,96,103,7076,9888,AB+/cluster_4_1976.BMP,AB+
/Users/a75027/Desktop/compsci 760/datasets/AB+/cluster_4_1982.BMP,ok,0.7967233009708737,79.67233009708737,False,normal,96,103,7878,9888,AB+/cluster_4_1982.BMP,AB+
/Users/a75027/Desktop/compsci 760/datasets/AB+/cluster_4_1992.BMP,ok,0.7669902912621359,76.69902912621359,False,normal,96,103,7584,9888,AB+/cluster_4_1992.BMP,AB+
/Users/a75027/Desktop/compsci 760/datasets/AB+/cluster_4_1993.BMP,ok,0.7344255663430421,73.44255663430421,False,normal,96,103,7262,9888,AB+/cluster_4_1993.BMP,AB+
/Users/a75027/Desktop/compsci 760/datasets/AB+/cluster_4_201.BMP,ok,0.6869943365695793,68.69943365695794,False,normal,96,103,6793,9888,AB+/cluster_4_201.BMP,AB+
/Users/a75027/Desktop/compsci 760/datasets/AB+/cluster_4_2019.BMP,ok,0.7381674757281553,73.81674757281553,False,normal,96,103,7299,9888,AB+/cluster_4_2019.BMP,AB+
/Users/a75027/Desktop/compsci 760/datasets/AB+/cluster_4_2029.BMP,ok,0.7715412621359223,77.15412621359224,False,normal,96,103,7629,9888,AB+/cluster_4_2029.BMP,AB+
/Users/a75027/Desktop/compsci 760/datasets/AB+/cluster_4_2033.BMP,ok,0.6931634304207119,69.3163430420712,False,normal,96,103,6854,9888,AB+/cluster_4_2033.BMP,AB+
/Users/a75027/Desktop/compsci 760/datasets/AB+/cluster_4_2062.BMP,ok,0.7284587378640777,72.84587378640776,False,normal,96,103,7203,9888,AB+/cluster_4_2062.BMP,AB+
/Users/a75027/Desktop/compsci 760/datasets/AB+/cluster_4_2064.BMP,ok,0.7034789644012945,70.34789644012946,False,normal,96,103,6956,9888,AB+/cluster_4_2064.BMP,AB+
/Users/a75027/Desktop/compsci 760/datasets/AB+/cluster_4_2072.BMP,ok,0.6508899676375405,65.08899676375405,False,normal,96,103,6436,9888,AB+/cluster_4_2072.BMP,AB+
/Users/a75027/Desktop/compsci 760/datasets/AB+/cluster_4_2081.BMP,ok,0.7025687702265372,70.25687702265373,False,normal,96,103,6947,9888,AB+/cluster_4_2081.BMP,AB+
/Users/a75027/Desktop/compsci 760/datasets/AB+/cluster_4_2091.BMP,ok,0.4499393203883495,44.99393203883495,False,normal,96,103,4449,9888,AB+/cluster_4_2091.BMP,AB+
/Users/a75027/Desktop/compsci 760/datasets/AB+/cluster_4_2104.BMP,ok,0.7379652103559871,73.7965210355987,False,normal,96,103,7297,9888,AB+/cluster_4_2104.BMP,AB+
/Users/a75027/Desktop/compsci 760/datasets/AB+/cluster_4_2115.BMP,ok,0.6962985436893204,69.62985436893204,False,normal,96,103,6885,9888,AB+/cluster_4_2115.BMP,AB+
/Users/a75027/Desktop/compsci 760/datasets/AB+/cluster_4_2118.BMP,ok,0.6216626213592233,62.16626213592234,False,normal,96,103,6147,9888,AB+/cluster_4_2118.BMP,AB+
/Users/a75027/Desktop/compsci 760/datasets/AB+/cluster_4_213.BMP,ok,0.7334142394822006,73.34142394822007,False,normal,96,103,7252,9888,AB+/cluster_4_213.BMP,AB+
/Users/a75027/Desktop/compsci 760/datasets/AB+/cluster_4_2132.BMP,ok,0.6463389967637541,64.6338996763754,False,normal,96,103,6391,9888,AB+/cluster_4_2132.BMP,AB+
/Users/a75027/Desktop/compsci 760/datasets/AB+/cluster_4_2138.BMP,ok,0.7467637540453075,74.67637540453075,False,normal,96,103,7384,9888,AB+/cluster_4_2138.BMP,AB+
/Users/a75027/Desktop/compsci 760/datasets/AB+/cluster_4_2141.BMP,ok,0.7240088996763754,72.40088996763754,False,normal,96,103,7159,9888,AB+/cluster_4_2141.BMP,AB+
/Users/a75027/Desktop/compsci 760/datasets/AB+/cluster_4_2144.BMP,ok,0.7078276699029126,70.78276699029125,False,normal,96,103,6999,9888,AB+/cluster_4_2144.BMP,AB+
/Users/a75027/Desktop/compsci 760/datasets/AB+/cluster_4_216.BMP,ok,0.747876213592233,74.7876213592233,False,normal,96,103,7395,9888,AB+/cluster_4_216.BMP,AB+
/Users/a75027/Desktop/compsci 760/datasets/AB+/cluster_4_2162.BMP,ok,0.7555622977346278,75.55622977346277,False,normal,96,103,7471,9888,AB+/cluster_4_2162.BMP,AB+
/Users/a75027/Desktop/compsci 760/datasets/AB+/cluster_4_2175.BMP,ok,0.7403923948220065,74.03923948220064,False,normal,96,103,7321,9888,AB+/cluster_4_2175.BMP,AB+
/Users/a75027/Desktop/compsci 760/datasets/AB+/cluster_4_2178.BMP,ok,0.7042880258899676,70.42880258899676,False,normal,96,103,6964,9888,AB+/cluster_4_2178.BMP,AB+
/Users/a75027/Desktop/compsci 760/datasets/AB+/cluster_4_2181.BMP,ok,0.6584749190938511,65.84749190938511,False,normal,96,103,6511,9888,AB+/cluster_4_2181.BMP,AB+
/Users/a75027/Desktop/compsci 760/datasets/AB+/cluster_4_2183.BMP,ok,0.7178398058252428,71.78398058252428,False,normal,96,103,7098,9888,AB+/cluster_4_2183.BMP,AB+
/Users/a75027/Desktop/compsci 760/datasets/AB+/cluster_4_2189.BMP,ok,0.7309870550161812,73.09870550161813,False,normal,96,103,7228,9888,AB+/cluster_4_2189.BMP,AB+
/Users/a75027/Desktop/compsci 760/datasets/AB+/cluster_4_2193.BMP,ok,0.6585760517799353,65.85760517799353,False,normal,96,103,6512,9888,AB+/cluster_4_2193.BMP,AB+
/Users/a75027/Desktop/compsci 760/datasets/AB+/cluster_4_2195.BMP,ok,0.6885113268608414,68.85113268608414,False,normal,96,103,6808,9888,AB+/cluster_4_2195.BMP,AB+
/Users/a75027/Desktop/compsci 760/datasets/AB+/cluster_4_2208.BMP,ok,0.7394822006472492,73.94822006472492,False,normal,96,103,7312,9888,AB+/cluster_4_2208.BMP,AB+
/Users/a75027/Desktop/compsci 760/datasets/AB+/cluster_4_222.BMP,ok,0.696703074433657,69.6703074433657,False,normal,96,103,6889,9888,AB+/cluster_4_222.BMP,AB+
/Users/a75027/Desktop/compsci 760/datasets/AB+/cluster_4_2228.BMP,ok,0.7603155339805825,76.03155339805825,False,normal,96,103,7518,9888,AB+/cluster_4_2228.BMP,AB+
/Users/a75027/Desktop/compsci 760/datasets/AB+/cluster_4_2234.BMP,ok,0.6241909385113269,62.419093851132686,False,normal,96,103,6172,9888,AB+/cluster_4_2234.BMP,AB+
/Users/a75027/Desktop/compsci 760/datasets/AB+/cluster_4_2237.BMP,ok,0.6745550161812298,67.45550161812298,False,normal,96,103,6670,9888,AB+/cluster_4_2237.BMP,AB+
/Users/a75027/Desktop/compsci 760/datasets/AB+/cluster_4_2254.BMP,ok,0.7359425566343042,73.59425566343042,False,normal,96,103,7277,9888,AB+/cluster_4_2254.BMP,AB+
/Users/a75027/Desktop/compsci 760/datasets/AB+/cluster_4_2286.BMP,ok,0.5680052354562923,56.80052354562923,False,normal,241,298,40793,71818,AB+/cluster_4_2286.BMP,AB+
/Users/a75027/Desktop/compsci 760/datasets/AB+/cluster_4_2298.BMP,ok,0.7963187702265372,79.63187702265373,False,normal,96,103,7874,9888,AB+/cluster_4_2298.BMP,AB+
/Users/a75027/Desktop/compsci 760/datasets/AB+/cluster_4_2309.BMP,ok,0.7717435275080906,77.17435275080906,False,normal,96,103,7631,9888,AB+/cluster_4_2309.BMP,AB+
/Users/a75027/Desktop/compsci 760/datasets/AB+/cluster_4_2311.BMP,ok,0.736549352750809,73.6549352750809,False,normal,96,103,7283,9888,AB+/cluster_4_2311.BMP,AB+
/Users/a75027/Desktop/compsci 760/datasets/AB+/cluster_4_2314.BMP,ok,0.7572815533980582,75.72815533980582,False,normal,96,103,7488,9888,AB+/cluster_4_2314.BMP,AB+
/Users/a75027/Desktop/compsci 760/datasets/AB+/cluster_4_2321.BMP,ok,0.7571804207119741,75.71804207119742,False,normal,96,103,7487,9888,AB+/cluster_4_2321.BMP,AB+
/Users/a75027/Desktop/compsci 760/datasets/AB+/cluster_4_2327.BMP,ok,0.7540453074433657,75.40453074433657,False,normal,96,103,7456,9888,AB+/cluster_4_2327.BMP,AB+
/Users/a75027/Desktop/compsci 760/datasets/AB+/cluster_4_2329.BMP,ok,0.691747572815534,69.1747572815534,False,normal,96,103,6840,9888,AB+/cluster_4_2329.BMP,AB+
/Users/a75027/Desktop/compsci 760/datasets/AB+/cluster_4_234.BMP,ok,0.6999393203883495,69.99393203883496,False,normal,96,103,6921,9888,AB+/cluster_4_234.BMP,AB+
/Users/a75027/Desktop/compsci 760/datasets/AB+/cluster_4_2352.BMP,ok,0.6943770226537217,69.43770226537217,False,normal,96,103,6866,9888,AB+/cluster_4_2352.BMP,AB+
/Users/a75027/Desktop/compsci 760/datasets/AB+/cluster_4_2363.BMP,ok,0.6754652103559871,67.5465210355987,False,normal,96,103,6679,9888,AB+/cluster_4_2363.BMP,AB+
/Users/a75027/Desktop/compsci 760/datasets/AB+/cluster_4_2368.BMP,ok,0.7437297734627831,74.37297734627832,False,normal,96,103,7354,9888,AB+/cluster_4_2368.BMP,AB+
/Users/a75027/Desktop/compsci 760/datasets/AB+/cluster_4_2369.BMP,ok,0.6538228155339806,65.38228155339806,False,normal,96,103,6465,9888,AB+/cluster_4_2369.BMP,AB+
/Users/a75027/Desktop/compsci 760/datasets/AB+/cluster_4_2372.BMP,ok,0.7367516181229773,73.67516181229773,False,normal,96,103,7285,9888,AB+/cluster_4_2372.BMP,AB+
/Users/a75027/Desktop/compsci 760/datasets/AB+/cluster_4_2377.BMP,ok,0.7213794498381877,72.13794498381877,False,normal,96,103,7133,9888,AB+/cluster_4_2377.BMP,AB+
/Users/a75027/Desktop/compsci 760/datasets/AB+/cluster_4_2411.BMP,ok,0.7599110032362459,75.9911003236246,False,normal,96,103,7514,9888,AB+/cluster_4_2411.BMP,AB+
/Users/a75027/Desktop/compsci 760/datasets/AB+/cluster_4_2412.BMP,ok,0.713794498381877,71.3794498381877,False,normal,96,103,7058,9888,AB+/cluster_4_2412.BMP,AB+
/Users/a75027/Desktop/compsci 760/datasets/AB+/cluster_4_2419.BMP,ok,0.7597087378640777,75.97087378640776,False,normal,96,103,7512,9888,AB+/cluster_4_2419.BMP,AB+
/Users/a75027/Desktop/compsci 760/datasets/AB+/cluster_4_2436.BMP,ok,0.738673139158576,73.86731391585761,False,normal,96,103,7304,9888,AB+/cluster_4_2436.BMP,AB+
/Users/a75027/Desktop/compsci 760/datasets/AB+/cluster_4_2444.BMP,ok,0.7293689320388349,72.93689320388349,False,normal,96,103,7212,9888,AB+/cluster_4_2444.BMP,AB+
/Users/a75027/Desktop/compsci 760/datasets/AB+/cluster_4_2445.BMP,ok,0.7032766990291263,70.32766990291263,False,normal,96,103,6954,9888,AB+/cluster_4_2445.BMP,AB+
/Users/a75027/Desktop/compsci 760/datasets/AB+/cluster_4_2446.BMP,ok,0.7353357605177994,73.53357605177993,False,normal,96,103,7271,9888,AB+/cluster_4_2446.BMP,AB+
/Users/a75027/Desktop/compsci 760/datasets/AB+/cluster_4_2450.BMP,ok,0.7383697411003236,73.83697411003236,False,normal,96,103,7301,9888,AB+/cluster_4_2450.BMP,AB+
/Users/a75027/Desktop/compsci 760/datasets/AB+/cluster_4_2453.BMP,ok,0.7036812297734628,70.36812297734627,False,normal,96,103,6958,9888,AB+/cluster_4_2453.BMP,AB+
/Users/a75027/Desktop/compsci 760/datasets/AB+/cluster_4_2458.BMP,ok,0.7939927184466019,79.39927184466019,False,normal,96,103,7851,9888,AB+/cluster_4_2458.BMP,AB+
/Users/a75027/Desktop/compsci 760/datasets/AB+/cluster_4_2462.BMP,ok,0.7283576051779935,72.83576051779936,False,normal,96,103,7202,9888,AB+/cluster_4_2462.BMP,AB+
/Users/a75027/Desktop/compsci 760/datasets/AB+/cluster_4_2477.BMP,ok,0.7688106796116505,76.88106796116504,False,normal,96,103,7602,9888,AB+/cluster_4_2477.BMP,AB+
/Users/a75027/Desktop/compsci 760/datasets/AB+/cluster_4_2481.BMP,ok,0.7496966019417476,74.96966019417476,False,normal,96,103,7413,9888,AB+/cluster_4_2481.BMP,AB+
/Users/a75027/Desktop/compsci 760/datasets/AB+/cluster_4_2488.BMP,ok,0.643406148867314,64.3406148867314,False,normal,96,103,6362,9888,AB+/cluster_4_2488.BMP,AB+
/Users/a75027/Desktop/compsci 760/datasets/AB+/cluster_4_2498.BMP,ok,0.6429004854368932,64.29004854368931,False,normal,96,103,6357,9888,AB+/cluster_4_2498.BMP,AB+
/Users/a75027/Desktop/compsci 760/datasets/AB+/cluster_4_2501.BMP,ok,0.6757686084142395,67.57686084142395,False,normal,96,103,6682,9888,AB+/cluster_4_2501.BMP,AB+
/Users/a75027/Desktop/compsci 760/datasets/AB+/cluster_4_2505.BMP,ok,0.7238066343042071,72.38066343042071,False,normal,96,103,7157,9888,AB+/cluster_4_2505.BMP,AB+
/Users/a75027/Desktop/compsci 760/datasets/AB+/cluster_4_2507.BMP,ok,0.6098300970873787,60.98300970873787,False,normal,96,103,6030,9888,AB+/cluster_4_2507.BMP,AB+
/Users/a75027/Desktop/compsci 760/datasets/AB+/cluster_4_251.BMP,ok,0.6596885113268608,65.96885113268608,False,normal,96,103,6523,9888,AB+/cluster_4_251.BMP,AB+
/Users/a75027/Desktop/compsci 760/datasets/AB+/cluster_4_2512.BMP,ok,0.6518001618122977,65.18001618122977,False,normal,96,103,6445,9888,AB+/cluster_4_2512.BMP,AB+
/Users/a75027/Desktop/compsci 760/datasets/AB+/cluster_4_2513.BMP,ok,0.760720064724919,76.0720064724919,False,normal,96,103,7522,9888,AB+/cluster_4_2513.BMP,AB+
/Users/a75027/Desktop/compsci 760/datasets/AB+/cluster_4_2527.BMP,ok,0.6265169902912622,62.65169902912622,False,normal,96,103,6195,9888,AB+/cluster_4_2527.BMP,AB+
/Users/a75027/Desktop/compsci 760/datasets/AB+/cluster_4_2530.BMP,ok,0.6800161812297735,68.00161812297735,False,normal,96,103,6724,9888,AB+/cluster_4_2530.BMP,AB+
/Users/a75027/Desktop/compsci 760/datasets/AB+/cluster_4_2536.BMP,ok,0.6976132686084142,69.76132686084142,False,normal,96,103,6898,9888,AB+/cluster_4_2536.BMP,AB+
/Users/a75027/Desktop/compsci 760/datasets/AB+/cluster_4_2549.BMP,ok,0.6448220064724919,64.48220064724919,False,normal,96,103,6376,9888,AB+/cluster_4_2549.BMP,AB+
/Users/a75027/Desktop/compsci 760/datasets/AB+/cluster_4_2556.BMP,ok,0.6905339805825242,69.05339805825243,False,normal,96,103,6828,9888,AB+/cluster_4_2556.BMP,AB+
/Users/a75027/Desktop/compsci 760/datasets/AB+/cluster_4_2561.BMP,ok,0.5822208737864077,58.22208737864077,False,normal,96,103,5757,9888,AB+/cluster_4_2561.BMP,AB+
/Users/a75027/Desktop/compsci 760/datasets/AB+/cluster_4_257.BMP,ok,0.6910396440129449,69.10396440129449,False,normal,96,103,6833,9888,AB+/cluster_4_257.BMP,AB+
/Users/a75027/Desktop/compsci 760/datasets/AB+/cluster_4_2577.BMP,ok,0.7170307443365695,71.70307443365695,False,normal,96,103,7090,9888,AB+/cluster_4_2577.BMP,AB+
/Users/a75027/Desktop/compsci 760/datasets/AB+/cluster_4_2579.BMP,ok,0.7401901294498382,74.01901294498381,False,normal,96,103,7319,9888,AB+/cluster_4_2579.BMP,AB+
/Users/a75027/Desktop/compsci 760/datasets/AB+/cluster_4_2585.BMP,ok,0.6714199029126213,67.14199029126213,False,normal,96,103,6639,9888,AB+/cluster_4_2585.BMP,AB+
/Users/a75027/Desktop/compsci 760/datasets/AB+/cluster_4_2602.BMP,ok,0.7205703883495146,72.05703883495146,False,normal,96,103,7125,9888,AB+/cluster_4_2602.BMP,AB+
/Users/a75027/Desktop/compsci 760/datasets/AB+/cluster_4_2607.BMP,ok,0.7064118122977346,70.64118122977347,False,normal,96,103,6985,9888,AB+/cluster_4_2607.BMP,AB+
/Users/a75027/Desktop/compsci 760/datasets/AB+/cluster_4_2611.BMP,ok,0.7620347896440129,76.2034789644013,False,normal,96,103,7535,9888,AB+/cluster_4_2611.BMP,AB+
/Users/a75027/Desktop/compsci 760/datasets/AB+/cluster_4_2614.BMP,ok,0.7291666666666666,72.91666666666666,False,normal,96,103,7210,9888,AB+/cluster_4_2614.BMP,AB+
/Users/a75027/Desktop/compsci 760/datasets/AB+/cluster_4_2618.BMP,ok,0.7725525889967637,77.25525889967638,False,normal,96,103,7639,9888,AB+/cluster_4_2618.BMP,AB+
/Users/a75027/Desktop/compsci 760/datasets/AB+/cluster_4_2619.BMP,ok,0.6496763754045307,64.96763754045307,False,normal,96,103,6424,9888,AB+/cluster_4_2619.BMP,AB+
/Users/a75027/Desktop/compsci 760/datasets/AB+/cluster_4_2621.BMP,ok,0.7302791262135923,73.02791262135922,False,normal,96,103,7221,9888,AB+/cluster_4_2621.BMP,AB+
/Users/a75027/Desktop/compsci 760/datasets/AB+/cluster_4_263.BMP,ok,0.6226739482200647,62.26739482200647,False,normal,96,103,6157,9888,AB+/cluster_4_263.BMP,AB+
/Users/a75027/Desktop/compsci 760/datasets/AB+/cluster_4_264.BMP,ok,0.7291666666666666,72.91666666666666,False,normal,96,103,7210,9888,AB+/cluster_4_264.BMP,AB+
/Users/a75027/Desktop/compsci 760/datasets/AB+/cluster_4_265.BMP,ok,0.6394619741100324,63.94619741100323,False,normal,96,103,6323,9888,AB+/cluster_4_265.BMP,AB+
/Users/a75027/Desktop/compsci 760/datasets/AB+/cluster_4_2666.BMP,ok,0.6702063106796117,67.02063106796116,False,normal,96,103,6627,9888,AB+/cluster_4_2666.BMP,AB+
/Users/a75027/Desktop/compsci 760/datasets/AB+/cluster_4_2673.BMP,ok,0.6310679611650486,63.10679611650486,False,normal,96,103,6240,9888,AB+/cluster_4_2673.BMP,AB+
/Users/a75027/Desktop/compsci 760/datasets/AB+/cluster_4_2675.BMP,ok,0.7637540453074434,76.37540453074433,False,normal,96,103,7552,9888,AB+/cluster_4_2675.BMP,AB+
/Users/a75027/Desktop/compsci 760/datasets/AB+/cluster_4_268.BMP,ok,0.7103559870550162,71.03559870550163,False,normal,96,103,7024,9888,AB+/cluster_4_268.BMP,AB+
/Users/a75027/Desktop/compsci 760/datasets/AB+/cluster_4_2680.BMP,ok,0.7291666666666666,72.91666666666666,False,normal,96,103,7210,9888,AB+/cluster_4_2680.BMP,AB+
/Users/a75027/Desktop/compsci 760/datasets/AB+/cluster_4_2686.BMP,ok,0.6845671521035599,68.456715210356,False,normal,96,103,6769,9888,AB+/cluster_4_2686.BMP,AB+
/Users/a75027/Desktop/compsci 760/datasets/AB+/cluster_4_2688.BMP,ok,0.7073220064724919,70.73220064724919,False,normal,96,103,6994,9888,AB+/cluster_4_2688.BMP,AB+
/Users/a75027/Desktop/compsci 760/datasets/AB+/cluster_4_2699.BMP,ok,0.7355380258899676,73.55380258899676,False,normal,96,103,7273,9888,AB+/cluster_4_2699.BMP,AB+
/Users/a75027/Desktop/compsci 760/datasets/AB+/cluster_4_27.BMP,ok,0.7723503236245954,77.23503236245955,False,normal,96,103,7637,9888,AB+/cluster_4_27.BMP,AB+
/Users/a75027/Desktop/compsci 760/datasets/AB+/cluster_4_2700.BMP,ok,0.7627427184466019,76.27427184466019,False,normal,96,103,7542,9888,AB+/cluster_4_2700.BMP,AB+
/Users/a75027/Desktop/compsci 760/datasets/AB+/cluster_4_2709.BMP,ok,0.6528114886731392,65.28114886731392,False,normal,96,103,6455,9888,AB+/cluster_4_2709.BMP,AB+
/Users/a75027/Desktop/compsci 760/datasets/AB+/cluster_4_272.BMP,ok,0.7153114886731392,71.53114886731392,False,normal,96,103,7073,9888,AB+/cluster_4_272.BMP,AB+
/Users/a75027/Desktop/compsci 760/datasets/AB+/cluster_4_2720.BMP,ok,0.6990291262135923,69.90291262135922,False,normal,96,103,6912,9888,AB+/cluster_4_2720.BMP,AB+
/Users/a75027/Desktop/compsci 760/datasets/AB+/cluster_4_2726.BMP,ok,0.810376213592233,81.0376213592233,False,normal,96,103,8013,9888,AB+/cluster_4_2726.BMP,AB+
/Users/a75027/Desktop/compsci 760/datasets/AB+/cluster_4_2727.BMP,ok,0.5924352750809061,59.24352750809061,False,normal,96,103,5858,9888,AB+/cluster_4_2727.BMP,AB+
/Users/a75027/Desktop/compsci 760/datasets/AB+/cluster_4_2743.BMP,ok,0.750707928802589,75.07079288025889,False,normal,96,103,7423,9888,AB+/cluster_4_2743.BMP,AB+
/Users/a75027/Desktop/compsci 760/datasets/AB+/cluster_4_2763.BMP,ok,0.7981391585760518,79.81391585760518,False,normal,96,103,7892,9888,AB+/cluster_4_2763.BMP,AB+
/Users/a75027/Desktop/compsci 760/datasets/AB+/cluster_4_2787.BMP,ok,0.7926779935275081,79.26779935275081,False,normal,96,103,7838,9888,AB+/cluster_4_2787.BMP,AB+
/Users/a75027/Desktop/compsci 760/datasets/AB+/cluster_4_2796.BMP,ok,0.6440129449838188,64.40129449838187,False,normal,96,103,6368,9888,AB+/cluster_4_2796.BMP,AB+
/Users/a75027/Desktop/compsci 760/datasets/AB+/cluster_4_2801.BMP,ok,0.7284587378640777,72.84587378640776,False,normal,96,103,7203,9888,AB+/cluster_4_2801.BMP,AB+
/Users/a75027/Desktop/compsci 760/datasets/AB+/cluster_4_2804.BMP,ok,0.736549352750809,73.6549352750809,False,normal,96,103,7283,9888,AB+/cluster_4_2804.BMP,AB+
/Users/a75027/Desktop/compsci 760/datasets/AB+/cluster_4_2818.BMP,ok,0.7061084142394822,70.61084142394822,False,normal,96,103,6982,9888,AB+/cluster_4_2818.BMP,AB+
/Users/a75027/Desktop/compsci 760/datasets/AB+/cluster_4_282.BMP,ok,0.6865898058252428,68.65898058252428,False,normal,96,103,6789,9888,AB+/cluster_4_282.BMP,AB+
/Users/a75027/Desktop/compsci 760/datasets/AB+/cluster_4_2822.BMP,ok,0.702467637540453,70.2467637540453,False,normal,96,103,6946,9888,AB+/cluster_4_2822.BMP,AB+
/Users/a75027/Desktop/compsci 760/datasets/AB+/cluster_4_2837.BMP,ok,0.7050970873786407,70.50970873786407,False,normal,96,103,6972,9888,AB+/cluster_4_2837.BMP,AB+
/Users/a75027/Desktop/compsci 760/datasets/AB+/cluster_4_2850.BMP,ok,0.6989279935275081,69.89279935275081,False,normal,96,103,6911,9888,AB+/cluster_4_2850.BMP,AB+
/Users/a75027/Desktop/compsci 760/datasets/AB+/cluster_4_2854.BMP,ok,0.6741504854368932,67.41504854368931,False,normal,96,103,6666,9888,AB+/cluster_4_2854.BMP,AB+
/Users/a75027/Desktop/compsci 760/datasets/AB+/cluster_4_2856.BMP,ok,0.7311893203883495,73.11893203883496,False,normal,96,103,7230,9888,AB+/cluster_4_2856.BMP,AB+
/Users/a75027/Desktop/compsci 760/datasets/AB+/cluster_4_2861.BMP,ok,0.7423139158576052,74.23139158576052,False,normal,96,103,7340,9888,AB+/cluster_4_2861.BMP,AB+
/Users/a75027/Desktop/compsci 760/datasets/AB+/cluster_4_2864.BMP,ok,0.42020631067961167,42.02063106796117,False,normal,96,103,4155,9888,AB+/cluster_4_2864.BMP,AB+
/Users/a75027/Desktop/compsci 760/datasets/AB+/cluster_4_2876.BMP,ok,0.7146035598705501,71.46035598705501,False,normal,96,103,7066,9888,AB+/cluster_4_2876.BMP,AB+
/Users/a75027/Desktop/compsci 760/datasets/AB+/cluster_4_2889.BMP,ok,0.7707322006472492,77.07322006472492,False,normal,96,103,7621,9888,AB+/cluster_4_2889.BMP,AB+
/Users/a75027/Desktop/compsci 760/datasets/AB+/cluster_4_2896.BMP,ok,0.6284385113268608,62.843851132686076,False,normal,96,103,6214,9888,AB+/cluster_4_2896.BMP,AB+
/Users/a75027/Desktop/compsci 760/datasets/AB+/cluster_4_2900.BMP,ok,0.768406148867314,76.8406148867314,False,normal,96,103,7598,9888,AB+/cluster_4_2900.BMP,AB+
/Users/a75027/Desktop/compsci 760/datasets/AB+/cluster_4_2901.BMP,ok,0.6194377022653722,61.94377022653722,False,normal,96,103,6125,9888,AB+/cluster_4_2901.BMP,AB+
/Users/a75027/Desktop/compsci 760/datasets/AB+/cluster_4_2911.BMP,ok,0.7861043689320388,78.61043689320388,False,normal,96,103,7773,9888,AB+/cluster_4_2911.BMP,AB+
/Users/a75027/Desktop/compsci 760/datasets/AB+/cluster_4_2929.BMP,ok,0.7364482200647249,73.64482200647248,False,normal,96,103,7282,9888,AB+/cluster_4_2929.BMP,AB+
/Users/a75027/Desktop/compsci 760/datasets/AB+/cluster_4_2931.BMP,ok,0.6837580906148867,68.37580906148867,False,normal,96,103,6761,9888,AB+/cluster_4_2931.BMP,AB+
/Users/a75027/Desktop/compsci 760/datasets/AB+/cluster_4_2937.BMP,ok,0.6493729773462783,64.93729773462783,False,normal,96,103,6421,9888,AB+/cluster_4_2937.BMP,AB+
/Users/a75027/Desktop/compsci 760/datasets/AB+/cluster_4_2943.BMP,ok,0.6719255663430421,67.19255663430421,False,normal,96,103,6644,9888,AB+/cluster_4_2943.BMP,AB+
/Users/a75027/Desktop/compsci 760/datasets/AB+/cluster_4_2949.BMP,ok,0.7522249190938511,75.22249190938511,False,normal,96,103,7438,9888,AB+/cluster_4_2949.BMP,AB+
/Users/a75027/Desktop/compsci 760/datasets/AB+/cluster_4_2956.BMP,ok,0.7568770226537217,75.68770226537217,False,normal,96,103,7484,9888,AB+/cluster_4_2956.BMP,AB+
/Users/a75027/Desktop/compsci 760/datasets/AB+/cluster_4_296.BMP,ok,0.7749797734627831,77.49797734627832,False,normal,96,103,7663,9888,AB+/cluster_4_296.BMP,AB+
/Users/a75027/Desktop/compsci 760/datasets/AB+/cluster_4_2960.BMP,ok,0.7460558252427184,74.60558252427184,False,normal,96,103,7377,9888,AB+/cluster_4_2960.BMP,AB+
/Users/a75027/Desktop/compsci 760/datasets/AB+/cluster_4_2961.BMP,ok,0.6868932038834952,68.68932038834951,False,normal,96,103,6792,9888,AB+/cluster_4_2961.BMP,AB+
/Users/a75027/Desktop/compsci 760/datasets/AB+/cluster_4_2965.BMP,ok,0.8198826860841424,81.98826860841424,False,normal,96,103,8107,9888,AB+/cluster_4_2965.BMP,AB+
/Users/a75027/Desktop/compsci 760/datasets/AB+/cluster_4_2981.BMP,ok,0.7087378640776699,70.87378640776699,False,normal,96,103,7008,9888,AB+/cluster_4_2981.BMP,AB+
/Users/a75027/Desktop/compsci 760/datasets/AB+/cluster_4_2988.BMP,ok,0.7427184466019418,74.27184466019418,False,normal,96,103,7344,9888,AB+/cluster_4_2988.BMP,AB+
/Users/a75027/Desktop/compsci 760/datasets/AB+/cluster_4_3000.BMP,ok,0.6976132686084142,69.76132686084142,False,normal,96,103,6898,9888,AB+/cluster_4_3000.BMP,AB+
/Users/a75027/Desktop/compsci 760/datasets/AB+/cluster_4_3003.BMP,ok,0.6869943365695793,68.69943365695794,False,normal,96,103,6793,9888,AB+/cluster_4_3003.BMP,AB+
/Users/a75027/Desktop/compsci 760/datasets/AB+/cluster_4_3011.BMP,ok,0.7399878640776699,73.99878640776699,False,normal,96,103,7317,9888,AB+/cluster_4_3011.BMP,AB+
/Users/a75027/Desktop/compsci 760/datasets/AB+/cluster_4_3015.BMP,ok,0.6177184466019418,61.771844660194176,False,normal,96,103,6108,9888,AB+/cluster_4_3015.BMP,AB+
/Users/a75027/Desktop/compsci 760/datasets/AB+/cluster_4_3018.BMP,ok,0.7008495145631068,70.08495145631069,False,normal,96,103,6930,9888,AB+/cluster_4_3018.BMP,AB+
/Users/a75027/Desktop/compsci 760/datasets/AB+/cluster_4_3021.BMP,ok,0.6695995145631068,66.95995145631069,False,normal,96,103,6621,9888,AB+/cluster_4_3021.BMP,AB+
/Users/a75027/Desktop/compsci 760/datasets/AB+/cluster_4_3022.BMP,ok,0.6343042071197411,63.43042071197411,False,normal,96,103,6272,9888,AB+/cluster_4_3022.BMP,AB+
/Users/a75027/Desktop/compsci 760/datasets/AB+/cluster_4_3031.BMP,ok,0.7951051779935275,79.51051779935275,False,normal,96,103,7862,9888,AB+/cluster_4_3031.BMP,AB+
/Users/a75027/Desktop/compsci 760/datasets/AB+/cluster_4_304.BMP,ok,0.6326860841423948,63.26860841423948,False,normal,96,103,6256,9888,AB+/cluster_4_304.BMP,AB+
/Users/a75027/Desktop/compsci 760/datasets/AB+/cluster_4_3041.BMP,ok,0.7577872168284789,75.77872168284789,False,normal,96,103,7493,9888,AB+/cluster_4_3041.BMP,AB+
/Users/a75027/Desktop/compsci 760/datasets/AB+/cluster_4_3045.BMP,ok,0.7652710355987055,76.52710355987054,False,normal,96,103,7567,9888,AB+/cluster_4_3045.BMP,AB+
/Users/a75027/Desktop/compsci 760/datasets/AB+/cluster_4_3077.BMP,ok,0.7402912621359223,74.02912621359224,False,normal,96,103,7320,9888,AB+/cluster_4_3077.BMP,AB+
/Users/a75027/Desktop/compsci 760/datasets/AB+/cluster_4_3097.BMP,ok,0.7372572815533981,73.72572815533981,False,normal,96,103,7290,9888,AB+/cluster_4_3097.BMP,AB+
/Users/a75027/Desktop/compsci 760/datasets/AB+/cluster_4_3098.BMP,ok,0.6784991909385113,67.84991909385113,False,normal,96,103,6709,9888,AB+/cluster_4_3098.BMP,AB+
/Users/a75027/Desktop/compsci 760/datasets/AB+/cluster_4_3103.BMP,ok,0.5939522653721683,59.39522653721683,False,normal,96,103,5873,9888,AB+/cluster_4_3103.BMP,AB+
/Users/a75027/Desktop/compsci 760/datasets/AB+/cluster_4_3107.BMP,ok,0.725121359223301,72.5121359223301,False,normal,96,103,7170,9888,AB+/cluster_4_3107.BMP,AB+
/Users/a75027/Desktop/compsci 760/datasets/AB+/cluster_4_3121.BMP,ok,0.7343244336569579,73.43244336569579,False,normal,96,103,7261,9888,AB+/cluster_4_3121.BMP,AB+
/Users/a75027/Desktop/compsci 760/datasets/AB+/cluster_4_313.BMP,ok,0.6064927184466019,60.64927184466019,False,normal,96,103,5997,9888,AB+/cluster_4_313.BMP,AB+
/Users/a75027/Desktop/compsci 760/datasets/AB+/cluster_4_3130.BMP,ok,0.6294498381877023,62.944983818770226,False,normal,96,103,6224,9888,AB+/cluster_4_3130.BMP,AB+
/Users/a75027/Desktop/compsci 760/datasets/AB+/cluster_4_3132.BMP,ok,0.7149069579288025,71.49069579288026,False,normal,96,103,7069,9888,AB+/cluster_4_3132.BMP,AB+
/Users/a75027/Desktop/compsci 760/datasets/AB+/cluster_4_3150.BMP,ok,0.5952669902912622,59.52669902912622,False,normal,96,103,5886,9888,AB+/cluster_4_3150.BMP,AB+
/Users/a75027/Desktop/compsci 760/datasets/AB+/cluster_4_3151.BMP,ok,0.7221885113268608,72.21885113268608,False,normal,96,103,7141,9888,AB+/cluster_4_3151.BMP,AB+
/Users/a75027/Desktop/compsci 760/datasets/AB+/cluster_4_316.BMP,ok,0.7061084142394822,70.61084142394822,False,normal,96,103,6982,9888,AB+/cluster_4_316.BMP,AB+
/Users/a75027/Desktop/compsci 760/datasets/AB+/cluster_4_3168.BMP,ok,0.7576860841423948,75.76860841423948,False,normal,96,103,7492,9888,AB+/cluster_4_3168.BMP,AB+
/Users/a75027/Desktop/compsci 760/datasets/AB+/cluster_4_3173.BMP,ok,0.7408980582524272,74.08980582524272,False,normal,96,103,7326,9888,AB+/cluster_4_3173.BMP,AB+
/Users/a75027/Desktop/compsci 760/datasets/AB+/cluster_4_3176.BMP,ok,0.7155137540453075,71.55137540453075,False,normal,96,103,7075,9888,AB+/cluster_4_3176.BMP,AB+
/Users/a75027/Desktop/compsci 760/datasets/AB+/cluster_4_3177.BMP,ok,0.6995347896440129,69.9534789644013,False,normal,96,103,6917,9888,AB+/cluster_4_3177.BMP,AB+
/Users/a75027/Desktop/compsci 760/datasets/AB+/cluster_4_3190.BMP,ok,0.7610234627831716,76.10234627831716,False,normal,96,103,7525,9888,AB+/cluster_4_3190.BMP,AB+
/Users/a75027/Desktop/compsci 760/datasets/AB+/cluster_4_3208.BMP,ok,0.7667880258899676,76.67880258899676,False,normal,96,103,7582,9888,AB+/cluster_4_3208.BMP,AB+
/Users/a75027/Desktop/compsci 760/datasets/AB+/cluster_4_321.BMP,ok,0.6714199029126213,67.14199029126213,False,normal,96,103,6639,9888,AB+/cluster_4_321.BMP,AB+
/Users/a75027/Desktop/compsci 760/datasets/AB+/cluster_4_3210.BMP,ok,0.7441343042071198,74.41343042071198,False,normal,96,103,7358,9888,AB+/cluster_4_3210.BMP,AB+
/Users/a75027/Desktop/compsci 760/datasets/AB+/cluster_4_3216.BMP,ok,0.7233009708737864,72.33009708737865,False,normal,96,103,7152,9888,AB+/cluster_4_3216.BMP,AB+
/Users/a75027/Desktop/compsci 760/datasets/AB+/cluster_4_3220.BMP,ok,0.6735436893203883,67.35436893203884,False,normal,96,103,6660,9888,AB+/cluster_4_3220.BMP,AB+
/Users/a75027/Desktop/compsci 760/datasets/AB+/cluster_4_3221.BMP,ok,0.6446197411003236,64.46197411003236,False,normal,96,103,6374,9888,AB+/cluster_4_3221.BMP,AB+
/Users/a75027/Desktop/compsci 760/datasets/AB+/cluster_4_3223.BMP,ok,0.5986043689320388,59.86043689320388,False,normal,96,103,5919,9888,AB+/cluster_4_3223.BMP,AB+
/Users/a75027/Desktop/compsci 760/datasets/AB+/cluster_4_3237.BMP,ok,0.7486852750809061,74.86852750809061,False,normal,96,103,7403,9888,AB+/cluster_4_3237.BMP,AB+
/Users/a75027/Desktop/compsci 760/datasets/AB+/cluster_4_3238.BMP,ok,0.6720266990291263,67.20266990291263,False,normal,96,103,6645,9888,AB+/cluster_4_3238.BMP,AB+
/Users/a75027/Desktop/compsci 760/datasets/AB+/cluster_4_3243.BMP,ok,0.7603155339805825,76.03155339805825,False,normal,96,103,7518,9888,AB+/cluster_4_3243.BMP,AB+
/Users/a75027/Desktop/compsci 760/datasets/AB+/cluster_4_3248.BMP,ok,0.5812095469255664,58.12095469255664,False,normal,96,103,5747,9888,AB+/cluster_4_3248.BMP,AB+
/Users/a75027/Desktop/compsci 760/datasets/AB+/cluster_4_3249.BMP,ok,0.7395833333333334,73.95833333333334,False,normal,96,103,7313,9888,AB+/cluster_4_3249.BMP,AB+
/Users/a75027/Desktop/compsci 760/datasets/AB+/cluster_4_325.BMP,ok,0.6869943365695793,68.69943365695794,False,normal,96,103,6793,9888,AB+/cluster_4_325.BMP,AB+
/Users/a75027/Desktop/compsci 760/datasets/AB+/cluster_4_3250.BMP,ok,0.6963996763754046,69.63996763754045,False,normal,96,103,6886,9888,AB+/cluster_4_3250.BMP,AB+
/Users/a75027/Desktop/compsci 760/datasets/AB+/cluster_4_3253.BMP,ok,0.7467637540453075,74.67637540453075,False,normal,96,103,7384,9888,AB+/cluster_4_3253.BMP,AB+
/Users/a75027/Desktop/compsci 760/datasets/AB+/cluster_4_3254.BMP,ok,0.7327063106796117,73.27063106796116,False,normal,96,103,7245,9888,AB+/cluster_4_3254.BMP,AB+
/Users/a75027/Desktop/compsci 760/datasets/AB+/cluster_4_3258.BMP,ok,0.7760922330097088,77.60922330097088,False,normal,96,103,7674,9888,AB+/cluster_4_3258.BMP,AB+
/Users/a75027/Desktop/compsci 760/datasets/AB+/cluster_4_3264.BMP,ok,0.7207726537216829,72.07726537216828,False,normal,96,103,7127,9888,AB+/cluster_4_3264.BMP,AB+
/Users/a75027/Desktop/compsci 760/datasets/AB+/cluster_4_3287.BMP,ok,0.6667677993527508,66.67677993527508,False,normal,96,103,6593,9888,AB+/cluster_4_3287.BMP,AB+
/Users/a75027/Desktop/compsci 760/datasets/AB+/cluster_4_3302.BMP,ok,0.6594862459546925,65.94862459546925,False,normal,96,103,6521,9888,AB+/cluster_4_3302.BMP,AB+
/Users/a75027/Desktop/compsci 760/datasets/AB+/cluster_4_3313.BMP,ok,0.7430218446601942,74.30218446601941,False,normal,96,103,7347,9888,AB+/cluster_4_3313.BMP,AB+
/Users/a75027/Desktop/compsci 760/datasets/AB+/cluster_4_333.BMP,ok,0.745752427184466,74.5752427184466,False,normal,96,103,7374,9888,AB+/cluster_4_333.BMP,AB+
/Users/a75027/Desktop/compsci 760/datasets/AB+/cluster_4_3345.BMP,ok,0.6915453074433657,69.15453074433657,False,normal,96,103,6838,9888,AB+/cluster_4_3345.BMP,AB+
/Users/a75027/Desktop/compsci 760/datasets/AB+/cluster_4_3348.BMP,ok,0.7430218446601942,74.30218446601941,False,normal,96,103,7347,9888,AB+/cluster_4_3348.BMP,AB+
/Users/a75027/Desktop/compsci 760/datasets/AB+/cluster_4_3351.BMP,ok,0.7297734627831716,72.97734627831716,False,normal,96,103,7216,9888,AB+/cluster_4_3351.BMP,AB+
/Users/a75027/Desktop/compsci 760/datasets/AB+/cluster_4_3352.BMP,ok,0.6944781553398058,69.44781553398059,False,normal,96,103,6867,9888,AB+/cluster_4_3352.BMP,AB+
/Users/a75027/Desktop/compsci 760/datasets/AB+/cluster_4_3366.BMP,ok,0.7155137540453075,71.55137540453075,False,normal,96,103,7075,9888,AB+/cluster_4_3366.BMP,AB+
/Users/a75027/Desktop/compsci 760/datasets/AB+/cluster_4_3368.BMP,ok,0.6796116504854369,67.96116504854369,False,normal,96,103,6720,9888,AB+/cluster_4_3368.BMP,AB+
/Users/a75027/Desktop/compsci 760/datasets/AB+/cluster_4_337.BMP,ok,0.676779935275081,67.6779935275081,False,normal,96,103,6692,9888,AB+/cluster_4_337.BMP,AB+
/Users/a75027/Desktop/compsci 760/datasets/AB+/cluster_4_3375.BMP,ok,0.7831715210355987,78.31715210355988,False,normal,96,103,7744,9888,AB+/cluster_4_3375.BMP,AB+
/Users/a75027/Desktop/compsci 760/datasets/AB+/cluster_4_338.BMP,ok,0.6907362459546925,69.07362459546925,False,normal,96,103,6830,9888,AB+/cluster_4_338.BMP,AB+
/Users/a75027/Desktop/compsci 760/datasets/AB+/cluster_4_3387.BMP,ok,0.7583940129449838,75.83940129449837,False,normal,96,103,7499,9888,AB+/cluster_4_3387.BMP,AB+
/Users/a75027/Desktop/compsci 760/datasets/AB+/cluster_4_3393.BMP,ok,0.6989279935275081,69.89279935275081,False,normal,96,103,6911,9888,AB+/cluster_4_3393.BMP,AB+
/Users/a75027/Desktop/compsci 760/datasets/AB+/cluster_4_3397.BMP,ok,0.7958131067961165,79.58131067961165,False,normal,96,103,7869,9888,AB+/cluster_4_3397.BMP,AB+
/Users/a75027/Desktop/compsci 760/datasets/AB+/cluster_4_3398.BMP,ok,0.7373584142394822,73.73584142394822,False,normal,96,103,7291,9888,AB+/cluster_4_3398.BMP,AB+
/Users/a75027/Desktop/compsci 760/datasets/AB+/cluster_4_340.BMP,ok,0.7460558252427184,74.60558252427184,False,normal,96,103,7377,9888,AB+/cluster_4_340.BMP,AB+
/Users/a75027/Desktop/compsci 760/datasets/AB+/cluster_4_3422.BMP,ok,0.7139967637540453,71.39967637540452,False,normal,96,103,7060,9888,AB+/cluster_4_3422.BMP,AB+
/Users/a75027/Desktop/compsci 760/datasets/AB+/cluster_4_3427.BMP,ok,0.7141990291262136,71.41990291262135,False,normal,96,103,7062,9888,AB+/cluster_4_3427.BMP,AB+
/Users/a75027/Desktop/compsci 760/datasets/AB+/cluster_4_3432.BMP,ok,0.6706108414239482,67.06108414239482,False,normal,96,103,6631,9888,AB+/cluster_4_3432.BMP,AB+
/Users/a75027/Desktop/compsci 760/datasets/AB+/cluster_4_344.BMP,ok,0.6400687702265372,64.00687702265373,False,normal,96,103,6329,9888,AB+/cluster_4_344.BMP,AB+
/Users/a75027/Desktop/compsci 760/datasets/AB+/cluster_4_3440.BMP,ok,0.752123786407767,75.2123786407767,False,normal,96,103,7437,9888,AB+/cluster_4_3440.BMP,AB+
/Users/a75027/Desktop/compsci 760/datasets/AB+/cluster_4_3446.BMP,ok,0.7106593851132686,71.06593851132686,False,normal,96,103,7027,9888,AB+/cluster_4_3446.BMP,AB+
/Users/a75027/Desktop/compsci 760/datasets/AB+/cluster_4_3452.BMP,ok,0.689623786407767,68.9623786407767,False,normal,96,103,6819,9888,AB+/cluster_4_3452.BMP,AB+
/Users/a75027/Desktop/compsci 760/datasets/AB+/cluster_4_3458.BMP,ok,0.7523260517799353,75.23260517799353,False,normal,96,103,7439,9888,AB+/cluster_4_3458.BMP,AB+
/Users/a75027/Desktop/compsci 760/datasets/AB+/cluster_4_3459.BMP,ok,0.7104571197411004,71.04571197411003,False,normal,96,103,7025,9888,AB+/cluster_4_3459.BMP,AB+
/Users/a75027/Desktop/compsci 760/datasets/AB+/cluster_4_347.BMP,ok,0.6694983818770227,66.94983818770227,False,normal,96,103,6620,9888,AB+/cluster_4_347.BMP,AB+
/Users/a75027/Desktop/compsci 760/datasets/AB+/cluster_4_3489.BMP,ok,0.6551375404530745,65.51375404530745,False,normal,96,103,6478,9888,AB+/cluster_4_3489.BMP,AB+
/Users/a75027/Desktop/compsci 760/datasets/AB+/cluster_4_349.BMP,ok,0.7484830097087378,74.84830097087378,False,normal,96,103,7401,9888,AB+/cluster_4_349.BMP,AB+
/Users/a75027/Desktop/compsci 760/datasets/AB+/cluster_4_3492.BMP,ok,0.7508090614886731,75.08090614886731,False,normal,96,103,7424,9888,AB+/cluster_4_3492.BMP,AB+
/Users/a75027/Desktop/compsci 760/datasets/AB+/cluster_4_3504.BMP,ok,0.5885922330097088,58.859223300970875,False,normal,96,103,5820,9888,AB+/cluster_4_3504.BMP,AB+
/Users/a75027/Desktop/compsci 760/datasets/AB+/cluster_4_3505.BMP,ok,0.7618325242718447,76.18325242718447,False,normal,96,103,7533,9888,AB+/cluster_4_3505.BMP,AB+
/Users/a75027/Desktop/compsci 760/datasets/AB+/cluster_4_3524.BMP,ok,0.7831715210355987,78.31715210355988,False,normal,96,103,7744,9888,AB+/cluster_4_3524.BMP,AB+
/Users/a75027/Desktop/compsci 760/datasets/AB+/cluster_4_3542.BMP,ok,0.7771035598705501,77.71035598705501,False,normal,96,103,7684,9888,AB+/cluster_4_3542.BMP,AB+
/Users/a75027/Desktop/compsci 760/datasets/AB+/cluster_4_355.BMP,ok,0.7327063106796117,73.27063106796116,False,normal,96,103,7245,9888,AB+/cluster_4_355.BMP,AB+
/Users/a75027/Desktop/compsci 760/datasets/AB+/cluster_4_3558.BMP,ok,0.7602144012944984,76.02144012944983,False,normal,96,103,7517,9888,AB+/cluster_4_3558.BMP,AB+
/Users/a75027/Desktop/compsci 760/datasets/AB+/cluster_4_3563.BMP,ok,0.6878033980582524,68.78033980582524,False,normal,96,103,6801,9888,AB+/cluster_4_3563.BMP,AB+
/Users/a75027/Desktop/compsci 760/datasets/AB+/cluster_4_3565.BMP,ok,0.7178398058252428,71.78398058252428,False,normal,96,103,7098,9888,AB+/cluster_4_3565.BMP,AB+
/Users/a75027/Desktop/compsci 760/datasets/AB+/cluster_4_3566.BMP,ok,0.6792071197411004,67.92071197411003,False,normal,96,103,6716,9888,AB+/cluster_4_3566.BMP,AB+
/Users/a75027/Desktop/compsci 760/datasets/AB+/cluster_4_3578.BMP,ok,0.7351334951456311,73.5133495145631,False,normal,96,103,7269,9888,AB+/cluster_4_3578.BMP,AB+
/Users/a75027/Desktop/compsci 760/datasets/AB+/cluster_4_358.BMP,ok,0.7153114886731392,71.53114886731392,False,normal,96,103,7073,9888,AB+/cluster_4_358.BMP,AB+
/Users/a75027/Desktop/compsci 760/datasets/AB+/cluster_4_3580.BMP,ok,0.6487661812297735,64.87661812297735,False,normal,96,103,6415,9888,AB+/cluster_4_3580.BMP,AB+
/Users/a75027/Desktop/compsci 760/datasets/AB+/cluster_4_3581.BMP,ok,0.6196399676375405,61.96399676375405,False,normal,96,103,6127,9888,AB+/cluster_4_3581.BMP,AB+
/Users/a75027/Desktop/compsci 760/datasets/AB+/cluster_4_3588.BMP,ok,0.7709344660194175,77.09344660194175,False,normal,96,103,7623,9888,AB+/cluster_4_3588.BMP,AB+
/Users/a75027/Desktop/compsci 760/datasets/AB+/cluster_4_359.BMP,ok,0.698826860841424,69.88268608414239,False,normal,96,103,6910,9888,AB+/cluster_4_359.BMP,AB+
/Users/a75027/Desktop/compsci 760/datasets/AB+/cluster_4_3594.BMP,ok,0.6566545307443366,65.66545307443366,False,normal,96,103,6493,9888,AB+/cluster_4_3594.BMP,AB+
/Users/a75027/Desktop/compsci 760/datasets/AB+/cluster_4_3596.BMP,ok,0.6672734627831716,66.72734627831716,False,normal,96,103,6598,9888,AB+/cluster_4_3596.BMP,AB+
/Users/a75027/Desktop/compsci 760/datasets/AB+/cluster_4_3604.BMP,ok,0.669700647249191,66.9700647249191,False,normal,96,103,6622,9888,AB+/cluster_4_3604.BMP,AB+
/Users/a75027/Desktop/compsci 760/datasets/AB+/cluster_4_361.BMP,ok,0.6842637540453075,68.42637540453075,False,normal,96,103,6766,9888,AB+/cluster_4_361.BMP,AB+
/Users/a75027/Desktop/compsci 760/datasets/AB+/cluster_4_3624.BMP,ok,0.7169296116504854,71.69296116504854,False,normal,96,103,7089,9888,AB+/cluster_4_3624.BMP,AB+
/Users/a75027/Desktop/compsci 760/datasets/AB+/cluster_4_3626.BMP,ok,0.7302791262135923,73.02791262135922,False,normal,96,103,7221,9888,AB+/cluster_4_3626.BMP,AB+
/Users/a75027/Desktop/compsci 760/datasets/AB+/cluster_4_3642.BMP,ok,0.7303802588996764,73.03802588996764,False,normal,96,103,7222,9888,AB+/cluster_4_3642.BMP,AB+
/Users/a75027/Desktop/compsci 760/datasets/AB+/cluster_4_3649.BMP,ok,0.575950647249191,57.5950647249191,False,normal,96,103,5695,9888,AB+/cluster_4_3649.BMP,AB+
/Users/a75027/Desktop/compsci 760/datasets/AB+/cluster_4_365.BMP,ok,0.6457322006472492,64.57322006472492,False,normal,96,103,6385,9888,AB+/cluster_4_365.BMP,AB+
/Users/a75027/Desktop/compsci 760/datasets/AB+/cluster_4_3659.BMP,ok,0.729470064724919,72.9470064724919,False,normal,96,103,7213,9888,AB+/cluster_4_3659.BMP,AB+
/Users/a75027/Desktop/compsci 760/datasets/AB+/cluster_4_3662.BMP,ok,0.6816343042071198,68.16343042071198,False,normal,96,103,6740,9888,AB+/cluster_4_3662.BMP,AB+
/Users/a75027/Desktop/compsci 760/datasets/AB+/cluster_4_3667.BMP,ok,0.6962985436893204,69.62985436893204,False,normal,96,103,6885,9888,AB+/cluster_4_3667.BMP,AB+
/Users/a75027/Desktop/compsci 760/datasets/AB+/cluster_4_3669.BMP,ok,0.7816545307443366,78.16545307443366,False,normal,96,103,7729,9888,AB+/cluster_4_3669.BMP,AB+
/Users/a75027/Desktop/compsci 760/datasets/AB+/cluster_4_3673.BMP,ok,0.7318972491909385,73.18972491909385,False,normal,96,103,7237,9888,AB+/cluster_4_3673.BMP,AB+
/Users/a75027/Desktop/compsci 760/datasets/AB+/cluster_4_3678.BMP,ok,0.7476739482200647,74.76739482200647,False,normal,96,103,7393,9888,AB+/cluster_4_3678.BMP,AB+
/Users/a75027/Desktop/compsci 760/datasets/AB+/cluster_4_3691.BMP,ok,0.7440331715210357,74.40331715210357,False,normal,96,103,7357,9888,AB+/cluster_4_3691.BMP,AB+
/Users/a75027/Desktop/compsci 760/datasets/AB+/cluster_4_3692.BMP,ok,0.6527103559870551,65.27103559870551,False,normal,96,103,6454,9888,AB+/cluster_4_3692.BMP,AB+
/Users/a75027/Desktop/compsci 760/datasets/AB+/cluster_4_3694.BMP,ok,0.674049352750809,67.4049352750809,False,normal,96,103,6665,9888,AB+/cluster_4_3694.BMP,AB+
/Users/a75027/Desktop/compsci 760/datasets/AB+/cluster_4_37.BMP,ok,0.5943567961165048,59.435679611650485,False,normal,96,103,5877,9888,AB+/cluster_4_37.BMP,AB+
/Users/a75027/Desktop/compsci 760/datasets/AB+/cluster_4_3707.BMP,ok,0.7524271844660194,75.24271844660194,False,normal,96,103,7440,9888,AB+/cluster_4_3707.BMP,AB+
/Users/a75027/Desktop/compsci 760/datasets/AB+/cluster_4_3709.BMP,ok,0.7831715210355987,78.31715210355988,False,normal,96,103,7744,9888,AB+/cluster_4_3709.BMP,AB+
/Users/a75027/Desktop/compsci 760/datasets/AB+/cluster_4_3725.BMP,ok,0.6359223300970874,63.59223300970874,False,normal,96,103,6288,9888,AB+/cluster_4_3725.BMP,AB+
/Users/a75027/Desktop/compsci 760/datasets/AB+/cluster_4_3726.BMP,ok,0.7110639158576052,71.10639158576052,False,normal,96,103,7031,9888,AB+/cluster_4_3726.BMP,AB+
/Users/a75027/Desktop/compsci 760/datasets/AB+/cluster_4_3735.BMP,ok,0.7012540453074434,70.12540453074433,False,normal,96,103,6934,9888,AB+/cluster_4_3735.BMP,AB+
/Users/a75027/Desktop/compsci 760/datasets/AB+/cluster_4_3739.BMP,ok,0.7531351132686084,75.31351132686083,False,normal,96,103,7447,9888,AB+/cluster_4_3739.BMP,AB+
/Users/a75027/Desktop/compsci 760/datasets/AB+/cluster_4_3747.BMP,ok,0.7081310679611651,70.81310679611651,False,normal,96,103,7002,9888,AB+/cluster_4_3747.BMP,AB+
/Users/a75027/Desktop/compsci 760/datasets/AB+/cluster_4_3751.BMP,ok,0.7829692556634305,78.29692556634305,False,normal,96,103,7742,9888,AB+/cluster_4_3751.BMP,AB+
/Users/a75027/Desktop/compsci 760/datasets/AB+/cluster_4_385.BMP,ok,0.7078276699029126,70.78276699029125,False,normal,96,103,6999,9888,AB+/cluster_4_385.BMP,AB+
/Users/a75027/Desktop/compsci 760/datasets/AB+/cluster_4_3857.BMP,ok,0.6202467637540453,62.02467637540453,False,normal,96,103,6133,9888,AB+/cluster_4_3857.BMP,AB+
/Users/a75027/Desktop/compsci 760/datasets/AB+/cluster_4_3859.BMP,ok,0.6812297734627831,68.12297734627832,False,normal,96,103,6736,9888,AB+/cluster_4_3859.BMP,AB+
/Users/a75027/Desktop/compsci 760/datasets/AB+/cluster_4_3861.BMP,ok,0.7620347896440129,76.2034789644013,False,normal,96,103,7535,9888,AB+/cluster_4_3861.BMP,AB+
/Users/a75027/Desktop/compsci 760/datasets/AB+/cluster_4_3864.BMP,ok,0.6650485436893204,66.50485436893204,False,normal,96,103,6576,9888,AB+/cluster_4_3864.BMP,AB+
/Users/a75027/Desktop/compsci 760/datasets/AB+/cluster_4_3875.BMP,ok,0.7532362459546925,75.32362459546925,False,normal,96,103,7448,9888,AB+/cluster_4_3875.BMP,AB+
/Users/a75027/Desktop/compsci 760/datasets/AB+/cluster_4_388.BMP,ok,0.562533069703974,56.2533069703974,False,normal,241,298,40400,71818,AB+/cluster_4_388.BMP,AB+
/Users/a75027/Desktop/compsci 760/datasets/AB+/cluster_4_3881.BMP,ok,0.6543284789644013,65.43284789644012,False,normal,96,103,6470,9888,AB+/cluster_4_3881.BMP,AB+
/Users/a75027/Desktop/compsci 760/datasets/AB+/cluster_4_3884.BMP,ok,0.7033778317152104,70.33778317152104,False,normal,96,103,6955,9888,AB+/cluster_4_3884.BMP,AB+
/Users/a75027/Desktop/compsci 760/datasets/AB+/cluster_4_3887.BMP,ok,0.47390776699029125,47.390776699029125,False,normal,96,103,4686,9888,AB+/cluster_4_3887.BMP,AB+
/Users/a75027/Desktop/compsci 760/datasets/AB+/cluster_4_3896.BMP,ok,0.5998179611650486,59.98179611650486,False,normal,96,103,5931,9888,AB+/cluster_4_3896.BMP,AB+
/Users/a75027/Desktop/compsci 760/datasets/AB+/cluster_4_3898.BMP,ok,0.6345064724919094,63.450647249190936,False,normal,96,103,6274,9888,AB+/cluster_4_3898.BMP,AB+
/Users/a75027/Desktop/compsci 760/datasets/AB+/cluster_4_3901.BMP,ok,0.5929409385113269,59.294093851132686,False,normal,96,103,5863,9888,AB+/cluster_4_3901.BMP,AB+
/Users/a75027/Desktop/compsci 760/datasets/AB+/cluster_4_3907.BMP,ok,0.6720266990291263,67.20266990291263,False,normal,96,103,6645,9888,AB+/cluster_4_3907.BMP,AB+
/Users/a75027/Desktop/compsci 760/datasets/AB+/cluster_4_392.BMP,ok,0.5938511326860841,59.385113268608414,False,normal,96,103,5872,9888,AB+/cluster_4_392.BMP,AB+
/Users/a75027/Desktop/compsci 760/datasets/AB+/cluster_4_3920.BMP,ok,0.6294498381877023,62.944983818770226,False,normal,96,103,6224,9888,AB+/cluster_4_3920.BMP,AB+
/Users/a75027/Desktop/compsci 760/datasets/AB+/cluster_4_3924.BMP,ok,0.6759708737864077,67.59708737864078,False,normal,96,103,6684,9888,AB+/cluster_4_3924.BMP,AB+
/Users/a75027/Desktop/compsci 760/datasets/AB+/cluster_4_3932.BMP,ok,0.7335153721682848,73.35153721682848,False,normal,96,103,7253,9888,AB+/cluster_4_3932.BMP,AB+
/Users/a75027/Desktop/compsci 760/datasets/AB+/cluster_4_3934.BMP,ok,0.7276496763754046,72.76496763754045,False,normal,96,103,7195,9888,AB+/cluster_4_3934.BMP,AB+
/Users/a75027/Desktop/compsci 760/datasets/AB+/cluster_4_3955.BMP,ok,0.722997572815534,72.2997572815534,False,normal,96,103,7149,9888,AB+/cluster_4_3955.BMP,AB+
/Users/a75027/Desktop/compsci 760/datasets/AB+/cluster_4_3967.BMP,ok,0.7155137540453075,71.55137540453075,False,normal,96,103,7075,9888,AB+/cluster_4_3967.BMP,AB+
/Users/a75027/Desktop/compsci 760/datasets/AB+/cluster_4_397.BMP,ok,0.6859830097087378,68.59830097087378,False,normal,96,103,6783,9888,AB+/cluster_4_397.BMP,AB+
/Users/a75027/Desktop/compsci 760/datasets/AB+/cluster_4_3978.BMP,ok,0.7147046925566343,71.47046925566343,False,normal,96,103,7067,9888,AB+/cluster_4_3978.BMP,AB+
/Users/a75027/Desktop/compsci 760/datasets/AB+/cluster_4_3988.BMP,ok,0.7270428802588996,72.70428802588997,False,normal,96,103,7189,9888,AB+/cluster_4_3988.BMP,AB+
/Users/a75027/Desktop/compsci 760/datasets/AB+/cluster_4_3998.BMP,ok,0.5834344660194175,58.34344660194175,False,normal,96,103,5769,9888,AB+/cluster_4_3998.BMP,AB+
/Users/a75027/Desktop/compsci 760/datasets/AB+/cluster_4_4.BMP,ok,0.7149069579288025,71.49069579288026,False,normal,96,103,7069,9888,AB+/cluster_4_4.BMP,AB+
/Users/a75027/Desktop/compsci 760/datasets/AB+/cluster_4_4001.BMP,ok,0.7198624595469255,71.98624595469255,False,normal,96,103,7118,9888,AB+/cluster_4_4001.BMP,AB+
/Users/a75027/Desktop/compsci 760/datasets/AB+/cluster_4_4010.BMP,ok,0.6717233009708737,67.17233009708737,False,normal,96,103,6642,9888,AB+/cluster_4_4010.BMP,AB+
/Users/a75027/Desktop/compsci 760/datasets/AB+/cluster_4_4041.BMP,ok,0.767799352750809,76.7799352750809,False,normal,96,103,7592,9888,AB+/cluster_4_4041.BMP,AB+
/Users/a75027/Desktop/compsci 760/datasets/AB+/cluster_4_4052.BMP,ok,0.6950849514563107,69.50849514563106,False,normal,96,103,6873,9888,AB+/cluster_4_4052.BMP,AB+
/Users/a75027/Desktop/compsci 760/datasets/AB+/cluster_4_4058.BMP,ok,0.7520226537216829,75.20226537216828,False,normal,96,103,7436,9888,AB+/cluster_4_4058.BMP,AB+
/Users/a75027/Desktop/compsci 760/datasets/AB+/cluster_4_4066.BMP,ok,0.6840614886731392,68.40614886731392,False,normal,96,103,6764,9888,AB+/cluster_4_4066.BMP,AB+
/Users/a75027/Desktop/compsci 760/datasets/AB+/cluster_4_4073.BMP,ok,0.7664846278317152,76.64846278317152,False,normal,96,103,7579,9888,AB+/cluster_4_4073.BMP,AB+
/Users/a75027/Desktop/compsci 760/datasets/AB+/cluster_4_4096.BMP,ok,0.6345064724919094,63.450647249190936,False,normal,96,103,6274,9888,AB+/cluster_4_4096.BMP,AB+
/Users/a75027/Desktop/compsci 760/datasets/AB+/cluster_4_4105.BMP,ok,0.7119741100323624,71.19741100323624,False,normal,96,103,7040,9888,AB+/cluster_4_4105.BMP,AB+
/Users/a75027/Desktop/compsci 760/datasets/AB+/cluster_4_4106.BMP,ok,0.7374595469255664,73.74595469255664,False,normal,96,103,7292,9888,AB+/cluster_4_4106.BMP,AB+
/Users/a75027/Desktop/compsci 760/datasets/AB+/cluster_4_411.BMP,ok,0.7992516181229773,79.92516181229773,False,normal,96,103,7903,9888,AB+/cluster_4_411.BMP,AB+
/Users/a75027/Desktop/compsci 760/datasets/AB+/cluster_4_4119.BMP,ok,0.7036812297734628,70.36812297734627,False,normal,96,103,6958,9888,AB+/cluster_4_4119.BMP,AB+
/Users/a75027/Desktop/compsci 760/datasets/AB+/cluster_4_4122.BMP,ok,0.6168082524271845,61.68082524271845,False,normal,96,103,6099,9888,AB+/cluster_4_4122.BMP,AB+
/Users/a75027/Desktop/compsci 760/datasets/AB+/cluster_4_4127.BMP,ok,0.6681836569579288,66.81836569579288,False,normal,96,103,6607,9888,AB+/cluster_4_4127.BMP,AB+
/Users/a75027/Desktop/compsci 760/datasets/AB+/cluster_4_4134.BMP,ok,0.6447208737864077,64.47208737864078,False,normal,96,103,6375,9888,AB+/cluster_4_4134.BMP,AB+
/Users/a75027/Desktop/compsci 760/datasets/AB+/cluster_4_4144.BMP,ok,0.7192556634304207,71.92556634304206,False,normal,96,103,7112,9888,AB+/cluster_4_4144.BMP,AB+
/Users/a75027/Desktop/compsci 760/datasets/AB+/cluster_4_4145.BMP,ok,0.6858818770226537,68.58818770226537,False,normal,96,103,6782,9888,AB+/cluster_4_4145.BMP,AB+
/Users/a75027/Desktop/compsci 760/datasets/AB+/cluster_4_4167.BMP,ok,0.6465412621359223,64.65412621359224,False,normal,96,103,6393,9888,AB+/cluster_4_4167.BMP,AB+
/Users/a75027/Desktop/compsci 760/datasets/AB+/cluster_4_4169.BMP,ok,0.7603155339805825,76.03155339805825,False,normal,96,103,7518,9888,AB+/cluster_4_4169.BMP,AB+
/Users/a75027/Desktop/compsci 760/datasets/AB+/cluster_4_4176.BMP,ok,0.7416059870550162,74.16059870550163,False,normal,96,103,7333,9888,AB+/cluster_4_4176.BMP,AB+
/Users/a75027/Desktop/compsci 760/datasets/AB+/cluster_4_4218.BMP,ok,0.6206512944983819,62.06512944983819,False,normal,96,103,6137,9888,AB+/cluster_4_4218.BMP,AB+
/Users/a75027/Desktop/compsci 760/datasets/AB+/cluster_4_4220.BMP,ok,0.741504854368932,74.1504854368932,False,normal,96,103,7332,9888,AB+/cluster_4_4220.BMP,AB+
/Users/a75027/Desktop/compsci 760/datasets/AB+/cluster_4_4221.BMP,ok,0.5929409385113269,59.294093851132686,False,normal,96,103,5863,9888,AB+/cluster_4_4221.BMP,AB+
/Users/a75027/Desktop/compsci 760/datasets/AB+/cluster_4_4240.BMP,ok,0.7827669902912622,78.27669902912622,False,normal,96,103,7740,9888,AB+/cluster_4_4240.BMP,AB+
/Users/a75027/Desktop/compsci 760/datasets/AB+/cluster_4_4278.BMP,ok,0.7372572815533981,73.72572815533981,False,normal,96,103,7290,9888,AB+/cluster_4_4278.BMP,AB+
/Users/a75027/Desktop/compsci 760/datasets/AB+/cluster_4_4282.BMP,ok,0.6518001618122977,65.18001618122977,False,normal,96,103,6445,9888,AB+/cluster_4_4282.BMP,AB+
/Users/a75027/Desktop/compsci 760/datasets/AB+/cluster_4_4283.BMP,ok,0.779834142394822,77.9834142394822,False,normal,96,103,7711,9888,AB+/cluster_4_4283.BMP,AB+
/Users/a75027/Desktop/compsci 760/datasets/AB+/cluster_4_4284.BMP,ok,0.7685072815533981,76.85072815533981,False,normal,96,103,7599,9888,AB+/cluster_4_4284.BMP,AB+
/Users/a75027/Desktop/compsci 760/datasets/AB+/cluster_4_4292.BMP,ok,0.752123786407767,75.2123786407767,False,normal,96,103,7437,9888,AB+/cluster_4_4292.BMP,AB+
/Users/a75027/Desktop/compsci 760/datasets/AB+/cluster_4_4296.BMP,ok,0.6113470873786407,61.134708737864074,False,normal,96,103,6045,9888,AB+/cluster_4_4296.BMP,AB+
/Users/a75027/Desktop/compsci 760/datasets/AB+/cluster_4_4319.BMP,ok,0.7143001618122977,71.43001618122977,False,normal,96,103,7063,9888,AB+/cluster_4_4319.BMP,AB+
/Users/a75027/Desktop/compsci 760/datasets/AB+/cluster_4_435.BMP,ok,0.7158171521035599,71.581715210356,False,normal,96,103,7078,9888,AB+/cluster_4_435.BMP,AB+
/Users/a75027/Desktop/compsci 760/datasets/AB+/cluster_4_4352.BMP,ok,0.7275485436893204,72.75485436893204,False,normal,96,103,7194,9888,AB+/cluster_4_4352.BMP,AB+
/Users/a75027/Desktop/compsci 760/datasets/AB+/cluster_4_436.BMP,ok,0.7648665048543689,76.4866504854369,False,normal,96,103,7563,9888,AB+/cluster_4_436.BMP,AB+
/Users/a75027/Desktop/compsci 760/datasets/AB+/cluster_4_4365.BMP,ok,0.6575647249190939,65.75647249190939,False,normal,96,103,6502,9888,AB+/cluster_4_4365.BMP,AB+
/Users/a75027/Desktop/compsci 760/datasets/AB+/cluster_4_4369.BMP,ok,0.7422127831715211,74.22127831715211,False,normal,96,103,7339,9888,AB+/cluster_4_4369.BMP,AB+
/Users/a75027/Desktop/compsci 760/datasets/AB+/cluster_4_4372.BMP,ok,0.693871359223301,69.3871359223301,False,normal,96,103,6861,9888,AB+/cluster_4_4372.BMP,AB+
/Users/a75027/Desktop/compsci 760/datasets/AB+/cluster_4_4374.BMP,ok,0.7612257281553398,76.12257281553399,False,normal,96,103,7527,9888,AB+/cluster_4_4374.BMP,AB+
/Users/a75027/Desktop/compsci 760/datasets/AB+/cluster_4_4375.BMP,ok,0.6880056634304207,68.80056634304206,False,normal,96,103,6803,9888,AB+/cluster_4_4375.BMP,AB+
/Users/a75027/Desktop/compsci 760/datasets/AB+/cluster_4_438.BMP,ok,0.7181432038834952,71.81432038834951,False,normal,96,103,7101,9888,AB+/cluster_4_438.BMP,AB+
/Users/a75027/Desktop/compsci 760/datasets/AB+/cluster_4_4393.BMP,ok,0.7547532362459547,75.47532362459548,False,normal,96,103,7463,9888,AB+/cluster_4_4393.BMP,AB+
/Users/a75027/Desktop/compsci 760/datasets/AB+/cluster_4_4409.BMP,ok,0.7376618122977346,73.76618122977347,False,normal,96,103,7294,9888,AB+/cluster_4_4409.BMP,AB+
/Users/a75027/Desktop/compsci 760/datasets/AB+/cluster_4_4429.BMP,ok,0.7463592233009708,74.63592233009709,False,normal,96,103,7380,9888,AB+/cluster_4_4429.BMP,AB+
/Users/a75027/Desktop/compsci 760/datasets/AB+/cluster_4_446.BMP,ok,0.6591828478964401,65.918284789644,False,normal,96,103,6518,9888,AB+/cluster_4_446.BMP,AB+
/Users/a75027/Desktop/compsci 760/datasets/AB+/cluster_4_4465.BMP,ok,0.6724312297734628,67.24312297734627,False,normal,96,103,6649,9888,AB+/cluster_4_4465.BMP,AB+
/Users/a75027/Desktop/compsci 760/datasets/AB+/cluster_4_4467.BMP,ok,0.7207726537216829,72.07726537216828,False,normal,96,103,7127,9888,AB+/cluster_4_4467.BMP,AB+
/Users/a75027/Desktop/compsci 760/datasets/AB+/cluster_4_447.BMP,ok,0.707423139158576,70.74231391585761,False,normal,96,103,6995,9888,AB+/cluster_4_447.BMP,AB+
/Users/a75027/Desktop/compsci 760/datasets/AB+/cluster_4_4477.BMP,ok,0.8142192556634305,81.42192556634305,False,normal,96,103,8051,9888,AB+/cluster_4_4477.BMP,AB+
/Users/a75027/Desktop/compsci 760/datasets/AB+/cluster_4_4499.BMP,ok,0.7690129449838188,76.90129449838187,False,normal,96,103,7604,9888,AB+/cluster_4_4499.BMP,AB+
/Users/a75027/Desktop/compsci 760/datasets/AB+/cluster_4_4515.BMP,ok,0.7096480582524272,70.96480582524272,False,normal,96,103,7017,9888,AB+/cluster_4_4515.BMP,AB+
/Users/a75027/Desktop/compsci 760/datasets/AB+/cluster_4_4523.BMP,ok,0.7740695792880259,77.40695792880258,False,normal,96,103,7654,9888,AB+/cluster_4_4523.BMP,AB+
/Users/a75027/Desktop/compsci 760/datasets/AB+/cluster_4_4534.BMP,ok,0.6929611650485437,69.29611650485437,False,normal,96,103,6852,9888,AB+/cluster_4_4534.BMP,AB+
/Users/a75027/Desktop/compsci 760/datasets/AB+/cluster_4_4537.BMP,ok,0.6591828478964401,65.918284789644,False,normal,96,103,6518,9888,AB+/cluster_4_4537.BMP,AB+
/Users/a75027/Desktop/compsci 760/datasets/AB+/cluster_4_455.BMP,ok,0.7239077669902912,72.39077669902912,False,normal,96,103,7158,9888,AB+/cluster_4_455.BMP,AB+
/Users/a75027/Desktop/compsci 760/datasets/AB+/cluster_4_4557.BMP,ok,0.653418284789644,65.3418284789644,False,normal,96,103,6461,9888,AB+/cluster_4_4557.BMP,AB+
/Users/a75027/Desktop/compsci 760/datasets/AB+/cluster_4_4566.BMP,ok,0.7561690938511327,75.61690938511327,False,normal,96,103,7477,9888,AB+/cluster_4_4566.BMP,AB+
/Users/a75027/Desktop/compsci 760/datasets/AB+/cluster_4_4567.BMP,ok,0.6141788025889967,61.41788025889967,False,normal,96,103,6073,9888,AB+/cluster_4_4567.BMP,AB+
/Users/a75027/Desktop/compsci 760/datasets/AB+/cluster_4_458.BMP,ok,0.703782362459547,70.3782362459547,False,normal,96,103,6959,9888,AB+/cluster_4_458.BMP,AB+
/Users/a75027/Desktop/compsci 760/datasets/AB+/cluster_4_4591.BMP,ok,0.777002427184466,77.7002427184466,False,normal,96,103,7683,9888,AB+/cluster_4_4591.BMP,AB+
/Users/a75027/Desktop/compsci 760/datasets/AB+/cluster_4_4611.BMP,ok,0.7513147249190939,75.13147249190939,False,normal,96,103,7429,9888,AB+/cluster_4_4611.BMP,AB+
/Users/a75027/Desktop/compsci 760/datasets/AB+/cluster_4_4619.BMP,ok,0.5698826860841424,56.98826860841424,False,normal,96,103,5635,9888,AB+/cluster_4_4619.BMP,AB+
/Users/a75027/Desktop/compsci 760/datasets/AB+/cluster_4_462.BMP,ok,0.6525080906148867,65.25080906148867,False,normal,96,103,6452,9888,AB+/cluster_4_462.BMP,AB+
/Users/a75027/Desktop/compsci 760/datasets/AB+/cluster_4_4622.BMP,ok,0.6358211974110033,63.58211974110033,False,normal,96,103,6287,9888,AB+/cluster_4_4622.BMP,AB+
/Users/a75027/Desktop/compsci 760/datasets/AB+/cluster_4_4623.BMP,ok,0.6897249190938511,68.97249190938511,False,normal,96,103,6820,9888,AB+/cluster_4_4623.BMP,AB+
/Users/a75027/Desktop/compsci 760/datasets/AB+/cluster_4_4626.BMP,ok,0.6481593851132686,64.81593851132686,False,normal,96,103,6409,9888,AB+/cluster_4_4626.BMP,AB+
/Users/a75027/Desktop/compsci 760/datasets/AB+/cluster_4_463.BMP,ok,0.7056027508090615,70.56027508090615,False,normal,96,103,6977,9888,AB+/cluster_4_463.BMP,AB+
/Users/a75027/Desktop/compsci 760/datasets/AB+/cluster_4_4679.BMP,ok,0.7695186084142395,76.95186084142395,False,normal,96,103,7609,9888,AB+/cluster_4_4679.BMP,AB+
/Users/a75027/Desktop/compsci 760/datasets/AB+/cluster_4_4681.BMP,ok,0.7802386731391586,78.02386731391586,False,normal,96,103,7715,9888,AB+/cluster_4_4681.BMP,AB+
/Users/a75027/Desktop/compsci 760/datasets/AB+/cluster_4_4687.BMP,ok,0.6481593851132686,64.81593851132686,False,normal,96,103,6409,9888,AB+/cluster_4_4687.BMP,AB+
/Users/a75027/Desktop/compsci 760/datasets/AB+/cluster_4_4699.BMP,ok,0.5906148867313916,59.06148867313916,False,normal,96,103,5840,9888,AB+/cluster_4_4699.BMP,AB+
/Users/a75027/Desktop/compsci 760/datasets/AB+/cluster_4_4701.BMP,ok,0.6383495145631068,63.834951456310684,False,normal,96,103,6312,9888,AB+/cluster_4_4701.BMP,AB+
/Users/a75027/Desktop/compsci 760/datasets/AB+/cluster_4_4706.BMP,ok,0.7064118122977346,70.64118122977347,False,normal,96,103,6985,9888,AB+/cluster_4_4706.BMP,AB+
/Users/a75027/Desktop/compsci 760/datasets/AB+/cluster_4_4707.BMP,ok,0.6892192556634305,68.92192556634305,False,normal,96,103,6815,9888,AB+/cluster_4_4707.BMP,AB+
/Users/a75027/Desktop/compsci 760/datasets/AB+/cluster_4_4709.BMP,ok,0.7120752427184466,71.20752427184466,False,normal,96,103,7041,9888,AB+/cluster_4_4709.BMP,AB+
/Users/a75027/Desktop/compsci 760/datasets/AB+/cluster_4_472.BMP,ok,0.7624393203883495,76.24393203883496,False,normal,96,103,7539,9888,AB+/cluster_4_472.BMP,AB+
/Users/a75027/Desktop/compsci 760/datasets/AB+/cluster_4_4732.BMP,ok,0.7190533980582524,71.90533980582524,False,normal,96,103,7110,9888,AB+/cluster_4_4732.BMP,AB+
/Users/a75027/Desktop/compsci 760/datasets/AB+/cluster_4_4733.BMP,ok,0.6965008090614887,69.65008090614887,False,normal,96,103,6887,9888,AB+/cluster_4_4733.BMP,AB+
/Users/a75027/Desktop/compsci 760/datasets/AB+/cluster_4_474.BMP,ok,0.7764967637540453,77.64967637540452,False,normal,96,103,7678,9888,AB+/cluster_4_474.BMP,AB+
/Users/a75027/Desktop/compsci 760/datasets/AB+/cluster_4_4747.BMP,ok,0.7218851132686084,72.18851132686083,False,normal,96,103,7138,9888,AB+/cluster_4_4747.BMP,AB+
/Users/a75027/Desktop/compsci 760/datasets/AB+/cluster_4_4752.BMP,ok,0.783373786407767,78.3373786407767,False,normal,96,103,7746,9888,AB+/cluster_4_4752.BMP,AB+
/Users/a75027/Desktop/compsci 760/datasets/AB+/cluster_4_4753.BMP,ok,0.6776901294498382,67.76901294498381,False,normal,96,103,6701,9888,AB+/cluster_4_4753.BMP,AB+
/Users/a75027/Desktop/compsci 760/datasets/AB+/cluster_4_4760.BMP,ok,0.6674757281553398,66.74757281553399,False,normal,96,103,6600,9888,AB+/cluster_4_4760.BMP,AB+
/Users/a75027/Desktop/compsci 760/datasets/AB+/cluster_4_4761.BMP,ok,0.727953074433657,72.7953074433657,False,normal,96,103,7198,9888,AB+/cluster_4_4761.BMP,AB+
/Users/a75027/Desktop/compsci 760/datasets/AB+/cluster_4_4762.BMP,ok,0.7562702265372169,75.62702265372168,False,normal,96,103,7478,9888,AB+/cluster_4_4762.BMP,AB+
/Users/a75027/Desktop/compsci 760/datasets/AB+/cluster_4_477.BMP,ok,0.6912419093851133,69.12419093851133,False,normal,96,103,6835,9888,AB+/cluster_4_477.BMP,AB+
/Users/a75027/Desktop/compsci 760/datasets/AB+/cluster_4_4788.BMP,ok,0.7640574433656958,76.40574433656958,False,normal,96,103,7555,9888,AB+/cluster_4_4788.BMP,AB+
/Users/a75027/Desktop/compsci 760/datasets/AB+/cluster_4_4789.BMP,ok,0.7038834951456311,70.3883495145631,False,normal,96,103,6960,9888,AB+/cluster_4_4789.BMP,AB+
/Users/a75027/Desktop/compsci 760/datasets/AB+/cluster_4_4790.BMP,ok,0.7560679611650486,75.60679611650485,False,normal,96,103,7476,9888,AB+/cluster_4_4790.BMP,AB+
/Users/a75027/Desktop/compsci 760/datasets/AB+/cluster_4_4810.BMP,ok,0.7287621359223301,72.87621359223301,False,normal,96,103,7206,9888,AB+/cluster_4_4810.BMP,AB+
/Users/a75027/Desktop/compsci 760/datasets/AB+/cluster_4_4815.BMP,ok,0.7202669902912622,72.02669902912622,False,normal,96,103,7122,9888,AB+/cluster_4_4815.BMP,AB+
/Users/a75027/Desktop/compsci 760/datasets/AB+/cluster_4_4818.BMP,ok,0.6066949838187702,60.66949838187702,False,normal,96,103,5999,9888,AB+/cluster_4_4818.BMP,AB+
/Users/a75027/Desktop/compsci 760/datasets/AB+/cluster_4_482.BMP,ok,0.7346278317152104,73.46278317152104,False,normal,96,103,7264,9888,AB+/cluster_4_482.BMP,AB+
/Users/a75027/Desktop/compsci 760/datasets/AB+/cluster_4_4823.BMP,ok,0.7017597087378641,70.17597087378641,False,normal,96,103,6939,9888,AB+/cluster_4_4823.BMP,AB+
/Users/a75027/Desktop/compsci 760/datasets/AB+/cluster_4_4826.BMP,ok,0.6003091147066195,60.03091147066195,False,normal,241,298,43113,71818,AB+/cluster_4_4826.BMP,AB+
/Users/a75027/Desktop/compsci 760/datasets/AB+/cluster_4_4829.BMP,ok,0.7612257281553398,76.12257281553399,False,normal,96,103,7527,9888,AB+/cluster_4_4829.BMP,AB+
/Users/a75027/Desktop/compsci 760/datasets/AB+/cluster_4_4832.BMP,ok,0.7518203883495146,75.18203883495146,False,normal,96,103,7434,9888,AB+/cluster_4_4832.BMP,AB+
/Users/a75027/Desktop/compsci 760/datasets/AB+/cluster_4_4845.BMP,ok,0.7256270226537217,72.56270226537217,False,normal,96,103,7175,9888,AB+/cluster_4_4845.BMP,AB+
/Users/a75027/Desktop/compsci 760/datasets/AB+/cluster_4_4856.BMP,ok,0.7545509708737864,75.45509708737865,False,normal,96,103,7461,9888,AB+/cluster_4_4856.BMP,AB+
/Users/a75027/Desktop/compsci 760/datasets/AB+/cluster_4_4863.BMP,ok,0.7647653721682848,76.47653721682848,False,normal,96,103,7562,9888,AB+/cluster_4_4863.BMP,AB+
/Users/a75027/Desktop/compsci 760/datasets/AB+/cluster_4_4867.BMP,ok,0.7347289644012945,73.47289644012946,False,normal,96,103,7265,9888,AB+/cluster_4_4867.BMP,AB+
/Users/a75027/Desktop/compsci 760/datasets/AB+/cluster_4_4876.BMP,ok,0.7822613268608414,78.22613268608414,False,normal,96,103,7735,9888,AB+/cluster_4_4876.BMP,AB+
/Users/a75027/Desktop/compsci 760/datasets/AB+/cluster_4_4894.BMP,ok,0.6648462783171522,66.48462783171522,False,normal,96,103,6574,9888,AB+/cluster_4_4894.BMP,AB+
/Users/a75027/Desktop/compsci 760/datasets/AB+/cluster_4_4896.BMP,ok,0.733717637540453,73.3717637540453,False,normal,96,103,7255,9888,AB+/cluster_4_4896.BMP,AB+
/Users/a75027/Desktop/compsci 760/datasets/AB+/cluster_4_4906.BMP,ok,0.6796116504854369,67.96116504854369,False,normal,96,103,6720,9888,AB+/cluster_4_4906.BMP,AB+
/Users/a75027/Desktop/compsci 760/datasets/AB+/cluster_4_4919.BMP,ok,0.7257281553398058,72.57281553398059,False,normal,96,103,7176,9888,AB+/cluster_4_4919.BMP,AB+
/Users/a75027/Desktop/compsci 760/datasets/AB+/cluster_4_492.BMP,ok,0.7944983818770227,79.44983818770227,False,normal,96,103,7856,9888,AB+/cluster_4_492.BMP,AB+
/Users/a75027/Desktop/compsci 760/datasets/AB+/cluster_4_4925.BMP,ok,0.6636326860841424,66.36326860841424,False,normal,96,103,6562,9888,AB+/cluster_4_4925.BMP,AB+
/Users/a75027/Desktop/compsci 760/datasets/AB+/cluster_4_4940.BMP,ok,0.7146035598705501,71.46035598705501,False,normal,96,103,7066,9888,AB+/cluster_4_4940.BMP,AB+
/Users/a75027/Desktop/compsci 760/datasets/AB+/cluster_4_4946.BMP,ok,0.6694983818770227,66.94983818770227,False,normal,96,103,6620,9888,AB+/cluster_4_4946.BMP,AB+
/Users/a75027/Desktop/compsci 760/datasets/AB+/cluster_4_495.BMP,ok,0.7058050161812298,70.58050161812298,False,normal,96,103,6979,9888,AB+/cluster_4_495.BMP,AB+
/Users/a75027/Desktop/compsci 760/datasets/AB+/cluster_4_4951.BMP,ok,0.6943770226537217,69.43770226537217,False,normal,96,103,6866,9888,AB+/cluster_4_4951.BMP,AB+
/Users/a75027/Desktop/compsci 760/datasets/AB+/cluster_4_4961.BMP,ok,0.7448422330097088,74.48422330097088,False,normal,96,103,7365,9888,AB+/cluster_4_4961.BMP,AB+
/Users/a75027/Desktop/compsci 760/datasets/AB+/cluster_4_4963.BMP,ok,0.7600121359223301,76.00121359223301,False,normal,96,103,7515,9888,AB+/cluster_4_4963.BMP,AB+
/Users/a75027/Desktop/compsci 760/datasets/AB+/cluster_4_4965.BMP,ok,0.6868932038834952,68.68932038834951,False,normal,96,103,6792,9888,AB+/cluster_4_4965.BMP,AB+
/Users/a75027/Desktop/compsci 760/datasets/AB+/cluster_4_4967.BMP,ok,0.6857807443365695,68.57807443365695,False,normal,96,103,6781,9888,AB+/cluster_4_4967.BMP,AB+
/Users/a75027/Desktop/compsci 760/datasets/AB+/cluster_4_4976.BMP,ok,0.7895428802588996,78.95428802588997,False,normal,96,103,7807,9888,AB+/cluster_4_4976.BMP,AB+
/Users/a75027/Desktop/compsci 760/datasets/AB+/cluster_4_4982.BMP,ok,0.6444174757281553,64.44174757281553,False,normal,96,103,6372,9888,AB+/cluster_4_4982.BMP,AB+
/Users/a75027/Desktop/compsci 760/datasets/AB+/cluster_4_4997.BMP,ok,0.7384708737864077,73.84708737864078,False,normal,96,103,7302,9888,AB+/cluster_4_4997.BMP,AB+
/Users/a75027/Desktop/compsci 760/datasets/AB+/cluster_4_5009.BMP,ok,0.6091221682847896,60.91221682847896,False,normal,96,103,6023,9888,AB+/cluster_4_5009.BMP,AB+
/Users/a75027/Desktop/compsci 760/datasets/AB+/cluster_4_5023.BMP,ok,0.7132888349514563,71.32888349514563,False,normal,96,103,7053,9888,AB+/cluster_4_5023.BMP,AB+
/Users/a75027/Desktop/compsci 760/datasets/AB+/cluster_4_5026.BMP,ok,0.6376415857605178,63.76415857605178,False,normal,96,103,6305,9888,AB+/cluster_4_5026.BMP,AB+
/Users/a75027/Desktop/compsci 760/datasets/AB+/cluster_4_5028.BMP,ok,0.7135922330097088,71.35922330097088,False,normal,96,103,7056,9888,AB+/cluster_4_5028.BMP,AB+
/Users/a75027/Desktop/compsci 760/datasets/AB+/cluster_4_5030.BMP,ok,0.7121763754045307,71.21763754045307,False,normal,96,103,7042,9888,AB+/cluster_4_5030.BMP,AB+
/Users/a75027/Desktop/compsci 760/datasets/AB+/cluster_4_5031.BMP,ok,0.7373584142394822,73.73584142394822,False,normal,96,103,7291,9888,AB+/cluster_4_5031.BMP,AB+
/Users/a75027/Desktop/compsci 760/datasets/AB+/cluster_4_5041.BMP,ok,0.6847694174757282,68.47694174757282,False,normal,96,103,6771,9888,AB+/cluster_4_5041.BMP,AB+
/Users/a75027/Desktop/compsci 760/datasets/AB+/cluster_4_5045.BMP,ok,0.7354368932038835,73.54368932038835,False,normal,96,103,7272,9888,AB+/cluster_4_5045.BMP,AB+
/Users/a75027/Desktop/compsci 760/datasets/AB+/cluster_4_5052.BMP,ok,0.7470671521035599,74.706715210356,False,normal,96,103,7387,9888,AB+/cluster_4_5052.BMP,AB+
/Users/a75027/Desktop/compsci 760/datasets/AB+/cluster_4_5057.BMP,ok,0.5760517799352751,57.60517799352751,False,normal,96,103,5696,9888,AB+/cluster_4_5057.BMP,AB+
/Users/a75027/Desktop/compsci 760/datasets/AB+/cluster_4_506.BMP,ok,0.7440331715210357,74.40331715210357,False,normal,96,103,7357,9888,AB+/cluster_4_506.BMP,AB+
/Users/a75027/Desktop/compsci 760/datasets/AB+/cluster_4_5065.BMP,ok,0.7736650485436893,77.36650485436894,False,normal,96,103,7650,9888,AB+/cluster_4_5065.BMP,AB+
/Users/a75027/Desktop/compsci 760/datasets/AB+/cluster_4_5075.BMP,ok,0.6475525889967637,64.75525889967638,False,normal,96,103,6403,9888,AB+/cluster_4_5075.BMP,AB+
/Users/a75027/Desktop/compsci 760/datasets/AB+/cluster_4_5076.BMP,ok,0.7119741100323624,71.19741100323624,False,normal,96,103,7040,9888,AB+/cluster_4_5076.BMP,AB+
/Users/a75027/Desktop/compsci 760/datasets/AB+/cluster_4_5078.BMP,ok,0.7144012944983819,71.44012944983818,False,normal,96,103,7064,9888,AB+/cluster_4_5078.BMP,AB+
/Users/a75027/Desktop/compsci 760/datasets/AB+/cluster_4_5090.BMP,ok,0.7311893203883495,73.11893203883496,False,normal,96,103,7230,9888,AB+/cluster_4_5090.BMP,AB+
/Users/a75027/Desktop/compsci 760/datasets/AB+/cluster_4_5099.BMP,ok,0.7341221682847896,73.41221682847896,False,normal,96,103,7259,9888,AB+/cluster_4_5099.BMP,AB+
/Users/a75027/Desktop/compsci 760/datasets/AB+/cluster_4_51.BMP,ok,0.6330906148867314,63.30906148867314,False,normal,96,103,6260,9888,AB+/cluster_4_51.BMP,AB+
/Users/a75027/Desktop/compsci 760/datasets/AB+/cluster_4_5103.BMP,ok,0.7519215210355987,75.19215210355988,False,normal,96,103,7435,9888,AB+/cluster_4_5103.BMP,AB+
/Users/a75027/Desktop/compsci 760/datasets/AB+/cluster_4_5104.BMP,ok,0.5942556634304207,59.42556634304207,False,normal,96,103,5876,9888,AB+/cluster_4_5104.BMP,AB+
/Users/a75027/Desktop/compsci 760/datasets/AB+/cluster_4_5106.BMP,ok,0.6510922330097088,65.10922330097088,False,normal,96,103,6438,9888,AB+/cluster_4_5106.BMP,AB+
/Users/a75027/Desktop/compsci 760/datasets/AB+/cluster_4_5109.BMP,ok,0.688915857605178,68.8915857605178,False,normal,96,103,6812,9888,AB+/cluster_4_5109.BMP,AB+
/Users/a75027/Desktop/compsci 760/datasets/AB+/cluster_4_5110.BMP,ok,0.6856796116504854,68.56796116504854,False,normal,96,103,6780,9888,AB+/cluster_4_5110.BMP,AB+
/Users/a75027/Desktop/compsci 760/datasets/AB+/cluster_4_5115.BMP,ok,0.6907362459546925,69.07362459546925,False,normal,96,103,6830,9888,AB+/cluster_4_5115.BMP,AB+
/Users/a75027/Desktop/compsci 760/datasets/AB+/cluster_4_5119.BMP,ok,0.6629247572815534,66.29247572815534,False,normal,96,103,6555,9888,AB+/cluster_4_5119.BMP,AB+
/Users/a75027/Desktop/compsci 760/datasets/AB+/cluster_4_5121.BMP,ok,0.7001415857605178,70.01415857605178,False,normal,96,103,6923,9888,AB+/cluster_4_5121.BMP,AB+
/Users/a75027/Desktop/compsci 760/datasets/AB+/cluster_4_5122.BMP,ok,0.5180016181229773,51.80016181229773,False,normal,96,103,5122,9888,AB+/cluster_4_5122.BMP,AB+
/Users/a75027/Desktop/compsci 760/datasets/AB+/cluster_4_5145.BMP,ok,0.6124595469255664,61.24595469255664,False,normal,96,103,6056,9888,AB+/cluster_4_5145.BMP,AB+
/Users/a75027/Desktop/compsci 760/datasets/AB+/cluster_4_515.BMP,ok,0.669093851132686,66.9093851132686,False,normal,96,103,6616,9888,AB+/cluster_4_515.BMP,AB+
/Users/a75027/Desktop/compsci 760/datasets/AB+/cluster_4_5151.BMP,ok,0.799049352750809,79.9049352750809,False,normal,96,103,7901,9888,AB+/cluster_4_5151.BMP,AB+
/Users/a75027/Desktop/compsci 760/datasets/AB+/cluster_4_5156.BMP,ok,0.5754449838187702,57.54449838187702,False,normal,96,103,5690,9888,AB+/cluster_4_5156.BMP,AB+
/Users/a75027/Desktop/compsci 760/datasets/AB+/cluster_4_5160.BMP,ok,0.7764967637540453,77.64967637540452,False,normal,96,103,7678,9888,AB+/cluster_4_5160.BMP,AB+
/Users/a75027/Desktop/compsci 760/datasets/AB+/cluster_4_518.BMP,ok,0.6158980582524272,61.58980582524271,False,normal,96,103,6090,9888,AB+/cluster_4_518.BMP,AB+
/Users/a75027/Desktop/compsci 760/datasets/AB+/cluster_4_5183.BMP,ok,0.2273462783171521,22.73462783171521,False,normal,96,103,2248,9888,AB+/cluster_4_5183.BMP,AB+
/Users/a75027/Desktop/compsci 760/datasets/AB+/cluster_4_5189.BMP,ok,0.6282362459546925,62.823624595469255,False,normal,96,103,6212,9888,AB+/cluster_4_5189.BMP,AB+
/Users/a75027/Desktop/compsci 760/datasets/AB+/cluster_4_5190.BMP,ok,0.5986043689320388,59.86043689320388,False,normal,96,103,5919,9888,AB+/cluster_4_5190.BMP,AB+
/Users/a75027/Desktop/compsci 760/datasets/AB+/cluster_4_5193.BMP,ok,0.7260315533980582,72.60315533980582,False,normal,96,103,7179,9888,AB+/cluster_4_5193.BMP,AB+
/Users/a75027/Desktop/compsci 760/datasets/AB+/cluster_4_5198.BMP,ok,0.6865898058252428,68.65898058252428,False,normal,96,103,6789,9888,AB+/cluster_4_5198.BMP,AB+
/Users/a75027/Desktop/compsci 760/datasets/AB+/cluster_4_520.BMP,ok,0.7618325242718447,76.18325242718447,False,normal,96,103,7533,9888,AB+/cluster_4_520.BMP,AB+
/Users/a75027/Desktop/compsci 760/datasets/AB+/cluster_4_5200.BMP,ok,0.6787014563106796,67.87014563106796,False,normal,96,103,6711,9888,AB+/cluster_4_5200.BMP,AB+
/Users/a75027/Desktop/compsci 760/datasets/AB+/cluster_4_5212.BMP,ok,0.6842637540453075,68.42637540453075,False,normal,96,103,6766,9888,AB+/cluster_4_5212.BMP,AB+
/Users/a75027/Desktop/compsci 760/datasets/AB+/cluster_4_5241.BMP,ok,0.7617313915857605,76.17313915857605,False,normal,96,103,7532,9888,AB+/cluster_4_5241.BMP,AB+
/Users/a75027/Desktop/compsci 760/datasets/AB+/cluster_4_5261.BMP,ok,0.7226941747572816,72.26941747572816,False,normal,96,103,7146,9888,AB+/cluster_4_5261.BMP,AB+
/Users/a75027/Desktop/compsci 760/datasets/AB+/cluster_4_5264.BMP,ok,0.7754854368932039,77.5485436893204,False,normal,96,103,7668,9888,AB+/cluster_4_5264.BMP,AB+
/Users/a75027/Desktop/compsci 760/datasets/AB+/cluster_4_5265.BMP,ok,0.4892799352750809,48.92799352750809,False,normal,96,103,4838,9888,AB+/cluster_4_5265.BMP,AB+
/Users/a75027/Desktop/compsci 760/datasets/AB+/cluster_4_5266.BMP,ok,0.7103559870550162,71.03559870550163,False,normal,96,103,7024,9888,AB+/cluster_4_5266.BMP,AB+
/Users/a75027/Desktop/compsci 760/datasets/AB+/cluster_4_5273.BMP,ok,0.6584749190938511,65.84749190938511,False,normal,96,103,6511,9888,AB+/cluster_4_5273.BMP,AB+
/Users/a75027/Desktop/compsci 760/datasets/AB+/cluster_4_5283.BMP,ok,0.6630258899676376,66.30258899676376,False,normal,96,103,6556,9888,AB+/cluster_4_5283.BMP,AB+
/Users/a75027/Desktop/compsci 760/datasets/AB+/cluster_4_5291.BMP,ok,0.658373786407767,65.8373786407767,False,normal,96,103,6510,9888,AB+/cluster_4_5291.BMP,AB+
/Users/a75027/Desktop/compsci 760/datasets/AB+/cluster_4_5313.BMP,ok,0.7267394822006472,72.67394822006472,False,normal,96,103,7186,9888,AB+/cluster_4_5313.BMP,AB+
/Users/a75027/Desktop/compsci 760/datasets/AB+/cluster_4_5327.BMP,ok,0.7233009708737864,72.33009708737865,False,normal,96,103,7152,9888,AB+/cluster_4_5327.BMP,AB+
/Users/a75027/Desktop/compsci 760/datasets/AB+/cluster_4_5335.BMP,ok,0.7820590614886731,78.20590614886731,False,normal,96,103,7733,9888,AB+/cluster_4_5335.BMP,AB+
/Users/a75027/Desktop/compsci 760/datasets/AB+/cluster_4_5345.BMP,ok,0.6931634304207119,69.3163430420712,False,normal,96,103,6854,9888,AB+/cluster_4_5345.BMP,AB+
/Users/a75027/Desktop/compsci 760/datasets/AB+/cluster_4_5347.BMP,ok,0.6519012944983819,65.19012944983818,False,normal,96,103,6446,9888,AB+/cluster_4_5347.BMP,AB+
/Users/a75027/Desktop/compsci 760/datasets/AB+/cluster_4_5348.BMP,ok,0.7701254045307443,77.01254045307444,False,normal,96,103,7615,9888,AB+/cluster_4_5348.BMP,AB+
/Users/a75027/Desktop/compsci 760/datasets/AB+/cluster_4_5350.BMP,ok,0.6004247572815534,60.042475728155345,False,normal,96,103,5937,9888,AB+/cluster_4_5350.BMP,AB+
/Users/a75027/Desktop/compsci 760/datasets/AB+/cluster_4_5353.BMP,ok,0.7792273462783171,77.92273462783172,False,normal,96,103,7705,9888,AB+/cluster_4_5353.BMP,AB+
/Users/a75027/Desktop/compsci 760/datasets/AB+/cluster_4_5365.BMP,ok,0.7483818770226537,74.83818770226537,False,normal,96,103,7400,9888,AB+/cluster_4_5365.BMP,AB+
/Users/a75027/Desktop/compsci 760/datasets/AB+/cluster_4_537.BMP,ok,0.7493932038834952,74.93932038834951,False,normal,96,103,7410,9888,AB+/cluster_4_537.BMP,AB+
/Users/a75027/Desktop/compsci 760/datasets/AB+/cluster_4_5371.BMP,ok,0.7413025889967637,74.13025889967638,False,normal,96,103,7330,9888,AB+/cluster_4_5371.BMP,AB+
/Users/a75027/Desktop/compsci 760/datasets/AB+/cluster_4_5381.BMP,ok,0.7622370550161812,76.22370550161813,False,normal,96,103,7537,9888,AB+/cluster_4_5381.BMP,AB+
/Users/a75027/Desktop/compsci 760/datasets/AB+/cluster_4_5389.BMP,ok,0.6037621359223301,60.37621359223301,False,normal,96,103,5970,9888,AB+/cluster_4_5389.BMP,AB+
/Users/a75027/Desktop/compsci 760/datasets/AB+/cluster_4_540.BMP,ok,0.6953883495145631,69.53883495145631,False,normal,96,103,6876,9888,AB+/cluster_4_540.BMP,AB+
/Users/a75027/Desktop/compsci 760/datasets/AB+/cluster_4_5402.BMP,ok,0.7046925566343042,70.46925566343042,False,normal,96,103,6968,9888,AB+/cluster_4_5402.BMP,AB+
/Users/a75027/Desktop/compsci 760/datasets/AB+/cluster_4_5404.BMP,ok,0.6644417475728155,66.44417475728154,False,normal,96,103,6570,9888,AB+/cluster_4_5404.BMP,AB+
/Users/a75027/Desktop/compsci 760/datasets/AB+/cluster_4_5411.BMP,ok,0.7136933656957929,71.36933656957929,False,normal,96,103,7057,9888,AB+/cluster_4_5411.BMP,AB+
/Users/a75027/Desktop/compsci 760/datasets/AB+/cluster_4_5417.BMP,ok,0.7198624595469255,71.98624595469255,False,normal,96,103,7118,9888,AB+/cluster_4_5417.BMP,AB+
/Users/a75027/Desktop/compsci 760/datasets/AB+/cluster_4_542.BMP,ok,0.6869943365695793,68.69943365695794,False,normal,96,103,6793,9888,AB+/cluster_4_542.BMP,AB+
/Users/a75027/Desktop/compsci 760/datasets/AB+/cluster_4_5420.BMP,ok,0.5947613268608414,59.476132686084135,False,normal,96,103,5881,9888,AB+/cluster_4_5420.BMP,AB+
/Users/a75027/Desktop/compsci 760/datasets/AB+/cluster_4_5423.BMP,ok,0.5595671521035599,55.95671521035599,False,normal,96,103,5533,9888,AB+/cluster_4_5423.BMP,AB+
/Users/a75027/Desktop/compsci 760/datasets/AB+/cluster_4_5437.BMP,ok,0.7364482200647249,73.64482200647248,False,normal,96,103,7282,9888,AB+/cluster_4_5437.BMP,AB+
/Users/a75027/Desktop/compsci 760/datasets/AB+/cluster_4_544.BMP,ok,0.7026699029126213,70.26699029126213,False,normal,96,103,6948,9888,AB+/cluster_4_544.BMP,AB+
/Users/a75027/Desktop/compsci 760/datasets/AB+/cluster_4_5441.BMP,ok,0.5929409385113269,59.294093851132686,False,normal,96,103,5863,9888,AB+/cluster_4_5441.BMP,AB+
/Users/a75027/Desktop/compsci 760/datasets/AB+/cluster_4_5455.BMP,ok,0.7765978964401294,77.65978964401295,False,normal,96,103,7679,9888,AB+/cluster_4_5455.BMP,AB+
/Users/a75027/Desktop/compsci 760/datasets/AB+/cluster_4_5459.BMP,ok,0.770529935275081,77.0529935275081,False,normal,96,103,7619,9888,AB+/cluster_4_5459.BMP,AB+
/Users/a75027/Desktop/compsci 760/datasets/AB+/cluster_4_5472.BMP,ok,0.6413834951456311,64.1383495145631,False,normal,96,103,6342,9888,AB+/cluster_4_5472.BMP,AB+
/Users/a75027/Desktop/compsci 760/datasets/AB+/cluster_4_5495.BMP,ok,0.6159991909385113,61.59991909385113,False,normal,96,103,6091,9888,AB+/cluster_4_5495.BMP,AB+
/Users/a75027/Desktop/compsci 760/datasets/AB+/cluster_4_55.BMP,ok,0.7135922330097088,71.35922330097088,False,normal,96,103,7056,9888,AB+/cluster_4_55.BMP,AB+
/Users/a75027/Desktop/compsci 760/datasets/AB+/cluster_4_5504.BMP,ok,0.7323017799352751,73.23017799352752,False,normal,96,103,7241,9888,AB+/cluster_4_5504.BMP,AB+
/Users/a75027/Desktop/compsci 760/datasets/AB+/cluster_4_5508.BMP,ok,0.6189320388349514,61.89320388349514,False,normal,96,103,6120,9888,AB+/cluster_4_5508.BMP,AB+
/Users/a75027/Desktop/compsci 760/datasets/AB+/cluster_4_5512.BMP,ok,0.785497572815534,78.5497572815534,False,normal,96,103,7767,9888,AB+/cluster_4_5512.BMP,AB+
/Users/a75027/Desktop/compsci 760/datasets/AB+/cluster_4_5520.BMP,ok,0.7179409385113269,71.79409385113269,False,normal,96,103,7099,9888,AB+/cluster_4_5520.BMP,AB+
/Users/a75027/Desktop/compsci 760/datasets/AB+/cluster_4_5525.BMP,ok,0.7369538834951457,73.69538834951457,False,normal,96,103,7287,9888,AB+/cluster_4_5525.BMP,AB+
/Users/a75027/Desktop/compsci 760/datasets/AB+/cluster_4_5531.BMP,ok,0.720165857605178,72.0165857605178,False,normal,96,103,7121,9888,AB+/cluster_4_5531.BMP,AB+
/Users/a75027/Desktop/compsci 760/datasets/AB+/cluster_4_554.BMP,ok,0.7710355987055016,77.10355987055017,False,normal,96,103,7624,9888,AB+/cluster_4_554.BMP,AB+
/Users/a75027/Desktop/compsci 760/datasets/AB+/cluster_4_5540.BMP,ok,0.7615291262135923,76.15291262135922,False,normal,96,103,7530,9888,AB+/cluster_4_5540.BMP,AB+
/Users/a75027/Desktop/compsci 760/datasets/AB+/cluster_4_5549.BMP,ok,0.729470064724919,72.9470064724919,False,normal,96,103,7213,9888,AB+/cluster_4_5549.BMP,AB+
/Users/a75027/Desktop/compsci 760/datasets/AB+/cluster_4_5562.BMP,ok,0.6735436893203883,67.35436893203884,False,normal,96,103,6660,9888,AB+/cluster_4_5562.BMP,AB+
/Users/a75027/Desktop/compsci 760/datasets/AB+/cluster_4_5565.BMP,ok,0.7674959546925566,76.74959546925567,False,normal,96,103,7589,9888,AB+/cluster_4_5565.BMP,AB+
/Users/a75027/Desktop/compsci 760/datasets/AB+/cluster_4_557.BMP,ok,0.7146035598705501,71.46035598705501,False,normal,96,103,7066,9888,AB+/cluster_4_557.BMP,AB+
/Users/a75027/Desktop/compsci 760/datasets/AB+/cluster_4_5575.BMP,ok,0.7515169902912622,75.15169902912622,False,normal,96,103,7431,9888,AB+/cluster_4_5575.BMP,AB+
/Users/a75027/Desktop/compsci 760/datasets/AB+/cluster_4_5583.BMP,ok,0.7934870550161812,79.34870550161813,False,normal,96,103,7846,9888,AB+/cluster_4_5583.BMP,AB+
/Users/a75027/Desktop/compsci 760/datasets/AB+/cluster_4_5594.BMP,ok,0.6674757281553398,66.74757281553399,False,normal,96,103,6600,9888,AB+/cluster_4_5594.BMP,AB+
/Users/a75027/Desktop/compsci 760/datasets/AB+/cluster_4_5620.BMP,ok,0.6168082524271845,61.68082524271845,False,normal,96,103,6099,9888,AB+/cluster_4_5620.BMP,AB+
/Users/a75027/Desktop/compsci 760/datasets/AB+/cluster_4_5640.BMP,ok,0.7466626213592233,74.66626213592234,False,normal,96,103,7383,9888,AB+/cluster_4_5640.BMP,AB+
/Users/a75027/Desktop/compsci 760/datasets/AB+/cluster_4_5657.BMP,ok,0.6616100323624595,66.16100323624595,False,normal,96,103,6542,9888,AB+/cluster_4_5657.BMP,AB+
/Users/a75027/Desktop/compsci 760/datasets/AB+/cluster_4_566.BMP,ok,0.6671723300970874,66.71723300970875,False,normal,96,103,6597,9888,AB+/cluster_4_566.BMP,AB+
/Users/a75027/Desktop/compsci 760/datasets/AB+/cluster_4_5665.BMP,ok,0.7782160194174758,77.82160194174757,False,normal,96,103,7695,9888,AB+/cluster_4_5665.BMP,AB+
/Users/a75027/Desktop/compsci 760/datasets/AB+/cluster_4_5667.BMP,ok,0.6791059870550162,67.91059870550163,False,normal,96,103,6715,9888,AB+/cluster_4_5667.BMP,AB+
/Users/a75027/Desktop/compsci 760/datasets/AB+/cluster_4_5668.BMP,ok,0.7918689320388349,79.18689320388349,False,normal,96,103,7830,9888,AB+/cluster_4_5668.BMP,AB+
/Users/a75027/Desktop/compsci 760/datasets/AB+/cluster_4_5670.BMP,ok,0.747168284789644,74.7168284789644,False,normal,96,103,7388,9888,AB+/cluster_4_5670.BMP,AB+
/Users/a75027/Desktop/compsci 760/datasets/AB+/cluster_4_5675.BMP,ok,0.6113470873786407,61.134708737864074,False,normal,96,103,6045,9888,AB+/cluster_4_5675.BMP,AB+
/Users/a75027/Desktop/compsci 760/datasets/AB+/cluster_4_5678.BMP,ok,0.676779935275081,67.6779935275081,False,normal,96,103,6692,9888,AB+/cluster_4_5678.BMP,AB+
/Users/a75027/Desktop/compsci 760/datasets/AB+/cluster_4_5679.BMP,ok,0.6258090614886731,62.580906148867314,False,normal,96,103,6188,9888,AB+/cluster_4_5679.BMP,AB+
/Users/a75027/Desktop/compsci 760/datasets/AB+/cluster_4_5697.BMP,ok,0.6869943365695793,68.69943365695794,False,normal,96,103,6793,9888,AB+/cluster_4_5697.BMP,AB+
/Users/a75027/Desktop/compsci 760/datasets/AB+/cluster_4_5705.BMP,ok,0.7326051779935275,73.26051779935275,False,normal,96,103,7244,9888,AB+/cluster_4_5705.BMP,AB+
/Users/a75027/Desktop/compsci 760/datasets/AB+/cluster_4_5720.BMP,ok,0.7281553398058253,72.81553398058253,False,normal,96,103,7200,9888,AB+/cluster_4_5720.BMP,AB+
/Users/a75027/Desktop/compsci 760/datasets/AB+/cluster_4_5737.BMP,ok,0.7713389967637541,77.1338996763754,False,normal,96,103,7627,9888,AB+/cluster_4_5737.BMP,AB+
/Users/a75027/Desktop/compsci 760/datasets/AB+/cluster_4_5742.BMP,ok,0.6796116504854369,67.96116504854369,False,normal,96,103,6720,9888,AB+/cluster_4_5742.BMP,AB+
/Users/a75027/Desktop/compsci 760/datasets/AB+/cluster_4_5744.BMP,ok,0.754247572815534,75.4247572815534,False,normal,96,103,7458,9888,AB+/cluster_4_5744.BMP,AB+
/Users/a75027/Desktop/compsci 760/datasets/AB+/cluster_4_5768.BMP,ok,0.5849514563106796,58.495145631067956,False,normal,96,103,5784,9888,AB+/cluster_4_5768.BMP,AB+
/Users/a75027/Desktop/compsci 760/datasets/AB+/cluster_4_5770.BMP,ok,0.7004449838187702,70.04449838187702,False,normal,96,103,6926,9888,AB+/cluster_4_5770.BMP,AB+
/Users/a75027/Desktop/compsci 760/datasets/AB+/cluster_4_5796.BMP,ok,0.6977144012944984,69.77144012944983,False,normal,96,103,6899,9888,AB+/cluster_4_5796.BMP,AB+
/Users/a75027/Desktop/compsci 760/datasets/AB+/cluster_4_5811.BMP,ok,0.7026699029126213,70.26699029126213,False,normal,96,103,6948,9888,AB+/cluster_4_5811.BMP,AB+
/Users/a75027/Desktop/compsci 760/datasets/AB+/cluster_4_5820.BMP,ok,0.7269417475728155,72.69417475728154,False,normal,96,103,7188,9888,AB+/cluster_4_5820.BMP,AB+
/Users/a75027/Desktop/compsci 760/datasets/AB+/cluster_4_5828.BMP,ok,0.5521844660194175,55.21844660194175,False,normal,96,103,5460,9888,AB+/cluster_4_5828.BMP,AB+
/Users/a75027/Desktop/compsci 760/datasets/AB+/cluster_4_5832.BMP,ok,0.684668284789644,68.4668284789644,False,normal,96,103,6770,9888,AB+/cluster_4_5832.BMP,AB+
/Users/a75027/Desktop/compsci 760/datasets/AB+/cluster_4_5836.BMP,ok,0.7175364077669902,71.75364077669903,False,normal,96,103,7095,9888,AB+/cluster_4_5836.BMP,AB+
/Users/a75027/Desktop/compsci 760/datasets/AB+/cluster_4_5841.BMP,ok,0.6980177993527508,69.80177993527508,False,normal,96,103,6902,9888,AB+/cluster_4_5841.BMP,AB+
/Users/a75027/Desktop/compsci 760/datasets/AB+/cluster_4_5844.BMP,ok,0.7140978964401294,71.40978964401295,False,normal,96,103,7061,9888,AB+/cluster_4_5844.BMP,AB+
/Users/a75027/Desktop/compsci 760/datasets/AB+/cluster_4_5847.BMP,ok,0.7517192556634305,75.17192556634305,False,normal,96,103,7433,9888,AB+/cluster_4_5847.BMP,AB+
/Users/a75027/Desktop/compsci 760/datasets/AB+/cluster_4_5854.BMP,ok,0.6678802588996764,66.78802588996764,False,normal,96,103,6604,9888,AB+/cluster_4_5854.BMP,AB+
/Users/a75027/Desktop/compsci 760/datasets/AB+/cluster_4_5861.BMP,ok,0.6813309061488673,68.13309061488673,False,normal,96,103,6737,9888,AB+/cluster_4_5861.BMP,AB+
/Users/a75027/Desktop/compsci 760/datasets/AB+/cluster_4_5865.BMP,ok,0.633495145631068,63.3495145631068,False,normal,96,103,6264,9888,AB+/cluster_4_5865.BMP,AB+
/Users/a75027/Desktop/compsci 760/datasets/AB+/cluster_4_5873.BMP,ok,0.7340210355987055,73.40210355987054,False,normal,96,103,7258,9888,AB+/cluster_4_5873.BMP,AB+
/Users/a75027/Desktop/compsci 760/datasets/AB+/cluster_4_588.BMP,ok,0.7280542071197411,72.80542071197411,False,normal,96,103,7199,9888,AB+/cluster_4_588.BMP,AB+
/Users/a75027/Desktop/compsci 760/datasets/AB+/cluster_4_5897.BMP,ok,0.6146844660194175,61.46844660194175,False,normal,96,103,6078,9888,AB+/cluster_4_5897.BMP,AB+
/Users/a75027/Desktop/compsci 760/datasets/AB+/cluster_4_590.BMP,ok,0.6086165048543689,60.86165048543689,False,normal,96,103,6018,9888,AB+/cluster_4_590.BMP,AB+
/Users/a75027/Desktop/compsci 760/datasets/AB+/cluster_4_5905.BMP,ok,0.6540250809061489,65.40250809061489,False,normal,96,103,6467,9888,AB+/cluster_4_5905.BMP,AB+
/Users/a75027/Desktop/compsci 760/datasets/AB+/cluster_4_5919.BMP,ok,0.6923543689320388,69.23543689320388,False,normal,96,103,6846,9888,AB+/cluster_4_5919.BMP,AB+
/Users/a75027/Desktop/compsci 760/datasets/AB+/cluster_4_5925.BMP,ok,0.7811488673139159,78.11488673139159,False,normal,96,103,7724,9888,AB+/cluster_4_5925.BMP,AB+
/Users/a75027/Desktop/compsci 760/datasets/AB+/cluster_4_5926.BMP,ok,0.7861043689320388,78.61043689320388,False,normal,96,103,7773,9888,AB+/cluster_4_5926.BMP,AB+
/Users/a75027/Desktop/compsci 760/datasets/AB+/cluster_4_5929.BMP,ok,0.6444174757281553,64.44174757281553,False,normal,96,103,6372,9888,AB+/cluster_4_5929.BMP,AB+
/Users/a75027/Desktop/compsci 760/datasets/AB+/cluster_4_5933.BMP,ok,0.6926577669902912,69.26577669902912,False,normal,96,103,6849,9888,AB+/cluster_4_5933.BMP,AB+
/Users/a75027/Desktop/compsci 760/datasets/AB+/cluster_4_5957.BMP,ok,0.7754854368932039,77.5485436893204,False,normal,96,103,7668,9888,AB+/cluster_4_5957.BMP,AB+
/Users/a75027/Desktop/compsci 760/datasets/AB+/cluster_4_5971.BMP,ok,0.7157160194174758,71.57160194174757,False,normal,96,103,7077,9888,AB+/cluster_4_5971.BMP,AB+
/Users/a75027/Desktop/compsci 760/datasets/AB+/cluster_4_598.BMP,ok,0.7393810679611651,73.93810679611651,False,normal,96,103,7311,9888,AB+/cluster_4_598.BMP,AB+
/Users/a75027/Desktop/compsci 760/datasets/AB+/cluster_4_5988.BMP,ok,0.6984223300970874,69.84223300970875,False,normal,96,103,6906,9888,AB+/cluster_4_5988.BMP,AB+
/Users/a75027/Desktop/compsci 760/datasets/AB+/cluster_4_616.BMP,ok,0.7110639158576052,71.10639158576052,False,normal,96,103,7031,9888,AB+/cluster_4_616.BMP,AB+
/Users/a75027/Desktop/compsci 760/datasets/AB+/cluster_4_619.BMP,ok,0.6920509708737864,69.20509708737865,False,normal,96,103,6843,9888,AB+/cluster_4_619.BMP,AB+
/Users/a75027/Desktop/compsci 760/datasets/AB+/cluster_4_628.BMP,ok,0.759203074433657,75.9203074433657,False,normal,96,103,7507,9888,AB+/cluster_4_628.BMP,AB+
/Users/a75027/Desktop/compsci 760/datasets/AB+/cluster_4_632.BMP,ok,0.659081715210356,65.9081715210356,False,normal,96,103,6517,9888,AB+/cluster_4_632.BMP,AB+
/Users/a75027/Desktop/compsci 760/datasets/AB+/cluster_4_639.BMP,ok,0.7619336569579288,76.19336569579288,False,normal,96,103,7534,9888,AB+/cluster_4_639.BMP,AB+
/Users/a75027/Desktop/compsci 760/datasets/AB+/cluster_4_650.BMP,ok,0.7209749190938511,72.09749190938511,False,normal,96,103,7129,9888,AB+/cluster_4_650.BMP,AB+
/Users/a75027/Desktop/compsci 760/datasets/AB+/cluster_4_663.BMP,ok,0.7453478964401294,74.53478964401295,False,normal,96,103,7370,9888,AB+/cluster_4_663.BMP,AB+
/Users/a75027/Desktop/compsci 760/datasets/AB+/cluster_4_687.BMP,ok,0.6898260517799353,68.98260517799353,False,normal,96,103,6821,9888,AB+/cluster_4_687.BMP,AB+
/Users/a75027/Desktop/compsci 760/datasets/AB+/cluster_4_700.BMP,ok,0.2280542071197411,22.805420711974108,False,normal,96,103,2255,9888,AB+/cluster_4_700.BMP,AB+
/Users/a75027/Desktop/compsci 760/datasets/AB+/cluster_4_703.BMP,ok,0.72582928802589,72.582928802589,False,normal,96,103,7177,9888,AB+/cluster_4_703.BMP,AB+
/Users/a75027/Desktop/compsci 760/datasets/AB+/cluster_4_705.BMP,ok,0.7929813915857605,79.29813915857605,False,normal,96,103,7841,9888,AB+/cluster_4_705.BMP,AB+
/Users/a75027/Desktop/compsci 760/datasets/AB+/cluster_4_719.BMP,ok,0.7357402912621359,73.57402912621359,False,normal,96,103,7275,9888,AB+/cluster_4_719.BMP,AB+
/Users/a75027/Desktop/compsci 760/datasets/AB+/cluster_4_72.BMP,ok,0.6668689320388349,66.68689320388349,False,normal,96,103,6594,9888,AB+/cluster_4_72.BMP,AB+
/Users/a75027/Desktop/compsci 760/datasets/AB+/cluster_4_721.BMP,ok,0.674656148867314,67.4656148867314,False,normal,96,103,6671,9888,AB+/cluster_4_721.BMP,AB+
/Users/a75027/Desktop/compsci 760/datasets/AB+/cluster_4_722.BMP,ok,0.6639360841423948,66.39360841423948,False,normal,96,103,6565,9888,AB+/cluster_4_722.BMP,AB+
/Users/a75027/Desktop/compsci 760/datasets/AB+/cluster_4_735.BMP,ok,0.6813309061488673,68.13309061488673,False,normal,96,103,6737,9888,AB+/cluster_4_735.BMP,AB+
/Users/a75027/Desktop/compsci 760/datasets/AB+/cluster_4_737.BMP,ok,0.7271440129449838,72.71440129449837,False,normal,96,103,7190,9888,AB+/cluster_4_737.BMP,AB+
/Users/a75027/Desktop/compsci 760/datasets/AB+/cluster_4_748.BMP,ok,0.7307847896440129,73.0784789644013,False,normal,96,103,7226,9888,AB+/cluster_4_748.BMP,AB+
/Users/a75027/Desktop/compsci 760/datasets/AB+/cluster_4_751.BMP,ok,0.7402912621359223,74.02912621359224,False,normal,96,103,7320,9888,AB+/cluster_4_751.BMP,AB+
/Users/a75027/Desktop/compsci 760/datasets/AB+/cluster_4_76.BMP,ok,0.7611245954692557,76.11245954692556,False,normal,96,103,7526,9888,AB+/cluster_4_76.BMP,AB+
/Users/a75027/Desktop/compsci 760/datasets/AB+/cluster_4_760.BMP,ok,0.7238066343042071,72.38066343042071,False,normal,96,103,7157,9888,AB+/cluster_4_760.BMP,AB+
/Users/a75027/Desktop/compsci 760/datasets/AB+/cluster_4_775.BMP,ok,0.7245145631067961,72.4514563106796,False,normal,96,103,7164,9888,AB+/cluster_4_775.BMP,AB+
/Users/a75027/Desktop/compsci 760/datasets/AB+/cluster_4_787.BMP,ok,0.7594053398058253,75.94053398058253,False,normal,96,103,7509,9888,AB+/cluster_4_787.BMP,AB+
/Users/a75027/Desktop/compsci 760/datasets/AB+/cluster_4_788.BMP,ok,0.764967637540453,76.4967637540453,False,normal,96,103,7564,9888,AB+/cluster_4_788.BMP,AB+
/Users/a75027/Desktop/compsci 760/datasets/AB+/cluster_4_802.BMP,ok,0.7345266990291263,73.45266990291263,False,normal,96,103,7263,9888,AB+/cluster_4_802.BMP,AB+
/Users/a75027/Desktop/compsci 760/datasets/AB+/cluster_4_807.BMP,ok,0.6461367313915858,64.61367313915858,False,normal,96,103,6389,9888,AB+/cluster_4_807.BMP,AB+
/Users/a75027/Desktop/compsci 760/datasets/AB+/cluster_4_815.BMP,ok,0.6636326860841424,66.36326860841424,False,normal,96,103,6562,9888,AB+/cluster_4_815.BMP,AB+
/Users/a75027/Desktop/compsci 760/datasets/AB+/cluster_4_823.BMP,ok,0.7200647249190939,72.00647249190939,False,normal,96,103,7120,9888,AB+/cluster_4_823.BMP,AB+
/Users/a75027/Desktop/compsci 760/datasets/AB+/cluster_4_849.BMP,ok,0.6969053398058253,69.69053398058253,False,normal,96,103,6891,9888,AB+/cluster_4_849.BMP,AB+
/Users/a75027/Desktop/compsci 760/datasets/AB+/cluster_4_859.BMP,ok,0.7299757281553398,72.99757281553399,False,normal,96,103,7218,9888,AB+/cluster_4_859.BMP,AB+
/Users/a75027/Desktop/compsci 760/datasets/AB+/cluster_4_87.BMP,ok,0.6404733009708737,64.04733009708737,False,normal,96,103,6333,9888,AB+/cluster_4_87.BMP,AB+
/Users/a75027/Desktop/compsci 760/datasets/AB+/cluster_4_879.BMP,ok,0.6340008090614887,63.40008090614887,False,normal,96,103,6269,9888,AB+/cluster_4_879.BMP,AB+
/Users/a75027/Desktop/compsci 760/datasets/AB+/cluster_4_882.BMP,ok,0.7104571197411004,71.04571197411003,False,normal,96,103,7025,9888,AB+/cluster_4_882.BMP,AB+
/Users/a75027/Desktop/compsci 760/datasets/AB+/cluster_4_886.BMP,ok,0.6457322006472492,64.57322006472492,False,normal,96,103,6385,9888,AB+/cluster_4_886.BMP,AB+
/Users/a75027/Desktop/compsci 760/datasets/AB+/cluster_4_925.BMP,ok,0.6974110032362459,69.7411003236246,False,normal,96,103,6896,9888,AB+/cluster_4_925.BMP,AB+
/Users/a75027/Desktop/compsci 760/datasets/AB+/cluster_4_929.BMP,ok,0.7253236245954693,72.53236245954693,False,normal,96,103,7172,9888,AB+/cluster_4_929.BMP,AB+
/Users/a75027/Desktop/compsci 760/datasets/AB+/cluster_4_930.BMP,ok,0.6652508090614887,66.52508090614887,False,normal,96,103,6578,9888,AB+/cluster_4_930.BMP,AB+
/Users/a75027/Desktop/compsci 760/datasets/AB+/cluster_4_933.BMP,ok,0.671217637540453,67.1217637540453,False,normal,96,103,6637,9888,AB+/cluster_4_933.BMP,AB+
/Users/a75027/Desktop/compsci 760/datasets/AB+/cluster_4_934.BMP,ok,0.7810477346278317,78.10477346278317,False,normal,96,103,7723,9888,AB+/cluster_4_934.BMP,AB+
/Users/a75027/Desktop/compsci 760/datasets/AB+/cluster_4_939.BMP,ok,0.7412014563106796,74.12014563106796,False,normal,96,103,7329,9888,AB+/cluster_4_939.BMP,AB+
/Users/a75027/Desktop/compsci 760/datasets/AB+/cluster_4_951.BMP,ok,0.751415857605178,75.1415857605178,False,normal,96,103,7430,9888,AB+/cluster_4_951.BMP,AB+
/Users/a75027/Desktop/compsci 760/datasets/AB+/cluster_4_958.BMP,ok,0.6700040453074434,67.00040453074433,False,normal,96,103,6625,9888,AB+/cluster_4_958.BMP,AB+
/Users/a75027/Desktop/compsci 760/datasets/AB+/cluster_4_959.BMP,ok,0.743628640776699,74.3628640776699,False,normal,96,103,7353,9888,AB+/cluster_4_959.BMP,AB+
/Users/a75027/Desktop/compsci 760/datasets/AB+/cluster_4_961.BMP,ok,0.7813511326860841,78.13511326860841,False,normal,96,103,7726,9888,AB+/cluster_4_961.BMP,AB+
/Users/a75027/Desktop/compsci 760/datasets/AB+/cluster_4_962.BMP,ok,0.7714401294498382,77.14401294498381,False,normal,96,103,7628,9888,AB+/cluster_4_962.BMP,AB+
/Users/a75027/Desktop/compsci 760/datasets/AB+/cluster_4_968.BMP,ok,0.7050970873786407,70.50970873786407,False,normal,96,103,6972,9888,AB+/cluster_4_968.BMP,AB+
/Users/a75027/Desktop/compsci 760/datasets/AB+/cluster_4_972.BMP,ok,0.7324029126213593,73.24029126213593,False,normal,96,103,7242,9888,AB+/cluster_4_972.BMP,AB+
/Users/a75027/Desktop/compsci 760/datasets/AB+/cluster_4_976.BMP,ok,0.6915453074433657,69.15453074433657,False,normal,96,103,6838,9888,AB+/cluster_4_976.BMP,AB+
/Users/a75027/Desktop/compsci 760/datasets/AB+/cluster_4_996.BMP,ok,0.3627629449838188,36.27629449838188,False,normal,96,103,3587,9888,AB+/cluster_4_996.BMP,AB+
/Users/a75027/Desktop/compsci 760/datasets/AB+/cluster_4_997.BMP,ok,0.7444377022653722,74.44377022653723,False,normal,96,103,7361,9888,AB+/cluster_4_997.BMP,AB+
/Users/a75027/Desktop/compsci 760/datasets/AB-/cluster_5_1003.BMP,ok,0.8578074433656958,85.78074433656958,False,normal,96,103,8482,9888,AB-/cluster_5_1003.BMP,AB-
/Users/a75027/Desktop/compsci 760/datasets/AB-/cluster_5_1013.BMP,ok,1.0,100.0,True,coverage_too_high,96,103,9888,9888,AB-/cluster_5_1013.BMP,AB-
/Users/a75027/Desktop/compsci 760/datasets/AB-/cluster_5_1024.BMP,ok,0.7245145631067961,72.4514563106796,False,normal,96,103,7164,9888,AB-/cluster_5_1024.BMP,AB-
/Users/a75027/Desktop/compsci 760/datasets/AB-/cluster_5_105.BMP,ok,0.8786407766990292,87.86407766990291,False,normal,96,103,8688,9888,AB-/cluster_5_105.BMP,AB-
/Users/a75027/Desktop/compsci 760/datasets/AB-/cluster_5_1052.BMP,ok,0.7505056634304207,75.05056634304206,False,normal,96,103,7421,9888,AB-/cluster_5_1052.BMP,AB-
/Users/a75027/Desktop/compsci 760/datasets/AB-/cluster_5_1056.BMP,ok,0.7444377022653722,74.44377022653723,False,normal,96,103,7361,9888,AB-/cluster_5_1056.BMP,AB-
/Users/a75027/Desktop/compsci 760/datasets/AB-/cluster_5_1064.BMP,ok,0.7191545307443366,71.91545307443366,False,normal,96,103,7111,9888,AB-/cluster_5_1064.BMP,AB-
/Users/a75027/Desktop/compsci 760/datasets/AB-/cluster_5_1066.BMP,ok,0.8532564724919094,85.32564724919094,False,normal,96,103,8437,9888,AB-/cluster_5_1066.BMP,AB-
/Users/a75027/Desktop/compsci 760/datasets/AB-/cluster_5_1069.BMP,ok,0.7894417475728155,78.94417475728154,False,normal,96,103,7806,9888,AB-/cluster_5_1069.BMP,AB-
/Users/a75027/Desktop/compsci 760/datasets/AB-/cluster_5_1073.BMP,ok,0.26415857605177995,26.415857605177994,False,normal,96,103,2612,9888,AB-/cluster_5_1073.BMP,AB-
/Users/a75027/Desktop/compsci 760/datasets/AB-/cluster_5_1076.BMP,ok,0.7227953074433657,72.27953074433657,False,normal,96,103,7147,9888,AB-/cluster_5_1076.BMP,AB-
/Users/a75027/Desktop/compsci 760/datasets/AB-/cluster_5_1079.BMP,ok,0.7926779935275081,79.26779935275081,False,normal,96,103,7838,9888,AB-/cluster_5_1079.BMP,AB-
/Users/a75027/Desktop/compsci 760/datasets/AB-/cluster_5_1081.BMP,ok,0.6600930420711975,66.00930420711974,False,normal,96,103,6527,9888,AB-/cluster_5_1081.BMP,AB-
/Users/a75027/Desktop/compsci 760/datasets/AB-/cluster_5_1097.BMP,ok,0.7595064724919094,75.95064724919094,False,normal,96,103,7510,9888,AB-/cluster_5_1097.BMP,AB-
/Users/a75027/Desktop/compsci 760/datasets/AB-/cluster_5_1098.BMP,ok,0.7317961165048543,73.17961165048543,False,normal,96,103,7236,9888,AB-/cluster_5_1098.BMP,AB-
/Users/a75027/Desktop/compsci 760/datasets/AB-/cluster_5_110.BMP,ok,0.7881270226537217,78.81270226537217,False,normal,96,103,7793,9888,AB-/cluster_5_110.BMP,AB-
/Users/a75027/Desktop/compsci 760/datasets/AB-/cluster_5_1102.BMP,ok,0.8590210355987055,85.90210355987054,False,normal,96,103,8494,9888,AB-/cluster_5_1102.BMP,AB-
/Users/a75027/Desktop/compsci 760/datasets/AB-/cluster_5_1103.BMP,ok,0.7434263754045307,74.34263754045307,False,normal,96,103,7351,9888,AB-/cluster_5_1103.BMP,AB-
/Users/a75027/Desktop/compsci 760/datasets/AB-/cluster_5_1112.BMP,ok,0.828782362459547,82.8782362459547,False,normal,96,103,8195,9888,AB-/cluster_5_1112.BMP,AB-
/Users/a75027/Desktop/compsci 760/datasets/AB-/cluster_5_1124.BMP,ok,0.8277710355987055,82.77710355987054,False,normal,96,103,8185,9888,AB-/cluster_5_1124.BMP,AB-
/Users/a75027/Desktop/compsci 760/datasets/AB-/cluster_5_113.BMP,ok,0.7995550161812298,79.95550161812298,False,normal,96,103,7906,9888,AB-/cluster_5_113.BMP,AB-
/Users/a75027/Desktop/compsci 760/datasets/AB-/cluster_5_1137.BMP,ok,0.7964199029126213,79.64199029126213,False,normal,96,103,7875,9888,AB-/cluster_5_1137.BMP,AB-
/Users/a75027/Desktop/compsci 760/datasets/AB-/cluster_5_1142.BMP,ok,0.2631472491909385,26.31472491909385,False,normal,96,103,2602,9888,AB-/cluster_5_1142.BMP,AB-
/Users/a75027/Desktop/compsci 760/datasets/AB-/cluster_5_1147.BMP,ok,0.7291666666666666,72.91666666666666,False,normal,96,103,7210,9888,AB-/cluster_5_1147.BMP,AB-
/Users/a75027/Desktop/compsci 760/datasets/AB-/cluster_5_1152.BMP,ok,0.754247572815534,75.4247572815534,False,normal,96,103,7458,9888,AB-/cluster_5_1152.BMP,AB-
/Users/a75027/Desktop/compsci 760/datasets/AB-/cluster_5_1158.BMP,ok,0.8455703883495146,84.55703883495146,False,normal,96,103,8361,9888,AB-/cluster_5_1158.BMP,AB-
/Users/a75027/Desktop/compsci 760/datasets/AB-/cluster_5_1166.BMP,ok,0.7650687702265372,76.50687702265373,False,normal,96,103,7565,9888,AB-/cluster_5_1166.BMP,AB-
/Users/a75027/Desktop/compsci 760/datasets/AB-/cluster_5_1168.BMP,ok,0.7128843042071198,71.28843042071198,False,normal,96,103,7049,9888,AB-/cluster_5_1168.BMP,AB-
/Users/a75027/Desktop/compsci 760/datasets/AB-/cluster_5_1170.BMP,ok,0.8135113268608414,81.35113268608414,False,normal,96,103,8044,9888,AB-/cluster_5_1170.BMP,AB-
/Users/a75027/Desktop/compsci 760/datasets/AB-/cluster_5_1171.BMP,ok,0.7957119741100324,79.57119741100324,False,normal,96,103,7868,9888,AB-/cluster_5_1171.BMP,AB-
/Users/a75027/Desktop/compsci 760/datasets/AB-/cluster_5_1176.BMP,ok,0.7204692556634305,72.04692556634305,False,normal,96,103,7124,9888,AB-/cluster_5_1176.BMP,AB-
/Users/a75027/Desktop/compsci 760/datasets/AB-/cluster_5_118.BMP,ok,0.7523260517799353,75.23260517799353,False,normal,96,103,7439,9888,AB-/cluster_5_118.BMP,AB-
/Users/a75027/Desktop/compsci 760/datasets/AB-/cluster_5_1192.BMP,ok,0.7388754045307443,73.88754045307444,False,normal,96,103,7306,9888,AB-/cluster_5_1192.BMP,AB-
/Users/a75027/Desktop/compsci 760/datasets/AB-/cluster_5_1198.BMP,ok,0.7815533980582524,78.15533980582524,False,normal,96,103,7728,9888,AB-/cluster_5_1198.BMP,AB-
/Users/a75027/Desktop/compsci 760/datasets/AB-/cluster_5_1202.BMP,ok,0.7534385113268608,75.34385113268608,False,normal,96,103,7450,9888,AB-/cluster_5_1202.BMP,AB-
/Users/a75027/Desktop/compsci 760/datasets/AB-/cluster_5_1206.BMP,ok,0.779834142394822,77.9834142394822,False,normal,96,103,7711,9888,AB-/cluster_5_1206.BMP,AB-
/Users/a75027/Desktop/compsci 760/datasets/AB-/cluster_5_121.BMP,ok,0.803296925566343,80.3296925566343,False,normal,96,103,7943,9888,AB-/cluster_5_121.BMP,AB-
/Users/a75027/Desktop/compsci 760/datasets/AB-/cluster_5_1215.BMP,ok,0.7810477346278317,78.10477346278317,False,normal,96,103,7723,9888,AB-/cluster_5_1215.BMP,AB-
/Users/a75027/Desktop/compsci 760/datasets/AB-/cluster_5_1219.BMP,ok,0.8939118122977346,89.39118122977347,False,normal,96,103,8839,9888,AB-/cluster_5_1219.BMP,AB-
/Users/a75027/Desktop/compsci 760/datasets/AB-/cluster_5_122.BMP,ok,0.544093851132686,54.409385113268605,False,normal,96,103,5380,9888,AB-/cluster_5_122.BMP,AB-
/Users/a75027/Desktop/compsci 760/datasets/AB-/cluster_5_1220.BMP,ok,0.7552588996763754,75.52588996763754,False,normal,96,103,7468,9888,AB-/cluster_5_1220.BMP,AB-
/Users/a75027/Desktop/compsci 760/datasets/AB-/cluster_5_1228.BMP,ok,0.8365695792880259,83.65695792880258,False,normal,96,103,8272,9888,AB-/cluster_5_1228.BMP,AB-
/Users/a75027/Desktop/compsci 760/datasets/AB-/cluster_5_1229.BMP,ok,0.809668284789644,80.9668284789644,False,normal,96,103,8006,9888,AB-/cluster_5_1229.BMP,AB-
/Users/a75027/Desktop/compsci 760/datasets/AB-/cluster_5_123.BMP,ok,0.7959142394822006,79.59142394822007,False,normal,96,103,7870,9888,AB-/cluster_5_123.BMP,AB-
/Users/a75027/Desktop/compsci 760/datasets/AB-/cluster_5_1237.BMP,ok,0.6689927184466019,66.89927184466019,False,normal,96,103,6615,9888,AB-/cluster_5_1237.BMP,AB-
/Users/a75027/Desktop/compsci 760/datasets/AB-/cluster_5_1242.BMP,ok,0.7910598705501618,79.10598705501619,False,normal,96,103,7822,9888,AB-/cluster_5_1242.BMP,AB-
/Users/a75027/Desktop/compsci 760/datasets/AB-/cluster_5_1245.BMP,ok,0.7789239482200647,77.89239482200647,False,normal,96,103,7702,9888,AB-/cluster_5_1245.BMP,AB-
/Users/a75027/Desktop/compsci 760/datasets/AB-/cluster_5_1249.BMP,ok,0.7601132686084142,76.01132686084142,False,normal,96,103,7516,9888,AB-/cluster_5_1249.BMP,AB-
/Users/a75027/Desktop/compsci 760/datasets/AB-/cluster_5_1259.BMP,ok,0.659081715210356,65.9081715210356,False,normal,96,103,6517,9888,AB-/cluster_5_1259.BMP,AB-
/Users/a75027/Desktop/compsci 760/datasets/AB-/cluster_5_1261.BMP,ok,0.8014765372168284,80.14765372168284,False,normal,96,103,7925,9888,AB-/cluster_5_1261.BMP,AB-
/Users/a75027/Desktop/compsci 760/datasets/AB-/cluster_5_1286.BMP,ok,0.7834749190938511,78.34749190938511,False,normal,96,103,7747,9888,AB-/cluster_5_1286.BMP,AB-
/Users/a75027/Desktop/compsci 760/datasets/AB-/cluster_5_1294.BMP,ok,0.7809466019417476,78.09466019417476,False,normal,96,103,7722,9888,AB-/cluster_5_1294.BMP,AB-
/Users/a75027/Desktop/compsci 760/datasets/AB-/cluster_5_1299.BMP,ok,0.8092637540453075,80.92637540453075,False,normal,96,103,8002,9888,AB-/cluster_5_1299.BMP,AB-
/Users/a75027/Desktop/compsci 760/datasets/AB-/cluster_5_130.BMP,ok,0.8100728155339806,81.00728155339806,False,normal,96,103,8010,9888,AB-/cluster_5_130.BMP,AB-
/Users/a75027/Desktop/compsci 760/datasets/AB-/cluster_5_1300.BMP,ok,0.761326860841424,76.13268608414239,False,normal,96,103,7528,9888,AB-/cluster_5_1300.BMP,AB-
/Users/a75027/Desktop/compsci 760/datasets/AB-/cluster_5_1304.BMP,ok,0.7945995145631068,79.45995145631069,False,normal,96,103,7857,9888,AB-/cluster_5_1304.BMP,AB-
/Users/a75027/Desktop/compsci 760/datasets/AB-/cluster_5_1311.BMP,ok,0.7598098705501618,75.98098705501619,False,normal,96,103,7513,9888,AB-/cluster_5_1311.BMP,AB-
/Users/a75027/Desktop/compsci 760/datasets/AB-/cluster_5_1327.BMP,ok,0.8066343042071198,80.66343042071198,False,normal,96,103,7976,9888,AB-/cluster_5_1327.BMP,AB-
/Users/a75027/Desktop/compsci 760/datasets/AB-/cluster_5_1331.BMP,ok,0.8150283171521036,81.50283171521036,False,normal,96,103,8059,9888,AB-/cluster_5_1331.BMP,AB-
/Users/a75027/Desktop/compsci 760/datasets/AB-/cluster_5_1354.BMP,ok,0.732200647249191,73.2200647249191,False,normal,96,103,7240,9888,AB-/cluster_5_1354.BMP,AB-
/Users/a75027/Desktop/compsci 760/datasets/AB-/cluster_5_1374.BMP,ok,0.7179409385113269,71.79409385113269,False,normal,96,103,7099,9888,AB-/cluster_5_1374.BMP,AB-
/Users/a75027/Desktop/compsci 760/datasets/AB-/cluster_5_139.BMP,ok,0.8937095469255664,89.37095469255664,False,normal,96,103,8837,9888,AB-/cluster_5_139.BMP,AB-
/Users/a75027/Desktop/compsci 760/datasets/AB-/cluster_5_1398.BMP,ok,0.7611245954692557,76.11245954692556,False,normal,96,103,7526,9888,AB-/cluster_5_1398.BMP,AB-
/Users/a75027/Desktop/compsci 760/datasets/AB-/cluster_5_1417.BMP,ok,0.8121966019417476,81.21966019417476,False,normal,96,103,8031,9888,AB-/cluster_5_1417.BMP,AB-
/Users/a75027/Desktop/compsci 760/datasets/AB-/cluster_5_1422.BMP,ok,0.7941949838187702,79.41949838187702,False,normal,96,103,7853,9888,AB-/cluster_5_1422.BMP,AB-
/Users/a75027/Desktop/compsci 760/datasets/AB-/cluster_5_1423.BMP,ok,0.7538430420711975,75.38430420711974,False,normal,96,103,7454,9888,AB-/cluster_5_1423.BMP,AB-
/Users/a75027/Desktop/compsci 760/datasets/AB-/cluster_5_1432.BMP,ok,0.3428398058252427,34.28398058252427,False,normal,96,103,3390,9888,AB-/cluster_5_1432.BMP,AB-
/Users/a75027/Desktop/compsci 760/datasets/AB-/cluster_5_1435.BMP,ok,0.7445388349514563,74.45388349514563,False,normal,96,103,7362,9888,AB-/cluster_5_1435.BMP,AB-
/Users/a75027/Desktop/compsci 760/datasets/AB-/cluster_5_1439.BMP,ok,0.7987459546925566,79.87459546925567,False,normal,96,103,7898,9888,AB-/cluster_5_1439.BMP,AB-
/Users/a75027/Desktop/compsci 760/datasets/AB-/cluster_5_1440.BMP,ok,0.8723705501618123,87.23705501618123,False,normal,96,103,8626,9888,AB-/cluster_5_1440.BMP,AB-
/Users/a75027/Desktop/compsci 760/datasets/AB-/cluster_5_1444.BMP,ok,0.7261326860841424,72.61326860841424,False,normal,96,103,7180,9888,AB-/cluster_5_1444.BMP,AB-
/Users/a75027/Desktop/compsci 760/datasets/AB-/cluster_5_1448.BMP,ok,0.7799352750809061,77.99352750809061,False,normal,96,103,7712,9888,AB-/cluster_5_1448.BMP,AB-
/Users/a75027/Desktop/compsci 760/datasets/AB-/cluster_5_1478.BMP,ok,0.7937904530744336,79.37904530744336,False,normal,96,103,7849,9888,AB-/cluster_5_1478.BMP,AB-
/Users/a75027/Desktop/compsci 760/datasets/AB-/cluster_5_1494.BMP,ok,0.7467637540453075,74.67637540453075,False,normal,96,103,7384,9888,AB-/cluster_5_1494.BMP,AB-
/Users/a75027/Desktop/compsci 760/datasets/AB-/cluster_5_1524.BMP,ok,0.8645833333333334,86.45833333333334,False,normal,96,103,8549,9888,AB-/cluster_5_1524.BMP,AB-
/Users/a75027/Desktop/compsci 760/datasets/AB-/cluster_5_1538.BMP,ok,0.7952063106796117,79.52063106796116,False,normal,96,103,7863,9888,AB-/cluster_5_1538.BMP,AB-
/Users/a75027/Desktop/compsci 760/datasets/AB-/cluster_5_1543.BMP,ok,0.7494943365695793,74.94943365695794,False,normal,96,103,7411,9888,AB-/cluster_5_1543.BMP,AB-
/Users/a75027/Desktop/compsci 760/datasets/AB-/cluster_5_1544.BMP,ok,0.7890372168284789,78.90372168284789,False,normal,96,103,7802,9888,AB-/cluster_5_1544.BMP,AB-
/Users/a75027/Desktop/compsci 760/datasets/AB-/cluster_5_1550.BMP,ok,0.7719457928802589,77.19457928802589,False,normal,96,103,7633,9888,AB-/cluster_5_1550.BMP,AB-
/Users/a75027/Desktop/compsci 760/datasets/AB-/cluster_5_1561.BMP,ok,0.7428195792880259,74.28195792880258,False,normal,96,103,7345,9888,AB-/cluster_5_1561.BMP,AB-
/Users/a75027/Desktop/compsci 760/datasets/AB-/cluster_5_1565.BMP,ok,0.7903519417475728,79.03519417475728,False,normal,96,103,7815,9888,AB-/cluster_5_1565.BMP,AB-
/Users/a75027/Desktop/compsci 760/datasets/AB-/cluster_5_1571.BMP,ok,0.7515169902912622,75.15169902912622,False,normal,96,103,7431,9888,AB-/cluster_5_1571.BMP,AB-
/Users/a75027/Desktop/compsci 760/datasets/AB-/cluster_5_1573.BMP,ok,0.7742718446601942,77.42718446601941,False,normal,96,103,7656,9888,AB-/cluster_5_1573.BMP,AB-
/Users/a75027/Desktop/compsci 760/datasets/AB-/cluster_5_1575.BMP,ok,0.7587985436893204,75.87985436893204,False,normal,96,103,7503,9888,AB-/cluster_5_1575.BMP,AB-
/Users/a75027/Desktop/compsci 760/datasets/AB-/cluster_5_1577.BMP,ok,0.8716626213592233,87.16626213592234,False,normal,96,103,8619,9888,AB-/cluster_5_1577.BMP,AB-
/Users/a75027/Desktop/compsci 760/datasets/AB-/cluster_5_1582.BMP,ok,0.8014765372168284,80.14765372168284,False,normal,96,103,7925,9888,AB-/cluster_5_1582.BMP,AB-
/Users/a75027/Desktop/compsci 760/datasets/AB-/cluster_5_1589.BMP,ok,0.7838794498381877,78.38794498381877,False,normal,96,103,7751,9888,AB-/cluster_5_1589.BMP,AB-
/Users/a75027/Desktop/compsci 760/datasets/AB-/cluster_5_1600.BMP,ok,0.8325242718446602,83.25242718446601,False,normal,96,103,8232,9888,AB-/cluster_5_1600.BMP,AB-
/Users/a75027/Desktop/compsci 760/datasets/AB-/cluster_5_1613.BMP,ok,0.8775283171521036,87.75283171521036,False,normal,96,103,8677,9888,AB-/cluster_5_1613.BMP,AB-
/Users/a75027/Desktop/compsci 760/datasets/AB-/cluster_5_1629.BMP,ok,0.7884304207119741,78.84304207119742,False,normal,96,103,7796,9888,AB-/cluster_5_1629.BMP,AB-
/Users/a75027/Desktop/compsci 760/datasets/AB-/cluster_5_1632.BMP,ok,0.7354368932038835,73.54368932038835,False,normal,96,103,7272,9888,AB-/cluster_5_1632.BMP,AB-
/Users/a75027/Desktop/compsci 760/datasets/AB-/cluster_5_1660.BMP,ok,0.7887338187702265,78.87338187702265,False,normal,96,103,7799,9888,AB-/cluster_5_1660.BMP,AB-
/Users/a75027/Desktop/compsci 760/datasets/AB-/cluster_5_1661.BMP,ok,0.7638551779935275,76.38551779935275,False,normal,96,103,7553,9888,AB-/cluster_5_1661.BMP,AB-
/Users/a75027/Desktop/compsci 760/datasets/AB-/cluster_5_1676.BMP,ok,0.8003640776699029,80.0364077669903,False,normal,96,103,7914,9888,AB-/cluster_5_1676.BMP,AB-
/Users/a75027/Desktop/compsci 760/datasets/AB-/cluster_5_1677.BMP,ok,0.7966221682847896,79.66221682847896,False,normal,96,103,7877,9888,AB-/cluster_5_1677.BMP,AB-
/Users/a75027/Desktop/compsci 760/datasets/AB-/cluster_5_168.BMP,ok,0.7469660194174758,74.69660194174757,False,normal,96,103,7386,9888,AB-/cluster_5_168.BMP,AB-
/Users/a75027/Desktop/compsci 760/datasets/AB-/cluster_5_1680.BMP,ok,0.796217637540453,79.6217637540453,False,normal,96,103,7873,9888,AB-/cluster_5_1680.BMP,AB-
/Users/a75027/Desktop/compsci 760/datasets/AB-/cluster_5_1706.BMP,ok,0.8156351132686084,81.56351132686083,False,normal,96,103,8065,9888,AB-/cluster_5_1706.BMP,AB-
/Users/a75027/Desktop/compsci 760/datasets/AB-/cluster_5_1710.BMP,ok,1.0,100.0,True,coverage_too_high,96,103,9888,9888,AB-/cluster_5_1710.BMP,AB-
/Users/a75027/Desktop/compsci 760/datasets/AB-/cluster_5_1711.BMP,ok,0.7719457928802589,77.19457928802589,False,normal,96,103,7633,9888,AB-/cluster_5_1711.BMP,AB-
/Users/a75027/Desktop/compsci 760/datasets/AB-/cluster_5_1735.BMP,ok,0.7802386731391586,78.02386731391586,False,normal,96,103,7715,9888,AB-/cluster_5_1735.BMP,AB-
/Users/a75027/Desktop/compsci 760/datasets/AB-/cluster_5_1739.BMP,ok,0.7304813915857605,73.04813915857605,False,normal,96,103,7223,9888,AB-/cluster_5_1739.BMP,AB-
/Users/a75027/Desktop/compsci 760/datasets/AB-/cluster_5_1747.BMP,ok,0.7535396440129449,75.35396440129449,False,normal,96,103,7451,9888,AB-/cluster_5_1747.BMP,AB-
/Users/a75027/Desktop/compsci 760/datasets/AB-/cluster_5_175.BMP,ok,0.8285800970873787,82.85800970873787,False,normal,96,103,8193,9888,AB-/cluster_5_175.BMP,AB-
/Users/a75027/Desktop/compsci 760/datasets/AB-/cluster_5_1753.BMP,ok,0.6894215210355987,68.94215210355988,False,normal,96,103,6817,9888,AB-/cluster_5_1753.BMP,AB-
/Users/a75027/Desktop/compsci 760/datasets/AB-/cluster_5_1754.BMP,ok,0.7280542071197411,72.80542071197411,False,normal,96,103,7199,9888,AB-/cluster_5_1754.BMP,AB-
/Users/a75027/Desktop/compsci 760/datasets/AB-/cluster_5_1758.BMP,ok,0.7915655339805825,79.15655339805825,False,normal,96,103,7827,9888,AB-/cluster_5_1758.BMP,AB-
/Users/a75027/Desktop/compsci 760/datasets/AB-/cluster_5_1760.BMP,ok,0.8592233009708737,85.92233009708737,False,normal,96,103,8496,9888,AB-/cluster_5_1760.BMP,AB-
/Users/a75027/Desktop/compsci 760/datasets/AB-/cluster_5_1772.BMP,ok,0.8036003236245954,80.36003236245955,False,normal,96,103,7946,9888,AB-/cluster_5_1772.BMP,AB-
/Users/a75027/Desktop/compsci 760/datasets/AB-/cluster_5_1773.BMP,ok,0.7899474110032363,78.99474110032362,False,normal,96,103,7811,9888,AB-/cluster_5_1773.BMP,AB-
/Users/a75027/Desktop/compsci 760/datasets/AB-/cluster_5_1783.BMP,ok,0.8435477346278317,84.35477346278317,False,normal,96,103,8341,9888,AB-/cluster_5_1783.BMP,AB-
/Users/a75027/Desktop/compsci 760/datasets/AB-/cluster_5_1788.BMP,ok,0.7186488673139159,71.86488673139159,False,normal,96,103,7106,9888,AB-/cluster_5_1788.BMP,AB-
/Users/a75027/Desktop/compsci 760/datasets/AB-/cluster_5_179.BMP,ok,0.7491909385113269,74.91909385113269,False,normal,96,103,7408,9888,AB-/cluster_5_179.BMP,AB-
/Users/a75027/Desktop/compsci 760/datasets/AB-/cluster_5_1792.BMP,ok,0.6906351132686084,69.06351132686083,False,normal,96,103,6829,9888,AB-/cluster_5_1792.BMP,AB-
/Users/a75027/Desktop/compsci 760/datasets/AB-/cluster_5_180.BMP,ok,0.7915655339805825,79.15655339805825,False,normal,96,103,7827,9888,AB-/cluster_5_180.BMP,AB-
/Users/a75027/Desktop/compsci 760/datasets/AB-/cluster_5_1831.BMP,ok,0.7956108414239482,79.56108414239482,False,normal,96,103,7867,9888,AB-/cluster_5_1831.BMP,AB-
/Users/a75027/Desktop/compsci 760/datasets/AB-/cluster_5_1836.BMP,ok,0.801173139158576,80.11731391585761,False,normal,96,103,7922,9888,AB-/cluster_5_1836.BMP,AB-
/Users/a75027/Desktop/compsci 760/datasets/AB-/cluster_5_1845.BMP,ok,0.7591019417475728,75.91019417475728,False,normal,96,103,7506,9888,AB-/cluster_5_1845.BMP,AB-
/Users/a75027/Desktop/compsci 760/datasets/AB-/cluster_5_1855.BMP,ok,0.8000606796116505,80.00606796116504,False,normal,96,103,7911,9888,AB-/cluster_5_1855.BMP,AB-
/Users/a75027/Desktop/compsci 760/datasets/AB-/cluster_5_1861.BMP,ok,0.48705501618122976,48.70550161812297,False,normal,96,103,4816,9888,AB-/cluster_5_1861.BMP,AB-
/Users/a75027/Desktop/compsci 760/datasets/AB-/cluster_5_1867.BMP,ok,0.809668284789644,80.9668284789644,False,normal,96,103,8006,9888,AB-/cluster_5_1867.BMP,AB-
/Users/a75027/Desktop/compsci 760/datasets/AB-/cluster_5_1872.BMP,ok,0.7603155339805825,76.03155339805825,False,normal,96,103,7518,9888,AB-/cluster_5_1872.BMP,AB-
/Users/a75027/Desktop/compsci 760/datasets/AB-/cluster_5_190.BMP,ok,0.7809466019417476,78.09466019417476,False,normal,96,103,7722,9888,AB-/cluster_5_190.BMP,AB-
/Users/a75027/Desktop/compsci 760/datasets/AB-/cluster_5_1901.BMP,ok,0.8081512944983819,80.81512944983818,False,normal,96,103,7991,9888,AB-/cluster_5_1901.BMP,AB-
/Users/a75027/Desktop/compsci 760/datasets/AB-/cluster_5_1913.BMP,ok,0.8367718446601942,83.67718446601941,False,normal,96,103,8274,9888,AB-/cluster_5_1913.BMP,AB-
/Users/a75027/Desktop/compsci 760/datasets/AB-/cluster_5_1914.BMP,ok,0.7879247572815534,78.79247572815534,False,normal,96,103,7791,9888,AB-/cluster_5_1914.BMP,AB-
/Users/a75027/Desktop/compsci 760/datasets/AB-/cluster_5_1916.BMP,ok,0.7030744336569579,70.30744336569579,False,normal,96,103,6952,9888,AB-/cluster_5_1916.BMP,AB-
/Users/a75027/Desktop/compsci 760/datasets/AB-/cluster_5_1933.BMP,ok,0.8085558252427184,80.85558252427184,False,normal,96,103,7995,9888,AB-/cluster_5_1933.BMP,AB-
/Users/a75027/Desktop/compsci 760/datasets/AB-/cluster_5_1936.BMP,ok,0.8138147249190939,81.38147249190939,False,normal,96,103,8047,9888,AB-/cluster_5_1936.BMP,AB-
/Users/a75027/Desktop/compsci 760/datasets/AB-/cluster_5_1949.BMP,ok,0.7729571197411004,77.29571197411003,False,normal,96,103,7643,9888,AB-/cluster_5_1949.BMP,AB-
/Users/a75027/Desktop/compsci 760/datasets/AB-/cluster_5_1950.BMP,ok,0.8071399676375405,80.71399676375405,False,normal,96,103,7981,9888,AB-/cluster_5_1950.BMP,AB-
/Users/a75027/Desktop/compsci 760/datasets/AB-/cluster_5_197.BMP,ok,0.7222896440129449,72.22896440129449,False,normal,96,103,7142,9888,AB-/cluster_5_197.BMP,AB-
/Users/a75027/Desktop/compsci 760/datasets/AB-/cluster_5_1970.BMP,ok,0.27872168284789645,27.872168284789645,False,normal,96,103,2756,9888,AB-/cluster_5_1970.BMP,AB-
/Users/a75027/Desktop/compsci 760/datasets/AB-/cluster_5_1983.BMP,ok,0.8227144012944984,82.27144012944983,False,normal,96,103,8135,9888,AB-/cluster_5_1983.BMP,AB-
/Users/a75027/Desktop/compsci 760/datasets/AB-/cluster_5_1986.BMP,ok,0.23159385113268607,23.15938511326861,False,normal,96,103,2290,9888,AB-/cluster_5_1986.BMP,AB-
/Users/a75027/Desktop/compsci 760/datasets/AB-/cluster_5_1990.BMP,ok,0.8762135922330098,87.62135922330097,False,normal,96,103,8664,9888,AB-/cluster_5_1990.BMP,AB-
/Users/a75027/Desktop/compsci 760/datasets/AB-/cluster_5_1994.BMP,ok,0.7719457928802589,77.19457928802589,False,normal,96,103,7633,9888,AB-/cluster_5_1994.BMP,AB-
/Users/a75027/Desktop/compsci 760/datasets/AB-/cluster_5_2006.BMP,ok,0.784081715210356,78.4081715210356,False,normal,96,103,7753,9888,AB-/cluster_5_2006.BMP,AB-
/Users/a75027/Desktop/compsci 760/datasets/AB-/cluster_5_2007.BMP,ok,0.7623381877022654,76.23381877022653,False,normal,96,103,7538,9888,AB-/cluster_5_2007.BMP,AB-
/Users/a75027/Desktop/compsci 760/datasets/AB-/cluster_5_2015.BMP,ok,0.713794498381877,71.3794498381877,False,normal,96,103,7058,9888,AB-/cluster_5_2015.BMP,AB-
/Users/a75027/Desktop/compsci 760/datasets/AB-/cluster_5_2016.BMP,ok,0.8512338187702265,85.12338187702265,False,normal,96,103,8417,9888,AB-/cluster_5_2016.BMP,AB-
/Users/a75027/Desktop/compsci 760/datasets/AB-/cluster_5_2021.BMP,ok,0.7966221682847896,79.66221682847896,False,normal,96,103,7877,9888,AB-/cluster_5_2021.BMP,AB-
/Users/a75027/Desktop/compsci 760/datasets/AB-/cluster_5_2024.BMP,ok,0.7028721682847896,70.28721682847896,False,normal,96,103,6950,9888,AB-/cluster_5_2024.BMP,AB-
/Users/a75027/Desktop/compsci 760/datasets/AB-/cluster_5_2025.BMP,ok,0.7884304207119741,78.84304207119742,False,normal,96,103,7796,9888,AB-/cluster_5_2025.BMP,AB-
/Users/a75027/Desktop/compsci 760/datasets/AB-/cluster_5_2034.BMP,ok,0.7390776699029126,73.90776699029125,False,normal,96,103,7308,9888,AB-/cluster_5_2034.BMP,AB-
/Users/a75027/Desktop/compsci 760/datasets/AB-/cluster_5_2036.BMP,ok,0.848705501618123,84.8705501618123,False,normal,96,103,8392,9888,AB-/cluster_5_2036.BMP,AB-
/Users/a75027/Desktop/compsci 760/datasets/AB-/cluster_5_2051.BMP,ok,1.0,100.0,True,coverage_too_high,96,103,9888,9888,AB-/cluster_5_2051.BMP,AB-
/Users/a75027/Desktop/compsci 760/datasets/AB-/cluster_5_2052.BMP,ok,0.7744741100323624,77.44741100323624,False,normal,96,103,7658,9888,AB-/cluster_5_2052.BMP,AB-
/Users/a75027/Desktop/compsci 760/datasets/AB-/cluster_5_2055.BMP,ok,1.0,100.0,True,coverage_too_high,96,103,9888,9888,AB-/cluster_5_2055.BMP,AB-
/Users/a75027/Desktop/compsci 760/datasets/AB-/cluster_5_2066.BMP,ok,0.7858009708737864,78.58009708737865,False,normal,96,103,7770,9888,AB-/cluster_5_2066.BMP,AB-
/Users/a75027/Desktop/compsci 760/datasets/AB-/cluster_5_2069.BMP,ok,0.7694174757281553,76.94174757281553,False,normal,96,103,7608,9888,AB-/cluster_5_2069.BMP,AB-
/Users/a75027/Desktop/compsci 760/datasets/AB-/cluster_5_2075.BMP,ok,0.7920711974110033,79.20711974110033,False,normal,96,103,7832,9888,AB-/cluster_5_2075.BMP,AB-
/Users/a75027/Desktop/compsci 760/datasets/AB-/cluster_5_208.BMP,ok,0.75,75.0,False,normal,96,103,7416,9888,AB-/cluster_5_208.BMP,AB-
/Users/a75027/Desktop/compsci 760/datasets/AB-/cluster_5_2082.BMP,ok,0.8773260517799353,87.73260517799353,False,normal,96,103,8675,9888,AB-/cluster_5_2082.BMP,AB-
/Users/a75027/Desktop/compsci 760/datasets/AB-/cluster_5_2085.BMP,ok,0.7920711974110033,79.20711974110033,False,normal,96,103,7832,9888,AB-/cluster_5_2085.BMP,AB-
/Users/a75027/Desktop/compsci 760/datasets/AB-/cluster_5_2086.BMP,ok,0.7206715210355987,72.06715210355988,False,normal,96,103,7126,9888,AB-/cluster_5_2086.BMP,AB-
/Users/a75027/Desktop/compsci 760/datasets/AB-/cluster_5_210.BMP,ok,0.7846885113268608,78.46885113268608,False,normal,96,103,7759,9888,AB-/cluster_5_210.BMP,AB-
/Users/a75027/Desktop/compsci 760/datasets/AB-/cluster_5_2113.BMP,ok,0.7783171521035599,77.831715210356,False,normal,96,103,7696,9888,AB-/cluster_5_2113.BMP,AB-
/Users/a75027/Desktop/compsci 760/datasets/AB-/cluster_5_2116.BMP,ok,0.7909587378640777,79.09587378640776,False,normal,96,103,7821,9888,AB-/cluster_5_2116.BMP,AB-
/Users/a75027/Desktop/compsci 760/datasets/AB-/cluster_5_2117.BMP,ok,0.7884304207119741,78.84304207119742,False,normal,96,103,7796,9888,AB-/cluster_5_2117.BMP,AB-
/Users/a75027/Desktop/compsci 760/datasets/AB-/cluster_5_2119.BMP,ok,0.6991302588996764,69.91302588996764,False,normal,96,103,6913,9888,AB-/cluster_5_2119.BMP,AB-
/Users/a75027/Desktop/compsci 760/datasets/AB-/cluster_5_2121.BMP,ok,0.8239279935275081,82.39279935275081,False,normal,96,103,8147,9888,AB-/cluster_5_2121.BMP,AB-
/Users/a75027/Desktop/compsci 760/datasets/AB-/cluster_5_2125.BMP,ok,1.0,100.0,True,coverage_too_high,96,103,9888,9888,AB-/cluster_5_2125.BMP,AB-
/Users/a75027/Desktop/compsci 760/datasets/AB-/cluster_5_214.BMP,ok,0.7682038834951457,76.82038834951457,False,normal,96,103,7596,9888,AB-/cluster_5_214.BMP,AB-
/Users/a75027/Desktop/compsci 760/datasets/AB-/cluster_5_2140.BMP,ok,0.811084142394822,81.1084142394822,False,normal,96,103,8020,9888,AB-/cluster_5_2140.BMP,AB-
/Users/a75027/Desktop/compsci 760/datasets/AB-/cluster_5_215.BMP,ok,0.7654733009708737,76.54733009708737,False,normal,96,103,7569,9888,AB-/cluster_5_215.BMP,AB-
/Users/a75027/Desktop/compsci 760/datasets/AB-/cluster_5_2155.BMP,ok,0.8528519417475728,85.28519417475728,False,normal,96,103,8433,9888,AB-/cluster_5_2155.BMP,AB-
/Users/a75027/Desktop/compsci 760/datasets/AB-/cluster_5_2160.BMP,ok,0.7867111650485437,78.67111650485437,False,normal,96,103,7779,9888,AB-/cluster_5_2160.BMP,AB-
/Users/a75027/Desktop/compsci 760/datasets/AB-/cluster_5_2166.BMP,ok,0.5381270226537217,53.81270226537217,False,normal,96,103,5321,9888,AB-/cluster_5_2166.BMP,AB-
/Users/a75027/Desktop/compsci 760/datasets/AB-/cluster_5_2168.BMP,ok,0.8148260517799353,81.48260517799353,False,normal,96,103,8057,9888,AB-/cluster_5_2168.BMP,AB-
/Users/a75027/Desktop/compsci 760/datasets/AB-/cluster_5_217.BMP,ok,0.2287621359223301,22.87621359223301,False,normal,96,103,2262,9888,AB-/cluster_5_217.BMP,AB-
/Users/a75027/Desktop/compsci 760/datasets/AB-/cluster_5_219.BMP,ok,0.7030744336569579,70.30744336569579,False,normal,96,103,6952,9888,AB-/cluster_5_219.BMP,AB-
/Users/a75027/Desktop/compsci 760/datasets/AB-/cluster_5_220.BMP,ok,0.7510113268608414,75.10113268608414,False,normal,96,103,7426,9888,AB-/cluster_5_220.BMP,AB-
/Users/a75027/Desktop/compsci 760/datasets/AB-/cluster_5_2201.BMP,ok,0.8206917475728155,82.06917475728154,False,normal,96,103,8115,9888,AB-/cluster_5_2201.BMP,AB-
/Users/a75027/Desktop/compsci 760/datasets/AB-/cluster_5_2207.BMP,ok,0.772754854368932,77.2754854368932,False,normal,96,103,7641,9888,AB-/cluster_5_2207.BMP,AB-
/Users/a75027/Desktop/compsci 760/datasets/AB-/cluster_5_2229.BMP,ok,0.7846885113268608,78.46885113268608,False,normal,96,103,7759,9888,AB-/cluster_5_2229.BMP,AB-
/Users/a75027/Desktop/compsci 760/datasets/AB-/cluster_5_224.BMP,ok,0.8671116504854369,86.71116504854369,False,normal,96,103,8574,9888,AB-/cluster_5_224.BMP,AB-
/Users/a75027/Desktop/compsci 760/datasets/AB-/cluster_5_2255.BMP,ok,0.8094660194174758,80.94660194174757,False,normal,96,103,8004,9888,AB-/cluster_5_2255.BMP,AB-
/Users/a75027/Desktop/compsci 760/datasets/AB-/cluster_5_226.BMP,ok,0.7788228155339806,77.88228155339806,False,normal,96,103,7701,9888,AB-/cluster_5_226.BMP,AB-
/Users/a75027/Desktop/compsci 760/datasets/AB-/cluster_5_2260.BMP,ok,0.721581715210356,72.1581715210356,False,normal,96,103,7135,9888,AB-/cluster_5_2260.BMP,AB-
/Users/a75027/Desktop/compsci 760/datasets/AB-/cluster_5_2262.BMP,ok,0.7652710355987055,76.52710355987054,False,normal,96,103,7567,9888,AB-/cluster_5_2262.BMP,AB-
/Users/a75027/Desktop/compsci 760/datasets/AB-/cluster_5_2277.BMP,ok,0.7979368932038835,79.79368932038835,False,normal,96,103,7890,9888,AB-/cluster_5_2277.BMP,AB-
/Users/a75027/Desktop/compsci 760/datasets/AB-/cluster_5_2292.BMP,ok,0.7644619741100324,76.44619741100324,False,normal,96,103,7559,9888,AB-/cluster_5_2292.BMP,AB-
/Users/a75027/Desktop/compsci 760/datasets/AB-/cluster_5_2293.BMP,ok,0.7754854368932039,77.5485436893204,False,normal,96,103,7668,9888,AB-/cluster_5_2293.BMP,AB-
/Users/a75027/Desktop/compsci 760/datasets/AB-/cluster_5_2302.BMP,ok,1.0,100.0,True,coverage_too_high,96,103,9888,9888,AB-/cluster_5_2302.BMP,AB-
/Users/a75027/Desktop/compsci 760/datasets/AB-/cluster_5_2319.BMP,ok,0.7924757281553398,79.24757281553399,False,normal,96,103,7836,9888,AB-/cluster_5_2319.BMP,AB-
/Users/a75027/Desktop/compsci 760/datasets/AB-/cluster_5_2325.BMP,ok,0.8033980582524272,80.33980582524272,False,normal,96,103,7944,9888,AB-/cluster_5_2325.BMP,AB-
/Users/a75027/Desktop/compsci 760/datasets/AB-/cluster_5_233.BMP,ok,0.7787216828478964,77.87216828478964,False,normal,96,103,7700,9888,AB-/cluster_5_233.BMP,AB-
/Users/a75027/Desktop/compsci 760/datasets/AB-/cluster_5_2343.BMP,ok,0.7228964401294499,72.28964401294499,False,normal,96,103,7148,9888,AB-/cluster_5_2343.BMP,AB-
/Users/a75027/Desktop/compsci 760/datasets/AB-/cluster_5_2345.BMP,ok,0.8291868932038835,82.91868932038835,False,normal,96,103,8199,9888,AB-/cluster_5_2345.BMP,AB-
/Users/a75027/Desktop/compsci 760/datasets/AB-/cluster_5_2347.BMP,ok,0.5505862040157063,55.058620401570636,False,normal,241,298,39542,71818,AB-/cluster_5_2347.BMP,AB-
/Users/a75027/Desktop/compsci 760/datasets/AB-/cluster_5_2348.BMP,ok,0.8160396440129449,81.60396440129449,False,normal,96,103,8069,9888,AB-/cluster_5_2348.BMP,AB-
/Users/a75027/Desktop/compsci 760/datasets/AB-/cluster_5_2354.BMP,ok,0.68042071197411,68.042071197411,False,normal,96,103,6728,9888,AB-/cluster_5_2354.BMP,AB-
/Users/a75027/Desktop/compsci 760/datasets/AB-/cluster_5_2364.BMP,ok,0.6489684466019418,64.89684466019418,False,normal,96,103,6417,9888,AB-/cluster_5_2364.BMP,AB-
/Users/a75027/Desktop/compsci 760/datasets/AB-/cluster_5_2367.BMP,ok,0.716626213592233,71.6626213592233,False,normal,96,103,7086,9888,AB-/cluster_5_2367.BMP,AB-
/Users/a75027/Desktop/compsci 760/datasets/AB-/cluster_5_2381.BMP,ok,0.738673139158576,73.86731391585761,False,normal,96,103,7304,9888,AB-/cluster_5_2381.BMP,AB-
/Users/a75027/Desktop/compsci 760/datasets/AB-/cluster_5_2382.BMP,ok,0.8263551779935275,82.63551779935275,False,normal,96,103,8171,9888,AB-/cluster_5_2382.BMP,AB-
/Users/a75027/Desktop/compsci 760/datasets/AB-/cluster_5_240.BMP,ok,0.6721278317152104,67.21278317152104,False,normal,96,103,6646,9888,AB-/cluster_5_240.BMP,AB-
/Users/a75027/Desktop/compsci 760/datasets/AB-/cluster_5_2410.BMP,ok,0.7209749190938511,72.09749190938511,False,normal,96,103,7129,9888,AB-/cluster_5_2410.BMP,AB-
/Users/a75027/Desktop/compsci 760/datasets/AB-/cluster_5_2416.BMP,ok,0.76709142394822,76.70914239482201,False,normal,96,103,7585,9888,AB-/cluster_5_2416.BMP,AB-
/Users/a75027/Desktop/compsci 760/datasets/AB-/cluster_5_2417.BMP,ok,0.7698220064724919,76.98220064724919,False,normal,96,103,7612,9888,AB-/cluster_5_2417.BMP,AB-
/Users/a75027/Desktop/compsci 760/datasets/AB-/cluster_5_2421.BMP,ok,0.7935881877022654,79.35881877022653,False,normal,96,103,7847,9888,AB-/cluster_5_2421.BMP,AB-
/Users/a75027/Desktop/compsci 760/datasets/AB-/cluster_5_2423.BMP,ok,0.8143203883495146,81.43203883495146,False,normal,96,103,8052,9888,AB-/cluster_5_2423.BMP,AB-
/Users/a75027/Desktop/compsci 760/datasets/AB-/cluster_5_243.BMP,ok,0.8643810679611651,86.43810679611651,False,normal,96,103,8547,9888,AB-/cluster_5_243.BMP,AB-
/Users/a75027/Desktop/compsci 760/datasets/AB-/cluster_5_2430.BMP,ok,0.7496966019417476,74.96966019417476,False,normal,96,103,7413,9888,AB-/cluster_5_2430.BMP,AB-
/Users/a75027/Desktop/compsci 760/datasets/AB-/cluster_5_2432.BMP,ok,0.73584142394822,73.58414239482201,False,normal,96,103,7276,9888,AB-/cluster_5_2432.BMP,AB-
/Users/a75027/Desktop/compsci 760/datasets/AB-/cluster_5_2433.BMP,ok,0.7323017799352751,73.23017799352752,False,normal,96,103,7241,9888,AB-/cluster_5_2433.BMP,AB-
/Users/a75027/Desktop/compsci 760/datasets/AB-/cluster_5_244.BMP,ok,0.8210962783171522,82.10962783171522,False,normal,96,103,8119,9888,AB-/cluster_5_244.BMP,AB-
/Users/a75027/Desktop/compsci 760/datasets/AB-/cluster_5_2443.BMP,ok,0.8398058252427184,83.98058252427184,False,normal,96,103,8304,9888,AB-/cluster_5_2443.BMP,AB-
/Users/a75027/Desktop/compsci 760/datasets/AB-/cluster_5_2457.BMP,ok,0.8173543689320388,81.73543689320388,False,normal,96,103,8082,9888,AB-/cluster_5_2457.BMP,AB-
/Users/a75027/Desktop/compsci 760/datasets/AB-/cluster_5_2478.BMP,ok,0.7900485436893204,79.00485436893204,False,normal,96,103,7812,9888,AB-/cluster_5_2478.BMP,AB-
/Users/a75027/Desktop/compsci 760/datasets/AB-/cluster_5_248.BMP,ok,0.7034789644012945,70.34789644012946,False,normal,96,103,6956,9888,AB-/cluster_5_248.BMP,AB-
/Users/a75027/Desktop/compsci 760/datasets/AB-/cluster_5_2485.BMP,ok,0.7785194174757282,77.85194174757282,False,normal,96,103,7698,9888,AB-/cluster_5_2485.BMP,AB-
/Users/a75027/Desktop/compsci 760/datasets/AB-/cluster_5_2487.BMP,ok,0.8397046925566343,83.97046925566343,False,normal,96,103,8303,9888,AB-/cluster_5_2487.BMP,AB-
/Users/a75027/Desktop/compsci 760/datasets/AB-/cluster_5_2499.BMP,ok,0.272046925566343,27.204692556634303,False,normal,96,103,2690,9888,AB-/cluster_5_2499.BMP,AB-
/Users/a75027/Desktop/compsci 760/datasets/AB-/cluster_5_2509.BMP,ok,0.7913632686084142,79.13632686084142,False,normal,96,103,7825,9888,AB-/cluster_5_2509.BMP,AB-
/Users/a75027/Desktop/compsci 760/datasets/AB-/cluster_5_2515.BMP,ok,0.8314118122977346,83.14118122977347,False,normal,96,103,8221,9888,AB-/cluster_5_2515.BMP,AB-
/Users/a75027/Desktop/compsci 760/datasets/AB-/cluster_5_253.BMP,ok,0.7973300970873787,79.73300970873787,False,normal,96,103,7884,9888,AB-/cluster_5_253.BMP,AB-
/Users/a75027/Desktop/compsci 760/datasets/AB-/cluster_5_2532.BMP,ok,0.8298948220064725,82.98948220064725,False,normal,96,103,8206,9888,AB-/cluster_5_2532.BMP,AB-
/Users/a75027/Desktop/compsci 760/datasets/AB-/cluster_5_2539.BMP,ok,0.7846885113268608,78.46885113268608,False,normal,96,103,7759,9888,AB-/cluster_5_2539.BMP,AB-
/Users/a75027/Desktop/compsci 760/datasets/AB-/cluster_5_2542.BMP,ok,0.7469660194174758,74.69660194174757,False,normal,96,103,7386,9888,AB-/cluster_5_2542.BMP,AB-
/Users/a75027/Desktop/compsci 760/datasets/AB-/cluster_5_2546.BMP,ok,0.7698220064724919,76.98220064724919,False,normal,96,103,7612,9888,AB-/cluster_5_2546.BMP,AB-
/Users/a75027/Desktop/compsci 760/datasets/AB-/cluster_5_2547.BMP,ok,0.7845873786407767,78.45873786407766,False,normal,96,103,7758,9888,AB-/cluster_5_2547.BMP,AB-
/Users/a75027/Desktop/compsci 760/datasets/AB-/cluster_5_2558.BMP,ok,0.8856189320388349,88.56189320388349,False,normal,96,103,8757,9888,AB-/cluster_5_2558.BMP,AB-
/Users/a75027/Desktop/compsci 760/datasets/AB-/cluster_5_2560.BMP,ok,0.6922532362459547,69.22532362459548,False,normal,96,103,6845,9888,AB-/cluster_5_2560.BMP,AB-
/Users/a75027/Desktop/compsci 760/datasets/AB-/cluster_5_2563.BMP,ok,0.7865088996763754,78.65088996763754,False,normal,96,103,7777,9888,AB-/cluster_5_2563.BMP,AB-
/Users/a75027/Desktop/compsci 760/datasets/AB-/cluster_5_2564.BMP,ok,0.7825647249190939,78.25647249190939,False,normal,96,103,7738,9888,AB-/cluster_5_2564.BMP,AB-
/Users/a75027/Desktop/compsci 760/datasets/AB-/cluster_5_2567.BMP,ok,0.8915857605177994,89.15857605177993,False,normal,96,103,8816,9888,AB-/cluster_5_2567.BMP,AB-
/Users/a75027/Desktop/compsci 760/datasets/AB-/cluster_5_2569.BMP,ok,0.6386529126213593,63.865291262135926,False,normal,96,103,6315,9888,AB-/cluster_5_2569.BMP,AB-
/Users/a75027/Desktop/compsci 760/datasets/AB-/cluster_5_2571.BMP,ok,0.7100525889967637,71.00525889967638,False,normal,96,103,7021,9888,AB-/cluster_5_2571.BMP,AB-
/Users/a75027/Desktop/compsci 760/datasets/AB-/cluster_5_258.BMP,ok,0.73290857605178,73.29085760517799,False,normal,96,103,7247,9888,AB-/cluster_5_258.BMP,AB-
/Users/a75027/Desktop/compsci 760/datasets/AB-/cluster_5_2581.BMP,ok,0.7373584142394822,73.73584142394822,False,normal,96,103,7291,9888,AB-/cluster_5_2581.BMP,AB-
/Users/a75027/Desktop/compsci 760/datasets/AB-/cluster_5_2583.BMP,ok,0.8235234627831716,82.35234627831716,False,normal,96,103,8143,9888,AB-/cluster_5_2583.BMP,AB-
/Users/a75027/Desktop/compsci 760/datasets/AB-/cluster_5_2584.BMP,ok,0.7732605177993528,77.32605177993528,False,normal,96,103,7646,9888,AB-/cluster_5_2584.BMP,AB-
/Users/a75027/Desktop/compsci 760/datasets/AB-/cluster_5_2589.BMP,ok,0.792576860841424,79.25768608414239,False,normal,96,103,7837,9888,AB-/cluster_5_2589.BMP,AB-
/Users/a75027/Desktop/compsci 760/datasets/AB-/cluster_5_2590.BMP,ok,0.7888349514563107,78.88349514563106,False,normal,96,103,7800,9888,AB-/cluster_5_2590.BMP,AB-
/Users/a75027/Desktop/compsci 760/datasets/AB-/cluster_5_2594.BMP,ok,0.73290857605178,73.29085760517799,False,normal,96,103,7247,9888,AB-/cluster_5_2594.BMP,AB-
/Users/a75027/Desktop/compsci 760/datasets/AB-/cluster_5_2599.BMP,ok,0.7829692556634305,78.29692556634305,False,normal,96,103,7742,9888,AB-/cluster_5_2599.BMP,AB-
/Users/a75027/Desktop/compsci 760/datasets/AB-/cluster_5_2600.BMP,ok,0.7999595469255664,79.99595469255664,False,normal,96,103,7910,9888,AB-/cluster_5_2600.BMP,AB-
/Users/a75027/Desktop/compsci 760/datasets/AB-/cluster_5_2605.BMP,ok,0.7399878640776699,73.99878640776699,False,normal,96,103,7317,9888,AB-/cluster_5_2605.BMP,AB-
/Users/a75027/Desktop/compsci 760/datasets/AB-/cluster_5_2626.BMP,ok,0.6037621359223301,60.37621359223301,False,normal,96,103,5970,9888,AB-/cluster_5_2626.BMP,AB-
/Users/a75027/Desktop/compsci 760/datasets/AB-/cluster_5_2641.BMP,ok,0.7560679611650486,75.60679611650485,False,normal,96,103,7476,9888,AB-/cluster_5_2641.BMP,AB-
/Users/a75027/Desktop/compsci 760/datasets/AB-/cluster_5_2646.BMP,ok,0.8191747572815534,81.91747572815534,False,normal,96,103,8100,9888,AB-/cluster_5_2646.BMP,AB-
/Users/a75027/Desktop/compsci 760/datasets/AB-/cluster_5_2649.BMP,ok,0.6130663430420712,61.30663430420712,False,normal,96,103,6062,9888,AB-/cluster_5_2649.BMP,AB-
/Users/a75027/Desktop/compsci 760/datasets/AB-/cluster_5_2652.BMP,ok,0.8137135922330098,81.37135922330097,False,normal,96,103,8046,9888,AB-/cluster_5_2652.BMP,AB-
/Users/a75027/Desktop/compsci 760/datasets/AB-/cluster_5_266.BMP,ok,0.8074433656957929,80.74433656957929,False,normal,96,103,7984,9888,AB-/cluster_5_266.BMP,AB-
/Users/a75027/Desktop/compsci 760/datasets/AB-/cluster_5_2664.BMP,ok,0.7602144012944984,76.02144012944983,False,normal,96,103,7517,9888,AB-/cluster_5_2664.BMP,AB-
/Users/a75027/Desktop/compsci 760/datasets/AB-/cluster_5_2669.BMP,ok,0.6254045307443366,62.54045307443366,False,normal,96,103,6184,9888,AB-/cluster_5_2669.BMP,AB-
/Users/a75027/Desktop/compsci 760/datasets/AB-/cluster_5_2682.BMP,ok,0.75,75.0,False,normal,96,103,7416,9888,AB-/cluster_5_2682.BMP,AB-
/Users/a75027/Desktop/compsci 760/datasets/AB-/cluster_5_2706.BMP,ok,0.879247572815534,87.9247572815534,False,normal,96,103,8694,9888,AB-/cluster_5_2706.BMP,AB-
/Users/a75027/Desktop/compsci 760/datasets/AB-/cluster_5_2711.BMP,ok,0.7590008090614887,75.90008090614887,False,normal,96,103,7505,9888,AB-/cluster_5_2711.BMP,AB-
/Users/a75027/Desktop/compsci 760/datasets/AB-/cluster_5_2712.BMP,ok,0.7218851132686084,72.18851132686083,False,normal,96,103,7138,9888,AB-/cluster_5_2712.BMP,AB-
/Users/a75027/Desktop/compsci 760/datasets/AB-/cluster_5_2728.BMP,ok,0.7694174757281553,76.94174757281553,False,normal,96,103,7608,9888,AB-/cluster_5_2728.BMP,AB-
/Users/a75027/Desktop/compsci 760/datasets/AB-/cluster_5_2736.BMP,ok,0.7735639158576052,77.35639158576052,False,normal,96,103,7649,9888,AB-/cluster_5_2736.BMP,AB-
/Users/a75027/Desktop/compsci 760/datasets/AB-/cluster_5_2739.BMP,ok,0.8045105177993528,80.45105177993528,False,normal,96,103,7955,9888,AB-/cluster_5_2739.BMP,AB-
/Users/a75027/Desktop/compsci 760/datasets/AB-/cluster_5_2762.BMP,ok,0.7339199029126213,73.39199029126213,False,normal,96,103,7257,9888,AB-/cluster_5_2762.BMP,AB-
/Users/a75027/Desktop/compsci 760/datasets/AB-/cluster_5_277.BMP,ok,0.7487864077669902,74.87864077669903,False,normal,96,103,7404,9888,AB-/cluster_5_277.BMP,AB-
/Users/a75027/Desktop/compsci 760/datasets/AB-/cluster_5_2771.BMP,ok,0.7884304207119741,78.84304207119742,False,normal,96,103,7796,9888,AB-/cluster_5_2771.BMP,AB-
/Users/a75027/Desktop/compsci 760/datasets/AB-/cluster_5_2777.BMP,ok,0.36842637540453077,36.842637540453076,False,normal,96,103,3643,9888,AB-/cluster_5_2777.BMP,AB-
/Users/a75027/Desktop/compsci 760/datasets/AB-/cluster_5_2779.BMP,ok,0.7240088996763754,72.40088996763754,False,normal,96,103,7159,9888,AB-/cluster_5_2779.BMP,AB-
/Users/a75027/Desktop/compsci 760/datasets/AB-/cluster_5_2792.BMP,ok,0.8519417475728155,85.19417475728154,False,normal,96,103,8424,9888,AB-/cluster_5_2792.BMP,AB-
/Users/a75027/Desktop/compsci 760/datasets/AB-/cluster_5_2795.BMP,ok,0.7311893203883495,73.11893203883496,False,normal,96,103,7230,9888,AB-/cluster_5_2795.BMP,AB-
/Users/a75027/Desktop/compsci 760/datasets/AB-/cluster_5_281.BMP,ok,0.654834142394822,65.4834142394822,False,normal,96,103,6475,9888,AB-/cluster_5_281.BMP,AB-
/Users/a75027/Desktop/compsci 760/datasets/AB-/cluster_5_2814.BMP,ok,0.7401901294498382,74.01901294498381,False,normal,96,103,7319,9888,AB-/cluster_5_2814.BMP,AB-
/Users/a75027/Desktop/compsci 760/datasets/AB-/cluster_5_2823.BMP,ok,0.8127022653721683,81.27022653721683,False,normal,96,103,8036,9888,AB-/cluster_5_2823.BMP,AB-
/Users/a75027/Desktop/compsci 760/datasets/AB-/cluster_5_2825.BMP,ok,0.841626213592233,84.1626213592233,False,normal,96,103,8322,9888,AB-/cluster_5_2825.BMP,AB-
/Users/a75027/Desktop/compsci 760/datasets/AB-/cluster_5_2830.BMP,ok,0.7756877022653722,77.56877022653723,False,normal,96,103,7670,9888,AB-/cluster_5_2830.BMP,AB-
/Users/a75027/Desktop/compsci 760/datasets/AB-/cluster_5_2835.BMP,ok,0.8044093851132686,80.44093851132686,False,normal,96,103,7954,9888,AB-/cluster_5_2835.BMP,AB-
/Users/a75027/Desktop/compsci 760/datasets/AB-/cluster_5_2869.BMP,ok,0.7631472491909385,76.31472491909385,False,normal,96,103,7546,9888,AB-/cluster_5_2869.BMP,AB-
/Users/a75027/Desktop/compsci 760/datasets/AB-/cluster_5_2886.BMP,ok,0.5686178952351778,56.86178952351778,False,normal,241,298,40837,71818,AB-/cluster_5_2886.BMP,AB-
/Users/a75027/Desktop/compsci 760/datasets/AB-/cluster_5_2890.BMP,ok,0.8575040453074434,85.75040453074433,False,normal,96,103,8479,9888,AB-/cluster_5_2890.BMP,AB-
/Users/a75027/Desktop/compsci 760/datasets/AB-/cluster_5_2893.BMP,ok,0.7674959546925566,76.74959546925567,False,normal,96,103,7589,9888,AB-/cluster_5_2893.BMP,AB-
/Users/a75027/Desktop/compsci 760/datasets/AB-/cluster_5_2898.BMP,ok,0.7111650485436893,71.11650485436894,False,normal,96,103,7032,9888,AB-/cluster_5_2898.BMP,AB-
/Users/a75027/Desktop/compsci 760/datasets/AB-/cluster_5_2899.BMP,ok,0.8031957928802589,80.31957928802589,False,normal,96,103,7942,9888,AB-/cluster_5_2899.BMP,AB-
/Users/a75027/Desktop/compsci 760/datasets/AB-/cluster_5_2905.BMP,ok,0.8631674757281553,86.31674757281553,False,normal,96,103,8535,9888,AB-/cluster_5_2905.BMP,AB-
/Users/a75027/Desktop/compsci 760/datasets/AB-/cluster_5_2907.BMP,ok,0.5526901294498382,55.26901294498382,False,normal,96,103,5465,9888,AB-/cluster_5_2907.BMP,AB-
/Users/a75027/Desktop/compsci 760/datasets/AB-/cluster_5_2914.BMP,ok,0.7318972491909385,73.18972491909385,False,normal,96,103,7237,9888,AB-/cluster_5_2914.BMP,AB-
/Users/a75027/Desktop/compsci 760/datasets/AB-/cluster_5_2921.BMP,ok,0.4808859223300971,48.088592233009706,False,normal,96,103,4755,9888,AB-/cluster_5_2921.BMP,AB-
/Users/a75027/Desktop/compsci 760/datasets/AB-/cluster_5_2925.BMP,ok,0.7235032362459547,72.35032362459548,False,normal,96,103,7154,9888,AB-/cluster_5_2925.BMP,AB-
/Users/a75027/Desktop/compsci 760/datasets/AB-/cluster_5_293.BMP,ok,0.6911407766990292,69.11407766990291,False,normal,96,103,6834,9888,AB-/cluster_5_293.BMP,AB-
/Users/a75027/Desktop/compsci 760/datasets/AB-/cluster_5_294.BMP,ok,0.8152305825242718,81.52305825242718,False,normal,96,103,8061,9888,AB-/cluster_5_294.BMP,AB-
/Users/a75027/Desktop/compsci 760/datasets/AB-/cluster_5_2958.BMP,ok,0.89917071197411,89.917071197411,False,normal,96,103,8891,9888,AB-/cluster_5_2958.BMP,AB-
/Users/a75027/Desktop/compsci 760/datasets/AB-/cluster_5_2969.BMP,ok,0.7850930420711975,78.50930420711974,False,normal,96,103,7763,9888,AB-/cluster_5_2969.BMP,AB-
/Users/a75027/Desktop/compsci 760/datasets/AB-/cluster_5_2975.BMP,ok,0.7554611650485437,75.54611650485437,False,normal,96,103,7470,9888,AB-/cluster_5_2975.BMP,AB-
/Users/a75027/Desktop/compsci 760/datasets/AB-/cluster_5_2989.BMP,ok,0.7640574433656958,76.40574433656958,False,normal,96,103,7555,9888,AB-/cluster_5_2989.BMP,AB-
/Users/a75027/Desktop/compsci 760/datasets/AB-/cluster_5_299.BMP,ok,0.8029935275080906,80.29935275080906,False,normal,96,103,7940,9888,AB-/cluster_5_299.BMP,AB-
/Users/a75027/Desktop/compsci 760/datasets/AB-/cluster_5_2993.BMP,ok,0.7624393203883495,76.24393203883496,False,normal,96,103,7539,9888,AB-/cluster_5_2993.BMP,AB-
/Users/a75027/Desktop/compsci 760/datasets/AB-/cluster_5_2999.BMP,ok,1.0,100.0,True,coverage_too_high,96,103,9888,9888,AB-/cluster_5_2999.BMP,AB-
/Users/a75027/Desktop/compsci 760/datasets/AB-/cluster_5_3007.BMP,ok,0.8321197411003236,83.21197411003236,False,normal,96,103,8228,9888,AB-/cluster_5_3007.BMP,AB-
/Users/a75027/Desktop/compsci 760/datasets/AB-/cluster_5_3008.BMP,ok,0.7977346278317152,79.77346278317152,False,normal,96,103,7888,9888,AB-/cluster_5_3008.BMP,AB-
/Users/a75027/Desktop/compsci 760/datasets/AB-/cluster_5_3051.BMP,ok,0.7553600323624595,75.53600323624595,False,normal,96,103,7469,9888,AB-/cluster_5_3051.BMP,AB-
/Users/a75027/Desktop/compsci 760/datasets/AB-/cluster_5_3057.BMP,ok,1.0,100.0,True,coverage_too_high,96,103,9888,9888,AB-/cluster_5_3057.BMP,AB-
/Users/a75027/Desktop/compsci 760/datasets/AB-/cluster_5_3063.BMP,ok,0.7821601941747572,78.21601941747572,False,normal,96,103,7734,9888,AB-/cluster_5_3063.BMP,AB-
/Users/a75027/Desktop/compsci 760/datasets/AB-/cluster_5_3074.BMP,ok,0.7533373786407767,75.33373786407766,False,normal,96,103,7449,9888,AB-/cluster_5_3074.BMP,AB-
/Users/a75027/Desktop/compsci 760/datasets/AB-/cluster_5_3080.BMP,ok,0.7905542071197411,79.05542071197411,False,normal,96,103,7817,9888,AB-/cluster_5_3080.BMP,AB-
/Users/a75027/Desktop/compsci 760/datasets/AB-/cluster_5_3082.BMP,ok,0.7458535598705501,74.58535598705501,False,normal,96,103,7375,9888,AB-/cluster_5_3082.BMP,AB-
/Users/a75027/Desktop/compsci 760/datasets/AB-/cluster_5_31.BMP,ok,0.7743729773462783,77.43729773462783,False,normal,96,103,7657,9888,AB-/cluster_5_31.BMP,AB-
/Users/a75027/Desktop/compsci 760/datasets/AB-/cluster_5_312.BMP,ok,0.8218042071197411,82.18042071197411,False,normal,96,103,8126,9888,AB-/cluster_5_312.BMP,AB-
/Users/a75027/Desktop/compsci 760/datasets/AB-/cluster_5_3129.BMP,ok,0.8109830097087378,81.09830097087378,False,normal,96,103,8019,9888,AB-/cluster_5_3129.BMP,AB-
/Users/a75027/Desktop/compsci 760/datasets/AB-/cluster_5_3135.BMP,ok,0.7418082524271845,74.18082524271846,False,normal,96,103,7335,9888,AB-/cluster_5_3135.BMP,AB-
/Users/a75027/Desktop/compsci 760/datasets/AB-/cluster_5_314.BMP,ok,0.7557645631067961,75.5764563106796,False,normal,96,103,7473,9888,AB-/cluster_5_314.BMP,AB-
/Users/a75027/Desktop/compsci 760/datasets/AB-/cluster_5_315.BMP,ok,0.8389967637540453,83.89967637540452,False,normal,96,103,8296,9888,AB-/cluster_5_315.BMP,AB-
/Users/a75027/Desktop/compsci 760/datasets/AB-/cluster_5_3157.BMP,ok,0.779126213592233,77.9126213592233,False,normal,96,103,7704,9888,AB-/cluster_5_3157.BMP,AB-
/Users/a75027/Desktop/compsci 760/datasets/AB-/cluster_5_317.BMP,ok,0.7942961165048543,79.42961165048543,False,normal,96,103,7854,9888,AB-/cluster_5_317.BMP,AB-
/Users/a75027/Desktop/compsci 760/datasets/AB-/cluster_5_318.BMP,ok,0.8277710355987055,82.77710355987054,False,normal,96,103,8185,9888,AB-/cluster_5_318.BMP,AB-
/Users/a75027/Desktop/compsci 760/datasets/AB-/cluster_5_3182.BMP,ok,0.814623786407767,81.4623786407767,False,normal,96,103,8055,9888,AB-/cluster_5_3182.BMP,AB-
/Users/a75027/Desktop/compsci 760/datasets/AB-/cluster_5_3188.BMP,ok,0.8094660194174758,80.94660194174757,False,normal,96,103,8004,9888,AB-/cluster_5_3188.BMP,AB-
/Users/a75027/Desktop/compsci 760/datasets/AB-/cluster_5_3192.BMP,ok,0.8656957928802589,86.56957928802589,False,normal,96,103,8560,9888,AB-/cluster_5_3192.BMP,AB-
/Users/a75027/Desktop/compsci 760/datasets/AB-/cluster_5_3197.BMP,ok,1.0,100.0,True,coverage_too_high,96,103,9888,9888,AB-/cluster_5_3197.BMP,AB-
/Users/a75027/Desktop/compsci 760/datasets/AB-/cluster_5_3204.BMP,ok,0.7618325242718447,76.18325242718447,False,normal,96,103,7533,9888,AB-/cluster_5_3204.BMP,AB-
/Users/a75027/Desktop/compsci 760/datasets/AB-/cluster_5_3247.BMP,ok,0.7794296116504854,77.94296116504854,False,normal,96,103,7707,9888,AB-/cluster_5_3247.BMP,AB-
/Users/a75027/Desktop/compsci 760/datasets/AB-/cluster_5_3266.BMP,ok,0.8753033980582524,87.53033980582524,False,normal,96,103,8655,9888,AB-/cluster_5_3266.BMP,AB-
/Users/a75027/Desktop/compsci 760/datasets/AB-/cluster_5_3268.BMP,ok,0.7986448220064725,79.86448220064725,False,normal,96,103,7897,9888,AB-/cluster_5_3268.BMP,AB-
/Users/a75027/Desktop/compsci 760/datasets/AB-/cluster_5_3273.BMP,ok,0.6478559870550162,64.78559870550163,False,normal,96,103,6406,9888,AB-/cluster_5_3273.BMP,AB-
/Users/a75027/Desktop/compsci 760/datasets/AB-/cluster_5_3277.BMP,ok,0.7714401294498382,77.14401294498381,False,normal,96,103,7628,9888,AB-/cluster_5_3277.BMP,AB-
/Users/a75027/Desktop/compsci 760/datasets/AB-/cluster_5_3282.BMP,ok,0.7899474110032363,78.99474110032362,False,normal,96,103,7811,9888,AB-/cluster_5_3282.BMP,AB-
/Users/a75027/Desktop/compsci 760/datasets/AB-/cluster_5_3294.BMP,ok,0.7979368932038835,79.79368932038835,False,normal,96,103,7890,9888,AB-/cluster_5_3294.BMP,AB-
/Users/a75027/Desktop/compsci 760/datasets/AB-/cluster_5_330.BMP,ok,0.7482807443365695,74.82807443365695,False,normal,96,103,7399,9888,AB-/cluster_5_330.BMP,AB-
/Users/a75027/Desktop/compsci 760/datasets/AB-/cluster_5_3304.BMP,ok,0.7498988673139159,74.98988673139159,False,normal,96,103,7415,9888,AB-/cluster_5_3304.BMP,AB-
/Users/a75027/Desktop/compsci 760/datasets/AB-/cluster_5_3306.BMP,ok,0.6598907766990292,65.98907766990291,False,normal,96,103,6525,9888,AB-/cluster_5_3306.BMP,AB-
/Users/a75027/Desktop/compsci 760/datasets/AB-/cluster_5_3310.BMP,ok,0.8008697411003236,80.08697411003236,False,normal,96,103,7919,9888,AB-/cluster_5_3310.BMP,AB-
/Users/a75027/Desktop/compsci 760/datasets/AB-/cluster_5_3312.BMP,ok,0.7505056634304207,75.05056634304206,False,normal,96,103,7421,9888,AB-/cluster_5_3312.BMP,AB-
/Users/a75027/Desktop/compsci 760/datasets/AB-/cluster_5_332.BMP,ok,0.8774271844660194,87.74271844660194,False,normal,96,103,8676,9888,AB-/cluster_5_332.BMP,AB-
/Users/a75027/Desktop/compsci 760/datasets/AB-/cluster_5_3320.BMP,ok,0.7134911003236246,71.34911003236246,False,normal,96,103,7055,9888,AB-/cluster_5_3320.BMP,AB-
/Users/a75027/Desktop/compsci 760/datasets/AB-/cluster_5_3327.BMP,ok,0.7772046925566343,77.72046925566343,False,normal,96,103,7685,9888,AB-/cluster_5_3327.BMP,AB-
/Users/a75027/Desktop/compsci 760/datasets/AB-/cluster_5_3333.BMP,ok,0.8183656957928802,81.83656957928802,False,normal,96,103,8092,9888,AB-/cluster_5_3333.BMP,AB-
/Users/a75027/Desktop/compsci 760/datasets/AB-/cluster_5_3369.BMP,ok,0.75707928802589,75.707928802589,False,normal,96,103,7486,9888,AB-/cluster_5_3369.BMP,AB-
/Users/a75027/Desktop/compsci 760/datasets/AB-/cluster_5_3374.BMP,ok,0.8567961165048543,85.67961165048543,False,normal,96,103,8472,9888,AB-/cluster_5_3374.BMP,AB-
/Users/a75027/Desktop/compsci 760/datasets/AB-/cluster_5_3380.BMP,ok,0.6467435275080906,64.67435275080906,False,normal,96,103,6395,9888,AB-/cluster_5_3380.BMP,AB-
/Users/a75027/Desktop/compsci 760/datasets/AB-/cluster_5_3382.BMP,ok,0.7797330097087378,77.97330097087378,False,normal,96,103,7710,9888,AB-/cluster_5_3382.BMP,AB-
/Users/a75027/Desktop/compsci 760/datasets/AB-/cluster_5_3383.BMP,ok,0.8037014563106796,80.37014563106796,False,normal,96,103,7947,9888,AB-/cluster_5_3383.BMP,AB-
/Users/a75027/Desktop/compsci 760/datasets/AB-/cluster_5_3388.BMP,ok,1.0,100.0,True,coverage_too_high,96,103,9888,9888,AB-/cluster_5_3388.BMP,AB-
/Users/a75027/Desktop/compsci 760/datasets/AB-/cluster_5_3389.BMP,ok,0.7268406148867314,72.68406148867314,False,normal,96,103,7187,9888,AB-/cluster_5_3389.BMP,AB-
/Users/a75027/Desktop/compsci 760/datasets/AB-/cluster_5_3401.BMP,ok,0.811792071197411,81.17920711974111,False,normal,96,103,8027,9888,AB-/cluster_5_3401.BMP,AB-
/Users/a75027/Desktop/compsci 760/datasets/AB-/cluster_5_341.BMP,ok,0.7981391585760518,79.81391585760518,False,normal,96,103,7892,9888,AB-/cluster_5_341.BMP,AB-
/Users/a75027/Desktop/compsci 760/datasets/AB-/cluster_5_3417.BMP,ok,0.8231189320388349,82.31189320388349,False,normal,96,103,8139,9888,AB-/cluster_5_3417.BMP,AB-
/Users/a75027/Desktop/compsci 760/datasets/AB-/cluster_5_3418.BMP,ok,0.8341423948220065,83.41423948220064,False,normal,96,103,8248,9888,AB-/cluster_5_3418.BMP,AB-
/Users/a75027/Desktop/compsci 760/datasets/AB-/cluster_5_3420.BMP,ok,0.8655946601941747,86.55946601941747,False,normal,96,103,8559,9888,AB-/cluster_5_3420.BMP,AB-
/Users/a75027/Desktop/compsci 760/datasets/AB-/cluster_5_3426.BMP,ok,0.432328942604918,43.2328942604918,False,normal,241,298,31049,71818,AB-/cluster_5_3426.BMP,AB-
/Users/a75027/Desktop/compsci 760/datasets/AB-/cluster_5_3430.BMP,ok,0.8835962783171522,88.35962783171522,False,normal,96,103,8737,9888,AB-/cluster_5_3430.BMP,AB-
/Users/a75027/Desktop/compsci 760/datasets/AB-/cluster_5_346.BMP,ok,0.7780137540453075,77.80137540453075,False,normal,96,103,7693,9888,AB-/cluster_5_346.BMP,AB-
/Users/a75027/Desktop/compsci 760/datasets/AB-/cluster_5_3468.BMP,ok,0.6220671521035599,62.20671521035599,False,normal,96,103,6151,9888,AB-/cluster_5_3468.BMP,AB-
/Users/a75027/Desktop/compsci 760/datasets/AB-/cluster_5_3476.BMP,ok,0.8669093851132686,86.69093851132686,False,normal,96,103,8572,9888,AB-/cluster_5_3476.BMP,AB-
/Users/a75027/Desktop/compsci 760/datasets/AB-/cluster_5_3480.BMP,ok,0.8864279935275081,88.64279935275081,False,normal,96,103,8765,9888,AB-/cluster_5_3480.BMP,AB-
/Users/a75027/Desktop/compsci 760/datasets/AB-/cluster_5_3488.BMP,ok,0.7860032362459547,78.60032362459548,False,normal,96,103,7772,9888,AB-/cluster_5_3488.BMP,AB-
/Users/a75027/Desktop/compsci 760/datasets/AB-/cluster_5_3491.BMP,ok,0.7032766990291263,70.32766990291263,False,normal,96,103,6954,9888,AB-/cluster_5_3491.BMP,AB-
/Users/a75027/Desktop/compsci 760/datasets/AB-/cluster_5_3494.BMP,ok,0.7891383495145631,78.91383495145631,False,normal,96,103,7803,9888,AB-/cluster_5_3494.BMP,AB-
/Users/a75027/Desktop/compsci 760/datasets/AB-/cluster_5_3497.BMP,ok,1.0,100.0,True,coverage_too_high,96,103,9888,9888,AB-/cluster_5_3497.BMP,AB-
/Users/a75027/Desktop/compsci 760/datasets/AB-/cluster_5_3508.BMP,ok,0.7936893203883495,79.36893203883496,False,normal,96,103,7848,9888,AB-/cluster_5_3508.BMP,AB-
/Users/a75027/Desktop/compsci 760/datasets/AB-/cluster_5_3516.BMP,ok,0.7446399676375405,74.46399676375405,False,normal,96,103,7363,9888,AB-/cluster_5_3516.BMP,AB-
/Users/a75027/Desktop/compsci 760/datasets/AB-/cluster_5_3517.BMP,ok,0.8262540453074434,82.62540453074433,False,normal,96,103,8170,9888,AB-/cluster_5_3517.BMP,AB-
/Users/a75027/Desktop/compsci 760/datasets/AB-/cluster_5_352.BMP,ok,0.86084142394822,86.08414239482201,False,normal,96,103,8512,9888,AB-/cluster_5_352.BMP,AB-
/Users/a75027/Desktop/compsci 760/datasets/AB-/cluster_5_353.BMP,ok,0.8339401294498382,83.39401294498381,False,normal,96,103,8246,9888,AB-/cluster_5_353.BMP,AB-
/Users/a75027/Desktop/compsci 760/datasets/AB-/cluster_5_3538.BMP,ok,0.7865088996763754,78.65088996763754,False,normal,96,103,7777,9888,AB-/cluster_5_3538.BMP,AB-
/Users/a75027/Desktop/compsci 760/datasets/AB-/cluster_5_3541.BMP,ok,0.8100728155339806,81.00728155339806,False,normal,96,103,8010,9888,AB-/cluster_5_3541.BMP,AB-
/Users/a75027/Desktop/compsci 760/datasets/AB-/cluster_5_3543.BMP,ok,0.7909587378640777,79.09587378640776,False,normal,96,103,7821,9888,AB-/cluster_5_3543.BMP,AB-
/Users/a75027/Desktop/compsci 760/datasets/AB-/cluster_5_3546.BMP,ok,0.8689320388349514,86.89320388349515,False,normal,96,103,8592,9888,AB-/cluster_5_3546.BMP,AB-
/Users/a75027/Desktop/compsci 760/datasets/AB-/cluster_5_3554.BMP,ok,0.7534385113268608,75.34385113268608,False,normal,96,103,7450,9888,AB-/cluster_5_3554.BMP,AB-
/Users/a75027/Desktop/compsci 760/datasets/AB-/cluster_5_3571.BMP,ok,0.7836771844660194,78.36771844660194,False,normal,96,103,7749,9888,AB-/cluster_5_3571.BMP,AB-
/Users/a75027/Desktop/compsci 760/datasets/AB-/cluster_5_3573.BMP,ok,0.8168487055016181,81.68487055016182,False,normal,96,103,8077,9888,AB-/cluster_5_3573.BMP,AB-
/Users/a75027/Desktop/compsci 760/datasets/AB-/cluster_5_3597.BMP,ok,0.7877224919093851,78.77224919093851,False,normal,96,103,7789,9888,AB-/cluster_5_3597.BMP,AB-
/Users/a75027/Desktop/compsci 760/datasets/AB-/cluster_5_3601.BMP,ok,0.7504045307443366,75.04045307443366,False,normal,96,103,7420,9888,AB-/cluster_5_3601.BMP,AB-
/Users/a75027/Desktop/compsci 760/datasets/AB-/cluster_5_3617.BMP,ok,0.7191545307443366,71.91545307443366,False,normal,96,103,7111,9888,AB-/cluster_5_3617.BMP,AB-
/Users/a75027/Desktop/compsci 760/datasets/AB-/cluster_5_3622.BMP,ok,0.7505056634304207,75.05056634304206,False,normal,96,103,7421,9888,AB-/cluster_5_3622.BMP,AB-
/Users/a75027/Desktop/compsci 760/datasets/AB-/cluster_5_3627.BMP,ok,0.6827467637540453,68.27467637540452,False,normal,96,103,6751,9888,AB-/cluster_5_3627.BMP,AB-
/Users/a75027/Desktop/compsci 760/datasets/AB-/cluster_5_3644.BMP,ok,0.747168284789644,74.7168284789644,False,normal,96,103,7388,9888,AB-/cluster_5_3644.BMP,AB-
/Users/a75027/Desktop/compsci 760/datasets/AB-/cluster_5_3645.BMP,ok,0.801779935275081,80.1779935275081,False,normal,96,103,7928,9888,AB-/cluster_5_3645.BMP,AB-
/Users/a75027/Desktop/compsci 760/datasets/AB-/cluster_5_3654.BMP,ok,0.7681027508090615,76.81027508090615,False,normal,96,103,7595,9888,AB-/cluster_5_3654.BMP,AB-
/Users/a75027/Desktop/compsci 760/datasets/AB-/cluster_5_366.BMP,ok,1.0,100.0,True,coverage_too_high,96,103,9888,9888,AB-/cluster_5_366.BMP,AB-
/Users/a75027/Desktop/compsci 760/datasets/AB-/cluster_5_3666.BMP,ok,0.7809466019417476,78.09466019417476,False,normal,96,103,7722,9888,AB-/cluster_5_3666.BMP,AB-
/Users/a75027/Desktop/compsci 760/datasets/AB-/cluster_5_3670.BMP,ok,0.8931027508090615,89.31027508090615,False,normal,96,103,8831,9888,AB-/cluster_5_3670.BMP,AB-
/Users/a75027/Desktop/compsci 760/datasets/AB-/cluster_5_3681.BMP,ok,0.7766990291262136,77.66990291262135,False,normal,96,103,7680,9888,AB-/cluster_5_3681.BMP,AB-
/Users/a75027/Desktop/compsci 760/datasets/AB-/cluster_5_3682.BMP,ok,0.696703074433657,69.6703074433657,False,normal,96,103,6889,9888,AB-/cluster_5_3682.BMP,AB-
/Users/a75027/Desktop/compsci 760/datasets/AB-/cluster_5_3696.BMP,ok,0.7907564724919094,79.07564724919094,False,normal,96,103,7819,9888,AB-/cluster_5_3696.BMP,AB-
/Users/a75027/Desktop/compsci 760/datasets/AB-/cluster_5_3713.BMP,ok,0.7107605177993528,71.07605177993528,False,normal,96,103,7028,9888,AB-/cluster_5_3713.BMP,AB-
/Users/a75027/Desktop/compsci 760/datasets/AB-/cluster_5_3717.BMP,ok,0.767799352750809,76.7799352750809,False,normal,96,103,7592,9888,AB-/cluster_5_3717.BMP,AB-
/Users/a75027/Desktop/compsci 760/datasets/AB-/cluster_5_3720.BMP,ok,0.7895428802588996,78.95428802588997,False,normal,96,103,7807,9888,AB-/cluster_5_3720.BMP,AB-
/Users/a75027/Desktop/compsci 760/datasets/AB-/cluster_5_3721.BMP,ok,0.8105784789644013,81.05784789644012,False,normal,96,103,8015,9888,AB-/cluster_5_3721.BMP,AB-
/Users/a75027/Desktop/compsci 760/datasets/AB-/cluster_5_3724.BMP,ok,0.7220873786407767,72.20873786407766,False,normal,96,103,7140,9888,AB-/cluster_5_3724.BMP,AB-
/Users/a75027/Desktop/compsci 760/datasets/AB-/cluster_5_3738.BMP,ok,0.8114886731391586,81.14886731391586,False,normal,96,103,8024,9888,AB-/cluster_5_3738.BMP,AB-
/Users/a75027/Desktop/compsci 760/datasets/AB-/cluster_5_3740.BMP,ok,0.810376213592233,81.0376213592233,False,normal,96,103,8013,9888,AB-/cluster_5_3740.BMP,AB-
/Users/a75027/Desktop/compsci 760/datasets/AB-/cluster_5_3748.BMP,ok,0.7206715210355987,72.06715210355988,False,normal,96,103,7126,9888,AB-/cluster_5_3748.BMP,AB-
/Users/a75027/Desktop/compsci 760/datasets/AB-/cluster_5_3760.BMP,ok,0.5785800970873787,57.85800970873787,False,normal,96,103,5721,9888,AB-/cluster_5_3760.BMP,AB-
/Users/a75027/Desktop/compsci 760/datasets/AB-/cluster_5_3766.BMP,ok,0.7235032362459547,72.35032362459548,False,normal,96,103,7154,9888,AB-/cluster_5_3766.BMP,AB-
/Users/a75027/Desktop/compsci 760/datasets/AB-/cluster_5_3769.BMP,ok,0.7293689320388349,72.93689320388349,False,normal,96,103,7212,9888,AB-/cluster_5_3769.BMP,AB-
/Users/a75027/Desktop/compsci 760/datasets/AB-/cluster_5_3789.BMP,ok,0.7527305825242718,75.27305825242718,False,normal,96,103,7443,9888,AB-/cluster_5_3789.BMP,AB-
/Users/a75027/Desktop/compsci 760/datasets/AB-/cluster_5_3796.BMP,ok,0.811792071197411,81.17920711974111,False,normal,96,103,8027,9888,AB-/cluster_5_3796.BMP,AB-
/Users/a75027/Desktop/compsci 760/datasets/AB-/cluster_5_3804.BMP,ok,0.7083333333333334,70.83333333333334,False,normal,96,103,7004,9888,AB-/cluster_5_3804.BMP,AB-
/Users/a75027/Desktop/compsci 760/datasets/AB-/cluster_5_3808.BMP,ok,0.7806432038834952,78.06432038834951,False,normal,96,103,7719,9888,AB-/cluster_5_3808.BMP,AB-
/Users/a75027/Desktop/compsci 760/datasets/AB-/cluster_5_3818.BMP,ok,0.8470873786407767,84.70873786407766,False,normal,96,103,8376,9888,AB-/cluster_5_3818.BMP,AB-
/Users/a75027/Desktop/compsci 760/datasets/AB-/cluster_5_382.BMP,ok,0.8068365695792881,80.6836569579288,False,normal,96,103,7978,9888,AB-/cluster_5_382.BMP,AB-
/Users/a75027/Desktop/compsci 760/datasets/AB-/cluster_5_3820.BMP,ok,0.8445590614886731,84.45590614886731,False,normal,96,103,8351,9888,AB-/cluster_5_3820.BMP,AB-
/Users/a75027/Desktop/compsci 760/datasets/AB-/cluster_5_3823.BMP,ok,0.8435477346278317,84.35477346278317,False,normal,96,103,8341,9888,AB-/cluster_5_3823.BMP,AB-
/Users/a75027/Desktop/compsci 760/datasets/AB-/cluster_5_3824.BMP,ok,0.7470671521035599,74.706715210356,False,normal,96,103,7387,9888,AB-/cluster_5_3824.BMP,AB-
/Users/a75027/Desktop/compsci 760/datasets/AB-/cluster_5_3837.BMP,ok,0.8788430420711975,87.88430420711974,False,normal,96,103,8690,9888,AB-/cluster_5_3837.BMP,AB-
/Users/a75027/Desktop/compsci 760/datasets/AB-/cluster_5_3838.BMP,ok,0.7877224919093851,78.77224919093851,False,normal,96,103,7789,9888,AB-/cluster_5_3838.BMP,AB-
/Users/a75027/Desktop/compsci 760/datasets/AB-/cluster_5_384.BMP,ok,0.7595064724919094,75.95064724919094,False,normal,96,103,7510,9888,AB-/cluster_5_384.BMP,AB-
/Users/a75027/Desktop/compsci 760/datasets/AB-/cluster_5_3848.BMP,ok,0.7246156957928802,72.46156957928802,False,normal,96,103,7165,9888,AB-/cluster_5_3848.BMP,AB-
/Users/a75027/Desktop/compsci 760/datasets/AB-/cluster_5_3891.BMP,ok,0.7627427184466019,76.27427184466019,False,normal,96,103,7542,9888,AB-/cluster_5_3891.BMP,AB-
/Users/a75027/Desktop/compsci 760/datasets/AB-/cluster_5_3893.BMP,ok,0.7624393203883495,76.24393203883496,False,normal,96,103,7539,9888,AB-/cluster_5_3893.BMP,AB-
/Users/a75027/Desktop/compsci 760/datasets/AB-/cluster_5_3897.BMP,ok,0.7890372168284789,78.90372168284789,False,normal,96,103,7802,9888,AB-/cluster_5_3897.BMP,AB-
/Users/a75027/Desktop/compsci 760/datasets/AB-/cluster_5_3902.BMP,ok,0.8252427184466019,82.52427184466019,False,normal,96,103,8160,9888,AB-/cluster_5_3902.BMP,AB-
/Users/a75027/Desktop/compsci 760/datasets/AB-/cluster_5_3903.BMP,ok,0.6161003236245954,61.61003236245954,False,normal,96,103,6092,9888,AB-/cluster_5_3903.BMP,AB-
/Users/a75027/Desktop/compsci 760/datasets/AB-/cluster_5_3905.BMP,ok,0.7766990291262136,77.66990291262135,False,normal,96,103,7680,9888,AB-/cluster_5_3905.BMP,AB-
/Users/a75027/Desktop/compsci 760/datasets/AB-/cluster_5_3908.BMP,ok,0.8265574433656958,82.65574433656958,False,normal,96,103,8173,9888,AB-/cluster_5_3908.BMP,AB-
/Users/a75027/Desktop/compsci 760/datasets/AB-/cluster_5_3909.BMP,ok,0.7622370550161812,76.22370550161813,False,normal,96,103,7537,9888,AB-/cluster_5_3909.BMP,AB-
/Users/a75027/Desktop/compsci 760/datasets/AB-/cluster_5_3911.BMP,ok,0.6975121359223301,69.75121359223301,False,normal,96,103,6897,9888,AB-/cluster_5_3911.BMP,AB-
/Users/a75027/Desktop/compsci 760/datasets/AB-/cluster_5_3928.BMP,ok,0.5945590614886731,59.455906148867314,False,normal,96,103,5879,9888,AB-/cluster_5_3928.BMP,AB-
/Users/a75027/Desktop/compsci 760/datasets/AB-/cluster_5_3929.BMP,ok,0.899878640776699,89.9878640776699,False,normal,96,103,8898,9888,AB-/cluster_5_3929.BMP,AB-
/Users/a75027/Desktop/compsci 760/datasets/AB-/cluster_5_3935.BMP,ok,0.6904328478964401,69.043284789644,False,normal,96,103,6827,9888,AB-/cluster_5_3935.BMP,AB-
/Users/a75027/Desktop/compsci 760/datasets/AB-/cluster_5_3944.BMP,ok,0.674656148867314,67.4656148867314,False,normal,96,103,6671,9888,AB-/cluster_5_3944.BMP,AB-
/Users/a75027/Desktop/compsci 760/datasets/AB-/cluster_5_3954.BMP,ok,0.3193770226537217,31.93770226537217,False,normal,96,103,3158,9888,AB-/cluster_5_3954.BMP,AB-
/Users/a75027/Desktop/compsci 760/datasets/AB-/cluster_5_396.BMP,ok,0.7288632686084142,72.88632686084142,False,normal,96,103,7207,9888,AB-/cluster_5_396.BMP,AB-
/Users/a75027/Desktop/compsci 760/datasets/AB-/cluster_5_3975.BMP,ok,0.8256472491909385,82.56472491909385,False,normal,96,103,8164,9888,AB-/cluster_5_3975.BMP,AB-
/Users/a75027/Desktop/compsci 760/datasets/AB-/cluster_5_3976.BMP,ok,0.828782362459547,82.8782362459547,False,normal,96,103,8195,9888,AB-/cluster_5_3976.BMP,AB-
/Users/a75027/Desktop/compsci 760/datasets/AB-/cluster_5_3977.BMP,ok,0.7794296116504854,77.94296116504854,False,normal,96,103,7707,9888,AB-/cluster_5_3977.BMP,AB-
/Users/a75027/Desktop/compsci 760/datasets/AB-/cluster_5_398.BMP,ok,0.8173543689320388,81.73543689320388,False,normal,96,103,8082,9888,AB-/cluster_5_398.BMP,AB-
/Users/a75027/Desktop/compsci 760/datasets/AB-/cluster_5_3981.BMP,ok,0.7945995145631068,79.45995145631069,False,normal,96,103,7857,9888,AB-/cluster_5_3981.BMP,AB-
/Users/a75027/Desktop/compsci 760/datasets/AB-/cluster_5_3982.BMP,ok,0.8142192556634305,81.42192556634305,False,normal,96,103,8051,9888,AB-/cluster_5_3982.BMP,AB-
/Users/a75027/Desktop/compsci 760/datasets/AB-/cluster_5_4004.BMP,ok,0.6621156957928802,66.21156957928802,False,normal,96,103,6547,9888,AB-/cluster_5_4004.BMP,AB-
/Users/a75027/Desktop/compsci 760/datasets/AB-/cluster_5_4015.BMP,ok,0.8000606796116505,80.00606796116504,False,normal,96,103,7911,9888,AB-/cluster_5_4015.BMP,AB-
/Users/a75027/Desktop/compsci 760/datasets/AB-/cluster_5_4029.BMP,ok,0.794700647249191,79.4700647249191,False,normal,96,103,7858,9888,AB-/cluster_5_4029.BMP,AB-
/Users/a75027/Desktop/compsci 760/datasets/AB-/cluster_5_4032.BMP,ok,0.7756877022653722,77.56877022653723,False,normal,96,103,7670,9888,AB-/cluster_5_4032.BMP,AB-
/Users/a75027/Desktop/compsci 760/datasets/AB-/cluster_5_4033.BMP,ok,0.5158778317152104,51.58778317152104,False,normal,96,103,5101,9888,AB-/cluster_5_4033.BMP,AB-
/Users/a75027/Desktop/compsci 760/datasets/AB-/cluster_5_4037.BMP,ok,0.768406148867314,76.8406148867314,False,normal,96,103,7598,9888,AB-/cluster_5_4037.BMP,AB-
/Users/a75027/Desktop/compsci 760/datasets/AB-/cluster_5_4051.BMP,ok,0.7560679611650486,75.60679611650485,False,normal,96,103,7476,9888,AB-/cluster_5_4051.BMP,AB-
/Users/a75027/Desktop/compsci 760/datasets/AB-/cluster_5_4063.BMP,ok,0.7961165048543689,79.6116504854369,False,normal,96,103,7872,9888,AB-/cluster_5_4063.BMP,AB-
/Users/a75027/Desktop/compsci 760/datasets/AB-/cluster_5_4064.BMP,ok,0.7368527508090615,73.68527508090615,False,normal,96,103,7286,9888,AB-/cluster_5_4064.BMP,AB-
/Users/a75027/Desktop/compsci 760/datasets/AB-/cluster_5_4072.BMP,ok,0.8143203883495146,81.43203883495146,False,normal,96,103,8052,9888,AB-/cluster_5_4072.BMP,AB-
/Users/a75027/Desktop/compsci 760/datasets/AB-/cluster_5_4080.BMP,ok,0.8597289644012945,85.97289644012946,False,normal,96,103,8501,9888,AB-/cluster_5_4080.BMP,AB-
/Users/a75027/Desktop/compsci 760/datasets/AB-/cluster_5_4087.BMP,ok,0.7463592233009708,74.63592233009709,False,normal,96,103,7380,9888,AB-/cluster_5_4087.BMP,AB-
/Users/a75027/Desktop/compsci 760/datasets/AB-/cluster_5_4089.BMP,ok,0.7126820388349514,71.26820388349515,False,normal,96,103,7047,9888,AB-/cluster_5_4089.BMP,AB-
/Users/a75027/Desktop/compsci 760/datasets/AB-/cluster_5_4092.BMP,ok,0.7394822006472492,73.94822006472492,False,normal,96,103,7312,9888,AB-/cluster_5_4092.BMP,AB-
/Users/a75027/Desktop/compsci 760/datasets/AB-/cluster_5_4098.BMP,ok,0.797532362459547,79.7532362459547,False,normal,96,103,7886,9888,AB-/cluster_5_4098.BMP,AB-
/Users/a75027/Desktop/compsci 760/datasets/AB-/cluster_5_4102.BMP,ok,0.7708333333333334,77.08333333333334,False,normal,96,103,7622,9888,AB-/cluster_5_4102.BMP,AB-
/Users/a75027/Desktop/compsci 760/datasets/AB-/cluster_5_4104.BMP,ok,0.527002427184466,52.7002427184466,False,normal,96,103,5211,9888,AB-/cluster_5_4104.BMP,AB-
/Users/a75027/Desktop/compsci 760/datasets/AB-/cluster_5_4113.BMP,ok,0.79834142394822,79.83414239482201,False,normal,96,103,7894,9888,AB-/cluster_5_4113.BMP,AB-
/Users/a75027/Desktop/compsci 760/datasets/AB-/cluster_5_4130.BMP,ok,0.22714401294498382,22.714401294498384,False,normal,96,103,2246,9888,AB-/cluster_5_4130.BMP,AB-
/Users/a75027/Desktop/compsci 760/datasets/AB-/cluster_5_4143.BMP,ok,0.8930016181229773,89.30016181229773,False,normal,96,103,8830,9888,AB-/cluster_5_4143.BMP,AB-
/Users/a75027/Desktop/compsci 760/datasets/AB-/cluster_5_4151.BMP,ok,0.8071399676375405,80.71399676375405,False,normal,96,103,7981,9888,AB-/cluster_5_4151.BMP,AB-
/Users/a75027/Desktop/compsci 760/datasets/AB-/cluster_5_4152.BMP,ok,0.33222087378640774,33.22208737864077,False,normal,96,103,3285,9888,AB-/cluster_5_4152.BMP,AB-
/Users/a75027/Desktop/compsci 760/datasets/AB-/cluster_5_4153.BMP,ok,0.7771035598705501,77.71035598705501,False,normal,96,103,7684,9888,AB-/cluster_5_4153.BMP,AB-
/Users/a75027/Desktop/compsci 760/datasets/AB-/cluster_5_417.BMP,ok,0.7440331715210357,74.40331715210357,False,normal,96,103,7357,9888,AB-/cluster_5_417.BMP,AB-
/Users/a75027/Desktop/compsci 760/datasets/AB-/cluster_5_4178.BMP,ok,0.7725525889967637,77.25525889967638,False,normal,96,103,7639,9888,AB-/cluster_5_4178.BMP,AB-
/Users/a75027/Desktop/compsci 760/datasets/AB-/cluster_5_4182.BMP,ok,0.7612257281553398,76.12257281553399,False,normal,96,103,7527,9888,AB-/cluster_5_4182.BMP,AB-
/Users/a75027/Desktop/compsci 760/datasets/AB-/cluster_5_4191.BMP,ok,0.2273462783171521,22.73462783171521,False,normal,96,103,2248,9888,AB-/cluster_5_4191.BMP,AB-
/Users/a75027/Desktop/compsci 760/datasets/AB-/cluster_5_4198.BMP,ok,0.7372572815533981,73.72572815533981,False,normal,96,103,7290,9888,AB-/cluster_5_4198.BMP,AB-
/Users/a75027/Desktop/compsci 760/datasets/AB-/cluster_5_4200.BMP,ok,0.8150283171521036,81.50283171521036,False,normal,96,103,8059,9888,AB-/cluster_5_4200.BMP,AB-
/Users/a75027/Desktop/compsci 760/datasets/AB-/cluster_5_4202.BMP,ok,0.7529328478964401,75.293284789644,False,normal,96,103,7445,9888,AB-/cluster_5_4202.BMP,AB-
/Users/a75027/Desktop/compsci 760/datasets/AB-/cluster_5_4204.BMP,ok,0.7480784789644013,74.80784789644012,False,normal,96,103,7397,9888,AB-/cluster_5_4204.BMP,AB-
/Users/a75027/Desktop/compsci 760/datasets/AB-/cluster_5_4225.BMP,ok,0.8196804207119741,81.96804207119742,False,normal,96,103,8105,9888,AB-/cluster_5_4225.BMP,AB-
/Users/a75027/Desktop/compsci 760/datasets/AB-/cluster_5_4238.BMP,ok,0.38946197411003236,38.94619741100323,False,normal,96,103,3851,9888,AB-/cluster_5_4238.BMP,AB-
/Users/a75027/Desktop/compsci 760/datasets/AB-/cluster_5_4246.BMP,ok,0.8020833333333334,80.20833333333334,False,normal,96,103,7931,9888,AB-/cluster_5_4246.BMP,AB-
/Users/a75027/Desktop/compsci 760/datasets/AB-/cluster_5_4253.BMP,ok,0.7204692556634305,72.04692556634305,False,normal,96,103,7124,9888,AB-/cluster_5_4253.BMP,AB-
/Users/a75027/Desktop/compsci 760/datasets/AB-/cluster_5_4258.BMP,ok,0.8785396440129449,87.85396440129449,False,normal,96,103,8687,9888,AB-/cluster_5_4258.BMP,AB-
/Users/a75027/Desktop/compsci 760/datasets/AB-/cluster_5_4259.BMP,ok,0.7868122977346278,78.68122977346277,False,normal,96,103,7780,9888,AB-/cluster_5_4259.BMP,AB-
/Users/a75027/Desktop/compsci 760/datasets/AB-/cluster_5_4263.BMP,ok,0.8278721682847896,82.78721682847896,False,normal,96,103,8186,9888,AB-/cluster_5_4263.BMP,AB-
/Users/a75027/Desktop/compsci 760/datasets/AB-/cluster_5_4273.BMP,ok,0.7033778317152104,70.33778317152104,False,normal,96,103,6955,9888,AB-/cluster_5_4273.BMP,AB-
/Users/a75027/Desktop/compsci 760/datasets/AB-/cluster_5_4275.BMP,ok,0.8598300970873787,85.98300970873787,False,normal,96,103,8502,9888,AB-/cluster_5_4275.BMP,AB-
/Users/a75027/Desktop/compsci 760/datasets/AB-/cluster_5_4276.BMP,ok,0.7785194174757282,77.85194174757282,False,normal,96,103,7698,9888,AB-/cluster_5_4276.BMP,AB-
/Users/a75027/Desktop/compsci 760/datasets/AB-/cluster_5_4316.BMP,ok,0.8553802588996764,85.53802588996764,False,normal,96,103,8458,9888,AB-/cluster_5_4316.BMP,AB-
/Users/a75027/Desktop/compsci 760/datasets/AB-/cluster_5_4321.BMP,ok,0.7734627831715211,77.34627831715211,False,normal,96,103,7648,9888,AB-/cluster_5_4321.BMP,AB-
/Users/a75027/Desktop/compsci 760/datasets/AB-/cluster_5_4331.BMP,ok,0.8691343042071198,86.91343042071198,False,normal,96,103,8594,9888,AB-/cluster_5_4331.BMP,AB-
/Users/a75027/Desktop/compsci 760/datasets/AB-/cluster_5_4337.BMP,ok,0.7916666666666666,79.16666666666666,False,normal,96,103,7828,9888,AB-/cluster_5_4337.BMP,AB-
/Users/a75027/Desktop/compsci 760/datasets/AB-/cluster_5_434.BMP,ok,0.6438106796116505,64.38106796116504,False,normal,96,103,6366,9888,AB-/cluster_5_434.BMP,AB-
/Users/a75027/Desktop/compsci 760/datasets/AB-/cluster_5_4342.BMP,ok,0.7555622977346278,75.55622977346277,False,normal,96,103,7471,9888,AB-/cluster_5_4342.BMP,AB-
/Users/a75027/Desktop/compsci 760/datasets/AB-/cluster_5_4345.BMP,ok,0.8472896440129449,84.72896440129449,False,normal,96,103,8378,9888,AB-/cluster_5_4345.BMP,AB-
/Users/a75027/Desktop/compsci 760/datasets/AB-/cluster_5_4347.BMP,ok,0.7922734627831716,79.22734627831716,False,normal,96,103,7834,9888,AB-/cluster_5_4347.BMP,AB-
/Users/a75027/Desktop/compsci 760/datasets/AB-/cluster_5_4362.BMP,ok,0.7633495145631068,76.33495145631069,False,normal,96,103,7548,9888,AB-/cluster_5_4362.BMP,AB-
/Users/a75027/Desktop/compsci 760/datasets/AB-/cluster_5_4371.BMP,ok,0.6208535598705501,62.08535598705501,False,normal,96,103,6139,9888,AB-/cluster_5_4371.BMP,AB-
/Users/a75027/Desktop/compsci 760/datasets/AB-/cluster_5_4373.BMP,ok,0.8561893203883495,85.61893203883496,False,normal,96,103,8466,9888,AB-/cluster_5_4373.BMP,AB-
/Users/a75027/Desktop/compsci 760/datasets/AB-/cluster_5_4378.BMP,ok,0.7616302588996764,76.16302588996764,False,normal,96,103,7531,9888,AB-/cluster_5_4378.BMP,AB-
/Users/a75027/Desktop/compsci 760/datasets/AB-/cluster_5_4380.BMP,ok,0.7515169902912622,75.15169902912622,False,normal,96,103,7431,9888,AB-/cluster_5_4380.BMP,AB-
/Users/a75027/Desktop/compsci 760/datasets/AB-/cluster_5_4388.BMP,ok,0.7579894822006472,75.79894822006472,False,normal,96,103,7495,9888,AB-/cluster_5_4388.BMP,AB-
/Users/a75027/Desktop/compsci 760/datasets/AB-/cluster_5_4395.BMP,ok,0.7790250809061489,77.90250809061489,False,normal,96,103,7703,9888,AB-/cluster_5_4395.BMP,AB-
/Users/a75027/Desktop/compsci 760/datasets/AB-/cluster_5_4397.BMP,ok,0.7497977346278317,74.97977346278317,False,normal,96,103,7414,9888,AB-/cluster_5_4397.BMP,AB-
/Users/a75027/Desktop/compsci 760/datasets/AB-/cluster_5_44.BMP,ok,0.6640372168284789,66.40372168284789,False,normal,96,103,6566,9888,AB-/cluster_5_44.BMP,AB-
/Users/a75027/Desktop/compsci 760/datasets/AB-/cluster_5_4406.BMP,ok,0.8798543689320388,87.98543689320388,False,normal,96,103,8700,9888,AB-/cluster_5_4406.BMP,AB-
/Users/a75027/Desktop/compsci 760/datasets/AB-/cluster_5_441.BMP,ok,0.8694377022653722,86.94377022653723,False,normal,96,103,8597,9888,AB-/cluster_5_441.BMP,AB-
/Users/a75027/Desktop/compsci 760/datasets/AB-/cluster_5_4421.BMP,ok,0.7090412621359223,70.90412621359224,False,normal,96,103,7011,9888,AB-/cluster_5_4421.BMP,AB-
/Users/a75027/Desktop/compsci 760/datasets/AB-/cluster_5_4422.BMP,ok,0.8424352750809061,84.24352750809061,False,normal,96,103,8330,9888,AB-/cluster_5_4422.BMP,AB-
/Users/a75027/Desktop/compsci 760/datasets/AB-/cluster_5_4428.BMP,ok,0.7754854368932039,77.5485436893204,False,normal,96,103,7668,9888,AB-/cluster_5_4428.BMP,AB-
/Users/a75027/Desktop/compsci 760/datasets/AB-/cluster_5_4444.BMP,ok,0.5522855987055016,55.228559870550164,False,normal,96,103,5461,9888,AB-/cluster_5_4444.BMP,AB-
/Users/a75027/Desktop/compsci 760/datasets/AB-/cluster_5_4447.BMP,ok,0.7831715210355987,78.31715210355988,False,normal,96,103,7744,9888,AB-/cluster_5_4447.BMP,AB-
/Users/a75027/Desktop/compsci 760/datasets/AB-/cluster_5_4459.BMP,ok,0.7801375404530745,78.01375404530745,False,normal,96,103,7714,9888,AB-/cluster_5_4459.BMP,AB-
/Users/a75027/Desktop/compsci 760/datasets/AB-/cluster_5_4463.BMP,ok,0.8838996763754046,88.38996763754045,False,normal,96,103,8740,9888,AB-/cluster_5_4463.BMP,AB-
/Users/a75027/Desktop/compsci 760/datasets/AB-/cluster_5_4470.BMP,ok,0.8129045307443366,81.29045307443366,False,normal,96,103,8038,9888,AB-/cluster_5_4470.BMP,AB-
/Users/a75027/Desktop/compsci 760/datasets/AB-/cluster_5_4480.BMP,ok,0.7697208737864077,76.97208737864078,False,normal,96,103,7611,9888,AB-/cluster_5_4480.BMP,AB-
/Users/a75027/Desktop/compsci 760/datasets/AB-/cluster_5_449.BMP,ok,0.7749797734627831,77.49797734627832,False,normal,96,103,7663,9888,AB-/cluster_5_449.BMP,AB-
/Users/a75027/Desktop/compsci 760/datasets/AB-/cluster_5_4490.BMP,ok,0.3279733009708738,32.79733009708738,False,normal,96,103,3243,9888,AB-/cluster_5_4490.BMP,AB-
/Users/a75027/Desktop/compsci 760/datasets/AB-/cluster_5_4508.BMP,ok,0.7472694174757282,74.72694174757282,False,normal,96,103,7389,9888,AB-/cluster_5_4508.BMP,AB-
/Users/a75027/Desktop/compsci 760/datasets/AB-/cluster_5_4513.BMP,ok,0.7847896440129449,78.47896440129449,False,normal,96,103,7760,9888,AB-/cluster_5_4513.BMP,AB-
/Users/a75027/Desktop/compsci 760/datasets/AB-/cluster_5_4520.BMP,ok,0.8407160194174758,84.07160194174757,False,normal,96,103,8313,9888,AB-/cluster_5_4520.BMP,AB-
/Users/a75027/Desktop/compsci 760/datasets/AB-/cluster_5_4524.BMP,ok,0.8038025889967637,80.38025889967638,False,normal,96,103,7948,9888,AB-/cluster_5_4524.BMP,AB-
/Users/a75027/Desktop/compsci 760/datasets/AB-/cluster_5_456.BMP,ok,0.6734425566343042,67.34425566343042,False,normal,96,103,6659,9888,AB-/cluster_5_456.BMP,AB-
/Users/a75027/Desktop/compsci 760/datasets/AB-/cluster_5_4572.BMP,ok,0.7433252427184466,74.33252427184466,False,normal,96,103,7350,9888,AB-/cluster_5_4572.BMP,AB-
/Users/a75027/Desktop/compsci 760/datasets/AB-/cluster_5_4577.BMP,ok,0.7310881877022654,73.10881877022653,False,normal,96,103,7229,9888,AB-/cluster_5_4577.BMP,AB-
/Users/a75027/Desktop/compsci 760/datasets/AB-/cluster_5_4581.BMP,ok,0.7484830097087378,74.84830097087378,False,normal,96,103,7401,9888,AB-/cluster_5_4581.BMP,AB-
/Users/a75027/Desktop/compsci 760/datasets/AB-/cluster_5_4600.BMP,ok,0.784081715210356,78.4081715210356,False,normal,96,103,7753,9888,AB-/cluster_5_4600.BMP,AB-
/Users/a75027/Desktop/compsci 760/datasets/AB-/cluster_5_4601.BMP,ok,0.2275485436893204,22.75485436893204,False,normal,96,103,2250,9888,AB-/cluster_5_4601.BMP,AB-
/Users/a75027/Desktop/compsci 760/datasets/AB-/cluster_5_4630.BMP,ok,0.7369538834951457,73.69538834951457,False,normal,96,103,7287,9888,AB-/cluster_5_4630.BMP,AB-
/Users/a75027/Desktop/compsci 760/datasets/AB-/cluster_5_4643.BMP,ok,0.8443567961165048,84.43567961165049,False,normal,96,103,8349,9888,AB-/cluster_5_4643.BMP,AB-
/Users/a75027/Desktop/compsci 760/datasets/AB-/cluster_5_4652.BMP,ok,0.7656755663430421,76.56755663430421,False,normal,96,103,7571,9888,AB-/cluster_5_4652.BMP,AB-
/Users/a75027/Desktop/compsci 760/datasets/AB-/cluster_5_4657.BMP,ok,0.7936893203883495,79.36893203883496,False,normal,96,103,7848,9888,AB-/cluster_5_4657.BMP,AB-
/Users/a75027/Desktop/compsci 760/datasets/AB-/cluster_5_4660.BMP,ok,0.7721480582524272,77.21480582524272,False,normal,96,103,7635,9888,AB-/cluster_5_4660.BMP,AB-
/Users/a75027/Desktop/compsci 760/datasets/AB-/cluster_5_4663.BMP,ok,0.8245347896440129,82.4534789644013,False,normal,96,103,8153,9888,AB-/cluster_5_4663.BMP,AB-
/Users/a75027/Desktop/compsci 760/datasets/AB-/cluster_5_4664.BMP,ok,0.827467637540453,82.7467637540453,False,normal,96,103,8182,9888,AB-/cluster_5_4664.BMP,AB-
/Users/a75027/Desktop/compsci 760/datasets/AB-/cluster_5_4669.BMP,ok,0.8087580906148867,80.87580906148867,False,normal,96,103,7997,9888,AB-/cluster_5_4669.BMP,AB-
/Users/a75027/Desktop/compsci 760/datasets/AB-/cluster_5_467.BMP,ok,0.7872168284789643,78.72168284789643,False,normal,96,103,7784,9888,AB-/cluster_5_467.BMP,AB-
/Users/a75027/Desktop/compsci 760/datasets/AB-/cluster_5_4671.BMP,ok,0.8135113268608414,81.35113268608414,False,normal,96,103,8044,9888,AB-/cluster_5_4671.BMP,AB-
/Users/a75027/Desktop/compsci 760/datasets/AB-/cluster_5_4685.BMP,ok,0.7141990291262136,71.41990291262135,False,normal,96,103,7062,9888,AB-/cluster_5_4685.BMP,AB-
/Users/a75027/Desktop/compsci 760/datasets/AB-/cluster_5_4704.BMP,ok,0.7071197411003236,70.71197411003236,False,normal,96,103,6992,9888,AB-/cluster_5_4704.BMP,AB-
/Users/a75027/Desktop/compsci 760/datasets/AB-/cluster_5_4708.BMP,ok,0.8067354368932039,80.6735436893204,False,normal,96,103,7977,9888,AB-/cluster_5_4708.BMP,AB-
/Users/a75027/Desktop/compsci 760/datasets/AB-/cluster_5_4711.BMP,ok,0.8283778317152104,82.83778317152104,False,normal,96,103,8191,9888,AB-/cluster_5_4711.BMP,AB-
/Users/a75027/Desktop/compsci 760/datasets/AB-/cluster_5_4718.BMP,ok,0.7242111650485437,72.42111650485437,False,normal,96,103,7161,9888,AB-/cluster_5_4718.BMP,AB-
/Users/a75027/Desktop/compsci 760/datasets/AB-/cluster_5_4724.BMP,ok,0.7599110032362459,75.9911003236246,False,normal,96,103,7514,9888,AB-/cluster_5_4724.BMP,AB-
/Users/a75027/Desktop/compsci 760/datasets/AB-/cluster_5_4728.BMP,ok,0.780542071197411,78.05420711974111,False,normal,96,103,7718,9888,AB-/cluster_5_4728.BMP,AB-
/Users/a75027/Desktop/compsci 760/datasets/AB-/cluster_5_4735.BMP,ok,0.7484830097087378,74.84830097087378,False,normal,96,103,7401,9888,AB-/cluster_5_4735.BMP,AB-
/Users/a75027/Desktop/compsci 760/datasets/AB-/cluster_5_4746.BMP,ok,0.6749595469255664,67.49595469255664,False,normal,96,103,6674,9888,AB-/cluster_5_4746.BMP,AB-
/Users/a75027/Desktop/compsci 760/datasets/AB-/cluster_5_4756.BMP,ok,0.830906148867314,83.0906148867314,False,normal,96,103,8216,9888,AB-/cluster_5_4756.BMP,AB-
/Users/a75027/Desktop/compsci 760/datasets/AB-/cluster_5_4759.BMP,ok,0.818871359223301,81.8871359223301,False,normal,96,103,8097,9888,AB-/cluster_5_4759.BMP,AB-
/Users/a75027/Desktop/compsci 760/datasets/AB-/cluster_5_478.BMP,ok,1.0,100.0,True,coverage_too_high,96,103,9888,9888,AB-/cluster_5_478.BMP,AB-
/Users/a75027/Desktop/compsci 760/datasets/AB-/cluster_5_4791.BMP,ok,0.7447411003236246,74.47411003236246,False,normal,96,103,7364,9888,AB-/cluster_5_4791.BMP,AB-
/Users/a75027/Desktop/compsci 760/datasets/AB-/cluster_5_4794.BMP,ok,0.8279733009708737,82.79733009708737,False,normal,96,103,8187,9888,AB-/cluster_5_4794.BMP,AB-
/Users/a75027/Desktop/compsci 760/datasets/AB-/cluster_5_4797.BMP,ok,0.7814522653721683,78.14522653721683,False,normal,96,103,7727,9888,AB-/cluster_5_4797.BMP,AB-
/Users/a75027/Desktop/compsci 760/datasets/AB-/cluster_5_4817.BMP,ok,0.7953074433656958,79.53074433656958,False,normal,96,103,7864,9888,AB-/cluster_5_4817.BMP,AB-
/Users/a75027/Desktop/compsci 760/datasets/AB-/cluster_5_4819.BMP,ok,0.7980380258899676,79.80380258899676,False,normal,96,103,7891,9888,AB-/cluster_5_4819.BMP,AB-
/Users/a75027/Desktop/compsci 760/datasets/AB-/cluster_5_4837.BMP,ok,0.6821399676375405,68.21399676375405,False,normal,96,103,6745,9888,AB-/cluster_5_4837.BMP,AB-
/Users/a75027/Desktop/compsci 760/datasets/AB-/cluster_5_4838.BMP,ok,0.7864077669902912,78.64077669902912,False,normal,96,103,7776,9888,AB-/cluster_5_4838.BMP,AB-
/Users/a75027/Desktop/compsci 760/datasets/AB-/cluster_5_484.BMP,ok,1.0,100.0,True,coverage_too_high,96,103,9888,9888,AB-/cluster_5_484.BMP,AB-
/Users/a75027/Desktop/compsci 760/datasets/AB-/cluster_5_4841.BMP,ok,0.7967233009708737,79.67233009708737,False,normal,96,103,7878,9888,AB-/cluster_5_4841.BMP,AB-
/Users/a75027/Desktop/compsci 760/datasets/AB-/cluster_5_4842.BMP,ok,0.7111650485436893,71.11650485436894,False,normal,96,103,7032,9888,AB-/cluster_5_4842.BMP,AB-
/Users/a75027/Desktop/compsci 760/datasets/AB-/cluster_5_4850.BMP,ok,0.77417071197411,77.417071197411,False,normal,96,103,7655,9888,AB-/cluster_5_4850.BMP,AB-
/Users/a75027/Desktop/compsci 760/datasets/AB-/cluster_5_4854.BMP,ok,0.7622370550161812,76.22370550161813,False,normal,96,103,7537,9888,AB-/cluster_5_4854.BMP,AB-
/Users/a75027/Desktop/compsci 760/datasets/AB-/cluster_5_4866.BMP,ok,0.8401092233009708,84.01092233009709,False,normal,96,103,8307,9888,AB-/cluster_5_4866.BMP,AB-
/Users/a75027/Desktop/compsci 760/datasets/AB-/cluster_5_487.BMP,ok,0.7673948220064725,76.73948220064725,False,normal,96,103,7588,9888,AB-/cluster_5_487.BMP,AB-
/Users/a75027/Desktop/compsci 760/datasets/AB-/cluster_5_4875.BMP,ok,0.8986650485436893,89.86650485436894,False,normal,96,103,8886,9888,AB-/cluster_5_4875.BMP,AB-
/Users/a75027/Desktop/compsci 760/datasets/AB-/cluster_5_4879.BMP,ok,0.8377831715210357,83.77831715210357,False,normal,96,103,8284,9888,AB-/cluster_5_4879.BMP,AB-
/Users/a75027/Desktop/compsci 760/datasets/AB-/cluster_5_4880.BMP,ok,0.6920509708737864,69.20509708737865,False,normal,96,103,6843,9888,AB-/cluster_5_4880.BMP,AB-
/Users/a75027/Desktop/compsci 760/datasets/AB-/cluster_5_4886.BMP,ok,0.7610234627831716,76.10234627831716,False,normal,96,103,7525,9888,AB-/cluster_5_4886.BMP,AB-
/Users/a75027/Desktop/compsci 760/datasets/AB-/cluster_5_4893.BMP,ok,0.6738470873786407,67.38470873786407,False,normal,96,103,6663,9888,AB-/cluster_5_4893.BMP,AB-
/Users/a75027/Desktop/compsci 760/datasets/AB-/cluster_5_49.BMP,ok,0.780542071197411,78.05420711974111,False,normal,96,103,7718,9888,AB-/cluster_5_49.BMP,AB-
/Users/a75027/Desktop/compsci 760/datasets/AB-/cluster_5_490.BMP,ok,0.8279733009708737,82.79733009708737,False,normal,96,103,8187,9888,AB-/cluster_5_490.BMP,AB-
/Users/a75027/Desktop/compsci 760/datasets/AB-/cluster_5_4901.BMP,ok,0.8185679611650486,81.85679611650485,False,normal,96,103,8094,9888,AB-/cluster_5_4901.BMP,AB-
/Users/a75027/Desktop/compsci 760/datasets/AB-/cluster_5_4907.BMP,ok,0.5505862040157063,55.058620401570636,False,normal,241,298,39542,71818,AB-/cluster_5_4907.BMP,AB-
/Users/a75027/Desktop/compsci 760/datasets/AB-/cluster_5_4908.BMP,ok,0.6525522849424935,65.25522849424935,False,normal,241,298,46865,71818,AB-/cluster_5_4908.BMP,AB-
/Users/a75027/Desktop/compsci 760/datasets/AB-/cluster_5_4911.BMP,ok,0.7168284789644013,71.68284789644012,False,normal,96,103,7088,9888,AB-/cluster_5_4911.BMP,AB-
/Users/a75027/Desktop/compsci 760/datasets/AB-/cluster_5_4917.BMP,ok,0.8632686084142395,86.32686084142395,False,normal,96,103,8536,9888,AB-/cluster_5_4917.BMP,AB-
/Users/a75027/Desktop/compsci 760/datasets/AB-/cluster_5_4930.BMP,ok,0.797532362459547,79.7532362459547,False,normal,96,103,7886,9888,AB-/cluster_5_4930.BMP,AB-
/Users/a75027/Desktop/compsci 760/datasets/AB-/cluster_5_4931.BMP,ok,0.7618325242718447,76.18325242718447,False,normal,96,103,7533,9888,AB-/cluster_5_4931.BMP,AB-
/Users/a75027/Desktop/compsci 760/datasets/AB-/cluster_5_4937.BMP,ok,0.7517192556634305,75.17192556634305,False,normal,96,103,7433,9888,AB-/cluster_5_4937.BMP,AB-
/Users/a75027/Desktop/compsci 760/datasets/AB-/cluster_5_4941.BMP,ok,0.8422330097087378,84.22330097087378,False,normal,96,103,8328,9888,AB-/cluster_5_4941.BMP,AB-
/Users/a75027/Desktop/compsci 760/datasets/AB-/cluster_5_4945.BMP,ok,0.6403721682847896,64.03721682847896,False,normal,96,103,6332,9888,AB-/cluster_5_4945.BMP,AB-
/Users/a75027/Desktop/compsci 760/datasets/AB-/cluster_5_4952.BMP,ok,0.709546925566343,70.9546925566343,False,normal,96,103,7016,9888,AB-/cluster_5_4952.BMP,AB-
/Users/a75027/Desktop/compsci 760/datasets/AB-/cluster_5_4962.BMP,ok,1.0,100.0,True,coverage_too_high,96,103,9888,9888,AB-/cluster_5_4962.BMP,AB-
/Users/a75027/Desktop/compsci 760/datasets/AB-/cluster_5_4975.BMP,ok,0.8273665048543689,82.7366504854369,False,normal,96,103,8181,9888,AB-/cluster_5_4975.BMP,AB-
/Users/a75027/Desktop/compsci 760/datasets/AB-/cluster_5_4984.BMP,ok,0.7133899676375405,71.33899676375405,False,normal,96,103,7054,9888,AB-/cluster_5_4984.BMP,AB-
/Users/a75027/Desktop/compsci 760/datasets/AB-/cluster_5_5001.BMP,ok,0.8263551779935275,82.63551779935275,False,normal,96,103,8171,9888,AB-/cluster_5_5001.BMP,AB-
/Users/a75027/Desktop/compsci 760/datasets/AB-/cluster_5_5002.BMP,ok,0.7968244336569579,79.68244336569579,False,normal,96,103,7879,9888,AB-/cluster_5_5002.BMP,AB-
/Users/a75027/Desktop/compsci 760/datasets/AB-/cluster_5_5011.BMP,ok,0.6978155339805825,69.78155339805825,False,normal,96,103,6900,9888,AB-/cluster_5_5011.BMP,AB-
/Users/a75027/Desktop/compsci 760/datasets/AB-/cluster_5_5017.BMP,ok,0.3535598705501618,35.35598705501618,False,normal,96,103,3496,9888,AB-/cluster_5_5017.BMP,AB-
/Users/a75027/Desktop/compsci 760/datasets/AB-/cluster_5_5020.BMP,ok,1.0,100.0,True,coverage_too_high,96,103,9888,9888,AB-/cluster_5_5020.BMP,AB-
/Users/a75027/Desktop/compsci 760/datasets/AB-/cluster_5_5029.BMP,ok,0.7364482200647249,73.64482200647248,False,normal,96,103,7282,9888,AB-/cluster_5_5029.BMP,AB-
/Users/a75027/Desktop/compsci 760/datasets/AB-/cluster_5_5033.BMP,ok,0.24160598705501618,24.160598705501616,False,normal,96,103,2389,9888,AB-/cluster_5_5033.BMP,AB-
/Users/a75027/Desktop/compsci 760/datasets/AB-/cluster_5_5049.BMP,ok,0.8509304207119741,85.09304207119742,False,normal,96,103,8414,9888,AB-/cluster_5_5049.BMP,AB-
/Users/a75027/Desktop/compsci 760/datasets/AB-/cluster_5_5055.BMP,ok,0.2364482200647249,23.64482200647249,False,normal,96,103,2338,9888,AB-/cluster_5_5055.BMP,AB-
/Users/a75027/Desktop/compsci 760/datasets/AB-/cluster_5_5060.BMP,ok,0.8528519417475728,85.28519417475728,False,normal,96,103,8433,9888,AB-/cluster_5_5060.BMP,AB-
/Users/a75027/Desktop/compsci 760/datasets/AB-/cluster_5_5061.BMP,ok,0.8135113268608414,81.35113268608414,False,normal,96,103,8044,9888,AB-/cluster_5_5061.BMP,AB-
/Users/a75027/Desktop/compsci 760/datasets/AB-/cluster_5_5062.BMP,ok,0.8806634304207119,88.0663430420712,False,normal,96,103,8708,9888,AB-/cluster_5_5062.BMP,AB-
/Users/a75027/Desktop/compsci 760/datasets/AB-/cluster_5_5067.BMP,ok,0.7845873786407767,78.45873786407766,False,normal,96,103,7758,9888,AB-/cluster_5_5067.BMP,AB-
/Users/a75027/Desktop/compsci 760/datasets/AB-/cluster_5_507.BMP,ok,0.803296925566343,80.3296925566343,False,normal,96,103,7943,9888,AB-/cluster_5_507.BMP,AB-
/Users/a75027/Desktop/compsci 760/datasets/AB-/cluster_5_5081.BMP,ok,0.8129577543234286,81.29577543234286,False,normal,241,298,58385,71818,AB-/cluster_5_5081.BMP,AB-
/Users/a75027/Desktop/compsci 760/datasets/AB-/cluster_5_5082.BMP,ok,0.8280744336569579,82.80744336569579,False,normal,96,103,8188,9888,AB-/cluster_5_5082.BMP,AB-
/Users/a75027/Desktop/compsci 760/datasets/AB-/cluster_5_5092.BMP,ok,0.745044498381877,74.5044498381877,False,normal,96,103,7367,9888,AB-/cluster_5_5092.BMP,AB-
/Users/a75027/Desktop/compsci 760/datasets/AB-/cluster_5_5096.BMP,ok,0.78832928802589,78.832928802589,False,normal,96,103,7795,9888,AB-/cluster_5_5096.BMP,AB-
/Users/a75027/Desktop/compsci 760/datasets/AB-/cluster_5_5097.BMP,ok,0.7842839805825242,78.42839805825243,False,normal,96,103,7755,9888,AB-/cluster_5_5097.BMP,AB-
/Users/a75027/Desktop/compsci 760/datasets/AB-/cluster_5_5125.BMP,ok,0.8218042071197411,82.18042071197411,False,normal,96,103,8126,9888,AB-/cluster_5_5125.BMP,AB-
/Users/a75027/Desktop/compsci 760/datasets/AB-/cluster_5_5134.BMP,ok,0.8175566343042071,81.75566343042071,False,normal,96,103,8084,9888,AB-/cluster_5_5134.BMP,AB-
/Users/a75027/Desktop/compsci 760/datasets/AB-/cluster_5_5139.BMP,ok,0.7057038834951457,70.57038834951457,False,normal,96,103,6978,9888,AB-/cluster_5_5139.BMP,AB-
/Users/a75027/Desktop/compsci 760/datasets/AB-/cluster_5_5153.BMP,ok,0.8911812297734628,89.11812297734627,False,normal,96,103,8812,9888,AB-/cluster_5_5153.BMP,AB-
/Users/a75027/Desktop/compsci 760/datasets/AB-/cluster_5_5158.BMP,ok,0.7380663430420712,73.80663430420712,False,normal,96,103,7298,9888,AB-/cluster_5_5158.BMP,AB-
/Users/a75027/Desktop/compsci 760/datasets/AB-/cluster_5_5172.BMP,ok,0.7722491909385113,77.22491909385113,False,normal,96,103,7636,9888,AB-/cluster_5_5172.BMP,AB-
/Users/a75027/Desktop/compsci 760/datasets/AB-/cluster_5_5180.BMP,ok,0.7968244336569579,79.68244336569579,False,normal,96,103,7879,9888,AB-/cluster_5_5180.BMP,AB-
/Users/a75027/Desktop/compsci 760/datasets/AB-/cluster_5_5213.BMP,ok,0.7743729773462783,77.43729773462783,False,normal,96,103,7657,9888,AB-/cluster_5_5213.BMP,AB-
/Users/a75027/Desktop/compsci 760/datasets/AB-/cluster_5_5219.BMP,ok,0.7430218446601942,74.30218446601941,False,normal,96,103,7347,9888,AB-/cluster_5_5219.BMP,AB-
/Users/a75027/Desktop/compsci 760/datasets/AB-/cluster_5_5231.BMP,ok,0.7642597087378641,76.42597087378641,False,normal,96,103,7557,9888,AB-/cluster_5_5231.BMP,AB-
/Users/a75027/Desktop/compsci 760/datasets/AB-/cluster_5_5234.BMP,ok,0.7144012944983819,71.44012944983818,False,normal,96,103,7064,9888,AB-/cluster_5_5234.BMP,AB-
/Users/a75027/Desktop/compsci 760/datasets/AB-/cluster_5_5244.BMP,ok,0.6912419093851133,69.12419093851133,False,normal,96,103,6835,9888,AB-/cluster_5_5244.BMP,AB-
/Users/a75027/Desktop/compsci 760/datasets/AB-/cluster_5_5246.BMP,ok,0.6789037216828478,67.89037216828478,False,normal,96,103,6713,9888,AB-/cluster_5_5246.BMP,AB-
/Users/a75027/Desktop/compsci 760/datasets/AB-/cluster_5_5248.BMP,ok,0.7650687702265372,76.50687702265373,False,normal,96,103,7565,9888,AB-/cluster_5_5248.BMP,AB-
/Users/a75027/Desktop/compsci 760/datasets/AB-/cluster_5_5250.BMP,ok,0.8118932038834952,81.18932038834951,False,normal,96,103,8028,9888,AB-/cluster_5_5250.BMP,AB-
/Users/a75027/Desktop/compsci 760/datasets/AB-/cluster_5_5257.BMP,ok,0.77417071197411,77.417071197411,False,normal,96,103,7655,9888,AB-/cluster_5_5257.BMP,AB-
/Users/a75027/Desktop/compsci 760/datasets/AB-/cluster_5_5260.BMP,ok,0.2612257281553398,26.122572815533978,False,normal,96,103,2583,9888,AB-/cluster_5_5260.BMP,AB-
/Users/a75027/Desktop/compsci 760/datasets/AB-/cluster_5_5262.BMP,ok,0.22764967637540454,22.764967637540455,False,normal,96,103,2251,9888,AB-/cluster_5_5262.BMP,AB-
/Users/a75027/Desktop/compsci 760/datasets/AB-/cluster_5_5271.BMP,ok,0.6772855987055016,67.72855987055017,False,normal,96,103,6697,9888,AB-/cluster_5_5271.BMP,AB-
/Users/a75027/Desktop/compsci 760/datasets/AB-/cluster_5_529.BMP,ok,0.8069377022653722,80.69377022653723,False,normal,96,103,7979,9888,AB-/cluster_5_529.BMP,AB-
/Users/a75027/Desktop/compsci 760/datasets/AB-/cluster_5_5290.BMP,ok,0.7490898058252428,74.90898058252428,False,normal,96,103,7407,9888,AB-/cluster_5_5290.BMP,AB-
/Users/a75027/Desktop/compsci 760/datasets/AB-/cluster_5_5292.BMP,ok,0.6616100323624595,66.16100323624595,False,normal,96,103,6542,9888,AB-/cluster_5_5292.BMP,AB-
/Users/a75027/Desktop/compsci 760/datasets/AB-/cluster_5_5299.BMP,ok,0.8895631067961165,88.95631067961165,False,normal,96,103,8796,9888,AB-/cluster_5_5299.BMP,AB-
/Users/a75027/Desktop/compsci 760/datasets/AB-/cluster_5_5319.BMP,ok,0.7895428802588996,78.95428802588997,False,normal,96,103,7807,9888,AB-/cluster_5_5319.BMP,AB-
/Users/a75027/Desktop/compsci 760/datasets/AB-/cluster_5_5321.BMP,ok,0.7224919093851133,72.24919093851133,False,normal,96,103,7144,9888,AB-/cluster_5_5321.BMP,AB-
/Users/a75027/Desktop/compsci 760/datasets/AB-/cluster_5_5324.BMP,ok,0.8342435275080906,83.42435275080906,False,normal,96,103,8249,9888,AB-/cluster_5_5324.BMP,AB-
/Users/a75027/Desktop/compsci 760/datasets/AB-/cluster_5_534.BMP,ok,0.7623381877022654,76.23381877022653,False,normal,96,103,7538,9888,AB-/cluster_5_534.BMP,AB-
/Users/a75027/Desktop/compsci 760/datasets/AB-/cluster_5_5349.BMP,ok,0.7882281553398058,78.82281553398059,False,normal,96,103,7794,9888,AB-/cluster_5_5349.BMP,AB-
/Users/a75027/Desktop/compsci 760/datasets/AB-/cluster_5_5360.BMP,ok,0.7477750809061489,74.77750809061489,False,normal,96,103,7394,9888,AB-/cluster_5_5360.BMP,AB-
/Users/a75027/Desktop/compsci 760/datasets/AB-/cluster_5_5387.BMP,ok,0.7872168284789643,78.72168284789643,False,normal,96,103,7784,9888,AB-/cluster_5_5387.BMP,AB-
/Users/a75027/Desktop/compsci 760/datasets/AB-/cluster_5_5396.BMP,ok,0.7043891585760518,70.43891585760518,False,normal,96,103,6965,9888,AB-/cluster_5_5396.BMP,AB-
/Users/a75027/Desktop/compsci 760/datasets/AB-/cluster_5_5399.BMP,ok,0.7968244336569579,79.68244336569579,False,normal,96,103,7879,9888,AB-/cluster_5_5399.BMP,AB-
/Users/a75027/Desktop/compsci 760/datasets/AB-/cluster_5_54.BMP,ok,0.5150687702265372,51.50687702265372,False,normal,96,103,5093,9888,AB-/cluster_5_54.BMP,AB-
/Users/a75027/Desktop/compsci 760/datasets/AB-/cluster_5_5400.BMP,ok,0.7991504854368932,79.91504854368931,False,normal,96,103,7902,9888,AB-/cluster_5_5400.BMP,AB-
/Users/a75027/Desktop/compsci 760/datasets/AB-/cluster_5_5403.BMP,ok,0.7881270226537217,78.81270226537217,False,normal,96,103,7793,9888,AB-/cluster_5_5403.BMP,AB-
/Users/a75027/Desktop/compsci 760/datasets/AB-/cluster_5_5427.BMP,ok,0.7654733009708737,76.54733009708737,False,normal,96,103,7569,9888,AB-/cluster_5_5427.BMP,AB-
/Users/a75027/Desktop/compsci 760/datasets/AB-/cluster_5_5432.BMP,ok,0.8643810679611651,86.43810679611651,False,normal,96,103,8547,9888,AB-/cluster_5_5432.BMP,AB-
/Users/a75027/Desktop/compsci 760/datasets/AB-/cluster_5_5438.BMP,ok,0.8092637540453075,80.92637540453075,False,normal,96,103,8002,9888,AB-/cluster_5_5438.BMP,AB-
/Users/a75027/Desktop/compsci 760/datasets/AB-/cluster_5_5449.BMP,ok,0.3755056634304207,37.55056634304207,False,normal,96,103,3713,9888,AB-/cluster_5_5449.BMP,AB-
/Users/a75027/Desktop/compsci 760/datasets/AB-/cluster_5_5452.BMP,ok,0.671217637540453,67.1217637540453,False,normal,96,103,6637,9888,AB-/cluster_5_5452.BMP,AB-
/Users/a75027/Desktop/compsci 760/datasets/AB-/cluster_5_5460.BMP,ok,0.8422330097087378,84.22330097087378,False,normal,96,103,8328,9888,AB-/cluster_5_5460.BMP,AB-
/Users/a75027/Desktop/compsci 760/datasets/AB-/cluster_5_5471.BMP,ok,0.7131877022653722,71.31877022653723,False,normal,96,103,7052,9888,AB-/cluster_5_5471.BMP,AB-
/Users/a75027/Desktop/compsci 760/datasets/AB-/cluster_5_5474.BMP,ok,0.5750404530744336,57.50404530744336,False,normal,96,103,5686,9888,AB-/cluster_5_5474.BMP,AB-
/Users/a75027/Desktop/compsci 760/datasets/AB-/cluster_5_5477.BMP,ok,0.8360639158576052,83.60639158576052,False,normal,96,103,8267,9888,AB-/cluster_5_5477.BMP,AB-
/Users/a75027/Desktop/compsci 760/datasets/AB-/cluster_5_5483.BMP,ok,0.754247572815534,75.4247572815534,False,normal,96,103,7458,9888,AB-/cluster_5_5483.BMP,AB-
/Users/a75027/Desktop/compsci 760/datasets/AB-/cluster_5_5484.BMP,ok,0.7286610032362459,72.8661003236246,False,normal,96,103,7205,9888,AB-/cluster_5_5484.BMP,AB-
/Users/a75027/Desktop/compsci 760/datasets/AB-/cluster_5_5488.BMP,ok,0.8066343042071198,80.66343042071198,False,normal,96,103,7976,9888,AB-/cluster_5_5488.BMP,AB-
/Users/a75027/Desktop/compsci 760/datasets/AB-/cluster_5_5491.BMP,ok,0.8194781553398058,81.94781553398059,False,normal,96,103,8103,9888,AB-/cluster_5_5491.BMP,AB-
/Users/a75027/Desktop/compsci 760/datasets/AB-/cluster_5_5497.BMP,ok,0.7609223300970874,76.09223300970875,False,normal,96,103,7524,9888,AB-/cluster_5_5497.BMP,AB-
/Users/a75027/Desktop/compsci 760/datasets/AB-/cluster_5_5502.BMP,ok,0.8798543689320388,87.98543689320388,False,normal,96,103,8700,9888,AB-/cluster_5_5502.BMP,AB-
/Users/a75027/Desktop/compsci 760/datasets/AB-/cluster_5_5503.BMP,ok,0.7383697411003236,73.83697411003236,False,normal,96,103,7301,9888,AB-/cluster_5_5503.BMP,AB-
/Users/a75027/Desktop/compsci 760/datasets/AB-/cluster_5_5507.BMP,ok,0.7305825242718447,73.05825242718447,False,normal,96,103,7224,9888,AB-/cluster_5_5507.BMP,AB-
/Users/a75027/Desktop/compsci 760/datasets/AB-/cluster_5_5510.BMP,ok,0.7911610032362459,79.1161003236246,False,normal,96,103,7823,9888,AB-/cluster_5_5510.BMP,AB-
/Users/a75027/Desktop/compsci 760/datasets/AB-/cluster_5_5513.BMP,ok,0.7893406148867314,78.93406148867314,False,normal,96,103,7805,9888,AB-/cluster_5_5513.BMP,AB-
/Users/a75027/Desktop/compsci 760/datasets/AB-/cluster_5_5516.BMP,ok,0.8141181229773463,81.41181229773463,False,normal,96,103,8050,9888,AB-/cluster_5_5516.BMP,AB-
/Users/a75027/Desktop/compsci 760/datasets/AB-/cluster_5_5519.BMP,ok,0.727953074433657,72.7953074433657,False,normal,96,103,7198,9888,AB-/cluster_5_5519.BMP,AB-
/Users/a75027/Desktop/compsci 760/datasets/AB-/cluster_5_5522.BMP,ok,0.7965210355987055,79.65210355987054,False,normal,96,103,7876,9888,AB-/cluster_5_5522.BMP,AB-
/Users/a75027/Desktop/compsci 760/datasets/AB-/cluster_5_5524.BMP,ok,0.7068163430420712,70.68163430420712,False,normal,96,103,6989,9888,AB-/cluster_5_5524.BMP,AB-
/Users/a75027/Desktop/compsci 760/datasets/AB-/cluster_5_5534.BMP,ok,0.7041868932038835,70.41868932038835,False,normal,96,103,6963,9888,AB-/cluster_5_5534.BMP,AB-
/Users/a75027/Desktop/compsci 760/datasets/AB-/cluster_5_5535.BMP,ok,0.8022855987055016,80.22855987055017,False,normal,96,103,7933,9888,AB-/cluster_5_5535.BMP,AB-
/Users/a75027/Desktop/compsci 760/datasets/AB-/cluster_5_556.BMP,ok,0.7506067961165048,75.06067961165049,False,normal,96,103,7422,9888,AB-/cluster_5_556.BMP,AB-
/Users/a75027/Desktop/compsci 760/datasets/AB-/cluster_5_5561.BMP,ok,0.811792071197411,81.17920711974111,False,normal,96,103,8027,9888,AB-/cluster_5_5561.BMP,AB-
/Users/a75027/Desktop/compsci 760/datasets/AB-/cluster_5_5563.BMP,ok,0.7951051779935275,79.51051779935275,False,normal,96,103,7862,9888,AB-/cluster_5_5563.BMP,AB-
/Users/a75027/Desktop/compsci 760/datasets/AB-/cluster_5_5577.BMP,ok,0.8616504854368932,86.16504854368931,False,normal,96,103,8520,9888,AB-/cluster_5_5577.BMP,AB-
/Users/a75027/Desktop/compsci 760/datasets/AB-/cluster_5_5586.BMP,ok,0.7880258899676376,78.80258899676376,False,normal,96,103,7792,9888,AB-/cluster_5_5586.BMP,AB-
/Users/a75027/Desktop/compsci 760/datasets/AB-/cluster_5_5589.BMP,ok,0.7742718446601942,77.42718446601941,False,normal,96,103,7656,9888,AB-/cluster_5_5589.BMP,AB-
/Users/a75027/Desktop/compsci 760/datasets/AB-/cluster_5_559.BMP,ok,0.7896440129449838,78.96440129449837,False,normal,96,103,7808,9888,AB-/cluster_5_559.BMP,AB-
/Users/a75027/Desktop/compsci 760/datasets/AB-/cluster_5_5593.BMP,ok,0.7654733009708737,76.54733009708737,False,normal,96,103,7569,9888,AB-/cluster_5_5593.BMP,AB-
/Users/a75027/Desktop/compsci 760/datasets/AB-/cluster_5_5598.BMP,ok,0.8461771844660194,84.61771844660194,False,normal,96,103,8367,9888,AB-/cluster_5_5598.BMP,AB-
/Users/a75027/Desktop/compsci 760/datasets/AB-/cluster_5_5604.BMP,ok,0.864279935275081,86.4279935275081,False,normal,96,103,8546,9888,AB-/cluster_5_5604.BMP,AB-
/Users/a75027/Desktop/compsci 760/datasets/AB-/cluster_5_5608.BMP,ok,0.4021035598705502,40.21035598705502,False,normal,96,103,3976,9888,AB-/cluster_5_5608.BMP,AB-
/Users/a75027/Desktop/compsci 760/datasets/AB-/cluster_5_5609.BMP,ok,0.7579894822006472,75.79894822006472,False,normal,96,103,7495,9888,AB-/cluster_5_5609.BMP,AB-
/Users/a75027/Desktop/compsci 760/datasets/AB-/cluster_5_561.BMP,ok,0.7439320388349514,74.39320388349515,False,normal,96,103,7356,9888,AB-/cluster_5_561.BMP,AB-
/Users/a75027/Desktop/compsci 760/datasets/AB-/cluster_5_5618.BMP,ok,0.6698017799352751,66.98017799352752,False,normal,96,103,6623,9888,AB-/cluster_5_5618.BMP,AB-
/Users/a75027/Desktop/compsci 760/datasets/AB-/cluster_5_5635.BMP,ok,0.7608211974110033,76.08211974110033,False,normal,96,103,7523,9888,AB-/cluster_5_5635.BMP,AB-
/Users/a75027/Desktop/compsci 760/datasets/AB-/cluster_5_5637.BMP,ok,0.8619538834951457,86.19538834951457,False,normal,96,103,8523,9888,AB-/cluster_5_5637.BMP,AB-
/Users/a75027/Desktop/compsci 760/datasets/AB-/cluster_5_5639.BMP,ok,0.8726739482200647,87.26739482200647,False,normal,96,103,8629,9888,AB-/cluster_5_5639.BMP,AB-
/Users/a75027/Desktop/compsci 760/datasets/AB-/cluster_5_5663.BMP,ok,0.7334142394822006,73.34142394822007,False,normal,96,103,7252,9888,AB-/cluster_5_5663.BMP,AB-
/Users/a75027/Desktop/compsci 760/datasets/AB-/cluster_5_5685.BMP,ok,1.0,100.0,True,coverage_too_high,96,103,9888,9888,AB-/cluster_5_5685.BMP,AB-
/Users/a75027/Desktop/compsci 760/datasets/AB-/cluster_5_5692.BMP,ok,0.7212783171521036,72.12783171521036,False,normal,96,103,7132,9888,AB-/cluster_5_5692.BMP,AB-
/Users/a75027/Desktop/compsci 760/datasets/AB-/cluster_5_5693.BMP,ok,0.8022855987055016,80.22855987055017,False,normal,96,103,7933,9888,AB-/cluster_5_5693.BMP,AB-
/Users/a75027/Desktop/compsci 760/datasets/AB-/cluster_5_5698.BMP,ok,0.8711569579288025,87.11569579288026,False,normal,96,103,8614,9888,AB-/cluster_5_5698.BMP,AB-
/Users/a75027/Desktop/compsci 760/datasets/AB-/cluster_5_5699.BMP,ok,0.7125809061488673,71.25809061488673,False,normal,96,103,7046,9888,AB-/cluster_5_5699.BMP,AB-
/Users/a75027/Desktop/compsci 760/datasets/AB-/cluster_5_5701.BMP,ok,0.8052184466019418,80.52184466019418,False,normal,96,103,7962,9888,AB-/cluster_5_5701.BMP,AB-
/Users/a75027/Desktop/compsci 760/datasets/AB-/cluster_5_5702.BMP,ok,0.7147046925566343,71.47046925566343,False,normal,96,103,7067,9888,AB-/cluster_5_5702.BMP,AB-
/Users/a75027/Desktop/compsci 760/datasets/AB-/cluster_5_5703.BMP,ok,0.7604166666666666,76.04166666666666,False,normal,96,103,7519,9888,AB-/cluster_5_5703.BMP,AB-
/Users/a75027/Desktop/compsci 760/datasets/AB-/cluster_5_5708.BMP,ok,0.8292880258899676,82.92880258899676,False,normal,96,103,8200,9888,AB-/cluster_5_5708.BMP,AB-
/Users/a75027/Desktop/compsci 760/datasets/AB-/cluster_5_5712.BMP,ok,0.8107807443365695,81.07807443365695,False,normal,96,103,8017,9888,AB-/cluster_5_5712.BMP,AB-
/Users/a75027/Desktop/compsci 760/datasets/AB-/cluster_5_5716.BMP,ok,0.22835760517799353,22.835760517799354,False,normal,96,103,2258,9888,AB-/cluster_5_5716.BMP,AB-
/Users/a75027/Desktop/compsci 760/datasets/AB-/cluster_5_5722.BMP,ok,0.679004854368932,67.9004854368932,False,normal,96,103,6714,9888,AB-/cluster_5_5722.BMP,AB-
/Users/a75027/Desktop/compsci 760/datasets/AB-/cluster_5_5726.BMP,ok,0.6720266990291263,67.20266990291263,False,normal,96,103,6645,9888,AB-/cluster_5_5726.BMP,AB-
/Users/a75027/Desktop/compsci 760/datasets/AB-/cluster_5_5732.BMP,ok,0.7226941747572816,72.26941747572816,False,normal,96,103,7146,9888,AB-/cluster_5_5732.BMP,AB-
/Users/a75027/Desktop/compsci 760/datasets/AB-/cluster_5_5745.BMP,ok,0.7775080906148867,77.75080906148867,False,normal,96,103,7688,9888,AB-/cluster_5_5745.BMP,AB-
/Users/a75027/Desktop/compsci 760/datasets/AB-/cluster_5_5749.BMP,ok,0.8505258899676376,85.05258899676376,False,normal,96,103,8410,9888,AB-/cluster_5_5749.BMP,AB-
/Users/a75027/Desktop/compsci 760/datasets/AB-/cluster_5_575.BMP,ok,0.7034789644012945,70.34789644012946,False,normal,96,103,6956,9888,AB-/cluster_5_575.BMP,AB-
/Users/a75027/Desktop/compsci 760/datasets/AB-/cluster_5_5750.BMP,ok,0.7787216828478964,77.87216828478964,False,normal,96,103,7700,9888,AB-/cluster_5_5750.BMP,AB-
/Users/a75027/Desktop/compsci 760/datasets/AB-/cluster_5_5760.BMP,ok,0.7843851132686084,78.43851132686083,False,normal,96,103,7756,9888,AB-/cluster_5_5760.BMP,AB-
/Users/a75027/Desktop/compsci 760/datasets/AB-/cluster_5_5762.BMP,ok,0.23038025889967637,23.038025889967635,False,normal,96,103,2278,9888,AB-/cluster_5_5762.BMP,AB-
/Users/a75027/Desktop/compsci 760/datasets/AB-/cluster_5_5764.BMP,ok,0.7591019417475728,75.91019417475728,False,normal,96,103,7506,9888,AB-/cluster_5_5764.BMP,AB-
/Users/a75027/Desktop/compsci 760/datasets/AB-/cluster_5_5777.BMP,ok,0.8005663430420712,80.05663430420712,False,normal,96,103,7916,9888,AB-/cluster_5_5777.BMP,AB-
/Users/a75027/Desktop/compsci 760/datasets/AB-/cluster_5_5803.BMP,ok,0.8006674757281553,80.06674757281553,False,normal,96,103,7917,9888,AB-/cluster_5_5803.BMP,AB-
/Users/a75027/Desktop/compsci 760/datasets/AB-/cluster_5_5804.BMP,ok,0.88915857605178,88.91585760517799,False,normal,96,103,8792,9888,AB-/cluster_5_5804.BMP,AB-
/Users/a75027/Desktop/compsci 760/datasets/AB-/cluster_5_5807.BMP,ok,0.7277508090614887,72.77508090614887,False,normal,96,103,7196,9888,AB-/cluster_5_5807.BMP,AB-
/Users/a75027/Desktop/compsci 760/datasets/AB-/cluster_5_5808.BMP,ok,0.7205703883495146,72.05703883495146,False,normal,96,103,7125,9888,AB-/cluster_5_5808.BMP,AB-
/Users/a75027/Desktop/compsci 760/datasets/AB-/cluster_5_5823.BMP,ok,0.7824635922330098,78.24635922330097,False,normal,96,103,7737,9888,AB-/cluster_5_5823.BMP,AB-
/Users/a75027/Desktop/compsci 760/datasets/AB-/cluster_5_5834.BMP,ok,0.870044498381877,87.0044498381877,False,normal,96,103,8603,9888,AB-/cluster_5_5834.BMP,AB-
/Users/a75027/Desktop/compsci 760/datasets/AB-/cluster_5_5835.BMP,ok,0.7923745954692557,79.23745954692556,False,normal,96,103,7835,9888,AB-/cluster_5_5835.BMP,AB-
/Users/a75027/Desktop/compsci 760/datasets/AB-/cluster_5_5842.BMP,ok,0.6984223300970874,69.84223300970875,False,normal,96,103,6906,9888,AB-/cluster_5_5842.BMP,AB-
/Users/a75027/Desktop/compsci 760/datasets/AB-/cluster_5_5843.BMP,ok,0.7706310679611651,77.06310679611651,False,normal,96,103,7620,9888,AB-/cluster_5_5843.BMP,AB-
/Users/a75027/Desktop/compsci 760/datasets/AB-/cluster_5_5887.BMP,ok,0.8438511326860841,84.38511326860841,False,normal,96,103,8344,9888,AB-/cluster_5_5887.BMP,AB-
/Users/a75027/Desktop/compsci 760/datasets/AB-/cluster_5_5888.BMP,ok,0.8404126213592233,84.04126213592234,False,normal,96,103,8310,9888,AB-/cluster_5_5888.BMP,AB-
/Users/a75027/Desktop/compsci 760/datasets/AB-/cluster_5_5890.BMP,ok,0.737156148867314,73.7156148867314,False,normal,96,103,7289,9888,AB-/cluster_5_5890.BMP,AB-
/Users/a75027/Desktop/compsci 760/datasets/AB-/cluster_5_5892.BMP,ok,0.7270428802588996,72.70428802588997,False,normal,96,103,7189,9888,AB-/cluster_5_5892.BMP,AB-
/Users/a75027/Desktop/compsci 760/datasets/AB-/cluster_5_5895.BMP,ok,0.7742718446601942,77.42718446601941,False,normal,96,103,7656,9888,AB-/cluster_5_5895.BMP,AB-
/Users/a75027/Desktop/compsci 760/datasets/AB-/cluster_5_5896.BMP,ok,0.7686084142394822,76.86084142394822,False,normal,96,103,7600,9888,AB-/cluster_5_5896.BMP,AB-
/Users/a75027/Desktop/compsci 760/datasets/AB-/cluster_5_5910.BMP,ok,0.7965210355987055,79.65210355987054,False,normal,96,103,7876,9888,AB-/cluster_5_5910.BMP,AB-
/Users/a75027/Desktop/compsci 760/datasets/AB-/cluster_5_5950.BMP,ok,0.7530339805825242,75.30339805825243,False,normal,96,103,7446,9888,AB-/cluster_5_5950.BMP,AB-
/Users/a75027/Desktop/compsci 760/datasets/AB-/cluster_5_5954.BMP,ok,0.8249393203883495,82.49393203883496,False,normal,96,103,8157,9888,AB-/cluster_5_5954.BMP,AB-
/Users/a75027/Desktop/compsci 760/datasets/AB-/cluster_5_5956.BMP,ok,0.7986448220064725,79.86448220064725,False,normal,96,103,7897,9888,AB-/cluster_5_5956.BMP,AB-
/Users/a75027/Desktop/compsci 760/datasets/AB-/cluster_5_5961.BMP,ok,0.8445590614886731,84.45590614886731,False,normal,96,103,8351,9888,AB-/cluster_5_5961.BMP,AB-
/Users/a75027/Desktop/compsci 760/datasets/AB-/cluster_5_597.BMP,ok,0.6614077669902912,66.14077669902912,False,normal,96,103,6540,9888,AB-/cluster_5_597.BMP,AB-
/Users/a75027/Desktop/compsci 760/datasets/AB-/cluster_5_5974.BMP,ok,0.7824635922330098,78.24635922330097,False,normal,96,103,7737,9888,AB-/cluster_5_5974.BMP,AB-
/Users/a75027/Desktop/compsci 760/datasets/AB-/cluster_5_5980.BMP,ok,0.7524271844660194,75.24271844660194,False,normal,96,103,7440,9888,AB-/cluster_5_5980.BMP,AB-
/Users/a75027/Desktop/compsci 760/datasets/AB-/cluster_5_5990.BMP,ok,1.0,100.0,True,coverage_too_high,96,103,9888,9888,AB-/cluster_5_5990.BMP,AB-
/Users/a75027/Desktop/compsci 760/datasets/AB-/cluster_5_5992.BMP,ok,0.72582928802589,72.582928802589,False,normal,96,103,7177,9888,AB-/cluster_5_5992.BMP,AB-
/Users/a75027/Desktop/compsci 760/datasets/AB-/cluster_5_609.BMP,ok,0.7621359223300971,76.2135922330097,False,normal,96,103,7536,9888,AB-/cluster_5_609.BMP,AB-
/Users/a75027/Desktop/compsci 760/datasets/AB-/cluster_5_620.BMP,ok,0.748584142394822,74.8584142394822,False,normal,96,103,7402,9888,AB-/cluster_5_620.BMP,AB-
/Users/a75027/Desktop/compsci 760/datasets/AB-/cluster_5_630.BMP,ok,0.7646642394822006,76.46642394822007,False,normal,96,103,7561,9888,AB-/cluster_5_630.BMP,AB-
/Users/a75027/Desktop/compsci 760/datasets/AB-/cluster_5_633.BMP,ok,1.0,100.0,True,coverage_too_high,96,103,9888,9888,AB-/cluster_5_633.BMP,AB-
/Users/a75027/Desktop/compsci 760/datasets/AB-/cluster_5_648.BMP,ok,1.0,100.0,True,coverage_too_high,96,103,9888,9888,AB-/cluster_5_648.BMP,AB-
/Users/a75027/Desktop/compsci 760/datasets/AB-/cluster_5_656.BMP,ok,0.527002427184466,52.7002427184466,False,normal,96,103,5211,9888,AB-/cluster_5_656.BMP,AB-
/Users/a75027/Desktop/compsci 760/datasets/AB-/cluster_5_657.BMP,ok,0.7655744336569579,76.55744336569579,False,normal,96,103,7570,9888,AB-/cluster_5_657.BMP,AB-
/Users/a75027/Desktop/compsci 760/datasets/AB-/cluster_5_670.BMP,ok,1.0,100.0,True,coverage_too_high,96,103,9888,9888,AB-/cluster_5_670.BMP,AB-
/Users/a75027/Desktop/compsci 760/datasets/AB-/cluster_5_674.BMP,ok,0.7568770226537217,75.68770226537217,False,normal,96,103,7484,9888,AB-/cluster_5_674.BMP,AB-
/Users/a75027/Desktop/compsci 760/datasets/AB-/cluster_5_683.BMP,ok,0.8021844660194175,80.21844660194175,False,normal,96,103,7932,9888,AB-/cluster_5_683.BMP,AB-
/Users/a75027/Desktop/compsci 760/datasets/AB-/cluster_5_701.BMP,ok,1.0,100.0,True,coverage_too_high,96,103,9888,9888,AB-/cluster_5_701.BMP,AB-
/Users/a75027/Desktop/compsci 760/datasets/AB-/cluster_5_71.BMP,ok,1.0,100.0,True,coverage_too_high,96,103,9888,9888,AB-/cluster_5_71.BMP,AB-
/Users/a75027/Desktop/compsci 760/datasets/AB-/cluster_5_710.BMP,ok,0.5666464401294499,56.66464401294499,False,normal,96,103,5603,9888,AB-/cluster_5_710.BMP,AB-
/Users/a75027/Desktop/compsci 760/datasets/AB-/cluster_5_718.BMP,ok,0.7577872168284789,75.77872168284789,False,normal,96,103,7493,9888,AB-/cluster_5_718.BMP,AB-
/Users/a75027/Desktop/compsci 760/datasets/AB-/cluster_5_725.BMP,ok,0.7105582524271845,71.05582524271846,False,normal,96,103,7026,9888,AB-/cluster_5_725.BMP,AB-
/Users/a75027/Desktop/compsci 760/datasets/AB-/cluster_5_736.BMP,ok,0.676779935275081,67.6779935275081,False,normal,96,103,6692,9888,AB-/cluster_5_736.BMP,AB-
/Users/a75027/Desktop/compsci 760/datasets/AB-/cluster_5_745.BMP,ok,0.7714401294498382,77.14401294498381,False,normal,96,103,7628,9888,AB-/cluster_5_745.BMP,AB-
/Users/a75027/Desktop/compsci 760/datasets/AB-/cluster_5_754.BMP,ok,0.7486852750809061,74.86852750809061,False,normal,96,103,7403,9888,AB-/cluster_5_754.BMP,AB-
/Users/a75027/Desktop/compsci 760/datasets/AB-/cluster_5_763.BMP,ok,0.44245550161812297,44.2455501618123,False,normal,96,103,4375,9888,AB-/cluster_5_763.BMP,AB-
/Users/a75027/Desktop/compsci 760/datasets/AB-/cluster_5_764.BMP,ok,0.76709142394822,76.70914239482201,False,normal,96,103,7585,9888,AB-/cluster_5_764.BMP,AB-
/Users/a75027/Desktop/compsci 760/datasets/AB-/cluster_5_766.BMP,ok,0.7040857605177994,70.40857605177993,False,normal,96,103,6962,9888,AB-/cluster_5_766.BMP,AB-
/Users/a75027/Desktop/compsci 760/datasets/AB-/cluster_5_769.BMP,ok,0.713794498381877,71.3794498381877,False,normal,96,103,7058,9888,AB-/cluster_5_769.BMP,AB-
/Users/a75027/Desktop/compsci 760/datasets/AB-/cluster_5_772.BMP,ok,0.8034991909385113,80.34991909385113,False,normal,96,103,7945,9888,AB-/cluster_5_772.BMP,AB-
/Users/a75027/Desktop/compsci 760/datasets/AB-/cluster_5_780.BMP,ok,0.7886326860841424,78.86326860841424,False,normal,96,103,7798,9888,AB-/cluster_5_780.BMP,AB-
/Users/a75027/Desktop/compsci 760/datasets/AB-/cluster_5_8.BMP,ok,0.8129045307443366,81.29045307443366,False,normal,96,103,8038,9888,AB-/cluster_5_8.BMP,AB-
/Users/a75027/Desktop/compsci 760/datasets/AB-/cluster_5_80.BMP,ok,0.5379247572815534,53.792475728155345,False,normal,96,103,5319,9888,AB-/cluster_5_80.BMP,AB-
/Users/a75027/Desktop/compsci 760/datasets/AB-/cluster_5_801.BMP,ok,0.7737661812297735,77.37661812297735,False,normal,96,103,7651,9888,AB-/cluster_5_801.BMP,AB-
/Users/a75027/Desktop/compsci 760/datasets/AB-/cluster_5_81.BMP,ok,0.8034991909385113,80.34991909385113,False,normal,96,103,7945,9888,AB-/cluster_5_81.BMP,AB-
/Users/a75027/Desktop/compsci 760/datasets/AB-/cluster_5_819.BMP,ok,0.8281755663430421,82.81755663430421,False,normal,96,103,8189,9888,AB-/cluster_5_819.BMP,AB-
/Users/a75027/Desktop/compsci 760/datasets/AB-/cluster_5_82.BMP,ok,0.6588794498381877,65.88794498381877,False,normal,96,103,6515,9888,AB-/cluster_5_82.BMP,AB-
/Users/a75027/Desktop/compsci 760/datasets/AB-/cluster_5_820.BMP,ok,0.745044498381877,74.5044498381877,False,normal,96,103,7367,9888,AB-/cluster_5_820.BMP,AB-
/Users/a75027/Desktop/compsci 760/datasets/AB-/cluster_5_838.BMP,ok,0.7868122977346278,78.68122977346277,False,normal,96,103,7780,9888,AB-/cluster_5_838.BMP,AB-
/Users/a75027/Desktop/compsci 760/datasets/AB-/cluster_5_840.BMP,ok,0.7790250809061489,77.90250809061489,False,normal,96,103,7703,9888,AB-/cluster_5_840.BMP,AB-
/Users/a75027/Desktop/compsci 760/datasets/AB-/cluster_5_852.BMP,ok,0.8495145631067961,84.9514563106796,False,normal,96,103,8400,9888,AB-/cluster_5_852.BMP,AB-
/Users/a75027/Desktop/compsci 760/datasets/AB-/cluster_5_853.BMP,ok,0.703782362459547,70.3782362459547,False,normal,96,103,6959,9888,AB-/cluster_5_853.BMP,AB-
/Users/a75027/Desktop/compsci 760/datasets/AB-/cluster_5_866.BMP,ok,0.2273462783171521,22.73462783171521,False,normal,96,103,2248,9888,AB-/cluster_5_866.BMP,AB-
/Users/a75027/Desktop/compsci 760/datasets/AB-/cluster_5_867.BMP,ok,0.8165453074433657,81.65453074433657,False,normal,96,103,8074,9888,AB-/cluster_5_867.BMP,AB-
/Users/a75027/Desktop/compsci 760/datasets/AB-/cluster_5_876.BMP,ok,0.7591019417475728,75.91019417475728,False,normal,96,103,7506,9888,AB-/cluster_5_876.BMP,AB-
/Users/a75027/Desktop/compsci 760/datasets/AB-/cluster_5_887.BMP,ok,0.7588996763754046,75.88996763754045,False,normal,96,103,7504,9888,AB-/cluster_5_887.BMP,AB-
/Users/a75027/Desktop/compsci 760/datasets/AB-/cluster_5_889.BMP,ok,1.0,100.0,True,coverage_too_high,96,103,9888,9888,AB-/cluster_5_889.BMP,AB-
/Users/a75027/Desktop/compsci 760/datasets/AB-/cluster_5_891.BMP,ok,1.0,100.0,True,coverage_too_high,96,103,9888,9888,AB-/cluster_5_891.BMP,AB-
/Users/a75027/Desktop/compsci 760/datasets/AB-/cluster_5_895.BMP,ok,0.8064320388349514,80.64320388349515,False,normal,96,103,7974,9888,AB-/cluster_5_895.BMP,AB-
/Users/a75027/Desktop/compsci 760/datasets/AB-/cluster_5_898.BMP,ok,0.7846885113268608,78.46885113268608,False,normal,96,103,7759,9888,AB-/cluster_5_898.BMP,AB-
/Users/a75027/Desktop/compsci 760/datasets/AB-/cluster_5_899.BMP,ok,0.6365291262135923,63.65291262135923,False,normal,96,103,6294,9888,AB-/cluster_5_899.BMP,AB-
/Users/a75027/Desktop/compsci 760/datasets/AB-/cluster_5_901.BMP,ok,0.7709344660194175,77.09344660194175,False,normal,96,103,7623,9888,AB-/cluster_5_901.BMP,AB-
/Users/a75027/Desktop/compsci 760/datasets/AB-/cluster_5_903.BMP,ok,1.0,100.0,True,coverage_too_high,96,103,9888,9888,AB-/cluster_5_903.BMP,AB-
/Users/a75027/Desktop/compsci 760/datasets/AB-/cluster_5_907.BMP,ok,0.7387742718446602,73.87742718446601,False,normal,96,103,7305,9888,AB-/cluster_5_907.BMP,AB-
/Users/a75027/Desktop/compsci 760/datasets/AB-/cluster_5_916.BMP,ok,0.7595064724919094,75.95064724919094,False,normal,96,103,7510,9888,AB-/cluster_5_916.BMP,AB-
/Users/a75027/Desktop/compsci 760/datasets/AB-/cluster_5_919.BMP,ok,0.7153114886731392,71.53114886731392,False,normal,96,103,7073,9888,AB-/cluster_5_919.BMP,AB-
/Users/a75027/Desktop/compsci 760/datasets/AB-/cluster_5_920.BMP,ok,0.8003640776699029,80.0364077669903,False,normal,96,103,7914,9888,AB-/cluster_5_920.BMP,AB-
/Users/a75027/Desktop/compsci 760/datasets/AB-/cluster_5_922.BMP,ok,0.7850930420711975,78.50930420711974,False,normal,96,103,7763,9888,AB-/cluster_5_922.BMP,AB-
/Users/a75027/Desktop/compsci 760/datasets/AB-/cluster_5_94.BMP,ok,0.7486852750809061,74.86852750809061,False,normal,96,103,7403,9888,AB-/cluster_5_94.BMP,AB-
/Users/a75027/Desktop/compsci 760/datasets/AB-/cluster_5_943.BMP,ok,0.8701456310679612,87.01456310679612,False,normal,96,103,8604,9888,AB-/cluster_5_943.BMP,AB-
/Users/a75027/Desktop/compsci 760/datasets/AB-/cluster_5_944.BMP,ok,0.7851941747572816,78.51941747572816,False,normal,96,103,7764,9888,AB-/cluster_5_944.BMP,AB-
/Users/a75027/Desktop/compsci 760/datasets/AB-/cluster_5_945.BMP,ok,0.676173139158576,67.61731391585761,False,normal,96,103,6686,9888,AB-/cluster_5_945.BMP,AB-
/Users/a75027/Desktop/compsci 760/datasets/AB-/cluster_5_948.BMP,ok,0.8481998381877023,84.81998381877023,False,normal,96,103,8387,9888,AB-/cluster_5_948.BMP,AB-
/Users/a75027/Desktop/compsci 760/datasets/AB-/cluster_5_95.BMP,ok,0.7729571197411004,77.29571197411003,False,normal,96,103,7643,9888,AB-/cluster_5_95.BMP,AB-
/Users/a75027/Desktop/compsci 760/datasets/AB-/cluster_5_950.BMP,ok,0.7330097087378641,73.30097087378641,False,normal,96,103,7248,9888,AB-/cluster_5_950.BMP,AB-
/Users/a75027/Desktop/compsci 760/datasets/AB-/cluster_5_969.BMP,ok,0.6059870550161812,60.59870550161812,False,normal,96,103,5992,9888,AB-/cluster_5_969.BMP,AB-
/Users/a75027/Desktop/compsci 760/datasets/AB-/cluster_5_984.BMP,ok,0.63207928802589,63.207928802588995,False,normal,96,103,6250,9888,AB-/cluster_5_984.BMP,AB-
/Users/a75027/Desktop/compsci 760/datasets/B+/cluster_2_10.BMP,ok,0.7057038834951457,70.57038834951457,False,normal,96,103,6978,9888,B+/cluster_2_10.BMP,B+
/Users/a75027/Desktop/compsci 760/datasets/B+/cluster_2_1006.BMP,ok,0.7419093851132686,74.19093851132686,False,normal,96,103,7336,9888,B+/cluster_2_1006.BMP,B+
/Users/a75027/Desktop/compsci 760/datasets/B+/cluster_2_1012.BMP,ok,0.7099514563106796,70.99514563106796,False,normal,96,103,7020,9888,B+/cluster_2_1012.BMP,B+
/Users/a75027/Desktop/compsci 760/datasets/B+/cluster_2_1021.BMP,ok,0.637843851132686,63.784385113268605,False,normal,96,103,6307,9888,B+/cluster_2_1021.BMP,B+
/Users/a75027/Desktop/compsci 760/datasets/B+/cluster_2_1038.BMP,ok,0.8163430420711975,81.63430420711974,False,normal,96,103,8072,9888,B+/cluster_2_1038.BMP,B+
/Users/a75027/Desktop/compsci 760/datasets/B+/cluster_2_104.BMP,ok,0.6799150485436893,67.99150485436894,False,normal,96,103,6723,9888,B+/cluster_2_104.BMP,B+
/Users/a75027/Desktop/compsci 760/datasets/B+/cluster_2_1048.BMP,ok,0.8332322006472492,83.32322006472492,False,normal,96,103,8239,9888,B+/cluster_2_1048.BMP,B+
/Users/a75027/Desktop/compsci 760/datasets/B+/cluster_2_1051.BMP,ok,0.7223907766990292,72.23907766990291,False,normal,96,103,7143,9888,B+/cluster_2_1051.BMP,B+
/Users/a75027/Desktop/compsci 760/datasets/B+/cluster_2_1053.BMP,ok,0.7658778317152104,76.58778317152104,False,normal,96,103,7573,9888,B+/cluster_2_1053.BMP,B+
/Users/a75027/Desktop/compsci 760/datasets/B+/cluster_2_1077.BMP,ok,0.7697208737864077,76.97208737864078,False,normal,96,103,7611,9888,B+/cluster_2_1077.BMP,B+
/Users/a75027/Desktop/compsci 760/datasets/B+/cluster_2_1078.BMP,ok,0.7843851132686084,78.43851132686083,False,normal,96,103,7756,9888,B+/cluster_2_1078.BMP,B+
/Users/a75027/Desktop/compsci 760/datasets/B+/cluster_2_1088.BMP,ok,0.7327063106796117,73.27063106796116,False,normal,96,103,7245,9888,B+/cluster_2_1088.BMP,B+
/Users/a75027/Desktop/compsci 760/datasets/B+/cluster_2_1090.BMP,ok,0.7615291262135923,76.15291262135922,False,normal,96,103,7530,9888,B+/cluster_2_1090.BMP,B+
/Users/a75027/Desktop/compsci 760/datasets/B+/cluster_2_1093.BMP,ok,0.6786003236245954,67.86003236245955,False,normal,96,103,6710,9888,B+/cluster_2_1093.BMP,B+
/Users/a75027/Desktop/compsci 760/datasets/B+/cluster_2_1100.BMP,ok,0.7196601941747572,71.96601941747572,False,normal,96,103,7116,9888,B+/cluster_2_1100.BMP,B+
/Users/a75027/Desktop/compsci 760/datasets/B+/cluster_2_1108.BMP,ok,0.7106593851132686,71.06593851132686,False,normal,96,103,7027,9888,B+/cluster_2_1108.BMP,B+
/Users/a75027/Desktop/compsci 760/datasets/B+/cluster_2_1111.BMP,ok,0.7583940129449838,75.83940129449837,False,normal,96,103,7499,9888,B+/cluster_2_1111.BMP,B+
/Users/a75027/Desktop/compsci 760/datasets/B+/cluster_2_1125.BMP,ok,0.8087580906148867,80.87580906148867,False,normal,96,103,7997,9888,B+/cluster_2_1125.BMP,B+
/Users/a75027/Desktop/compsci 760/datasets/B+/cluster_2_1135.BMP,ok,0.8269619741100324,82.69619741100324,False,normal,96,103,8177,9888,B+/cluster_2_1135.BMP,B+
/Users/a75027/Desktop/compsci 760/datasets/B+/cluster_2_1140.BMP,ok,0.7558656957928802,75.58656957928802,False,normal,96,103,7474,9888,B+/cluster_2_1140.BMP,B+
/Users/a75027/Desktop/compsci 760/datasets/B+/cluster_2_1150.BMP,ok,0.737156148867314,73.7156148867314,False,normal,96,103,7289,9888,B+/cluster_2_1150.BMP,B+
/Users/a75027/Desktop/compsci 760/datasets/B+/cluster_2_1157.BMP,ok,0.7425161812297735,74.25161812297735,False,normal,96,103,7342,9888,B+/cluster_2_1157.BMP,B+
/Users/a75027/Desktop/compsci 760/datasets/B+/cluster_2_1160.BMP,ok,0.7781148867313916,77.81148867313917,False,normal,96,103,7694,9888,B+/cluster_2_1160.BMP,B+
/Users/a75027/Desktop/compsci 760/datasets/B+/cluster_2_1182.BMP,ok,0.7953074433656958,79.53074433656958,False,normal,96,103,7864,9888,B+/cluster_2_1182.BMP,B+
/Users/a75027/Desktop/compsci 760/datasets/B+/cluster_2_1186.BMP,ok,0.7877224919093851,78.77224919093851,False,normal,96,103,7789,9888,B+/cluster_2_1186.BMP,B+
/Users/a75027/Desktop/compsci 760/datasets/B+/cluster_2_1189.BMP,ok,0.7529328478964401,75.293284789644,False,normal,96,103,7445,9888,B+/cluster_2_1189.BMP,B+
/Users/a75027/Desktop/compsci 760/datasets/B+/cluster_2_119.BMP,ok,0.7575849514563107,75.75849514563106,False,normal,96,103,7491,9888,B+/cluster_2_119.BMP,B+
/Users/a75027/Desktop/compsci 760/datasets/B+/cluster_2_1199.BMP,ok,0.7790250809061489,77.90250809061489,False,normal,96,103,7703,9888,B+/cluster_2_1199.BMP,B+
/Users/a75027/Desktop/compsci 760/datasets/B+/cluster_2_1205.BMP,ok,0.7645631067961165,76.45631067961165,False,normal,96,103,7560,9888,B+/cluster_2_1205.BMP,B+
/Users/a75027/Desktop/compsci 760/datasets/B+/cluster_2_1231.BMP,ok,0.7893406148867314,78.93406148867314,False,normal,96,103,7805,9888,B+/cluster_2_1231.BMP,B+
/Users/a75027/Desktop/compsci 760/datasets/B+/cluster_2_1248.BMP,ok,0.7338187702265372,73.38187702265373,False,normal,96,103,7256,9888,B+/cluster_2_1248.BMP,B+
/Users/a75027/Desktop/compsci 760/datasets/B+/cluster_2_1250.BMP,ok,0.7011529126213593,70.11529126213593,False,normal,96,103,6933,9888,B+/cluster_2_1250.BMP,B+
/Users/a75027/Desktop/compsci 760/datasets/B+/cluster_2_1256.BMP,ok,0.5820186084142395,58.201860841423944,False,normal,96,103,5755,9888,B+/cluster_2_1256.BMP,B+
/Users/a75027/Desktop/compsci 760/datasets/B+/cluster_2_1260.BMP,ok,0.6985234627831716,69.85234627831716,False,normal,96,103,6907,9888,B+/cluster_2_1260.BMP,B+
/Users/a75027/Desktop/compsci 760/datasets/B+/cluster_2_1268.BMP,ok,0.7682038834951457,76.82038834951457,False,normal,96,103,7596,9888,B+/cluster_2_1268.BMP,B+
/Users/a75027/Desktop/compsci 760/datasets/B+/cluster_2_1281.BMP,ok,0.7347289644012945,73.47289644012946,False,normal,96,103,7265,9888,B+/cluster_2_1281.BMP,B+
/Users/a75027/Desktop/compsci 760/datasets/B+/cluster_2_1284.BMP,ok,0.651294498381877,65.1294498381877,False,normal,96,103,6440,9888,B+/cluster_2_1284.BMP,B+
/Users/a75027/Desktop/compsci 760/datasets/B+/cluster_2_1325.BMP,ok,0.7673948220064725,76.73948220064725,False,normal,96,103,7588,9888,B+/cluster_2_1325.BMP,B+
/Users/a75027/Desktop/compsci 760/datasets/B+/cluster_2_133.BMP,ok,0.7326051779935275,73.26051779935275,False,normal,96,103,7244,9888,B+/cluster_2_133.BMP,B+
/Users/a75027/Desktop/compsci 760/datasets/B+/cluster_2_1336.BMP,ok,0.7816545307443366,78.16545307443366,False,normal,96,103,7729,9888,B+/cluster_2_1336.BMP,B+
/Users/a75027/Desktop/compsci 760/datasets/B+/cluster_2_134.BMP,ok,0.6558454692556634,65.58454692556634,False,normal,96,103,6485,9888,B+/cluster_2_134.BMP,B+
/Users/a75027/Desktop/compsci 760/datasets/B+/cluster_2_1348.BMP,ok,0.7663834951456311,76.6383495145631,False,normal,96,103,7578,9888,B+/cluster_2_1348.BMP,B+
/Users/a75027/Desktop/compsci 760/datasets/B+/cluster_2_135.BMP,ok,0.730076860841424,73.00768608414239,False,normal,96,103,7219,9888,B+/cluster_2_135.BMP,B+
/Users/a75027/Desktop/compsci 760/datasets/B+/cluster_2_1350.BMP,ok,0.6415857605177994,64.15857605177993,False,normal,96,103,6344,9888,B+/cluster_2_1350.BMP,B+
/Users/a75027/Desktop/compsci 760/datasets/B+/cluster_2_1359.BMP,ok,0.7379652103559871,73.7965210355987,False,normal,96,103,7297,9888,B+/cluster_2_1359.BMP,B+
/Users/a75027/Desktop/compsci 760/datasets/B+/cluster_2_1360.BMP,ok,0.7818567961165048,78.18567961165049,False,normal,96,103,7731,9888,B+/cluster_2_1360.BMP,B+
/Users/a75027/Desktop/compsci 760/datasets/B+/cluster_2_1362.BMP,ok,0.6845671521035599,68.456715210356,False,normal,96,103,6769,9888,B+/cluster_2_1362.BMP,B+
/Users/a75027/Desktop/compsci 760/datasets/B+/cluster_2_1394.BMP,ok,0.6986245954692557,69.86245954692556,False,normal,96,103,6908,9888,B+/cluster_2_1394.BMP,B+
/Users/a75027/Desktop/compsci 760/datasets/B+/cluster_2_1395.BMP,ok,0.7977346278317152,79.77346278317152,False,normal,96,103,7888,9888,B+/cluster_2_1395.BMP,B+
/Users/a75027/Desktop/compsci 760/datasets/B+/cluster_2_14.BMP,ok,0.7926779935275081,79.26779935275081,False,normal,96,103,7838,9888,B+/cluster_2_14.BMP,B+
/Users/a75027/Desktop/compsci 760/datasets/B+/cluster_2_140.BMP,ok,0.8093648867313916,80.93648867313917,False,normal,96,103,8003,9888,B+/cluster_2_140.BMP,B+
/Users/a75027/Desktop/compsci 760/datasets/B+/cluster_2_1407.BMP,ok,0.8046116504854369,80.46116504854369,False,normal,96,103,7956,9888,B+/cluster_2_1407.BMP,B+
/Users/a75027/Desktop/compsci 760/datasets/B+/cluster_2_1412.BMP,ok,0.5820186084142395,58.201860841423944,False,normal,96,103,5755,9888,B+/cluster_2_1412.BMP,B+
/Users/a75027/Desktop/compsci 760/datasets/B+/cluster_2_142.BMP,ok,0.6824433656957929,68.24433656957929,False,normal,96,103,6748,9888,B+/cluster_2_142.BMP,B+
/Users/a75027/Desktop/compsci 760/datasets/B+/cluster_2_1428.BMP,ok,0.665453074433657,66.5453074433657,False,normal,96,103,6580,9888,B+/cluster_2_1428.BMP,B+
/Users/a75027/Desktop/compsci 760/datasets/B+/cluster_2_143.BMP,ok,0.7564724919093851,75.64724919093851,False,normal,96,103,7480,9888,B+/cluster_2_143.BMP,B+
/Users/a75027/Desktop/compsci 760/datasets/B+/cluster_2_1458.BMP,ok,0.8141181229773463,81.41181229773463,False,normal,96,103,8050,9888,B+/cluster_2_1458.BMP,B+
/Users/a75027/Desktop/compsci 760/datasets/B+/cluster_2_1461.BMP,ok,0.7207726537216829,72.07726537216828,False,normal,96,103,7127,9888,B+/cluster_2_1461.BMP,B+
/Users/a75027/Desktop/compsci 760/datasets/B+/cluster_2_1462.BMP,ok,0.79834142394822,79.83414239482201,False,normal,96,103,7894,9888,B+/cluster_2_1462.BMP,B+
/Users/a75027/Desktop/compsci 760/datasets/B+/cluster_2_147.BMP,ok,0.7427184466019418,74.27184466019418,False,normal,96,103,7344,9888,B+/cluster_2_147.BMP,B+
/Users/a75027/Desktop/compsci 760/datasets/B+/cluster_2_1472.BMP,ok,0.7020631067961165,70.20631067961165,False,normal,96,103,6942,9888,B+/cluster_2_1472.BMP,B+
/Users/a75027/Desktop/compsci 760/datasets/B+/cluster_2_1475.BMP,ok,0.7310881877022654,73.10881877022653,False,normal,96,103,7229,9888,B+/cluster_2_1475.BMP,B+
/Users/a75027/Desktop/compsci 760/datasets/B+/cluster_2_1483.BMP,ok,0.658373786407767,65.8373786407767,False,normal,96,103,6510,9888,B+/cluster_2_1483.BMP,B+
/Users/a75027/Desktop/compsci 760/datasets/B+/cluster_2_1484.BMP,ok,0.5971885113268608,59.718851132686076,False,normal,96,103,5905,9888,B+/cluster_2_1484.BMP,B+
/Users/a75027/Desktop/compsci 760/datasets/B+/cluster_2_1490.BMP,ok,0.743628640776699,74.3628640776699,False,normal,96,103,7353,9888,B+/cluster_2_1490.BMP,B+
/Users/a75027/Desktop/compsci 760/datasets/B+/cluster_2_1500.BMP,ok,0.7835760517799353,78.35760517799353,False,normal,96,103,7748,9888,B+/cluster_2_1500.BMP,B+
/Users/a75027/Desktop/compsci 760/datasets/B+/cluster_2_153.BMP,ok,0.7753843042071198,77.53843042071198,False,normal,96,103,7667,9888,B+/cluster_2_153.BMP,B+
/Users/a75027/Desktop/compsci 760/datasets/B+/cluster_2_1533.BMP,ok,0.6987257281553398,69.87257281553399,False,normal,96,103,6909,9888,B+/cluster_2_1533.BMP,B+
/Users/a75027/Desktop/compsci 760/datasets/B+/cluster_2_1535.BMP,ok,0.794700647249191,79.4700647249191,False,normal,96,103,7858,9888,B+/cluster_2_1535.BMP,B+
/Users/a75027/Desktop/compsci 760/datasets/B+/cluster_2_1537.BMP,ok,0.7387742718446602,73.87742718446601,False,normal,96,103,7305,9888,B+/cluster_2_1537.BMP,B+
/Users/a75027/Desktop/compsci 760/datasets/B+/cluster_2_154.BMP,ok,0.8033980582524272,80.33980582524272,False,normal,96,103,7944,9888,B+/cluster_2_154.BMP,B+
/Users/a75027/Desktop/compsci 760/datasets/B+/cluster_2_1545.BMP,ok,0.8070388349514563,80.70388349514563,False,normal,96,103,7980,9888,B+/cluster_2_1545.BMP,B+
/Users/a75027/Desktop/compsci 760/datasets/B+/cluster_2_155.BMP,ok,0.7750809061488673,77.50809061488673,False,normal,96,103,7664,9888,B+/cluster_2_155.BMP,B+
/Users/a75027/Desktop/compsci 760/datasets/B+/cluster_2_1553.BMP,ok,0.7575849514563107,75.75849514563106,False,normal,96,103,7491,9888,B+/cluster_2_1553.BMP,B+
/Users/a75027/Desktop/compsci 760/datasets/B+/cluster_2_1559.BMP,ok,0.7291666666666666,72.91666666666666,False,normal,96,103,7210,9888,B+/cluster_2_1559.BMP,B+
/Users/a75027/Desktop/compsci 760/datasets/B+/cluster_2_1564.BMP,ok,0.7981391585760518,79.81391585760518,False,normal,96,103,7892,9888,B+/cluster_2_1564.BMP,B+
/Users/a75027/Desktop/compsci 760/datasets/B+/cluster_2_1567.BMP,ok,0.7658778317152104,76.58778317152104,False,normal,96,103,7573,9888,B+/cluster_2_1567.BMP,B+
/Users/a75027/Desktop/compsci 760/datasets/B+/cluster_2_1579.BMP,ok,0.7866100323624595,78.66100323624595,False,normal,96,103,7778,9888,B+/cluster_2_1579.BMP,B+
/Users/a75027/Desktop/compsci 760/datasets/B+/cluster_2_158.BMP,ok,0.7508090614886731,75.08090614886731,False,normal,96,103,7424,9888,B+/cluster_2_158.BMP,B+
/Users/a75027/Desktop/compsci 760/datasets/B+/cluster_2_1588.BMP,ok,0.70459142394822,70.45914239482201,False,normal,96,103,6967,9888,B+/cluster_2_1588.BMP,B+
/Users/a75027/Desktop/compsci 760/datasets/B+/cluster_2_159.BMP,ok,0.7019619741100324,70.19619741100324,False,normal,96,103,6941,9888,B+/cluster_2_159.BMP,B+
/Users/a75027/Desktop/compsci 760/datasets/B+/cluster_2_1595.BMP,ok,0.7094457928802589,70.94457928802589,False,normal,96,103,7015,9888,B+/cluster_2_1595.BMP,B+
/Users/a75027/Desktop/compsci 760/datasets/B+/cluster_2_1601.BMP,ok,0.7765978964401294,77.65978964401295,False,normal,96,103,7679,9888,B+/cluster_2_1601.BMP,B+
/Users/a75027/Desktop/compsci 760/datasets/B+/cluster_2_1605.BMP,ok,0.7332119741100324,73.32119741100324,False,normal,96,103,7250,9888,B+/cluster_2_1605.BMP,B+
/Users/a75027/Desktop/compsci 760/datasets/B+/cluster_2_1614.BMP,ok,0.7002427184466019,70.02427184466019,False,normal,96,103,6924,9888,B+/cluster_2_1614.BMP,B+
/Users/a75027/Desktop/compsci 760/datasets/B+/cluster_2_1617.BMP,ok,0.7956108414239482,79.56108414239482,False,normal,96,103,7867,9888,B+/cluster_2_1617.BMP,B+
/Users/a75027/Desktop/compsci 760/datasets/B+/cluster_2_1634.BMP,ok,0.6581715210355987,65.81715210355988,False,normal,96,103,6508,9888,B+/cluster_2_1634.BMP,B+
/Users/a75027/Desktop/compsci 760/datasets/B+/cluster_2_1639.BMP,ok,0.7650687702265372,76.50687702265373,False,normal,96,103,7565,9888,B+/cluster_2_1639.BMP,B+
/Users/a75027/Desktop/compsci 760/datasets/B+/cluster_2_164.BMP,ok,0.7870145631067961,78.7014563106796,False,normal,96,103,7782,9888,B+/cluster_2_164.BMP,B+
/Users/a75027/Desktop/compsci 760/datasets/B+/cluster_2_1647.BMP,ok,0.6484627831715211,64.84627831715211,False,normal,96,103,6412,9888,B+/cluster_2_1647.BMP,B+
/Users/a75027/Desktop/compsci 760/datasets/B+/cluster_2_1651.BMP,ok,0.7262338187702265,72.62338187702265,False,normal,96,103,7181,9888,B+/cluster_2_1651.BMP,B+
/Users/a75027/Desktop/compsci 760/datasets/B+/cluster_2_1654.BMP,ok,0.7931836569579288,79.31836569579288,False,normal,96,103,7843,9888,B+/cluster_2_1654.BMP,B+
/Users/a75027/Desktop/compsci 760/datasets/B+/cluster_2_1666.BMP,ok,0.8263551779935275,82.63551779935275,False,normal,96,103,8171,9888,B+/cluster_2_1666.BMP,B+
/Users/a75027/Desktop/compsci 760/datasets/B+/cluster_2_1674.BMP,ok,0.783373786407767,78.3373786407767,False,normal,96,103,7746,9888,B+/cluster_2_1674.BMP,B+
/Users/a75027/Desktop/compsci 760/datasets/B+/cluster_2_1681.BMP,ok,0.7333131067961165,73.33131067961165,False,normal,96,103,7251,9888,B+/cluster_2_1681.BMP,B+
/Users/a75027/Desktop/compsci 760/datasets/B+/cluster_2_1685.BMP,ok,0.655156089002757,65.51560890027571,False,normal,241,298,47052,71818,B+/cluster_2_1685.BMP,B+
/Users/a75027/Desktop/compsci 760/datasets/B+/cluster_2_169.BMP,ok,0.796217637540453,79.6217637540453,False,normal,96,103,7873,9888,B+/cluster_2_169.BMP,B+
/Users/a75027/Desktop/compsci 760/datasets/B+/cluster_2_1703.BMP,ok,0.8141181229773463,81.41181229773463,False,normal,96,103,8050,9888,B+/cluster_2_1703.BMP,B+
/Users/a75027/Desktop/compsci 760/datasets/B+/cluster_2_1705.BMP,ok,0.7011529126213593,70.11529126213593,False,normal,96,103,6933,9888,B+/cluster_2_1705.BMP,B+
/Users/a75027/Desktop/compsci 760/datasets/B+/cluster_2_1712.BMP,ok,0.5487459546925566,54.87459546925566,False,normal,96,103,5426,9888,B+/cluster_2_1712.BMP,B+
/Users/a75027/Desktop/compsci 760/datasets/B+/cluster_2_1722.BMP,ok,0.7067152103559871,70.6715210355987,False,normal,96,103,6988,9888,B+/cluster_2_1722.BMP,B+
/Users/a75027/Desktop/compsci 760/datasets/B+/cluster_2_1727.BMP,ok,0.8389967637540453,83.89967637540452,False,normal,96,103,8296,9888,B+/cluster_2_1727.BMP,B+
/Users/a75027/Desktop/compsci 760/datasets/B+/cluster_2_1734.BMP,ok,0.7425161812297735,74.25161812297735,False,normal,96,103,7342,9888,B+/cluster_2_1734.BMP,B+
/Users/a75027/Desktop/compsci 760/datasets/B+/cluster_2_1736.BMP,ok,0.6164037216828478,61.640372168284784,False,normal,96,103,6095,9888,B+/cluster_2_1736.BMP,B+
/Users/a75027/Desktop/compsci 760/datasets/B+/cluster_2_174.BMP,ok,0.7435275080906149,74.35275080906149,False,normal,96,103,7352,9888,B+/cluster_2_174.BMP,B+
/Users/a75027/Desktop/compsci 760/datasets/B+/cluster_2_1746.BMP,ok,0.7387742718446602,73.87742718446601,False,normal,96,103,7305,9888,B+/cluster_2_1746.BMP,B+
/Users/a75027/Desktop/compsci 760/datasets/B+/cluster_2_1750.BMP,ok,0.7406957928802589,74.06957928802589,False,normal,96,103,7324,9888,B+/cluster_2_1750.BMP,B+
/Users/a75027/Desktop/compsci 760/datasets/B+/cluster_2_1755.BMP,ok,0.807544498381877,80.7544498381877,False,normal,96,103,7985,9888,B+/cluster_2_1755.BMP,B+
/Users/a75027/Desktop/compsci 760/datasets/B+/cluster_2_1763.BMP,ok,0.6943770226537217,69.43770226537217,False,normal,96,103,6866,9888,B+/cluster_2_1763.BMP,B+
/Users/a75027/Desktop/compsci 760/datasets/B+/cluster_2_1776.BMP,ok,0.8002629449838188,80.02629449838187,False,normal,96,103,7913,9888,B+/cluster_2_1776.BMP,B+
/Users/a75027/Desktop/compsci 760/datasets/B+/cluster_2_1777.BMP,ok,0.7565736245954693,75.65736245954693,False,normal,96,103,7481,9888,B+/cluster_2_1777.BMP,B+
/Users/a75027/Desktop/compsci 760/datasets/B+/cluster_2_1786.BMP,ok,0.7516181229773463,75.16181229773463,False,normal,96,103,7432,9888,B+/cluster_2_1786.BMP,B+
/Users/a75027/Desktop/compsci 760/datasets/B+/cluster_2_1796.BMP,ok,0.7452467637540453,74.52467637540452,False,normal,96,103,7369,9888,B+/cluster_2_1796.BMP,B+
/Users/a75027/Desktop/compsci 760/datasets/B+/cluster_2_1812.BMP,ok,0.7060072815533981,70.60072815533981,False,normal,96,103,6981,9888,B+/cluster_2_1812.BMP,B+
/Users/a75027/Desktop/compsci 760/datasets/B+/cluster_2_1820.BMP,ok,0.7594053398058253,75.94053398058253,False,normal,96,103,7509,9888,B+/cluster_2_1820.BMP,B+
/Users/a75027/Desktop/compsci 760/datasets/B+/cluster_2_1833.BMP,ok,0.6408778317152104,64.08778317152104,False,normal,96,103,6337,9888,B+/cluster_2_1833.BMP,B+
/Users/a75027/Desktop/compsci 760/datasets/B+/cluster_2_1837.BMP,ok,0.5961771844660194,59.61771844660194,False,normal,96,103,5895,9888,B+/cluster_2_1837.BMP,B+
/Users/a75027/Desktop/compsci 760/datasets/B+/cluster_2_1840.BMP,ok,0.7195590614886731,71.95590614886731,False,normal,96,103,7115,9888,B+/cluster_2_1840.BMP,B+
/Users/a75027/Desktop/compsci 760/datasets/B+/cluster_2_1844.BMP,ok,0.6425970873786407,64.25970873786407,False,normal,96,103,6354,9888,B+/cluster_2_1844.BMP,B+
/Users/a75027/Desktop/compsci 760/datasets/B+/cluster_2_1854.BMP,ok,0.6617111650485437,66.17111650485437,False,normal,96,103,6543,9888,B+/cluster_2_1854.BMP,B+
/Users/a75027/Desktop/compsci 760/datasets/B+/cluster_2_1860.BMP,ok,0.7515169902912622,75.15169902912622,False,normal,96,103,7431,9888,B+/cluster_2_1860.BMP,B+
/Users/a75027/Desktop/compsci 760/datasets/B+/cluster_2_1882.BMP,ok,0.7612257281553398,76.12257281553399,False,normal,96,103,7527,9888,B+/cluster_2_1882.BMP,B+
/Users/a75027/Desktop/compsci 760/datasets/B+/cluster_2_1888.BMP,ok,0.7546521035598706,75.46521035598705,False,normal,96,103,7462,9888,B+/cluster_2_1888.BMP,B+
/Users/a75027/Desktop/compsci 760/datasets/B+/cluster_2_19.BMP,ok,0.821703074433657,82.1703074433657,False,normal,96,103,8125,9888,B+/cluster_2_19.BMP,B+
/Users/a75027/Desktop/compsci 760/datasets/B+/cluster_2_1907.BMP,ok,0.7132888349514563,71.32888349514563,False,normal,96,103,7053,9888,B+/cluster_2_1907.BMP,B+
/Users/a75027/Desktop/compsci 760/datasets/B+/cluster_2_1910.BMP,ok,0.7205703883495146,72.05703883495146,False,normal,96,103,7125,9888,B+/cluster_2_1910.BMP,B+
/Users/a75027/Desktop/compsci 760/datasets/B+/cluster_2_1911.BMP,ok,0.6638307945083405,66.38307945083405,False,normal,241,298,47675,71818,B+/cluster_2_1911.BMP,B+
/Users/a75027/Desktop/compsci 760/datasets/B+/cluster_2_1920.BMP,ok,0.7552588996763754,75.52588996763754,False,normal,96,103,7468,9888,B+/cluster_2_1920.BMP,B+
/Users/a75027/Desktop/compsci 760/datasets/B+/cluster_2_1928.BMP,ok,0.787621359223301,78.7621359223301,False,normal,96,103,7788,9888,B+/cluster_2_1928.BMP,B+
/Users/a75027/Desktop/compsci 760/datasets/B+/cluster_2_1929.BMP,ok,0.7372572815533981,73.72572815533981,False,normal,96,103,7290,9888,B+/cluster_2_1929.BMP,B+
/Users/a75027/Desktop/compsci 760/datasets/B+/cluster_2_1931.BMP,ok,0.6828478964401294,68.28478964401295,False,normal,96,103,6752,9888,B+/cluster_2_1931.BMP,B+
/Users/a75027/Desktop/compsci 760/datasets/B+/cluster_2_194.BMP,ok,0.7170307443365695,71.70307443365695,False,normal,96,103,7090,9888,B+/cluster_2_194.BMP,B+
/Users/a75027/Desktop/compsci 760/datasets/B+/cluster_2_1942.BMP,ok,0.7495954692556634,74.95954692556634,False,normal,96,103,7412,9888,B+/cluster_2_1942.BMP,B+
/Users/a75027/Desktop/compsci 760/datasets/B+/cluster_2_1947.BMP,ok,0.7185477346278317,71.85477346278317,False,normal,96,103,7105,9888,B+/cluster_2_1947.BMP,B+
/Users/a75027/Desktop/compsci 760/datasets/B+/cluster_2_1948.BMP,ok,0.7508090614886731,75.08090614886731,False,normal,96,103,7424,9888,B+/cluster_2_1948.BMP,B+
/Users/a75027/Desktop/compsci 760/datasets/B+/cluster_2_195.BMP,ok,0.7017597087378641,70.17597087378641,False,normal,96,103,6939,9888,B+/cluster_2_195.BMP,B+
/Users/a75027/Desktop/compsci 760/datasets/B+/cluster_2_1958.BMP,ok,0.6648462783171522,66.48462783171522,False,normal,96,103,6574,9888,B+/cluster_2_1958.BMP,B+
/Users/a75027/Desktop/compsci 760/datasets/B+/cluster_2_198.BMP,ok,0.7409991909385113,74.09991909385113,False,normal,96,103,7327,9888,B+/cluster_2_198.BMP,B+
/Users/a75027/Desktop/compsci 760/datasets/B+/cluster_2_1985.BMP,ok,0.6523058252427184,65.23058252427184,False,normal,96,103,6450,9888,B+/cluster_2_1985.BMP,B+
/Users/a75027/Desktop/compsci 760/datasets/B+/cluster_2_199.BMP,ok,0.6865898058252428,68.65898058252428,False,normal,96,103,6789,9888,B+/cluster_2_199.BMP,B+
/Users/a75027/Desktop/compsci 760/datasets/B+/cluster_2_20.BMP,ok,0.7999595469255664,79.99595469255664,False,normal,96,103,7910,9888,B+/cluster_2_20.BMP,B+
/Users/a75027/Desktop/compsci 760/datasets/B+/cluster_2_2001.BMP,ok,0.7952063106796117,79.52063106796116,False,normal,96,103,7863,9888,B+/cluster_2_2001.BMP,B+
/Users/a75027/Desktop/compsci 760/datasets/B+/cluster_2_2004.BMP,ok,0.71167071197411,71.167071197411,False,normal,96,103,7037,9888,B+/cluster_2_2004.BMP,B+
/Users/a75027/Desktop/compsci 760/datasets/B+/cluster_2_2005.BMP,ok,0.7936893203883495,79.36893203883496,False,normal,96,103,7848,9888,B+/cluster_2_2005.BMP,B+
/Users/a75027/Desktop/compsci 760/datasets/B+/cluster_2_2018.BMP,ok,0.715918284789644,71.5918284789644,False,normal,96,103,7079,9888,B+/cluster_2_2018.BMP,B+
/Users/a75027/Desktop/compsci 760/datasets/B+/cluster_2_2035.BMP,ok,0.7569781553398058,75.69781553398059,False,normal,96,103,7485,9888,B+/cluster_2_2035.BMP,B+
/Users/a75027/Desktop/compsci 760/datasets/B+/cluster_2_2040.BMP,ok,0.7011529126213593,70.11529126213593,False,normal,96,103,6933,9888,B+/cluster_2_2040.BMP,B+
/Users/a75027/Desktop/compsci 760/datasets/B+/cluster_2_2042.BMP,ok,0.6791059870550162,67.91059870550163,False,normal,96,103,6715,9888,B+/cluster_2_2042.BMP,B+
/Users/a75027/Desktop/compsci 760/datasets/B+/cluster_2_2044.BMP,ok,0.7693163430420712,76.93163430420712,False,normal,96,103,7607,9888,B+/cluster_2_2044.BMP,B+
/Users/a75027/Desktop/compsci 760/datasets/B+/cluster_2_2097.BMP,ok,0.6877022653721683,68.77022653721683,False,normal,96,103,6800,9888,B+/cluster_2_2097.BMP,B+
/Users/a75027/Desktop/compsci 760/datasets/B+/cluster_2_2101.BMP,ok,0.6739482200647249,67.39482200647248,False,normal,96,103,6664,9888,B+/cluster_2_2101.BMP,B+
/Users/a75027/Desktop/compsci 760/datasets/B+/cluster_2_2108.BMP,ok,0.754247572815534,75.4247572815534,False,normal,96,103,7458,9888,B+/cluster_2_2108.BMP,B+
/Users/a75027/Desktop/compsci 760/datasets/B+/cluster_2_2127.BMP,ok,0.801173139158576,80.11731391585761,False,normal,96,103,7922,9888,B+/cluster_2_2127.BMP,B+
/Users/a75027/Desktop/compsci 760/datasets/B+/cluster_2_2156.BMP,ok,0.725121359223301,72.5121359223301,False,normal,96,103,7170,9888,B+/cluster_2_2156.BMP,B+
/Users/a75027/Desktop/compsci 760/datasets/B+/cluster_2_2170.BMP,ok,0.7057038834951457,70.57038834951457,False,normal,96,103,6978,9888,B+/cluster_2_2170.BMP,B+
/Users/a75027/Desktop/compsci 760/datasets/B+/cluster_2_2173.BMP,ok,0.8176577669902912,81.76577669902912,False,normal,96,103,8085,9888,B+/cluster_2_2173.BMP,B+
/Users/a75027/Desktop/compsci 760/datasets/B+/cluster_2_2205.BMP,ok,0.6591828478964401,65.918284789644,False,normal,96,103,6518,9888,B+/cluster_2_2205.BMP,B+
/Users/a75027/Desktop/compsci 760/datasets/B+/cluster_2_2206.BMP,ok,0.6888147249190939,68.88147249190939,False,normal,96,103,6811,9888,B+/cluster_2_2206.BMP,B+
/Users/a75027/Desktop/compsci 760/datasets/B+/cluster_2_2210.BMP,ok,0.6563511326860841,65.63511326860841,False,normal,96,103,6490,9888,B+/cluster_2_2210.BMP,B+
/Users/a75027/Desktop/compsci 760/datasets/B+/cluster_2_2211.BMP,ok,0.6791059870550162,67.91059870550163,False,normal,96,103,6715,9888,B+/cluster_2_2211.BMP,B+
/Users/a75027/Desktop/compsci 760/datasets/B+/cluster_2_2212.BMP,ok,0.7360436893203883,73.60436893203884,False,normal,96,103,7278,9888,B+/cluster_2_2212.BMP,B+
/Users/a75027/Desktop/compsci 760/datasets/B+/cluster_2_2213.BMP,ok,0.8094660194174758,80.94660194174757,False,normal,96,103,8004,9888,B+/cluster_2_2213.BMP,B+
/Users/a75027/Desktop/compsci 760/datasets/B+/cluster_2_2216.BMP,ok,0.7230987055016181,72.30987055016182,False,normal,96,103,7150,9888,B+/cluster_2_2216.BMP,B+
/Users/a75027/Desktop/compsci 760/datasets/B+/cluster_2_2232.BMP,ok,0.6573624595469255,65.73624595469255,False,normal,96,103,6500,9888,B+/cluster_2_2232.BMP,B+
/Users/a75027/Desktop/compsci 760/datasets/B+/cluster_2_2233.BMP,ok,0.7998584142394822,79.98584142394822,False,normal,96,103,7909,9888,B+/cluster_2_2233.BMP,B+
/Users/a75027/Desktop/compsci 760/datasets/B+/cluster_2_225.BMP,ok,0.6667677993527508,66.67677993527508,False,normal,96,103,6593,9888,B+/cluster_2_225.BMP,B+
/Users/a75027/Desktop/compsci 760/datasets/B+/cluster_2_2264.BMP,ok,0.7538430420711975,75.38430420711974,False,normal,96,103,7454,9888,B+/cluster_2_2264.BMP,B+
/Users/a75027/Desktop/compsci 760/datasets/B+/cluster_2_2266.BMP,ok,0.5998179611650486,59.98179611650486,False,normal,96,103,5931,9888,B+/cluster_2_2266.BMP,B+
/Users/a75027/Desktop/compsci 760/datasets/B+/cluster_2_227.BMP,ok,0.6275307026093737,62.75307026093737,False,normal,241,298,45068,71818,B+/cluster_2_227.BMP,B+
/Users/a75027/Desktop/compsci 760/datasets/B+/cluster_2_2289.BMP,ok,0.7924757281553398,79.24757281553399,False,normal,96,103,7836,9888,B+/cluster_2_2289.BMP,B+
/Users/a75027/Desktop/compsci 760/datasets/B+/cluster_2_23.BMP,ok,0.7158171521035599,71.581715210356,False,normal,96,103,7078,9888,B+/cluster_2_23.BMP,B+
/Users/a75027/Desktop/compsci 760/datasets/B+/cluster_2_2307.BMP,ok,0.8038025889967637,80.38025889967638,False,normal,96,103,7948,9888,B+/cluster_2_2307.BMP,B+
/Users/a75027/Desktop/compsci 760/datasets/B+/cluster_2_231.BMP,ok,0.7092435275080906,70.92435275080906,False,normal,96,103,7013,9888,B+/cluster_2_231.BMP,B+
/Users/a75027/Desktop/compsci 760/datasets/B+/cluster_2_2333.BMP,ok,0.7282564724919094,72.82564724919094,False,normal,96,103,7201,9888,B+/cluster_2_2333.BMP,B+
/Users/a75027/Desktop/compsci 760/datasets/B+/cluster_2_2336.BMP,ok,0.7594053398058253,75.94053398058253,False,normal,96,103,7509,9888,B+/cluster_2_2336.BMP,B+
/Users/a75027/Desktop/compsci 760/datasets/B+/cluster_2_2344.BMP,ok,0.6004247572815534,60.042475728155345,False,normal,96,103,5937,9888,B+/cluster_2_2344.BMP,B+
/Users/a75027/Desktop/compsci 760/datasets/B+/cluster_2_235.BMP,ok,0.6608009708737864,66.08009708737865,False,normal,96,103,6534,9888,B+/cluster_2_235.BMP,B+
/Users/a75027/Desktop/compsci 760/datasets/B+/cluster_2_2373.BMP,ok,0.6439118122977346,64.39118122977347,False,normal,96,103,6367,9888,B+/cluster_2_2373.BMP,B+
/Users/a75027/Desktop/compsci 760/datasets/B+/cluster_2_2389.BMP,ok,0.7645631067961165,76.45631067961165,False,normal,96,103,7560,9888,B+/cluster_2_2389.BMP,B+
/Users/a75027/Desktop/compsci 760/datasets/B+/cluster_2_2390.BMP,ok,0.767799352750809,76.7799352750809,False,normal,96,103,7592,9888,B+/cluster_2_2390.BMP,B+
/Users/a75027/Desktop/compsci 760/datasets/B+/cluster_2_2397.BMP,ok,0.7046925566343042,70.46925566343042,False,normal,96,103,6968,9888,B+/cluster_2_2397.BMP,B+
/Users/a75027/Desktop/compsci 760/datasets/B+/cluster_2_2414.BMP,ok,0.8098705501618123,80.98705501618123,False,normal,96,103,8008,9888,B+/cluster_2_2414.BMP,B+
/Users/a75027/Desktop/compsci 760/datasets/B+/cluster_2_242.BMP,ok,0.751415857605178,75.1415857605178,False,normal,96,103,7430,9888,B+/cluster_2_242.BMP,B+
/Users/a75027/Desktop/compsci 760/datasets/B+/cluster_2_2427.BMP,ok,0.5703883495145631,57.03883495145631,False,normal,96,103,5640,9888,B+/cluster_2_2427.BMP,B+
/Users/a75027/Desktop/compsci 760/datasets/B+/cluster_2_2429.BMP,ok,0.7764967637540453,77.64967637540452,False,normal,96,103,7678,9888,B+/cluster_2_2429.BMP,B+
/Users/a75027/Desktop/compsci 760/datasets/B+/cluster_2_2442.BMP,ok,0.7458535598705501,74.58535598705501,False,normal,96,103,7375,9888,B+/cluster_2_2442.BMP,B+
/Users/a75027/Desktop/compsci 760/datasets/B+/cluster_2_2447.BMP,ok,0.7800364077669902,78.00364077669903,False,normal,96,103,7713,9888,B+/cluster_2_2447.BMP,B+
/Users/a75027/Desktop/compsci 760/datasets/B+/cluster_2_2461.BMP,ok,0.8042071197411004,80.42071197411003,False,normal,96,103,7952,9888,B+/cluster_2_2461.BMP,B+
/Users/a75027/Desktop/compsci 760/datasets/B+/cluster_2_2468.BMP,ok,0.7420105177993528,74.20105177993528,False,normal,96,103,7337,9888,B+/cluster_2_2468.BMP,B+
/Users/a75027/Desktop/compsci 760/datasets/B+/cluster_2_2471.BMP,ok,0.79540857605178,79.54085760517799,False,normal,96,103,7865,9888,B+/cluster_2_2471.BMP,B+
/Users/a75027/Desktop/compsci 760/datasets/B+/cluster_2_2474.BMP,ok,0.6957928802588996,69.57928802588997,False,normal,96,103,6880,9888,B+/cluster_2_2474.BMP,B+
/Users/a75027/Desktop/compsci 760/datasets/B+/cluster_2_25.BMP,ok,0.7348300970873787,73.48300970873787,False,normal,96,103,7266,9888,B+/cluster_2_25.BMP,B+
/Users/a75027/Desktop/compsci 760/datasets/B+/cluster_2_2510.BMP,ok,0.7968244336569579,79.68244336569579,False,normal,96,103,7879,9888,B+/cluster_2_2510.BMP,B+
/Users/a75027/Desktop/compsci 760/datasets/B+/cluster_2_2511.BMP,ok,0.6578681229773463,65.78681229773463,False,normal,96,103,6505,9888,B+/cluster_2_2511.BMP,B+
/Users/a75027/Desktop/compsci 760/datasets/B+/cluster_2_2516.BMP,ok,0.7301779935275081,73.01779935275081,False,normal,96,103,7220,9888,B+/cluster_2_2516.BMP,B+
/Users/a75027/Desktop/compsci 760/datasets/B+/cluster_2_2517.BMP,ok,0.7301779935275081,73.01779935275081,False,normal,96,103,7220,9888,B+/cluster_2_2517.BMP,B+
/Users/a75027/Desktop/compsci 760/datasets/B+/cluster_2_2552.BMP,ok,0.7696197411003236,76.96197411003236,False,normal,96,103,7610,9888,B+/cluster_2_2552.BMP,B+
/Users/a75027/Desktop/compsci 760/datasets/B+/cluster_2_2562.BMP,ok,0.7253236245954693,72.53236245954693,False,normal,96,103,7172,9888,B+/cluster_2_2562.BMP,B+
/Users/a75027/Desktop/compsci 760/datasets/B+/cluster_2_2576.BMP,ok,0.777002427184466,77.7002427184466,False,normal,96,103,7683,9888,B+/cluster_2_2576.BMP,B+
/Users/a75027/Desktop/compsci 760/datasets/B+/cluster_2_2596.BMP,ok,0.7157160194174758,71.57160194174757,False,normal,96,103,7077,9888,B+/cluster_2_2596.BMP,B+
/Users/a75027/Desktop/compsci 760/datasets/B+/cluster_2_2608.BMP,ok,0.7327063106796117,73.27063106796116,False,normal,96,103,7245,9888,B+/cluster_2_2608.BMP,B+
/Users/a75027/Desktop/compsci 760/datasets/B+/cluster_2_2623.BMP,ok,0.782665857605178,78.2665857605178,False,normal,96,103,7739,9888,B+/cluster_2_2623.BMP,B+
/Users/a75027/Desktop/compsci 760/datasets/B+/cluster_2_2625.BMP,ok,0.691747572815534,69.1747572815534,False,normal,96,103,6840,9888,B+/cluster_2_2625.BMP,B+
/Users/a75027/Desktop/compsci 760/datasets/B+/cluster_2_2653.BMP,ok,0.7060072815533981,70.60072815533981,False,normal,96,103,6981,9888,B+/cluster_2_2653.BMP,B+
/Users/a75027/Desktop/compsci 760/datasets/B+/cluster_2_2658.BMP,ok,0.7149069579288025,71.49069579288026,False,normal,96,103,7069,9888,B+/cluster_2_2658.BMP,B+
/Users/a75027/Desktop/compsci 760/datasets/B+/cluster_2_2667.BMP,ok,0.7379652103559871,73.7965210355987,False,normal,96,103,7297,9888,B+/cluster_2_2667.BMP,B+
/Users/a75027/Desktop/compsci 760/datasets/B+/cluster_2_2684.BMP,ok,0.7414037216828478,74.14037216828478,False,normal,96,103,7331,9888,B+/cluster_2_2684.BMP,B+
/Users/a75027/Desktop/compsci 760/datasets/B+/cluster_2_2689.BMP,ok,0.5541059870550162,55.41059870550163,False,normal,96,103,5479,9888,B+/cluster_2_2689.BMP,B+
/Users/a75027/Desktop/compsci 760/datasets/B+/cluster_2_2690.BMP,ok,0.612156148867314,61.215614886731395,False,normal,96,103,6053,9888,B+/cluster_2_2690.BMP,B+
/Users/a75027/Desktop/compsci 760/datasets/B+/cluster_2_2702.BMP,ok,0.7374595469255664,73.74595469255664,False,normal,96,103,7292,9888,B+/cluster_2_2702.BMP,B+
/Users/a75027/Desktop/compsci 760/datasets/B+/cluster_2_2705.BMP,ok,0.7439320388349514,74.39320388349515,False,normal,96,103,7356,9888,B+/cluster_2_2705.BMP,B+
/Users/a75027/Desktop/compsci 760/datasets/B+/cluster_2_2715.BMP,ok,0.719457928802589,71.94579288025889,False,normal,96,103,7114,9888,B+/cluster_2_2715.BMP,B+
/Users/a75027/Desktop/compsci 760/datasets/B+/cluster_2_2722.BMP,ok,0.7540453074433657,75.40453074433657,False,normal,96,103,7456,9888,B+/cluster_2_2722.BMP,B+
/Users/a75027/Desktop/compsci 760/datasets/B+/cluster_2_2724.BMP,ok,0.7411003236245954,74.11003236245955,False,normal,96,103,7328,9888,B+/cluster_2_2724.BMP,B+
/Users/a75027/Desktop/compsci 760/datasets/B+/cluster_2_2729.BMP,ok,0.6943770226537217,69.43770226537217,False,normal,96,103,6866,9888,B+/cluster_2_2729.BMP,B+
/Users/a75027/Desktop/compsci 760/datasets/B+/cluster_2_2734.BMP,ok,0.7765978964401294,77.65978964401295,False,normal,96,103,7679,9888,B+/cluster_2_2734.BMP,B+
/Users/a75027/Desktop/compsci 760/datasets/B+/cluster_2_274.BMP,ok,0.7020631067961165,70.20631067961165,False,normal,96,103,6942,9888,B+/cluster_2_274.BMP,B+
/Users/a75027/Desktop/compsci 760/datasets/B+/cluster_2_2740.BMP,ok,0.7644619741100324,76.44619741100324,False,normal,96,103,7559,9888,B+/cluster_2_2740.BMP,B+
/Users/a75027/Desktop/compsci 760/datasets/B+/cluster_2_2742.BMP,ok,0.67040857605178,67.04085760517799,False,normal,96,103,6629,9888,B+/cluster_2_2742.BMP,B+
/Users/a75027/Desktop/compsci 760/datasets/B+/cluster_2_2751.BMP,ok,0.7598098705501618,75.98098705501619,False,normal,96,103,7513,9888,B+/cluster_2_2751.BMP,B+
/Users/a75027/Desktop/compsci 760/datasets/B+/cluster_2_2753.BMP,ok,0.610032362459547,61.003236245954696,False,normal,96,103,6032,9888,B+/cluster_2_2753.BMP,B+
/Users/a75027/Desktop/compsci 760/datasets/B+/cluster_2_276.BMP,ok,0.7506067961165048,75.06067961165049,False,normal,96,103,7422,9888,B+/cluster_2_276.BMP,B+
/Users/a75027/Desktop/compsci 760/datasets/B+/cluster_2_2764.BMP,ok,0.7439320388349514,74.39320388349515,False,normal,96,103,7356,9888,B+/cluster_2_2764.BMP,B+
/Users/a75027/Desktop/compsci 760/datasets/B+/cluster_2_2778.BMP,ok,0.7681027508090615,76.81027508090615,False,normal,96,103,7595,9888,B+/cluster_2_2778.BMP,B+
/Users/a75027/Desktop/compsci 760/datasets/B+/cluster_2_2793.BMP,ok,0.8477953074433657,84.77953074433657,False,normal,96,103,8383,9888,B+/cluster_2_2793.BMP,B+
/Users/a75027/Desktop/compsci 760/datasets/B+/cluster_2_2798.BMP,ok,0.7177386731391586,71.77386731391586,False,normal,96,103,7097,9888,B+/cluster_2_2798.BMP,B+
/Users/a75027/Desktop/compsci 760/datasets/B+/cluster_2_28.BMP,ok,0.6293487055016181,62.93487055016181,False,normal,96,103,6223,9888,B+/cluster_2_28.BMP,B+
/Users/a75027/Desktop/compsci 760/datasets/B+/cluster_2_280.BMP,ok,0.7687095469255664,76.87095469255664,False,normal,96,103,7601,9888,B+/cluster_2_280.BMP,B+
/Users/a75027/Desktop/compsci 760/datasets/B+/cluster_2_2800.BMP,ok,0.7261326860841424,72.61326860841424,False,normal,96,103,7180,9888,B+/cluster_2_2800.BMP,B+
/Users/a75027/Desktop/compsci 760/datasets/B+/cluster_2_2803.BMP,ok,0.7766990291262136,77.66990291262135,False,normal,96,103,7680,9888,B+/cluster_2_2803.BMP,B+
/Users/a75027/Desktop/compsci 760/datasets/B+/cluster_2_2816.BMP,ok,0.751415857605178,75.1415857605178,False,normal,96,103,7430,9888,B+/cluster_2_2816.BMP,B+
/Users/a75027/Desktop/compsci 760/datasets/B+/cluster_2_2824.BMP,ok,0.7605177993527508,76.05177993527508,False,normal,96,103,7520,9888,B+/cluster_2_2824.BMP,B+
/Users/a75027/Desktop/compsci 760/datasets/B+/cluster_2_2827.BMP,ok,0.7709344660194175,77.09344660194175,False,normal,96,103,7623,9888,B+/cluster_2_2827.BMP,B+
/Users/a75027/Desktop/compsci 760/datasets/B+/cluster_2_284.BMP,ok,0.7585962783171522,75.85962783171522,False,normal,96,103,7501,9888,B+/cluster_2_284.BMP,B+
/Users/a75027/Desktop/compsci 760/datasets/B+/cluster_2_2845.BMP,ok,0.6906351132686084,69.06351132686083,False,normal,96,103,6829,9888,B+/cluster_2_2845.BMP,B+
/Users/a75027/Desktop/compsci 760/datasets/B+/cluster_2_2855.BMP,ok,0.6989279935275081,69.89279935275081,False,normal,96,103,6911,9888,B+/cluster_2_2855.BMP,B+
/Users/a75027/Desktop/compsci 760/datasets/B+/cluster_2_2866.BMP,ok,0.7879247572815534,78.79247572815534,False,normal,96,103,7791,9888,B+/cluster_2_2866.BMP,B+
/Users/a75027/Desktop/compsci 760/datasets/B+/cluster_2_287.BMP,ok,0.7409991909385113,74.09991909385113,False,normal,96,103,7327,9888,B+/cluster_2_287.BMP,B+
/Users/a75027/Desktop/compsci 760/datasets/B+/cluster_2_2880.BMP,ok,0.6930622977346278,69.30622977346277,False,normal,96,103,6853,9888,B+/cluster_2_2880.BMP,B+
/Users/a75027/Desktop/compsci 760/datasets/B+/cluster_2_2882.BMP,ok,0.8200849514563107,82.00849514563106,False,normal,96,103,8109,9888,B+/cluster_2_2882.BMP,B+
/Users/a75027/Desktop/compsci 760/datasets/B+/cluster_2_2909.BMP,ok,0.7903519417475728,79.03519417475728,False,normal,96,103,7815,9888,B+/cluster_2_2909.BMP,B+
/Users/a75027/Desktop/compsci 760/datasets/B+/cluster_2_2920.BMP,ok,0.8084546925566343,80.84546925566343,False,normal,96,103,7994,9888,B+/cluster_2_2920.BMP,B+
/Users/a75027/Desktop/compsci 760/datasets/B+/cluster_2_2932.BMP,ok,0.7832726537216829,78.32726537216828,False,normal,96,103,7745,9888,B+/cluster_2_2932.BMP,B+
/Users/a75027/Desktop/compsci 760/datasets/B+/cluster_2_2934.BMP,ok,0.7378640776699029,73.7864077669903,False,normal,96,103,7296,9888,B+/cluster_2_2934.BMP,B+
/Users/a75027/Desktop/compsci 760/datasets/B+/cluster_2_2935.BMP,ok,0.7972289644012945,79.72289644012946,False,normal,96,103,7883,9888,B+/cluster_2_2935.BMP,B+
/Users/a75027/Desktop/compsci 760/datasets/B+/cluster_2_2936.BMP,ok,0.717334142394822,71.7334142394822,False,normal,96,103,7093,9888,B+/cluster_2_2936.BMP,B+
/Users/a75027/Desktop/compsci 760/datasets/B+/cluster_2_2939.BMP,ok,0.7338187702265372,73.38187702265373,False,normal,96,103,7256,9888,B+/cluster_2_2939.BMP,B+
/Users/a75027/Desktop/compsci 760/datasets/B+/cluster_2_295.BMP,ok,0.7711367313915858,77.11367313915858,False,normal,96,103,7625,9888,B+/cluster_2_295.BMP,B+
/Users/a75027/Desktop/compsci 760/datasets/B+/cluster_2_2954.BMP,ok,0.6445186084142395,64.45186084142395,False,normal,96,103,6373,9888,B+/cluster_2_2954.BMP,B+
/Users/a75027/Desktop/compsci 760/datasets/B+/cluster_2_2964.BMP,ok,0.7706310679611651,77.06310679611651,False,normal,96,103,7620,9888,B+/cluster_2_2964.BMP,B+
/Users/a75027/Desktop/compsci 760/datasets/B+/cluster_2_2968.BMP,ok,0.7725525889967637,77.25525889967638,False,normal,96,103,7639,9888,B+/cluster_2_2968.BMP,B+
/Users/a75027/Desktop/compsci 760/datasets/B+/cluster_2_297.BMP,ok,0.6779935275080906,67.79935275080906,False,normal,96,103,6704,9888,B+/cluster_2_297.BMP,B+
/Users/a75027/Desktop/compsci 760/datasets/B+/cluster_2_2973.BMP,ok,0.7339199029126213,73.39199029126213,False,normal,96,103,7257,9888,B+/cluster_2_2973.BMP,B+
/Users/a75027/Desktop/compsci 760/datasets/B+/cluster_2_2978.BMP,ok,0.7496966019417476,74.96966019417476,False,normal,96,103,7413,9888,B+/cluster_2_2978.BMP,B+
/Users/a75027/Desktop/compsci 760/datasets/B+/cluster_2_2998.BMP,ok,0.7426173139158576,74.26173139158576,False,normal,96,103,7343,9888,B+/cluster_2_2998.BMP,B+
/Users/a75027/Desktop/compsci 760/datasets/B+/cluster_2_300.BMP,ok,0.7899474110032363,78.99474110032362,False,normal,96,103,7811,9888,B+/cluster_2_300.BMP,B+
/Users/a75027/Desktop/compsci 760/datasets/B+/cluster_2_3009.BMP,ok,0.7205703883495146,72.05703883495146,False,normal,96,103,7125,9888,B+/cluster_2_3009.BMP,B+
/Users/a75027/Desktop/compsci 760/datasets/B+/cluster_2_301.BMP,ok,0.7193567961165048,71.93567961165049,False,normal,96,103,7113,9888,B+/cluster_2_301.BMP,B+
/Users/a75027/Desktop/compsci 760/datasets/B+/cluster_2_3030.BMP,ok,0.7661812297734628,76.61812297734627,False,normal,96,103,7576,9888,B+/cluster_2_3030.BMP,B+
/Users/a75027/Desktop/compsci 760/datasets/B+/cluster_2_3040.BMP,ok,0.6789037216828478,67.89037216828478,False,normal,96,103,6713,9888,B+/cluster_2_3040.BMP,B+
/Users/a75027/Desktop/compsci 760/datasets/B+/cluster_2_3055.BMP,ok,0.7451456310679612,74.51456310679612,False,normal,96,103,7368,9888,B+/cluster_2_3055.BMP,B+
/Users/a75027/Desktop/compsci 760/datasets/B+/cluster_2_3061.BMP,ok,0.7343244336569579,73.43244336569579,False,normal,96,103,7261,9888,B+/cluster_2_3061.BMP,B+
/Users/a75027/Desktop/compsci 760/datasets/B+/cluster_2_3101.BMP,ok,0.8267597087378641,82.67597087378641,False,normal,96,103,8175,9888,B+/cluster_2_3101.BMP,B+
/Users/a75027/Desktop/compsci 760/datasets/B+/cluster_2_3114.BMP,ok,0.7036812297734628,70.36812297734627,False,normal,96,103,6958,9888,B+/cluster_2_3114.BMP,B+
/Users/a75027/Desktop/compsci 760/datasets/B+/cluster_2_3119.BMP,ok,0.7191545307443366,71.91545307443366,False,normal,96,103,7111,9888,B+/cluster_2_3119.BMP,B+
/Users/a75027/Desktop/compsci 760/datasets/B+/cluster_2_3126.BMP,ok,0.7491909385113269,74.91909385113269,False,normal,96,103,7408,9888,B+/cluster_2_3126.BMP,B+
/Users/a75027/Desktop/compsci 760/datasets/B+/cluster_2_3145.BMP,ok,0.7039846278317152,70.39846278317152,False,normal,96,103,6961,9888,B+/cluster_2_3145.BMP,B+
/Users/a75027/Desktop/compsci 760/datasets/B+/cluster_2_3154.BMP,ok,0.7642597087378641,76.42597087378641,False,normal,96,103,7557,9888,B+/cluster_2_3154.BMP,B+
/Users/a75027/Desktop/compsci 760/datasets/B+/cluster_2_3161.BMP,ok,0.7745752427184466,77.45752427184466,False,normal,96,103,7659,9888,B+/cluster_2_3161.BMP,B+
/Users/a75027/Desktop/compsci 760/datasets/B+/cluster_2_3166.BMP,ok,0.7467637540453075,74.67637540453075,False,normal,96,103,7384,9888,B+/cluster_2_3166.BMP,B+
/Users/a75027/Desktop/compsci 760/datasets/B+/cluster_2_3180.BMP,ok,0.6437095469255664,64.37095469255664,False,normal,96,103,6365,9888,B+/cluster_2_3180.BMP,B+
/Users/a75027/Desktop/compsci 760/datasets/B+/cluster_2_3183.BMP,ok,0.7663834951456311,76.6383495145631,False,normal,96,103,7578,9888,B+/cluster_2_3183.BMP,B+
/Users/a75027/Desktop/compsci 760/datasets/B+/cluster_2_319.BMP,ok,0.7345266990291263,73.45266990291263,False,normal,96,103,7263,9888,B+/cluster_2_319.BMP,B+
/Users/a75027/Desktop/compsci 760/datasets/B+/cluster_2_3196.BMP,ok,0.7382686084142395,73.82686084142395,False,normal,96,103,7300,9888,B+/cluster_2_3196.BMP,B+
/Users/a75027/Desktop/compsci 760/datasets/B+/cluster_2_3206.BMP,ok,0.7199635922330098,71.99635922330097,False,normal,96,103,7119,9888,B+/cluster_2_3206.BMP,B+
/Users/a75027/Desktop/compsci 760/datasets/B+/cluster_2_3217.BMP,ok,0.7459546925566343,74.59546925566343,False,normal,96,103,7376,9888,B+/cluster_2_3217.BMP,B+
/Users/a75027/Desktop/compsci 760/datasets/B+/cluster_2_3222.BMP,ok,0.7531351132686084,75.31351132686083,False,normal,96,103,7447,9888,B+/cluster_2_3222.BMP,B+
/Users/a75027/Desktop/compsci 760/datasets/B+/cluster_2_3225.BMP,ok,0.7995550161812298,79.95550161812298,False,normal,96,103,7906,9888,B+/cluster_2_3225.BMP,B+
/Users/a75027/Desktop/compsci 760/datasets/B+/cluster_2_3231.BMP,ok,0.6546318770226537,65.46318770226537,False,normal,96,103,6473,9888,B+/cluster_2_3231.BMP,B+
/Users/a75027/Desktop/compsci 760/datasets/B+/cluster_2_3232.BMP,ok,0.6694983818770227,66.94983818770227,False,normal,96,103,6620,9888,B+/cluster_2_3232.BMP,B+
/Users/a75027/Desktop/compsci 760/datasets/B+/cluster_2_3234.BMP,ok,0.745044498381877,74.5044498381877,False,normal,96,103,7367,9888,B+/cluster_2_3234.BMP,B+
/Users/a75027/Desktop/compsci 760/datasets/B+/cluster_2_3245.BMP,ok,0.6156957928802589,61.56957928802589,False,normal,96,103,6088,9888,B+/cluster_2_3245.BMP,B+
/Users/a75027/Desktop/compsci 760/datasets/B+/cluster_2_3246.BMP,ok,0.6623179611650486,66.23179611650485,False,normal,96,103,6549,9888,B+/cluster_2_3246.BMP,B+
/Users/a75027/Desktop/compsci 760/datasets/B+/cluster_2_329.BMP,ok,0.7760922330097088,77.60922330097088,False,normal,96,103,7674,9888,B+/cluster_2_329.BMP,B+
/Users/a75027/Desktop/compsci 760/datasets/B+/cluster_2_3300.BMP,ok,0.7522249190938511,75.22249190938511,False,normal,96,103,7438,9888,B+/cluster_2_3300.BMP,B+
/Users/a75027/Desktop/compsci 760/datasets/B+/cluster_2_3307.BMP,ok,0.7639563106796117,76.39563106796116,False,normal,96,103,7554,9888,B+/cluster_2_3307.BMP,B+
/Users/a75027/Desktop/compsci 760/datasets/B+/cluster_2_3325.BMP,ok,0.818871359223301,81.8871359223301,False,normal,96,103,8097,9888,B+/cluster_2_3325.BMP,B+
/Users/a75027/Desktop/compsci 760/datasets/B+/cluster_2_3335.BMP,ok,0.7257281553398058,72.57281553398059,False,normal,96,103,7176,9888,B+/cluster_2_3335.BMP,B+
/Users/a75027/Desktop/compsci 760/datasets/B+/cluster_2_3336.BMP,ok,0.7470671521035599,74.706715210356,False,normal,96,103,7387,9888,B+/cluster_2_3336.BMP,B+
/Users/a75027/Desktop/compsci 760/datasets/B+/cluster_2_3337.BMP,ok,0.6955906148867314,69.55906148867314,False,normal,96,103,6878,9888,B+/cluster_2_3337.BMP,B+
/Users/a75027/Desktop/compsci 760/datasets/B+/cluster_2_3343.BMP,ok,0.754955501618123,75.4955501618123,False,normal,96,103,7465,9888,B+/cluster_2_3343.BMP,B+
/Users/a75027/Desktop/compsci 760/datasets/B+/cluster_2_3346.BMP,ok,0.7165250809061489,71.65250809061489,False,normal,96,103,7085,9888,B+/cluster_2_3346.BMP,B+
/Users/a75027/Desktop/compsci 760/datasets/B+/cluster_2_3361.BMP,ok,0.752831715210356,75.2831715210356,False,normal,96,103,7444,9888,B+/cluster_2_3361.BMP,B+
/Users/a75027/Desktop/compsci 760/datasets/B+/cluster_2_3365.BMP,ok,0.6904328478964401,69.043284789644,False,normal,96,103,6827,9888,B+/cluster_2_3365.BMP,B+
/Users/a75027/Desktop/compsci 760/datasets/B+/cluster_2_3370.BMP,ok,0.611549352750809,61.1549352750809,False,normal,96,103,6047,9888,B+/cluster_2_3370.BMP,B+
/Users/a75027/Desktop/compsci 760/datasets/B+/cluster_2_3373.BMP,ok,0.7013551779935275,70.13551779935275,False,normal,96,103,6935,9888,B+/cluster_2_3373.BMP,B+
/Users/a75027/Desktop/compsci 760/datasets/B+/cluster_2_3376.BMP,ok,0.7141990291262136,71.41990291262135,False,normal,96,103,7062,9888,B+/cluster_2_3376.BMP,B+
/Users/a75027/Desktop/compsci 760/datasets/B+/cluster_2_3379.BMP,ok,0.7461569579288025,74.61569579288026,False,normal,96,103,7378,9888,B+/cluster_2_3379.BMP,B+
/Users/a75027/Desktop/compsci 760/datasets/B+/cluster_2_3402.BMP,ok,0.7701254045307443,77.01254045307444,False,normal,96,103,7615,9888,B+/cluster_2_3402.BMP,B+
/Users/a75027/Desktop/compsci 760/datasets/B+/cluster_2_3411.BMP,ok,0.7650687702265372,76.50687702265373,False,normal,96,103,7565,9888,B+/cluster_2_3411.BMP,B+
/Users/a75027/Desktop/compsci 760/datasets/B+/cluster_2_3419.BMP,ok,0.6636326860841424,66.36326860841424,False,normal,96,103,6562,9888,B+/cluster_2_3419.BMP,B+
/Users/a75027/Desktop/compsci 760/datasets/B+/cluster_2_3431.BMP,ok,0.7556634304207119,75.5663430420712,False,normal,96,103,7472,9888,B+/cluster_2_3431.BMP,B+
/Users/a75027/Desktop/compsci 760/datasets/B+/cluster_2_3443.BMP,ok,0.7150080906148867,71.50080906148867,False,normal,96,103,7070,9888,B+/cluster_2_3443.BMP,B+
/Users/a75027/Desktop/compsci 760/datasets/B+/cluster_2_3448.BMP,ok,0.7260315533980582,72.60315533980582,False,normal,96,103,7179,9888,B+/cluster_2_3448.BMP,B+
/Users/a75027/Desktop/compsci 760/datasets/B+/cluster_2_3455.BMP,ok,0.7606189320388349,76.06189320388349,False,normal,96,103,7521,9888,B+/cluster_2_3455.BMP,B+
/Users/a75027/Desktop/compsci 760/datasets/B+/cluster_2_3460.BMP,ok,0.7441343042071198,74.41343042071198,False,normal,96,103,7358,9888,B+/cluster_2_3460.BMP,B+
/Users/a75027/Desktop/compsci 760/datasets/B+/cluster_2_3462.BMP,ok,0.707423139158576,70.74231391585761,False,normal,96,103,6995,9888,B+/cluster_2_3462.BMP,B+
/Users/a75027/Desktop/compsci 760/datasets/B+/cluster_2_348.BMP,ok,0.76415857605178,76.41585760517799,False,normal,96,103,7556,9888,B+/cluster_2_348.BMP,B+
/Users/a75027/Desktop/compsci 760/datasets/B+/cluster_2_3490.BMP,ok,0.7952063106796117,79.52063106796116,False,normal,96,103,7863,9888,B+/cluster_2_3490.BMP,B+
/Users/a75027/Desktop/compsci 760/datasets/B+/cluster_2_3507.BMP,ok,0.6979166666666666,69.79166666666666,False,normal,96,103,6901,9888,B+/cluster_2_3507.BMP,B+
/Users/a75027/Desktop/compsci 760/datasets/B+/cluster_2_3509.BMP,ok,0.7428195792880259,74.28195792880258,False,normal,96,103,7345,9888,B+/cluster_2_3509.BMP,B+
/Users/a75027/Desktop/compsci 760/datasets/B+/cluster_2_3555.BMP,ok,0.7374595469255664,73.74595469255664,False,normal,96,103,7292,9888,B+/cluster_2_3555.BMP,B+
/Users/a75027/Desktop/compsci 760/datasets/B+/cluster_2_3579.BMP,ok,0.6877022653721683,68.77022653721683,False,normal,96,103,6800,9888,B+/cluster_2_3579.BMP,B+
/Users/a75027/Desktop/compsci 760/datasets/B+/cluster_2_3584.BMP,ok,0.71167071197411,71.167071197411,False,normal,96,103,7037,9888,B+/cluster_2_3584.BMP,B+
/Users/a75027/Desktop/compsci 760/datasets/B+/cluster_2_36.BMP,ok,0.7706310679611651,77.06310679611651,False,normal,96,103,7620,9888,B+/cluster_2_36.BMP,B+
/Users/a75027/Desktop/compsci 760/datasets/B+/cluster_2_3607.BMP,ok,0.7594053398058253,75.94053398058253,False,normal,96,103,7509,9888,B+/cluster_2_3607.BMP,B+
/Users/a75027/Desktop/compsci 760/datasets/B+/cluster_2_3610.BMP,ok,0.7117718446601942,71.17718446601941,False,normal,96,103,7038,9888,B+/cluster_2_3610.BMP,B+
/Users/a75027/Desktop/compsci 760/datasets/B+/cluster_2_3612.BMP,ok,0.6934668284789643,69.34668284789643,False,normal,96,103,6857,9888,B+/cluster_2_3612.BMP,B+
/Users/a75027/Desktop/compsci 760/datasets/B+/cluster_2_363.BMP,ok,0.6936690938511327,69.36690938511327,False,normal,96,103,6859,9888,B+/cluster_2_363.BMP,B+
/Users/a75027/Desktop/compsci 760/datasets/B+/cluster_2_3630.BMP,ok,0.7733616504854369,77.33616504854369,False,normal,96,103,7647,9888,B+/cluster_2_3630.BMP,B+
/Users/a75027/Desktop/compsci 760/datasets/B+/cluster_2_3639.BMP,ok,0.7768001618122977,77.68001618122977,False,normal,96,103,7681,9888,B+/cluster_2_3639.BMP,B+
/Users/a75027/Desktop/compsci 760/datasets/B+/cluster_2_3651.BMP,ok,0.7737661812297735,77.37661812297735,False,normal,96,103,7651,9888,B+/cluster_2_3651.BMP,B+
/Users/a75027/Desktop/compsci 760/datasets/B+/cluster_2_3665.BMP,ok,0.6742516181229773,67.42516181229773,False,normal,96,103,6667,9888,B+/cluster_2_3665.BMP,B+
/Users/a75027/Desktop/compsci 760/datasets/B+/cluster_2_3683.BMP,ok,0.792576860841424,79.25768608414239,False,normal,96,103,7837,9888,B+/cluster_2_3683.BMP,B+
/Users/a75027/Desktop/compsci 760/datasets/B+/cluster_2_3684.BMP,ok,0.772046925566343,77.2046925566343,False,normal,96,103,7634,9888,B+/cluster_2_3684.BMP,B+
/Users/a75027/Desktop/compsci 760/datasets/B+/cluster_2_3700.BMP,ok,0.7530339805825242,75.30339805825243,False,normal,96,103,7446,9888,B+/cluster_2_3700.BMP,B+
/Users/a75027/Desktop/compsci 760/datasets/B+/cluster_2_3714.BMP,ok,0.747876213592233,74.7876213592233,False,normal,96,103,7395,9888,B+/cluster_2_3714.BMP,B+
/Users/a75027/Desktop/compsci 760/datasets/B+/cluster_2_3718.BMP,ok,0.6798139158576052,67.98139158576052,False,normal,96,103,6722,9888,B+/cluster_2_3718.BMP,B+
/Users/a75027/Desktop/compsci 760/datasets/B+/cluster_2_3719.BMP,ok,0.7379652103559871,73.7965210355987,False,normal,96,103,7297,9888,B+/cluster_2_3719.BMP,B+
/Users/a75027/Desktop/compsci 760/datasets/B+/cluster_2_372.BMP,ok,0.7028721682847896,70.28721682847896,False,normal,96,103,6950,9888,B+/cluster_2_372.BMP,B+
/Users/a75027/Desktop/compsci 760/datasets/B+/cluster_2_3745.BMP,ok,0.7673948220064725,76.73948220064725,False,normal,96,103,7588,9888,B+/cluster_2_3745.BMP,B+
/Users/a75027/Desktop/compsci 760/datasets/B+/cluster_2_3755.BMP,ok,0.7742718446601942,77.42718446601941,False,normal,96,103,7656,9888,B+/cluster_2_3755.BMP,B+
/Users/a75027/Desktop/compsci 760/datasets/B+/cluster_2_377.BMP,ok,0.7475728155339806,74.75728155339806,False,normal,96,103,7392,9888,B+/cluster_2_377.BMP,B+
/Users/a75027/Desktop/compsci 760/datasets/B+/cluster_2_3779.BMP,ok,0.7695186084142395,76.95186084142395,False,normal,96,103,7609,9888,B+/cluster_2_3779.BMP,B+
/Users/a75027/Desktop/compsci 760/datasets/B+/cluster_2_3788.BMP,ok,0.7958131067961165,79.58131067961165,False,normal,96,103,7869,9888,B+/cluster_2_3788.BMP,B+
/Users/a75027/Desktop/compsci 760/datasets/B+/cluster_2_3799.BMP,ok,0.7214805825242718,72.14805825242718,False,normal,96,103,7134,9888,B+/cluster_2_3799.BMP,B+
/Users/a75027/Desktop/compsci 760/datasets/B+/cluster_2_3803.BMP,ok,0.7685072815533981,76.85072815533981,False,normal,96,103,7599,9888,B+/cluster_2_3803.BMP,B+
/Users/a75027/Desktop/compsci 760/datasets/B+/cluster_2_3811.BMP,ok,0.7813511326860841,78.13511326860841,False,normal,96,103,7726,9888,B+/cluster_2_3811.BMP,B+
/Users/a75027/Desktop/compsci 760/datasets/B+/cluster_2_3830.BMP,ok,0.7353357605177994,73.53357605177993,False,normal,96,103,7271,9888,B+/cluster_2_3830.BMP,B+
/Users/a75027/Desktop/compsci 760/datasets/B+/cluster_2_3834.BMP,ok,0.6276838675540951,62.76838675540951,False,normal,241,298,45079,71818,B+/cluster_2_3834.BMP,B+
/Users/a75027/Desktop/compsci 760/datasets/B+/cluster_2_3839.BMP,ok,0.5061690938511327,50.616909385113274,False,normal,96,103,5005,9888,B+/cluster_2_3839.BMP,B+
/Users/a75027/Desktop/compsci 760/datasets/B+/cluster_2_3842.BMP,ok,0.729470064724919,72.9470064724919,False,normal,96,103,7213,9888,B+/cluster_2_3842.BMP,B+
/Users/a75027/Desktop/compsci 760/datasets/B+/cluster_2_3843.BMP,ok,0.7715412621359223,77.15412621359224,False,normal,96,103,7629,9888,B+/cluster_2_3843.BMP,B+
/Users/a75027/Desktop/compsci 760/datasets/B+/cluster_2_3854.BMP,ok,0.8337378640776699,83.37378640776699,False,normal,96,103,8244,9888,B+/cluster_2_3854.BMP,B+
/Users/a75027/Desktop/compsci 760/datasets/B+/cluster_2_3867.BMP,ok,0.7061084142394822,70.61084142394822,False,normal,96,103,6982,9888,B+/cluster_2_3867.BMP,B+
/Users/a75027/Desktop/compsci 760/datasets/B+/cluster_2_3870.BMP,ok,0.7591019417475728,75.91019417475728,False,normal,96,103,7506,9888,B+/cluster_2_3870.BMP,B+
/Users/a75027/Desktop/compsci 760/datasets/B+/cluster_2_3882.BMP,ok,0.7172330097087378,71.72330097087378,False,normal,96,103,7092,9888,B+/cluster_2_3882.BMP,B+
/Users/a75027/Desktop/compsci 760/datasets/B+/cluster_2_3886.BMP,ok,0.7310881877022654,73.10881877022653,False,normal,96,103,7229,9888,B+/cluster_2_3886.BMP,B+
/Users/a75027/Desktop/compsci 760/datasets/B+/cluster_2_3913.BMP,ok,0.682544498381877,68.2544498381877,False,normal,96,103,6749,9888,B+/cluster_2_3913.BMP,B+
/Users/a75027/Desktop/compsci 760/datasets/B+/cluster_2_3916.BMP,ok,0.7590008090614887,75.90008090614887,False,normal,96,103,7505,9888,B+/cluster_2_3916.BMP,B+
/Users/a75027/Desktop/compsci 760/datasets/B+/cluster_2_394.BMP,ok,0.7506067961165048,75.06067961165049,False,normal,96,103,7422,9888,B+/cluster_2_394.BMP,B+
/Users/a75027/Desktop/compsci 760/datasets/B+/cluster_2_3949.BMP,ok,0.5628033980582524,56.28033980582524,False,normal,96,103,5565,9888,B+/cluster_2_3949.BMP,B+
/Users/a75027/Desktop/compsci 760/datasets/B+/cluster_2_3957.BMP,ok,0.7817556634304207,78.17556634304206,False,normal,96,103,7730,9888,B+/cluster_2_3957.BMP,B+
/Users/a75027/Desktop/compsci 760/datasets/B+/cluster_2_3958.BMP,ok,0.7594053398058253,75.94053398058253,False,normal,96,103,7509,9888,B+/cluster_2_3958.BMP,B+
/Users/a75027/Desktop/compsci 760/datasets/B+/cluster_2_3962.BMP,ok,0.7298745954692557,72.98745954692556,False,normal,96,103,7217,9888,B+/cluster_2_3962.BMP,B+
/Users/a75027/Desktop/compsci 760/datasets/B+/cluster_2_3969.BMP,ok,0.7782160194174758,77.82160194174757,False,normal,96,103,7695,9888,B+/cluster_2_3969.BMP,B+
/Users/a75027/Desktop/compsci 760/datasets/B+/cluster_2_3971.BMP,ok,0.75,75.0,False,normal,96,103,7416,9888,B+/cluster_2_3971.BMP,B+
/Users/a75027/Desktop/compsci 760/datasets/B+/cluster_2_3997.BMP,ok,0.7341221682847896,73.41221682847896,False,normal,96,103,7259,9888,B+/cluster_2_3997.BMP,B+
/Users/a75027/Desktop/compsci 760/datasets/B+/cluster_2_4002.BMP,ok,0.7531351132686084,75.31351132686083,False,normal,96,103,7447,9888,B+/cluster_2_4002.BMP,B+
/Users/a75027/Desktop/compsci 760/datasets/B+/cluster_2_4005.BMP,ok,0.7562702265372169,75.62702265372168,False,normal,96,103,7478,9888,B+/cluster_2_4005.BMP,B+
/Users/a75027/Desktop/compsci 760/datasets/B+/cluster_2_4006.BMP,ok,0.7620347896440129,76.2034789644013,False,normal,96,103,7535,9888,B+/cluster_2_4006.BMP,B+
/Users/a75027/Desktop/compsci 760/datasets/B+/cluster_2_4008.BMP,ok,0.7297734627831716,72.97734627831716,False,normal,96,103,7216,9888,B+/cluster_2_4008.BMP,B+
/Users/a75027/Desktop/compsci 760/datasets/B+/cluster_2_4022.BMP,ok,0.6799150485436893,67.99150485436894,False,normal,96,103,6723,9888,B+/cluster_2_4022.BMP,B+
/Users/a75027/Desktop/compsci 760/datasets/B+/cluster_2_4026.BMP,ok,0.7927791262135923,79.27791262135922,False,normal,96,103,7839,9888,B+/cluster_2_4026.BMP,B+
/Users/a75027/Desktop/compsci 760/datasets/B+/cluster_2_403.BMP,ok,0.6838592233009708,68.38592233009709,False,normal,96,103,6762,9888,B+/cluster_2_403.BMP,B+
/Users/a75027/Desktop/compsci 760/datasets/B+/cluster_2_4039.BMP,ok,0.7657766990291263,76.57766990291263,False,normal,96,103,7572,9888,B+/cluster_2_4039.BMP,B+
/Users/a75027/Desktop/compsci 760/datasets/B+/cluster_2_4042.BMP,ok,0.7612257281553398,76.12257281553399,False,normal,96,103,7527,9888,B+/cluster_2_4042.BMP,B+
/Users/a75027/Desktop/compsci 760/datasets/B+/cluster_2_4075.BMP,ok,0.5839401294498382,58.39401294498382,False,normal,96,103,5774,9888,B+/cluster_2_4075.BMP,B+
/Users/a75027/Desktop/compsci 760/datasets/B+/cluster_2_4099.BMP,ok,0.7928802588996764,79.28802588996764,False,normal,96,103,7840,9888,B+/cluster_2_4099.BMP,B+
/Users/a75027/Desktop/compsci 760/datasets/B+/cluster_2_4109.BMP,ok,0.6307645631067961,63.07645631067961,False,normal,96,103,6237,9888,B+/cluster_2_4109.BMP,B+
/Users/a75027/Desktop/compsci 760/datasets/B+/cluster_2_4112.BMP,ok,0.7156148867313916,71.56148867313917,False,normal,96,103,7076,9888,B+/cluster_2_4112.BMP,B+
/Users/a75027/Desktop/compsci 760/datasets/B+/cluster_2_4147.BMP,ok,0.8173543689320388,81.73543689320388,False,normal,96,103,8082,9888,B+/cluster_2_4147.BMP,B+
/Users/a75027/Desktop/compsci 760/datasets/B+/cluster_2_415.BMP,ok,0.6617111650485437,66.17111650485437,False,normal,96,103,6543,9888,B+/cluster_2_415.BMP,B+
/Users/a75027/Desktop/compsci 760/datasets/B+/cluster_2_4156.BMP,ok,0.6553398058252428,65.53398058252428,False,normal,96,103,6480,9888,B+/cluster_2_4156.BMP,B+
/Users/a75027/Desktop/compsci 760/datasets/B+/cluster_2_4158.BMP,ok,0.7156148867313916,71.56148867313917,False,normal,96,103,7076,9888,B+/cluster_2_4158.BMP,B+
/Users/a75027/Desktop/compsci 760/datasets/B+/cluster_2_416.BMP,ok,0.6991302588996764,69.91302588996764,False,normal,96,103,6913,9888,B+/cluster_2_416.BMP,B+
/Users/a75027/Desktop/compsci 760/datasets/B+/cluster_2_4180.BMP,ok,0.806128640776699,80.6128640776699,False,normal,96,103,7971,9888,B+/cluster_2_4180.BMP,B+
/Users/a75027/Desktop/compsci 760/datasets/B+/cluster_2_4183.BMP,ok,0.7834749190938511,78.34749190938511,False,normal,96,103,7747,9888,B+/cluster_2_4183.BMP,B+
/Users/a75027/Desktop/compsci 760/datasets/B+/cluster_2_419.BMP,ok,0.7915655339805825,79.15655339805825,False,normal,96,103,7827,9888,B+/cluster_2_419.BMP,B+
/Users/a75027/Desktop/compsci 760/datasets/B+/cluster_2_4192.BMP,ok,0.7611245954692557,76.11245954692556,False,normal,96,103,7526,9888,B+/cluster_2_4192.BMP,B+
/Users/a75027/Desktop/compsci 760/datasets/B+/cluster_2_4194.BMP,ok,0.749292071197411,74.92920711974111,False,normal,96,103,7409,9888,B+/cluster_2_4194.BMP,B+
/Users/a75027/Desktop/compsci 760/datasets/B+/cluster_2_421.BMP,ok,0.7128843042071198,71.28843042071198,False,normal,96,103,7049,9888,B+/cluster_2_421.BMP,B+
/Users/a75027/Desktop/compsci 760/datasets/B+/cluster_2_4212.BMP,ok,0.7916666666666666,79.16666666666666,False,normal,96,103,7828,9888,B+/cluster_2_4212.BMP,B+
/Users/a75027/Desktop/compsci 760/datasets/B+/cluster_2_4215.BMP,ok,0.8335355987055016,83.35355987055017,False,normal,96,103,8242,9888,B+/cluster_2_4215.BMP,B+
/Users/a75027/Desktop/compsci 760/datasets/B+/cluster_2_4229.BMP,ok,0.7458535598705501,74.58535598705501,False,normal,96,103,7375,9888,B+/cluster_2_4229.BMP,B+
/Users/a75027/Desktop/compsci 760/datasets/B+/cluster_2_4249.BMP,ok,0.5725121359223301,57.25121359223301,False,normal,96,103,5661,9888,B+/cluster_2_4249.BMP,B+
/Users/a75027/Desktop/compsci 760/datasets/B+/cluster_2_425.BMP,ok,0.772046925566343,77.2046925566343,False,normal,96,103,7634,9888,B+/cluster_2_425.BMP,B+
/Users/a75027/Desktop/compsci 760/datasets/B+/cluster_2_4251.BMP,ok,0.7861043689320388,78.61043689320388,False,normal,96,103,7773,9888,B+/cluster_2_4251.BMP,B+
/Users/a75027/Desktop/compsci 760/datasets/B+/cluster_2_4268.BMP,ok,0.6578681229773463,65.78681229773463,False,normal,96,103,6505,9888,B+/cluster_2_4268.BMP,B+
/Users/a75027/Desktop/compsci 760/datasets/B+/cluster_2_4285.BMP,ok,0.7718446601941747,77.18446601941747,False,normal,96,103,7632,9888,B+/cluster_2_4285.BMP,B+
/Users/a75027/Desktop/compsci 760/datasets/B+/cluster_2_4288.BMP,ok,0.6596885113268608,65.96885113268608,False,normal,96,103,6523,9888,B+/cluster_2_4288.BMP,B+
/Users/a75027/Desktop/compsci 760/datasets/B+/cluster_2_4306.BMP,ok,0.636326860841424,63.6326860841424,False,normal,96,103,6292,9888,B+/cluster_2_4306.BMP,B+
/Users/a75027/Desktop/compsci 760/datasets/B+/cluster_2_4307.BMP,ok,0.7335153721682848,73.35153721682848,False,normal,96,103,7253,9888,B+/cluster_2_4307.BMP,B+
/Users/a75027/Desktop/compsci 760/datasets/B+/cluster_2_431.BMP,ok,0.667576860841424,66.75768608414239,False,normal,96,103,6601,9888,B+/cluster_2_431.BMP,B+
/Users/a75027/Desktop/compsci 760/datasets/B+/cluster_2_4310.BMP,ok,0.801779935275081,80.1779935275081,False,normal,96,103,7928,9888,B+/cluster_2_4310.BMP,B+
/Users/a75027/Desktop/compsci 760/datasets/B+/cluster_2_432.BMP,ok,0.7881270226537217,78.81270226537217,False,normal,96,103,7793,9888,B+/cluster_2_432.BMP,B+
/Users/a75027/Desktop/compsci 760/datasets/B+/cluster_2_4328.BMP,ok,0.6765776699029126,67.65776699029125,False,normal,96,103,6690,9888,B+/cluster_2_4328.BMP,B+
/Users/a75027/Desktop/compsci 760/datasets/B+/cluster_2_4330.BMP,ok,0.7236043689320388,72.36043689320388,False,normal,96,103,7155,9888,B+/cluster_2_4330.BMP,B+
/Users/a75027/Desktop/compsci 760/datasets/B+/cluster_2_4335.BMP,ok,0.7824635922330098,78.24635922330097,False,normal,96,103,7737,9888,B+/cluster_2_4335.BMP,B+
/Users/a75027/Desktop/compsci 760/datasets/B+/cluster_2_4364.BMP,ok,0.7722491909385113,77.22491909385113,False,normal,96,103,7636,9888,B+/cluster_2_4364.BMP,B+
/Users/a75027/Desktop/compsci 760/datasets/B+/cluster_2_4366.BMP,ok,0.7753843042071198,77.53843042071198,False,normal,96,103,7667,9888,B+/cluster_2_4366.BMP,B+
/Users/a75027/Desktop/compsci 760/datasets/B+/cluster_2_4383.BMP,ok,0.7895428802588996,78.95428802588997,False,normal,96,103,7807,9888,B+/cluster_2_4383.BMP,B+
/Users/a75027/Desktop/compsci 760/datasets/B+/cluster_2_4389.BMP,ok,0.7968244336569579,79.68244336569579,False,normal,96,103,7879,9888,B+/cluster_2_4389.BMP,B+
/Users/a75027/Desktop/compsci 760/datasets/B+/cluster_2_4394.BMP,ok,0.7216828478964401,72.168284789644,False,normal,96,103,7136,9888,B+/cluster_2_4394.BMP,B+
/Users/a75027/Desktop/compsci 760/datasets/B+/cluster_2_4398.BMP,ok,0.7674959546925566,76.74959546925567,False,normal,96,103,7589,9888,B+/cluster_2_4398.BMP,B+
/Users/a75027/Desktop/compsci 760/datasets/B+/cluster_2_4407.BMP,ok,0.7555622977346278,75.55622977346277,False,normal,96,103,7471,9888,B+/cluster_2_4407.BMP,B+
/Users/a75027/Desktop/compsci 760/datasets/B+/cluster_2_4408.BMP,ok,0.6973098705501618,69.73098705501619,False,normal,96,103,6895,9888,B+/cluster_2_4408.BMP,B+
/Users/a75027/Desktop/compsci 760/datasets/B+/cluster_2_4439.BMP,ok,0.2282564724919094,22.82564724919094,False,normal,96,103,2257,9888,B+/cluster_2_4439.BMP,B+
/Users/a75027/Desktop/compsci 760/datasets/B+/cluster_2_444.BMP,ok,0.748584142394822,74.8584142394822,False,normal,96,103,7402,9888,B+/cluster_2_444.BMP,B+
/Users/a75027/Desktop/compsci 760/datasets/B+/cluster_2_4446.BMP,ok,0.6795105177993528,67.95105177993528,False,normal,96,103,6719,9888,B+/cluster_2_4446.BMP,B+
/Users/a75027/Desktop/compsci 760/datasets/B+/cluster_2_4454.BMP,ok,0.7825647249190939,78.25647249190939,False,normal,96,103,7738,9888,B+/cluster_2_4454.BMP,B+
/Users/a75027/Desktop/compsci 760/datasets/B+/cluster_2_4458.BMP,ok,0.7087378640776699,70.87378640776699,False,normal,96,103,7008,9888,B+/cluster_2_4458.BMP,B+
/Users/a75027/Desktop/compsci 760/datasets/B+/cluster_2_4471.BMP,ok,0.7185477346278317,71.85477346278317,False,normal,96,103,7105,9888,B+/cluster_2_4471.BMP,B+
/Users/a75027/Desktop/compsci 760/datasets/B+/cluster_2_4475.BMP,ok,0.7509101941747572,75.09101941747572,False,normal,96,103,7425,9888,B+/cluster_2_4475.BMP,B+
/Users/a75027/Desktop/compsci 760/datasets/B+/cluster_2_4476.BMP,ok,0.7403923948220065,74.03923948220064,False,normal,96,103,7321,9888,B+/cluster_2_4476.BMP,B+
/Users/a75027/Desktop/compsci 760/datasets/B+/cluster_2_4478.BMP,ok,0.6574635922330098,65.74635922330097,False,normal,96,103,6501,9888,B+/cluster_2_4478.BMP,B+
/Users/a75027/Desktop/compsci 760/datasets/B+/cluster_2_4488.BMP,ok,0.7384708737864077,73.84708737864078,False,normal,96,103,7302,9888,B+/cluster_2_4488.BMP,B+
/Users/a75027/Desktop/compsci 760/datasets/B+/cluster_2_4496.BMP,ok,0.7460558252427184,74.60558252427184,False,normal,96,103,7377,9888,B+/cluster_2_4496.BMP,B+
/Users/a75027/Desktop/compsci 760/datasets/B+/cluster_2_450.BMP,ok,0.6771844660194175,67.71844660194175,False,normal,96,103,6696,9888,B+/cluster_2_450.BMP,B+
/Users/a75027/Desktop/compsci 760/datasets/B+/cluster_2_4511.BMP,ok,0.7428195792880259,74.28195792880258,False,normal,96,103,7345,9888,B+/cluster_2_4511.BMP,B+
/Users/a75027/Desktop/compsci 760/datasets/B+/cluster_2_4512.BMP,ok,0.7832726537216829,78.32726537216828,False,normal,96,103,7745,9888,B+/cluster_2_4512.BMP,B+
/Users/a75027/Desktop/compsci 760/datasets/B+/cluster_2_4516.BMP,ok,0.6921521035598706,69.21521035598705,False,normal,96,103,6844,9888,B+/cluster_2_4516.BMP,B+
/Users/a75027/Desktop/compsci 760/datasets/B+/cluster_2_4526.BMP,ok,0.7367516181229773,73.67516181229773,False,normal,96,103,7285,9888,B+/cluster_2_4526.BMP,B+
/Users/a75027/Desktop/compsci 760/datasets/B+/cluster_2_4527.BMP,ok,0.7466626213592233,74.66626213592234,False,normal,96,103,7383,9888,B+/cluster_2_4527.BMP,B+
/Users/a75027/Desktop/compsci 760/datasets/B+/cluster_2_4533.BMP,ok,0.7781148867313916,77.81148867313917,False,normal,96,103,7694,9888,B+/cluster_2_4533.BMP,B+
/Users/a75027/Desktop/compsci 760/datasets/B+/cluster_2_4569.BMP,ok,0.6074029126213593,60.740291262135926,False,normal,96,103,6006,9888,B+/cluster_2_4569.BMP,B+
/Users/a75027/Desktop/compsci 760/datasets/B+/cluster_2_4573.BMP,ok,0.8365695792880259,83.65695792880258,False,normal,96,103,8272,9888,B+/cluster_2_4573.BMP,B+
/Users/a75027/Desktop/compsci 760/datasets/B+/cluster_2_4576.BMP,ok,0.6662621359223301,66.62621359223301,False,normal,96,103,6588,9888,B+/cluster_2_4576.BMP,B+
/Users/a75027/Desktop/compsci 760/datasets/B+/cluster_2_4578.BMP,ok,0.7207726537216829,72.07726537216828,False,normal,96,103,7127,9888,B+/cluster_2_4578.BMP,B+
/Users/a75027/Desktop/compsci 760/datasets/B+/cluster_2_4602.BMP,ok,0.6977144012944984,69.77144012944983,False,normal,96,103,6899,9888,B+/cluster_2_4602.BMP,B+
/Users/a75027/Desktop/compsci 760/datasets/B+/cluster_2_4621.BMP,ok,0.7084344660194175,70.84344660194175,False,normal,96,103,7005,9888,B+/cluster_2_4621.BMP,B+
/Users/a75027/Desktop/compsci 760/datasets/B+/cluster_2_4627.BMP,ok,0.7483818770226537,74.83818770226537,False,normal,96,103,7400,9888,B+/cluster_2_4627.BMP,B+
/Users/a75027/Desktop/compsci 760/datasets/B+/cluster_2_4636.BMP,ok,0.6854773462783171,68.54773462783172,False,normal,96,103,6778,9888,B+/cluster_2_4636.BMP,B+
/Users/a75027/Desktop/compsci 760/datasets/B+/cluster_2_4638.BMP,ok,0.67334142394822,67.33414239482201,False,normal,96,103,6658,9888,B+/cluster_2_4638.BMP,B+
/Users/a75027/Desktop/compsci 760/datasets/B+/cluster_2_4644.BMP,ok,0.7238066343042071,72.38066343042071,False,normal,96,103,7157,9888,B+/cluster_2_4644.BMP,B+
/Users/a75027/Desktop/compsci 760/datasets/B+/cluster_2_4656.BMP,ok,0.7496966019417476,74.96966019417476,False,normal,96,103,7413,9888,B+/cluster_2_4656.BMP,B+
/Users/a75027/Desktop/compsci 760/datasets/B+/cluster_2_4659.BMP,ok,0.8181634304207119,81.8163430420712,False,normal,96,103,8090,9888,B+/cluster_2_4659.BMP,B+
/Users/a75027/Desktop/compsci 760/datasets/B+/cluster_2_466.BMP,ok,0.797532362459547,79.7532362459547,False,normal,96,103,7886,9888,B+/cluster_2_466.BMP,B+
/Users/a75027/Desktop/compsci 760/datasets/B+/cluster_2_4668.BMP,ok,0.7752831715210357,77.52831715210357,False,normal,96,103,7666,9888,B+/cluster_2_4668.BMP,B+
/Users/a75027/Desktop/compsci 760/datasets/B+/cluster_2_4677.BMP,ok,0.6330906148867314,63.30906148867314,False,normal,96,103,6260,9888,B+/cluster_2_4677.BMP,B+
/Users/a75027/Desktop/compsci 760/datasets/B+/cluster_2_4678.BMP,ok,0.7957119741100324,79.57119741100324,False,normal,96,103,7868,9888,B+/cluster_2_4678.BMP,B+
/Users/a75027/Desktop/compsci 760/datasets/B+/cluster_2_470.BMP,ok,0.7735639158576052,77.35639158576052,False,normal,96,103,7649,9888,B+/cluster_2_470.BMP,B+
/Users/a75027/Desktop/compsci 760/datasets/B+/cluster_2_4705.BMP,ok,0.6802184466019418,68.02184466019418,False,normal,96,103,6726,9888,B+/cluster_2_4705.BMP,B+
/Users/a75027/Desktop/compsci 760/datasets/B+/cluster_2_4725.BMP,ok,0.6665655339805825,66.65655339805825,False,normal,96,103,6591,9888,B+/cluster_2_4725.BMP,B+
/Users/a75027/Desktop/compsci 760/datasets/B+/cluster_2_473.BMP,ok,0.7406957928802589,74.06957928802589,False,normal,96,103,7324,9888,B+/cluster_2_473.BMP,B+
/Users/a75027/Desktop/compsci 760/datasets/B+/cluster_2_4731.BMP,ok,0.6724312297734628,67.24312297734627,False,normal,96,103,6649,9888,B+/cluster_2_4731.BMP,B+
/Users/a75027/Desktop/compsci 760/datasets/B+/cluster_2_4748.BMP,ok,0.7657766990291263,76.57766990291263,False,normal,96,103,7572,9888,B+/cluster_2_4748.BMP,B+
/Users/a75027/Desktop/compsci 760/datasets/B+/cluster_2_4757.BMP,ok,0.722997572815534,72.2997572815534,False,normal,96,103,7149,9888,B+/cluster_2_4757.BMP,B+
/Users/a75027/Desktop/compsci 760/datasets/B+/cluster_2_4758.BMP,ok,0.7404935275080906,74.04935275080906,False,normal,96,103,7322,9888,B+/cluster_2_4758.BMP,B+
/Users/a75027/Desktop/compsci 760/datasets/B+/cluster_2_4783.BMP,ok,0.7633495145631068,76.33495145631069,False,normal,96,103,7548,9888,B+/cluster_2_4783.BMP,B+
/Users/a75027/Desktop/compsci 760/datasets/B+/cluster_2_4800.BMP,ok,0.7248179611650486,72.48179611650485,False,normal,96,103,7167,9888,B+/cluster_2_4800.BMP,B+
/Users/a75027/Desktop/compsci 760/datasets/B+/cluster_2_4805.BMP,ok,0.7370550161812298,73.70550161812298,False,normal,96,103,7288,9888,B+/cluster_2_4805.BMP,B+
/Users/a75027/Desktop/compsci 760/datasets/B+/cluster_2_4807.BMP,ok,0.737156148867314,73.7156148867314,False,normal,96,103,7289,9888,B+/cluster_2_4807.BMP,B+
/Users/a75027/Desktop/compsci 760/datasets/B+/cluster_2_4813.BMP,ok,0.745044498381877,74.5044498381877,False,normal,96,103,7367,9888,B+/cluster_2_4813.BMP,B+
/Users/a75027/Desktop/compsci 760/datasets/B+/cluster_2_4834.BMP,ok,0.7466626213592233,74.66626213592234,False,normal,96,103,7383,9888,B+/cluster_2_4834.BMP,B+
/Users/a75027/Desktop/compsci 760/datasets/B+/cluster_2_4843.BMP,ok,0.7401901294498382,74.01901294498381,False,normal,96,103,7319,9888,B+/cluster_2_4843.BMP,B+
/Users/a75027/Desktop/compsci 760/datasets/B+/cluster_2_4848.BMP,ok,0.7630461165048543,76.30461165048543,False,normal,96,103,7545,9888,B+/cluster_2_4848.BMP,B+
/Users/a75027/Desktop/compsci 760/datasets/B+/cluster_2_4859.BMP,ok,0.5307443365695793,53.07443365695793,False,normal,96,103,5248,9888,B+/cluster_2_4859.BMP,B+
/Users/a75027/Desktop/compsci 760/datasets/B+/cluster_2_4882.BMP,ok,0.7845873786407767,78.45873786407766,False,normal,96,103,7758,9888,B+/cluster_2_4882.BMP,B+
/Users/a75027/Desktop/compsci 760/datasets/B+/cluster_2_4884.BMP,ok,0.7976334951456311,79.7633495145631,False,normal,96,103,7887,9888,B+/cluster_2_4884.BMP,B+
/Users/a75027/Desktop/compsci 760/datasets/B+/cluster_2_4890.BMP,ok,0.7185477346278317,71.85477346278317,False,normal,96,103,7105,9888,B+/cluster_2_4890.BMP,B+
/Users/a75027/Desktop/compsci 760/datasets/B+/cluster_2_4913.BMP,ok,0.7595064724919094,75.95064724919094,False,normal,96,103,7510,9888,B+/cluster_2_4913.BMP,B+
/Users/a75027/Desktop/compsci 760/datasets/B+/cluster_2_4920.BMP,ok,0.7433252427184466,74.33252427184466,False,normal,96,103,7350,9888,B+/cluster_2_4920.BMP,B+
/Users/a75027/Desktop/compsci 760/datasets/B+/cluster_2_4932.BMP,ok,0.7320995145631068,73.20995145631069,False,normal,96,103,7239,9888,B+/cluster_2_4932.BMP,B+
/Users/a75027/Desktop/compsci 760/datasets/B+/cluster_2_4935.BMP,ok,0.7567758899676376,75.67758899676376,False,normal,96,103,7483,9888,B+/cluster_2_4935.BMP,B+
/Users/a75027/Desktop/compsci 760/datasets/B+/cluster_2_4947.BMP,ok,0.78832928802589,78.832928802589,False,normal,96,103,7795,9888,B+/cluster_2_4947.BMP,B+
/Users/a75027/Desktop/compsci 760/datasets/B+/cluster_2_4957.BMP,ok,0.7771035598705501,77.71035598705501,False,normal,96,103,7684,9888,B+/cluster_2_4957.BMP,B+
/Users/a75027/Desktop/compsci 760/datasets/B+/cluster_2_4958.BMP,ok,0.6743527508090615,67.43527508090615,False,normal,96,103,6668,9888,B+/cluster_2_4958.BMP,B+
/Users/a75027/Desktop/compsci 760/datasets/B+/cluster_2_4960.BMP,ok,0.8118932038834952,81.18932038834951,False,normal,96,103,8028,9888,B+/cluster_2_4960.BMP,B+
/Users/a75027/Desktop/compsci 760/datasets/B+/cluster_2_4964.BMP,ok,0.6212580906148867,62.12580906148867,False,normal,96,103,6143,9888,B+/cluster_2_4964.BMP,B+
/Users/a75027/Desktop/compsci 760/datasets/B+/cluster_2_4969.BMP,ok,0.7217839805825242,72.17839805825243,False,normal,96,103,7137,9888,B+/cluster_2_4969.BMP,B+
/Users/a75027/Desktop/compsci 760/datasets/B+/cluster_2_4974.BMP,ok,0.6270226537216829,62.702265372168284,False,normal,96,103,6200,9888,B+/cluster_2_4974.BMP,B+
/Users/a75027/Desktop/compsci 760/datasets/B+/cluster_2_4980.BMP,ok,0.645529935275081,64.5529935275081,False,normal,96,103,6383,9888,B+/cluster_2_4980.BMP,B+
/Users/a75027/Desktop/compsci 760/datasets/B+/cluster_2_4988.BMP,ok,0.7460558252427184,74.60558252427184,False,normal,96,103,7377,9888,B+/cluster_2_4988.BMP,B+
/Users/a75027/Desktop/compsci 760/datasets/B+/cluster_2_4992.BMP,ok,0.8023867313915858,80.23867313915858,False,normal,96,103,7934,9888,B+/cluster_2_4992.BMP,B+
/Users/a75027/Desktop/compsci 760/datasets/B+/cluster_2_4999.BMP,ok,0.6695995145631068,66.95995145631069,False,normal,96,103,6621,9888,B+/cluster_2_4999.BMP,B+
/Users/a75027/Desktop/compsci 760/datasets/B+/cluster_2_500.BMP,ok,0.7618325242718447,76.18325242718447,False,normal,96,103,7533,9888,B+/cluster_2_500.BMP,B+
/Users/a75027/Desktop/compsci 760/datasets/B+/cluster_2_5005.BMP,ok,0.7296723300970874,72.96723300970875,False,normal,96,103,7215,9888,B+/cluster_2_5005.BMP,B+
/Users/a75027/Desktop/compsci 760/datasets/B+/cluster_2_5008.BMP,ok,0.6893203883495146,68.93203883495146,False,normal,96,103,6816,9888,B+/cluster_2_5008.BMP,B+
/Users/a75027/Desktop/compsci 760/datasets/B+/cluster_2_5012.BMP,ok,0.7629449838187702,76.29449838187702,False,normal,96,103,7544,9888,B+/cluster_2_5012.BMP,B+
/Users/a75027/Desktop/compsci 760/datasets/B+/cluster_2_5016.BMP,ok,0.7377629449838188,73.77629449838187,False,normal,96,103,7295,9888,B+/cluster_2_5016.BMP,B+
/Users/a75027/Desktop/compsci 760/datasets/B+/cluster_2_5019.BMP,ok,0.7837783171521036,78.37783171521036,False,normal,96,103,7750,9888,B+/cluster_2_5019.BMP,B+
/Users/a75027/Desktop/compsci 760/datasets/B+/cluster_2_5024.BMP,ok,0.7490898058252428,74.90898058252428,False,normal,96,103,7407,9888,B+/cluster_2_5024.BMP,B+
/Users/a75027/Desktop/compsci 760/datasets/B+/cluster_2_5043.BMP,ok,0.6652508090614887,66.52508090614887,False,normal,96,103,6578,9888,B+/cluster_2_5043.BMP,B+
/Users/a75027/Desktop/compsci 760/datasets/B+/cluster_2_5047.BMP,ok,0.762843851132686,76.2843851132686,False,normal,96,103,7543,9888,B+/cluster_2_5047.BMP,B+
/Users/a75027/Desktop/compsci 760/datasets/B+/cluster_2_505.BMP,ok,0.7773058252427184,77.73058252427184,False,normal,96,103,7686,9888,B+/cluster_2_505.BMP,B+
/Users/a75027/Desktop/compsci 760/datasets/B+/cluster_2_5058.BMP,ok,0.6803195792880259,68.03195792880258,False,normal,96,103,6727,9888,B+/cluster_2_5058.BMP,B+
/Users/a75027/Desktop/compsci 760/datasets/B+/cluster_2_5064.BMP,ok,0.6352144012944984,63.521440129449836,False,normal,96,103,6281,9888,B+/cluster_2_5064.BMP,B+
/Users/a75027/Desktop/compsci 760/datasets/B+/cluster_2_5070.BMP,ok,0.6859830097087378,68.59830097087378,False,normal,96,103,6783,9888,B+/cluster_2_5070.BMP,B+
/Users/a75027/Desktop/compsci 760/datasets/B+/cluster_2_5071.BMP,ok,0.6994336569579288,69.94336569579288,False,normal,96,103,6916,9888,B+/cluster_2_5071.BMP,B+
/Users/a75027/Desktop/compsci 760/datasets/B+/cluster_2_5074.BMP,ok,0.7797330097087378,77.97330097087378,False,normal,96,103,7710,9888,B+/cluster_2_5074.BMP,B+
/Users/a75027/Desktop/compsci 760/datasets/B+/cluster_2_5084.BMP,ok,0.7622370550161812,76.22370550161813,False,normal,96,103,7537,9888,B+/cluster_2_5084.BMP,B+
/Users/a75027/Desktop/compsci 760/datasets/B+/cluster_2_5098.BMP,ok,0.7797330097087378,77.97330097087378,False,normal,96,103,7710,9888,B+/cluster_2_5098.BMP,B+
/Users/a75027/Desktop/compsci 760/datasets/B+/cluster_2_510.BMP,ok,0.7801375404530745,78.01375404530745,False,normal,96,103,7714,9888,B+/cluster_2_510.BMP,B+
/Users/a75027/Desktop/compsci 760/datasets/B+/cluster_2_5107.BMP,ok,0.7445388349514563,74.45388349514563,False,normal,96,103,7362,9888,B+/cluster_2_5107.BMP,B+
/Users/a75027/Desktop/compsci 760/datasets/B+/cluster_2_513.BMP,ok,0.7374595469255664,73.74595469255664,False,normal,96,103,7292,9888,B+/cluster_2_513.BMP,B+
/Users/a75027/Desktop/compsci 760/datasets/B+/cluster_2_5136.BMP,ok,0.7787216828478964,77.87216828478964,False,normal,96,103,7700,9888,B+/cluster_2_5136.BMP,B+
/Users/a75027/Desktop/compsci 760/datasets/B+/cluster_2_5141.BMP,ok,0.6995347896440129,69.9534789644013,False,normal,96,103,6917,9888,B+/cluster_2_5141.BMP,B+
/Users/a75027/Desktop/compsci 760/datasets/B+/cluster_2_5147.BMP,ok,0.8021844660194175,80.21844660194175,False,normal,96,103,7932,9888,B+/cluster_2_5147.BMP,B+
/Users/a75027/Desktop/compsci 760/datasets/B+/cluster_2_5152.BMP,ok,0.7035800970873787,70.35800970873787,False,normal,96,103,6957,9888,B+/cluster_2_5152.BMP,B+
/Users/a75027/Desktop/compsci 760/datasets/B+/cluster_2_5162.BMP,ok,0.7020631067961165,70.20631067961165,False,normal,96,103,6942,9888,B+/cluster_2_5162.BMP,B+
/Users/a75027/Desktop/compsci 760/datasets/B+/cluster_2_5169.BMP,ok,0.7579894822006472,75.79894822006472,False,normal,96,103,7495,9888,B+/cluster_2_5169.BMP,B+
/Users/a75027/Desktop/compsci 760/datasets/B+/cluster_2_5171.BMP,ok,0.7508090614886731,75.08090614886731,False,normal,96,103,7424,9888,B+/cluster_2_5171.BMP,B+
/Users/a75027/Desktop/compsci 760/datasets/B+/cluster_2_5173.BMP,ok,0.6290453074433657,62.904530744336576,False,normal,96,103,6220,9888,B+/cluster_2_5173.BMP,B+
/Users/a75027/Desktop/compsci 760/datasets/B+/cluster_2_5176.BMP,ok,0.7103559870550162,71.03559870550163,False,normal,96,103,7024,9888,B+/cluster_2_5176.BMP,B+
/Users/a75027/Desktop/compsci 760/datasets/B+/cluster_2_5186.BMP,ok,0.7419093851132686,74.19093851132686,False,normal,96,103,7336,9888,B+/cluster_2_5186.BMP,B+
/Users/a75027/Desktop/compsci 760/datasets/B+/cluster_2_5188.BMP,ok,0.6589805825242718,65.89805825242718,False,normal,96,103,6516,9888,B+/cluster_2_5188.BMP,B+
/Users/a75027/Desktop/compsci 760/datasets/B+/cluster_2_5199.BMP,ok,0.7731593851132686,77.31593851132686,False,normal,96,103,7645,9888,B+/cluster_2_5199.BMP,B+
/Users/a75027/Desktop/compsci 760/datasets/B+/cluster_2_5205.BMP,ok,0.7728559870550162,77.28559870550163,False,normal,96,103,7642,9888,B+/cluster_2_5205.BMP,B+
/Users/a75027/Desktop/compsci 760/datasets/B+/cluster_2_5215.BMP,ok,0.7023665048543689,70.2366504854369,False,normal,96,103,6945,9888,B+/cluster_2_5215.BMP,B+
/Users/a75027/Desktop/compsci 760/datasets/B+/cluster_2_522.BMP,ok,0.7673948220064725,76.73948220064725,False,normal,96,103,7588,9888,B+/cluster_2_522.BMP,B+
/Users/a75027/Desktop/compsci 760/datasets/B+/cluster_2_5220.BMP,ok,0.6750606796116505,67.50606796116504,False,normal,96,103,6675,9888,B+/cluster_2_5220.BMP,B+
/Users/a75027/Desktop/compsci 760/datasets/B+/cluster_2_5230.BMP,ok,0.7575849514563107,75.75849514563106,False,normal,96,103,7491,9888,B+/cluster_2_5230.BMP,B+
/Users/a75027/Desktop/compsci 760/datasets/B+/cluster_2_5236.BMP,ok,0.7713389967637541,77.1338996763754,False,normal,96,103,7627,9888,B+/cluster_2_5236.BMP,B+
/Users/a75027/Desktop/compsci 760/datasets/B+/cluster_2_524.BMP,ok,0.7933859223300971,79.3385922330097,False,normal,96,103,7845,9888,B+/cluster_2_524.BMP,B+
/Users/a75027/Desktop/compsci 760/datasets/B+/cluster_2_5254.BMP,ok,0.7465614886731392,74.65614886731392,False,normal,96,103,7382,9888,B+/cluster_2_5254.BMP,B+
/Users/a75027/Desktop/compsci 760/datasets/B+/cluster_2_5259.BMP,ok,0.7552588996763754,75.52588996763754,False,normal,96,103,7468,9888,B+/cluster_2_5259.BMP,B+
/Users/a75027/Desktop/compsci 760/datasets/B+/cluster_2_5269.BMP,ok,0.8101739482200647,81.01739482200647,False,normal,96,103,8011,9888,B+/cluster_2_5269.BMP,B+
/Users/a75027/Desktop/compsci 760/datasets/B+/cluster_2_5274.BMP,ok,0.752123786407767,75.2123786407767,False,normal,96,103,7437,9888,B+/cluster_2_5274.BMP,B+
/Users/a75027/Desktop/compsci 760/datasets/B+/cluster_2_5276.BMP,ok,0.7676982200647249,76.76982200647248,False,normal,96,103,7591,9888,B+/cluster_2_5276.BMP,B+
/Users/a75027/Desktop/compsci 760/datasets/B+/cluster_2_5277.BMP,ok,0.7158171521035599,71.581715210356,False,normal,96,103,7078,9888,B+/cluster_2_5277.BMP,B+
/Users/a75027/Desktop/compsci 760/datasets/B+/cluster_2_5288.BMP,ok,0.7340210355987055,73.40210355987054,False,normal,96,103,7258,9888,B+/cluster_2_5288.BMP,B+
/Users/a75027/Desktop/compsci 760/datasets/B+/cluster_2_5295.BMP,ok,0.73290857605178,73.29085760517799,False,normal,96,103,7247,9888,B+/cluster_2_5295.BMP,B+
/Users/a75027/Desktop/compsci 760/datasets/B+/cluster_2_5309.BMP,ok,0.7068163430420712,70.68163430420712,False,normal,96,103,6989,9888,B+/cluster_2_5309.BMP,B+
/Users/a75027/Desktop/compsci 760/datasets/B+/cluster_2_5312.BMP,ok,0.6492718446601942,64.92718446601941,False,normal,96,103,6420,9888,B+/cluster_2_5312.BMP,B+
/Users/a75027/Desktop/compsci 760/datasets/B+/cluster_2_5332.BMP,ok,0.7047936893203883,70.47936893203884,False,normal,96,103,6969,9888,B+/cluster_2_5332.BMP,B+
/Users/a75027/Desktop/compsci 760/datasets/B+/cluster_2_5333.BMP,ok,0.6578681229773463,65.78681229773463,False,normal,96,103,6505,9888,B+/cluster_2_5333.BMP,B+
/Users/a75027/Desktop/compsci 760/datasets/B+/cluster_2_5337.BMP,ok,0.7239077669902912,72.39077669902912,False,normal,96,103,7158,9888,B+/cluster_2_5337.BMP,B+
/Users/a75027/Desktop/compsci 760/datasets/B+/cluster_2_5346.BMP,ok,0.6983211974110033,69.83211974110033,False,normal,96,103,6905,9888,B+/cluster_2_5346.BMP,B+
/Users/a75027/Desktop/compsci 760/datasets/B+/cluster_2_5356.BMP,ok,0.6578681229773463,65.78681229773463,False,normal,96,103,6505,9888,B+/cluster_2_5356.BMP,B+
/Users/a75027/Desktop/compsci 760/datasets/B+/cluster_2_536.BMP,ok,0.7698220064724919,76.98220064724919,False,normal,96,103,7612,9888,B+/cluster_2_536.BMP,B+
/Users/a75027/Desktop/compsci 760/datasets/B+/cluster_2_5363.BMP,ok,0.6244943365695793,62.44943365695793,False,normal,96,103,6175,9888,B+/cluster_2_5363.BMP,B+
/Users/a75027/Desktop/compsci 760/datasets/B+/cluster_2_5374.BMP,ok,0.7755865695792881,77.5586569579288,False,normal,96,103,7669,9888,B+/cluster_2_5374.BMP,B+
/Users/a75027/Desktop/compsci 760/datasets/B+/cluster_2_5375.BMP,ok,0.70165857605178,70.16585760517799,False,normal,96,103,6938,9888,B+/cluster_2_5375.BMP,B+
/Users/a75027/Desktop/compsci 760/datasets/B+/cluster_2_5390.BMP,ok,0.8406148867313916,84.06148867313917,False,normal,96,103,8312,9888,B+/cluster_2_5390.BMP,B+
/Users/a75027/Desktop/compsci 760/datasets/B+/cluster_2_5394.BMP,ok,0.7310881877022654,73.10881877022653,False,normal,96,103,7229,9888,B+/cluster_2_5394.BMP,B+
/Users/a75027/Desktop/compsci 760/datasets/B+/cluster_2_5409.BMP,ok,0.7155137540453075,71.55137540453075,False,normal,96,103,7075,9888,B+/cluster_2_5409.BMP,B+
/Users/a75027/Desktop/compsci 760/datasets/B+/cluster_2_5430.BMP,ok,0.6656553398058253,66.56553398058253,False,normal,96,103,6582,9888,B+/cluster_2_5430.BMP,B+
/Users/a75027/Desktop/compsci 760/datasets/B+/cluster_2_5440.BMP,ok,0.7402912621359223,74.02912621359224,False,normal,96,103,7320,9888,B+/cluster_2_5440.BMP,B+
/Users/a75027/Desktop/compsci 760/datasets/B+/cluster_2_5443.BMP,ok,0.7125809061488673,71.25809061488673,False,normal,96,103,7046,9888,B+/cluster_2_5443.BMP,B+
/Users/a75027/Desktop/compsci 760/datasets/B+/cluster_2_5458.BMP,ok,0.7480784789644013,74.80784789644012,False,normal,96,103,7397,9888,B+/cluster_2_5458.BMP,B+
/Users/a75027/Desktop/compsci 760/datasets/B+/cluster_2_5464.BMP,ok,0.6487661812297735,64.87661812297735,False,normal,96,103,6415,9888,B+/cluster_2_5464.BMP,B+
/Users/a75027/Desktop/compsci 760/datasets/B+/cluster_2_5465.BMP,ok,0.7666868932038835,76.66868932038835,False,normal,96,103,7581,9888,B+/cluster_2_5465.BMP,B+
/Users/a75027/Desktop/compsci 760/datasets/B+/cluster_2_5476.BMP,ok,0.7183454692556634,71.83454692556634,False,normal,96,103,7103,9888,B+/cluster_2_5476.BMP,B+
/Users/a75027/Desktop/compsci 760/datasets/B+/cluster_2_5480.BMP,ok,0.6981189320388349,69.81189320388349,False,normal,96,103,6903,9888,B+/cluster_2_5480.BMP,B+
/Users/a75027/Desktop/compsci 760/datasets/B+/cluster_2_5485.BMP,ok,0.73584142394822,73.58414239482201,False,normal,96,103,7276,9888,B+/cluster_2_5485.BMP,B+
/Users/a75027/Desktop/compsci 760/datasets/B+/cluster_2_5506.BMP,ok,0.7225930420711975,72.25930420711974,False,normal,96,103,7145,9888,B+/cluster_2_5506.BMP,B+
/Users/a75027/Desktop/compsci 760/datasets/B+/cluster_2_5539.BMP,ok,0.7433252427184466,74.33252427184466,False,normal,96,103,7350,9888,B+/cluster_2_5539.BMP,B+
/Users/a75027/Desktop/compsci 760/datasets/B+/cluster_2_5547.BMP,ok,0.804004854368932,80.4004854368932,False,normal,96,103,7950,9888,B+/cluster_2_5547.BMP,B+
/Users/a75027/Desktop/compsci 760/datasets/B+/cluster_2_5552.BMP,ok,0.6708131067961165,67.08131067961165,False,normal,96,103,6633,9888,B+/cluster_2_5552.BMP,B+
/Users/a75027/Desktop/compsci 760/datasets/B+/cluster_2_5566.BMP,ok,0.7403923948220065,74.03923948220064,False,normal,96,103,7321,9888,B+/cluster_2_5566.BMP,B+
/Users/a75027/Desktop/compsci 760/datasets/B+/cluster_2_5570.BMP,ok,0.736549352750809,73.6549352750809,False,normal,96,103,7283,9888,B+/cluster_2_5570.BMP,B+
/Users/a75027/Desktop/compsci 760/datasets/B+/cluster_2_5581.BMP,ok,0.7985436893203883,79.85436893203884,False,normal,96,103,7896,9888,B+/cluster_2_5581.BMP,B+
/Users/a75027/Desktop/compsci 760/datasets/B+/cluster_2_5597.BMP,ok,0.7242111650485437,72.42111650485437,False,normal,96,103,7161,9888,B+/cluster_2_5597.BMP,B+
/Users/a75027/Desktop/compsci 760/datasets/B+/cluster_2_5607.BMP,ok,0.74292071197411,74.292071197411,False,normal,96,103,7346,9888,B+/cluster_2_5607.BMP,B+
/Users/a75027/Desktop/compsci 760/datasets/B+/cluster_2_5622.BMP,ok,0.6255056634304207,62.55056634304207,False,normal,96,103,6185,9888,B+/cluster_2_5622.BMP,B+
/Users/a75027/Desktop/compsci 760/datasets/B+/cluster_2_5627.BMP,ok,0.6566545307443366,65.66545307443366,False,normal,96,103,6493,9888,B+/cluster_2_5627.BMP,B+
/Users/a75027/Desktop/compsci 760/datasets/B+/cluster_2_5632.BMP,ok,0.6686893203883495,66.86893203883496,False,normal,96,103,6612,9888,B+/cluster_2_5632.BMP,B+
/Users/a75027/Desktop/compsci 760/datasets/B+/cluster_2_5642.BMP,ok,0.780542071197411,78.05420711974111,False,normal,96,103,7718,9888,B+/cluster_2_5642.BMP,B+
/Users/a75027/Desktop/compsci 760/datasets/B+/cluster_2_5645.BMP,ok,0.766282362459547,76.6282362459547,False,normal,96,103,7577,9888,B+/cluster_2_5645.BMP,B+
/Users/a75027/Desktop/compsci 760/datasets/B+/cluster_2_5673.BMP,ok,0.7636529126213593,76.36529126213593,False,normal,96,103,7551,9888,B+/cluster_2_5673.BMP,B+
/Users/a75027/Desktop/compsci 760/datasets/B+/cluster_2_5680.BMP,ok,0.6330906148867314,63.30906148867314,False,normal,96,103,6260,9888,B+/cluster_2_5680.BMP,B+
/Users/a75027/Desktop/compsci 760/datasets/B+/cluster_2_569.BMP,ok,0.6985234627831716,69.85234627831716,False,normal,96,103,6907,9888,B+/cluster_2_569.BMP,B+
/Users/a75027/Desktop/compsci 760/datasets/B+/cluster_2_5694.BMP,ok,0.7051982200647249,70.51982200647248,False,normal,96,103,6973,9888,B+/cluster_2_5694.BMP,B+
/Users/a75027/Desktop/compsci 760/datasets/B+/cluster_2_5707.BMP,ok,0.7086367313915858,70.86367313915858,False,normal,96,103,7007,9888,B+/cluster_2_5707.BMP,B+
/Users/a75027/Desktop/compsci 760/datasets/B+/cluster_2_5709.BMP,ok,0.7249190938511327,72.49190938511327,False,normal,96,103,7168,9888,B+/cluster_2_5709.BMP,B+
/Users/a75027/Desktop/compsci 760/datasets/B+/cluster_2_5714.BMP,ok,0.6600930420711975,66.00930420711974,False,normal,96,103,6527,9888,B+/cluster_2_5714.BMP,B+
/Users/a75027/Desktop/compsci 760/datasets/B+/cluster_2_5718.BMP,ok,0.6159991909385113,61.59991909385113,False,normal,96,103,6091,9888,B+/cluster_2_5718.BMP,B+
/Users/a75027/Desktop/compsci 760/datasets/B+/cluster_2_5735.BMP,ok,0.784081715210356,78.4081715210356,False,normal,96,103,7753,9888,B+/cluster_2_5735.BMP,B+
/Users/a75027/Desktop/compsci 760/datasets/B+/cluster_2_5741.BMP,ok,0.7058050161812298,70.58050161812298,False,normal,96,103,6979,9888,B+/cluster_2_5741.BMP,B+
/Users/a75027/Desktop/compsci 760/datasets/B+/cluster_2_5746.BMP,ok,0.7226941747572816,72.26941747572816,False,normal,96,103,7146,9888,B+/cluster_2_5746.BMP,B+
/Users/a75027/Desktop/compsci 760/datasets/B+/cluster_2_5751.BMP,ok,0.7126820388349514,71.26820388349515,False,normal,96,103,7047,9888,B+/cluster_2_5751.BMP,B+
/Users/a75027/Desktop/compsci 760/datasets/B+/cluster_2_5755.BMP,ok,0.7573826860841424,75.73826860841424,False,normal,96,103,7489,9888,B+/cluster_2_5755.BMP,B+
/Users/a75027/Desktop/compsci 760/datasets/B+/cluster_2_5756.BMP,ok,0.7541464401294499,75.41464401294499,False,normal,96,103,7457,9888,B+/cluster_2_5756.BMP,B+
/Users/a75027/Desktop/compsci 760/datasets/B+/cluster_2_5761.BMP,ok,0.7694174757281553,76.94174757281553,False,normal,96,103,7608,9888,B+/cluster_2_5761.BMP,B+
/Users/a75027/Desktop/compsci 760/datasets/B+/cluster_2_577.BMP,ok,0.7657766990291263,76.57766990291263,False,normal,96,103,7572,9888,B+/cluster_2_577.BMP,B+
/Users/a75027/Desktop/compsci 760/datasets/B+/cluster_2_5774.BMP,ok,0.7566747572815534,75.66747572815534,False,normal,96,103,7482,9888,B+/cluster_2_5774.BMP,B+
/Users/a75027/Desktop/compsci 760/datasets/B+/cluster_2_5785.BMP,ok,0.6481593851132686,64.81593851132686,False,normal,96,103,6409,9888,B+/cluster_2_5785.BMP,B+
/Users/a75027/Desktop/compsci 760/datasets/B+/cluster_2_5790.BMP,ok,0.6939724919093851,69.39724919093851,False,normal,96,103,6862,9888,B+/cluster_2_5790.BMP,B+
/Users/a75027/Desktop/compsci 760/datasets/B+/cluster_2_5792.BMP,ok,0.7068163430420712,70.68163430420712,False,normal,96,103,6989,9888,B+/cluster_2_5792.BMP,B+
/Users/a75027/Desktop/compsci 760/datasets/B+/cluster_2_5798.BMP,ok,0.23240291262135923,23.240291262135923,False,normal,96,103,2298,9888,B+/cluster_2_5798.BMP,B+
/Users/a75027/Desktop/compsci 760/datasets/B+/cluster_2_5809.BMP,ok,0.7779126213592233,77.79126213592234,False,normal,96,103,7692,9888,B+/cluster_2_5809.BMP,B+
/Users/a75027/Desktop/compsci 760/datasets/B+/cluster_2_5817.BMP,ok,0.7838794498381877,78.38794498381877,False,normal,96,103,7751,9888,B+/cluster_2_5817.BMP,B+
/Users/a75027/Desktop/compsci 760/datasets/B+/cluster_2_583.BMP,ok,0.7200647249190939,72.00647249190939,False,normal,96,103,7120,9888,B+/cluster_2_583.BMP,B+
/Users/a75027/Desktop/compsci 760/datasets/B+/cluster_2_5845.BMP,ok,0.7126820388349514,71.26820388349515,False,normal,96,103,7047,9888,B+/cluster_2_5845.BMP,B+
/Users/a75027/Desktop/compsci 760/datasets/B+/cluster_2_5849.BMP,ok,0.7599110032362459,75.9911003236246,False,normal,96,103,7514,9888,B+/cluster_2_5849.BMP,B+
/Users/a75027/Desktop/compsci 760/datasets/B+/cluster_2_5850.BMP,ok,0.6284385113268608,62.843851132686076,False,normal,96,103,6214,9888,B+/cluster_2_5850.BMP,B+
/Users/a75027/Desktop/compsci 760/datasets/B+/cluster_2_5869.BMP,ok,0.6738470873786407,67.38470873786407,False,normal,96,103,6663,9888,B+/cluster_2_5869.BMP,B+
/Users/a75027/Desktop/compsci 760/datasets/B+/cluster_2_5870.BMP,ok,0.75707928802589,75.707928802589,False,normal,96,103,7486,9888,B+/cluster_2_5870.BMP,B+
/Users/a75027/Desktop/compsci 760/datasets/B+/cluster_2_5877.BMP,ok,0.7581917475728155,75.81917475728154,False,normal,96,103,7497,9888,B+/cluster_2_5877.BMP,B+
/Users/a75027/Desktop/compsci 760/datasets/B+/cluster_2_5881.BMP,ok,0.6721278317152104,67.21278317152104,False,normal,96,103,6646,9888,B+/cluster_2_5881.BMP,B+
/Users/a75027/Desktop/compsci 760/datasets/B+/cluster_2_5886.BMP,ok,0.7503033980582524,75.03033980582524,False,normal,96,103,7419,9888,B+/cluster_2_5886.BMP,B+
/Users/a75027/Desktop/compsci 760/datasets/B+/cluster_2_5909.BMP,ok,0.6888147249190939,68.88147249190939,False,normal,96,103,6811,9888,B+/cluster_2_5909.BMP,B+
/Users/a75027/Desktop/compsci 760/datasets/B+/cluster_2_5930.BMP,ok,0.6367313915857605,63.673139158576056,False,normal,96,103,6296,9888,B+/cluster_2_5930.BMP,B+
/Users/a75027/Desktop/compsci 760/datasets/B+/cluster_2_5937.BMP,ok,0.7565736245954693,75.65736245954693,False,normal,96,103,7481,9888,B+/cluster_2_5937.BMP,B+
/Users/a75027/Desktop/compsci 760/datasets/B+/cluster_2_5938.BMP,ok,0.7977346278317152,79.77346278317152,False,normal,96,103,7888,9888,B+/cluster_2_5938.BMP,B+
/Users/a75027/Desktop/compsci 760/datasets/B+/cluster_2_5941.BMP,ok,0.7079288025889967,70.79288025889967,False,normal,96,103,7000,9888,B+/cluster_2_5941.BMP,B+
/Users/a75027/Desktop/compsci 760/datasets/B+/cluster_2_5963.BMP,ok,0.7161205501618123,71.61205501618123,False,normal,96,103,7081,9888,B+/cluster_2_5963.BMP,B+
/Users/a75027/Desktop/compsci 760/datasets/B+/cluster_2_5981.BMP,ok,0.6382483818770227,63.82483818770227,False,normal,96,103,6311,9888,B+/cluster_2_5981.BMP,B+
/Users/a75027/Desktop/compsci 760/datasets/B+/cluster_2_5995.BMP,ok,0.703782362459547,70.3782362459547,False,normal,96,103,6959,9888,B+/cluster_2_5995.BMP,B+
/Users/a75027/Desktop/compsci 760/datasets/B+/cluster_2_5999.BMP,ok,0.7178398058252428,71.78398058252428,False,normal,96,103,7098,9888,B+/cluster_2_5999.BMP,B+
/Users/a75027/Desktop/compsci 760/datasets/B+/cluster_2_6.BMP,ok,0.7752831715210357,77.52831715210357,False,normal,96,103,7666,9888,B+/cluster_2_6.BMP,B+
/Users/a75027/Desktop/compsci 760/datasets/B+/cluster_2_601.BMP,ok,0.727245145631068,72.7245145631068,False,normal,96,103,7191,9888,B+/cluster_2_601.BMP,B+
/Users/a75027/Desktop/compsci 760/datasets/B+/cluster_2_617.BMP,ok,0.6631270226537217,66.31270226537217,False,normal,96,103,6557,9888,B+/cluster_2_617.BMP,B+
/Users/a75027/Desktop/compsci 760/datasets/B+/cluster_2_634.BMP,ok,0.7838794498381877,78.38794498381877,False,normal,96,103,7751,9888,B+/cluster_2_634.BMP,B+
/Users/a75027/Desktop/compsci 760/datasets/B+/cluster_2_645.BMP,ok,0.7498988673139159,74.98988673139159,False,normal,96,103,7415,9888,B+/cluster_2_645.BMP,B+
/Users/a75027/Desktop/compsci 760/datasets/B+/cluster_2_646.BMP,ok,0.6719255663430421,67.19255663430421,False,normal,96,103,6644,9888,B+/cluster_2_646.BMP,B+
/Users/a75027/Desktop/compsci 760/datasets/B+/cluster_2_662.BMP,ok,0.7088389967637541,70.8838996763754,False,normal,96,103,7009,9888,B+/cluster_2_662.BMP,B+
/Users/a75027/Desktop/compsci 760/datasets/B+/cluster_2_676.BMP,ok,0.7198624595469255,71.98624595469255,False,normal,96,103,7118,9888,B+/cluster_2_676.BMP,B+
/Users/a75027/Desktop/compsci 760/datasets/B+/cluster_2_682.BMP,ok,0.6809263754045307,68.09263754045307,False,normal,96,103,6733,9888,B+/cluster_2_682.BMP,B+
/Users/a75027/Desktop/compsci 760/datasets/B+/cluster_2_688.BMP,ok,0.785497572815534,78.5497572815534,False,normal,96,103,7767,9888,B+/cluster_2_688.BMP,B+
/Users/a75027/Desktop/compsci 760/datasets/B+/cluster_2_692.BMP,ok,0.7715412621359223,77.15412621359224,False,normal,96,103,7629,9888,B+/cluster_2_692.BMP,B+
/Users/a75027/Desktop/compsci 760/datasets/B+/cluster_2_693.BMP,ok,0.7515169902912622,75.15169902912622,False,normal,96,103,7431,9888,B+/cluster_2_693.BMP,B+
/Users/a75027/Desktop/compsci 760/datasets/B+/cluster_2_698.BMP,ok,0.7644619741100324,76.44619741100324,False,normal,96,103,7559,9888,B+/cluster_2_698.BMP,B+
/Users/a75027/Desktop/compsci 760/datasets/B+/cluster_2_706.BMP,ok,0.6134708737864077,61.34708737864077,False,normal,96,103,6066,9888,B+/cluster_2_706.BMP,B+
/Users/a75027/Desktop/compsci 760/datasets/B+/cluster_2_716.BMP,ok,0.6807241100323624,68.07241100323624,False,normal,96,103,6731,9888,B+/cluster_2_716.BMP,B+
/Users/a75027/Desktop/compsci 760/datasets/B+/cluster_2_723.BMP,ok,0.4571197411003236,45.71197411003236,False,normal,96,103,4520,9888,B+/cluster_2_723.BMP,B+
/Users/a75027/Desktop/compsci 760/datasets/B+/cluster_2_726.BMP,ok,0.6869943365695793,68.69943365695794,False,normal,96,103,6793,9888,B+/cluster_2_726.BMP,B+
/Users/a75027/Desktop/compsci 760/datasets/B+/cluster_2_742.BMP,ok,0.7839805825242718,78.39805825242718,False,normal,96,103,7752,9888,B+/cluster_2_742.BMP,B+
/Users/a75027/Desktop/compsci 760/datasets/B+/cluster_2_747.BMP,ok,0.7388754045307443,73.88754045307444,False,normal,96,103,7306,9888,B+/cluster_2_747.BMP,B+
/Users/a75027/Desktop/compsci 760/datasets/B+/cluster_2_749.BMP,ok,0.671217637540453,67.1217637540453,False,normal,96,103,6637,9888,B+/cluster_2_749.BMP,B+
/Users/a75027/Desktop/compsci 760/datasets/B+/cluster_2_756.BMP,ok,0.7685072815533981,76.85072815533981,False,normal,96,103,7599,9888,B+/cluster_2_756.BMP,B+
/Users/a75027/Desktop/compsci 760/datasets/B+/cluster_2_758.BMP,ok,0.7693163430420712,76.93163430420712,False,normal,96,103,7607,9888,B+/cluster_2_758.BMP,B+
/Users/a75027/Desktop/compsci 760/datasets/B+/cluster_2_78.BMP,ok,0.692455501618123,69.2455501618123,False,normal,96,103,6847,9888,B+/cluster_2_78.BMP,B+
/Users/a75027/Desktop/compsci 760/datasets/B+/cluster_2_781.BMP,ok,0.7013551779935275,70.13551779935275,False,normal,96,103,6935,9888,B+/cluster_2_781.BMP,B+
/Users/a75027/Desktop/compsci 760/datasets/B+/cluster_2_785.BMP,ok,0.7334142394822006,73.34142394822007,False,normal,96,103,7252,9888,B+/cluster_2_785.BMP,B+
/Users/a75027/Desktop/compsci 760/datasets/B+/cluster_2_790.BMP,ok,0.7377629449838188,73.77629449838187,False,normal,96,103,7295,9888,B+/cluster_2_790.BMP,B+
/Users/a75027/Desktop/compsci 760/datasets/B+/cluster_2_792.BMP,ok,0.6561488673139159,65.61488673139159,False,normal,96,103,6488,9888,B+/cluster_2_792.BMP,B+
/Users/a75027/Desktop/compsci 760/datasets/B+/cluster_2_814.BMP,ok,0.7604166666666666,76.04166666666666,False,normal,96,103,7519,9888,B+/cluster_2_814.BMP,B+
/Users/a75027/Desktop/compsci 760/datasets/B+/cluster_2_827.BMP,ok,0.7463592233009708,74.63592233009709,False,normal,96,103,7380,9888,B+/cluster_2_827.BMP,B+
/Users/a75027/Desktop/compsci 760/datasets/B+/cluster_2_829.BMP,ok,0.6578681229773463,65.78681229773463,False,normal,96,103,6505,9888,B+/cluster_2_829.BMP,B+
/Users/a75027/Desktop/compsci 760/datasets/B+/cluster_2_832.BMP,ok,0.78125,78.125,False,normal,96,103,7725,9888,B+/cluster_2_832.BMP,B+
/Users/a75027/Desktop/compsci 760/datasets/B+/cluster_2_833.BMP,ok,0.7851941747572816,78.51941747572816,False,normal,96,103,7764,9888,B+/cluster_2_833.BMP,B+
/Users/a75027/Desktop/compsci 760/datasets/B+/cluster_2_848.BMP,ok,0.7917677993527508,79.17677993527508,False,normal,96,103,7829,9888,B+/cluster_2_848.BMP,B+
/Users/a75027/Desktop/compsci 760/datasets/B+/cluster_2_854.BMP,ok,0.8057241100323624,80.57241100323624,False,normal,96,103,7967,9888,B+/cluster_2_854.BMP,B+
/Users/a75027/Desktop/compsci 760/datasets/B+/cluster_2_874.BMP,ok,0.7737661812297735,77.37661812297735,False,normal,96,103,7651,9888,B+/cluster_2_874.BMP,B+
/Users/a75027/Desktop/compsci 760/datasets/B+/cluster_2_884.BMP,ok,0.7475728155339806,74.75728155339806,False,normal,96,103,7392,9888,B+/cluster_2_884.BMP,B+
/Users/a75027/Desktop/compsci 760/datasets/B+/cluster_2_888.BMP,ok,0.7446399676375405,74.46399676375405,False,normal,96,103,7363,9888,B+/cluster_2_888.BMP,B+
/Users/a75027/Desktop/compsci 760/datasets/B+/cluster_2_90.BMP,ok,0.7292677993527508,72.92677993527508,False,normal,96,103,7211,9888,B+/cluster_2_90.BMP,B+
/Users/a75027/Desktop/compsci 760/datasets/B+/cluster_2_905.BMP,ok,0.7127831715210357,71.27831715210357,False,normal,96,103,7048,9888,B+/cluster_2_905.BMP,B+
/Users/a75027/Desktop/compsci 760/datasets/B+/cluster_2_915.BMP,ok,0.7040857605177994,70.40857605177993,False,normal,96,103,6962,9888,B+/cluster_2_915.BMP,B+
/Users/a75027/Desktop/compsci 760/datasets/B+/cluster_2_921.BMP,ok,0.7552588996763754,75.52588996763754,False,normal,96,103,7468,9888,B+/cluster_2_921.BMP,B+
/Users/a75027/Desktop/compsci 760/datasets/B+/cluster_2_928.BMP,ok,0.6629247572815534,66.29247572815534,False,normal,96,103,6555,9888,B+/cluster_2_928.BMP,B+
/Users/a75027/Desktop/compsci 760/datasets/B+/cluster_2_942.BMP,ok,0.7747775080906149,77.47775080906149,False,normal,96,103,7661,9888,B+/cluster_2_942.BMP,B+
/Users/a75027/Desktop/compsci 760/datasets/B+/cluster_2_946.BMP,ok,0.7773058252427184,77.73058252427184,False,normal,96,103,7686,9888,B+/cluster_2_946.BMP,B+
/Users/a75027/Desktop/compsci 760/datasets/B+/cluster_2_952.BMP,ok,0.7311893203883495,73.11893203883496,False,normal,96,103,7230,9888,B+/cluster_2_952.BMP,B+
/Users/a75027/Desktop/compsci 760/datasets/B+/cluster_2_953.BMP,ok,0.7835760517799353,78.35760517799353,False,normal,96,103,7748,9888,B+/cluster_2_953.BMP,B+
/Users/a75027/Desktop/compsci 760/datasets/B+/cluster_2_963.BMP,ok,0.7326051779935275,73.26051779935275,False,normal,96,103,7244,9888,B+/cluster_2_963.BMP,B+
/Users/a75027/Desktop/compsci 760/datasets/B+/cluster_2_967.BMP,ok,0.6502831715210357,65.02831715210357,False,normal,96,103,6430,9888,B+/cluster_2_967.BMP,B+
/Users/a75027/Desktop/compsci 760/datasets/B+/cluster_2_980.BMP,ok,0.7640574433656958,76.40574433656958,False,normal,96,103,7555,9888,B+/cluster_2_980.BMP,B+
/Users/a75027/Desktop/compsci 760/datasets/B+/cluster_2_988.BMP,ok,0.7689118122977346,76.89118122977347,False,normal,96,103,7603,9888,B+/cluster_2_988.BMP,B+
/Users/a75027/Desktop/compsci 760/datasets/B+/cluster_2_992.BMP,ok,0.7918689320388349,79.18689320388349,False,normal,96,103,7830,9888,B+/cluster_2_992.BMP,B+
/Users/a75027/Desktop/compsci 760/datasets/B-/cluster_3_1017.BMP,ok,0.7267394822006472,72.67394822006472,False,normal,96,103,7186,9888,B-/cluster_3_1017.BMP,B-
/Users/a75027/Desktop/compsci 760/datasets/B-/cluster_3_1018.BMP,ok,0.756371359223301,75.6371359223301,False,normal,96,103,7479,9888,B-/cluster_3_1018.BMP,B-
/Users/a75027/Desktop/compsci 760/datasets/B-/cluster_3_1032.BMP,ok,0.8610436893203883,86.10436893203884,False,normal,96,103,8514,9888,B-/cluster_3_1032.BMP,B-
/Users/a75027/Desktop/compsci 760/datasets/B-/cluster_3_1035.BMP,ok,0.8772249190938511,87.72249190938511,False,normal,96,103,8674,9888,B-/cluster_3_1035.BMP,B-
/Users/a75027/Desktop/compsci 760/datasets/B-/cluster_3_1050.BMP,ok,0.7923745954692557,79.23745954692556,False,normal,96,103,7835,9888,B-/cluster_3_1050.BMP,B-
/Users/a75027/Desktop/compsci 760/datasets/B-/cluster_3_1055.BMP,ok,0.841626213592233,84.1626213592233,False,normal,96,103,8322,9888,B-/cluster_3_1055.BMP,B-
/Users/a75027/Desktop/compsci 760/datasets/B-/cluster_3_1059.BMP,ok,0.8307038834951457,83.07038834951457,False,normal,96,103,8214,9888,B-/cluster_3_1059.BMP,B-
/Users/a75027/Desktop/compsci 760/datasets/B-/cluster_3_1067.BMP,ok,0.8879449838187702,88.79449838187702,False,normal,96,103,8780,9888,B-/cluster_3_1067.BMP,B-
/Users/a75027/Desktop/compsci 760/datasets/B-/cluster_3_1070.BMP,ok,1.0,100.0,True,coverage_too_high,96,103,9888,9888,B-/cluster_3_1070.BMP,B-
/Users/a75027/Desktop/compsci 760/datasets/B-/cluster_3_108.BMP,ok,0.8154328478964401,81.543284789644,False,normal,96,103,8063,9888,B-/cluster_3_108.BMP,B-
/Users/a75027/Desktop/compsci 760/datasets/B-/cluster_3_1083.BMP,ok,0.8773260517799353,87.73260517799353,False,normal,96,103,8675,9888,B-/cluster_3_1083.BMP,B-
/Users/a75027/Desktop/compsci 760/datasets/B-/cluster_3_1101.BMP,ok,1.0,100.0,True,coverage_too_high,96,103,9888,9888,B-/cluster_3_1101.BMP,B-
/Users/a75027/Desktop/compsci 760/datasets/B-/cluster_3_1146.BMP,ok,0.7793284789644013,77.93284789644012,False,normal,96,103,7706,9888,B-/cluster_3_1146.BMP,B-
/Users/a75027/Desktop/compsci 760/datasets/B-/cluster_3_1159.BMP,ok,1.0,100.0,True,coverage_too_high,96,103,9888,9888,B-/cluster_3_1159.BMP,B-
/Users/a75027/Desktop/compsci 760/datasets/B-/cluster_3_1169.BMP,ok,0.7692152103559871,76.9215210355987,False,normal,96,103,7606,9888,B-/cluster_3_1169.BMP,B-
/Users/a75027/Desktop/compsci 760/datasets/B-/cluster_3_1174.BMP,ok,0.8192758899676376,81.92758899676376,False,normal,96,103,8101,9888,B-/cluster_3_1174.BMP,B-
/Users/a75027/Desktop/compsci 760/datasets/B-/cluster_3_1184.BMP,ok,1.0,100.0,True,coverage_too_high,96,103,9888,9888,B-/cluster_3_1184.BMP,B-
/Users/a75027/Desktop/compsci 760/datasets/B-/cluster_3_1201.BMP,ok,0.8705501618122977,87.05501618122977,False,normal,96,103,8608,9888,B-/cluster_3_1201.BMP,B-
/Users/a75027/Desktop/compsci 760/datasets/B-/cluster_3_1209.BMP,ok,0.8956310679611651,89.56310679611651,False,normal,96,103,8856,9888,B-/cluster_3_1209.BMP,B-
/Users/a75027/Desktop/compsci 760/datasets/B-/cluster_3_1251.BMP,ok,0.813207928802589,81.32079288025889,False,normal,96,103,8041,9888,B-/cluster_3_1251.BMP,B-
/Users/a75027/Desktop/compsci 760/datasets/B-/cluster_3_1257.BMP,ok,0.8456715210355987,84.56715210355988,False,normal,96,103,8362,9888,B-/cluster_3_1257.BMP,B-
/Users/a75027/Desktop/compsci 760/datasets/B-/cluster_3_1262.BMP,ok,0.7778114886731392,77.78114886731392,False,normal,96,103,7691,9888,B-/cluster_3_1262.BMP,B-
/Users/a75027/Desktop/compsci 760/datasets/B-/cluster_3_1267.BMP,ok,0.8495145631067961,84.9514563106796,False,normal,96,103,8400,9888,B-/cluster_3_1267.BMP,B-
/Users/a75027/Desktop/compsci 760/datasets/B-/cluster_3_1270.BMP,ok,0.8151294498381877,81.51294498381877,False,normal,96,103,8060,9888,B-/cluster_3_1270.BMP,B-
/Users/a75027/Desktop/compsci 760/datasets/B-/cluster_3_1274.BMP,ok,0.8447613268608414,84.47613268608414,False,normal,96,103,8353,9888,B-/cluster_3_1274.BMP,B-
/Users/a75027/Desktop/compsci 760/datasets/B-/cluster_3_128.BMP,ok,0.8507281553398058,85.07281553398059,False,normal,96,103,8412,9888,B-/cluster_3_128.BMP,B-
/Users/a75027/Desktop/compsci 760/datasets/B-/cluster_3_1280.BMP,ok,0.8152305825242718,81.52305825242718,False,normal,96,103,8061,9888,B-/cluster_3_1280.BMP,B-
/Users/a75027/Desktop/compsci 760/datasets/B-/cluster_3_1291.BMP,ok,1.0,100.0,True,coverage_too_high,96,103,9888,9888,B-/cluster_3_1291.BMP,B-
/Users/a75027/Desktop/compsci 760/datasets/B-/cluster_3_1296.BMP,ok,1.0,100.0,True,coverage_too_high,96,103,9888,9888,B-/cluster_3_1296.BMP,B-
/Users/a75027/Desktop/compsci 760/datasets/B-/cluster_3_1298.BMP,ok,0.7955097087378641,79.55097087378641,False,normal,96,103,7866,9888,B-/cluster_3_1298.BMP,B-
/Users/a75027/Desktop/compsci 760/datasets/B-/cluster_3_1302.BMP,ok,0.811084142394822,81.1084142394822,False,normal,96,103,8020,9888,B-/cluster_3_1302.BMP,B-
/Users/a75027/Desktop/compsci 760/datasets/B-/cluster_3_1307.BMP,ok,0.7752831715210357,77.52831715210357,False,normal,96,103,7666,9888,B-/cluster_3_1307.BMP,B-
/Users/a75027/Desktop/compsci 760/datasets/B-/cluster_3_1308.BMP,ok,0.8257483818770227,82.57483818770227,False,normal,96,103,8165,9888,B-/cluster_3_1308.BMP,B-
/Users/a75027/Desktop/compsci 760/datasets/B-/cluster_3_1315.BMP,ok,0.8517394822006472,85.17394822006472,False,normal,96,103,8422,9888,B-/cluster_3_1315.BMP,B-
/Users/a75027/Desktop/compsci 760/datasets/B-/cluster_3_1316.BMP,ok,0.7804409385113269,78.04409385113269,False,normal,96,103,7717,9888,B-/cluster_3_1316.BMP,B-
/Users/a75027/Desktop/compsci 760/datasets/B-/cluster_3_1320.BMP,ok,0.8514360841423948,85.14360841423948,False,normal,96,103,8419,9888,B-/cluster_3_1320.BMP,B-
/Users/a75027/Desktop/compsci 760/datasets/B-/cluster_3_1323.BMP,ok,0.8246359223300971,82.4635922330097,False,normal,96,103,8154,9888,B-/cluster_3_1323.BMP,B-
/Users/a75027/Desktop/compsci 760/datasets/B-/cluster_3_1330.BMP,ok,0.8276699029126213,82.76699029126213,False,normal,96,103,8184,9888,B-/cluster_3_1330.BMP,B-
/Users/a75027/Desktop/compsci 760/datasets/B-/cluster_3_1341.BMP,ok,0.6152912621359223,61.529126213592235,False,normal,96,103,6084,9888,B-/cluster_3_1341.BMP,B-
/Users/a75027/Desktop/compsci 760/datasets/B-/cluster_3_1342.BMP,ok,0.7605177993527508,76.05177993527508,False,normal,96,103,7520,9888,B-/cluster_3_1342.BMP,B-
/Users/a75027/Desktop/compsci 760/datasets/B-/cluster_3_1344.BMP,ok,0.7884304207119741,78.84304207119742,False,normal,96,103,7796,9888,B-/cluster_3_1344.BMP,B-
/Users/a75027/Desktop/compsci 760/datasets/B-/cluster_3_1353.BMP,ok,0.8725728155339806,87.25728155339806,False,normal,96,103,8628,9888,B-/cluster_3_1353.BMP,B-
/Users/a75027/Desktop/compsci 760/datasets/B-/cluster_3_1356.BMP,ok,0.8179611650485437,81.79611650485437,False,normal,96,103,8088,9888,B-/cluster_3_1356.BMP,B-
/Users/a75027/Desktop/compsci 760/datasets/B-/cluster_3_1366.BMP,ok,0.8077467637540453,80.77467637540452,False,normal,96,103,7987,9888,B-/cluster_3_1366.BMP,B-
/Users/a75027/Desktop/compsci 760/datasets/B-/cluster_3_1375.BMP,ok,0.7320995145631068,73.20995145631069,False,normal,96,103,7239,9888,B-/cluster_3_1375.BMP,B-
/Users/a75027/Desktop/compsci 760/datasets/B-/cluster_3_1381.BMP,ok,0.8658980582524272,86.58980582524272,False,normal,96,103,8562,9888,B-/cluster_3_1381.BMP,B-
/Users/a75027/Desktop/compsci 760/datasets/B-/cluster_3_1385.BMP,ok,0.8314118122977346,83.14118122977347,False,normal,96,103,8221,9888,B-/cluster_3_1385.BMP,B-
/Users/a75027/Desktop/compsci 760/datasets/B-/cluster_3_1396.BMP,ok,1.0,100.0,True,coverage_too_high,96,103,9888,9888,B-/cluster_3_1396.BMP,B-
/Users/a75027/Desktop/compsci 760/datasets/B-/cluster_3_1410.BMP,ok,0.6385517799352751,63.85517799352751,False,normal,96,103,6314,9888,B-/cluster_3_1410.BMP,B-
/Users/a75027/Desktop/compsci 760/datasets/B-/cluster_3_1420.BMP,ok,0.889967637540453,88.9967637540453,False,normal,96,103,8800,9888,B-/cluster_3_1420.BMP,B-
/Users/a75027/Desktop/compsci 760/datasets/B-/cluster_3_1426.BMP,ok,1.0,100.0,True,coverage_too_high,96,103,9888,9888,B-/cluster_3_1426.BMP,B-
/Users/a75027/Desktop/compsci 760/datasets/B-/cluster_3_1427.BMP,ok,0.8850121359223301,88.50121359223301,False,normal,96,103,8751,9888,B-/cluster_3_1427.BMP,B-
/Users/a75027/Desktop/compsci 760/datasets/B-/cluster_3_1447.BMP,ok,1.0,100.0,True,coverage_too_high,96,103,9888,9888,B-/cluster_3_1447.BMP,B-
/Users/a75027/Desktop/compsci 760/datasets/B-/cluster_3_145.BMP,ok,0.7858009708737864,78.58009708737865,False,normal,96,103,7770,9888,B-/cluster_3_145.BMP,B-
/Users/a75027/Desktop/compsci 760/datasets/B-/cluster_3_1450.BMP,ok,0.8142192556634305,81.42192556634305,False,normal,96,103,8051,9888,B-/cluster_3_1450.BMP,B-
/Users/a75027/Desktop/compsci 760/datasets/B-/cluster_3_1460.BMP,ok,0.8852144012944984,88.52144012944983,False,normal,96,103,8753,9888,B-/cluster_3_1460.BMP,B-
/Users/a75027/Desktop/compsci 760/datasets/B-/cluster_3_1470.BMP,ok,1.0,100.0,True,coverage_too_high,96,103,9888,9888,B-/cluster_3_1470.BMP,B-
/Users/a75027/Desktop/compsci 760/datasets/B-/cluster_3_1496.BMP,ok,0.8704490291262136,87.04490291262135,False,normal,96,103,8607,9888,B-/cluster_3_1496.BMP,B-
/Users/a75027/Desktop/compsci 760/datasets/B-/cluster_3_1507.BMP,ok,0.8987661812297735,89.87661812297735,False,normal,96,103,8887,9888,B-/cluster_3_1507.BMP,B-
/Users/a75027/Desktop/compsci 760/datasets/B-/cluster_3_151.BMP,ok,0.8876415857605178,88.76415857605178,False,normal,96,103,8777,9888,B-/cluster_3_151.BMP,B-
/Users/a75027/Desktop/compsci 760/datasets/B-/cluster_3_1513.BMP,ok,0.8940129449838188,89.40129449838187,False,normal,96,103,8840,9888,B-/cluster_3_1513.BMP,B-
/Users/a75027/Desktop/compsci 760/datasets/B-/cluster_3_1517.BMP,ok,0.7966221682847896,79.66221682847896,False,normal,96,103,7877,9888,B-/cluster_3_1517.BMP,B-
/Users/a75027/Desktop/compsci 760/datasets/B-/cluster_3_152.BMP,ok,0.7160194174757282,71.60194174757282,False,normal,96,103,7080,9888,B-/cluster_3_152.BMP,B-
/Users/a75027/Desktop/compsci 760/datasets/B-/cluster_3_1522.BMP,ok,0.7092435275080906,70.92435275080906,False,normal,96,103,7013,9888,B-/cluster_3_1522.BMP,B-
/Users/a75027/Desktop/compsci 760/datasets/B-/cluster_3_1529.BMP,ok,0.8890574433656958,88.90574433656958,False,normal,96,103,8791,9888,B-/cluster_3_1529.BMP,B-
/Users/a75027/Desktop/compsci 760/datasets/B-/cluster_3_1536.BMP,ok,0.8201860841423948,82.01860841423948,False,normal,96,103,8110,9888,B-/cluster_3_1536.BMP,B-
/Users/a75027/Desktop/compsci 760/datasets/B-/cluster_3_1557.BMP,ok,0.8000606796116505,80.00606796116504,False,normal,96,103,7911,9888,B-/cluster_3_1557.BMP,B-
/Users/a75027/Desktop/compsci 760/datasets/B-/cluster_3_1566.BMP,ok,1.0,100.0,True,coverage_too_high,96,103,9888,9888,B-/cluster_3_1566.BMP,B-
/Users/a75027/Desktop/compsci 760/datasets/B-/cluster_3_157.BMP,ok,0.8377831715210357,83.77831715210357,False,normal,96,103,8284,9888,B-/cluster_3_157.BMP,B-
/Users/a75027/Desktop/compsci 760/datasets/B-/cluster_3_1581.BMP,ok,0.8859223300970874,88.59223300970875,False,normal,96,103,8760,9888,B-/cluster_3_1581.BMP,B-
/Users/a75027/Desktop/compsci 760/datasets/B-/cluster_3_1593.BMP,ok,0.7192556634304207,71.92556634304206,False,normal,96,103,7112,9888,B-/cluster_3_1593.BMP,B-
/Users/a75027/Desktop/compsci 760/datasets/B-/cluster_3_1598.BMP,ok,0.8597289644012945,85.97289644012946,False,normal,96,103,8501,9888,B-/cluster_3_1598.BMP,B-
/Users/a75027/Desktop/compsci 760/datasets/B-/cluster_3_1599.BMP,ok,0.8935072815533981,89.35072815533981,False,normal,96,103,8835,9888,B-/cluster_3_1599.BMP,B-
/Users/a75027/Desktop/compsci 760/datasets/B-/cluster_3_160.BMP,ok,0.758495145631068,75.8495145631068,False,normal,96,103,7500,9888,B-/cluster_3_160.BMP,B-
/Users/a75027/Desktop/compsci 760/datasets/B-/cluster_3_1602.BMP,ok,0.7599110032362459,75.9911003236246,False,normal,96,103,7514,9888,B-/cluster_3_1602.BMP,B-
/Users/a75027/Desktop/compsci 760/datasets/B-/cluster_3_1603.BMP,ok,0.8689320388349514,86.89320388349515,False,normal,96,103,8592,9888,B-/cluster_3_1603.BMP,B-
/Users/a75027/Desktop/compsci 760/datasets/B-/cluster_3_1604.BMP,ok,0.8812702265372169,88.12702265372168,False,normal,96,103,8714,9888,B-/cluster_3_1604.BMP,B-
/Users/a75027/Desktop/compsci 760/datasets/B-/cluster_3_1618.BMP,ok,0.8576051779935275,85.76051779935275,False,normal,96,103,8480,9888,B-/cluster_3_1618.BMP,B-
/Users/a75027/Desktop/compsci 760/datasets/B-/cluster_3_1622.BMP,ok,0.8507281553398058,85.07281553398059,False,normal,96,103,8412,9888,B-/cluster_3_1622.BMP,B-
/Users/a75027/Desktop/compsci 760/datasets/B-/cluster_3_1625.BMP,ok,0.7802386731391586,78.02386731391586,False,normal,96,103,7715,9888,B-/cluster_3_1625.BMP,B-
/Users/a75027/Desktop/compsci 760/datasets/B-/cluster_3_1636.BMP,ok,0.8276699029126213,82.76699029126213,False,normal,96,103,8184,9888,B-/cluster_3_1636.BMP,B-
/Users/a75027/Desktop/compsci 760/datasets/B-/cluster_3_1642.BMP,ok,1.0,100.0,True,coverage_too_high,96,103,9888,9888,B-/cluster_3_1642.BMP,B-
/Users/a75027/Desktop/compsci 760/datasets/B-/cluster_3_1649.BMP,ok,0.8953276699029126,89.53276699029125,False,normal,96,103,8853,9888,B-/cluster_3_1649.BMP,B-
/Users/a75027/Desktop/compsci 760/datasets/B-/cluster_3_165.BMP,ok,0.8228155339805825,82.28155339805825,False,normal,96,103,8136,9888,B-/cluster_3_165.BMP,B-
/Users/a75027/Desktop/compsci 760/datasets/B-/cluster_3_1655.BMP,ok,0.8667071197411004,86.67071197411003,False,normal,96,103,8570,9888,B-/cluster_3_1655.BMP,B-
/Users/a75027/Desktop/compsci 760/datasets/B-/cluster_3_1656.BMP,ok,1.0,100.0,True,coverage_too_high,96,103,9888,9888,B-/cluster_3_1656.BMP,B-
/Users/a75027/Desktop/compsci 760/datasets/B-/cluster_3_1658.BMP,ok,0.8880461165048543,88.80461165048543,False,normal,96,103,8781,9888,B-/cluster_3_1658.BMP,B-
/Users/a75027/Desktop/compsci 760/datasets/B-/cluster_3_1659.BMP,ok,0.6509911003236246,65.09911003236246,False,normal,96,103,6437,9888,B-/cluster_3_1659.BMP,B-
/Users/a75027/Desktop/compsci 760/datasets/B-/cluster_3_1664.BMP,ok,0.6721278317152104,67.21278317152104,False,normal,96,103,6646,9888,B-/cluster_3_1664.BMP,B-
/Users/a75027/Desktop/compsci 760/datasets/B-/cluster_3_1682.BMP,ok,0.7847896440129449,78.47896440129449,False,normal,96,103,7760,9888,B-/cluster_3_1682.BMP,B-
/Users/a75027/Desktop/compsci 760/datasets/B-/cluster_3_1693.BMP,ok,0.8431432038834952,84.31432038834951,False,normal,96,103,8337,9888,B-/cluster_3_1693.BMP,B-
/Users/a75027/Desktop/compsci 760/datasets/B-/cluster_3_1701.BMP,ok,0.6719255663430421,67.19255663430421,False,normal,96,103,6644,9888,B-/cluster_3_1701.BMP,B-
/Users/a75027/Desktop/compsci 760/datasets/B-/cluster_3_1708.BMP,ok,0.7735639158576052,77.35639158576052,False,normal,96,103,7649,9888,B-/cluster_3_1708.BMP,B-
/Users/a75027/Desktop/compsci 760/datasets/B-/cluster_3_1713.BMP,ok,0.7988470873786407,79.88470873786407,False,normal,96,103,7899,9888,B-/cluster_3_1713.BMP,B-
/Users/a75027/Desktop/compsci 760/datasets/B-/cluster_3_1729.BMP,ok,0.8866302588996764,88.66302588996764,False,normal,96,103,8767,9888,B-/cluster_3_1729.BMP,B-
/Users/a75027/Desktop/compsci 760/datasets/B-/cluster_3_1733.BMP,ok,0.7632483818770227,76.32483818770227,False,normal,96,103,7547,9888,B-/cluster_3_1733.BMP,B-
/Users/a75027/Desktop/compsci 760/datasets/B-/cluster_3_1767.BMP,ok,1.0,100.0,True,coverage_too_high,96,103,9888,9888,B-/cluster_3_1767.BMP,B-
/Users/a75027/Desktop/compsci 760/datasets/B-/cluster_3_1769.BMP,ok,0.8969457928802589,89.69457928802589,False,normal,96,103,8869,9888,B-/cluster_3_1769.BMP,B-
/Users/a75027/Desktop/compsci 760/datasets/B-/cluster_3_177.BMP,ok,0.8213996763754046,82.13996763754045,False,normal,96,103,8122,9888,B-/cluster_3_177.BMP,B-
/Users/a75027/Desktop/compsci 760/datasets/B-/cluster_3_1771.BMP,ok,0.8168487055016181,81.68487055016182,False,normal,96,103,8077,9888,B-/cluster_3_1771.BMP,B-
/Users/a75027/Desktop/compsci 760/datasets/B-/cluster_3_1779.BMP,ok,0.8318163430420712,83.18163430420712,False,normal,96,103,8225,9888,B-/cluster_3_1779.BMP,B-
/Users/a75027/Desktop/compsci 760/datasets/B-/cluster_3_1782.BMP,ok,0.8057241100323624,80.57241100323624,False,normal,96,103,7967,9888,B-/cluster_3_1782.BMP,B-
/Users/a75027/Desktop/compsci 760/datasets/B-/cluster_3_1790.BMP,ok,0.8162419093851133,81.62419093851133,False,normal,96,103,8071,9888,B-/cluster_3_1790.BMP,B-
/Users/a75027/Desktop/compsci 760/datasets/B-/cluster_3_1794.BMP,ok,0.8135113268608414,81.35113268608414,False,normal,96,103,8044,9888,B-/cluster_3_1794.BMP,B-
/Users/a75027/Desktop/compsci 760/datasets/B-/cluster_3_1799.BMP,ok,0.779126213592233,77.9126213592233,False,normal,96,103,7704,9888,B-/cluster_3_1799.BMP,B-
/Users/a75027/Desktop/compsci 760/datasets/B-/cluster_3_18.BMP,ok,0.821703074433657,82.1703074433657,False,normal,96,103,8125,9888,B-/cluster_3_18.BMP,B-
/Users/a75027/Desktop/compsci 760/datasets/B-/cluster_3_1802.BMP,ok,0.8389967637540453,83.89967637540452,False,normal,96,103,8296,9888,B-/cluster_3_1802.BMP,B-
/Users/a75027/Desktop/compsci 760/datasets/B-/cluster_3_1808.BMP,ok,0.7506067961165048,75.06067961165049,False,normal,96,103,7422,9888,B-/cluster_3_1808.BMP,B-
/Users/a75027/Desktop/compsci 760/datasets/B-/cluster_3_1824.BMP,ok,0.6865898058252428,68.65898058252428,False,normal,96,103,6789,9888,B-/cluster_3_1824.BMP,B-
/Users/a75027/Desktop/compsci 760/datasets/B-/cluster_3_1829.BMP,ok,0.6660598705501618,66.60598705501619,False,normal,96,103,6586,9888,B-/cluster_3_1829.BMP,B-
/Users/a75027/Desktop/compsci 760/datasets/B-/cluster_3_1832.BMP,ok,0.791970064724919,79.1970064724919,False,normal,96,103,7831,9888,B-/cluster_3_1832.BMP,B-
/Users/a75027/Desktop/compsci 760/datasets/B-/cluster_3_184.BMP,ok,0.8633697411003236,86.33697411003236,False,normal,96,103,8537,9888,B-/cluster_3_184.BMP,B-
/Users/a75027/Desktop/compsci 760/datasets/B-/cluster_3_1846.BMP,ok,0.7864077669902912,78.64077669902912,False,normal,96,103,7776,9888,B-/cluster_3_1846.BMP,B-
/Users/a75027/Desktop/compsci 760/datasets/B-/cluster_3_1856.BMP,ok,0.8836974110032363,88.36974110032362,False,normal,96,103,8738,9888,B-/cluster_3_1856.BMP,B-
/Users/a75027/Desktop/compsci 760/datasets/B-/cluster_3_186.BMP,ok,0.7146035598705501,71.46035598705501,False,normal,96,103,7066,9888,B-/cluster_3_186.BMP,B-
/Users/a75027/Desktop/compsci 760/datasets/B-/cluster_3_1865.BMP,ok,0.7847896440129449,78.47896440129449,False,normal,96,103,7760,9888,B-/cluster_3_1865.BMP,B-
/Users/a75027/Desktop/compsci 760/datasets/B-/cluster_3_1881.BMP,ok,0.7541464401294499,75.41464401294499,False,normal,96,103,7457,9888,B-/cluster_3_1881.BMP,B-
/Users/a75027/Desktop/compsci 760/datasets/B-/cluster_3_1886.BMP,ok,1.0,100.0,True,coverage_too_high,96,103,9888,9888,B-/cluster_3_1886.BMP,B-
/Users/a75027/Desktop/compsci 760/datasets/B-/cluster_3_1894.BMP,ok,0.7976334951456311,79.7633495145631,False,normal,96,103,7887,9888,B-/cluster_3_1894.BMP,B-
/Users/a75027/Desktop/compsci 760/datasets/B-/cluster_3_1896.BMP,ok,1.0,100.0,True,coverage_too_high,96,103,9888,9888,B-/cluster_3_1896.BMP,B-
/Users/a75027/Desktop/compsci 760/datasets/B-/cluster_3_1904.BMP,ok,0.8591221682847896,85.91221682847896,False,normal,96,103,8495,9888,B-/cluster_3_1904.BMP,B-
/Users/a75027/Desktop/compsci 760/datasets/B-/cluster_3_1906.BMP,ok,0.818871359223301,81.8871359223301,False,normal,96,103,8097,9888,B-/cluster_3_1906.BMP,B-
/Users/a75027/Desktop/compsci 760/datasets/B-/cluster_3_1918.BMP,ok,0.863673139158576,86.36731391585761,False,normal,96,103,8540,9888,B-/cluster_3_1918.BMP,B-
/Users/a75027/Desktop/compsci 760/datasets/B-/cluster_3_1919.BMP,ok,1.0,100.0,True,coverage_too_high,96,103,9888,9888,B-/cluster_3_1919.BMP,B-
/Users/a75027/Desktop/compsci 760/datasets/B-/cluster_3_1922.BMP,ok,0.7334142394822006,73.34142394822007,False,normal,96,103,7252,9888,B-/cluster_3_1922.BMP,B-
/Users/a75027/Desktop/compsci 760/datasets/B-/cluster_3_1935.BMP,ok,0.7914644012944984,79.14644012944983,False,normal,96,103,7826,9888,B-/cluster_3_1935.BMP,B-
/Users/a75027/Desktop/compsci 760/datasets/B-/cluster_3_1940.BMP,ok,0.8400080906148867,84.00080906148867,False,normal,96,103,8306,9888,B-/cluster_3_1940.BMP,B-
/Users/a75027/Desktop/compsci 760/datasets/B-/cluster_3_1941.BMP,ok,0.7998584142394822,79.98584142394822,False,normal,96,103,7909,9888,B-/cluster_3_1941.BMP,B-
/Users/a75027/Desktop/compsci 760/datasets/B-/cluster_3_1977.BMP,ok,0.7694174757281553,76.94174757281553,False,normal,96,103,7608,9888,B-/cluster_3_1977.BMP,B-
/Users/a75027/Desktop/compsci 760/datasets/B-/cluster_3_1979.BMP,ok,0.854470064724919,85.4470064724919,False,normal,96,103,8449,9888,B-/cluster_3_1979.BMP,B-
/Users/a75027/Desktop/compsci 760/datasets/B-/cluster_3_1980.BMP,ok,0.7620347896440129,76.2034789644013,False,normal,96,103,7535,9888,B-/cluster_3_1980.BMP,B-
/Users/a75027/Desktop/compsci 760/datasets/B-/cluster_3_1988.BMP,ok,1.0,100.0,True,coverage_too_high,96,103,9888,9888,B-/cluster_3_1988.BMP,B-
/Users/a75027/Desktop/compsci 760/datasets/B-/cluster_3_2041.BMP,ok,0.8271642394822006,82.71642394822007,False,normal,96,103,8179,9888,B-/cluster_3_2041.BMP,B-
/Users/a75027/Desktop/compsci 760/datasets/B-/cluster_3_2048.BMP,ok,0.7644619741100324,76.44619741100324,False,normal,96,103,7559,9888,B-/cluster_3_2048.BMP,B-
/Users/a75027/Desktop/compsci 760/datasets/B-/cluster_3_2053.BMP,ok,1.0,100.0,True,coverage_too_high,96,103,9888,9888,B-/cluster_3_2053.BMP,B-
/Users/a75027/Desktop/compsci 760/datasets/B-/cluster_3_2056.BMP,ok,0.7751820388349514,77.51820388349515,False,normal,96,103,7665,9888,B-/cluster_3_2056.BMP,B-
/Users/a75027/Desktop/compsci 760/datasets/B-/cluster_3_2065.BMP,ok,0.8716626213592233,87.16626213592234,False,normal,96,103,8619,9888,B-/cluster_3_2065.BMP,B-
/Users/a75027/Desktop/compsci 760/datasets/B-/cluster_3_207.BMP,ok,0.7523260517799353,75.23260517799353,False,normal,96,103,7439,9888,B-/cluster_3_207.BMP,B-
/Users/a75027/Desktop/compsci 760/datasets/B-/cluster_3_2083.BMP,ok,0.7918689320388349,79.18689320388349,False,normal,96,103,7830,9888,B-/cluster_3_2083.BMP,B-
/Users/a75027/Desktop/compsci 760/datasets/B-/cluster_3_2087.BMP,ok,0.748584142394822,74.8584142394822,False,normal,96,103,7402,9888,B-/cluster_3_2087.BMP,B-
/Users/a75027/Desktop/compsci 760/datasets/B-/cluster_3_2088.BMP,ok,0.823220064724919,82.3220064724919,False,normal,96,103,8140,9888,B-/cluster_3_2088.BMP,B-
/Users/a75027/Desktop/compsci 760/datasets/B-/cluster_3_209.BMP,ok,0.8377831715210357,83.77831715210357,False,normal,96,103,8284,9888,B-/cluster_3_209.BMP,B-
/Users/a75027/Desktop/compsci 760/datasets/B-/cluster_3_2094.BMP,ok,0.8797532362459547,87.97532362459548,False,normal,96,103,8699,9888,B-/cluster_3_2094.BMP,B-
/Users/a75027/Desktop/compsci 760/datasets/B-/cluster_3_2122.BMP,ok,0.7241100323624595,72.41100323624595,False,normal,96,103,7160,9888,B-/cluster_3_2122.BMP,B-
/Users/a75027/Desktop/compsci 760/datasets/B-/cluster_3_2126.BMP,ok,0.8910800970873787,89.10800970873787,False,normal,96,103,8811,9888,B-/cluster_3_2126.BMP,B-
/Users/a75027/Desktop/compsci 760/datasets/B-/cluster_3_2129.BMP,ok,0.7765978964401294,77.65978964401295,False,normal,96,103,7679,9888,B-/cluster_3_2129.BMP,B-
/Users/a75027/Desktop/compsci 760/datasets/B-/cluster_3_2133.BMP,ok,1.0,100.0,True,coverage_too_high,96,103,9888,9888,B-/cluster_3_2133.BMP,B-
/Users/a75027/Desktop/compsci 760/datasets/B-/cluster_3_2136.BMP,ok,0.8428398058252428,84.28398058252428,False,normal,96,103,8334,9888,B-/cluster_3_2136.BMP,B-
/Users/a75027/Desktop/compsci 760/datasets/B-/cluster_3_2150.BMP,ok,0.8827872168284789,88.27872168284789,False,normal,96,103,8729,9888,B-/cluster_3_2150.BMP,B-
/Users/a75027/Desktop/compsci 760/datasets/B-/cluster_3_2161.BMP,ok,0.7438309061488673,74.38309061488673,False,normal,96,103,7355,9888,B-/cluster_3_2161.BMP,B-
/Users/a75027/Desktop/compsci 760/datasets/B-/cluster_3_2163.BMP,ok,0.8327265372168284,83.27265372168284,False,normal,96,103,8234,9888,B-/cluster_3_2163.BMP,B-
/Users/a75027/Desktop/compsci 760/datasets/B-/cluster_3_2174.BMP,ok,1.0,100.0,True,coverage_too_high,96,103,9888,9888,B-/cluster_3_2174.BMP,B-
/Users/a75027/Desktop/compsci 760/datasets/B-/cluster_3_2182.BMP,ok,0.8853155339805825,88.53155339805825,False,normal,96,103,8754,9888,B-/cluster_3_2182.BMP,B-
/Users/a75027/Desktop/compsci 760/datasets/B-/cluster_3_2186.BMP,ok,0.7373584142394822,73.73584142394822,False,normal,96,103,7291,9888,B-/cluster_3_2186.BMP,B-
/Users/a75027/Desktop/compsci 760/datasets/B-/cluster_3_2187.BMP,ok,0.8193770226537217,81.93770226537217,False,normal,96,103,8102,9888,B-/cluster_3_2187.BMP,B-
/Users/a75027/Desktop/compsci 760/datasets/B-/cluster_3_2209.BMP,ok,0.891282362459547,89.1282362459547,False,normal,96,103,8813,9888,B-/cluster_3_2209.BMP,B-
/Users/a75027/Desktop/compsci 760/datasets/B-/cluster_3_2225.BMP,ok,0.7645631067961165,76.45631067961165,False,normal,96,103,7560,9888,B-/cluster_3_2225.BMP,B-
/Users/a75027/Desktop/compsci 760/datasets/B-/cluster_3_223.BMP,ok,0.7633495145631068,76.33495145631069,False,normal,96,103,7548,9888,B-/cluster_3_223.BMP,B-
/Users/a75027/Desktop/compsci 760/datasets/B-/cluster_3_2231.BMP,ok,0.8319174757281553,83.19174757281553,False,normal,96,103,8226,9888,B-/cluster_3_2231.BMP,B-
/Users/a75027/Desktop/compsci 760/datasets/B-/cluster_3_2235.BMP,ok,0.598705501618123,59.8705501618123,False,normal,96,103,5920,9888,B-/cluster_3_2235.BMP,B-
/Users/a75027/Desktop/compsci 760/datasets/B-/cluster_3_2243.BMP,ok,0.8268608414239482,82.68608414239482,False,normal,96,103,8176,9888,B-/cluster_3_2243.BMP,B-
/Users/a75027/Desktop/compsci 760/datasets/B-/cluster_3_2245.BMP,ok,0.8492111650485437,84.92111650485437,False,normal,96,103,8397,9888,B-/cluster_3_2245.BMP,B-
/Users/a75027/Desktop/compsci 760/datasets/B-/cluster_3_2257.BMP,ok,0.7766990291262136,77.66990291262135,False,normal,96,103,7680,9888,B-/cluster_3_2257.BMP,B-
/Users/a75027/Desktop/compsci 760/datasets/B-/cluster_3_2259.BMP,ok,1.0,100.0,True,coverage_too_high,96,103,9888,9888,B-/cluster_3_2259.BMP,B-
/Users/a75027/Desktop/compsci 760/datasets/B-/cluster_3_2274.BMP,ok,0.7834749190938511,78.34749190938511,False,normal,96,103,7747,9888,B-/cluster_3_2274.BMP,B-
/Users/a75027/Desktop/compsci 760/datasets/B-/cluster_3_2276.BMP,ok,0.8895631067961165,88.95631067961165,False,normal,96,103,8796,9888,B-/cluster_3_2276.BMP,B-
/Users/a75027/Desktop/compsci 760/datasets/B-/cluster_3_2297.BMP,ok,0.7650687702265372,76.50687702265373,False,normal,96,103,7565,9888,B-/cluster_3_2297.BMP,B-
/Users/a75027/Desktop/compsci 760/datasets/B-/cluster_3_2301.BMP,ok,0.8049150485436893,80.49150485436894,False,normal,96,103,7959,9888,B-/cluster_3_2301.BMP,B-
/Users/a75027/Desktop/compsci 760/datasets/B-/cluster_3_2304.BMP,ok,0.8687297734627831,86.87297734627832,False,normal,96,103,8590,9888,B-/cluster_3_2304.BMP,B-
/Users/a75027/Desktop/compsci 760/datasets/B-/cluster_3_2312.BMP,ok,0.7308859223300971,73.0885922330097,False,normal,96,103,7227,9888,B-/cluster_3_2312.BMP,B-
/Users/a75027/Desktop/compsci 760/datasets/B-/cluster_3_232.BMP,ok,0.8060275080906149,80.60275080906149,False,normal,96,103,7970,9888,B-/cluster_3_232.BMP,B-
/Users/a75027/Desktop/compsci 760/datasets/B-/cluster_3_2320.BMP,ok,0.8304004854368932,83.04004854368931,False,normal,96,103,8211,9888,B-/cluster_3_2320.BMP,B-
/Users/a75027/Desktop/compsci 760/datasets/B-/cluster_3_2337.BMP,ok,0.8272653721682848,82.72653721682848,False,normal,96,103,8180,9888,B-/cluster_3_2337.BMP,B-
/Users/a75027/Desktop/compsci 760/datasets/B-/cluster_3_2355.BMP,ok,0.7917677993527508,79.17677993527508,False,normal,96,103,7829,9888,B-/cluster_3_2355.BMP,B-
/Users/a75027/Desktop/compsci 760/datasets/B-/cluster_3_236.BMP,ok,0.7698220064724919,76.98220064724919,False,normal,96,103,7612,9888,B-/cluster_3_236.BMP,B-
/Users/a75027/Desktop/compsci 760/datasets/B-/cluster_3_2375.BMP,ok,0.76709142394822,76.70914239482201,False,normal,96,103,7585,9888,B-/cluster_3_2375.BMP,B-
/Users/a75027/Desktop/compsci 760/datasets/B-/cluster_3_2387.BMP,ok,1.0,100.0,True,coverage_too_high,96,103,9888,9888,B-/cluster_3_2387.BMP,B-
/Users/a75027/Desktop/compsci 760/datasets/B-/cluster_3_2388.BMP,ok,0.7105582524271845,71.05582524271846,False,normal,96,103,7026,9888,B-/cluster_3_2388.BMP,B-
/Users/a75027/Desktop/compsci 760/datasets/B-/cluster_3_2392.BMP,ok,0.8752022653721683,87.52022653721683,False,normal,96,103,8654,9888,B-/cluster_3_2392.BMP,B-
/Users/a75027/Desktop/compsci 760/datasets/B-/cluster_3_2407.BMP,ok,0.8775283171521036,87.75283171521036,False,normal,96,103,8677,9888,B-/cluster_3_2407.BMP,B-
/Users/a75027/Desktop/compsci 760/datasets/B-/cluster_3_241.BMP,ok,0.8028923948220065,80.28923948220064,False,normal,96,103,7939,9888,B-/cluster_3_241.BMP,B-
/Users/a75027/Desktop/compsci 760/datasets/B-/cluster_3_2413.BMP,ok,0.8262540453074434,82.62540453074433,False,normal,96,103,8170,9888,B-/cluster_3_2413.BMP,B-
/Users/a75027/Desktop/compsci 760/datasets/B-/cluster_3_2415.BMP,ok,1.0,100.0,True,coverage_too_high,96,103,9888,9888,B-/cluster_3_2415.BMP,B-
/Users/a75027/Desktop/compsci 760/datasets/B-/cluster_3_2420.BMP,ok,0.762843851132686,76.2843851132686,False,normal,96,103,7543,9888,B-/cluster_3_2420.BMP,B-
/Users/a75027/Desktop/compsci 760/datasets/B-/cluster_3_2426.BMP,ok,0.7148058252427184,71.48058252427184,False,normal,96,103,7068,9888,B-/cluster_3_2426.BMP,B-
/Users/a75027/Desktop/compsci 760/datasets/B-/cluster_3_2437.BMP,ok,0.8241302588996764,82.41302588996764,False,normal,96,103,8149,9888,B-/cluster_3_2437.BMP,B-
/Users/a75027/Desktop/compsci 760/datasets/B-/cluster_3_2438.BMP,ok,0.7547532362459547,75.47532362459548,False,normal,96,103,7463,9888,B-/cluster_3_2438.BMP,B-
/Users/a75027/Desktop/compsci 760/datasets/B-/cluster_3_2440.BMP,ok,0.8226132686084142,82.26132686084142,False,normal,96,103,8134,9888,B-/cluster_3_2440.BMP,B-
/Users/a75027/Desktop/compsci 760/datasets/B-/cluster_3_2448.BMP,ok,1.0,100.0,True,coverage_too_high,96,103,9888,9888,B-/cluster_3_2448.BMP,B-
/Users/a75027/Desktop/compsci 760/datasets/B-/cluster_3_2455.BMP,ok,0.8252427184466019,82.52427184466019,False,normal,96,103,8160,9888,B-/cluster_3_2455.BMP,B-
/Users/a75027/Desktop/compsci 760/datasets/B-/cluster_3_2459.BMP,ok,1.0,100.0,True,coverage_too_high,96,103,9888,9888,B-/cluster_3_2459.BMP,B-
/Users/a75027/Desktop/compsci 760/datasets/B-/cluster_3_2466.BMP,ok,1.0,100.0,True,coverage_too_high,96,103,9888,9888,B-/cluster_3_2466.BMP,B-
/Users/a75027/Desktop/compsci 760/datasets/B-/cluster_3_2472.BMP,ok,1.0,100.0,True,coverage_too_high,96,103,9888,9888,B-/cluster_3_2472.BMP,B-
/Users/a75027/Desktop/compsci 760/datasets/B-/cluster_3_2475.BMP,ok,0.7867111650485437,78.67111650485437,False,normal,96,103,7779,9888,B-/cluster_3_2475.BMP,B-
/Users/a75027/Desktop/compsci 760/datasets/B-/cluster_3_2484.BMP,ok,1.0,100.0,True,coverage_too_high,96,103,9888,9888,B-/cluster_3_2484.BMP,B-
/Users/a75027/Desktop/compsci 760/datasets/B-/cluster_3_2492.BMP,ok,1.0,100.0,True,coverage_too_high,96,103,9888,9888,B-/cluster_3_2492.BMP,B-
/Users/a75027/Desktop/compsci 760/datasets/B-/cluster_3_2525.BMP,ok,1.0,100.0,True,coverage_too_high,96,103,9888,9888,B-/cluster_3_2525.BMP,B-
/Users/a75027/Desktop/compsci 760/datasets/B-/cluster_3_2528.BMP,ok,0.8718648867313916,87.18648867313917,False,normal,96,103,8621,9888,B-/cluster_3_2528.BMP,B-
/Users/a75027/Desktop/compsci 760/datasets/B-/cluster_3_2533.BMP,ok,1.0,100.0,True,coverage_too_high,96,103,9888,9888,B-/cluster_3_2533.BMP,B-
/Users/a75027/Desktop/compsci 760/datasets/B-/cluster_3_254.BMP,ok,1.0,100.0,True,coverage_too_high,96,103,9888,9888,B-/cluster_3_254.BMP,B-
/Users/a75027/Desktop/compsci 760/datasets/B-/cluster_3_2541.BMP,ok,0.884203074433657,88.4203074433657,False,normal,96,103,8743,9888,B-/cluster_3_2541.BMP,B-
/Users/a75027/Desktop/compsci 760/datasets/B-/cluster_3_2544.BMP,ok,0.8505258899676376,85.05258899676376,False,normal,96,103,8410,9888,B-/cluster_3_2544.BMP,B-
/Users/a75027/Desktop/compsci 760/datasets/B-/cluster_3_255.BMP,ok,0.7774069579288025,77.74069579288026,False,normal,96,103,7687,9888,B-/cluster_3_255.BMP,B-
/Users/a75027/Desktop/compsci 760/datasets/B-/cluster_3_2559.BMP,ok,0.7339199029126213,73.39199029126213,False,normal,96,103,7257,9888,B-/cluster_3_2559.BMP,B-
/Users/a75027/Desktop/compsci 760/datasets/B-/cluster_3_2568.BMP,ok,0.5862661812297735,58.62661812297735,False,normal,96,103,5797,9888,B-/cluster_3_2568.BMP,B-
/Users/a75027/Desktop/compsci 760/datasets/B-/cluster_3_2570.BMP,ok,1.0,100.0,True,coverage_too_high,96,103,9888,9888,B-/cluster_3_2570.BMP,B-
/Users/a75027/Desktop/compsci 760/datasets/B-/cluster_3_2580.BMP,ok,1.0,100.0,True,coverage_too_high,96,103,9888,9888,B-/cluster_3_2580.BMP,B-
/Users/a75027/Desktop/compsci 760/datasets/B-/cluster_3_2587.BMP,ok,0.886326860841424,88.63268608414239,False,normal,96,103,8764,9888,B-/cluster_3_2587.BMP,B-
/Users/a75027/Desktop/compsci 760/datasets/B-/cluster_3_259.BMP,ok,0.8248381877022654,82.48381877022653,False,normal,96,103,8156,9888,B-/cluster_3_259.BMP,B-
/Users/a75027/Desktop/compsci 760/datasets/B-/cluster_3_2606.BMP,ok,0.8780339805825242,87.80339805825243,False,normal,96,103,8682,9888,B-/cluster_3_2606.BMP,B-
/Users/a75027/Desktop/compsci 760/datasets/B-/cluster_3_2616.BMP,ok,0.8237257281553398,82.37257281553399,False,normal,96,103,8145,9888,B-/cluster_3_2616.BMP,B-
/Users/a75027/Desktop/compsci 760/datasets/B-/cluster_3_2620.BMP,ok,0.7721480582524272,77.21480582524272,False,normal,96,103,7635,9888,B-/cluster_3_2620.BMP,B-
/Users/a75027/Desktop/compsci 760/datasets/B-/cluster_3_2622.BMP,ok,1.0,100.0,True,coverage_too_high,96,103,9888,9888,B-/cluster_3_2622.BMP,B-
/Users/a75027/Desktop/compsci 760/datasets/B-/cluster_3_2624.BMP,ok,1.0,100.0,True,coverage_too_high,96,103,9888,9888,B-/cluster_3_2624.BMP,B-
/Users/a75027/Desktop/compsci 760/datasets/B-/cluster_3_2628.BMP,ok,0.8449635922330098,84.49635922330097,False,normal,96,103,8355,9888,B-/cluster_3_2628.BMP,B-
/Users/a75027/Desktop/compsci 760/datasets/B-/cluster_3_2633.BMP,ok,0.8937095469255664,89.37095469255664,False,normal,96,103,8837,9888,B-/cluster_3_2633.BMP,B-
/Users/a75027/Desktop/compsci 760/datasets/B-/cluster_3_2643.BMP,ok,1.0,100.0,True,coverage_too_high,96,103,9888,9888,B-/cluster_3_2643.BMP,B-
/Users/a75027/Desktop/compsci 760/datasets/B-/cluster_3_2645.BMP,ok,1.0,100.0,True,coverage_too_high,96,103,9888,9888,B-/cluster_3_2645.BMP,B-
/Users/a75027/Desktop/compsci 760/datasets/B-/cluster_3_2648.BMP,ok,0.8483009708737864,84.83009708737865,False,normal,96,103,8388,9888,B-/cluster_3_2648.BMP,B-
/Users/a75027/Desktop/compsci 760/datasets/B-/cluster_3_2656.BMP,ok,0.8201860841423948,82.01860841423948,False,normal,96,103,8110,9888,B-/cluster_3_2656.BMP,B-
/Users/a75027/Desktop/compsci 760/datasets/B-/cluster_3_2657.BMP,ok,0.7896440129449838,78.96440129449837,False,normal,96,103,7808,9888,B-/cluster_3_2657.BMP,B-
/Users/a75027/Desktop/compsci 760/datasets/B-/cluster_3_2659.BMP,ok,0.7444377022653722,74.44377022653723,False,normal,96,103,7361,9888,B-/cluster_3_2659.BMP,B-
/Users/a75027/Desktop/compsci 760/datasets/B-/cluster_3_2662.BMP,ok,0.8269619741100324,82.69619741100324,False,normal,96,103,8177,9888,B-/cluster_3_2662.BMP,B-
/Users/a75027/Desktop/compsci 760/datasets/B-/cluster_3_2671.BMP,ok,0.7494943365695793,74.94943365695794,False,normal,96,103,7411,9888,B-/cluster_3_2671.BMP,B-
/Users/a75027/Desktop/compsci 760/datasets/B-/cluster_3_2676.BMP,ok,0.8081512944983819,80.81512944983818,False,normal,96,103,7991,9888,B-/cluster_3_2676.BMP,B-
/Users/a75027/Desktop/compsci 760/datasets/B-/cluster_3_2685.BMP,ok,0.7468648867313916,74.68648867313917,False,normal,96,103,7385,9888,B-/cluster_3_2685.BMP,B-
/Users/a75027/Desktop/compsci 760/datasets/B-/cluster_3_2698.BMP,ok,0.8908778317152104,89.08778317152104,False,normal,96,103,8809,9888,B-/cluster_3_2698.BMP,B-
/Users/a75027/Desktop/compsci 760/datasets/B-/cluster_3_2703.BMP,ok,0.7493932038834952,74.93932038834951,False,normal,96,103,7410,9888,B-/cluster_3_2703.BMP,B-
/Users/a75027/Desktop/compsci 760/datasets/B-/cluster_3_2704.BMP,ok,0.7835760517799353,78.35760517799353,False,normal,96,103,7748,9888,B-/cluster_3_2704.BMP,B-
/Users/a75027/Desktop/compsci 760/datasets/B-/cluster_3_2714.BMP,ok,0.29510517799352753,29.510517799352755,False,normal,96,103,2918,9888,B-/cluster_3_2714.BMP,B-
/Users/a75027/Desktop/compsci 760/datasets/B-/cluster_3_2723.BMP,ok,0.8511326860841424,85.11326860841424,False,normal,96,103,8416,9888,B-/cluster_3_2723.BMP,B-
/Users/a75027/Desktop/compsci 760/datasets/B-/cluster_3_2725.BMP,ok,0.7524271844660194,75.24271844660194,False,normal,96,103,7440,9888,B-/cluster_3_2725.BMP,B-
/Users/a75027/Desktop/compsci 760/datasets/B-/cluster_3_2730.BMP,ok,0.8894619741100324,88.94619741100324,False,normal,96,103,8795,9888,B-/cluster_3_2730.BMP,B-
/Users/a75027/Desktop/compsci 760/datasets/B-/cluster_3_2731.BMP,ok,0.786205501618123,78.6205501618123,False,normal,96,103,7774,9888,B-/cluster_3_2731.BMP,B-
/Users/a75027/Desktop/compsci 760/datasets/B-/cluster_3_2750.BMP,ok,0.8837985436893204,88.37985436893204,False,normal,96,103,8739,9888,B-/cluster_3_2750.BMP,B-
/Users/a75027/Desktop/compsci 760/datasets/B-/cluster_3_2756.BMP,ok,0.8870347896440129,88.7034789644013,False,normal,96,103,8771,9888,B-/cluster_3_2756.BMP,B-
/Users/a75027/Desktop/compsci 760/datasets/B-/cluster_3_2758.BMP,ok,1.0,100.0,True,coverage_too_high,96,103,9888,9888,B-/cluster_3_2758.BMP,B-
/Users/a75027/Desktop/compsci 760/datasets/B-/cluster_3_2759.BMP,ok,1.0,100.0,True,coverage_too_high,96,103,9888,9888,B-/cluster_3_2759.BMP,B-
/Users/a75027/Desktop/compsci 760/datasets/B-/cluster_3_2766.BMP,ok,0.7984425566343042,79.84425566343042,False,normal,96,103,7895,9888,B-/cluster_3_2766.BMP,B-
/Users/a75027/Desktop/compsci 760/datasets/B-/cluster_3_2767.BMP,ok,1.0,100.0,True,coverage_too_high,96,103,9888,9888,B-/cluster_3_2767.BMP,B-
/Users/a75027/Desktop/compsci 760/datasets/B-/cluster_3_2773.BMP,ok,1.0,100.0,True,coverage_too_high,96,103,9888,9888,B-/cluster_3_2773.BMP,B-
/Users/a75027/Desktop/compsci 760/datasets/B-/cluster_3_2775.BMP,ok,0.8729773462783171,87.29773462783172,False,normal,96,103,8632,9888,B-/cluster_3_2775.BMP,B-
/Users/a75027/Desktop/compsci 760/datasets/B-/cluster_3_2789.BMP,ok,0.7910598705501618,79.10598705501619,False,normal,96,103,7822,9888,B-/cluster_3_2789.BMP,B-
/Users/a75027/Desktop/compsci 760/datasets/B-/cluster_3_2791.BMP,ok,0.7884304207119741,78.84304207119742,False,normal,96,103,7796,9888,B-/cluster_3_2791.BMP,B-
/Users/a75027/Desktop/compsci 760/datasets/B-/cluster_3_2828.BMP,ok,0.7517192556634305,75.17192556634305,False,normal,96,103,7433,9888,B-/cluster_3_2828.BMP,B-
/Users/a75027/Desktop/compsci 760/datasets/B-/cluster_3_2831.BMP,ok,0.8454692556634305,84.54692556634305,False,normal,96,103,8360,9888,B-/cluster_3_2831.BMP,B-
/Users/a75027/Desktop/compsci 760/datasets/B-/cluster_3_2833.BMP,ok,1.0,100.0,True,coverage_too_high,96,103,9888,9888,B-/cluster_3_2833.BMP,B-
/Users/a75027/Desktop/compsci 760/datasets/B-/cluster_3_2842.BMP,ok,0.6750606796116505,67.50606796116504,False,normal,96,103,6675,9888,B-/cluster_3_2842.BMP,B-
/Users/a75027/Desktop/compsci 760/datasets/B-/cluster_3_2846.BMP,ok,0.7347289644012945,73.47289644012946,False,normal,96,103,7265,9888,B-/cluster_3_2846.BMP,B-
/Users/a75027/Desktop/compsci 760/datasets/B-/cluster_3_286.BMP,ok,0.8562904530744336,85.62904530744336,False,normal,96,103,8467,9888,B-/cluster_3_286.BMP,B-
/Users/a75027/Desktop/compsci 760/datasets/B-/cluster_3_2884.BMP,ok,0.8074433656957929,80.74433656957929,False,normal,96,103,7984,9888,B-/cluster_3_2884.BMP,B-
/Users/a75027/Desktop/compsci 760/datasets/B-/cluster_3_2887.BMP,ok,0.7879247572815534,78.79247572815534,False,normal,96,103,7791,9888,B-/cluster_3_2887.BMP,B-
/Users/a75027/Desktop/compsci 760/datasets/B-/cluster_3_2894.BMP,ok,0.8347491909385113,83.47491909385113,False,normal,96,103,8254,9888,B-/cluster_3_2894.BMP,B-
/Users/a75027/Desktop/compsci 760/datasets/B-/cluster_3_290.BMP,ok,0.7687095469255664,76.87095469255664,False,normal,96,103,7601,9888,B-/cluster_3_290.BMP,B-
/Users/a75027/Desktop/compsci 760/datasets/B-/cluster_3_2904.BMP,ok,0.8510315533980582,85.10315533980582,False,normal,96,103,8415,9888,B-/cluster_3_2904.BMP,B-
/Users/a75027/Desktop/compsci 760/datasets/B-/cluster_3_2910.BMP,ok,0.8864279935275081,88.64279935275081,False,normal,96,103,8765,9888,B-/cluster_3_2910.BMP,B-
/Users/a75027/Desktop/compsci 760/datasets/B-/cluster_3_2917.BMP,ok,0.6716221682847896,67.16221682847896,False,normal,96,103,6641,9888,B-/cluster_3_2917.BMP,B-
/Users/a75027/Desktop/compsci 760/datasets/B-/cluster_3_2919.BMP,ok,0.8586165048543689,85.8616504854369,False,normal,96,103,8490,9888,B-/cluster_3_2919.BMP,B-
/Users/a75027/Desktop/compsci 760/datasets/B-/cluster_3_292.BMP,ok,1.0,100.0,True,coverage_too_high,96,103,9888,9888,B-/cluster_3_292.BMP,B-
/Users/a75027/Desktop/compsci 760/datasets/B-/cluster_3_2923.BMP,ok,0.7984425566343042,79.84425566343042,False,normal,96,103,7895,9888,B-/cluster_3_2923.BMP,B-
/Users/a75027/Desktop/compsci 760/datasets/B-/cluster_3_2926.BMP,ok,0.8150283171521036,81.50283171521036,False,normal,96,103,8059,9888,B-/cluster_3_2926.BMP,B-
/Users/a75027/Desktop/compsci 760/datasets/B-/cluster_3_2940.BMP,ok,0.8394012944983819,83.94012944983818,False,normal,96,103,8300,9888,B-/cluster_3_2940.BMP,B-
/Users/a75027/Desktop/compsci 760/datasets/B-/cluster_3_2942.BMP,ok,0.8175566343042071,81.75566343042071,False,normal,96,103,8084,9888,B-/cluster_3_2942.BMP,B-
/Users/a75027/Desktop/compsci 760/datasets/B-/cluster_3_2946.BMP,ok,1.0,100.0,True,coverage_too_high,96,103,9888,9888,B-/cluster_3_2946.BMP,B-
/Users/a75027/Desktop/compsci 760/datasets/B-/cluster_3_2947.BMP,ok,0.8204894822006472,82.04894822006472,False,normal,96,103,8113,9888,B-/cluster_3_2947.BMP,B-
/Users/a75027/Desktop/compsci 760/datasets/B-/cluster_3_2952.BMP,ok,0.8481998381877023,84.81998381877023,False,normal,96,103,8387,9888,B-/cluster_3_2952.BMP,B-
/Users/a75027/Desktop/compsci 760/datasets/B-/cluster_3_2953.BMP,ok,0.8485032362459547,84.85032362459548,False,normal,96,103,8390,9888,B-/cluster_3_2953.BMP,B-
/Users/a75027/Desktop/compsci 760/datasets/B-/cluster_3_2967.BMP,ok,1.0,100.0,True,coverage_too_high,96,103,9888,9888,B-/cluster_3_2967.BMP,B-
/Users/a75027/Desktop/compsci 760/datasets/B-/cluster_3_2979.BMP,ok,0.8562904530744336,85.62904530744336,False,normal,96,103,8467,9888,B-/cluster_3_2979.BMP,B-
/Users/a75027/Desktop/compsci 760/datasets/B-/cluster_3_298.BMP,ok,0.7989482200647249,79.89482200647248,False,normal,96,103,7900,9888,B-/cluster_3_298.BMP,B-
/Users/a75027/Desktop/compsci 760/datasets/B-/cluster_3_2994.BMP,ok,1.0,100.0,True,coverage_too_high,96,103,9888,9888,B-/cluster_3_2994.BMP,B-
/Users/a75027/Desktop/compsci 760/datasets/B-/cluster_3_2997.BMP,ok,0.8052184466019418,80.52184466019418,False,normal,96,103,7962,9888,B-/cluster_3_2997.BMP,B-
/Users/a75027/Desktop/compsci 760/datasets/B-/cluster_3_3004.BMP,ok,0.801173139158576,80.11731391585761,False,normal,96,103,7922,9888,B-/cluster_3_3004.BMP,B-
/Users/a75027/Desktop/compsci 760/datasets/B-/cluster_3_3012.BMP,ok,1.0,100.0,True,coverage_too_high,96,103,9888,9888,B-/cluster_3_3012.BMP,B-
/Users/a75027/Desktop/compsci 760/datasets/B-/cluster_3_3017.BMP,ok,0.88207928802589,88.207928802589,False,normal,96,103,8722,9888,B-/cluster_3_3017.BMP,B-
/Users/a75027/Desktop/compsci 760/datasets/B-/cluster_3_3020.BMP,ok,0.7956108414239482,79.56108414239482,False,normal,96,103,7867,9888,B-/cluster_3_3020.BMP,B-
/Users/a75027/Desktop/compsci 760/datasets/B-/cluster_3_3023.BMP,ok,0.7796318770226537,77.96318770226537,False,normal,96,103,7709,9888,B-/cluster_3_3023.BMP,B-
/Users/a75027/Desktop/compsci 760/datasets/B-/cluster_3_3025.BMP,ok,1.0,100.0,True,coverage_too_high,96,103,9888,9888,B-/cluster_3_3025.BMP,B-
/Users/a75027/Desktop/compsci 760/datasets/B-/cluster_3_3034.BMP,ok,0.8413228155339806,84.13228155339806,False,normal,96,103,8319,9888,B-/cluster_3_3034.BMP,B-
/Users/a75027/Desktop/compsci 760/datasets/B-/cluster_3_3048.BMP,ok,0.8097694174757282,80.97694174757282,False,normal,96,103,8007,9888,B-/cluster_3_3048.BMP,B-
/Users/a75027/Desktop/compsci 760/datasets/B-/cluster_3_3065.BMP,ok,0.8564927184466019,85.64927184466019,False,normal,96,103,8469,9888,B-/cluster_3_3065.BMP,B-
/Users/a75027/Desktop/compsci 760/datasets/B-/cluster_3_3068.BMP,ok,0.7757888349514563,77.57888349514563,False,normal,96,103,7671,9888,B-/cluster_3_3068.BMP,B-
/Users/a75027/Desktop/compsci 760/datasets/B-/cluster_3_3070.BMP,ok,0.8558859223300971,85.5885922330097,False,normal,96,103,8463,9888,B-/cluster_3_3070.BMP,B-
/Users/a75027/Desktop/compsci 760/datasets/B-/cluster_3_3076.BMP,ok,1.0,100.0,True,coverage_too_high,96,103,9888,9888,B-/cluster_3_3076.BMP,B-
/Users/a75027/Desktop/compsci 760/datasets/B-/cluster_3_3081.BMP,ok,0.5432847896440129,54.32847896440129,False,normal,96,103,5372,9888,B-/cluster_3_3081.BMP,B-
/Users/a75027/Desktop/compsci 760/datasets/B-/cluster_3_3086.BMP,ok,0.7032766990291263,70.32766990291263,False,normal,96,103,6954,9888,B-/cluster_3_3086.BMP,B-
/Users/a75027/Desktop/compsci 760/datasets/B-/cluster_3_3099.BMP,ok,0.7331108414239482,73.31108414239482,False,normal,96,103,7249,9888,B-/cluster_3_3099.BMP,B-
/Users/a75027/Desktop/compsci 760/datasets/B-/cluster_3_3106.BMP,ok,0.8412216828478964,84.12216828478964,False,normal,96,103,8318,9888,B-/cluster_3_3106.BMP,B-
/Users/a75027/Desktop/compsci 760/datasets/B-/cluster_3_3108.BMP,ok,0.8163430420711975,81.63430420711974,False,normal,96,103,8072,9888,B-/cluster_3_3108.BMP,B-
/Users/a75027/Desktop/compsci 760/datasets/B-/cluster_3_3113.BMP,ok,0.7933859223300971,79.3385922330097,False,normal,96,103,7845,9888,B-/cluster_3_3113.BMP,B-
/Users/a75027/Desktop/compsci 760/datasets/B-/cluster_3_3118.BMP,ok,0.8978559870550162,89.78559870550163,False,normal,96,103,8878,9888,B-/cluster_3_3118.BMP,B-
/Users/a75027/Desktop/compsci 760/datasets/B-/cluster_3_3120.BMP,ok,0.8976537216828478,89.76537216828478,False,normal,96,103,8876,9888,B-/cluster_3_3120.BMP,B-
/Users/a75027/Desktop/compsci 760/datasets/B-/cluster_3_3125.BMP,ok,0.860032362459547,86.0032362459547,False,normal,96,103,8504,9888,B-/cluster_3_3125.BMP,B-
/Users/a75027/Desktop/compsci 760/datasets/B-/cluster_3_3128.BMP,ok,0.6994336569579288,69.94336569579288,False,normal,96,103,6916,9888,B-/cluster_3_3128.BMP,B-
/Users/a75027/Desktop/compsci 760/datasets/B-/cluster_3_3142.BMP,ok,0.8692354368932039,86.9235436893204,False,normal,96,103,8595,9888,B-/cluster_3_3142.BMP,B-
/Users/a75027/Desktop/compsci 760/datasets/B-/cluster_3_3143.BMP,ok,0.8756067961165048,87.56067961165049,False,normal,96,103,8658,9888,B-/cluster_3_3143.BMP,B-
/Users/a75027/Desktop/compsci 760/datasets/B-/cluster_3_3146.BMP,ok,1.0,100.0,True,coverage_too_high,96,103,9888,9888,B-/cluster_3_3146.BMP,B-
/Users/a75027/Desktop/compsci 760/datasets/B-/cluster_3_3156.BMP,ok,0.7998584142394822,79.98584142394822,False,normal,96,103,7909,9888,B-/cluster_3_3156.BMP,B-
/Users/a75027/Desktop/compsci 760/datasets/B-/cluster_3_3170.BMP,ok,0.8150283171521036,81.50283171521036,False,normal,96,103,8059,9888,B-/cluster_3_3170.BMP,B-
/Users/a75027/Desktop/compsci 760/datasets/B-/cluster_3_3175.BMP,ok,0.7839805825242718,78.39805825242718,False,normal,96,103,7752,9888,B-/cluster_3_3175.BMP,B-
/Users/a75027/Desktop/compsci 760/datasets/B-/cluster_3_3185.BMP,ok,0.6680825242718447,66.80825242718447,False,normal,96,103,6606,9888,B-/cluster_3_3185.BMP,B-
/Users/a75027/Desktop/compsci 760/datasets/B-/cluster_3_3195.BMP,ok,0.8481998381877023,84.81998381877023,False,normal,96,103,8387,9888,B-/cluster_3_3195.BMP,B-
/Users/a75027/Desktop/compsci 760/datasets/B-/cluster_3_3201.BMP,ok,0.8180622977346278,81.80622977346277,False,normal,96,103,8089,9888,B-/cluster_3_3201.BMP,B-
/Users/a75027/Desktop/compsci 760/datasets/B-/cluster_3_3218.BMP,ok,1.0,100.0,True,coverage_too_high,96,103,9888,9888,B-/cluster_3_3218.BMP,B-
/Users/a75027/Desktop/compsci 760/datasets/B-/cluster_3_3219.BMP,ok,0.8769215210355987,87.69215210355988,False,normal,96,103,8671,9888,B-/cluster_3_3219.BMP,B-
/Users/a75027/Desktop/compsci 760/datasets/B-/cluster_3_3228.BMP,ok,0.6679813915857605,66.79813915857605,False,normal,96,103,6605,9888,B-/cluster_3_3228.BMP,B-
/Users/a75027/Desktop/compsci 760/datasets/B-/cluster_3_3229.BMP,ok,0.8273665048543689,82.7366504854369,False,normal,96,103,8181,9888,B-/cluster_3_3229.BMP,B-
/Users/a75027/Desktop/compsci 760/datasets/B-/cluster_3_323.BMP,ok,0.6497775080906149,64.97775080906149,False,normal,96,103,6425,9888,B-/cluster_3_323.BMP,B-
/Users/a75027/Desktop/compsci 760/datasets/B-/cluster_3_3233.BMP,ok,0.8285805786850093,82.85805786850094,False,normal,241,298,59507,71818,B-/cluster_3_3233.BMP,B-
/Users/a75027/Desktop/compsci 760/datasets/B-/cluster_3_3235.BMP,ok,0.8128033980582524,81.28033980582524,False,normal,96,103,8037,9888,B-/cluster_3_3235.BMP,B-
/Users/a75027/Desktop/compsci 760/datasets/B-/cluster_3_3239.BMP,ok,0.7938915857605178,79.38915857605178,False,normal,96,103,7850,9888,B-/cluster_3_3239.BMP,B-
/Users/a75027/Desktop/compsci 760/datasets/B-/cluster_3_3241.BMP,ok,1.0,100.0,True,coverage_too_high,96,103,9888,9888,B-/cluster_3_3241.BMP,B-
/Users/a75027/Desktop/compsci 760/datasets/B-/cluster_3_3255.BMP,ok,0.7969255663430421,79.69255663430421,False,normal,96,103,7880,9888,B-/cluster_3_3255.BMP,B-
/Users/a75027/Desktop/compsci 760/datasets/B-/cluster_3_3259.BMP,ok,0.7606189320388349,76.06189320388349,False,normal,96,103,7521,9888,B-/cluster_3_3259.BMP,B-
/Users/a75027/Desktop/compsci 760/datasets/B-/cluster_3_3267.BMP,ok,0.7909587378640777,79.09587378640776,False,normal,96,103,7821,9888,B-/cluster_3_3267.BMP,B-
/Users/a75027/Desktop/compsci 760/datasets/B-/cluster_3_3269.BMP,ok,0.7790250809061489,77.90250809061489,False,normal,96,103,7703,9888,B-/cluster_3_3269.BMP,B-
/Users/a75027/Desktop/compsci 760/datasets/B-/cluster_3_3271.BMP,ok,0.7987459546925566,79.87459546925567,False,normal,96,103,7898,9888,B-/cluster_3_3271.BMP,B-
/Users/a75027/Desktop/compsci 760/datasets/B-/cluster_3_3288.BMP,ok,0.8131067961165048,81.31067961165049,False,normal,96,103,8040,9888,B-/cluster_3_3288.BMP,B-
/Users/a75027/Desktop/compsci 760/datasets/B-/cluster_3_3292.BMP,ok,0.7881270226537217,78.81270226537217,False,normal,96,103,7793,9888,B-/cluster_3_3292.BMP,B-
/Users/a75027/Desktop/compsci 760/datasets/B-/cluster_3_3309.BMP,ok,1.0,100.0,True,coverage_too_high,96,103,9888,9888,B-/cluster_3_3309.BMP,B-
/Users/a75027/Desktop/compsci 760/datasets/B-/cluster_3_3315.BMP,ok,0.6838592233009708,68.38592233009709,False,normal,96,103,6762,9888,B-/cluster_3_3315.BMP,B-
/Users/a75027/Desktop/compsci 760/datasets/B-/cluster_3_3342.BMP,ok,1.0,100.0,True,coverage_too_high,96,103,9888,9888,B-/cluster_3_3342.BMP,B-
/Users/a75027/Desktop/compsci 760/datasets/B-/cluster_3_3344.BMP,ok,0.8449635922330098,84.49635922330097,False,normal,96,103,8355,9888,B-/cluster_3_3344.BMP,B-
/Users/a75027/Desktop/compsci 760/datasets/B-/cluster_3_3347.BMP,ok,1.0,100.0,True,coverage_too_high,96,103,9888,9888,B-/cluster_3_3347.BMP,B-
/Users/a75027/Desktop/compsci 760/datasets/B-/cluster_3_335.BMP,ok,1.0,100.0,True,coverage_too_high,96,103,9888,9888,B-/cluster_3_335.BMP,B-
/Users/a75027/Desktop/compsci 760/datasets/B-/cluster_3_3354.BMP,ok,1.0,100.0,True,coverage_too_high,96,103,9888,9888,B-/cluster_3_3354.BMP,B-
/Users/a75027/Desktop/compsci 760/datasets/B-/cluster_3_3357.BMP,ok,0.8027912621359223,80.27912621359224,False,normal,96,103,7938,9888,B-/cluster_3_3357.BMP,B-
/Users/a75027/Desktop/compsci 760/datasets/B-/cluster_3_3358.BMP,ok,0.7803398058252428,78.03398058252428,False,normal,96,103,7716,9888,B-/cluster_3_3358.BMP,B-
/Users/a75027/Desktop/compsci 760/datasets/B-/cluster_3_3367.BMP,ok,0.7964199029126213,79.64199029126213,False,normal,96,103,7875,9888,B-/cluster_3_3367.BMP,B-
/Users/a75027/Desktop/compsci 760/datasets/B-/cluster_3_3385.BMP,ok,0.8293891585760518,82.93891585760518,False,normal,96,103,8201,9888,B-/cluster_3_3385.BMP,B-
/Users/a75027/Desktop/compsci 760/datasets/B-/cluster_3_3386.BMP,ok,1.0,100.0,True,coverage_too_high,96,103,9888,9888,B-/cluster_3_3386.BMP,B-
/Users/a75027/Desktop/compsci 760/datasets/B-/cluster_3_3390.BMP,ok,0.7875202265372169,78.75202265372168,False,normal,96,103,7787,9888,B-/cluster_3_3390.BMP,B-
/Users/a75027/Desktop/compsci 760/datasets/B-/cluster_3_3396.BMP,ok,0.8647855987055016,86.47855987055017,False,normal,96,103,8551,9888,B-/cluster_3_3396.BMP,B-
/Users/a75027/Desktop/compsci 760/datasets/B-/cluster_3_3399.BMP,ok,0.879955501618123,87.9955501618123,False,normal,96,103,8701,9888,B-/cluster_3_3399.BMP,B-
/Users/a75027/Desktop/compsci 760/datasets/B-/cluster_3_34.BMP,ok,0.7348300970873787,73.48300970873787,False,normal,96,103,7266,9888,B-/cluster_3_34.BMP,B-
/Users/a75027/Desktop/compsci 760/datasets/B-/cluster_3_3408.BMP,ok,0.7271440129449838,72.71440129449837,False,normal,96,103,7190,9888,B-/cluster_3_3408.BMP,B-
/Users/a75027/Desktop/compsci 760/datasets/B-/cluster_3_3436.BMP,ok,0.8730784789644013,87.30784789644012,False,normal,96,103,8633,9888,B-/cluster_3_3436.BMP,B-
/Users/a75027/Desktop/compsci 760/datasets/B-/cluster_3_3464.BMP,ok,0.8024878640776699,80.24878640776699,False,normal,96,103,7935,9888,B-/cluster_3_3464.BMP,B-
/Users/a75027/Desktop/compsci 760/datasets/B-/cluster_3_3470.BMP,ok,0.8499190938511327,84.99190938511327,False,normal,96,103,8404,9888,B-/cluster_3_3470.BMP,B-
/Users/a75027/Desktop/compsci 760/datasets/B-/cluster_3_3481.BMP,ok,0.7136933656957929,71.36933656957929,False,normal,96,103,7057,9888,B-/cluster_3_3481.BMP,B-
/Users/a75027/Desktop/compsci 760/datasets/B-/cluster_3_3482.BMP,ok,0.7502022653721683,75.02022653721683,False,normal,96,103,7418,9888,B-/cluster_3_3482.BMP,B-
/Users/a75027/Desktop/compsci 760/datasets/B-/cluster_3_3498.BMP,ok,0.8645833333333334,86.45833333333334,False,normal,96,103,8549,9888,B-/cluster_3_3498.BMP,B-
/Users/a75027/Desktop/compsci 760/datasets/B-/cluster_3_351.BMP,ok,0.7728559870550162,77.28559870550163,False,normal,96,103,7642,9888,B-/cluster_3_351.BMP,B-
/Users/a75027/Desktop/compsci 760/datasets/B-/cluster_3_3513.BMP,ok,0.7906553398058253,79.06553398058253,False,normal,96,103,7818,9888,B-/cluster_3_3513.BMP,B-
/Users/a75027/Desktop/compsci 760/datasets/B-/cluster_3_3515.BMP,ok,1.0,100.0,True,coverage_too_high,96,103,9888,9888,B-/cluster_3_3515.BMP,B-
/Users/a75027/Desktop/compsci 760/datasets/B-/cluster_3_3533.BMP,ok,0.7881270226537217,78.81270226537217,False,normal,96,103,7793,9888,B-/cluster_3_3533.BMP,B-
/Users/a75027/Desktop/compsci 760/datasets/B-/cluster_3_3562.BMP,ok,0.8691343042071198,86.91343042071198,False,normal,96,103,8594,9888,B-/cluster_3_3562.BMP,B-
/Users/a75027/Desktop/compsci 760/datasets/B-/cluster_3_3569.BMP,ok,0.7884304207119741,78.84304207119742,False,normal,96,103,7796,9888,B-/cluster_3_3569.BMP,B-
/Users/a75027/Desktop/compsci 760/datasets/B-/cluster_3_3576.BMP,ok,1.0,100.0,True,coverage_too_high,96,103,9888,9888,B-/cluster_3_3576.BMP,B-
/Users/a75027/Desktop/compsci 760/datasets/B-/cluster_3_3583.BMP,ok,0.8160396440129449,81.60396440129449,False,normal,96,103,8069,9888,B-/cluster_3_3583.BMP,B-
/Users/a75027/Desktop/compsci 760/datasets/B-/cluster_3_3589.BMP,ok,0.8045105177993528,80.45105177993528,False,normal,96,103,7955,9888,B-/cluster_3_3589.BMP,B-
/Users/a75027/Desktop/compsci 760/datasets/B-/cluster_3_3591.BMP,ok,0.8204894822006472,82.04894822006472,False,normal,96,103,8113,9888,B-/cluster_3_3591.BMP,B-
/Users/a75027/Desktop/compsci 760/datasets/B-/cluster_3_3595.BMP,ok,0.8464805825242718,84.64805825242718,False,normal,96,103,8370,9888,B-/cluster_3_3595.BMP,B-
/Users/a75027/Desktop/compsci 760/datasets/B-/cluster_3_3600.BMP,ok,0.7590008090614887,75.90008090614887,False,normal,96,103,7505,9888,B-/cluster_3_3600.BMP,B-
/Users/a75027/Desktop/compsci 760/datasets/B-/cluster_3_3613.BMP,ok,0.6653519417475728,66.53519417475728,False,normal,96,103,6579,9888,B-/cluster_3_3613.BMP,B-
/Users/a75027/Desktop/compsci 760/datasets/B-/cluster_3_3614.BMP,ok,0.8775283171521036,87.75283171521036,False,normal,96,103,8677,9888,B-/cluster_3_3614.BMP,B-
/Users/a75027/Desktop/compsci 760/datasets/B-/cluster_3_362.BMP,ok,0.8932038834951457,89.32038834951457,False,normal,96,103,8832,9888,B-/cluster_3_362.BMP,B-
/Users/a75027/Desktop/compsci 760/datasets/B-/cluster_3_3620.BMP,ok,1.0,100.0,True,coverage_too_high,96,103,9888,9888,B-/cluster_3_3620.BMP,B-
/Users/a75027/Desktop/compsci 760/datasets/B-/cluster_3_3632.BMP,ok,0.803296925566343,80.3296925566343,False,normal,96,103,7943,9888,B-/cluster_3_3632.BMP,B-
/Users/a75027/Desktop/compsci 760/datasets/B-/cluster_3_3650.BMP,ok,0.8733818770226537,87.33818770226537,False,normal,96,103,8636,9888,B-/cluster_3_3650.BMP,B-
/Users/a75027/Desktop/compsci 760/datasets/B-/cluster_3_3653.BMP,ok,0.8320186084142395,83.20186084142395,False,normal,96,103,8227,9888,B-/cluster_3_3653.BMP,B-
/Users/a75027/Desktop/compsci 760/datasets/B-/cluster_3_3655.BMP,ok,0.8411205501618123,84.11205501618123,False,normal,96,103,8317,9888,B-/cluster_3_3655.BMP,B-
/Users/a75027/Desktop/compsci 760/datasets/B-/cluster_3_3664.BMP,ok,0.870752427184466,87.0752427184466,False,normal,96,103,8610,9888,B-/cluster_3_3664.BMP,B-
/Users/a75027/Desktop/compsci 760/datasets/B-/cluster_3_367.BMP,ok,0.7822613268608414,78.22613268608414,False,normal,96,103,7735,9888,B-/cluster_3_367.BMP,B-
/Users/a75027/Desktop/compsci 760/datasets/B-/cluster_3_3676.BMP,ok,0.7518203883495146,75.18203883495146,False,normal,96,103,7434,9888,B-/cluster_3_3676.BMP,B-
/Users/a75027/Desktop/compsci 760/datasets/B-/cluster_3_3680.BMP,ok,0.8271642394822006,82.71642394822007,False,normal,96,103,8179,9888,B-/cluster_3_3680.BMP,B-
/Users/a75027/Desktop/compsci 760/datasets/B-/cluster_3_370.BMP,ok,1.0,100.0,True,coverage_too_high,96,103,9888,9888,B-/cluster_3_370.BMP,B-
/Users/a75027/Desktop/compsci 760/datasets/B-/cluster_3_3701.BMP,ok,0.8322208737864077,83.22208737864078,False,normal,96,103,8229,9888,B-/cluster_3_3701.BMP,B-
/Users/a75027/Desktop/compsci 760/datasets/B-/cluster_3_3706.BMP,ok,0.8818770226537217,88.18770226537217,False,normal,96,103,8720,9888,B-/cluster_3_3706.BMP,B-
/Users/a75027/Desktop/compsci 760/datasets/B-/cluster_3_3710.BMP,ok,0.8298948220064725,82.98948220064725,False,normal,96,103,8206,9888,B-/cluster_3_3710.BMP,B-
/Users/a75027/Desktop/compsci 760/datasets/B-/cluster_3_3711.BMP,ok,0.842334142394822,84.2334142394822,False,normal,96,103,8329,9888,B-/cluster_3_3711.BMP,B-
/Users/a75027/Desktop/compsci 760/datasets/B-/cluster_3_3732.BMP,ok,0.8520428802588996,85.20428802588997,False,normal,96,103,8425,9888,B-/cluster_3_3732.BMP,B-
/Users/a75027/Desktop/compsci 760/datasets/B-/cluster_3_3734.BMP,ok,0.5682645631067961,56.82645631067961,False,normal,96,103,5619,9888,B-/cluster_3_3734.BMP,B-
/Users/a75027/Desktop/compsci 760/datasets/B-/cluster_3_3736.BMP,ok,0.8585153721682848,85.85153721682848,False,normal,96,103,8489,9888,B-/cluster_3_3736.BMP,B-
/Users/a75027/Desktop/compsci 760/datasets/B-/cluster_3_375.BMP,ok,0.7909587378640777,79.09587378640776,False,normal,96,103,7821,9888,B-/cluster_3_375.BMP,B-
/Users/a75027/Desktop/compsci 760/datasets/B-/cluster_3_376.BMP,ok,0.8798543689320388,87.98543689320388,False,normal,96,103,8700,9888,B-/cluster_3_376.BMP,B-
/Users/a75027/Desktop/compsci 760/datasets/B-/cluster_3_3763.BMP,ok,0.8528519417475728,85.28519417475728,False,normal,96,103,8433,9888,B-/cluster_3_3763.BMP,B-
/Users/a75027/Desktop/compsci 760/datasets/B-/cluster_3_3770.BMP,ok,0.7809466019417476,78.09466019417476,False,normal,96,103,7722,9888,B-/cluster_3_3770.BMP,B-
/Users/a75027/Desktop/compsci 760/datasets/B-/cluster_3_3771.BMP,ok,0.8503236245954693,85.03236245954693,False,normal,96,103,8408,9888,B-/cluster_3_3771.BMP,B-
/Users/a75027/Desktop/compsci 760/datasets/B-/cluster_3_3777.BMP,ok,1.0,100.0,True,coverage_too_high,96,103,9888,9888,B-/cluster_3_3777.BMP,B-
/Users/a75027/Desktop/compsci 760/datasets/B-/cluster_3_379.BMP,ok,0.7118729773462783,71.18729773462783,False,normal,96,103,7039,9888,B-/cluster_3_379.BMP,B-
/Users/a75027/Desktop/compsci 760/datasets/B-/cluster_3_3790.BMP,ok,0.8489077669902912,84.89077669902912,False,normal,96,103,8394,9888,B-/cluster_3_3790.BMP,B-
/Users/a75027/Desktop/compsci 760/datasets/B-/cluster_3_3791.BMP,ok,0.8714603559870551,87.14603559870551,False,normal,96,103,8617,9888,B-/cluster_3_3791.BMP,B-
/Users/a75027/Desktop/compsci 760/datasets/B-/cluster_3_3795.BMP,ok,1.0,100.0,True,coverage_too_high,96,103,9888,9888,B-/cluster_3_3795.BMP,B-
/Users/a75027/Desktop/compsci 760/datasets/B-/cluster_3_3797.BMP,ok,0.8698422330097088,86.98422330097088,False,normal,96,103,8601,9888,B-/cluster_3_3797.BMP,B-
/Users/a75027/Desktop/compsci 760/datasets/B-/cluster_3_380.BMP,ok,0.790453074433657,79.0453074433657,False,normal,96,103,7816,9888,B-/cluster_3_380.BMP,B-
/Users/a75027/Desktop/compsci 760/datasets/B-/cluster_3_3801.BMP,ok,0.8083535598705501,80.83535598705501,False,normal,96,103,7993,9888,B-/cluster_3_3801.BMP,B-
/Users/a75027/Desktop/compsci 760/datasets/B-/cluster_3_3809.BMP,ok,0.8135113268608414,81.35113268608414,False,normal,96,103,8044,9888,B-/cluster_3_3809.BMP,B-
/Users/a75027/Desktop/compsci 760/datasets/B-/cluster_3_3810.BMP,ok,0.7970266990291263,79.70266990291263,False,normal,96,103,7881,9888,B-/cluster_3_3810.BMP,B-
/Users/a75027/Desktop/compsci 760/datasets/B-/cluster_3_3813.BMP,ok,0.8078478964401294,80.78478964401295,False,normal,96,103,7988,9888,B-/cluster_3_3813.BMP,B-
/Users/a75027/Desktop/compsci 760/datasets/B-/cluster_3_3847.BMP,ok,1.0,100.0,True,coverage_too_high,96,103,9888,9888,B-/cluster_3_3847.BMP,B-
/Users/a75027/Desktop/compsci 760/datasets/B-/cluster_3_3855.BMP,ok,0.8237257281553398,82.37257281553399,False,normal,96,103,8145,9888,B-/cluster_3_3855.BMP,B-
/Users/a75027/Desktop/compsci 760/datasets/B-/cluster_3_3865.BMP,ok,1.0,100.0,True,coverage_too_high,96,103,9888,9888,B-/cluster_3_3865.BMP,B-
/Users/a75027/Desktop/compsci 760/datasets/B-/cluster_3_3866.BMP,ok,0.8381877022653722,83.81877022653723,False,normal,96,103,8288,9888,B-/cluster_3_3866.BMP,B-
/Users/a75027/Desktop/compsci 760/datasets/B-/cluster_3_387.BMP,ok,1.0,100.0,True,coverage_too_high,96,103,9888,9888,B-/cluster_3_387.BMP,B-
/Users/a75027/Desktop/compsci 760/datasets/B-/cluster_3_3883.BMP,ok,0.7048948220064725,70.48948220064725,False,normal,96,103,6970,9888,B-/cluster_3_3883.BMP,B-
/Users/a75027/Desktop/compsci 760/datasets/B-/cluster_3_3885.BMP,ok,0.848705501618123,84.8705501618123,False,normal,96,103,8392,9888,B-/cluster_3_3885.BMP,B-
/Users/a75027/Desktop/compsci 760/datasets/B-/cluster_3_3900.BMP,ok,0.797532362459547,79.7532362459547,False,normal,96,103,7886,9888,B-/cluster_3_3900.BMP,B-
/Users/a75027/Desktop/compsci 760/datasets/B-/cluster_3_3904.BMP,ok,0.8601334951456311,86.0133495145631,False,normal,96,103,8505,9888,B-/cluster_3_3904.BMP,B-
/Users/a75027/Desktop/compsci 760/datasets/B-/cluster_3_3914.BMP,ok,0.8095671521035599,80.956715210356,False,normal,96,103,8005,9888,B-/cluster_3_3914.BMP,B-
/Users/a75027/Desktop/compsci 760/datasets/B-/cluster_3_3917.BMP,ok,0.8603357605177994,86.03357605177993,False,normal,96,103,8507,9888,B-/cluster_3_3917.BMP,B-
/Users/a75027/Desktop/compsci 760/datasets/B-/cluster_3_3925.BMP,ok,1.0,100.0,True,coverage_too_high,96,103,9888,9888,B-/cluster_3_3925.BMP,B-
/Users/a75027/Desktop/compsci 760/datasets/B-/cluster_3_3926.BMP,ok,0.8454692556634305,84.54692556634305,False,normal,96,103,8360,9888,B-/cluster_3_3926.BMP,B-
/Users/a75027/Desktop/compsci 760/datasets/B-/cluster_3_3933.BMP,ok,0.7825647249190939,78.25647249190939,False,normal,96,103,7738,9888,B-/cluster_3_3933.BMP,B-
/Users/a75027/Desktop/compsci 760/datasets/B-/cluster_3_3937.BMP,ok,1.0,100.0,True,coverage_too_high,96,103,9888,9888,B-/cluster_3_3937.BMP,B-
/Users/a75027/Desktop/compsci 760/datasets/B-/cluster_3_3938.BMP,ok,0.8198826860841424,81.98826860841424,False,normal,96,103,8107,9888,B-/cluster_3_3938.BMP,B-
/Users/a75027/Desktop/compsci 760/datasets/B-/cluster_3_3940.BMP,ok,0.8267597087378641,82.67597087378641,False,normal,96,103,8175,9888,B-/cluster_3_3940.BMP,B-
/Users/a75027/Desktop/compsci 760/datasets/B-/cluster_3_3947.BMP,ok,0.8333333333333334,83.33333333333334,False,normal,96,103,8240,9888,B-/cluster_3_3947.BMP,B-
/Users/a75027/Desktop/compsci 760/datasets/B-/cluster_3_395.BMP,ok,0.8681229773462783,86.81229773462783,False,normal,96,103,8584,9888,B-/cluster_3_395.BMP,B-
/Users/a75027/Desktop/compsci 760/datasets/B-/cluster_3_3968.BMP,ok,0.8556836569579288,85.56836569579288,False,normal,96,103,8461,9888,B-/cluster_3_3968.BMP,B-
/Users/a75027/Desktop/compsci 760/datasets/B-/cluster_3_3972.BMP,ok,0.8331310679611651,83.31310679611651,False,normal,96,103,8238,9888,B-/cluster_3_3972.BMP,B-
/Users/a75027/Desktop/compsci 760/datasets/B-/cluster_3_3979.BMP,ok,0.8328276699029126,83.28276699029125,False,normal,96,103,8235,9888,B-/cluster_3_3979.BMP,B-
/Users/a75027/Desktop/compsci 760/datasets/B-/cluster_3_3993.BMP,ok,0.852245145631068,85.2245145631068,False,normal,96,103,8427,9888,B-/cluster_3_3993.BMP,B-
/Users/a75027/Desktop/compsci 760/datasets/B-/cluster_3_3994.BMP,ok,0.7709344660194175,77.09344660194175,False,normal,96,103,7623,9888,B-/cluster_3_3994.BMP,B-
/Users/a75027/Desktop/compsci 760/datasets/B-/cluster_3_4011.BMP,ok,0.6806229773462783,68.06229773462783,False,normal,96,103,6730,9888,B-/cluster_3_4011.BMP,B-
/Users/a75027/Desktop/compsci 760/datasets/B-/cluster_3_4012.BMP,ok,0.811792071197411,81.17920711974111,False,normal,96,103,8027,9888,B-/cluster_3_4012.BMP,B-
/Users/a75027/Desktop/compsci 760/datasets/B-/cluster_3_4013.BMP,ok,1.0,100.0,True,coverage_too_high,96,103,9888,9888,B-/cluster_3_4013.BMP,B-
/Users/a75027/Desktop/compsci 760/datasets/B-/cluster_3_4014.BMP,ok,0.8564927184466019,85.64927184466019,False,normal,96,103,8469,9888,B-/cluster_3_4014.BMP,B-
/Users/a75027/Desktop/compsci 760/datasets/B-/cluster_3_4019.BMP,ok,1.0,100.0,True,coverage_too_high,96,103,9888,9888,B-/cluster_3_4019.BMP,B-
/Users/a75027/Desktop/compsci 760/datasets/B-/cluster_3_4020.BMP,ok,0.8066343042071198,80.66343042071198,False,normal,96,103,7976,9888,B-/cluster_3_4020.BMP,B-
/Users/a75027/Desktop/compsci 760/datasets/B-/cluster_3_4030.BMP,ok,1.0,100.0,True,coverage_too_high,96,103,9888,9888,B-/cluster_3_4030.BMP,B-
/Users/a75027/Desktop/compsci 760/datasets/B-/cluster_3_4044.BMP,ok,0.8588187702265372,85.88187702265373,False,normal,96,103,8492,9888,B-/cluster_3_4044.BMP,B-
/Users/a75027/Desktop/compsci 760/datasets/B-/cluster_3_4045.BMP,ok,1.0,100.0,True,coverage_too_high,96,103,9888,9888,B-/cluster_3_4045.BMP,B-
/Users/a75027/Desktop/compsci 760/datasets/B-/cluster_3_406.BMP,ok,0.77417071197411,77.417071197411,False,normal,96,103,7655,9888,B-/cluster_3_406.BMP,B-
/Users/a75027/Desktop/compsci 760/datasets/B-/cluster_3_4062.BMP,ok,1.0,100.0,True,coverage_too_high,96,103,9888,9888,B-/cluster_3_4062.BMP,B-
/Users/a75027/Desktop/compsci 760/datasets/B-/cluster_3_4076.BMP,ok,0.8034991909385113,80.34991909385113,False,normal,96,103,7945,9888,B-/cluster_3_4076.BMP,B-
/Users/a75027/Desktop/compsci 760/datasets/B-/cluster_3_4086.BMP,ok,0.7740695792880259,77.40695792880258,False,normal,96,103,7654,9888,B-/cluster_3_4086.BMP,B-
/Users/a75027/Desktop/compsci 760/datasets/B-/cluster_3_4088.BMP,ok,0.821703074433657,82.1703074433657,False,normal,96,103,8125,9888,B-/cluster_3_4088.BMP,B-
/Users/a75027/Desktop/compsci 760/datasets/B-/cluster_3_41.BMP,ok,0.8135113268608414,81.35113268608414,False,normal,96,103,8044,9888,B-/cluster_3_41.BMP,B-
/Users/a75027/Desktop/compsci 760/datasets/B-/cluster_3_4101.BMP,ok,0.7980380258899676,79.80380258899676,False,normal,96,103,7891,9888,B-/cluster_3_4101.BMP,B-
/Users/a75027/Desktop/compsci 760/datasets/B-/cluster_3_4103.BMP,ok,0.7900485436893204,79.00485436893204,False,normal,96,103,7812,9888,B-/cluster_3_4103.BMP,B-
/Users/a75027/Desktop/compsci 760/datasets/B-/cluster_3_4117.BMP,ok,0.7765978964401294,77.65978964401295,False,normal,96,103,7679,9888,B-/cluster_3_4117.BMP,B-
/Users/a75027/Desktop/compsci 760/datasets/B-/cluster_3_412.BMP,ok,0.7839805825242718,78.39805825242718,False,normal,96,103,7752,9888,B-/cluster_3_412.BMP,B-
/Users/a75027/Desktop/compsci 760/datasets/B-/cluster_3_4121.BMP,ok,0.8199838187702265,81.99838187702265,False,normal,96,103,8108,9888,B-/cluster_3_4121.BMP,B-
/Users/a75027/Desktop/compsci 760/datasets/B-/cluster_3_4128.BMP,ok,0.8540655339805825,85.40655339805825,False,normal,96,103,8445,9888,B-/cluster_3_4128.BMP,B-
/Users/a75027/Desktop/compsci 760/datasets/B-/cluster_3_4141.BMP,ok,0.8556836569579288,85.56836569579288,False,normal,96,103,8461,9888,B-/cluster_3_4141.BMP,B-
/Users/a75027/Desktop/compsci 760/datasets/B-/cluster_3_4168.BMP,ok,0.7915655339805825,79.15655339805825,False,normal,96,103,7827,9888,B-/cluster_3_4168.BMP,B-
/Users/a75027/Desktop/compsci 760/datasets/B-/cluster_3_4173.BMP,ok,0.7119741100323624,71.19741100323624,False,normal,96,103,7040,9888,B-/cluster_3_4173.BMP,B-
/Users/a75027/Desktop/compsci 760/datasets/B-/cluster_3_4181.BMP,ok,0.8676173139158576,86.76173139158576,False,normal,96,103,8579,9888,B-/cluster_3_4181.BMP,B-
/Users/a75027/Desktop/compsci 760/datasets/B-/cluster_3_4185.BMP,ok,0.8290857605177994,82.90857605177993,False,normal,96,103,8198,9888,B-/cluster_3_4185.BMP,B-
/Users/a75027/Desktop/compsci 760/datasets/B-/cluster_3_4188.BMP,ok,0.8263551779935275,82.63551779935275,False,normal,96,103,8171,9888,B-/cluster_3_4188.BMP,B-
/Users/a75027/Desktop/compsci 760/datasets/B-/cluster_3_4195.BMP,ok,1.0,100.0,True,coverage_too_high,96,103,9888,9888,B-/cluster_3_4195.BMP,B-
/Users/a75027/Desktop/compsci 760/datasets/B-/cluster_3_4197.BMP,ok,0.7646642394822006,76.46642394822007,False,normal,96,103,7561,9888,B-/cluster_3_4197.BMP,B-
/Users/a75027/Desktop/compsci 760/datasets/B-/cluster_3_4205.BMP,ok,1.0,100.0,True,coverage_too_high,96,103,9888,9888,B-/cluster_3_4205.BMP,B-
/Users/a75027/Desktop/compsci 760/datasets/B-/cluster_3_4206.BMP,ok,1.0,100.0,True,coverage_too_high,96,103,9888,9888,B-/cluster_3_4206.BMP,B-
/Users/a75027/Desktop/compsci 760/datasets/B-/cluster_3_4208.BMP,ok,0.8099716828478964,80.99716828478964,False,normal,96,103,8009,9888,B-/cluster_3_4208.BMP,B-
/Users/a75027/Desktop/compsci 760/datasets/B-/cluster_3_4211.BMP,ok,1.0,100.0,True,coverage_too_high,96,103,9888,9888,B-/cluster_3_4211.BMP,B-
/Users/a75027/Desktop/compsci 760/datasets/B-/cluster_3_4214.BMP,ok,0.8093648867313916,80.93648867313917,False,normal,96,103,8003,9888,B-/cluster_3_4214.BMP,B-
/Users/a75027/Desktop/compsci 760/datasets/B-/cluster_3_4216.BMP,ok,0.8438511326860841,84.38511326860841,False,normal,96,103,8344,9888,B-/cluster_3_4216.BMP,B-
/Users/a75027/Desktop/compsci 760/datasets/B-/cluster_3_422.BMP,ok,0.8632686084142395,86.32686084142395,False,normal,96,103,8536,9888,B-/cluster_3_422.BMP,B-
/Users/a75027/Desktop/compsci 760/datasets/B-/cluster_3_4222.BMP,ok,0.8342435275080906,83.42435275080906,False,normal,96,103,8249,9888,B-/cluster_3_4222.BMP,B-
/Users/a75027/Desktop/compsci 760/datasets/B-/cluster_3_4224.BMP,ok,0.7776092233009708,77.76092233009709,False,normal,96,103,7689,9888,B-/cluster_3_4224.BMP,B-
/Users/a75027/Desktop/compsci 760/datasets/B-/cluster_3_4228.BMP,ok,0.7540453074433657,75.40453074433657,False,normal,96,103,7456,9888,B-/cluster_3_4228.BMP,B-
/Users/a75027/Desktop/compsci 760/datasets/B-/cluster_3_424.BMP,ok,0.832423139158576,83.24231391585761,False,normal,96,103,8231,9888,B-/cluster_3_424.BMP,B-
/Users/a75027/Desktop/compsci 760/datasets/B-/cluster_3_4241.BMP,ok,0.7974312297734628,79.74312297734627,False,normal,96,103,7885,9888,B-/cluster_3_4241.BMP,B-
/Users/a75027/Desktop/compsci 760/datasets/B-/cluster_3_4247.BMP,ok,0.7960153721682848,79.60153721682848,False,normal,96,103,7871,9888,B-/cluster_3_4247.BMP,B-
/Users/a75027/Desktop/compsci 760/datasets/B-/cluster_3_4252.BMP,ok,0.7943972491909385,79.43972491909385,False,normal,96,103,7855,9888,B-/cluster_3_4252.BMP,B-
/Users/a75027/Desktop/compsci 760/datasets/B-/cluster_3_426.BMP,ok,0.797532362459547,79.7532362459547,False,normal,96,103,7886,9888,B-/cluster_3_426.BMP,B-
/Users/a75027/Desktop/compsci 760/datasets/B-/cluster_3_4271.BMP,ok,0.8310072815533981,83.10072815533981,False,normal,96,103,8217,9888,B-/cluster_3_4271.BMP,B-
/Users/a75027/Desktop/compsci 760/datasets/B-/cluster_3_4279.BMP,ok,0.8491100323624595,84.91100323624595,False,normal,96,103,8396,9888,B-/cluster_3_4279.BMP,B-
/Users/a75027/Desktop/compsci 760/datasets/B-/cluster_3_4281.BMP,ok,0.791970064724919,79.1970064724919,False,normal,96,103,7831,9888,B-/cluster_3_4281.BMP,B-
/Users/a75027/Desktop/compsci 760/datasets/B-/cluster_3_4286.BMP,ok,1.0,100.0,True,coverage_too_high,96,103,9888,9888,B-/cluster_3_4286.BMP,B-
/Users/a75027/Desktop/compsci 760/datasets/B-/cluster_3_4290.BMP,ok,0.7687095469255664,76.87095469255664,False,normal,96,103,7601,9888,B-/cluster_3_4290.BMP,B-
/Users/a75027/Desktop/compsci 760/datasets/B-/cluster_3_43.BMP,ok,1.0,100.0,True,coverage_too_high,96,103,9888,9888,B-/cluster_3_43.BMP,B-
/Users/a75027/Desktop/compsci 760/datasets/B-/cluster_3_4300.BMP,ok,0.7786205501618123,77.86205501618123,False,normal,96,103,7699,9888,B-/cluster_3_4300.BMP,B-
/Users/a75027/Desktop/compsci 760/datasets/B-/cluster_3_4302.BMP,ok,0.8531553398058253,85.31553398058253,False,normal,96,103,8436,9888,B-/cluster_3_4302.BMP,B-
/Users/a75027/Desktop/compsci 760/datasets/B-/cluster_3_4303.BMP,ok,0.8044093851132686,80.44093851132686,False,normal,96,103,7954,9888,B-/cluster_3_4303.BMP,B-
/Users/a75027/Desktop/compsci 760/datasets/B-/cluster_3_4314.BMP,ok,0.7036812297734628,70.36812297734627,False,normal,96,103,6958,9888,B-/cluster_3_4314.BMP,B-
/Users/a75027/Desktop/compsci 760/datasets/B-/cluster_3_4315.BMP,ok,0.7622370550161812,76.22370550161813,False,normal,96,103,7537,9888,B-/cluster_3_4315.BMP,B-
/Users/a75027/Desktop/compsci 760/datasets/B-/cluster_3_4323.BMP,ok,0.8512338187702265,85.12338187702265,False,normal,96,103,8417,9888,B-/cluster_3_4323.BMP,B-
/Users/a75027/Desktop/compsci 760/datasets/B-/cluster_3_4327.BMP,ok,0.8549757281553398,85.49757281553399,False,normal,96,103,8454,9888,B-/cluster_3_4327.BMP,B-
/Users/a75027/Desktop/compsci 760/datasets/B-/cluster_3_4343.BMP,ok,0.8381877022653722,83.81877022653723,False,normal,96,103,8288,9888,B-/cluster_3_4343.BMP,B-
/Users/a75027/Desktop/compsci 760/datasets/B-/cluster_3_4354.BMP,ok,0.7907564724919094,79.07564724919094,False,normal,96,103,7819,9888,B-/cluster_3_4354.BMP,B-
/Users/a75027/Desktop/compsci 760/datasets/B-/cluster_3_4356.BMP,ok,0.8897653721682848,88.97653721682848,False,normal,96,103,8798,9888,B-/cluster_3_4356.BMP,B-
/Users/a75027/Desktop/compsci 760/datasets/B-/cluster_3_4357.BMP,ok,0.7647653721682848,76.47653721682848,False,normal,96,103,7562,9888,B-/cluster_3_4357.BMP,B-
/Users/a75027/Desktop/compsci 760/datasets/B-/cluster_3_4359.BMP,ok,0.779126213592233,77.9126213592233,False,normal,96,103,7704,9888,B-/cluster_3_4359.BMP,B-
/Users/a75027/Desktop/compsci 760/datasets/B-/cluster_3_4363.BMP,ok,0.8236245954692557,82.36245954692556,False,normal,96,103,8144,9888,B-/cluster_3_4363.BMP,B-
/Users/a75027/Desktop/compsci 760/datasets/B-/cluster_3_4387.BMP,ok,0.5067758899676376,50.67758899676376,False,normal,96,103,5011,9888,B-/cluster_3_4387.BMP,B-
/Users/a75027/Desktop/compsci 760/datasets/B-/cluster_3_439.BMP,ok,0.8474919093851133,84.74919093851133,False,normal,96,103,8380,9888,B-/cluster_3_439.BMP,B-
/Users/a75027/Desktop/compsci 760/datasets/B-/cluster_3_4418.BMP,ok,1.0,100.0,True,coverage_too_high,96,103,9888,9888,B-/cluster_3_4418.BMP,B-
/Users/a75027/Desktop/compsci 760/datasets/B-/cluster_3_4430.BMP,ok,0.8781351132686084,87.81351132686083,False,normal,96,103,8683,9888,B-/cluster_3_4430.BMP,B-
/Users/a75027/Desktop/compsci 760/datasets/B-/cluster_3_4433.BMP,ok,0.864279935275081,86.4279935275081,False,normal,96,103,8546,9888,B-/cluster_3_4433.BMP,B-
/Users/a75027/Desktop/compsci 760/datasets/B-/cluster_3_4443.BMP,ok,0.8189724919093851,81.89724919093851,False,normal,96,103,8098,9888,B-/cluster_3_4443.BMP,B-
/Users/a75027/Desktop/compsci 760/datasets/B-/cluster_3_4449.BMP,ok,0.8504247572815534,85.04247572815534,False,normal,96,103,8409,9888,B-/cluster_3_4449.BMP,B-
/Users/a75027/Desktop/compsci 760/datasets/B-/cluster_3_445.BMP,ok,0.8478964401294499,84.78964401294499,False,normal,96,103,8384,9888,B-/cluster_3_445.BMP,B-
/Users/a75027/Desktop/compsci 760/datasets/B-/cluster_3_4450.BMP,ok,0.7743729773462783,77.43729773462783,False,normal,96,103,7657,9888,B-/cluster_3_4450.BMP,B-
/Users/a75027/Desktop/compsci 760/datasets/B-/cluster_3_4456.BMP,ok,0.7848907766990292,78.48907766990291,False,normal,96,103,7761,9888,B-/cluster_3_4456.BMP,B-
/Users/a75027/Desktop/compsci 760/datasets/B-/cluster_3_4466.BMP,ok,0.8801577669902912,88.01577669902912,False,normal,96,103,8703,9888,B-/cluster_3_4466.BMP,B-
/Users/a75027/Desktop/compsci 760/datasets/B-/cluster_3_4472.BMP,ok,0.8756067961165048,87.56067961165049,False,normal,96,103,8658,9888,B-/cluster_3_4472.BMP,B-
/Users/a75027/Desktop/compsci 760/datasets/B-/cluster_3_4479.BMP,ok,0.8632686084142395,86.32686084142395,False,normal,96,103,8536,9888,B-/cluster_3_4479.BMP,B-
/Users/a75027/Desktop/compsci 760/datasets/B-/cluster_3_4483.BMP,ok,0.8666059870550162,86.66059870550163,False,normal,96,103,8569,9888,B-/cluster_3_4483.BMP,B-
/Users/a75027/Desktop/compsci 760/datasets/B-/cluster_3_4487.BMP,ok,0.8993729773462783,89.93729773462783,False,normal,96,103,8893,9888,B-/cluster_3_4487.BMP,B-
/Users/a75027/Desktop/compsci 760/datasets/B-/cluster_3_4489.BMP,ok,0.7901496763754046,79.01496763754045,False,normal,96,103,7813,9888,B-/cluster_3_4489.BMP,B-
/Users/a75027/Desktop/compsci 760/datasets/B-/cluster_3_4492.BMP,ok,0.8770226537216829,87.70226537216828,False,normal,96,103,8672,9888,B-/cluster_3_4492.BMP,B-
/Users/a75027/Desktop/compsci 760/datasets/B-/cluster_3_451.BMP,ok,0.8225121359223301,82.25121359223301,False,normal,96,103,8133,9888,B-/cluster_3_451.BMP,B-
/Users/a75027/Desktop/compsci 760/datasets/B-/cluster_3_4518.BMP,ok,0.8719660194174758,87.19660194174757,False,normal,96,103,8622,9888,B-/cluster_3_4518.BMP,B-
/Users/a75027/Desktop/compsci 760/datasets/B-/cluster_3_4541.BMP,ok,0.8378843042071198,83.78843042071198,False,normal,96,103,8285,9888,B-/cluster_3_4541.BMP,B-
/Users/a75027/Desktop/compsci 760/datasets/B-/cluster_3_4549.BMP,ok,0.7293689320388349,72.93689320388349,False,normal,96,103,7212,9888,B-/cluster_3_4549.BMP,B-
/Users/a75027/Desktop/compsci 760/datasets/B-/cluster_3_4568.BMP,ok,0.8336367313915858,83.36367313915858,False,normal,96,103,8243,9888,B-/cluster_3_4568.BMP,B-
/Users/a75027/Desktop/compsci 760/datasets/B-/cluster_3_457.BMP,ok,1.0,100.0,True,coverage_too_high,96,103,9888,9888,B-/cluster_3_457.BMP,B-
/Users/a75027/Desktop/compsci 760/datasets/B-/cluster_3_4584.BMP,ok,0.8787419093851133,87.87419093851133,False,normal,96,103,8689,9888,B-/cluster_3_4584.BMP,B-
/Users/a75027/Desktop/compsci 760/datasets/B-/cluster_3_4592.BMP,ok,0.8064320388349514,80.64320388349515,False,normal,96,103,7974,9888,B-/cluster_3_4592.BMP,B-
/Users/a75027/Desktop/compsci 760/datasets/B-/cluster_3_4596.BMP,ok,0.7892394822006472,78.92394822006472,False,normal,96,103,7804,9888,B-/cluster_3_4596.BMP,B-
/Users/a75027/Desktop/compsci 760/datasets/B-/cluster_3_46.BMP,ok,0.8940129449838188,89.40129449838187,False,normal,96,103,8840,9888,B-/cluster_3_46.BMP,B-
/Users/a75027/Desktop/compsci 760/datasets/B-/cluster_3_4604.BMP,ok,0.7681027508090615,76.81027508090615,False,normal,96,103,7595,9888,B-/cluster_3_4604.BMP,B-
/Users/a75027/Desktop/compsci 760/datasets/B-/cluster_3_4607.BMP,ok,0.8183656957928802,81.83656957928802,False,normal,96,103,8092,9888,B-/cluster_3_4607.BMP,B-
/Users/a75027/Desktop/compsci 760/datasets/B-/cluster_3_4613.BMP,ok,0.8649878640776699,86.49878640776699,False,normal,96,103,8553,9888,B-/cluster_3_4613.BMP,B-
/Users/a75027/Desktop/compsci 760/datasets/B-/cluster_3_4616.BMP,ok,0.8013754045307443,80.13754045307444,False,normal,96,103,7924,9888,B-/cluster_3_4616.BMP,B-
/Users/a75027/Desktop/compsci 760/datasets/B-/cluster_3_4632.BMP,ok,0.7082322006472492,70.82322006472492,False,normal,96,103,7003,9888,B-/cluster_3_4632.BMP,B-
/Users/a75027/Desktop/compsci 760/datasets/B-/cluster_3_4635.BMP,ok,0.8692354368932039,86.9235436893204,False,normal,96,103,8595,9888,B-/cluster_3_4635.BMP,B-
/Users/a75027/Desktop/compsci 760/datasets/B-/cluster_3_4637.BMP,ok,0.8662014563106796,86.62014563106796,False,normal,96,103,8565,9888,B-/cluster_3_4637.BMP,B-
/Users/a75027/Desktop/compsci 760/datasets/B-/cluster_3_4642.BMP,ok,0.7595064724919094,75.95064724919094,False,normal,96,103,7510,9888,B-/cluster_3_4642.BMP,B-
/Users/a75027/Desktop/compsci 760/datasets/B-/cluster_3_4647.BMP,ok,0.7214805825242718,72.14805825242718,False,normal,96,103,7134,9888,B-/cluster_3_4647.BMP,B-
/Users/a75027/Desktop/compsci 760/datasets/B-/cluster_3_465.BMP,ok,1.0,100.0,True,coverage_too_high,96,103,9888,9888,B-/cluster_3_465.BMP,B-
/Users/a75027/Desktop/compsci 760/datasets/B-/cluster_3_4655.BMP,ok,0.8649878640776699,86.49878640776699,False,normal,96,103,8553,9888,B-/cluster_3_4655.BMP,B-
/Users/a75027/Desktop/compsci 760/datasets/B-/cluster_3_4667.BMP,ok,0.7636529126213593,76.36529126213593,False,normal,96,103,7551,9888,B-/cluster_3_4667.BMP,B-
/Users/a75027/Desktop/compsci 760/datasets/B-/cluster_3_4670.BMP,ok,0.817455501618123,81.7455501618123,False,normal,96,103,8083,9888,B-/cluster_3_4670.BMP,B-
/Users/a75027/Desktop/compsci 760/datasets/B-/cluster_3_4673.BMP,ok,0.6911407766990292,69.11407766990291,False,normal,96,103,6834,9888,B-/cluster_3_4673.BMP,B-
/Users/a75027/Desktop/compsci 760/datasets/B-/cluster_3_4703.BMP,ok,0.8203883495145631,82.03883495145631,False,normal,96,103,8112,9888,B-/cluster_3_4703.BMP,B-
/Users/a75027/Desktop/compsci 760/datasets/B-/cluster_3_4712.BMP,ok,0.8941140776699029,89.4114077669903,False,normal,96,103,8841,9888,B-/cluster_3_4712.BMP,B-
/Users/a75027/Desktop/compsci 760/datasets/B-/cluster_3_4734.BMP,ok,0.8646844660194175,86.46844660194175,False,normal,96,103,8550,9888,B-/cluster_3_4734.BMP,B-
/Users/a75027/Desktop/compsci 760/datasets/B-/cluster_3_4740.BMP,ok,0.8989684466019418,89.89684466019418,False,normal,96,103,8889,9888,B-/cluster_3_4740.BMP,B-
/Users/a75027/Desktop/compsci 760/datasets/B-/cluster_3_4741.BMP,ok,0.8339401294498382,83.39401294498381,False,normal,96,103,8246,9888,B-/cluster_3_4741.BMP,B-
/Users/a75027/Desktop/compsci 760/datasets/B-/cluster_3_475.BMP,ok,0.7352346278317152,73.52346278317152,False,normal,96,103,7270,9888,B-/cluster_3_475.BMP,B-
/Users/a75027/Desktop/compsci 760/datasets/B-/cluster_3_4751.BMP,ok,1.0,100.0,True,coverage_too_high,96,103,9888,9888,B-/cluster_3_4751.BMP,B-
/Users/a75027/Desktop/compsci 760/datasets/B-/cluster_3_4754.BMP,ok,0.5633090614886731,56.330906148867314,False,normal,96,103,5570,9888,B-/cluster_3_4754.BMP,B-
/Users/a75027/Desktop/compsci 760/datasets/B-/cluster_3_476.BMP,ok,0.8491100323624595,84.91100323624595,False,normal,96,103,8396,9888,B-/cluster_3_476.BMP,B-
/Users/a75027/Desktop/compsci 760/datasets/B-/cluster_3_4763.BMP,ok,0.8062297734627831,80.62297734627832,False,normal,96,103,7972,9888,B-/cluster_3_4763.BMP,B-
/Users/a75027/Desktop/compsci 760/datasets/B-/cluster_3_4767.BMP,ok,0.8122977346278317,81.22977346278317,False,normal,96,103,8032,9888,B-/cluster_3_4767.BMP,B-
/Users/a75027/Desktop/compsci 760/datasets/B-/cluster_3_4770.BMP,ok,0.8049150485436893,80.49150485436894,False,normal,96,103,7959,9888,B-/cluster_3_4770.BMP,B-
/Users/a75027/Desktop/compsci 760/datasets/B-/cluster_3_4773.BMP,ok,0.6775889967637541,67.7588996763754,False,normal,96,103,6700,9888,B-/cluster_3_4773.BMP,B-
/Users/a75027/Desktop/compsci 760/datasets/B-/cluster_3_4774.BMP,ok,0.7644619741100324,76.44619741100324,False,normal,96,103,7559,9888,B-/cluster_3_4774.BMP,B-
/Users/a75027/Desktop/compsci 760/datasets/B-/cluster_3_479.BMP,ok,0.8107807443365695,81.07807443365695,False,normal,96,103,8017,9888,B-/cluster_3_479.BMP,B-
/Users/a75027/Desktop/compsci 760/datasets/B-/cluster_3_4798.BMP,ok,0.8067354368932039,80.6735436893204,False,normal,96,103,7977,9888,B-/cluster_3_4798.BMP,B-
/Users/a75027/Desktop/compsci 760/datasets/B-/cluster_3_4799.BMP,ok,1.0,100.0,True,coverage_too_high,96,103,9888,9888,B-/cluster_3_4799.BMP,B-
/Users/a75027/Desktop/compsci 760/datasets/B-/cluster_3_4814.BMP,ok,0.8883495145631068,88.83495145631069,False,normal,96,103,8784,9888,B-/cluster_3_4814.BMP,B-
/Users/a75027/Desktop/compsci 760/datasets/B-/cluster_3_4824.BMP,ok,0.8655946601941747,86.55946601941747,False,normal,96,103,8559,9888,B-/cluster_3_4824.BMP,B-
/Users/a75027/Desktop/compsci 760/datasets/B-/cluster_3_4830.BMP,ok,0.7509101941747572,75.09101941747572,False,normal,96,103,7425,9888,B-/cluster_3_4830.BMP,B-
/Users/a75027/Desktop/compsci 760/datasets/B-/cluster_3_4849.BMP,ok,0.7895428802588996,78.95428802588997,False,normal,96,103,7807,9888,B-/cluster_3_4849.BMP,B-
/Users/a75027/Desktop/compsci 760/datasets/B-/cluster_3_4857.BMP,ok,0.8270631067961165,82.70631067961165,False,normal,96,103,8178,9888,B-/cluster_3_4857.BMP,B-
/Users/a75027/Desktop/compsci 760/datasets/B-/cluster_3_4868.BMP,ok,0.803296925566343,80.3296925566343,False,normal,96,103,7943,9888,B-/cluster_3_4868.BMP,B-
/Users/a75027/Desktop/compsci 760/datasets/B-/cluster_3_4869.BMP,ok,0.8478964401294499,84.78964401294499,False,normal,96,103,8384,9888,B-/cluster_3_4869.BMP,B-
/Users/a75027/Desktop/compsci 760/datasets/B-/cluster_3_4872.BMP,ok,0.7916666666666666,79.16666666666666,False,normal,96,103,7828,9888,B-/cluster_3_4872.BMP,B-
/Users/a75027/Desktop/compsci 760/datasets/B-/cluster_3_4877.BMP,ok,0.8265574433656958,82.65574433656958,False,normal,96,103,8173,9888,B-/cluster_3_4877.BMP,B-
/Users/a75027/Desktop/compsci 760/datasets/B-/cluster_3_488.BMP,ok,0.8021844660194175,80.21844660194175,False,normal,96,103,7932,9888,B-/cluster_3_488.BMP,B-
/Users/a75027/Desktop/compsci 760/datasets/B-/cluster_3_4885.BMP,ok,0.8268608414239482,82.68608414239482,False,normal,96,103,8176,9888,B-/cluster_3_4885.BMP,B-
/Users/a75027/Desktop/compsci 760/datasets/B-/cluster_3_4891.BMP,ok,1.0,100.0,True,coverage_too_high,96,103,9888,9888,B-/cluster_3_4891.BMP,B-
/Users/a75027/Desktop/compsci 760/datasets/B-/cluster_3_4898.BMP,ok,0.780542071197411,78.05420711974111,False,normal,96,103,7718,9888,B-/cluster_3_4898.BMP,B-
/Users/a75027/Desktop/compsci 760/datasets/B-/cluster_3_4912.BMP,ok,0.8131067961165048,81.31067961165049,False,normal,96,103,8040,9888,B-/cluster_3_4912.BMP,B-
/Users/a75027/Desktop/compsci 760/datasets/B-/cluster_3_4916.BMP,ok,0.5006067961165048,50.060679611650485,False,normal,96,103,4950,9888,B-/cluster_3_4916.BMP,B-
/Users/a75027/Desktop/compsci 760/datasets/B-/cluster_3_4926.BMP,ok,0.7775080906148867,77.75080906148867,False,normal,96,103,7688,9888,B-/cluster_3_4926.BMP,B-
/Users/a75027/Desktop/compsci 760/datasets/B-/cluster_3_4933.BMP,ok,1.0,100.0,True,coverage_too_high,96,103,9888,9888,B-/cluster_3_4933.BMP,B-
/Users/a75027/Desktop/compsci 760/datasets/B-/cluster_3_4938.BMP,ok,0.8819781553398058,88.19781553398059,False,normal,96,103,8721,9888,B-/cluster_3_4938.BMP,B-
/Users/a75027/Desktop/compsci 760/datasets/B-/cluster_3_4948.BMP,ok,0.8196804207119741,81.96804207119742,False,normal,96,103,8105,9888,B-/cluster_3_4948.BMP,B-
/Users/a75027/Desktop/compsci 760/datasets/B-/cluster_3_4953.BMP,ok,0.7804409385113269,78.04409385113269,False,normal,96,103,7717,9888,B-/cluster_3_4953.BMP,B-
/Users/a75027/Desktop/compsci 760/datasets/B-/cluster_3_4955.BMP,ok,1.0,100.0,True,coverage_too_high,96,103,9888,9888,B-/cluster_3_4955.BMP,B-
/Users/a75027/Desktop/compsci 760/datasets/B-/cluster_3_496.BMP,ok,0.7449433656957929,74.49433656957929,False,normal,96,103,7366,9888,B-/cluster_3_496.BMP,B-
/Users/a75027/Desktop/compsci 760/datasets/B-/cluster_3_4966.BMP,ok,0.6347294550112785,63.47294550112785,False,normal,241,298,45585,71818,B-/cluster_3_4966.BMP,B-
/Users/a75027/Desktop/compsci 760/datasets/B-/cluster_3_4968.BMP,ok,1.0,100.0,True,coverage_too_high,96,103,9888,9888,B-/cluster_3_4968.BMP,B-
/Users/a75027/Desktop/compsci 760/datasets/B-/cluster_3_4971.BMP,ok,0.7906553398058253,79.06553398058253,False,normal,96,103,7818,9888,B-/cluster_3_4971.BMP,B-
/Users/a75027/Desktop/compsci 760/datasets/B-/cluster_3_4994.BMP,ok,0.8531553398058253,85.31553398058253,False,normal,96,103,8436,9888,B-/cluster_3_4994.BMP,B-
/Users/a75027/Desktop/compsci 760/datasets/B-/cluster_3_50.BMP,ok,0.8340412621359223,83.40412621359224,False,normal,96,103,8247,9888,B-/cluster_3_50.BMP,B-
/Users/a75027/Desktop/compsci 760/datasets/B-/cluster_3_5010.BMP,ok,0.8156351132686084,81.56351132686083,False,normal,96,103,8065,9888,B-/cluster_3_5010.BMP,B-
/Users/a75027/Desktop/compsci 760/datasets/B-/cluster_3_5013.BMP,ok,0.8584142394822006,85.84142394822007,False,normal,96,103,8488,9888,B-/cluster_3_5013.BMP,B-
/Users/a75027/Desktop/compsci 760/datasets/B-/cluster_3_5018.BMP,ok,0.8179611650485437,81.79611650485437,False,normal,96,103,8088,9888,B-/cluster_3_5018.BMP,B-
/Users/a75027/Desktop/compsci 760/datasets/B-/cluster_3_5035.BMP,ok,0.8308050161812298,83.08050161812298,False,normal,96,103,8215,9888,B-/cluster_3_5035.BMP,B-
/Users/a75027/Desktop/compsci 760/datasets/B-/cluster_3_5050.BMP,ok,0.7909587378640777,79.09587378640776,False,normal,96,103,7821,9888,B-/cluster_3_5050.BMP,B-
/Users/a75027/Desktop/compsci 760/datasets/B-/cluster_3_5053.BMP,ok,0.8877427184466019,88.77427184466019,False,normal,96,103,8778,9888,B-/cluster_3_5053.BMP,B-
/Users/a75027/Desktop/compsci 760/datasets/B-/cluster_3_5054.BMP,ok,0.7609223300970874,76.09223300970875,False,normal,96,103,7524,9888,B-/cluster_3_5054.BMP,B-
/Users/a75027/Desktop/compsci 760/datasets/B-/cluster_3_5066.BMP,ok,0.8462783171521036,84.62783171521036,False,normal,96,103,8368,9888,B-/cluster_3_5066.BMP,B-
/Users/a75027/Desktop/compsci 760/datasets/B-/cluster_3_5077.BMP,ok,0.745752427184466,74.5752427184466,False,normal,96,103,7374,9888,B-/cluster_3_5077.BMP,B-
/Users/a75027/Desktop/compsci 760/datasets/B-/cluster_3_5100.BMP,ok,0.6883090614886731,68.83090614886731,False,normal,96,103,6806,9888,B-/cluster_3_5100.BMP,B-
/Users/a75027/Desktop/compsci 760/datasets/B-/cluster_3_5101.BMP,ok,0.7245145631067961,72.4514563106796,False,normal,96,103,7164,9888,B-/cluster_3_5101.BMP,B-
/Users/a75027/Desktop/compsci 760/datasets/B-/cluster_3_5114.BMP,ok,0.7399878640776699,73.99878640776699,False,normal,96,103,7317,9888,B-/cluster_3_5114.BMP,B-
/Users/a75027/Desktop/compsci 760/datasets/B-/cluster_3_5116.BMP,ok,0.767799352750809,76.7799352750809,False,normal,96,103,7592,9888,B-/cluster_3_5116.BMP,B-
/Users/a75027/Desktop/compsci 760/datasets/B-/cluster_3_5129.BMP,ok,0.8239279935275081,82.39279935275081,False,normal,96,103,8147,9888,B-/cluster_3_5129.BMP,B-
/Users/a75027/Desktop/compsci 760/datasets/B-/cluster_3_5130.BMP,ok,0.852245145631068,85.2245145631068,False,normal,96,103,8427,9888,B-/cluster_3_5130.BMP,B-
/Users/a75027/Desktop/compsci 760/datasets/B-/cluster_3_5135.BMP,ok,0.8613470873786407,86.13470873786407,False,normal,96,103,8517,9888,B-/cluster_3_5135.BMP,B-
/Users/a75027/Desktop/compsci 760/datasets/B-/cluster_3_514.BMP,ok,1.0,100.0,True,coverage_too_high,96,103,9888,9888,B-/cluster_3_514.BMP,B-
/Users/a75027/Desktop/compsci 760/datasets/B-/cluster_3_5142.BMP,ok,1.0,100.0,True,coverage_too_high,96,103,9888,9888,B-/cluster_3_5142.BMP,B-
/Users/a75027/Desktop/compsci 760/datasets/B-/cluster_3_5144.BMP,ok,0.8078478964401294,80.78478964401295,False,normal,96,103,7988,9888,B-/cluster_3_5144.BMP,B-
/Users/a75027/Desktop/compsci 760/datasets/B-/cluster_3_5146.BMP,ok,1.0,100.0,True,coverage_too_high,96,103,9888,9888,B-/cluster_3_5146.BMP,B-
/Users/a75027/Desktop/compsci 760/datasets/B-/cluster_3_5148.BMP,ok,0.8779328478964401,87.793284789644,False,normal,96,103,8681,9888,B-/cluster_3_5148.BMP,B-
/Users/a75027/Desktop/compsci 760/datasets/B-/cluster_3_5149.BMP,ok,0.6849716828478964,68.49716828478964,False,normal,96,103,6773,9888,B-/cluster_3_5149.BMP,B-
/Users/a75027/Desktop/compsci 760/datasets/B-/cluster_3_5155.BMP,ok,1.0,100.0,True,coverage_too_high,96,103,9888,9888,B-/cluster_3_5155.BMP,B-
/Users/a75027/Desktop/compsci 760/datasets/B-/cluster_3_5161.BMP,ok,0.7788228155339806,77.88228155339806,False,normal,96,103,7701,9888,B-/cluster_3_5161.BMP,B-
/Users/a75027/Desktop/compsci 760/datasets/B-/cluster_3_5163.BMP,ok,1.0,100.0,True,coverage_too_high,96,103,9888,9888,B-/cluster_3_5163.BMP,B-
/Users/a75027/Desktop/compsci 760/datasets/B-/cluster_3_5164.BMP,ok,0.8939118122977346,89.39118122977347,False,normal,96,103,8839,9888,B-/cluster_3_5164.BMP,B-
/Users/a75027/Desktop/compsci 760/datasets/B-/cluster_3_5165.BMP,ok,0.8702467637540453,87.02467637540452,False,normal,96,103,8605,9888,B-/cluster_3_5165.BMP,B-
/Users/a75027/Desktop/compsci 760/datasets/B-/cluster_3_517.BMP,ok,0.6600930420711975,66.00930420711974,False,normal,96,103,6527,9888,B-/cluster_3_517.BMP,B-
/Users/a75027/Desktop/compsci 760/datasets/B-/cluster_3_5194.BMP,ok,0.8308050161812298,83.08050161812298,False,normal,96,103,8215,9888,B-/cluster_3_5194.BMP,B-
/Users/a75027/Desktop/compsci 760/datasets/B-/cluster_3_52.BMP,ok,0.7405946601941747,74.05946601941747,False,normal,96,103,7323,9888,B-/cluster_3_52.BMP,B-
/Users/a75027/Desktop/compsci 760/datasets/B-/cluster_3_5202.BMP,ok,0.8170509708737864,81.70509708737865,False,normal,96,103,8079,9888,B-/cluster_3_5202.BMP,B-
/Users/a75027/Desktop/compsci 760/datasets/B-/cluster_3_5208.BMP,ok,0.8177588996763754,81.77588996763754,False,normal,96,103,8086,9888,B-/cluster_3_5208.BMP,B-
/Users/a75027/Desktop/compsci 760/datasets/B-/cluster_3_5210.BMP,ok,1.0,100.0,True,coverage_too_high,96,103,9888,9888,B-/cluster_3_5210.BMP,B-
/Users/a75027/Desktop/compsci 760/datasets/B-/cluster_3_5211.BMP,ok,1.0,100.0,True,coverage_too_high,96,103,9888,9888,B-/cluster_3_5211.BMP,B-
/Users/a75027/Desktop/compsci 760/datasets/B-/cluster_3_5217.BMP,ok,0.7394822006472492,73.94822006472492,False,normal,96,103,7312,9888,B-/cluster_3_5217.BMP,B-
/Users/a75027/Desktop/compsci 760/datasets/B-/cluster_3_523.BMP,ok,0.8734830097087378,87.34830097087378,False,normal,96,103,8637,9888,B-/cluster_3_523.BMP,B-
/Users/a75027/Desktop/compsci 760/datasets/B-/cluster_3_5232.BMP,ok,0.8359627831715211,83.59627831715211,False,normal,96,103,8266,9888,B-/cluster_3_5232.BMP,B-
/Users/a75027/Desktop/compsci 760/datasets/B-/cluster_3_5233.BMP,ok,0.6559466019417476,65.59466019417476,False,normal,96,103,6486,9888,B-/cluster_3_5233.BMP,B-
/Users/a75027/Desktop/compsci 760/datasets/B-/cluster_3_5239.BMP,ok,1.0,100.0,True,coverage_too_high,96,103,9888,9888,B-/cluster_3_5239.BMP,B-
/Users/a75027/Desktop/compsci 760/datasets/B-/cluster_3_5247.BMP,ok,1.0,100.0,True,coverage_too_high,96,103,9888,9888,B-/cluster_3_5247.BMP,B-
/Users/a75027/Desktop/compsci 760/datasets/B-/cluster_3_525.BMP,ok,0.7910598705501618,79.10598705501619,False,normal,96,103,7822,9888,B-/cluster_3_525.BMP,B-
/Users/a75027/Desktop/compsci 760/datasets/B-/cluster_3_5258.BMP,ok,0.8113875404530745,81.13875404530745,False,normal,96,103,8023,9888,B-/cluster_3_5258.BMP,B-
/Users/a75027/Desktop/compsci 760/datasets/B-/cluster_3_5272.BMP,ok,0.8526496763754046,85.26496763754045,False,normal,96,103,8431,9888,B-/cluster_3_5272.BMP,B-
/Users/a75027/Desktop/compsci 760/datasets/B-/cluster_3_5282.BMP,ok,0.7837783171521036,78.37783171521036,False,normal,96,103,7750,9888,B-/cluster_3_5282.BMP,B-
/Users/a75027/Desktop/compsci 760/datasets/B-/cluster_3_5285.BMP,ok,0.8179611650485437,81.79611650485437,False,normal,96,103,8088,9888,B-/cluster_3_5285.BMP,B-
/Users/a75027/Desktop/compsci 760/datasets/B-/cluster_3_5289.BMP,ok,0.8405137540453075,84.05137540453075,False,normal,96,103,8311,9888,B-/cluster_3_5289.BMP,B-
/Users/a75027/Desktop/compsci 760/datasets/B-/cluster_3_5308.BMP,ok,0.8199838187702265,81.99838187702265,False,normal,96,103,8108,9888,B-/cluster_3_5308.BMP,B-
/Users/a75027/Desktop/compsci 760/datasets/B-/cluster_3_531.BMP,ok,1.0,100.0,True,coverage_too_high,96,103,9888,9888,B-/cluster_3_531.BMP,B-
/Users/a75027/Desktop/compsci 760/datasets/B-/cluster_3_5314.BMP,ok,0.8076456310679612,80.76456310679612,False,normal,96,103,7986,9888,B-/cluster_3_5314.BMP,B-
/Users/a75027/Desktop/compsci 760/datasets/B-/cluster_3_533.BMP,ok,0.8485032362459547,84.85032362459548,False,normal,96,103,8390,9888,B-/cluster_3_533.BMP,B-
/Users/a75027/Desktop/compsci 760/datasets/B-/cluster_3_5336.BMP,ok,0.8826860841423948,88.26860841423948,False,normal,96,103,8728,9888,B-/cluster_3_5336.BMP,B-
/Users/a75027/Desktop/compsci 760/datasets/B-/cluster_3_5340.BMP,ok,1.0,100.0,True,coverage_too_high,96,103,9888,9888,B-/cluster_3_5340.BMP,B-
/Users/a75027/Desktop/compsci 760/datasets/B-/cluster_3_5341.BMP,ok,0.7892394822006472,78.92394822006472,False,normal,96,103,7804,9888,B-/cluster_3_5341.BMP,B-
/Users/a75027/Desktop/compsci 760/datasets/B-/cluster_3_5342.BMP,ok,0.7921723300970874,79.21723300970875,False,normal,96,103,7833,9888,B-/cluster_3_5342.BMP,B-
/Users/a75027/Desktop/compsci 760/datasets/B-/cluster_3_5367.BMP,ok,1.0,100.0,True,coverage_too_high,96,103,9888,9888,B-/cluster_3_5367.BMP,B-
/Users/a75027/Desktop/compsci 760/datasets/B-/cluster_3_5370.BMP,ok,0.8251415857605178,82.51415857605178,False,normal,96,103,8159,9888,B-/cluster_3_5370.BMP,B-
/Users/a75027/Desktop/compsci 760/datasets/B-/cluster_3_5384.BMP,ok,0.8469862459546925,84.69862459546925,False,normal,96,103,8375,9888,B-/cluster_3_5384.BMP,B-
/Users/a75027/Desktop/compsci 760/datasets/B-/cluster_3_5386.BMP,ok,0.598705501618123,59.8705501618123,False,normal,96,103,5920,9888,B-/cluster_3_5386.BMP,B-
/Users/a75027/Desktop/compsci 760/datasets/B-/cluster_3_5406.BMP,ok,0.7545509708737864,75.45509708737865,False,normal,96,103,7461,9888,B-/cluster_3_5406.BMP,B-
/Users/a75027/Desktop/compsci 760/datasets/B-/cluster_3_5414.BMP,ok,0.8990695792880259,89.90695792880258,False,normal,96,103,8890,9888,B-/cluster_3_5414.BMP,B-
/Users/a75027/Desktop/compsci 760/datasets/B-/cluster_3_5416.BMP,ok,1.0,100.0,True,coverage_too_high,96,103,9888,9888,B-/cluster_3_5416.BMP,B-
/Users/a75027/Desktop/compsci 760/datasets/B-/cluster_3_5421.BMP,ok,0.7981391585760518,79.81391585760518,False,normal,96,103,7892,9888,B-/cluster_3_5421.BMP,B-
/Users/a75027/Desktop/compsci 760/datasets/B-/cluster_3_5424.BMP,ok,0.8823826860841424,88.23826860841424,False,normal,96,103,8725,9888,B-/cluster_3_5424.BMP,B-
/Users/a75027/Desktop/compsci 760/datasets/B-/cluster_3_5431.BMP,ok,0.8442556634304207,84.42556634304206,False,normal,96,103,8348,9888,B-/cluster_3_5431.BMP,B-
/Users/a75027/Desktop/compsci 760/datasets/B-/cluster_3_5435.BMP,ok,1.0,100.0,True,coverage_too_high,96,103,9888,9888,B-/cluster_3_5435.BMP,B-
/Users/a75027/Desktop/compsci 760/datasets/B-/cluster_3_5450.BMP,ok,0.8548745954692557,85.48745954692556,False,normal,96,103,8453,9888,B-/cluster_3_5450.BMP,B-
/Users/a75027/Desktop/compsci 760/datasets/B-/cluster_3_5453.BMP,ok,0.8546723300970874,85.46723300970875,False,normal,96,103,8451,9888,B-/cluster_3_5453.BMP,B-
/Users/a75027/Desktop/compsci 760/datasets/B-/cluster_3_5468.BMP,ok,0.6953883495145631,69.53883495145631,False,normal,96,103,6876,9888,B-/cluster_3_5468.BMP,B-
/Users/a75027/Desktop/compsci 760/datasets/B-/cluster_3_5473.BMP,ok,1.0,100.0,True,coverage_too_high,96,103,9888,9888,B-/cluster_3_5473.BMP,B-
/Users/a75027/Desktop/compsci 760/datasets/B-/cluster_3_5479.BMP,ok,1.0,100.0,True,coverage_too_high,96,103,9888,9888,B-/cluster_3_5479.BMP,B-
/Users/a75027/Desktop/compsci 760/datasets/B-/cluster_3_5498.BMP,ok,0.6473503236245954,64.73503236245955,False,normal,96,103,6401,9888,B-/cluster_3_5498.BMP,B-
/Users/a75027/Desktop/compsci 760/datasets/B-/cluster_3_5515.BMP,ok,0.5713996763754046,57.13996763754046,False,normal,96,103,5650,9888,B-/cluster_3_5515.BMP,B-
/Users/a75027/Desktop/compsci 760/datasets/B-/cluster_3_5518.BMP,ok,0.698826860841424,69.88268608414239,False,normal,96,103,6910,9888,B-/cluster_3_5518.BMP,B-
/Users/a75027/Desktop/compsci 760/datasets/B-/cluster_3_5527.BMP,ok,1.0,100.0,True,coverage_too_high,96,103,9888,9888,B-/cluster_3_5527.BMP,B-
/Users/a75027/Desktop/compsci 760/datasets/B-/cluster_3_5538.BMP,ok,0.8755056634304207,87.55056634304206,False,normal,96,103,8657,9888,B-/cluster_3_5538.BMP,B-
/Users/a75027/Desktop/compsci 760/datasets/B-/cluster_3_5541.BMP,ok,1.0,100.0,True,coverage_too_high,96,103,9888,9888,B-/cluster_3_5541.BMP,B-
/Users/a75027/Desktop/compsci 760/datasets/B-/cluster_3_5553.BMP,ok,0.8049150485436893,80.49150485436894,False,normal,96,103,7959,9888,B-/cluster_3_5553.BMP,B-
/Users/a75027/Desktop/compsci 760/datasets/B-/cluster_3_5554.BMP,ok,0.8111852750809061,81.11852750809061,False,normal,96,103,8021,9888,B-/cluster_3_5554.BMP,B-
/Users/a75027/Desktop/compsci 760/datasets/B-/cluster_3_5571.BMP,ok,0.8314118122977346,83.14118122977347,False,normal,96,103,8221,9888,B-/cluster_3_5571.BMP,B-
/Users/a75027/Desktop/compsci 760/datasets/B-/cluster_3_5576.BMP,ok,0.7557645631067961,75.5764563106796,False,normal,96,103,7473,9888,B-/cluster_3_5576.BMP,B-
/Users/a75027/Desktop/compsci 760/datasets/B-/cluster_3_5578.BMP,ok,0.7892394822006472,78.92394822006472,False,normal,96,103,7804,9888,B-/cluster_3_5578.BMP,B-
/Users/a75027/Desktop/compsci 760/datasets/B-/cluster_3_5592.BMP,ok,1.0,100.0,True,coverage_too_high,96,103,9888,9888,B-/cluster_3_5592.BMP,B-
/Users/a75027/Desktop/compsci 760/datasets/B-/cluster_3_5612.BMP,ok,1.0,100.0,True,coverage_too_high,96,103,9888,9888,B-/cluster_3_5612.BMP,B-
/Users/a75027/Desktop/compsci 760/datasets/B-/cluster_3_5619.BMP,ok,0.8120954692556634,81.20954692556634,False,normal,96,103,8030,9888,B-/cluster_3_5619.BMP,B-
/Users/a75027/Desktop/compsci 760/datasets/B-/cluster_3_5623.BMP,ok,0.7945995145631068,79.45995145631069,False,normal,96,103,7857,9888,B-/cluster_3_5623.BMP,B-
/Users/a75027/Desktop/compsci 760/datasets/B-/cluster_3_5626.BMP,ok,0.8063309061488673,80.63309061488673,False,normal,96,103,7973,9888,B-/cluster_3_5626.BMP,B-
/Users/a75027/Desktop/compsci 760/datasets/B-/cluster_3_5629.BMP,ok,0.8604368932038835,86.04368932038835,False,normal,96,103,8508,9888,B-/cluster_3_5629.BMP,B-
/Users/a75027/Desktop/compsci 760/datasets/B-/cluster_3_5638.BMP,ok,0.8377831715210357,83.77831715210357,False,normal,96,103,8284,9888,B-/cluster_3_5638.BMP,B-
/Users/a75027/Desktop/compsci 760/datasets/B-/cluster_3_5644.BMP,ok,0.8714603559870551,87.14603559870551,False,normal,96,103,8617,9888,B-/cluster_3_5644.BMP,B-
/Users/a75027/Desktop/compsci 760/datasets/B-/cluster_3_5646.BMP,ok,1.0,100.0,True,coverage_too_high,96,103,9888,9888,B-/cluster_3_5646.BMP,B-
/Users/a75027/Desktop/compsci 760/datasets/B-/cluster_3_5649.BMP,ok,0.8425364077669902,84.25364077669903,False,normal,96,103,8331,9888,B-/cluster_3_5649.BMP,B-
/Users/a75027/Desktop/compsci 760/datasets/B-/cluster_3_5650.BMP,ok,0.7802386731391586,78.02386731391586,False,normal,96,103,7715,9888,B-/cluster_3_5650.BMP,B-
/Users/a75027/Desktop/compsci 760/datasets/B-/cluster_3_5661.BMP,ok,0.821703074433657,82.1703074433657,False,normal,96,103,8125,9888,B-/cluster_3_5661.BMP,B-
/Users/a75027/Desktop/compsci 760/datasets/B-/cluster_3_5671.BMP,ok,1.0,100.0,True,coverage_too_high,96,103,9888,9888,B-/cluster_3_5671.BMP,B-
/Users/a75027/Desktop/compsci 760/datasets/B-/cluster_3_5677.BMP,ok,0.7985436893203883,79.85436893203884,False,normal,96,103,7896,9888,B-/cluster_3_5677.BMP,B-
/Users/a75027/Desktop/compsci 760/datasets/B-/cluster_3_5690.BMP,ok,0.8470873786407767,84.70873786407766,False,normal,96,103,8376,9888,B-/cluster_3_5690.BMP,B-
/Users/a75027/Desktop/compsci 760/datasets/B-/cluster_3_5706.BMP,ok,0.8246359223300971,82.4635922330097,False,normal,96,103,8154,9888,B-/cluster_3_5706.BMP,B-
/Users/a75027/Desktop/compsci 760/datasets/B-/cluster_3_5717.BMP,ok,0.8607402912621359,86.07402912621359,False,normal,96,103,8511,9888,B-/cluster_3_5717.BMP,B-
/Users/a75027/Desktop/compsci 760/datasets/B-/cluster_3_572.BMP,ok,0.7823624595469255,78.23624595469255,False,normal,96,103,7736,9888,B-/cluster_3_572.BMP,B-
/Users/a75027/Desktop/compsci 760/datasets/B-/cluster_3_5723.BMP,ok,0.8788430420711975,87.88430420711974,False,normal,96,103,8690,9888,B-/cluster_3_5723.BMP,B-
/Users/a75027/Desktop/compsci 760/datasets/B-/cluster_3_5728.BMP,ok,0.801173139158576,80.11731391585761,False,normal,96,103,7922,9888,B-/cluster_3_5728.BMP,B-
/Users/a75027/Desktop/compsci 760/datasets/B-/cluster_3_5736.BMP,ok,0.799656148867314,79.9656148867314,False,normal,96,103,7907,9888,B-/cluster_3_5736.BMP,B-
/Users/a75027/Desktop/compsci 760/datasets/B-/cluster_3_5747.BMP,ok,0.8917880258899676,89.17880258899676,False,normal,96,103,8818,9888,B-/cluster_3_5747.BMP,B-
/Users/a75027/Desktop/compsci 760/datasets/B-/cluster_3_5752.BMP,ok,0.82959142394822,82.95914239482201,False,normal,96,103,8203,9888,B-/cluster_3_5752.BMP,B-
/Users/a75027/Desktop/compsci 760/datasets/B-/cluster_3_5763.BMP,ok,0.7495954692556634,74.95954692556634,False,normal,96,103,7412,9888,B-/cluster_3_5763.BMP,B-
/Users/a75027/Desktop/compsci 760/datasets/B-/cluster_3_5765.BMP,ok,0.6655542071197411,66.55542071197411,False,normal,96,103,6581,9888,B-/cluster_3_5765.BMP,B-
/Users/a75027/Desktop/compsci 760/datasets/B-/cluster_3_5767.BMP,ok,0.8633697411003236,86.33697411003236,False,normal,96,103,8537,9888,B-/cluster_3_5767.BMP,B-
/Users/a75027/Desktop/compsci 760/datasets/B-/cluster_3_5769.BMP,ok,1.0,100.0,True,coverage_too_high,96,103,9888,9888,B-/cluster_3_5769.BMP,B-
/Users/a75027/Desktop/compsci 760/datasets/B-/cluster_3_5775.BMP,ok,0.8937095469255664,89.37095469255664,False,normal,96,103,8837,9888,B-/cluster_3_5775.BMP,B-
/Users/a75027/Desktop/compsci 760/datasets/B-/cluster_3_5783.BMP,ok,0.8105784789644013,81.05784789644012,False,normal,96,103,8015,9888,B-/cluster_3_5783.BMP,B-
/Users/a75027/Desktop/compsci 760/datasets/B-/cluster_3_58.BMP,ok,0.8270631067961165,82.70631067961165,False,normal,96,103,8178,9888,B-/cluster_3_58.BMP,B-
/Users/a75027/Desktop/compsci 760/datasets/B-/cluster_3_5806.BMP,ok,0.873584142394822,87.3584142394822,False,normal,96,103,8638,9888,B-/cluster_3_5806.BMP,B-
/Users/a75027/Desktop/compsci 760/datasets/B-/cluster_3_5810.BMP,ok,0.8973503236245954,89.73503236245955,False,normal,96,103,8873,9888,B-/cluster_3_5810.BMP,B-
/Users/a75027/Desktop/compsci 760/datasets/B-/cluster_3_5814.BMP,ok,0.7756877022653722,77.56877022653723,False,normal,96,103,7670,9888,B-/cluster_3_5814.BMP,B-
/Users/a75027/Desktop/compsci 760/datasets/B-/cluster_3_5818.BMP,ok,0.8457726537216829,84.57726537216828,False,normal,96,103,8363,9888,B-/cluster_3_5818.BMP,B-
/Users/a75027/Desktop/compsci 760/datasets/B-/cluster_3_5822.BMP,ok,0.8974514563106796,89.74514563106796,False,normal,96,103,8874,9888,B-/cluster_3_5822.BMP,B-
/Users/a75027/Desktop/compsci 760/datasets/B-/cluster_3_5824.BMP,ok,0.7152103559870551,71.52103559870551,False,normal,96,103,7072,9888,B-/cluster_3_5824.BMP,B-
/Users/a75027/Desktop/compsci 760/datasets/B-/cluster_3_585.BMP,ok,0.79540857605178,79.54085760517799,False,normal,96,103,7865,9888,B-/cluster_3_585.BMP,B-
/Users/a75027/Desktop/compsci 760/datasets/B-/cluster_3_5852.BMP,ok,0.8609425566343042,86.09425566343042,False,normal,96,103,8513,9888,B-/cluster_3_5852.BMP,B-
/Users/a75027/Desktop/compsci 760/datasets/B-/cluster_3_5856.BMP,ok,0.7911610032362459,79.1161003236246,False,normal,96,103,7823,9888,B-/cluster_3_5856.BMP,B-
/Users/a75027/Desktop/compsci 760/datasets/B-/cluster_3_586.BMP,ok,0.7601132686084142,76.01132686084142,False,normal,96,103,7516,9888,B-/cluster_3_586.BMP,B-
/Users/a75027/Desktop/compsci 760/datasets/B-/cluster_3_5868.BMP,ok,1.0,100.0,True,coverage_too_high,96,103,9888,9888,B-/cluster_3_5868.BMP,B-
/Users/a75027/Desktop/compsci 760/datasets/B-/cluster_3_587.BMP,ok,0.8469862459546925,84.69862459546925,False,normal,96,103,8375,9888,B-/cluster_3_587.BMP,B-
/Users/a75027/Desktop/compsci 760/datasets/B-/cluster_3_5883.BMP,ok,0.7286610032362459,72.8661003236246,False,normal,96,103,7205,9888,B-/cluster_3_5883.BMP,B-
/Users/a75027/Desktop/compsci 760/datasets/B-/cluster_3_5894.BMP,ok,0.8006674757281553,80.06674757281553,False,normal,96,103,7917,9888,B-/cluster_3_5894.BMP,B-
/Users/a75027/Desktop/compsci 760/datasets/B-/cluster_3_5902.BMP,ok,0.8656957928802589,86.56957928802589,False,normal,96,103,8560,9888,B-/cluster_3_5902.BMP,B-
/Users/a75027/Desktop/compsci 760/datasets/B-/cluster_3_5904.BMP,ok,0.6502831715210357,65.02831715210357,False,normal,96,103,6430,9888,B-/cluster_3_5904.BMP,B-
/Users/a75027/Desktop/compsci 760/datasets/B-/cluster_3_5911.BMP,ok,0.7548543689320388,75.48543689320388,False,normal,96,103,7464,9888,B-/cluster_3_5911.BMP,B-
/Users/a75027/Desktop/compsci 760/datasets/B-/cluster_3_5915.BMP,ok,0.8196804207119741,81.96804207119742,False,normal,96,103,8105,9888,B-/cluster_3_5915.BMP,B-
/Users/a75027/Desktop/compsci 760/datasets/B-/cluster_3_592.BMP,ok,0.5587580906148867,55.87580906148867,False,normal,96,103,5525,9888,B-/cluster_3_592.BMP,B-
/Users/a75027/Desktop/compsci 760/datasets/B-/cluster_3_5923.BMP,ok,0.83667071197411,83.667071197411,False,normal,96,103,8273,9888,B-/cluster_3_5923.BMP,B-
/Users/a75027/Desktop/compsci 760/datasets/B-/cluster_3_593.BMP,ok,0.7661812297734628,76.61812297734627,False,normal,96,103,7576,9888,B-/cluster_3_593.BMP,B-
/Users/a75027/Desktop/compsci 760/datasets/B-/cluster_3_595.BMP,ok,0.8527508090614887,85.27508090614887,False,normal,96,103,8432,9888,B-/cluster_3_595.BMP,B-
/Users/a75027/Desktop/compsci 760/datasets/B-/cluster_3_5968.BMP,ok,0.8228155339805825,82.28155339805825,False,normal,96,103,8136,9888,B-/cluster_3_5968.BMP,B-
/Users/a75027/Desktop/compsci 760/datasets/B-/cluster_3_5970.BMP,ok,0.8994741100323624,89.94741100323624,False,normal,96,103,8894,9888,B-/cluster_3_5970.BMP,B-
/Users/a75027/Desktop/compsci 760/datasets/B-/cluster_3_5973.BMP,ok,0.7764967637540453,77.64967637540452,False,normal,96,103,7678,9888,B-/cluster_3_5973.BMP,B-
/Users/a75027/Desktop/compsci 760/datasets/B-/cluster_3_5985.BMP,ok,0.8902710355987055,89.02710355987054,False,normal,96,103,8803,9888,B-/cluster_3_5985.BMP,B-
/Users/a75027/Desktop/compsci 760/datasets/B-/cluster_3_60.BMP,ok,0.7754854368932039,77.5485436893204,False,normal,96,103,7668,9888,B-/cluster_3_60.BMP,B-
/Users/a75027/Desktop/compsci 760/datasets/B-/cluster_3_61.BMP,ok,1.0,100.0,True,coverage_too_high,96,103,9888,9888,B-/cluster_3_61.BMP,B-
/Users/a75027/Desktop/compsci 760/datasets/B-/cluster_3_624.BMP,ok,0.7868122977346278,78.68122977346277,False,normal,96,103,7780,9888,B-/cluster_3_624.BMP,B-
/Users/a75027/Desktop/compsci 760/datasets/B-/cluster_3_641.BMP,ok,1.0,100.0,True,coverage_too_high,96,103,9888,9888,B-/cluster_3_641.BMP,B-
/Users/a75027/Desktop/compsci 760/datasets/B-/cluster_3_647.BMP,ok,0.8463794498381877,84.63794498381877,False,normal,96,103,8369,9888,B-/cluster_3_647.BMP,B-
/Users/a75027/Desktop/compsci 760/datasets/B-/cluster_3_651.BMP,ok,0.8755056634304207,87.55056634304206,False,normal,96,103,8657,9888,B-/cluster_3_651.BMP,B-
/Users/a75027/Desktop/compsci 760/datasets/B-/cluster_3_667.BMP,ok,0.8455703883495146,84.55703883495146,False,normal,96,103,8361,9888,B-/cluster_3_667.BMP,B-
/Users/a75027/Desktop/compsci 760/datasets/B-/cluster_3_669.BMP,ok,0.877831715210356,87.7831715210356,False,normal,96,103,8680,9888,B-/cluster_3_669.BMP,B-
/Users/a75027/Desktop/compsci 760/datasets/B-/cluster_3_672.BMP,ok,1.0,100.0,True,coverage_too_high,96,103,9888,9888,B-/cluster_3_672.BMP,B-
/Users/a75027/Desktop/compsci 760/datasets/B-/cluster_3_681.BMP,ok,0.8511326860841424,85.11326860841424,False,normal,96,103,8416,9888,B-/cluster_3_681.BMP,B-
/Users/a75027/Desktop/compsci 760/datasets/B-/cluster_3_695.BMP,ok,0.7139967637540453,71.39967637540452,False,normal,96,103,7060,9888,B-/cluster_3_695.BMP,B-
/Users/a75027/Desktop/compsci 760/datasets/B-/cluster_3_7.BMP,ok,0.8410194174757282,84.10194174757282,False,normal,96,103,8316,9888,B-/cluster_3_7.BMP,B-
/Users/a75027/Desktop/compsci 760/datasets/B-/cluster_3_728.BMP,ok,0.7827669902912622,78.27669902912622,False,normal,96,103,7740,9888,B-/cluster_3_728.BMP,B-
/Users/a75027/Desktop/compsci 760/datasets/B-/cluster_3_744.BMP,ok,0.7801375404530745,78.01375404530745,False,normal,96,103,7714,9888,B-/cluster_3_744.BMP,B-
/Users/a75027/Desktop/compsci 760/datasets/B-/cluster_3_753.BMP,ok,0.810376213592233,81.0376213592233,False,normal,96,103,8013,9888,B-/cluster_3_753.BMP,B-
/Users/a75027/Desktop/compsci 760/datasets/B-/cluster_3_761.BMP,ok,0.8767192556634305,87.67192556634305,False,normal,96,103,8669,9888,B-/cluster_3_761.BMP,B-
/Users/a75027/Desktop/compsci 760/datasets/B-/cluster_3_776.BMP,ok,0.7163228155339806,71.63228155339806,False,normal,96,103,7083,9888,B-/cluster_3_776.BMP,B-
/Users/a75027/Desktop/compsci 760/datasets/B-/cluster_3_778.BMP,ok,1.0,100.0,True,coverage_too_high,96,103,9888,9888,B-/cluster_3_778.BMP,B-
/Users/a75027/Desktop/compsci 760/datasets/B-/cluster_3_786.BMP,ok,0.7615291262135923,76.15291262135922,False,normal,96,103,7530,9888,B-/cluster_3_786.BMP,B-
/Users/a75027/Desktop/compsci 760/datasets/B-/cluster_3_800.BMP,ok,0.6644417475728155,66.44417475728154,False,normal,96,103,6570,9888,B-/cluster_3_800.BMP,B-
/Users/a75027/Desktop/compsci 760/datasets/B-/cluster_3_817.BMP,ok,0.7871156957928802,78.71156957928802,False,normal,96,103,7783,9888,B-/cluster_3_817.BMP,B-
/Users/a75027/Desktop/compsci 760/datasets/B-/cluster_3_818.BMP,ok,0.6739482200647249,67.39482200647248,False,normal,96,103,6664,9888,B-/cluster_3_818.BMP,B-
/Users/a75027/Desktop/compsci 760/datasets/B-/cluster_3_825.BMP,ok,0.8724716828478964,87.24716828478964,False,normal,96,103,8627,9888,B-/cluster_3_825.BMP,B-
/Users/a75027/Desktop/compsci 760/datasets/B-/cluster_3_834.BMP,ok,0.7982402912621359,79.82402912621359,False,normal,96,103,7893,9888,B-/cluster_3_834.BMP,B-
/Users/a75027/Desktop/compsci 760/datasets/B-/cluster_3_846.BMP,ok,1.0,100.0,True,coverage_too_high,96,103,9888,9888,B-/cluster_3_846.BMP,B-
/Users/a75027/Desktop/compsci 760/datasets/B-/cluster_3_851.BMP,ok,0.8220064724919094,82.20064724919094,False,normal,96,103,8128,9888,B-/cluster_3_851.BMP,B-
/Users/a75027/Desktop/compsci 760/datasets/B-/cluster_3_864.BMP,ok,0.8965412621359223,89.65412621359224,False,normal,96,103,8865,9888,B-/cluster_3_864.BMP,B-
/Users/a75027/Desktop/compsci 760/datasets/B-/cluster_3_871.BMP,ok,0.843042071197411,84.30420711974111,False,normal,96,103,8336,9888,B-/cluster_3_871.BMP,B-
/Users/a75027/Desktop/compsci 760/datasets/B-/cluster_3_892.BMP,ok,0.8125,81.25,False,normal,96,103,8034,9888,B-/cluster_3_892.BMP,B-
/Users/a75027/Desktop/compsci 760/datasets/B-/cluster_3_896.BMP,ok,0.8644822006472492,86.44822006472492,False,normal,96,103,8548,9888,B-/cluster_3_896.BMP,B-
/Users/a75027/Desktop/compsci 760/datasets/B-/cluster_3_904.BMP,ok,0.705299352750809,70.5299352750809,False,normal,96,103,6974,9888,B-/cluster_3_904.BMP,B-
/Users/a75027/Desktop/compsci 760/datasets/B-/cluster_3_906.BMP,ok,0.7984425566343042,79.84425566343042,False,normal,96,103,7895,9888,B-/cluster_3_906.BMP,B-
/Users/a75027/Desktop/compsci 760/datasets/B-/cluster_3_909.BMP,ok,0.8766181229773463,87.66181229773463,False,normal,96,103,8668,9888,B-/cluster_3_909.BMP,B-
/Users/a75027/Desktop/compsci 760/datasets/B-/cluster_3_914.BMP,ok,0.883495145631068,88.3495145631068,False,normal,96,103,8736,9888,B-/cluster_3_914.BMP,B-
/Users/a75027/Desktop/compsci 760/datasets/B-/cluster_3_949.BMP,ok,0.8510315533980582,85.10315533980582,False,normal,96,103,8415,9888,B-/cluster_3_949.BMP,B-
/Users/a75027/Desktop/compsci 760/datasets/B-/cluster_3_96.BMP,ok,0.8194781553398058,81.94781553398059,False,normal,96,103,8103,9888,B-/cluster_3_96.BMP,B-
/Users/a75027/Desktop/compsci 760/datasets/B-/cluster_3_970.BMP,ok,1.0,100.0,True,coverage_too_high,96,103,9888,9888,B-/cluster_3_970.BMP,B-
/Users/a75027/Desktop/compsci 760/datasets/B-/cluster_3_982.BMP,ok,0.7761933656957929,77.61933656957929,False,normal,96,103,7675,9888,B-/cluster_3_982.BMP,B-
/Users/a75027/Desktop/compsci 760/datasets/B-/cluster_3_989.BMP,ok,1.0,100.0,True,coverage_too_high,96,103,9888,9888,B-/cluster_3_989.BMP,B-
/Users/a75027/Desktop/compsci 760/datasets/B-/cluster_3_991.BMP,ok,0.8777305825242718,87.77305825242718,False,normal,96,103,8679,9888,B-/cluster_3_991.BMP,B-
/Users/a75027/Desktop/compsci 760/datasets/B-/cluster_3_993.BMP,ok,0.7244134304207119,72.4413430420712,False,normal,96,103,7163,9888,B-/cluster_3_993.BMP,B-
/Users/a75027/Desktop/compsci 760/datasets/B-/cluster_3_995.BMP,ok,1.0,100.0,True,coverage_too_high,96,103,9888,9888,B-/cluster_3_995.BMP,B-
/Users/a75027/Desktop/compsci 760/datasets/O+/cluster_6_1004.BMP,ok,0.6971076051779935,69.71076051779936,False,normal,96,103,6893,9888,O+/cluster_6_1004.BMP,O+
/Users/a75027/Desktop/compsci 760/datasets/O+/cluster_6_1019.BMP,ok,0.8473907766990292,84.73907766990291,False,normal,96,103,8379,9888,O+/cluster_6_1019.BMP,O+
/Users/a75027/Desktop/compsci 760/datasets/O+/cluster_6_102.BMP,ok,0.7447411003236246,74.47411003236246,False,normal,96,103,7364,9888,O+/cluster_6_102.BMP,O+
/Users/a75027/Desktop/compsci 760/datasets/O+/cluster_6_1023.BMP,ok,0.8406148867313916,84.06148867313917,False,normal,96,103,8312,9888,O+/cluster_6_1023.BMP,O+
/Users/a75027/Desktop/compsci 760/datasets/O+/cluster_6_1033.BMP,ok,0.7176375404530745,71.76375404530745,False,normal,96,103,7096,9888,O+/cluster_6_1033.BMP,O+
/Users/a75027/Desktop/compsci 760/datasets/O+/cluster_6_1039.BMP,ok,0.7513147249190939,75.13147249190939,False,normal,96,103,7429,9888,O+/cluster_6_1039.BMP,O+
/Users/a75027/Desktop/compsci 760/datasets/O+/cluster_6_1057.BMP,ok,0.8104773462783171,81.04773462783172,False,normal,96,103,8014,9888,O+/cluster_6_1057.BMP,O+
/Users/a75027/Desktop/compsci 760/datasets/O+/cluster_6_106.BMP,ok,0.8453681229773463,84.53681229773463,False,normal,96,103,8359,9888,O+/cluster_6_106.BMP,O+
/Users/a75027/Desktop/compsci 760/datasets/O+/cluster_6_1062.BMP,ok,0.8285800970873787,82.85800970873787,False,normal,96,103,8193,9888,O+/cluster_6_1062.BMP,O+
/Users/a75027/Desktop/compsci 760/datasets/O+/cluster_6_1065.BMP,ok,0.8090614886731392,80.90614886731392,False,normal,96,103,8000,9888,O+/cluster_6_1065.BMP,O+
/Users/a75027/Desktop/compsci 760/datasets/O+/cluster_6_1084.BMP,ok,0.7659789644012945,76.59789644012946,False,normal,96,103,7574,9888,O+/cluster_6_1084.BMP,O+
/Users/a75027/Desktop/compsci 760/datasets/O+/cluster_6_109.BMP,ok,0.22795307443365695,22.795307443365694,False,normal,96,103,2254,9888,O+/cluster_6_109.BMP,O+
/Users/a75027/Desktop/compsci 760/datasets/O+/cluster_6_1094.BMP,ok,0.8340412621359223,83.40412621359224,False,normal,96,103,8247,9888,O+/cluster_6_1094.BMP,O+
/Users/a75027/Desktop/compsci 760/datasets/O+/cluster_6_1105.BMP,ok,0.7650687702265372,76.50687702265373,False,normal,96,103,7565,9888,O+/cluster_6_1105.BMP,O+
/Users/a75027/Desktop/compsci 760/datasets/O+/cluster_6_111.BMP,ok,0.7197613268608414,71.97613268608414,False,normal,96,103,7117,9888,O+/cluster_6_111.BMP,O+
/Users/a75027/Desktop/compsci 760/datasets/O+/cluster_6_1114.BMP,ok,0.7496966019417476,74.96966019417476,False,normal,96,103,7413,9888,O+/cluster_6_1114.BMP,O+
/Users/a75027/Desktop/compsci 760/datasets/O+/cluster_6_1119.BMP,ok,0.7734627831715211,77.34627831715211,False,normal,96,103,7648,9888,O+/cluster_6_1119.BMP,O+
/Users/a75027/Desktop/compsci 760/datasets/O+/cluster_6_1122.BMP,ok,0.790453074433657,79.0453074433657,False,normal,96,103,7816,9888,O+/cluster_6_1122.BMP,O+
/Users/a75027/Desktop/compsci 760/datasets/O+/cluster_6_1134.BMP,ok,0.738673139158576,73.86731391585761,False,normal,96,103,7304,9888,O+/cluster_6_1134.BMP,O+
/Users/a75027/Desktop/compsci 760/datasets/O+/cluster_6_1136.BMP,ok,0.7829692556634305,78.29692556634305,False,normal,96,103,7742,9888,O+/cluster_6_1136.BMP,O+
/Users/a75027/Desktop/compsci 760/datasets/O+/cluster_6_1138.BMP,ok,0.8292880258899676,82.92880258899676,False,normal,96,103,8200,9888,O+/cluster_6_1138.BMP,O+
/Users/a75027/Desktop/compsci 760/datasets/O+/cluster_6_1156.BMP,ok,0.713794498381877,71.3794498381877,False,normal,96,103,7058,9888,O+/cluster_6_1156.BMP,O+
/Users/a75027/Desktop/compsci 760/datasets/O+/cluster_6_1161.BMP,ok,0.7571804207119741,75.71804207119742,False,normal,96,103,7487,9888,O+/cluster_6_1161.BMP,O+
/Users/a75027/Desktop/compsci 760/datasets/O+/cluster_6_117.BMP,ok,0.7278519417475728,72.78519417475728,False,normal,96,103,7197,9888,O+/cluster_6_117.BMP,O+
/Users/a75027/Desktop/compsci 760/datasets/O+/cluster_6_1188.BMP,ok,0.7756877022653722,77.56877022653723,False,normal,96,103,7670,9888,O+/cluster_6_1188.BMP,O+
/Users/a75027/Desktop/compsci 760/datasets/O+/cluster_6_1190.BMP,ok,0.7202669902912622,72.02669902912622,False,normal,96,103,7122,9888,O+/cluster_6_1190.BMP,O+
/Users/a75027/Desktop/compsci 760/datasets/O+/cluster_6_1191.BMP,ok,0.7406957928802589,74.06957928802589,False,normal,96,103,7324,9888,O+/cluster_6_1191.BMP,O+
/Users/a75027/Desktop/compsci 760/datasets/O+/cluster_6_1212.BMP,ok,0.7718446601941747,77.18446601941747,False,normal,96,103,7632,9888,O+/cluster_6_1212.BMP,O+
/Users/a75027/Desktop/compsci 760/datasets/O+/cluster_6_1221.BMP,ok,0.7986448220064725,79.86448220064725,False,normal,96,103,7897,9888,O+/cluster_6_1221.BMP,O+
/Users/a75027/Desktop/compsci 760/datasets/O+/cluster_6_1222.BMP,ok,0.7694174757281553,76.94174757281553,False,normal,96,103,7608,9888,O+/cluster_6_1222.BMP,O+
/Users/a75027/Desktop/compsci 760/datasets/O+/cluster_6_1225.BMP,ok,0.7774069579288025,77.74069579288026,False,normal,96,103,7687,9888,O+/cluster_6_1225.BMP,O+
/Users/a75027/Desktop/compsci 760/datasets/O+/cluster_6_125.BMP,ok,0.7239077669902912,72.39077669902912,False,normal,96,103,7158,9888,O+/cluster_6_125.BMP,O+
/Users/a75027/Desktop/compsci 760/datasets/O+/cluster_6_1252.BMP,ok,0.6925566343042071,69.25566343042071,False,normal,96,103,6848,9888,O+/cluster_6_1252.BMP,O+
/Users/a75027/Desktop/compsci 760/datasets/O+/cluster_6_126.BMP,ok,0.7355380258899676,73.55380258899676,False,normal,96,103,7273,9888,O+/cluster_6_126.BMP,O+
/Users/a75027/Desktop/compsci 760/datasets/O+/cluster_6_1264.BMP,ok,0.7953074433656958,79.53074433656958,False,normal,96,103,7864,9888,O+/cluster_6_1264.BMP,O+
/Users/a75027/Desktop/compsci 760/datasets/O+/cluster_6_1265.BMP,ok,0.7312904530744336,73.12904530744336,False,normal,96,103,7231,9888,O+/cluster_6_1265.BMP,O+
/Users/a75027/Desktop/compsci 760/datasets/O+/cluster_6_1266.BMP,ok,0.8216019417475728,82.16019417475728,False,normal,96,103,8124,9888,O+/cluster_6_1266.BMP,O+
/Users/a75027/Desktop/compsci 760/datasets/O+/cluster_6_1272.BMP,ok,0.7973300970873787,79.73300970873787,False,normal,96,103,7884,9888,O+/cluster_6_1272.BMP,O+
/Users/a75027/Desktop/compsci 760/datasets/O+/cluster_6_1279.BMP,ok,0.8459749190938511,84.59749190938511,False,normal,96,103,8365,9888,O+/cluster_6_1279.BMP,O+
/Users/a75027/Desktop/compsci 760/datasets/O+/cluster_6_1282.BMP,ok,0.8219053398058253,82.19053398058253,False,normal,96,103,8127,9888,O+/cluster_6_1282.BMP,O+
/Users/a75027/Desktop/compsci 760/datasets/O+/cluster_6_1290.BMP,ok,0.738673139158576,73.86731391585761,False,normal,96,103,7304,9888,O+/cluster_6_1290.BMP,O+
/Users/a75027/Desktop/compsci 760/datasets/O+/cluster_6_1295.BMP,ok,0.8114886731391586,81.14886731391586,False,normal,96,103,8024,9888,O+/cluster_6_1295.BMP,O+
/Users/a75027/Desktop/compsci 760/datasets/O+/cluster_6_13.BMP,ok,0.6743527508090615,67.43527508090615,False,normal,96,103,6668,9888,O+/cluster_6_13.BMP,O+
/Users/a75027/Desktop/compsci 760/datasets/O+/cluster_6_1301.BMP,ok,0.8782362459546925,87.82362459546925,False,normal,96,103,8684,9888,O+/cluster_6_1301.BMP,O+
/Users/a75027/Desktop/compsci 760/datasets/O+/cluster_6_1310.BMP,ok,0.8531553398058253,85.31553398058253,False,normal,96,103,8436,9888,O+/cluster_6_1310.BMP,O+
/Users/a75027/Desktop/compsci 760/datasets/O+/cluster_6_1319.BMP,ok,0.8086569579288025,80.86569579288026,False,normal,96,103,7996,9888,O+/cluster_6_1319.BMP,O+
/Users/a75027/Desktop/compsci 760/datasets/O+/cluster_6_1322.BMP,ok,0.6074029126213593,60.740291262135926,False,normal,96,103,6006,9888,O+/cluster_6_1322.BMP,O+
/Users/a75027/Desktop/compsci 760/datasets/O+/cluster_6_1326.BMP,ok,0.8705501618122977,87.05501618122977,False,normal,96,103,8608,9888,O+/cluster_6_1326.BMP,O+
/Users/a75027/Desktop/compsci 760/datasets/O+/cluster_6_1329.BMP,ok,0.7743729773462783,77.43729773462783,False,normal,96,103,7657,9888,O+/cluster_6_1329.BMP,O+
/Users/a75027/Desktop/compsci 760/datasets/O+/cluster_6_1333.BMP,ok,0.8932038834951457,89.32038834951457,False,normal,96,103,8832,9888,O+/cluster_6_1333.BMP,O+
/Users/a75027/Desktop/compsci 760/datasets/O+/cluster_6_1337.BMP,ok,0.7030744336569579,70.30744336569579,False,normal,96,103,6952,9888,O+/cluster_6_1337.BMP,O+
/Users/a75027/Desktop/compsci 760/datasets/O+/cluster_6_1340.BMP,ok,0.7870145631067961,78.7014563106796,False,normal,96,103,7782,9888,O+/cluster_6_1340.BMP,O+
/Users/a75027/Desktop/compsci 760/datasets/O+/cluster_6_1345.BMP,ok,0.6556432038834952,65.56432038834951,False,normal,96,103,6483,9888,O+/cluster_6_1345.BMP,O+
/Users/a75027/Desktop/compsci 760/datasets/O+/cluster_6_1349.BMP,ok,0.7864077669902912,78.64077669902912,False,normal,96,103,7776,9888,O+/cluster_6_1349.BMP,O+
/Users/a75027/Desktop/compsci 760/datasets/O+/cluster_6_1365.BMP,ok,0.7952063106796117,79.52063106796116,False,normal,96,103,7863,9888,O+/cluster_6_1365.BMP,O+
/Users/a75027/Desktop/compsci 760/datasets/O+/cluster_6_1369.BMP,ok,0.821703074433657,82.1703074433657,False,normal,96,103,8125,9888,O+/cluster_6_1369.BMP,O+
/Users/a75027/Desktop/compsci 760/datasets/O+/cluster_6_137.BMP,ok,0.7815533980582524,78.15533980582524,False,normal,96,103,7728,9888,O+/cluster_6_137.BMP,O+
/Users/a75027/Desktop/compsci 760/datasets/O+/cluster_6_1373.BMP,ok,0.754955501618123,75.4955501618123,False,normal,96,103,7465,9888,O+/cluster_6_1373.BMP,O+
/Users/a75027/Desktop/compsci 760/datasets/O+/cluster_6_1376.BMP,ok,0.7764967637540453,77.64967637540452,False,normal,96,103,7678,9888,O+/cluster_6_1376.BMP,O+
/Users/a75027/Desktop/compsci 760/datasets/O+/cluster_6_1377.BMP,ok,0.73584142394822,73.58414239482201,False,normal,96,103,7276,9888,O+/cluster_6_1377.BMP,O+
/Users/a75027/Desktop/compsci 760/datasets/O+/cluster_6_1378.BMP,ok,0.7966221682847896,79.66221682847896,False,normal,96,103,7877,9888,O+/cluster_6_1378.BMP,O+
/Users/a75027/Desktop/compsci 760/datasets/O+/cluster_6_1384.BMP,ok,0.8667071197411004,86.67071197411003,False,normal,96,103,8570,9888,O+/cluster_6_1384.BMP,O+
/Users/a75027/Desktop/compsci 760/datasets/O+/cluster_6_1387.BMP,ok,0.770529935275081,77.0529935275081,False,normal,96,103,7619,9888,O+/cluster_6_1387.BMP,O+
/Users/a75027/Desktop/compsci 760/datasets/O+/cluster_6_1390.BMP,ok,0.7482807443365695,74.82807443365695,False,normal,96,103,7399,9888,O+/cluster_6_1390.BMP,O+
/Users/a75027/Desktop/compsci 760/datasets/O+/cluster_6_1393.BMP,ok,0.8226132686084142,82.26132686084142,False,normal,96,103,8134,9888,O+/cluster_6_1393.BMP,O+
/Users/a75027/Desktop/compsci 760/datasets/O+/cluster_6_1405.BMP,ok,0.7873179611650486,78.73179611650485,False,normal,96,103,7785,9888,O+/cluster_6_1405.BMP,O+
/Users/a75027/Desktop/compsci 760/datasets/O+/cluster_6_1413.BMP,ok,0.8196804207119741,81.96804207119742,False,normal,96,103,8105,9888,O+/cluster_6_1413.BMP,O+
/Users/a75027/Desktop/compsci 760/datasets/O+/cluster_6_1433.BMP,ok,0.8062297734627831,80.62297734627832,False,normal,96,103,7972,9888,O+/cluster_6_1433.BMP,O+
/Users/a75027/Desktop/compsci 760/datasets/O+/cluster_6_144.BMP,ok,0.7695186084142395,76.95186084142395,False,normal,96,103,7609,9888,O+/cluster_6_144.BMP,O+
/Users/a75027/Desktop/compsci 760/datasets/O+/cluster_6_1442.BMP,ok,0.45792880258899676,45.79288025889968,False,normal,96,103,4528,9888,O+/cluster_6_1442.BMP,O+
/Users/a75027/Desktop/compsci 760/datasets/O+/cluster_6_1456.BMP,ok,0.7644619741100324,76.44619741100324,False,normal,96,103,7559,9888,O+/cluster_6_1456.BMP,O+
/Users/a75027/Desktop/compsci 760/datasets/O+/cluster_6_1457.BMP,ok,0.8142192556634305,81.42192556634305,False,normal,96,103,8051,9888,O+/cluster_6_1457.BMP,O+
/Users/a75027/Desktop/compsci 760/datasets/O+/cluster_6_146.BMP,ok,0.8186690938511327,81.86690938511327,False,normal,96,103,8095,9888,O+/cluster_6_146.BMP,O+
/Users/a75027/Desktop/compsci 760/datasets/O+/cluster_6_1463.BMP,ok,0.847997572815534,84.7997572815534,False,normal,96,103,8385,9888,O+/cluster_6_1463.BMP,O+
/Users/a75027/Desktop/compsci 760/datasets/O+/cluster_6_1465.BMP,ok,0.661205501618123,66.1205501618123,False,normal,96,103,6538,9888,O+/cluster_6_1465.BMP,O+
/Users/a75027/Desktop/compsci 760/datasets/O+/cluster_6_1476.BMP,ok,0.2473705501618123,24.73705501618123,False,normal,96,103,2446,9888,O+/cluster_6_1476.BMP,O+
/Users/a75027/Desktop/compsci 760/datasets/O+/cluster_6_1481.BMP,ok,0.7935881877022654,79.35881877022653,False,normal,96,103,7847,9888,O+/cluster_6_1481.BMP,O+
/Users/a75027/Desktop/compsci 760/datasets/O+/cluster_6_1482.BMP,ok,0.8476941747572816,84.76941747572816,False,normal,96,103,8382,9888,O+/cluster_6_1482.BMP,O+
/Users/a75027/Desktop/compsci 760/datasets/O+/cluster_6_1486.BMP,ok,0.7997572815533981,79.97572815533981,False,normal,96,103,7908,9888,O+/cluster_6_1486.BMP,O+
/Users/a75027/Desktop/compsci 760/datasets/O+/cluster_6_1491.BMP,ok,0.8485032362459547,84.85032362459548,False,normal,96,103,8390,9888,O+/cluster_6_1491.BMP,O+
/Users/a75027/Desktop/compsci 760/datasets/O+/cluster_6_1492.BMP,ok,0.772046925566343,77.2046925566343,False,normal,96,103,7634,9888,O+/cluster_6_1492.BMP,O+
/Users/a75027/Desktop/compsci 760/datasets/O+/cluster_6_150.BMP,ok,0.7362459546925566,73.62459546925567,False,normal,96,103,7280,9888,O+/cluster_6_150.BMP,O+
/Users/a75027/Desktop/compsci 760/datasets/O+/cluster_6_1501.BMP,ok,0.8367718446601942,83.67718446601941,False,normal,96,103,8274,9888,O+/cluster_6_1501.BMP,O+
/Users/a75027/Desktop/compsci 760/datasets/O+/cluster_6_1503.BMP,ok,0.7967361942688462,79.67361942688463,False,normal,241,298,57220,71818,O+/cluster_6_1503.BMP,O+
/Users/a75027/Desktop/compsci 760/datasets/O+/cluster_6_1515.BMP,ok,0.8558859223300971,85.5885922330097,False,normal,96,103,8463,9888,O+/cluster_6_1515.BMP,O+
/Users/a75027/Desktop/compsci 760/datasets/O+/cluster_6_1527.BMP,ok,0.828782362459547,82.8782362459547,False,normal,96,103,8195,9888,O+/cluster_6_1527.BMP,O+
/Users/a75027/Desktop/compsci 760/datasets/O+/cluster_6_1528.BMP,ok,0.740796925566343,74.0796925566343,False,normal,96,103,7325,9888,O+/cluster_6_1528.BMP,O+
/Users/a75027/Desktop/compsci 760/datasets/O+/cluster_6_1530.BMP,ok,0.785497572815534,78.5497572815534,False,normal,96,103,7767,9888,O+/cluster_6_1530.BMP,O+
/Users/a75027/Desktop/compsci 760/datasets/O+/cluster_6_1540.BMP,ok,0.7853964401294499,78.53964401294499,False,normal,96,103,7766,9888,O+/cluster_6_1540.BMP,O+
/Users/a75027/Desktop/compsci 760/datasets/O+/cluster_6_1549.BMP,ok,0.8564927184466019,85.64927184466019,False,normal,96,103,8469,9888,O+/cluster_6_1549.BMP,O+
/Users/a75027/Desktop/compsci 760/datasets/O+/cluster_6_1555.BMP,ok,0.8338389967637541,83.3838996763754,False,normal,96,103,8245,9888,O+/cluster_6_1555.BMP,O+
/Users/a75027/Desktop/compsci 760/datasets/O+/cluster_6_1556.BMP,ok,0.8666059870550162,86.66059870550163,False,normal,96,103,8569,9888,O+/cluster_6_1556.BMP,O+
/Users/a75027/Desktop/compsci 760/datasets/O+/cluster_6_1576.BMP,ok,0.8119943365695793,81.19943365695794,False,normal,96,103,8029,9888,O+/cluster_6_1576.BMP,O+
/Users/a75027/Desktop/compsci 760/datasets/O+/cluster_6_1587.BMP,ok,1.0,100.0,True,coverage_too_high,96,103,9888,9888,O+/cluster_6_1587.BMP,O+
/Users/a75027/Desktop/compsci 760/datasets/O+/cluster_6_1609.BMP,ok,0.7304813915857605,73.04813915857605,False,normal,96,103,7223,9888,O+/cluster_6_1609.BMP,O+
/Users/a75027/Desktop/compsci 760/datasets/O+/cluster_6_161.BMP,ok,1.0,100.0,True,coverage_too_high,96,103,9888,9888,O+/cluster_6_161.BMP,O+
/Users/a75027/Desktop/compsci 760/datasets/O+/cluster_6_1616.BMP,ok,0.6995347896440129,69.9534789644013,False,normal,96,103,6917,9888,O+/cluster_6_1616.BMP,O+
/Users/a75027/Desktop/compsci 760/datasets/O+/cluster_6_1619.BMP,ok,0.7588996763754046,75.88996763754045,False,normal,96,103,7504,9888,O+/cluster_6_1619.BMP,O+
/Users/a75027/Desktop/compsci 760/datasets/O+/cluster_6_1620.BMP,ok,0.8514360841423948,85.14360841423948,False,normal,96,103,8419,9888,O+/cluster_6_1620.BMP,O+
/Users/a75027/Desktop/compsci 760/datasets/O+/cluster_6_163.BMP,ok,0.8562904530744336,85.62904530744336,False,normal,96,103,8467,9888,O+/cluster_6_163.BMP,O+
/Users/a75027/Desktop/compsci 760/datasets/O+/cluster_6_1633.BMP,ok,0.7057038834951457,70.57038834951457,False,normal,96,103,6978,9888,O+/cluster_6_1633.BMP,O+
/Users/a75027/Desktop/compsci 760/datasets/O+/cluster_6_1644.BMP,ok,0.8101739482200647,81.01739482200647,False,normal,96,103,8011,9888,O+/cluster_6_1644.BMP,O+
/Users/a75027/Desktop/compsci 760/datasets/O+/cluster_6_1653.BMP,ok,0.816747572815534,81.6747572815534,False,normal,96,103,8076,9888,O+/cluster_6_1653.BMP,O+
/Users/a75027/Desktop/compsci 760/datasets/O+/cluster_6_166.BMP,ok,0.7682038834951457,76.82038834951457,False,normal,96,103,7596,9888,O+/cluster_6_166.BMP,O+
/Users/a75027/Desktop/compsci 760/datasets/O+/cluster_6_1665.BMP,ok,0.8219053398058253,82.19053398058253,False,normal,96,103,8127,9888,O+/cluster_6_1665.BMP,O+
/Users/a75027/Desktop/compsci 760/datasets/O+/cluster_6_1670.BMP,ok,0.6255056634304207,62.55056634304207,False,normal,96,103,6185,9888,O+/cluster_6_1670.BMP,O+
/Users/a75027/Desktop/compsci 760/datasets/O+/cluster_6_1671.BMP,ok,0.708029935275081,70.8029935275081,False,normal,96,103,7001,9888,O+/cluster_6_1671.BMP,O+
/Users/a75027/Desktop/compsci 760/datasets/O+/cluster_6_1673.BMP,ok,0.7536407766990292,75.36407766990291,False,normal,96,103,7452,9888,O+/cluster_6_1673.BMP,O+
/Users/a75027/Desktop/compsci 760/datasets/O+/cluster_6_1675.BMP,ok,0.8239279935275081,82.39279935275081,False,normal,96,103,8147,9888,O+/cluster_6_1675.BMP,O+
/Users/a75027/Desktop/compsci 760/datasets/O+/cluster_6_1689.BMP,ok,0.7564724919093851,75.64724919093851,False,normal,96,103,7480,9888,O+/cluster_6_1689.BMP,O+
/Users/a75027/Desktop/compsci 760/datasets/O+/cluster_6_1690.BMP,ok,0.8085558252427184,80.85558252427184,False,normal,96,103,7995,9888,O+/cluster_6_1690.BMP,O+
/Users/a75027/Desktop/compsci 760/datasets/O+/cluster_6_1698.BMP,ok,0.7460558252427184,74.60558252427184,False,normal,96,103,7377,9888,O+/cluster_6_1698.BMP,O+
/Users/a75027/Desktop/compsci 760/datasets/O+/cluster_6_1700.BMP,ok,0.8327265372168284,83.27265372168284,False,normal,96,103,8234,9888,O+/cluster_6_1700.BMP,O+
/Users/a75027/Desktop/compsci 760/datasets/O+/cluster_6_1704.BMP,ok,0.6981189320388349,69.81189320388349,False,normal,96,103,6903,9888,O+/cluster_6_1704.BMP,O+
/Users/a75027/Desktop/compsci 760/datasets/O+/cluster_6_1714.BMP,ok,0.7586974110032363,75.86974110032362,False,normal,96,103,7502,9888,O+/cluster_6_1714.BMP,O+
/Users/a75027/Desktop/compsci 760/datasets/O+/cluster_6_1726.BMP,ok,0.7766990291262136,77.66990291262135,False,normal,96,103,7680,9888,O+/cluster_6_1726.BMP,O+
/Users/a75027/Desktop/compsci 760/datasets/O+/cluster_6_1731.BMP,ok,0.8005663430420712,80.05663430420712,False,normal,96,103,7916,9888,O+/cluster_6_1731.BMP,O+
/Users/a75027/Desktop/compsci 760/datasets/O+/cluster_6_1741.BMP,ok,0.8888551779935275,88.88551779935275,False,normal,96,103,8789,9888,O+/cluster_6_1741.BMP,O+
/Users/a75027/Desktop/compsci 760/datasets/O+/cluster_6_1762.BMP,ok,0.827467637540453,82.7467637540453,False,normal,96,103,8182,9888,O+/cluster_6_1762.BMP,O+
/Users/a75027/Desktop/compsci 760/datasets/O+/cluster_6_1764.BMP,ok,0.8126011326860841,81.26011326860841,False,normal,96,103,8035,9888,O+/cluster_6_1764.BMP,O+
/Users/a75027/Desktop/compsci 760/datasets/O+/cluster_6_1768.BMP,ok,0.8175566343042071,81.75566343042071,False,normal,96,103,8084,9888,O+/cluster_6_1768.BMP,O+
/Users/a75027/Desktop/compsci 760/datasets/O+/cluster_6_1778.BMP,ok,0.8307038834951457,83.07038834951457,False,normal,96,103,8214,9888,O+/cluster_6_1778.BMP,O+
/Users/a75027/Desktop/compsci 760/datasets/O+/cluster_6_1784.BMP,ok,0.7967233009708737,79.67233009708737,False,normal,96,103,7878,9888,O+/cluster_6_1784.BMP,O+
/Users/a75027/Desktop/compsci 760/datasets/O+/cluster_6_1787.BMP,ok,0.7653721682847896,76.53721682847896,False,normal,96,103,7568,9888,O+/cluster_6_1787.BMP,O+
/Users/a75027/Desktop/compsci 760/datasets/O+/cluster_6_1793.BMP,ok,0.7778114886731392,77.78114886731392,False,normal,96,103,7691,9888,O+/cluster_6_1793.BMP,O+
/Users/a75027/Desktop/compsci 760/datasets/O+/cluster_6_1797.BMP,ok,0.8246359223300971,82.4635922330097,False,normal,96,103,8154,9888,O+/cluster_6_1797.BMP,O+
/Users/a75027/Desktop/compsci 760/datasets/O+/cluster_6_181.BMP,ok,0.7587985436893204,75.87985436893204,False,normal,96,103,7503,9888,O+/cluster_6_181.BMP,O+
/Users/a75027/Desktop/compsci 760/datasets/O+/cluster_6_1811.BMP,ok,0.818871359223301,81.8871359223301,False,normal,96,103,8097,9888,O+/cluster_6_1811.BMP,O+
/Users/a75027/Desktop/compsci 760/datasets/O+/cluster_6_1828.BMP,ok,0.8106796116504854,81.06796116504854,False,normal,96,103,8016,9888,O+/cluster_6_1828.BMP,O+
/Users/a75027/Desktop/compsci 760/datasets/O+/cluster_6_1842.BMP,ok,0.79540857605178,79.54085760517799,False,normal,96,103,7865,9888,O+/cluster_6_1842.BMP,O+
/Users/a75027/Desktop/compsci 760/datasets/O+/cluster_6_1868.BMP,ok,0.8169498381877023,81.69498381877023,False,normal,96,103,8078,9888,O+/cluster_6_1868.BMP,O+
/Users/a75027/Desktop/compsci 760/datasets/O+/cluster_6_1869.BMP,ok,0.7637540453074434,76.37540453074433,False,normal,96,103,7552,9888,O+/cluster_6_1869.BMP,O+
/Users/a75027/Desktop/compsci 760/datasets/O+/cluster_6_1871.BMP,ok,0.7268406148867314,72.68406148867314,False,normal,96,103,7187,9888,O+/cluster_6_1871.BMP,O+
/Users/a75027/Desktop/compsci 760/datasets/O+/cluster_6_1877.BMP,ok,0.7778114886731392,77.78114886731392,False,normal,96,103,7691,9888,O+/cluster_6_1877.BMP,O+
/Users/a75027/Desktop/compsci 760/datasets/O+/cluster_6_1889.BMP,ok,0.7898462783171522,78.98462783171522,False,normal,96,103,7810,9888,O+/cluster_6_1889.BMP,O+
/Users/a75027/Desktop/compsci 760/datasets/O+/cluster_6_1890.BMP,ok,0.8126011326860841,81.26011326860841,False,normal,96,103,8035,9888,O+/cluster_6_1890.BMP,O+
/Users/a75027/Desktop/compsci 760/datasets/O+/cluster_6_1900.BMP,ok,0.7881270226537217,78.81270226537217,False,normal,96,103,7793,9888,O+/cluster_6_1900.BMP,O+
/Users/a75027/Desktop/compsci 760/datasets/O+/cluster_6_1908.BMP,ok,0.8515372168284789,85.15372168284789,False,normal,96,103,8420,9888,O+/cluster_6_1908.BMP,O+
/Users/a75027/Desktop/compsci 760/datasets/O+/cluster_6_1915.BMP,ok,0.7825647249190939,78.25647249190939,False,normal,96,103,7738,9888,O+/cluster_6_1915.BMP,O+
/Users/a75027/Desktop/compsci 760/datasets/O+/cluster_6_192.BMP,ok,0.7381674757281553,73.81674757281553,False,normal,96,103,7299,9888,O+/cluster_6_192.BMP,O+
/Users/a75027/Desktop/compsci 760/datasets/O+/cluster_6_1937.BMP,ok,0.7768001618122977,77.68001618122977,False,normal,96,103,7681,9888,O+/cluster_6_1937.BMP,O+
/Users/a75027/Desktop/compsci 760/datasets/O+/cluster_6_1951.BMP,ok,0.8005663430420712,80.05663430420712,False,normal,96,103,7916,9888,O+/cluster_6_1951.BMP,O+
/Users/a75027/Desktop/compsci 760/datasets/O+/cluster_6_1960.BMP,ok,0.752123786407767,75.2123786407767,False,normal,96,103,7437,9888,O+/cluster_6_1960.BMP,O+
/Users/a75027/Desktop/compsci 760/datasets/O+/cluster_6_1968.BMP,ok,0.5734223300970874,57.34223300970874,False,normal,96,103,5670,9888,O+/cluster_6_1968.BMP,O+
/Users/a75027/Desktop/compsci 760/datasets/O+/cluster_6_1981.BMP,ok,0.7576860841423948,75.76860841423948,False,normal,96,103,7492,9888,O+/cluster_6_1981.BMP,O+
/Users/a75027/Desktop/compsci 760/datasets/O+/cluster_6_1984.BMP,ok,0.8541666666666666,85.41666666666666,False,normal,96,103,8446,9888,O+/cluster_6_1984.BMP,O+
/Users/a75027/Desktop/compsci 760/datasets/O+/cluster_6_1987.BMP,ok,0.8708535598705501,87.08535598705501,False,normal,96,103,8611,9888,O+/cluster_6_1987.BMP,O+
/Users/a75027/Desktop/compsci 760/datasets/O+/cluster_6_1991.BMP,ok,0.7713389967637541,77.1338996763754,False,normal,96,103,7627,9888,O+/cluster_6_1991.BMP,O+
/Users/a75027/Desktop/compsci 760/datasets/O+/cluster_6_1995.BMP,ok,0.8022855987055016,80.22855987055017,False,normal,96,103,7933,9888,O+/cluster_6_1995.BMP,O+
/Users/a75027/Desktop/compsci 760/datasets/O+/cluster_6_1996.BMP,ok,0.7388754045307443,73.88754045307444,False,normal,96,103,7306,9888,O+/cluster_6_1996.BMP,O+
/Users/a75027/Desktop/compsci 760/datasets/O+/cluster_6_1999.BMP,ok,0.7806432038834952,78.06432038834951,False,normal,96,103,7719,9888,O+/cluster_6_1999.BMP,O+
/Users/a75027/Desktop/compsci 760/datasets/O+/cluster_6_2003.BMP,ok,0.8372775080906149,83.72775080906149,False,normal,96,103,8279,9888,O+/cluster_6_2003.BMP,O+
/Users/a75027/Desktop/compsci 760/datasets/O+/cluster_6_2009.BMP,ok,0.7461569579288025,74.61569579288026,False,normal,96,103,7378,9888,O+/cluster_6_2009.BMP,O+
/Users/a75027/Desktop/compsci 760/datasets/O+/cluster_6_2020.BMP,ok,0.7765978964401294,77.65978964401295,False,normal,96,103,7679,9888,O+/cluster_6_2020.BMP,O+
/Users/a75027/Desktop/compsci 760/datasets/O+/cluster_6_2031.BMP,ok,0.7018608414239482,70.18608414239482,False,normal,96,103,6940,9888,O+/cluster_6_2031.BMP,O+
/Users/a75027/Desktop/compsci 760/datasets/O+/cluster_6_2054.BMP,ok,0.7197613268608414,71.97613268608414,False,normal,96,103,7117,9888,O+/cluster_6_2054.BMP,O+
/Users/a75027/Desktop/compsci 760/datasets/O+/cluster_6_206.BMP,ok,0.8193770226537217,81.93770226537217,False,normal,96,103,8102,9888,O+/cluster_6_206.BMP,O+
/Users/a75027/Desktop/compsci 760/datasets/O+/cluster_6_2070.BMP,ok,0.8438511326860841,84.38511326860841,False,normal,96,103,8344,9888,O+/cluster_6_2070.BMP,O+
/Users/a75027/Desktop/compsci 760/datasets/O+/cluster_6_2074.BMP,ok,0.7555622977346278,75.55622977346277,False,normal,96,103,7471,9888,O+/cluster_6_2074.BMP,O+
/Users/a75027/Desktop/compsci 760/datasets/O+/cluster_6_2078.BMP,ok,0.749292071197411,74.92920711974111,False,normal,96,103,7409,9888,O+/cluster_6_2078.BMP,O+
/Users/a75027/Desktop/compsci 760/datasets/O+/cluster_6_2080.BMP,ok,0.6815331715210357,68.15331715210357,False,normal,96,103,6739,9888,O+/cluster_6_2080.BMP,O+
/Users/a75027/Desktop/compsci 760/datasets/O+/cluster_6_2090.BMP,ok,0.7617313915857605,76.17313915857605,False,normal,96,103,7532,9888,O+/cluster_6_2090.BMP,O+
/Users/a75027/Desktop/compsci 760/datasets/O+/cluster_6_2096.BMP,ok,0.7851941747572816,78.51941747572816,False,normal,96,103,7764,9888,O+/cluster_6_2096.BMP,O+
/Users/a75027/Desktop/compsci 760/datasets/O+/cluster_6_2112.BMP,ok,0.6830501618122977,68.30501618122977,False,normal,96,103,6754,9888,O+/cluster_6_2112.BMP,O+
/Users/a75027/Desktop/compsci 760/datasets/O+/cluster_6_212.BMP,ok,0.7687095469255664,76.87095469255664,False,normal,96,103,7601,9888,O+/cluster_6_212.BMP,O+
/Users/a75027/Desktop/compsci 760/datasets/O+/cluster_6_2123.BMP,ok,0.8528519417475728,85.28519417475728,False,normal,96,103,8433,9888,O+/cluster_6_2123.BMP,O+
/Users/a75027/Desktop/compsci 760/datasets/O+/cluster_6_2130.BMP,ok,0.8485032362459547,84.85032362459548,False,normal,96,103,8390,9888,O+/cluster_6_2130.BMP,O+
/Users/a75027/Desktop/compsci 760/datasets/O+/cluster_6_2131.BMP,ok,0.7351334951456311,73.5133495145631,False,normal,96,103,7269,9888,O+/cluster_6_2131.BMP,O+
/Users/a75027/Desktop/compsci 760/datasets/O+/cluster_6_2137.BMP,ok,0.7497977346278317,74.97977346278317,False,normal,96,103,7414,9888,O+/cluster_6_2137.BMP,O+
/Users/a75027/Desktop/compsci 760/datasets/O+/cluster_6_2149.BMP,ok,0.7829692556634305,78.29692556634305,False,normal,96,103,7742,9888,O+/cluster_6_2149.BMP,O+
/Users/a75027/Desktop/compsci 760/datasets/O+/cluster_6_2154.BMP,ok,0.7109627831715211,71.09627831715211,False,normal,96,103,7030,9888,O+/cluster_6_2154.BMP,O+
/Users/a75027/Desktop/compsci 760/datasets/O+/cluster_6_2158.BMP,ok,0.7754854368932039,77.5485436893204,False,normal,96,103,7668,9888,O+/cluster_6_2158.BMP,O+
/Users/a75027/Desktop/compsci 760/datasets/O+/cluster_6_2165.BMP,ok,0.7370550161812298,73.70550161812298,False,normal,96,103,7288,9888,O+/cluster_6_2165.BMP,O+
/Users/a75027/Desktop/compsci 760/datasets/O+/cluster_6_2167.BMP,ok,0.88915857605178,88.91585760517799,False,normal,96,103,8792,9888,O+/cluster_6_2167.BMP,O+
/Users/a75027/Desktop/compsci 760/datasets/O+/cluster_6_2169.BMP,ok,0.6417880258899676,64.17880258899676,False,normal,96,103,6346,9888,O+/cluster_6_2169.BMP,O+
/Users/a75027/Desktop/compsci 760/datasets/O+/cluster_6_2177.BMP,ok,0.8513349514563107,85.13349514563106,False,normal,96,103,8418,9888,O+/cluster_6_2177.BMP,O+
/Users/a75027/Desktop/compsci 760/datasets/O+/cluster_6_2185.BMP,ok,0.7927791262135923,79.27791262135922,False,normal,96,103,7839,9888,O+/cluster_6_2185.BMP,O+
/Users/a75027/Desktop/compsci 760/datasets/O+/cluster_6_2190.BMP,ok,0.6928600323624595,69.28600323624595,False,normal,96,103,6851,9888,O+/cluster_6_2190.BMP,O+
/Users/a75027/Desktop/compsci 760/datasets/O+/cluster_6_2198.BMP,ok,0.6838592233009708,68.38592233009709,False,normal,96,103,6762,9888,O+/cluster_6_2198.BMP,O+
/Users/a75027/Desktop/compsci 760/datasets/O+/cluster_6_2226.BMP,ok,0.7196601941747572,71.96601941747572,False,normal,96,103,7116,9888,O+/cluster_6_2226.BMP,O+
/Users/a75027/Desktop/compsci 760/datasets/O+/cluster_6_2236.BMP,ok,0.7935881877022654,79.35881877022653,False,normal,96,103,7847,9888,O+/cluster_6_2236.BMP,O+
/Users/a75027/Desktop/compsci 760/datasets/O+/cluster_6_2244.BMP,ok,0.7870145631067961,78.7014563106796,False,normal,96,103,7782,9888,O+/cluster_6_2244.BMP,O+
/Users/a75027/Desktop/compsci 760/datasets/O+/cluster_6_2249.BMP,ok,0.8396035598705501,83.96035598705501,False,normal,96,103,8302,9888,O+/cluster_6_2249.BMP,O+
/Users/a75027/Desktop/compsci 760/datasets/O+/cluster_6_2252.BMP,ok,0.8192758899676376,81.92758899676376,False,normal,96,103,8101,9888,O+/cluster_6_2252.BMP,O+
/Users/a75027/Desktop/compsci 760/datasets/O+/cluster_6_2265.BMP,ok,0.8254449838187702,82.54449838187702,False,normal,96,103,8162,9888,O+/cluster_6_2265.BMP,O+
/Users/a75027/Desktop/compsci 760/datasets/O+/cluster_6_2278.BMP,ok,0.7914644012944984,79.14644012944983,False,normal,96,103,7826,9888,O+/cluster_6_2278.BMP,O+
/Users/a75027/Desktop/compsci 760/datasets/O+/cluster_6_2281.BMP,ok,0.7773058252427184,77.73058252427184,False,normal,96,103,7686,9888,O+/cluster_6_2281.BMP,O+
/Users/a75027/Desktop/compsci 760/datasets/O+/cluster_6_2283.BMP,ok,0.7698220064724919,76.98220064724919,False,normal,96,103,7612,9888,O+/cluster_6_2283.BMP,O+
/Users/a75027/Desktop/compsci 760/datasets/O+/cluster_6_2285.BMP,ok,0.767799352750809,76.7799352750809,False,normal,96,103,7592,9888,O+/cluster_6_2285.BMP,O+
/Users/a75027/Desktop/compsci 760/datasets/O+/cluster_6_2288.BMP,ok,0.8264563106796117,82.64563106796116,False,normal,96,103,8172,9888,O+/cluster_6_2288.BMP,O+
/Users/a75027/Desktop/compsci 760/datasets/O+/cluster_6_229.BMP,ok,0.856593851132686,85.6593851132686,False,normal,96,103,8470,9888,O+/cluster_6_229.BMP,O+
/Users/a75027/Desktop/compsci 760/datasets/O+/cluster_6_2291.BMP,ok,0.8087580906148867,80.87580906148867,False,normal,96,103,7997,9888,O+/cluster_6_2291.BMP,O+
/Users/a75027/Desktop/compsci 760/datasets/O+/cluster_6_2296.BMP,ok,0.59375,59.375,False,normal,96,103,5871,9888,O+/cluster_6_2296.BMP,O+
/Users/a75027/Desktop/compsci 760/datasets/O+/cluster_6_2299.BMP,ok,0.7914644012944984,79.14644012944983,False,normal,96,103,7826,9888,O+/cluster_6_2299.BMP,O+
/Users/a75027/Desktop/compsci 760/datasets/O+/cluster_6_230.BMP,ok,0.7945995145631068,79.45995145631069,False,normal,96,103,7857,9888,O+/cluster_6_230.BMP,O+
/Users/a75027/Desktop/compsci 760/datasets/O+/cluster_6_2310.BMP,ok,0.7758899676375405,77.58899676375405,False,normal,96,103,7672,9888,O+/cluster_6_2310.BMP,O+
/Users/a75027/Desktop/compsci 760/datasets/O+/cluster_6_2330.BMP,ok,0.8677184466019418,86.77184466019418,False,normal,96,103,8580,9888,O+/cluster_6_2330.BMP,O+
/Users/a75027/Desktop/compsci 760/datasets/O+/cluster_6_2340.BMP,ok,0.7978357605177994,79.78357605177993,False,normal,96,103,7889,9888,O+/cluster_6_2340.BMP,O+
/Users/a75027/Desktop/compsci 760/datasets/O+/cluster_6_2342.BMP,ok,0.7886326860841424,78.86326860841424,False,normal,96,103,7798,9888,O+/cluster_6_2342.BMP,O+
/Users/a75027/Desktop/compsci 760/datasets/O+/cluster_6_2346.BMP,ok,0.8693365695792881,86.9336569579288,False,normal,96,103,8596,9888,O+/cluster_6_2346.BMP,O+
/Users/a75027/Desktop/compsci 760/datasets/O+/cluster_6_2349.BMP,ok,0.8413228155339806,84.13228155339806,False,normal,96,103,8319,9888,O+/cluster_6_2349.BMP,O+
/Users/a75027/Desktop/compsci 760/datasets/O+/cluster_6_2351.BMP,ok,0.7508090614886731,75.08090614886731,False,normal,96,103,7424,9888,O+/cluster_6_2351.BMP,O+
/Users/a75027/Desktop/compsci 760/datasets/O+/cluster_6_2353.BMP,ok,0.8399069579288025,83.99069579288026,False,normal,96,103,8305,9888,O+/cluster_6_2353.BMP,O+
/Users/a75027/Desktop/compsci 760/datasets/O+/cluster_6_2359.BMP,ok,1.0,100.0,True,coverage_too_high,96,103,9888,9888,O+/cluster_6_2359.BMP,O+
/Users/a75027/Desktop/compsci 760/datasets/O+/cluster_6_2360.BMP,ok,0.7461569579288025,74.61569579288026,False,normal,96,103,7378,9888,O+/cluster_6_2360.BMP,O+
/Users/a75027/Desktop/compsci 760/datasets/O+/cluster_6_2361.BMP,ok,0.8135113268608414,81.35113268608414,False,normal,96,103,8044,9888,O+/cluster_6_2361.BMP,O+
/Users/a75027/Desktop/compsci 760/datasets/O+/cluster_6_2365.BMP,ok,0.8048139158576052,80.48139158576052,False,normal,96,103,7958,9888,O+/cluster_6_2365.BMP,O+
/Users/a75027/Desktop/compsci 760/datasets/O+/cluster_6_2366.BMP,ok,0.8105784789644013,81.05784789644012,False,normal,96,103,8015,9888,O+/cluster_6_2366.BMP,O+
/Users/a75027/Desktop/compsci 760/datasets/O+/cluster_6_2384.BMP,ok,0.7935881877022654,79.35881877022653,False,normal,96,103,7847,9888,O+/cluster_6_2384.BMP,O+
/Users/a75027/Desktop/compsci 760/datasets/O+/cluster_6_2385.BMP,ok,0.7669902912621359,76.69902912621359,False,normal,96,103,7584,9888,O+/cluster_6_2385.BMP,O+
/Users/a75027/Desktop/compsci 760/datasets/O+/cluster_6_2393.BMP,ok,0.7165250809061489,71.65250809061489,False,normal,96,103,7085,9888,O+/cluster_6_2393.BMP,O+
/Users/a75027/Desktop/compsci 760/datasets/O+/cluster_6_2402.BMP,ok,0.8528519417475728,85.28519417475728,False,normal,96,103,8433,9888,O+/cluster_6_2402.BMP,O+
/Users/a75027/Desktop/compsci 760/datasets/O+/cluster_6_2404.BMP,ok,0.7687095469255664,76.87095469255664,False,normal,96,103,7601,9888,O+/cluster_6_2404.BMP,O+
/Users/a75027/Desktop/compsci 760/datasets/O+/cluster_6_2406.BMP,ok,0.8677184466019418,86.77184466019418,False,normal,96,103,8580,9888,O+/cluster_6_2406.BMP,O+
/Users/a75027/Desktop/compsci 760/datasets/O+/cluster_6_2408.BMP,ok,0.7081310679611651,70.81310679611651,False,normal,96,103,7002,9888,O+/cluster_6_2408.BMP,O+
/Users/a75027/Desktop/compsci 760/datasets/O+/cluster_6_2424.BMP,ok,0.7181432038834952,71.81432038834951,False,normal,96,103,7101,9888,O+/cluster_6_2424.BMP,O+
/Users/a75027/Desktop/compsci 760/datasets/O+/cluster_6_2425.BMP,ok,0.7577872168284789,75.77872168284789,False,normal,96,103,7493,9888,O+/cluster_6_2425.BMP,O+
/Users/a75027/Desktop/compsci 760/datasets/O+/cluster_6_2428.BMP,ok,0.7598098705501618,75.98098705501619,False,normal,96,103,7513,9888,O+/cluster_6_2428.BMP,O+
/Users/a75027/Desktop/compsci 760/datasets/O+/cluster_6_2431.BMP,ok,0.8420307443365695,84.20307443365695,False,normal,96,103,8326,9888,O+/cluster_6_2431.BMP,O+
/Users/a75027/Desktop/compsci 760/datasets/O+/cluster_6_2435.BMP,ok,0.7665857605177994,76.65857605177993,False,normal,96,103,7580,9888,O+/cluster_6_2435.BMP,O+
/Users/a75027/Desktop/compsci 760/datasets/O+/cluster_6_2449.BMP,ok,0.7715412621359223,77.15412621359224,False,normal,96,103,7629,9888,O+/cluster_6_2449.BMP,O+
/Users/a75027/Desktop/compsci 760/datasets/O+/cluster_6_245.BMP,ok,0.7898462783171522,78.98462783171522,False,normal,96,103,7810,9888,O+/cluster_6_245.BMP,O+
/Users/a75027/Desktop/compsci 760/datasets/O+/cluster_6_2451.BMP,ok,0.7504045307443366,75.04045307443366,False,normal,96,103,7420,9888,O+/cluster_6_2451.BMP,O+
/Users/a75027/Desktop/compsci 760/datasets/O+/cluster_6_2460.BMP,ok,0.7658778317152104,76.58778317152104,False,normal,96,103,7573,9888,O+/cluster_6_2460.BMP,O+
/Users/a75027/Desktop/compsci 760/datasets/O+/cluster_6_2467.BMP,ok,0.7391788025889967,73.91788025889967,False,normal,96,103,7309,9888,O+/cluster_6_2467.BMP,O+
/Users/a75027/Desktop/compsci 760/datasets/O+/cluster_6_2473.BMP,ok,0.8169498381877023,81.69498381877023,False,normal,96,103,8078,9888,O+/cluster_6_2473.BMP,O+
/Users/a75027/Desktop/compsci 760/datasets/O+/cluster_6_249.BMP,ok,0.8743932038834952,87.43932038834951,False,normal,96,103,8646,9888,O+/cluster_6_249.BMP,O+
/Users/a75027/Desktop/compsci 760/datasets/O+/cluster_6_2500.BMP,ok,0.8069377022653722,80.69377022653723,False,normal,96,103,7979,9888,O+/cluster_6_2500.BMP,O+
/Users/a75027/Desktop/compsci 760/datasets/O+/cluster_6_2502.BMP,ok,0.7875202265372169,78.75202265372168,False,normal,96,103,7787,9888,O+/cluster_6_2502.BMP,O+
/Users/a75027/Desktop/compsci 760/datasets/O+/cluster_6_2503.BMP,ok,0.8086569579288025,80.86569579288026,False,normal,96,103,7996,9888,O+/cluster_6_2503.BMP,O+
/Users/a75027/Desktop/compsci 760/datasets/O+/cluster_6_2514.BMP,ok,0.7746763754045307,77.46763754045307,False,normal,96,103,7660,9888,O+/cluster_6_2514.BMP,O+
/Users/a75027/Desktop/compsci 760/datasets/O+/cluster_6_2519.BMP,ok,0.8867313915857605,88.67313915857605,False,normal,96,103,8768,9888,O+/cluster_6_2519.BMP,O+
/Users/a75027/Desktop/compsci 760/datasets/O+/cluster_6_252.BMP,ok,0.8605380258899676,86.05380258899676,False,normal,96,103,8509,9888,O+/cluster_6_252.BMP,O+
/Users/a75027/Desktop/compsci 760/datasets/O+/cluster_6_2520.BMP,ok,0.7794296116504854,77.94296116504854,False,normal,96,103,7707,9888,O+/cluster_6_2520.BMP,O+
/Users/a75027/Desktop/compsci 760/datasets/O+/cluster_6_2521.BMP,ok,0.8213996763754046,82.13996763754045,False,normal,96,103,8122,9888,O+/cluster_6_2521.BMP,O+
/Users/a75027/Desktop/compsci 760/datasets/O+/cluster_6_2524.BMP,ok,0.7127831715210357,71.27831715210357,False,normal,96,103,7048,9888,O+/cluster_6_2524.BMP,O+
/Users/a75027/Desktop/compsci 760/datasets/O+/cluster_6_2526.BMP,ok,0.7703276699029126,77.03276699029125,False,normal,96,103,7617,9888,O+/cluster_6_2526.BMP,O+
/Users/a75027/Desktop/compsci 760/datasets/O+/cluster_6_2537.BMP,ok,0.7463592233009708,74.63592233009709,False,normal,96,103,7380,9888,O+/cluster_6_2537.BMP,O+
/Users/a75027/Desktop/compsci 760/datasets/O+/cluster_6_2545.BMP,ok,0.8090614886731392,80.90614886731392,False,normal,96,103,8000,9888,O+/cluster_6_2545.BMP,O+
/Users/a75027/Desktop/compsci 760/datasets/O+/cluster_6_2548.BMP,ok,0.7404935275080906,74.04935275080906,False,normal,96,103,7322,9888,O+/cluster_6_2548.BMP,O+
/Users/a75027/Desktop/compsci 760/datasets/O+/cluster_6_2550.BMP,ok,0.7653721682847896,76.53721682847896,False,normal,96,103,7568,9888,O+/cluster_6_2550.BMP,O+
/Users/a75027/Desktop/compsci 760/datasets/O+/cluster_6_2551.BMP,ok,0.8053195792880259,80.53195792880258,False,normal,96,103,7963,9888,O+/cluster_6_2551.BMP,O+
/Users/a75027/Desktop/compsci 760/datasets/O+/cluster_6_2555.BMP,ok,0.7848907766990292,78.48907766990291,False,normal,96,103,7761,9888,O+/cluster_6_2555.BMP,O+
/Users/a75027/Desktop/compsci 760/datasets/O+/cluster_6_2566.BMP,ok,0.7789239482200647,77.89239482200647,False,normal,96,103,7702,9888,O+/cluster_6_2566.BMP,O+
/Users/a75027/Desktop/compsci 760/datasets/O+/cluster_6_2578.BMP,ok,0.7942961165048543,79.42961165048543,False,normal,96,103,7854,9888,O+/cluster_6_2578.BMP,O+
/Users/a75027/Desktop/compsci 760/datasets/O+/cluster_6_2586.BMP,ok,0.7942961165048543,79.42961165048543,False,normal,96,103,7854,9888,O+/cluster_6_2586.BMP,O+
/Users/a75027/Desktop/compsci 760/datasets/O+/cluster_6_2591.BMP,ok,0.6572613268608414,65.72613268608414,False,normal,96,103,6499,9888,O+/cluster_6_2591.BMP,O+
/Users/a75027/Desktop/compsci 760/datasets/O+/cluster_6_2595.BMP,ok,0.7978357605177994,79.78357605177993,False,normal,96,103,7889,9888,O+/cluster_6_2595.BMP,O+
/Users/a75027/Desktop/compsci 760/datasets/O+/cluster_6_2617.BMP,ok,0.7653721682847896,76.53721682847896,False,normal,96,103,7568,9888,O+/cluster_6_2617.BMP,O+
/Users/a75027/Desktop/compsci 760/datasets/O+/cluster_6_2629.BMP,ok,0.7265372168284789,72.65372168284789,False,normal,96,103,7184,9888,O+/cluster_6_2629.BMP,O+
/Users/a75027/Desktop/compsci 760/datasets/O+/cluster_6_2630.BMP,ok,0.8084546925566343,80.84546925566343,False,normal,96,103,7994,9888,O+/cluster_6_2630.BMP,O+
/Users/a75027/Desktop/compsci 760/datasets/O+/cluster_6_2631.BMP,ok,0.7257281553398058,72.57281553398059,False,normal,96,103,7176,9888,O+/cluster_6_2631.BMP,O+
/Users/a75027/Desktop/compsci 760/datasets/O+/cluster_6_2635.BMP,ok,0.8114886731391586,81.14886731391586,False,normal,96,103,8024,9888,O+/cluster_6_2635.BMP,O+
/Users/a75027/Desktop/compsci 760/datasets/O+/cluster_6_2637.BMP,ok,0.8105784789644013,81.05784789644012,False,normal,96,103,8015,9888,O+/cluster_6_2637.BMP,O+
/Users/a75027/Desktop/compsci 760/datasets/O+/cluster_6_2639.BMP,ok,0.8128033980582524,81.28033980582524,False,normal,96,103,8037,9888,O+/cluster_6_2639.BMP,O+
/Users/a75027/Desktop/compsci 760/datasets/O+/cluster_6_2644.BMP,ok,0.7524271844660194,75.24271844660194,False,normal,96,103,7440,9888,O+/cluster_6_2644.BMP,O+
/Users/a75027/Desktop/compsci 760/datasets/O+/cluster_6_2651.BMP,ok,0.7620347896440129,76.2034789644013,False,normal,96,103,7535,9888,O+/cluster_6_2651.BMP,O+
/Users/a75027/Desktop/compsci 760/datasets/O+/cluster_6_2660.BMP,ok,0.7751820388349514,77.51820388349515,False,normal,96,103,7665,9888,O+/cluster_6_2660.BMP,O+
/Users/a75027/Desktop/compsci 760/datasets/O+/cluster_6_2668.BMP,ok,0.7454490291262136,74.54490291262135,False,normal,96,103,7371,9888,O+/cluster_6_2668.BMP,O+
/Users/a75027/Desktop/compsci 760/datasets/O+/cluster_6_267.BMP,ok,0.7342233009708737,73.42233009708737,False,normal,96,103,7260,9888,O+/cluster_6_267.BMP,O+
/Users/a75027/Desktop/compsci 760/datasets/O+/cluster_6_2674.BMP,ok,0.6850728155339806,68.50728155339806,False,normal,96,103,6774,9888,O+/cluster_6_2674.BMP,O+
/Users/a75027/Desktop/compsci 760/datasets/O+/cluster_6_2677.BMP,ok,0.8225121359223301,82.25121359223301,False,normal,96,103,8133,9888,O+/cluster_6_2677.BMP,O+
/Users/a75027/Desktop/compsci 760/datasets/O+/cluster_6_2683.BMP,ok,0.7609223300970874,76.09223300970875,False,normal,96,103,7524,9888,O+/cluster_6_2683.BMP,O+
/Users/a75027/Desktop/compsci 760/datasets/O+/cluster_6_2692.BMP,ok,0.8094660194174758,80.94660194174757,False,normal,96,103,8004,9888,O+/cluster_6_2692.BMP,O+
/Users/a75027/Desktop/compsci 760/datasets/O+/cluster_6_2695.BMP,ok,0.8220064724919094,82.20064724919094,False,normal,96,103,8128,9888,O+/cluster_6_2695.BMP,O+
/Users/a75027/Desktop/compsci 760/datasets/O+/cluster_6_2696.BMP,ok,0.8208940129449838,82.08940129449837,False,normal,96,103,8117,9888,O+/cluster_6_2696.BMP,O+
/Users/a75027/Desktop/compsci 760/datasets/O+/cluster_6_2708.BMP,ok,0.7256270226537217,72.56270226537217,False,normal,96,103,7175,9888,O+/cluster_6_2708.BMP,O+
/Users/a75027/Desktop/compsci 760/datasets/O+/cluster_6_2710.BMP,ok,0.8577063106796117,85.77063106796116,False,normal,96,103,8481,9888,O+/cluster_6_2710.BMP,O+
/Users/a75027/Desktop/compsci 760/datasets/O+/cluster_6_2721.BMP,ok,0.8053195792880259,80.53195792880258,False,normal,96,103,7963,9888,O+/cluster_6_2721.BMP,O+
/Users/a75027/Desktop/compsci 760/datasets/O+/cluster_6_2733.BMP,ok,0.799656148867314,79.9656148867314,False,normal,96,103,7907,9888,O+/cluster_6_2733.BMP,O+
/Users/a75027/Desktop/compsci 760/datasets/O+/cluster_6_2735.BMP,ok,0.885720064724919,88.5720064724919,False,normal,96,103,8758,9888,O+/cluster_6_2735.BMP,O+
/Users/a75027/Desktop/compsci 760/datasets/O+/cluster_6_2744.BMP,ok,1.0,100.0,True,coverage_too_high,96,103,9888,9888,O+/cluster_6_2744.BMP,O+
/Users/a75027/Desktop/compsci 760/datasets/O+/cluster_6_2748.BMP,ok,0.8230177993527508,82.30177993527508,False,normal,96,103,8138,9888,O+/cluster_6_2748.BMP,O+
/Users/a75027/Desktop/compsci 760/datasets/O+/cluster_6_2749.BMP,ok,0.7587985436893204,75.87985436893204,False,normal,96,103,7503,9888,O+/cluster_6_2749.BMP,O+
/Users/a75027/Desktop/compsci 760/datasets/O+/cluster_6_2755.BMP,ok,0.7924757281553398,79.24757281553399,False,normal,96,103,7836,9888,O+/cluster_6_2755.BMP,O+
/Users/a75027/Desktop/compsci 760/datasets/O+/cluster_6_2769.BMP,ok,0.7189522653721683,71.89522653721683,False,normal,96,103,7109,9888,O+/cluster_6_2769.BMP,O+
/Users/a75027/Desktop/compsci 760/datasets/O+/cluster_6_2770.BMP,ok,0.7597087378640777,75.97087378640776,False,normal,96,103,7512,9888,O+/cluster_6_2770.BMP,O+
/Users/a75027/Desktop/compsci 760/datasets/O+/cluster_6_2783.BMP,ok,0.7282564724919094,72.82564724919094,False,normal,96,103,7201,9888,O+/cluster_6_2783.BMP,O+
/Users/a75027/Desktop/compsci 760/datasets/O+/cluster_6_2786.BMP,ok,0.8431432038834952,84.31432038834951,False,normal,96,103,8337,9888,O+/cluster_6_2786.BMP,O+
/Users/a75027/Desktop/compsci 760/datasets/O+/cluster_6_279.BMP,ok,0.777002427184466,77.7002427184466,False,normal,96,103,7683,9888,O+/cluster_6_279.BMP,O+
/Users/a75027/Desktop/compsci 760/datasets/O+/cluster_6_2806.BMP,ok,0.8357605177993528,83.57605177993528,False,normal,96,103,8264,9888,O+/cluster_6_2806.BMP,O+
/Users/a75027/Desktop/compsci 760/datasets/O+/cluster_6_2810.BMP,ok,0.8129045307443366,81.29045307443366,False,normal,96,103,8038,9888,O+/cluster_6_2810.BMP,O+
/Users/a75027/Desktop/compsci 760/datasets/O+/cluster_6_2811.BMP,ok,0.8285800970873787,82.85800970873787,False,normal,96,103,8193,9888,O+/cluster_6_2811.BMP,O+
/Users/a75027/Desktop/compsci 760/datasets/O+/cluster_6_2813.BMP,ok,0.7638551779935275,76.38551779935275,False,normal,96,103,7553,9888,O+/cluster_6_2813.BMP,O+
/Users/a75027/Desktop/compsci 760/datasets/O+/cluster_6_2817.BMP,ok,0.7420105177993528,74.20105177993528,False,normal,96,103,7337,9888,O+/cluster_6_2817.BMP,O+
/Users/a75027/Desktop/compsci 760/datasets/O+/cluster_6_2819.BMP,ok,0.6895226537216829,68.95226537216828,False,normal,96,103,6818,9888,O+/cluster_6_2819.BMP,O+
/Users/a75027/Desktop/compsci 760/datasets/O+/cluster_6_2839.BMP,ok,0.7480784789644013,74.80784789644012,False,normal,96,103,7397,9888,O+/cluster_6_2839.BMP,O+
/Users/a75027/Desktop/compsci 760/datasets/O+/cluster_6_2844.BMP,ok,0.8784385113268608,87.84385113268608,False,normal,96,103,8686,9888,O+/cluster_6_2844.BMP,O+
/Users/a75027/Desktop/compsci 760/datasets/O+/cluster_6_2851.BMP,ok,0.6305622977346278,63.05622977346278,False,normal,96,103,6235,9888,O+/cluster_6_2851.BMP,O+
/Users/a75027/Desktop/compsci 760/datasets/O+/cluster_6_2857.BMP,ok,0.7920711974110033,79.20711974110033,False,normal,96,103,7832,9888,O+/cluster_6_2857.BMP,O+
/Users/a75027/Desktop/compsci 760/datasets/O+/cluster_6_2858.BMP,ok,0.8539644012944984,85.39644012944983,False,normal,96,103,8444,9888,O+/cluster_6_2858.BMP,O+
/Users/a75027/Desktop/compsci 760/datasets/O+/cluster_6_2863.BMP,ok,0.7509101941747572,75.09101941747572,False,normal,96,103,7425,9888,O+/cluster_6_2863.BMP,O+
/Users/a75027/Desktop/compsci 760/datasets/O+/cluster_6_2865.BMP,ok,0.7931836569579288,79.31836569579288,False,normal,96,103,7843,9888,O+/cluster_6_2865.BMP,O+
/Users/a75027/Desktop/compsci 760/datasets/O+/cluster_6_2874.BMP,ok,0.8641788025889967,86.41788025889967,False,normal,96,103,8545,9888,O+/cluster_6_2874.BMP,O+
/Users/a75027/Desktop/compsci 760/datasets/O+/cluster_6_2892.BMP,ok,0.7042941880865521,70.42941880865521,False,normal,241,298,50581,71818,O+/cluster_6_2892.BMP,O+
/Users/a75027/Desktop/compsci 760/datasets/O+/cluster_6_2897.BMP,ok,0.7910598705501618,79.10598705501619,False,normal,96,103,7822,9888,O+/cluster_6_2897.BMP,O+
/Users/a75027/Desktop/compsci 760/datasets/O+/cluster_6_29.BMP,ok,0.7934870550161812,79.34870550161813,False,normal,96,103,7846,9888,O+/cluster_6_29.BMP,O+
/Users/a75027/Desktop/compsci 760/datasets/O+/cluster_6_2903.BMP,ok,0.770529935275081,77.0529935275081,False,normal,96,103,7619,9888,O+/cluster_6_2903.BMP,O+
/Users/a75027/Desktop/compsci 760/datasets/O+/cluster_6_2918.BMP,ok,0.848705501618123,84.8705501618123,False,normal,96,103,8392,9888,O+/cluster_6_2918.BMP,O+
/Users/a75027/Desktop/compsci 760/datasets/O+/cluster_6_2924.BMP,ok,0.74292071197411,74.292071197411,False,normal,96,103,7346,9888,O+/cluster_6_2924.BMP,O+
/Users/a75027/Desktop/compsci 760/datasets/O+/cluster_6_2928.BMP,ok,0.8196804207119741,81.96804207119742,False,normal,96,103,8105,9888,O+/cluster_6_2928.BMP,O+
/Users/a75027/Desktop/compsci 760/datasets/O+/cluster_6_2941.BMP,ok,0.7766990291262136,77.66990291262135,False,normal,96,103,7680,9888,O+/cluster_6_2941.BMP,O+
/Users/a75027/Desktop/compsci 760/datasets/O+/cluster_6_2945.BMP,ok,0.8059263754045307,80.59263754045307,False,normal,96,103,7969,9888,O+/cluster_6_2945.BMP,O+
/Users/a75027/Desktop/compsci 760/datasets/O+/cluster_6_2957.BMP,ok,0.7262338187702265,72.62338187702265,False,normal,96,103,7181,9888,O+/cluster_6_2957.BMP,O+
/Users/a75027/Desktop/compsci 760/datasets/O+/cluster_6_2963.BMP,ok,0.7054004854368932,70.54004854368931,False,normal,96,103,6975,9888,O+/cluster_6_2963.BMP,O+
/Users/a75027/Desktop/compsci 760/datasets/O+/cluster_6_2974.BMP,ok,0.7162216828478964,71.62216828478964,False,normal,96,103,7082,9888,O+/cluster_6_2974.BMP,O+
/Users/a75027/Desktop/compsci 760/datasets/O+/cluster_6_2976.BMP,ok,0.821703074433657,82.1703074433657,False,normal,96,103,8125,9888,O+/cluster_6_2976.BMP,O+
/Users/a75027/Desktop/compsci 760/datasets/O+/cluster_6_2985.BMP,ok,0.784081715210356,78.4081715210356,False,normal,96,103,7753,9888,O+/cluster_6_2985.BMP,O+
/Users/a75027/Desktop/compsci 760/datasets/O+/cluster_6_2986.BMP,ok,0.8016788025889967,80.16788025889967,False,normal,96,103,7927,9888,O+/cluster_6_2986.BMP,O+
/Users/a75027/Desktop/compsci 760/datasets/O+/cluster_6_2995.BMP,ok,0.6490695792880259,64.90695792880258,False,normal,96,103,6418,9888,O+/cluster_6_2995.BMP,O+
/Users/a75027/Desktop/compsci 760/datasets/O+/cluster_6_3.BMP,ok,0.8047127831715211,80.47127831715211,False,normal,96,103,7957,9888,O+/cluster_6_3.BMP,O+
/Users/a75027/Desktop/compsci 760/datasets/O+/cluster_6_30.BMP,ok,0.7176375404530745,71.76375404530745,False,normal,96,103,7096,9888,O+/cluster_6_30.BMP,O+
/Users/a75027/Desktop/compsci 760/datasets/O+/cluster_6_3001.BMP,ok,0.7685072815533981,76.85072815533981,False,normal,96,103,7599,9888,O+/cluster_6_3001.BMP,O+
/Users/a75027/Desktop/compsci 760/datasets/O+/cluster_6_3010.BMP,ok,0.7650687702265372,76.50687702265373,False,normal,96,103,7565,9888,O+/cluster_6_3010.BMP,O+
/Users/a75027/Desktop/compsci 760/datasets/O+/cluster_6_3024.BMP,ok,0.8201860841423948,82.01860841423948,False,normal,96,103,8110,9888,O+/cluster_6_3024.BMP,O+
/Users/a75027/Desktop/compsci 760/datasets/O+/cluster_6_3027.BMP,ok,0.715918284789644,71.5918284789644,False,normal,96,103,7079,9888,O+/cluster_6_3027.BMP,O+
/Users/a75027/Desktop/compsci 760/datasets/O+/cluster_6_3032.BMP,ok,0.8311084142394822,83.11084142394822,False,normal,96,103,8218,9888,O+/cluster_6_3032.BMP,O+
/Users/a75027/Desktop/compsci 760/datasets/O+/cluster_6_3036.BMP,ok,0.7653721682847896,76.53721682847896,False,normal,96,103,7568,9888,O+/cluster_6_3036.BMP,O+
/Users/a75027/Desktop/compsci 760/datasets/O+/cluster_6_305.BMP,ok,0.7734627831715211,77.34627831715211,False,normal,96,103,7648,9888,O+/cluster_6_305.BMP,O+
/Users/a75027/Desktop/compsci 760/datasets/O+/cluster_6_3050.BMP,ok,0.7401901294498382,74.01901294498381,False,normal,96,103,7319,9888,O+/cluster_6_3050.BMP,O+
/Users/a75027/Desktop/compsci 760/datasets/O+/cluster_6_3053.BMP,ok,0.7715412621359223,77.15412621359224,False,normal,96,103,7629,9888,O+/cluster_6_3053.BMP,O+
/Users/a75027/Desktop/compsci 760/datasets/O+/cluster_6_306.BMP,ok,0.8358616504854369,83.58616504854369,False,normal,96,103,8265,9888,O+/cluster_6_306.BMP,O+
/Users/a75027/Desktop/compsci 760/datasets/O+/cluster_6_3071.BMP,ok,0.7460558252427184,74.60558252427184,False,normal,96,103,7377,9888,O+/cluster_6_3071.BMP,O+
/Users/a75027/Desktop/compsci 760/datasets/O+/cluster_6_3072.BMP,ok,0.7510113268608414,75.10113268608414,False,normal,96,103,7426,9888,O+/cluster_6_3072.BMP,O+
/Users/a75027/Desktop/compsci 760/datasets/O+/cluster_6_3078.BMP,ok,0.7989482200647249,79.89482200647248,False,normal,96,103,7900,9888,O+/cluster_6_3078.BMP,O+
/Users/a75027/Desktop/compsci 760/datasets/O+/cluster_6_3084.BMP,ok,0.7438309061488673,74.38309061488673,False,normal,96,103,7355,9888,O+/cluster_6_3084.BMP,O+
/Users/a75027/Desktop/compsci 760/datasets/O+/cluster_6_3090.BMP,ok,0.8156351132686084,81.56351132686083,False,normal,96,103,8065,9888,O+/cluster_6_3090.BMP,O+
/Users/a75027/Desktop/compsci 760/datasets/O+/cluster_6_3093.BMP,ok,1.0,100.0,True,coverage_too_high,96,103,9888,9888,O+/cluster_6_3093.BMP,O+
/Users/a75027/Desktop/compsci 760/datasets/O+/cluster_6_3096.BMP,ok,0.7578883495145631,75.78883495145631,False,normal,96,103,7494,9888,O+/cluster_6_3096.BMP,O+
/Users/a75027/Desktop/compsci 760/datasets/O+/cluster_6_3112.BMP,ok,0.6976132686084142,69.76132686084142,False,normal,96,103,6898,9888,O+/cluster_6_3112.BMP,O+
/Users/a75027/Desktop/compsci 760/datasets/O+/cluster_6_3122.BMP,ok,0.6971076051779935,69.71076051779936,False,normal,96,103,6893,9888,O+/cluster_6_3122.BMP,O+
/Users/a75027/Desktop/compsci 760/datasets/O+/cluster_6_3124.BMP,ok,0.7399878640776699,73.99878640776699,False,normal,96,103,7317,9888,O+/cluster_6_3124.BMP,O+
/Users/a75027/Desktop/compsci 760/datasets/O+/cluster_6_3138.BMP,ok,0.7777103559870551,77.77103559870551,False,normal,96,103,7690,9888,O+/cluster_6_3138.BMP,O+
/Users/a75027/Desktop/compsci 760/datasets/O+/cluster_6_3140.BMP,ok,0.6989279935275081,69.89279935275081,False,normal,96,103,6911,9888,O+/cluster_6_3140.BMP,O+
/Users/a75027/Desktop/compsci 760/datasets/O+/cluster_6_3147.BMP,ok,0.8306027508090615,83.06027508090615,False,normal,96,103,8213,9888,O+/cluster_6_3147.BMP,O+
/Users/a75027/Desktop/compsci 760/datasets/O+/cluster_6_3153.BMP,ok,0.7849919093851133,78.49919093851133,False,normal,96,103,7762,9888,O+/cluster_6_3153.BMP,O+
/Users/a75027/Desktop/compsci 760/datasets/O+/cluster_6_3158.BMP,ok,1.0,100.0,True,coverage_too_high,96,103,9888,9888,O+/cluster_6_3158.BMP,O+
/Users/a75027/Desktop/compsci 760/datasets/O+/cluster_6_3167.BMP,ok,0.7474716828478964,74.74716828478964,False,normal,96,103,7391,9888,O+/cluster_6_3167.BMP,O+
/Users/a75027/Desktop/compsci 760/datasets/O+/cluster_6_3174.BMP,ok,0.8964401294498382,89.64401294498381,False,normal,96,103,8864,9888,O+/cluster_6_3174.BMP,O+
/Users/a75027/Desktop/compsci 760/datasets/O+/cluster_6_3181.BMP,ok,0.8227144012944984,82.27144012944983,False,normal,96,103,8135,9888,O+/cluster_6_3181.BMP,O+
/Users/a75027/Desktop/compsci 760/datasets/O+/cluster_6_3184.BMP,ok,0.7928802588996764,79.28802588996764,False,normal,96,103,7840,9888,O+/cluster_6_3184.BMP,O+
/Users/a75027/Desktop/compsci 760/datasets/O+/cluster_6_3191.BMP,ok,0.8168487055016181,81.68487055016182,False,normal,96,103,8077,9888,O+/cluster_6_3191.BMP,O+
/Users/a75027/Desktop/compsci 760/datasets/O+/cluster_6_3203.BMP,ok,0.3913834951456311,39.13834951456311,False,normal,96,103,3870,9888,O+/cluster_6_3203.BMP,O+
/Users/a75027/Desktop/compsci 760/datasets/O+/cluster_6_3224.BMP,ok,0.7898462783171522,78.98462783171522,False,normal,96,103,7810,9888,O+/cluster_6_3224.BMP,O+
/Users/a75027/Desktop/compsci 760/datasets/O+/cluster_6_3240.BMP,ok,0.7872168284789643,78.72168284789643,False,normal,96,103,7784,9888,O+/cluster_6_3240.BMP,O+
/Users/a75027/Desktop/compsci 760/datasets/O+/cluster_6_3251.BMP,ok,0.8629652103559871,86.2965210355987,False,normal,96,103,8533,9888,O+/cluster_6_3251.BMP,O+
/Users/a75027/Desktop/compsci 760/datasets/O+/cluster_6_3257.BMP,ok,0.8026901294498382,80.26901294498381,False,normal,96,103,7937,9888,O+/cluster_6_3257.BMP,O+
/Users/a75027/Desktop/compsci 760/datasets/O+/cluster_6_3262.BMP,ok,0.8952265372168284,89.52265372168284,False,normal,96,103,8852,9888,O+/cluster_6_3262.BMP,O+
/Users/a75027/Desktop/compsci 760/datasets/O+/cluster_6_3265.BMP,ok,0.8486043689320388,84.86043689320388,False,normal,96,103,8391,9888,O+/cluster_6_3265.BMP,O+
/Users/a75027/Desktop/compsci 760/datasets/O+/cluster_6_3279.BMP,ok,0.7968244336569579,79.68244336569579,False,normal,96,103,7879,9888,O+/cluster_6_3279.BMP,O+
/Users/a75027/Desktop/compsci 760/datasets/O+/cluster_6_328.BMP,ok,0.7679004854368932,76.79004854368931,False,normal,96,103,7593,9888,O+/cluster_6_328.BMP,O+
/Users/a75027/Desktop/compsci 760/datasets/O+/cluster_6_3280.BMP,ok,0.794093851132686,79.4093851132686,False,normal,96,103,7852,9888,O+/cluster_6_3280.BMP,O+
/Users/a75027/Desktop/compsci 760/datasets/O+/cluster_6_3281.BMP,ok,0.6907362459546925,69.07362459546925,False,normal,96,103,6830,9888,O+/cluster_6_3281.BMP,O+
/Users/a75027/Desktop/compsci 760/datasets/O+/cluster_6_3283.BMP,ok,0.7389765372168284,73.89765372168284,False,normal,96,103,7307,9888,O+/cluster_6_3283.BMP,O+
/Users/a75027/Desktop/compsci 760/datasets/O+/cluster_6_3285.BMP,ok,0.811084142394822,81.1084142394822,False,normal,96,103,8020,9888,O+/cluster_6_3285.BMP,O+
/Users/a75027/Desktop/compsci 760/datasets/O+/cluster_6_3296.BMP,ok,0.779126213592233,77.9126213592233,False,normal,96,103,7704,9888,O+/cluster_6_3296.BMP,O+
/Users/a75027/Desktop/compsci 760/datasets/O+/cluster_6_3297.BMP,ok,0.7896440129449838,78.96440129449837,False,normal,96,103,7808,9888,O+/cluster_6_3297.BMP,O+
/Users/a75027/Desktop/compsci 760/datasets/O+/cluster_6_3298.BMP,ok,0.7405946601941747,74.05946601941747,False,normal,96,103,7323,9888,O+/cluster_6_3298.BMP,O+
/Users/a75027/Desktop/compsci 760/datasets/O+/cluster_6_3303.BMP,ok,0.7588996763754046,75.88996763754045,False,normal,96,103,7504,9888,O+/cluster_6_3303.BMP,O+
/Users/a75027/Desktop/compsci 760/datasets/O+/cluster_6_3308.BMP,ok,0.7345266990291263,73.45266990291263,False,normal,96,103,7263,9888,O+/cluster_6_3308.BMP,O+
/Users/a75027/Desktop/compsci 760/datasets/O+/cluster_6_3322.BMP,ok,0.7709344660194175,77.09344660194175,False,normal,96,103,7623,9888,O+/cluster_6_3322.BMP,O+
/Users/a75027/Desktop/compsci 760/datasets/O+/cluster_6_3324.BMP,ok,0.7656755663430421,76.56755663430421,False,normal,96,103,7571,9888,O+/cluster_6_3324.BMP,O+
/Users/a75027/Desktop/compsci 760/datasets/O+/cluster_6_334.BMP,ok,0.7651699029126213,76.51699029126213,False,normal,96,103,7566,9888,O+/cluster_6_334.BMP,O+
/Users/a75027/Desktop/compsci 760/datasets/O+/cluster_6_3341.BMP,ok,1.0,100.0,True,coverage_too_high,96,103,9888,9888,O+/cluster_6_3341.BMP,O+
/Users/a75027/Desktop/compsci 760/datasets/O+/cluster_6_3349.BMP,ok,0.796217637540453,79.6217637540453,False,normal,96,103,7873,9888,O+/cluster_6_3349.BMP,O+
/Users/a75027/Desktop/compsci 760/datasets/O+/cluster_6_3355.BMP,ok,0.7615291262135923,76.15291262135922,False,normal,96,103,7530,9888,O+/cluster_6_3355.BMP,O+
/Users/a75027/Desktop/compsci 760/datasets/O+/cluster_6_336.BMP,ok,0.7440331715210357,74.40331715210357,False,normal,96,103,7357,9888,O+/cluster_6_336.BMP,O+
/Users/a75027/Desktop/compsci 760/datasets/O+/cluster_6_3362.BMP,ok,0.767799352750809,76.7799352750809,False,normal,96,103,7592,9888,O+/cluster_6_3362.BMP,O+
/Users/a75027/Desktop/compsci 760/datasets/O+/cluster_6_3377.BMP,ok,0.8160396440129449,81.60396440129449,False,normal,96,103,8069,9888,O+/cluster_6_3377.BMP,O+
/Users/a75027/Desktop/compsci 760/datasets/O+/cluster_6_3415.BMP,ok,0.6757776601966081,67.57776601966081,False,normal,241,298,48533,71818,O+/cluster_6_3415.BMP,O+
/Users/a75027/Desktop/compsci 760/datasets/O+/cluster_6_3425.BMP,ok,0.7164239482200647,71.64239482200647,False,normal,96,103,7084,9888,O+/cluster_6_3425.BMP,O+
/Users/a75027/Desktop/compsci 760/datasets/O+/cluster_6_3429.BMP,ok,0.7713389967637541,77.1338996763754,False,normal,96,103,7627,9888,O+/cluster_6_3429.BMP,O+
/Users/a75027/Desktop/compsci 760/datasets/O+/cluster_6_3437.BMP,ok,0.7750809061488673,77.50809061488673,False,normal,96,103,7664,9888,O+/cluster_6_3437.BMP,O+
/Users/a75027/Desktop/compsci 760/datasets/O+/cluster_6_3439.BMP,ok,0.7487864077669902,74.87864077669903,False,normal,96,103,7404,9888,O+/cluster_6_3439.BMP,O+
/Users/a75027/Desktop/compsci 760/datasets/O+/cluster_6_3441.BMP,ok,0.7440331715210357,74.40331715210357,False,normal,96,103,7357,9888,O+/cluster_6_3441.BMP,O+
/Users/a75027/Desktop/compsci 760/datasets/O+/cluster_6_3449.BMP,ok,0.8021844660194175,80.21844660194175,False,normal,96,103,7932,9888,O+/cluster_6_3449.BMP,O+
/Users/a75027/Desktop/compsci 760/datasets/O+/cluster_6_345.BMP,ok,0.7046925566343042,70.46925566343042,False,normal,96,103,6968,9888,O+/cluster_6_345.BMP,O+
/Users/a75027/Desktop/compsci 760/datasets/O+/cluster_6_3454.BMP,ok,0.8235234627831716,82.35234627831716,False,normal,96,103,8143,9888,O+/cluster_6_3454.BMP,O+
/Users/a75027/Desktop/compsci 760/datasets/O+/cluster_6_3456.BMP,ok,0.7647653721682848,76.47653721682848,False,normal,96,103,7562,9888,O+/cluster_6_3456.BMP,O+
/Users/a75027/Desktop/compsci 760/datasets/O+/cluster_6_3465.BMP,ok,0.830299352750809,83.0299352750809,False,normal,96,103,8210,9888,O+/cluster_6_3465.BMP,O+
/Users/a75027/Desktop/compsci 760/datasets/O+/cluster_6_3466.BMP,ok,0.7513147249190939,75.13147249190939,False,normal,96,103,7429,9888,O+/cluster_6_3466.BMP,O+
/Users/a75027/Desktop/compsci 760/datasets/O+/cluster_6_3469.BMP,ok,0.830906148867314,83.0906148867314,False,normal,96,103,8216,9888,O+/cluster_6_3469.BMP,O+
/Users/a75027/Desktop/compsci 760/datasets/O+/cluster_6_3487.BMP,ok,0.7765978964401294,77.65978964401295,False,normal,96,103,7679,9888,O+/cluster_6_3487.BMP,O+
/Users/a75027/Desktop/compsci 760/datasets/O+/cluster_6_3496.BMP,ok,0.8328276699029126,83.28276699029125,False,normal,96,103,8235,9888,O+/cluster_6_3496.BMP,O+
/Users/a75027/Desktop/compsci 760/datasets/O+/cluster_6_3511.BMP,ok,0.7918689320388349,79.18689320388349,False,normal,96,103,7830,9888,O+/cluster_6_3511.BMP,O+
/Users/a75027/Desktop/compsci 760/datasets/O+/cluster_6_3512.BMP,ok,0.7842839805825242,78.42839805825243,False,normal,96,103,7755,9888,O+/cluster_6_3512.BMP,O+
/Users/a75027/Desktop/compsci 760/datasets/O+/cluster_6_3519.BMP,ok,0.8622572815533981,86.22572815533981,False,normal,96,103,8526,9888,O+/cluster_6_3519.BMP,O+
/Users/a75027/Desktop/compsci 760/datasets/O+/cluster_6_3520.BMP,ok,0.7832726537216829,78.32726537216828,False,normal,96,103,7745,9888,O+/cluster_6_3520.BMP,O+
/Users/a75027/Desktop/compsci 760/datasets/O+/cluster_6_3521.BMP,ok,0.7948017799352751,79.48017799352752,False,normal,96,103,7859,9888,O+/cluster_6_3521.BMP,O+
/Users/a75027/Desktop/compsci 760/datasets/O+/cluster_6_3522.BMP,ok,0.8268608414239482,82.68608414239482,False,normal,96,103,8176,9888,O+/cluster_6_3522.BMP,O+
/Users/a75027/Desktop/compsci 760/datasets/O+/cluster_6_3525.BMP,ok,0.7701254045307443,77.01254045307444,False,normal,96,103,7615,9888,O+/cluster_6_3525.BMP,O+
/Users/a75027/Desktop/compsci 760/datasets/O+/cluster_6_3536.BMP,ok,0.7516181229773463,75.16181229773463,False,normal,96,103,7432,9888,O+/cluster_6_3536.BMP,O+
/Users/a75027/Desktop/compsci 760/datasets/O+/cluster_6_3537.BMP,ok,0.8164441747572816,81.64441747572816,False,normal,96,103,8073,9888,O+/cluster_6_3537.BMP,O+
/Users/a75027/Desktop/compsci 760/datasets/O+/cluster_6_3539.BMP,ok,0.7861043689320388,78.61043689320388,False,normal,96,103,7773,9888,O+/cluster_6_3539.BMP,O+
/Users/a75027/Desktop/compsci 760/datasets/O+/cluster_6_3550.BMP,ok,0.7957119741100324,79.57119741100324,False,normal,96,103,7868,9888,O+/cluster_6_3550.BMP,O+
/Users/a75027/Desktop/compsci 760/datasets/O+/cluster_6_3568.BMP,ok,0.6970064724919094,69.70064724919094,False,normal,96,103,6892,9888,O+/cluster_6_3568.BMP,O+
/Users/a75027/Desktop/compsci 760/datasets/O+/cluster_6_357.BMP,ok,0.8664037216828478,86.64037216828478,False,normal,96,103,8567,9888,O+/cluster_6_357.BMP,O+
/Users/a75027/Desktop/compsci 760/datasets/O+/cluster_6_3570.BMP,ok,0.6983211974110033,69.83211974110033,False,normal,96,103,6905,9888,O+/cluster_6_3570.BMP,O+
/Users/a75027/Desktop/compsci 760/datasets/O+/cluster_6_3575.BMP,ok,0.7963187702265372,79.63187702265373,False,normal,96,103,7874,9888,O+/cluster_6_3575.BMP,O+
/Users/a75027/Desktop/compsci 760/datasets/O+/cluster_6_3577.BMP,ok,0.7704288025889967,77.04288025889967,False,normal,96,103,7618,9888,O+/cluster_6_3577.BMP,O+
/Users/a75027/Desktop/compsci 760/datasets/O+/cluster_6_360.BMP,ok,0.7381674757281553,73.81674757281553,False,normal,96,103,7299,9888,O+/cluster_6_360.BMP,O+
/Users/a75027/Desktop/compsci 760/datasets/O+/cluster_6_3611.BMP,ok,0.7395833333333334,73.95833333333334,False,normal,96,103,7313,9888,O+/cluster_6_3611.BMP,O+
/Users/a75027/Desktop/compsci 760/datasets/O+/cluster_6_3621.BMP,ok,0.8073422330097088,80.73422330097088,False,normal,96,103,7983,9888,O+/cluster_6_3621.BMP,O+
/Users/a75027/Desktop/compsci 760/datasets/O+/cluster_6_3623.BMP,ok,0.7839805825242718,78.39805825242718,False,normal,96,103,7752,9888,O+/cluster_6_3623.BMP,O+
/Users/a75027/Desktop/compsci 760/datasets/O+/cluster_6_3634.BMP,ok,0.7437297734627831,74.37297734627832,False,normal,96,103,7354,9888,O+/cluster_6_3634.BMP,O+
/Users/a75027/Desktop/compsci 760/datasets/O+/cluster_6_3635.BMP,ok,0.7517192556634305,75.17192556634305,False,normal,96,103,7433,9888,O+/cluster_6_3635.BMP,O+
/Users/a75027/Desktop/compsci 760/datasets/O+/cluster_6_3638.BMP,ok,0.794093851132686,79.4093851132686,False,normal,96,103,7852,9888,O+/cluster_6_3638.BMP,O+
/Users/a75027/Desktop/compsci 760/datasets/O+/cluster_6_3640.BMP,ok,0.7920711974110033,79.20711974110033,False,normal,96,103,7832,9888,O+/cluster_6_3640.BMP,O+
/Users/a75027/Desktop/compsci 760/datasets/O+/cluster_6_3652.BMP,ok,0.8025889967637541,80.2588996763754,False,normal,96,103,7936,9888,O+/cluster_6_3652.BMP,O+
/Users/a75027/Desktop/compsci 760/datasets/O+/cluster_6_3668.BMP,ok,0.7608211974110033,76.08211974110033,False,normal,96,103,7523,9888,O+/cluster_6_3668.BMP,O+
/Users/a75027/Desktop/compsci 760/datasets/O+/cluster_6_3672.BMP,ok,0.759203074433657,75.9203074433657,False,normal,96,103,7507,9888,O+/cluster_6_3672.BMP,O+
/Users/a75027/Desktop/compsci 760/datasets/O+/cluster_6_3677.BMP,ok,0.8655946601941747,86.55946601941747,False,normal,96,103,8559,9888,O+/cluster_6_3677.BMP,O+
/Users/a75027/Desktop/compsci 760/datasets/O+/cluster_6_368.BMP,ok,0.8168487055016181,81.68487055016182,False,normal,96,103,8077,9888,O+/cluster_6_368.BMP,O+
/Users/a75027/Desktop/compsci 760/datasets/O+/cluster_6_3686.BMP,ok,0.7706310679611651,77.06310679611651,False,normal,96,103,7620,9888,O+/cluster_6_3686.BMP,O+
/Users/a75027/Desktop/compsci 760/datasets/O+/cluster_6_3688.BMP,ok,0.8030946601941747,80.30946601941747,False,normal,96,103,7941,9888,O+/cluster_6_3688.BMP,O+
/Users/a75027/Desktop/compsci 760/datasets/O+/cluster_6_3693.BMP,ok,0.7480784789644013,74.80784789644012,False,normal,96,103,7397,9888,O+/cluster_6_3693.BMP,O+
/Users/a75027/Desktop/compsci 760/datasets/O+/cluster_6_3695.BMP,ok,0.7995550161812298,79.95550161812298,False,normal,96,103,7906,9888,O+/cluster_6_3695.BMP,O+
/Users/a75027/Desktop/compsci 760/datasets/O+/cluster_6_3697.BMP,ok,0.8870347896440129,88.7034789644013,False,normal,96,103,8771,9888,O+/cluster_6_3697.BMP,O+
/Users/a75027/Desktop/compsci 760/datasets/O+/cluster_6_3705.BMP,ok,0.8106796116504854,81.06796116504854,False,normal,96,103,8016,9888,O+/cluster_6_3705.BMP,O+
/Users/a75027/Desktop/compsci 760/datasets/O+/cluster_6_371.BMP,ok,0.7732605177993528,77.32605177993528,False,normal,96,103,7646,9888,O+/cluster_6_371.BMP,O+
/Users/a75027/Desktop/compsci 760/datasets/O+/cluster_6_3727.BMP,ok,0.8018810679611651,80.18810679611651,False,normal,96,103,7929,9888,O+/cluster_6_3727.BMP,O+
/Users/a75027/Desktop/compsci 760/datasets/O+/cluster_6_3730.BMP,ok,0.835254854368932,83.5254854368932,False,normal,96,103,8259,9888,O+/cluster_6_3730.BMP,O+
/Users/a75027/Desktop/compsci 760/datasets/O+/cluster_6_3733.BMP,ok,0.8242313915857605,82.42313915857605,False,normal,96,103,8150,9888,O+/cluster_6_3733.BMP,O+
/Users/a75027/Desktop/compsci 760/datasets/O+/cluster_6_3737.BMP,ok,0.8255461165048543,82.55461165048543,False,normal,96,103,8163,9888,O+/cluster_6_3737.BMP,O+
/Users/a75027/Desktop/compsci 760/datasets/O+/cluster_6_3743.BMP,ok,0.7998584142394822,79.98584142394822,False,normal,96,103,7909,9888,O+/cluster_6_3743.BMP,O+
/Users/a75027/Desktop/compsci 760/datasets/O+/cluster_6_3753.BMP,ok,0.7191545307443366,71.91545307443366,False,normal,96,103,7111,9888,O+/cluster_6_3753.BMP,O+
/Users/a75027/Desktop/compsci 760/datasets/O+/cluster_6_3754.BMP,ok,0.8149271844660194,81.49271844660194,False,normal,96,103,8058,9888,O+/cluster_6_3754.BMP,O+
/Users/a75027/Desktop/compsci 760/datasets/O+/cluster_6_3758.BMP,ok,0.781957928802589,78.19579288025889,False,normal,96,103,7732,9888,O+/cluster_6_3758.BMP,O+
/Users/a75027/Desktop/compsci 760/datasets/O+/cluster_6_3774.BMP,ok,0.8710558252427184,87.10558252427184,False,normal,96,103,8613,9888,O+/cluster_6_3774.BMP,O+
/Users/a75027/Desktop/compsci 760/datasets/O+/cluster_6_3776.BMP,ok,0.7394822006472492,73.94822006472492,False,normal,96,103,7312,9888,O+/cluster_6_3776.BMP,O+
/Users/a75027/Desktop/compsci 760/datasets/O+/cluster_6_3781.BMP,ok,0.8875404530744336,88.75404530744336,False,normal,96,103,8776,9888,O+/cluster_6_3781.BMP,O+
/Users/a75027/Desktop/compsci 760/datasets/O+/cluster_6_3784.BMP,ok,1.0,100.0,True,coverage_too_high,96,103,9888,9888,O+/cluster_6_3784.BMP,O+
/Users/a75027/Desktop/compsci 760/datasets/O+/cluster_6_3794.BMP,ok,0.8215008090614887,82.15008090614887,False,normal,96,103,8123,9888,O+/cluster_6_3794.BMP,O+
/Users/a75027/Desktop/compsci 760/datasets/O+/cluster_6_3807.BMP,ok,0.7682038834951457,76.82038834951457,False,normal,96,103,7596,9888,O+/cluster_6_3807.BMP,O+
/Users/a75027/Desktop/compsci 760/datasets/O+/cluster_6_3812.BMP,ok,0.7726537216828478,77.26537216828478,False,normal,96,103,7640,9888,O+/cluster_6_3812.BMP,O+
/Users/a75027/Desktop/compsci 760/datasets/O+/cluster_6_3817.BMP,ok,0.8123988673139159,81.23988673139159,False,normal,96,103,8033,9888,O+/cluster_6_3817.BMP,O+
/Users/a75027/Desktop/compsci 760/datasets/O+/cluster_6_3819.BMP,ok,0.63347628728174,63.347628728174,False,normal,241,298,45495,71818,O+/cluster_6_3819.BMP,O+
/Users/a75027/Desktop/compsci 760/datasets/O+/cluster_6_3826.BMP,ok,0.8100728155339806,81.00728155339806,False,normal,96,103,8010,9888,O+/cluster_6_3826.BMP,O+
/Users/a75027/Desktop/compsci 760/datasets/O+/cluster_6_3827.BMP,ok,0.8489077669902912,84.89077669902912,False,normal,96,103,8394,9888,O+/cluster_6_3827.BMP,O+
/Users/a75027/Desktop/compsci 760/datasets/O+/cluster_6_3831.BMP,ok,0.8076456310679612,80.76456310679612,False,normal,96,103,7986,9888,O+/cluster_6_3831.BMP,O+
/Users/a75027/Desktop/compsci 760/datasets/O+/cluster_6_3844.BMP,ok,1.0,100.0,True,coverage_too_high,96,103,9888,9888,O+/cluster_6_3844.BMP,O+
/Users/a75027/Desktop/compsci 760/datasets/O+/cluster_6_3852.BMP,ok,1.0,100.0,True,coverage_too_high,96,103,9888,9888,O+/cluster_6_3852.BMP,O+
/Users/a75027/Desktop/compsci 760/datasets/O+/cluster_6_386.BMP,ok,0.8041059870550162,80.41059870550163,False,normal,96,103,7951,9888,O+/cluster_6_386.BMP,O+
/Users/a75027/Desktop/compsci 760/datasets/O+/cluster_6_3860.BMP,ok,0.8607402912621359,86.07402912621359,False,normal,96,103,8511,9888,O+/cluster_6_3860.BMP,O+
/Users/a75027/Desktop/compsci 760/datasets/O+/cluster_6_3863.BMP,ok,0.8668082524271845,86.68082524271846,False,normal,96,103,8571,9888,O+/cluster_6_3863.BMP,O+
/Users/a75027/Desktop/compsci 760/datasets/O+/cluster_6_3869.BMP,ok,0.6584749190938511,65.84749190938511,False,normal,96,103,6511,9888,O+/cluster_6_3869.BMP,O+
/Users/a75027/Desktop/compsci 760/datasets/O+/cluster_6_3876.BMP,ok,0.8729773462783171,87.29773462783172,False,normal,96,103,8632,9888,O+/cluster_6_3876.BMP,O+
/Users/a75027/Desktop/compsci 760/datasets/O+/cluster_6_3880.BMP,ok,0.8218042071197411,82.18042071197411,False,normal,96,103,8126,9888,O+/cluster_6_3880.BMP,O+
/Users/a75027/Desktop/compsci 760/datasets/O+/cluster_6_3888.BMP,ok,0.7852953074433657,78.52953074433657,False,normal,96,103,7765,9888,O+/cluster_6_3888.BMP,O+
/Users/a75027/Desktop/compsci 760/datasets/O+/cluster_6_3890.BMP,ok,0.7742718446601942,77.42718446601941,False,normal,96,103,7656,9888,O+/cluster_6_3890.BMP,O+
/Users/a75027/Desktop/compsci 760/datasets/O+/cluster_6_3892.BMP,ok,0.7697208737864077,76.97208737864078,False,normal,96,103,7611,9888,O+/cluster_6_3892.BMP,O+
/Users/a75027/Desktop/compsci 760/datasets/O+/cluster_6_39.BMP,ok,0.7842839805825242,78.42839805825243,False,normal,96,103,7755,9888,O+/cluster_6_39.BMP,O+
/Users/a75027/Desktop/compsci 760/datasets/O+/cluster_6_3906.BMP,ok,0.7511124595469255,75.11124595469255,False,normal,96,103,7427,9888,O+/cluster_6_3906.BMP,O+
/Users/a75027/Desktop/compsci 760/datasets/O+/cluster_6_3912.BMP,ok,0.8589199029126213,85.89199029126213,False,normal,96,103,8493,9888,O+/cluster_6_3912.BMP,O+
/Users/a75027/Desktop/compsci 760/datasets/O+/cluster_6_3930.BMP,ok,0.7914644012944984,79.14644012944983,False,normal,96,103,7826,9888,O+/cluster_6_3930.BMP,O+
/Users/a75027/Desktop/compsci 760/datasets/O+/cluster_6_3939.BMP,ok,0.8090614886731392,80.90614886731392,False,normal,96,103,8000,9888,O+/cluster_6_3939.BMP,O+
/Users/a75027/Desktop/compsci 760/datasets/O+/cluster_6_3942.BMP,ok,0.7733616504854369,77.33616504854369,False,normal,96,103,7647,9888,O+/cluster_6_3942.BMP,O+
/Users/a75027/Desktop/compsci 760/datasets/O+/cluster_6_3943.BMP,ok,0.732200647249191,73.2200647249191,False,normal,96,103,7240,9888,O+/cluster_6_3943.BMP,O+
/Users/a75027/Desktop/compsci 760/datasets/O+/cluster_6_3948.BMP,ok,0.7645631067961165,76.45631067961165,False,normal,96,103,7560,9888,O+/cluster_6_3948.BMP,O+
/Users/a75027/Desktop/compsci 760/datasets/O+/cluster_6_3950.BMP,ok,0.7467637540453075,74.67637540453075,False,normal,96,103,7384,9888,O+/cluster_6_3950.BMP,O+
/Users/a75027/Desktop/compsci 760/datasets/O+/cluster_6_3956.BMP,ok,0.8574029126213593,85.74029126213593,False,normal,96,103,8478,9888,O+/cluster_6_3956.BMP,O+
/Users/a75027/Desktop/compsci 760/datasets/O+/cluster_6_3973.BMP,ok,0.7596076051779935,75.96076051779936,False,normal,96,103,7511,9888,O+/cluster_6_3973.BMP,O+
/Users/a75027/Desktop/compsci 760/datasets/O+/cluster_6_3984.BMP,ok,0.813915857605178,81.3915857605178,False,normal,96,103,8048,9888,O+/cluster_6_3984.BMP,O+
/Users/a75027/Desktop/compsci 760/datasets/O+/cluster_6_3989.BMP,ok,0.7311893203883495,73.11893203883496,False,normal,96,103,7230,9888,O+/cluster_6_3989.BMP,O+
/Users/a75027/Desktop/compsci 760/datasets/O+/cluster_6_3991.BMP,ok,0.792576860841424,79.25768608414239,False,normal,96,103,7837,9888,O+/cluster_6_3991.BMP,O+
/Users/a75027/Desktop/compsci 760/datasets/O+/cluster_6_3995.BMP,ok,0.8099716828478964,80.99716828478964,False,normal,96,103,8009,9888,O+/cluster_6_3995.BMP,O+
/Users/a75027/Desktop/compsci 760/datasets/O+/cluster_6_3996.BMP,ok,0.7370550161812298,73.70550161812298,False,normal,96,103,7288,9888,O+/cluster_6_3996.BMP,O+
/Users/a75027/Desktop/compsci 760/datasets/O+/cluster_6_4009.BMP,ok,0.8256472491909385,82.56472491909385,False,normal,96,103,8164,9888,O+/cluster_6_4009.BMP,O+
/Users/a75027/Desktop/compsci 760/datasets/O+/cluster_6_4021.BMP,ok,0.7937904530744336,79.37904530744336,False,normal,96,103,7849,9888,O+/cluster_6_4021.BMP,O+
/Users/a75027/Desktop/compsci 760/datasets/O+/cluster_6_4031.BMP,ok,0.8201860841423948,82.01860841423948,False,normal,96,103,8110,9888,O+/cluster_6_4031.BMP,O+
/Users/a75027/Desktop/compsci 760/datasets/O+/cluster_6_4035.BMP,ok,0.7797330097087378,77.97330097087378,False,normal,96,103,7710,9888,O+/cluster_6_4035.BMP,O+
/Users/a75027/Desktop/compsci 760/datasets/O+/cluster_6_4048.BMP,ok,0.8568972491909385,85.68972491909385,False,normal,96,103,8473,9888,O+/cluster_6_4048.BMP,O+
/Users/a75027/Desktop/compsci 760/datasets/O+/cluster_6_4049.BMP,ok,0.7756877022653722,77.56877022653723,False,normal,96,103,7670,9888,O+/cluster_6_4049.BMP,O+
/Users/a75027/Desktop/compsci 760/datasets/O+/cluster_6_4056.BMP,ok,0.754955501618123,75.4955501618123,False,normal,96,103,7465,9888,O+/cluster_6_4056.BMP,O+
/Users/a75027/Desktop/compsci 760/datasets/O+/cluster_6_4059.BMP,ok,0.7571804207119741,75.71804207119742,False,normal,96,103,7487,9888,O+/cluster_6_4059.BMP,O+
/Users/a75027/Desktop/compsci 760/datasets/O+/cluster_6_4065.BMP,ok,0.7522249190938511,75.22249190938511,False,normal,96,103,7438,9888,O+/cluster_6_4065.BMP,O+
/Users/a75027/Desktop/compsci 760/datasets/O+/cluster_6_4069.BMP,ok,0.7248179611650486,72.48179611650485,False,normal,96,103,7167,9888,O+/cluster_6_4069.BMP,O+
/Users/a75027/Desktop/compsci 760/datasets/O+/cluster_6_4070.BMP,ok,0.7824635922330098,78.24635922330097,False,normal,96,103,7737,9888,O+/cluster_6_4070.BMP,O+
/Users/a75027/Desktop/compsci 760/datasets/O+/cluster_6_4074.BMP,ok,0.7698220064724919,76.98220064724919,False,normal,96,103,7612,9888,O+/cluster_6_4074.BMP,O+
/Users/a75027/Desktop/compsci 760/datasets/O+/cluster_6_4082.BMP,ok,0.7437297734627831,74.37297734627832,False,normal,96,103,7354,9888,O+/cluster_6_4082.BMP,O+
/Users/a75027/Desktop/compsci 760/datasets/O+/cluster_6_4084.BMP,ok,0.7104625581330586,71.04625581330586,False,normal,241,298,51024,71818,O+/cluster_6_4084.BMP,O+
/Users/a75027/Desktop/compsci 760/datasets/O+/cluster_6_409.BMP,ok,0.7443365695792881,74.4336569579288,False,normal,96,103,7360,9888,O+/cluster_6_409.BMP,O+
/Users/a75027/Desktop/compsci 760/datasets/O+/cluster_6_4091.BMP,ok,0.8499190938511327,84.99190938511327,False,normal,96,103,8404,9888,O+/cluster_6_4091.BMP,O+
/Users/a75027/Desktop/compsci 760/datasets/O+/cluster_6_4093.BMP,ok,0.8260517799352751,82.60517799352752,False,normal,96,103,8168,9888,O+/cluster_6_4093.BMP,O+
/Users/a75027/Desktop/compsci 760/datasets/O+/cluster_6_4094.BMP,ok,0.8625606796116505,86.25606796116504,False,normal,96,103,8529,9888,O+/cluster_6_4094.BMP,O+
/Users/a75027/Desktop/compsci 760/datasets/O+/cluster_6_4095.BMP,ok,0.7595064724919094,75.95064724919094,False,normal,96,103,7510,9888,O+/cluster_6_4095.BMP,O+
/Users/a75027/Desktop/compsci 760/datasets/O+/cluster_6_4100.BMP,ok,0.7483818770226537,74.83818770226537,False,normal,96,103,7400,9888,O+/cluster_6_4100.BMP,O+
/Users/a75027/Desktop/compsci 760/datasets/O+/cluster_6_4115.BMP,ok,0.7729571197411004,77.29571197411003,False,normal,96,103,7643,9888,O+/cluster_6_4115.BMP,O+
/Users/a75027/Desktop/compsci 760/datasets/O+/cluster_6_4124.BMP,ok,0.8129045307443366,81.29045307443366,False,normal,96,103,8038,9888,O+/cluster_6_4124.BMP,O+
/Users/a75027/Desktop/compsci 760/datasets/O+/cluster_6_4135.BMP,ok,0.6868932038834952,68.68932038834951,False,normal,96,103,6792,9888,O+/cluster_6_4135.BMP,O+
/Users/a75027/Desktop/compsci 760/datasets/O+/cluster_6_4148.BMP,ok,0.7382686084142395,73.82686084142395,False,normal,96,103,7300,9888,O+/cluster_6_4148.BMP,O+
/Users/a75027/Desktop/compsci 760/datasets/O+/cluster_6_4150.BMP,ok,0.7390776699029126,73.90776699029125,False,normal,96,103,7308,9888,O+/cluster_6_4150.BMP,O+
/Users/a75027/Desktop/compsci 760/datasets/O+/cluster_6_4155.BMP,ok,0.7568770226537217,75.68770226537217,False,normal,96,103,7484,9888,O+/cluster_6_4155.BMP,O+
/Users/a75027/Desktop/compsci 760/datasets/O+/cluster_6_4157.BMP,ok,0.8542677993527508,85.42677993527508,False,normal,96,103,8447,9888,O+/cluster_6_4157.BMP,O+
/Users/a75027/Desktop/compsci 760/datasets/O+/cluster_6_4159.BMP,ok,0.7439320388349514,74.39320388349515,False,normal,96,103,7356,9888,O+/cluster_6_4159.BMP,O+
/Users/a75027/Desktop/compsci 760/datasets/O+/cluster_6_4160.BMP,ok,0.8154328478964401,81.543284789644,False,normal,96,103,8063,9888,O+/cluster_6_4160.BMP,O+
/Users/a75027/Desktop/compsci 760/datasets/O+/cluster_6_4162.BMP,ok,0.8337378640776699,83.37378640776699,False,normal,96,103,8244,9888,O+/cluster_6_4162.BMP,O+
/Users/a75027/Desktop/compsci 760/datasets/O+/cluster_6_4190.BMP,ok,0.7810477346278317,78.10477346278317,False,normal,96,103,7723,9888,O+/cluster_6_4190.BMP,O+
/Users/a75027/Desktop/compsci 760/datasets/O+/cluster_6_42.BMP,ok,0.6557269765239911,65.57269765239911,False,normal,241,298,47093,71818,O+/cluster_6_42.BMP,O+
/Users/a75027/Desktop/compsci 760/datasets/O+/cluster_6_420.BMP,ok,0.8059263754045307,80.59263754045307,False,normal,96,103,7969,9888,O+/cluster_6_420.BMP,O+
/Users/a75027/Desktop/compsci 760/datasets/O+/cluster_6_4201.BMP,ok,0.7567758899676376,75.67758899676376,False,normal,96,103,7483,9888,O+/cluster_6_4201.BMP,O+
/Users/a75027/Desktop/compsci 760/datasets/O+/cluster_6_4207.BMP,ok,0.659081715210356,65.9081715210356,False,normal,96,103,6517,9888,O+/cluster_6_4207.BMP,O+
/Users/a75027/Desktop/compsci 760/datasets/O+/cluster_6_4209.BMP,ok,0.7571804207119741,75.71804207119742,False,normal,96,103,7487,9888,O+/cluster_6_4209.BMP,O+
/Users/a75027/Desktop/compsci 760/datasets/O+/cluster_6_4213.BMP,ok,0.7601132686084142,76.01132686084142,False,normal,96,103,7516,9888,O+/cluster_6_4213.BMP,O+
/Users/a75027/Desktop/compsci 760/datasets/O+/cluster_6_4223.BMP,ok,0.797532362459547,79.7532362459547,False,normal,96,103,7886,9888,O+/cluster_6_4223.BMP,O+
/Users/a75027/Desktop/compsci 760/datasets/O+/cluster_6_423.BMP,ok,0.7945995145631068,79.45995145631069,False,normal,96,103,7857,9888,O+/cluster_6_423.BMP,O+
/Users/a75027/Desktop/compsci 760/datasets/O+/cluster_6_4231.BMP,ok,0.7473705501618123,74.73705501618123,False,normal,96,103,7390,9888,O+/cluster_6_4231.BMP,O+
/Users/a75027/Desktop/compsci 760/datasets/O+/cluster_6_4237.BMP,ok,0.7242111650485437,72.42111650485437,False,normal,96,103,7161,9888,O+/cluster_6_4237.BMP,O+
/Users/a75027/Desktop/compsci 760/datasets/O+/cluster_6_4250.BMP,ok,0.7766990291262136,77.66990291262135,False,normal,96,103,7680,9888,O+/cluster_6_4250.BMP,O+
/Users/a75027/Desktop/compsci 760/datasets/O+/cluster_6_4254.BMP,ok,0.6941747572815534,69.41747572815534,False,normal,96,103,6864,9888,O+/cluster_6_4254.BMP,O+
/Users/a75027/Desktop/compsci 760/datasets/O+/cluster_6_4257.BMP,ok,0.8868325242718447,88.68325242718447,False,normal,96,103,8769,9888,O+/cluster_6_4257.BMP,O+
/Users/a75027/Desktop/compsci 760/datasets/O+/cluster_6_427.BMP,ok,0.8010720064724919,80.10720064724919,False,normal,96,103,7921,9888,O+/cluster_6_427.BMP,O+
/Users/a75027/Desktop/compsci 760/datasets/O+/cluster_6_4287.BMP,ok,0.7054004854368932,70.54004854368931,False,normal,96,103,6975,9888,O+/cluster_6_4287.BMP,O+
/Users/a75027/Desktop/compsci 760/datasets/O+/cluster_6_4289.BMP,ok,0.7948017799352751,79.48017799352752,False,normal,96,103,7859,9888,O+/cluster_6_4289.BMP,O+
/Users/a75027/Desktop/compsci 760/datasets/O+/cluster_6_4291.BMP,ok,0.8836974110032363,88.36974110032362,False,normal,96,103,8738,9888,O+/cluster_6_4291.BMP,O+
/Users/a75027/Desktop/compsci 760/datasets/O+/cluster_6_4294.BMP,ok,0.82959142394822,82.95914239482201,False,normal,96,103,8203,9888,O+/cluster_6_4294.BMP,O+
/Users/a75027/Desktop/compsci 760/datasets/O+/cluster_6_4308.BMP,ok,1.0,100.0,True,coverage_too_high,96,103,9888,9888,O+/cluster_6_4308.BMP,O+
/Users/a75027/Desktop/compsci 760/datasets/O+/cluster_6_4318.BMP,ok,0.8002629449838188,80.02629449838187,False,normal,96,103,7913,9888,O+/cluster_6_4318.BMP,O+
/Users/a75027/Desktop/compsci 760/datasets/O+/cluster_6_4332.BMP,ok,0.7510113268608414,75.10113268608414,False,normal,96,103,7426,9888,O+/cluster_6_4332.BMP,O+
/Users/a75027/Desktop/compsci 760/datasets/O+/cluster_6_4340.BMP,ok,0.7193567961165048,71.93567961165049,False,normal,96,103,7113,9888,O+/cluster_6_4340.BMP,O+
/Users/a75027/Desktop/compsci 760/datasets/O+/cluster_6_4344.BMP,ok,0.7786205501618123,77.86205501618123,False,normal,96,103,7699,9888,O+/cluster_6_4344.BMP,O+
/Users/a75027/Desktop/compsci 760/datasets/O+/cluster_6_4351.BMP,ok,0.7618325242718447,76.18325242718447,False,normal,96,103,7533,9888,O+/cluster_6_4351.BMP,O+
/Users/a75027/Desktop/compsci 760/datasets/O+/cluster_6_4367.BMP,ok,0.7935881877022654,79.35881877022653,False,normal,96,103,7847,9888,O+/cluster_6_4367.BMP,O+
/Users/a75027/Desktop/compsci 760/datasets/O+/cluster_6_4370.BMP,ok,0.8319174757281553,83.19174757281553,False,normal,96,103,8226,9888,O+/cluster_6_4370.BMP,O+
/Users/a75027/Desktop/compsci 760/datasets/O+/cluster_6_4377.BMP,ok,0.8033980582524272,80.33980582524272,False,normal,96,103,7944,9888,O+/cluster_6_4377.BMP,O+
/Users/a75027/Desktop/compsci 760/datasets/O+/cluster_6_4379.BMP,ok,0.7771035598705501,77.71035598705501,False,normal,96,103,7684,9888,O+/cluster_6_4379.BMP,O+
/Users/a75027/Desktop/compsci 760/datasets/O+/cluster_6_4390.BMP,ok,0.7875202265372169,78.75202265372168,False,normal,96,103,7787,9888,O+/cluster_6_4390.BMP,O+
/Users/a75027/Desktop/compsci 760/datasets/O+/cluster_6_4391.BMP,ok,0.8168487055016181,81.68487055016182,False,normal,96,103,8077,9888,O+/cluster_6_4391.BMP,O+
/Users/a75027/Desktop/compsci 760/datasets/O+/cluster_6_4400.BMP,ok,0.7823624595469255,78.23624595469255,False,normal,96,103,7736,9888,O+/cluster_6_4400.BMP,O+
/Users/a75027/Desktop/compsci 760/datasets/O+/cluster_6_4402.BMP,ok,0.8443567961165048,84.43567961165049,False,normal,96,103,8349,9888,O+/cluster_6_4402.BMP,O+
/Users/a75027/Desktop/compsci 760/datasets/O+/cluster_6_4405.BMP,ok,0.685376213592233,68.5376213592233,False,normal,96,103,6777,9888,O+/cluster_6_4405.BMP,O+
/Users/a75027/Desktop/compsci 760/datasets/O+/cluster_6_4413.BMP,ok,0.8942152103559871,89.4215210355987,False,normal,96,103,8842,9888,O+/cluster_6_4413.BMP,O+
/Users/a75027/Desktop/compsci 760/datasets/O+/cluster_6_4426.BMP,ok,0.7816545307443366,78.16545307443366,False,normal,96,103,7729,9888,O+/cluster_6_4426.BMP,O+
/Users/a75027/Desktop/compsci 760/datasets/O+/cluster_6_4427.BMP,ok,0.8671116504854369,86.71116504854369,False,normal,96,103,8574,9888,O+/cluster_6_4427.BMP,O+
/Users/a75027/Desktop/compsci 760/datasets/O+/cluster_6_4437.BMP,ok,0.7864077669902912,78.64077669902912,False,normal,96,103,7776,9888,O+/cluster_6_4437.BMP,O+
/Users/a75027/Desktop/compsci 760/datasets/O+/cluster_6_4441.BMP,ok,0.7402912621359223,74.02912621359224,False,normal,96,103,7320,9888,O+/cluster_6_4441.BMP,O+
/Users/a75027/Desktop/compsci 760/datasets/O+/cluster_6_4453.BMP,ok,0.8312095469255664,83.12095469255664,False,normal,96,103,8219,9888,O+/cluster_6_4453.BMP,O+
/Users/a75027/Desktop/compsci 760/datasets/O+/cluster_6_4457.BMP,ok,0.754247572815534,75.4247572815534,False,normal,96,103,7458,9888,O+/cluster_6_4457.BMP,O+
/Users/a75027/Desktop/compsci 760/datasets/O+/cluster_6_4464.BMP,ok,0.7600121359223301,76.00121359223301,False,normal,96,103,7515,9888,O+/cluster_6_4464.BMP,O+
/Users/a75027/Desktop/compsci 760/datasets/O+/cluster_6_4469.BMP,ok,0.7437297734627831,74.37297734627832,False,normal,96,103,7354,9888,O+/cluster_6_4469.BMP,O+
/Users/a75027/Desktop/compsci 760/datasets/O+/cluster_6_4481.BMP,ok,0.8648867313915858,86.48867313915858,False,normal,96,103,8552,9888,O+/cluster_6_4481.BMP,O+
/Users/a75027/Desktop/compsci 760/datasets/O+/cluster_6_4482.BMP,ok,0.7948017799352751,79.48017799352752,False,normal,96,103,7859,9888,O+/cluster_6_4482.BMP,O+
/Users/a75027/Desktop/compsci 760/datasets/O+/cluster_6_4485.BMP,ok,0.7661812297734628,76.61812297734627,False,normal,96,103,7576,9888,O+/cluster_6_4485.BMP,O+
/Users/a75027/Desktop/compsci 760/datasets/O+/cluster_6_4495.BMP,ok,0.8500202265372169,85.00202265372168,False,normal,96,103,8405,9888,O+/cluster_6_4495.BMP,O+
/Users/a75027/Desktop/compsci 760/datasets/O+/cluster_6_4501.BMP,ok,0.7214805825242718,72.14805825242718,False,normal,96,103,7134,9888,O+/cluster_6_4501.BMP,O+
/Users/a75027/Desktop/compsci 760/datasets/O+/cluster_6_4503.BMP,ok,0.8191747572815534,81.91747572815534,False,normal,96,103,8100,9888,O+/cluster_6_4503.BMP,O+
/Users/a75027/Desktop/compsci 760/datasets/O+/cluster_6_4506.BMP,ok,0.8154328478964401,81.543284789644,False,normal,96,103,8063,9888,O+/cluster_6_4506.BMP,O+
/Users/a75027/Desktop/compsci 760/datasets/O+/cluster_6_4519.BMP,ok,0.6393608414239482,63.93608414239482,False,normal,96,103,6322,9888,O+/cluster_6_4519.BMP,O+
/Users/a75027/Desktop/compsci 760/datasets/O+/cluster_6_4531.BMP,ok,0.7401901294498382,74.01901294498381,False,normal,96,103,7319,9888,O+/cluster_6_4531.BMP,O+
/Users/a75027/Desktop/compsci 760/datasets/O+/cluster_6_4532.BMP,ok,0.7354368932038835,73.54368932038835,False,normal,96,103,7272,9888,O+/cluster_6_4532.BMP,O+
/Users/a75027/Desktop/compsci 760/datasets/O+/cluster_6_4535.BMP,ok,0.7219862459546925,72.19862459546925,False,normal,96,103,7139,9888,O+/cluster_6_4535.BMP,O+
/Users/a75027/Desktop/compsci 760/datasets/O+/cluster_6_4539.BMP,ok,0.7924757281553398,79.24757281553399,False,normal,96,103,7836,9888,O+/cluster_6_4539.BMP,O+
/Users/a75027/Desktop/compsci 760/datasets/O+/cluster_6_4540.BMP,ok,0.8128033980582524,81.28033980582524,False,normal,96,103,8037,9888,O+/cluster_6_4540.BMP,O+
/Users/a75027/Desktop/compsci 760/datasets/O+/cluster_6_4542.BMP,ok,0.7755865695792881,77.5586569579288,False,normal,96,103,7669,9888,O+/cluster_6_4542.BMP,O+
/Users/a75027/Desktop/compsci 760/datasets/O+/cluster_6_4545.BMP,ok,0.7565736245954693,75.65736245954693,False,normal,96,103,7481,9888,O+/cluster_6_4545.BMP,O+
/Users/a75027/Desktop/compsci 760/datasets/O+/cluster_6_4546.BMP,ok,0.807544498381877,80.7544498381877,False,normal,96,103,7985,9888,O+/cluster_6_4546.BMP,O+
/Users/a75027/Desktop/compsci 760/datasets/O+/cluster_6_4547.BMP,ok,0.8530542071197411,85.30542071197411,False,normal,96,103,8435,9888,O+/cluster_6_4547.BMP,O+
/Users/a75027/Desktop/compsci 760/datasets/O+/cluster_6_4548.BMP,ok,0.6995347896440129,69.9534789644013,False,normal,96,103,6917,9888,O+/cluster_6_4548.BMP,O+
/Users/a75027/Desktop/compsci 760/datasets/O+/cluster_6_4554.BMP,ok,0.8360639158576052,83.60639158576052,False,normal,96,103,8267,9888,O+/cluster_6_4554.BMP,O+
/Users/a75027/Desktop/compsci 760/datasets/O+/cluster_6_4558.BMP,ok,0.7864077669902912,78.64077669902912,False,normal,96,103,7776,9888,O+/cluster_6_4558.BMP,O+
/Users/a75027/Desktop/compsci 760/datasets/O+/cluster_6_4560.BMP,ok,0.7577872168284789,75.77872168284789,False,normal,96,103,7493,9888,O+/cluster_6_4560.BMP,O+
/Users/a75027/Desktop/compsci 760/datasets/O+/cluster_6_4561.BMP,ok,0.858717637540453,85.8717637540453,False,normal,96,103,8491,9888,O+/cluster_6_4561.BMP,O+
/Users/a75027/Desktop/compsci 760/datasets/O+/cluster_6_4563.BMP,ok,0.860032362459547,86.0032362459547,False,normal,96,103,8504,9888,O+/cluster_6_4563.BMP,O+
/Users/a75027/Desktop/compsci 760/datasets/O+/cluster_6_4574.BMP,ok,0.7160194174757282,71.60194174757282,False,normal,96,103,7080,9888,O+/cluster_6_4574.BMP,O+
/Users/a75027/Desktop/compsci 760/datasets/O+/cluster_6_4575.BMP,ok,0.6355177993527508,63.55177993527508,False,normal,96,103,6284,9888,O+/cluster_6_4575.BMP,O+
/Users/a75027/Desktop/compsci 760/datasets/O+/cluster_6_4587.BMP,ok,0.7610234627831716,76.10234627831716,False,normal,96,103,7525,9888,O+/cluster_6_4587.BMP,O+
/Users/a75027/Desktop/compsci 760/datasets/O+/cluster_6_459.BMP,ok,0.7827669902912622,78.27669902912622,False,normal,96,103,7740,9888,O+/cluster_6_459.BMP,O+
/Users/a75027/Desktop/compsci 760/datasets/O+/cluster_6_4590.BMP,ok,0.7585962783171522,75.85962783171522,False,normal,96,103,7501,9888,O+/cluster_6_4590.BMP,O+
/Users/a75027/Desktop/compsci 760/datasets/O+/cluster_6_4594.BMP,ok,0.8885517799352751,88.85517799352752,False,normal,96,103,8786,9888,O+/cluster_6_4594.BMP,O+
/Users/a75027/Desktop/compsci 760/datasets/O+/cluster_6_4595.BMP,ok,0.8133090614886731,81.33090614886731,False,normal,96,103,8042,9888,O+/cluster_6_4595.BMP,O+
/Users/a75027/Desktop/compsci 760/datasets/O+/cluster_6_4597.BMP,ok,0.7742718446601942,77.42718446601941,False,normal,96,103,7656,9888,O+/cluster_6_4597.BMP,O+
/Users/a75027/Desktop/compsci 760/datasets/O+/cluster_6_4606.BMP,ok,0.7498988673139159,74.98988673139159,False,normal,96,103,7415,9888,O+/cluster_6_4606.BMP,O+
/Users/a75027/Desktop/compsci 760/datasets/O+/cluster_6_461.BMP,ok,0.8250404530744336,82.50404530744336,False,normal,96,103,8158,9888,O+/cluster_6_461.BMP,O+
/Users/a75027/Desktop/compsci 760/datasets/O+/cluster_6_4612.BMP,ok,0.7900485436893204,79.00485436893204,False,normal,96,103,7812,9888,O+/cluster_6_4612.BMP,O+
/Users/a75027/Desktop/compsci 760/datasets/O+/cluster_6_4615.BMP,ok,0.6635315533980582,66.35315533980582,False,normal,96,103,6561,9888,O+/cluster_6_4615.BMP,O+
/Users/a75027/Desktop/compsci 760/datasets/O+/cluster_6_4618.BMP,ok,0.7909587378640777,79.09587378640776,False,normal,96,103,7821,9888,O+/cluster_6_4618.BMP,O+
/Users/a75027/Desktop/compsci 760/datasets/O+/cluster_6_4625.BMP,ok,0.7661812297734628,76.61812297734627,False,normal,96,103,7576,9888,O+/cluster_6_4625.BMP,O+
/Users/a75027/Desktop/compsci 760/datasets/O+/cluster_6_4631.BMP,ok,0.7269417475728155,72.69417475728154,False,normal,96,103,7188,9888,O+/cluster_6_4631.BMP,O+
/Users/a75027/Desktop/compsci 760/datasets/O+/cluster_6_4633.BMP,ok,0.7601132686084142,76.01132686084142,False,normal,96,103,7516,9888,O+/cluster_6_4633.BMP,O+
/Users/a75027/Desktop/compsci 760/datasets/O+/cluster_6_4634.BMP,ok,0.7853964401294499,78.53964401294499,False,normal,96,103,7766,9888,O+/cluster_6_4634.BMP,O+
/Users/a75027/Desktop/compsci 760/datasets/O+/cluster_6_4640.BMP,ok,0.7579894822006472,75.79894822006472,False,normal,96,103,7495,9888,O+/cluster_6_4640.BMP,O+
/Users/a75027/Desktop/compsci 760/datasets/O+/cluster_6_4645.BMP,ok,0.7921723300970874,79.21723300970875,False,normal,96,103,7833,9888,O+/cluster_6_4645.BMP,O+
/Users/a75027/Desktop/compsci 760/datasets/O+/cluster_6_4648.BMP,ok,0.794093851132686,79.4093851132686,False,normal,96,103,7852,9888,O+/cluster_6_4648.BMP,O+
/Users/a75027/Desktop/compsci 760/datasets/O+/cluster_6_4658.BMP,ok,0.8375809061488673,83.75809061488673,False,normal,96,103,8282,9888,O+/cluster_6_4658.BMP,O+
/Users/a75027/Desktop/compsci 760/datasets/O+/cluster_6_4662.BMP,ok,0.7752831715210357,77.52831715210357,False,normal,96,103,7666,9888,O+/cluster_6_4662.BMP,O+
/Users/a75027/Desktop/compsci 760/datasets/O+/cluster_6_4674.BMP,ok,0.7832726537216829,78.32726537216828,False,normal,96,103,7745,9888,O+/cluster_6_4674.BMP,O+
/Users/a75027/Desktop/compsci 760/datasets/O+/cluster_6_4675.BMP,ok,0.7433252427184466,74.33252427184466,False,normal,96,103,7350,9888,O+/cluster_6_4675.BMP,O+
/Users/a75027/Desktop/compsci 760/datasets/O+/cluster_6_4680.BMP,ok,0.7797330097087378,77.97330097087378,False,normal,96,103,7710,9888,O+/cluster_6_4680.BMP,O+
/Users/a75027/Desktop/compsci 760/datasets/O+/cluster_6_4683.BMP,ok,0.7122775080906149,71.22775080906149,False,normal,96,103,7043,9888,O+/cluster_6_4683.BMP,O+
/Users/a75027/Desktop/compsci 760/datasets/O+/cluster_6_4694.BMP,ok,0.752123786407767,75.2123786407767,False,normal,96,103,7437,9888,O+/cluster_6_4694.BMP,O+
/Users/a75027/Desktop/compsci 760/datasets/O+/cluster_6_4697.BMP,ok,0.8398058252427184,83.98058252427184,False,normal,96,103,8304,9888,O+/cluster_6_4697.BMP,O+
/Users/a75027/Desktop/compsci 760/datasets/O+/cluster_6_4702.BMP,ok,1.0,100.0,True,coverage_too_high,96,103,9888,9888,O+/cluster_6_4702.BMP,O+
/Users/a75027/Desktop/compsci 760/datasets/O+/cluster_6_471.BMP,ok,0.8371763754045307,83.71763754045307,False,normal,96,103,8278,9888,O+/cluster_6_471.BMP,O+
/Users/a75027/Desktop/compsci 760/datasets/O+/cluster_6_4714.BMP,ok,0.7633495145631068,76.33495145631069,False,normal,96,103,7548,9888,O+/cluster_6_4714.BMP,O+
/Users/a75027/Desktop/compsci 760/datasets/O+/cluster_6_4726.BMP,ok,0.7733616504854369,77.33616504854369,False,normal,96,103,7647,9888,O+/cluster_6_4726.BMP,O+
/Users/a75027/Desktop/compsci 760/datasets/O+/cluster_6_4727.BMP,ok,0.7941949838187702,79.41949838187702,False,normal,96,103,7853,9888,O+/cluster_6_4727.BMP,O+
/Users/a75027/Desktop/compsci 760/datasets/O+/cluster_6_4730.BMP,ok,0.8196804207119741,81.96804207119742,False,normal,96,103,8105,9888,O+/cluster_6_4730.BMP,O+
/Users/a75027/Desktop/compsci 760/datasets/O+/cluster_6_4736.BMP,ok,0.721581715210356,72.1581715210356,False,normal,96,103,7135,9888,O+/cluster_6_4736.BMP,O+
/Users/a75027/Desktop/compsci 760/datasets/O+/cluster_6_4750.BMP,ok,0.8631674757281553,86.31674757281553,False,normal,96,103,8535,9888,O+/cluster_6_4750.BMP,O+
/Users/a75027/Desktop/compsci 760/datasets/O+/cluster_6_4765.BMP,ok,0.8013754045307443,80.13754045307444,False,normal,96,103,7924,9888,O+/cluster_6_4765.BMP,O+
/Users/a75027/Desktop/compsci 760/datasets/O+/cluster_6_4769.BMP,ok,0.7553600323624595,75.53600323624595,False,normal,96,103,7469,9888,O+/cluster_6_4769.BMP,O+
/Users/a75027/Desktop/compsci 760/datasets/O+/cluster_6_4777.BMP,ok,0.7703276699029126,77.03276699029125,False,normal,96,103,7617,9888,O+/cluster_6_4777.BMP,O+
/Users/a75027/Desktop/compsci 760/datasets/O+/cluster_6_4779.BMP,ok,0.8297936893203883,82.97936893203884,False,normal,96,103,8205,9888,O+/cluster_6_4779.BMP,O+
/Users/a75027/Desktop/compsci 760/datasets/O+/cluster_6_4781.BMP,ok,0.767799352750809,76.7799352750809,False,normal,96,103,7592,9888,O+/cluster_6_4781.BMP,O+
/Users/a75027/Desktop/compsci 760/datasets/O+/cluster_6_4785.BMP,ok,0.7887338187702265,78.87338187702265,False,normal,96,103,7799,9888,O+/cluster_6_4785.BMP,O+
/Users/a75027/Desktop/compsci 760/datasets/O+/cluster_6_4795.BMP,ok,0.8069377022653722,80.69377022653723,False,normal,96,103,7979,9888,O+/cluster_6_4795.BMP,O+
/Users/a75027/Desktop/compsci 760/datasets/O+/cluster_6_480.BMP,ok,0.8143203883495146,81.43203883495146,False,normal,96,103,8052,9888,O+/cluster_6_480.BMP,O+
/Users/a75027/Desktop/compsci 760/datasets/O+/cluster_6_4809.BMP,ok,0.8019822006472492,80.19822006472492,False,normal,96,103,7930,9888,O+/cluster_6_4809.BMP,O+
/Users/a75027/Desktop/compsci 760/datasets/O+/cluster_6_4811.BMP,ok,0.8000606796116505,80.00606796116504,False,normal,96,103,7911,9888,O+/cluster_6_4811.BMP,O+
/Users/a75027/Desktop/compsci 760/datasets/O+/cluster_6_4812.BMP,ok,0.8698422330097088,86.98422330097088,False,normal,96,103,8601,9888,O+/cluster_6_4812.BMP,O+
/Users/a75027/Desktop/compsci 760/datasets/O+/cluster_6_4816.BMP,ok,0.7637540453074434,76.37540453074433,False,normal,96,103,7552,9888,O+/cluster_6_4816.BMP,O+
/Users/a75027/Desktop/compsci 760/datasets/O+/cluster_6_4828.BMP,ok,0.764967637540453,76.4967637540453,False,normal,96,103,7564,9888,O+/cluster_6_4828.BMP,O+
/Users/a75027/Desktop/compsci 760/datasets/O+/cluster_6_4839.BMP,ok,0.7530339805825242,75.30339805825243,False,normal,96,103,7446,9888,O+/cluster_6_4839.BMP,O+
/Users/a75027/Desktop/compsci 760/datasets/O+/cluster_6_485.BMP,ok,0.7558656957928802,75.58656957928802,False,normal,96,103,7474,9888,O+/cluster_6_485.BMP,O+
/Users/a75027/Desktop/compsci 760/datasets/O+/cluster_6_4852.BMP,ok,0.7064118122977346,70.64118122977347,False,normal,96,103,6985,9888,O+/cluster_6_4852.BMP,O+
/Users/a75027/Desktop/compsci 760/datasets/O+/cluster_6_4853.BMP,ok,0.7905542071197411,79.05542071197411,False,normal,96,103,7817,9888,O+/cluster_6_4853.BMP,O+
/Users/a75027/Desktop/compsci 760/datasets/O+/cluster_6_4861.BMP,ok,0.8271642394822006,82.71642394822007,False,normal,96,103,8179,9888,O+/cluster_6_4861.BMP,O+
/Users/a75027/Desktop/compsci 760/datasets/O+/cluster_6_4864.BMP,ok,0.7163228155339806,71.63228155339806,False,normal,96,103,7083,9888,O+/cluster_6_4864.BMP,O+
/Users/a75027/Desktop/compsci 760/datasets/O+/cluster_6_4870.BMP,ok,1.0,100.0,True,coverage_too_high,96,103,9888,9888,O+/cluster_6_4870.BMP,O+
/Users/a75027/Desktop/compsci 760/datasets/O+/cluster_6_4873.BMP,ok,0.7061084142394822,70.61084142394822,False,normal,96,103,6982,9888,O+/cluster_6_4873.BMP,O+
/Users/a75027/Desktop/compsci 760/datasets/O+/cluster_6_4874.BMP,ok,0.780542071197411,78.05420711974111,False,normal,96,103,7718,9888,O+/cluster_6_4874.BMP,O+
/Users/a75027/Desktop/compsci 760/datasets/O+/cluster_6_4883.BMP,ok,0.7806432038834952,78.06432038834951,False,normal,96,103,7719,9888,O+/cluster_6_4883.BMP,O+
/Users/a75027/Desktop/compsci 760/datasets/O+/cluster_6_4888.BMP,ok,0.7917677993527508,79.17677993527508,False,normal,96,103,7829,9888,O+/cluster_6_4888.BMP,O+
/Users/a75027/Desktop/compsci 760/datasets/O+/cluster_6_4889.BMP,ok,0.7639563106796117,76.39563106796116,False,normal,96,103,7554,9888,O+/cluster_6_4889.BMP,O+
/Users/a75027/Desktop/compsci 760/datasets/O+/cluster_6_4897.BMP,ok,0.8440533980582524,84.40533980582524,False,normal,96,103,8346,9888,O+/cluster_6_4897.BMP,O+
/Users/a75027/Desktop/compsci 760/datasets/O+/cluster_6_4909.BMP,ok,0.7550566343042071,75.50566343042071,False,normal,96,103,7466,9888,O+/cluster_6_4909.BMP,O+
/Users/a75027/Desktop/compsci 760/datasets/O+/cluster_6_4915.BMP,ok,0.6902305825242718,69.02305825242718,False,normal,96,103,6825,9888,O+/cluster_6_4915.BMP,O+
/Users/a75027/Desktop/compsci 760/datasets/O+/cluster_6_4927.BMP,ok,0.7151092233009708,71.51092233009709,False,normal,96,103,7071,9888,O+/cluster_6_4927.BMP,O+
/Users/a75027/Desktop/compsci 760/datasets/O+/cluster_6_4936.BMP,ok,0.7864077669902912,78.64077669902912,False,normal,96,103,7776,9888,O+/cluster_6_4936.BMP,O+
/Users/a75027/Desktop/compsci 760/datasets/O+/cluster_6_4942.BMP,ok,0.7794296116504854,77.94296116504854,False,normal,96,103,7707,9888,O+/cluster_6_4942.BMP,O+
/Users/a75027/Desktop/compsci 760/datasets/O+/cluster_6_4944.BMP,ok,0.8398058252427184,83.98058252427184,False,normal,96,103,8304,9888,O+/cluster_6_4944.BMP,O+
/Users/a75027/Desktop/compsci 760/datasets/O+/cluster_6_4956.BMP,ok,0.6998381877022654,69.98381877022653,False,normal,96,103,6920,9888,O+/cluster_6_4956.BMP,O+
/Users/a75027/Desktop/compsci 760/datasets/O+/cluster_6_498.BMP,ok,0.7750809061488673,77.50809061488673,False,normal,96,103,7664,9888,O+/cluster_6_498.BMP,O+
/Users/a75027/Desktop/compsci 760/datasets/O+/cluster_6_4981.BMP,ok,0.8275687702265372,82.75687702265373,False,normal,96,103,8183,9888,O+/cluster_6_4981.BMP,O+
/Users/a75027/Desktop/compsci 760/datasets/O+/cluster_6_4985.BMP,ok,0.8759101941747572,87.59101941747572,False,normal,96,103,8661,9888,O+/cluster_6_4985.BMP,O+
/Users/a75027/Desktop/compsci 760/datasets/O+/cluster_6_4986.BMP,ok,0.8018810679611651,80.18810679611651,False,normal,96,103,7929,9888,O+/cluster_6_4986.BMP,O+
/Users/a75027/Desktop/compsci 760/datasets/O+/cluster_6_4990.BMP,ok,0.7703276699029126,77.03276699029125,False,normal,96,103,7617,9888,O+/cluster_6_4990.BMP,O+
/Users/a75027/Desktop/compsci 760/datasets/O+/cluster_6_5000.BMP,ok,0.6877022653721683,68.77022653721683,False,normal,96,103,6800,9888,O+/cluster_6_5000.BMP,O+
/Users/a75027/Desktop/compsci 760/datasets/O+/cluster_6_501.BMP,ok,0.7968244336569579,79.68244336569579,False,normal,96,103,7879,9888,O+/cluster_6_501.BMP,O+
/Users/a75027/Desktop/compsci 760/datasets/O+/cluster_6_5025.BMP,ok,0.8047127831715211,80.47127831715211,False,normal,96,103,7957,9888,O+/cluster_6_5025.BMP,O+
/Users/a75027/Desktop/compsci 760/datasets/O+/cluster_6_5027.BMP,ok,0.8043082524271845,80.43082524271846,False,normal,96,103,7953,9888,O+/cluster_6_5027.BMP,O+
/Users/a75027/Desktop/compsci 760/datasets/O+/cluster_6_503.BMP,ok,0.8106796116504854,81.06796116504854,False,normal,96,103,8016,9888,O+/cluster_6_503.BMP,O+
/Users/a75027/Desktop/compsci 760/datasets/O+/cluster_6_5032.BMP,ok,0.7486852750809061,74.86852750809061,False,normal,96,103,7403,9888,O+/cluster_6_5032.BMP,O+
/Users/a75027/Desktop/compsci 760/datasets/O+/cluster_6_504.BMP,ok,0.838794498381877,83.8794498381877,False,normal,96,103,8294,9888,O+/cluster_6_504.BMP,O+
/Users/a75027/Desktop/compsci 760/datasets/O+/cluster_6_5042.BMP,ok,0.7497977346278317,74.97977346278317,False,normal,96,103,7414,9888,O+/cluster_6_5042.BMP,O+
/Users/a75027/Desktop/compsci 760/datasets/O+/cluster_6_5044.BMP,ok,0.8060275080906149,80.60275080906149,False,normal,96,103,7970,9888,O+/cluster_6_5044.BMP,O+
/Users/a75027/Desktop/compsci 760/datasets/O+/cluster_6_5069.BMP,ok,0.7723503236245954,77.23503236245955,False,normal,96,103,7637,9888,O+/cluster_6_5069.BMP,O+
/Users/a75027/Desktop/compsci 760/datasets/O+/cluster_6_5073.BMP,ok,0.7698220064724919,76.98220064724919,False,normal,96,103,7612,9888,O+/cluster_6_5073.BMP,O+
/Users/a75027/Desktop/compsci 760/datasets/O+/cluster_6_5079.BMP,ok,0.7481796116504854,74.81796116504854,False,normal,96,103,7398,9888,O+/cluster_6_5079.BMP,O+
/Users/a75027/Desktop/compsci 760/datasets/O+/cluster_6_508.BMP,ok,0.763450647249191,76.3450647249191,False,normal,96,103,7549,9888,O+/cluster_6_508.BMP,O+
/Users/a75027/Desktop/compsci 760/datasets/O+/cluster_6_5089.BMP,ok,0.5174959546925566,51.74959546925566,False,normal,96,103,5117,9888,O+/cluster_6_5089.BMP,O+
/Users/a75027/Desktop/compsci 760/datasets/O+/cluster_6_5093.BMP,ok,0.7586974110032363,75.86974110032362,False,normal,96,103,7502,9888,O+/cluster_6_5093.BMP,O+
/Users/a75027/Desktop/compsci 760/datasets/O+/cluster_6_5094.BMP,ok,0.7378640776699029,73.7864077669903,False,normal,96,103,7296,9888,O+/cluster_6_5094.BMP,O+
/Users/a75027/Desktop/compsci 760/datasets/O+/cluster_6_5112.BMP,ok,0.602245145631068,60.2245145631068,False,normal,96,103,5955,9888,O+/cluster_6_5112.BMP,O+
/Users/a75027/Desktop/compsci 760/datasets/O+/cluster_6_5117.BMP,ok,0.8299959546925566,82.99959546925567,False,normal,96,103,8207,9888,O+/cluster_6_5117.BMP,O+
/Users/a75027/Desktop/compsci 760/datasets/O+/cluster_6_5120.BMP,ok,0.7882281553398058,78.82281553398059,False,normal,96,103,7794,9888,O+/cluster_6_5120.BMP,O+
/Users/a75027/Desktop/compsci 760/datasets/O+/cluster_6_5127.BMP,ok,0.7806432038834952,78.06432038834951,False,normal,96,103,7719,9888,O+/cluster_6_5127.BMP,O+
/Users/a75027/Desktop/compsci 760/datasets/O+/cluster_6_5131.BMP,ok,0.8250404530744336,82.50404530744336,False,normal,96,103,8158,9888,O+/cluster_6_5131.BMP,O+
/Users/a75027/Desktop/compsci 760/datasets/O+/cluster_6_5138.BMP,ok,1.0,100.0,True,coverage_too_high,96,103,9888,9888,O+/cluster_6_5138.BMP,O+
/Users/a75027/Desktop/compsci 760/datasets/O+/cluster_6_516.BMP,ok,0.7725525889967637,77.25525889967638,False,normal,96,103,7639,9888,O+/cluster_6_516.BMP,O+
/Users/a75027/Desktop/compsci 760/datasets/O+/cluster_6_5166.BMP,ok,0.7509101941747572,75.09101941747572,False,normal,96,103,7425,9888,O+/cluster_6_5166.BMP,O+
/Users/a75027/Desktop/compsci 760/datasets/O+/cluster_6_5167.BMP,ok,0.8689320388349514,86.89320388349515,False,normal,96,103,8592,9888,O+/cluster_6_5167.BMP,O+
/Users/a75027/Desktop/compsci 760/datasets/O+/cluster_6_5168.BMP,ok,0.8221076051779935,82.21076051779936,False,normal,96,103,8129,9888,O+/cluster_6_5168.BMP,O+
/Users/a75027/Desktop/compsci 760/datasets/O+/cluster_6_5179.BMP,ok,0.7717435275080906,77.17435275080906,False,normal,96,103,7631,9888,O+/cluster_6_5179.BMP,O+
/Users/a75027/Desktop/compsci 760/datasets/O+/cluster_6_5192.BMP,ok,0.6884101941747572,68.84101941747572,False,normal,96,103,6807,9888,O+/cluster_6_5192.BMP,O+
/Users/a75027/Desktop/compsci 760/datasets/O+/cluster_6_5196.BMP,ok,0.7799352750809061,77.99352750809061,False,normal,96,103,7712,9888,O+/cluster_6_5196.BMP,O+
/Users/a75027/Desktop/compsci 760/datasets/O+/cluster_6_5204.BMP,ok,0.8956310679611651,89.56310679611651,False,normal,96,103,8856,9888,O+/cluster_6_5204.BMP,O+
/Users/a75027/Desktop/compsci 760/datasets/O+/cluster_6_5206.BMP,ok,0.6839510986103762,68.39510986103761,False,normal,241,298,49120,71818,O+/cluster_6_5206.BMP,O+
/Users/a75027/Desktop/compsci 760/datasets/O+/cluster_6_521.BMP,ok,0.8491100323624595,84.91100323624595,False,normal,96,103,8396,9888,O+/cluster_6_521.BMP,O+
/Users/a75027/Desktop/compsci 760/datasets/O+/cluster_6_5214.BMP,ok,0.7683050161812298,76.83050161812298,False,normal,96,103,7597,9888,O+/cluster_6_5214.BMP,O+
/Users/a75027/Desktop/compsci 760/datasets/O+/cluster_6_5225.BMP,ok,0.8169498381877023,81.69498381877023,False,normal,96,103,8078,9888,O+/cluster_6_5225.BMP,O+
/Users/a75027/Desktop/compsci 760/datasets/O+/cluster_6_5229.BMP,ok,1.0,100.0,True,coverage_too_high,96,103,9888,9888,O+/cluster_6_5229.BMP,O+
/Users/a75027/Desktop/compsci 760/datasets/O+/cluster_6_5238.BMP,ok,0.8086569579288025,80.86569579288026,False,normal,96,103,7996,9888,O+/cluster_6_5238.BMP,O+
/Users/a75027/Desktop/compsci 760/datasets/O+/cluster_6_5240.BMP,ok,0.8045105177993528,80.45105177993528,False,normal,96,103,7955,9888,O+/cluster_6_5240.BMP,O+
/Users/a75027/Desktop/compsci 760/datasets/O+/cluster_6_5249.BMP,ok,0.8856189320388349,88.56189320388349,False,normal,96,103,8757,9888,O+/cluster_6_5249.BMP,O+
/Users/a75027/Desktop/compsci 760/datasets/O+/cluster_6_5267.BMP,ok,0.7697208737864077,76.97208737864078,False,normal,96,103,7611,9888,O+/cluster_6_5267.BMP,O+
/Users/a75027/Desktop/compsci 760/datasets/O+/cluster_6_5268.BMP,ok,0.7831715210355987,78.31715210355988,False,normal,96,103,7744,9888,O+/cluster_6_5268.BMP,O+
/Users/a75027/Desktop/compsci 760/datasets/O+/cluster_6_527.BMP,ok,0.7531351132686084,75.31351132686083,False,normal,96,103,7447,9888,O+/cluster_6_527.BMP,O+
/Users/a75027/Desktop/compsci 760/datasets/O+/cluster_6_5284.BMP,ok,0.7357402912621359,73.57402912621359,False,normal,96,103,7275,9888,O+/cluster_6_5284.BMP,O+
/Users/a75027/Desktop/compsci 760/datasets/O+/cluster_6_5293.BMP,ok,0.8027912621359223,80.27912621359224,False,normal,96,103,7938,9888,O+/cluster_6_5293.BMP,O+
/Users/a75027/Desktop/compsci 760/datasets/O+/cluster_6_5297.BMP,ok,0.7277508090614887,72.77508090614887,False,normal,96,103,7196,9888,O+/cluster_6_5297.BMP,O+
/Users/a75027/Desktop/compsci 760/datasets/O+/cluster_6_53.BMP,ok,0.8148260517799353,81.48260517799353,False,normal,96,103,8057,9888,O+/cluster_6_53.BMP,O+
/Users/a75027/Desktop/compsci 760/datasets/O+/cluster_6_5316.BMP,ok,0.8024878640776699,80.24878640776699,False,normal,96,103,7935,9888,O+/cluster_6_5316.BMP,O+
/Users/a75027/Desktop/compsci 760/datasets/O+/cluster_6_5317.BMP,ok,0.8411205501618123,84.11205501618123,False,normal,96,103,8317,9888,O+/cluster_6_5317.BMP,O+
/Users/a75027/Desktop/compsci 760/datasets/O+/cluster_6_5329.BMP,ok,0.7206715210355987,72.06715210355988,False,normal,96,103,7126,9888,O+/cluster_6_5329.BMP,O+
/Users/a75027/Desktop/compsci 760/datasets/O+/cluster_6_5330.BMP,ok,0.7062095469255664,70.62095469255664,False,normal,96,103,6983,9888,O+/cluster_6_5330.BMP,O+
/Users/a75027/Desktop/compsci 760/datasets/O+/cluster_6_5331.BMP,ok,0.8434466019417476,84.34466019417476,False,normal,96,103,8340,9888,O+/cluster_6_5331.BMP,O+
/Users/a75027/Desktop/compsci 760/datasets/O+/cluster_6_5338.BMP,ok,0.8892597087378641,88.92597087378641,False,normal,96,103,8793,9888,O+/cluster_6_5338.BMP,O+
/Users/a75027/Desktop/compsci 760/datasets/O+/cluster_6_5344.BMP,ok,0.6951860841423948,69.51860841423948,False,normal,96,103,6874,9888,O+/cluster_6_5344.BMP,O+
/Users/a75027/Desktop/compsci 760/datasets/O+/cluster_6_5352.BMP,ok,0.8492111650485437,84.92111650485437,False,normal,96,103,8397,9888,O+/cluster_6_5352.BMP,O+
/Users/a75027/Desktop/compsci 760/datasets/O+/cluster_6_5354.BMP,ok,0.7960153721682848,79.60153721682848,False,normal,96,103,7871,9888,O+/cluster_6_5354.BMP,O+
/Users/a75027/Desktop/compsci 760/datasets/O+/cluster_6_5357.BMP,ok,0.7317961165048543,73.17961165048543,False,normal,96,103,7236,9888,O+/cluster_6_5357.BMP,O+
/Users/a75027/Desktop/compsci 760/datasets/O+/cluster_6_5358.BMP,ok,0.8254449838187702,82.54449838187702,False,normal,96,103,8162,9888,O+/cluster_6_5358.BMP,O+
/Users/a75027/Desktop/compsci 760/datasets/O+/cluster_6_5364.BMP,ok,0.7498988673139159,74.98988673139159,False,normal,96,103,7415,9888,O+/cluster_6_5364.BMP,O+
/Users/a75027/Desktop/compsci 760/datasets/O+/cluster_6_5368.BMP,ok,0.799049352750809,79.9049352750809,False,normal,96,103,7901,9888,O+/cluster_6_5368.BMP,O+
/Users/a75027/Desktop/compsci 760/datasets/O+/cluster_6_5372.BMP,ok,0.8151294498381877,81.51294498381877,False,normal,96,103,8060,9888,O+/cluster_6_5372.BMP,O+
/Users/a75027/Desktop/compsci 760/datasets/O+/cluster_6_5376.BMP,ok,0.8370752427184466,83.70752427184466,False,normal,96,103,8277,9888,O+/cluster_6_5376.BMP,O+
/Users/a75027/Desktop/compsci 760/datasets/O+/cluster_6_5382.BMP,ok,0.8568972491909385,85.68972491909385,False,normal,96,103,8473,9888,O+/cluster_6_5382.BMP,O+
/Users/a75027/Desktop/compsci 760/datasets/O+/cluster_6_5388.BMP,ok,0.6888147249190939,68.88147249190939,False,normal,96,103,6811,9888,O+/cluster_6_5388.BMP,O+
/Users/a75027/Desktop/compsci 760/datasets/O+/cluster_6_5401.BMP,ok,0.7794296116504854,77.94296116504854,False,normal,96,103,7707,9888,O+/cluster_6_5401.BMP,O+
/Users/a75027/Desktop/compsci 760/datasets/O+/cluster_6_5405.BMP,ok,0.8699433656957929,86.99433656957929,False,normal,96,103,8602,9888,O+/cluster_6_5405.BMP,O+
/Users/a75027/Desktop/compsci 760/datasets/O+/cluster_6_5408.BMP,ok,0.716626213592233,71.6626213592233,False,normal,96,103,7086,9888,O+/cluster_6_5408.BMP,O+
/Users/a75027/Desktop/compsci 760/datasets/O+/cluster_6_5413.BMP,ok,0.820995145631068,82.0995145631068,False,normal,96,103,8118,9888,O+/cluster_6_5413.BMP,O+
/Users/a75027/Desktop/compsci 760/datasets/O+/cluster_6_5422.BMP,ok,0.7875202265372169,78.75202265372168,False,normal,96,103,7787,9888,O+/cluster_6_5422.BMP,O+
/Users/a75027/Desktop/compsci 760/datasets/O+/cluster_6_5426.BMP,ok,0.7385720064724919,73.85720064724919,False,normal,96,103,7303,9888,O+/cluster_6_5426.BMP,O+
/Users/a75027/Desktop/compsci 760/datasets/O+/cluster_6_543.BMP,ok,0.7418082524271845,74.18082524271846,False,normal,96,103,7335,9888,O+/cluster_6_543.BMP,O+
/Users/a75027/Desktop/compsci 760/datasets/O+/cluster_6_5433.BMP,ok,0.7599110032362459,75.9911003236246,False,normal,96,103,7514,9888,O+/cluster_6_5433.BMP,O+
/Users/a75027/Desktop/compsci 760/datasets/O+/cluster_6_5436.BMP,ok,0.748584142394822,74.8584142394822,False,normal,96,103,7402,9888,O+/cluster_6_5436.BMP,O+
/Users/a75027/Desktop/compsci 760/datasets/O+/cluster_6_5456.BMP,ok,0.8862257281553398,88.62257281553399,False,normal,96,103,8763,9888,O+/cluster_6_5456.BMP,O+
/Users/a75027/Desktop/compsci 760/datasets/O+/cluster_6_546.BMP,ok,0.7344255663430421,73.44255663430421,False,normal,96,103,7262,9888,O+/cluster_6_546.BMP,O+
/Users/a75027/Desktop/compsci 760/datasets/O+/cluster_6_5462.BMP,ok,0.7475728155339806,74.75728155339806,False,normal,96,103,7392,9888,O+/cluster_6_5462.BMP,O+
/Users/a75027/Desktop/compsci 760/datasets/O+/cluster_6_5478.BMP,ok,0.8930016181229773,89.30016181229773,False,normal,96,103,8830,9888,O+/cluster_6_5478.BMP,O+
/Users/a75027/Desktop/compsci 760/datasets/O+/cluster_6_5486.BMP,ok,0.7803398058252428,78.03398058252428,False,normal,96,103,7716,9888,O+/cluster_6_5486.BMP,O+
/Users/a75027/Desktop/compsci 760/datasets/O+/cluster_6_5487.BMP,ok,0.7825647249190939,78.25647249190939,False,normal,96,103,7738,9888,O+/cluster_6_5487.BMP,O+
/Users/a75027/Desktop/compsci 760/datasets/O+/cluster_6_5492.BMP,ok,0.7870145631067961,78.7014563106796,False,normal,96,103,7782,9888,O+/cluster_6_5492.BMP,O+
/Users/a75027/Desktop/compsci 760/datasets/O+/cluster_6_5499.BMP,ok,0.807544498381877,80.7544498381877,False,normal,96,103,7985,9888,O+/cluster_6_5499.BMP,O+
/Users/a75027/Desktop/compsci 760/datasets/O+/cluster_6_5509.BMP,ok,0.69457928802589,69.457928802589,False,normal,96,103,6868,9888,O+/cluster_6_5509.BMP,O+
/Users/a75027/Desktop/compsci 760/datasets/O+/cluster_6_5517.BMP,ok,0.7599110032362459,75.9911003236246,False,normal,96,103,7514,9888,O+/cluster_6_5517.BMP,O+
/Users/a75027/Desktop/compsci 760/datasets/O+/cluster_6_5526.BMP,ok,0.76415857605178,76.41585760517799,False,normal,96,103,7556,9888,O+/cluster_6_5526.BMP,O+
/Users/a75027/Desktop/compsci 760/datasets/O+/cluster_6_5529.BMP,ok,0.8374797734627831,83.74797734627832,False,normal,96,103,8281,9888,O+/cluster_6_5529.BMP,O+
/Users/a75027/Desktop/compsci 760/datasets/O+/cluster_6_553.BMP,ok,0.7627427184466019,76.27427184466019,False,normal,96,103,7542,9888,O+/cluster_6_553.BMP,O+
/Users/a75027/Desktop/compsci 760/datasets/O+/cluster_6_5532.BMP,ok,0.8292880258899676,82.92880258899676,False,normal,96,103,8200,9888,O+/cluster_6_5532.BMP,O+
/Users/a75027/Desktop/compsci 760/datasets/O+/cluster_6_5537.BMP,ok,0.8699433656957929,86.99433656957929,False,normal,96,103,8602,9888,O+/cluster_6_5537.BMP,O+
/Users/a75027/Desktop/compsci 760/datasets/O+/cluster_6_5542.BMP,ok,0.7069174757281553,70.69174757281553,False,normal,96,103,6990,9888,O+/cluster_6_5542.BMP,O+
/Users/a75027/Desktop/compsci 760/datasets/O+/cluster_6_5543.BMP,ok,0.8326254045307443,83.26254045307444,False,normal,96,103,8233,9888,O+/cluster_6_5543.BMP,O+
/Users/a75027/Desktop/compsci 760/datasets/O+/cluster_6_5546.BMP,ok,0.7675970873786407,76.75970873786407,False,normal,96,103,7590,9888,O+/cluster_6_5546.BMP,O+
/Users/a75027/Desktop/compsci 760/datasets/O+/cluster_6_5551.BMP,ok,0.7574838187702265,75.74838187702265,False,normal,96,103,7490,9888,O+/cluster_6_5551.BMP,O+
/Users/a75027/Desktop/compsci 760/datasets/O+/cluster_6_5560.BMP,ok,0.7886326860841424,78.86326860841424,False,normal,96,103,7798,9888,O+/cluster_6_5560.BMP,O+
/Users/a75027/Desktop/compsci 760/datasets/O+/cluster_6_5564.BMP,ok,0.7047936893203883,70.47936893203884,False,normal,96,103,6969,9888,O+/cluster_6_5564.BMP,O+
/Users/a75027/Desktop/compsci 760/datasets/O+/cluster_6_5579.BMP,ok,0.8585153721682848,85.85153721682848,False,normal,96,103,8489,9888,O+/cluster_6_5579.BMP,O+
/Users/a75027/Desktop/compsci 760/datasets/O+/cluster_6_5580.BMP,ok,0.6776901294498382,67.76901294498381,False,normal,96,103,6701,9888,O+/cluster_6_5580.BMP,O+
/Users/a75027/Desktop/compsci 760/datasets/O+/cluster_6_5599.BMP,ok,0.8097694174757282,80.97694174757282,False,normal,96,103,8007,9888,O+/cluster_6_5599.BMP,O+
/Users/a75027/Desktop/compsci 760/datasets/O+/cluster_6_5603.BMP,ok,0.7839805825242718,78.39805825242718,False,normal,96,103,7752,9888,O+/cluster_6_5603.BMP,O+
/Users/a75027/Desktop/compsci 760/datasets/O+/cluster_6_5621.BMP,ok,0.7704288025889967,77.04288025889967,False,normal,96,103,7618,9888,O+/cluster_6_5621.BMP,O+
/Users/a75027/Desktop/compsci 760/datasets/O+/cluster_6_5625.BMP,ok,0.8269619741100324,82.69619741100324,False,normal,96,103,8177,9888,O+/cluster_6_5625.BMP,O+
/Users/a75027/Desktop/compsci 760/datasets/O+/cluster_6_5633.BMP,ok,0.7880258899676376,78.80258899676376,False,normal,96,103,7792,9888,O+/cluster_6_5633.BMP,O+
/Users/a75027/Desktop/compsci 760/datasets/O+/cluster_6_5634.BMP,ok,0.7403923948220065,74.03923948220064,False,normal,96,103,7321,9888,O+/cluster_6_5634.BMP,O+
/Users/a75027/Desktop/compsci 760/datasets/O+/cluster_6_5641.BMP,ok,0.5837255284190593,58.372552841905936,False,normal,241,298,41922,71818,O+/cluster_6_5641.BMP,O+
/Users/a75027/Desktop/compsci 760/datasets/O+/cluster_6_5643.BMP,ok,0.7219862459546925,72.19862459546925,False,normal,96,103,7139,9888,O+/cluster_6_5643.BMP,O+
/Users/a75027/Desktop/compsci 760/datasets/O+/cluster_6_565.BMP,ok,0.7747775080906149,77.47775080906149,False,normal,96,103,7661,9888,O+/cluster_6_565.BMP,O+
/Users/a75027/Desktop/compsci 760/datasets/O+/cluster_6_5651.BMP,ok,0.7328074433656958,73.28074433656958,False,normal,96,103,7246,9888,O+/cluster_6_5651.BMP,O+
/Users/a75027/Desktop/compsci 760/datasets/O+/cluster_6_567.BMP,ok,0.7951051779935275,79.51051779935275,False,normal,96,103,7862,9888,O+/cluster_6_567.BMP,O+
/Users/a75027/Desktop/compsci 760/datasets/O+/cluster_6_5672.BMP,ok,0.7256270226537217,72.56270226537217,False,normal,96,103,7175,9888,O+/cluster_6_5672.BMP,O+
/Users/a75027/Desktop/compsci 760/datasets/O+/cluster_6_568.BMP,ok,0.7839805825242718,78.39805825242718,False,normal,96,103,7752,9888,O+/cluster_6_568.BMP,O+
/Users/a75027/Desktop/compsci 760/datasets/O+/cluster_6_5681.BMP,ok,0.6895226537216829,68.95226537216828,False,normal,96,103,6818,9888,O+/cluster_6_5681.BMP,O+
/Users/a75027/Desktop/compsci 760/datasets/O+/cluster_6_5682.BMP,ok,0.7845873786407767,78.45873786407766,False,normal,96,103,7758,9888,O+/cluster_6_5682.BMP,O+
/Users/a75027/Desktop/compsci 760/datasets/O+/cluster_6_5683.BMP,ok,0.8376820388349514,83.76820388349515,False,normal,96,103,8283,9888,O+/cluster_6_5683.BMP,O+
/Users/a75027/Desktop/compsci 760/datasets/O+/cluster_6_5686.BMP,ok,0.7131877022653722,71.31877022653723,False,normal,96,103,7052,9888,O+/cluster_6_5686.BMP,O+
/Users/a75027/Desktop/compsci 760/datasets/O+/cluster_6_5689.BMP,ok,0.852953074433657,85.2953074433657,False,normal,96,103,8434,9888,O+/cluster_6_5689.BMP,O+
/Users/a75027/Desktop/compsci 760/datasets/O+/cluster_6_570.BMP,ok,0.7463592233009708,74.63592233009709,False,normal,96,103,7380,9888,O+/cluster_6_570.BMP,O+
/Users/a75027/Desktop/compsci 760/datasets/O+/cluster_6_5704.BMP,ok,1.0,100.0,True,coverage_too_high,96,103,9888,9888,O+/cluster_6_5704.BMP,O+
/Users/a75027/Desktop/compsci 760/datasets/O+/cluster_6_5711.BMP,ok,0.8085558252427184,80.85558252427184,False,normal,96,103,7995,9888,O+/cluster_6_5711.BMP,O+
/Users/a75027/Desktop/compsci 760/datasets/O+/cluster_6_5721.BMP,ok,0.6931634304207119,69.3163430420712,False,normal,96,103,6854,9888,O+/cluster_6_5721.BMP,O+
/Users/a75027/Desktop/compsci 760/datasets/O+/cluster_6_573.BMP,ok,0.8065331715210357,80.65331715210357,False,normal,96,103,7975,9888,O+/cluster_6_573.BMP,O+
/Users/a75027/Desktop/compsci 760/datasets/O+/cluster_6_5731.BMP,ok,0.6840614886731392,68.40614886731392,False,normal,96,103,6764,9888,O+/cluster_6_5731.BMP,O+
/Users/a75027/Desktop/compsci 760/datasets/O+/cluster_6_5739.BMP,ok,0.7460558252427184,74.60558252427184,False,normal,96,103,7377,9888,O+/cluster_6_5739.BMP,O+
/Users/a75027/Desktop/compsci 760/datasets/O+/cluster_6_574.BMP,ok,0.8331310679611651,83.31310679611651,False,normal,96,103,8238,9888,O+/cluster_6_574.BMP,O+
/Users/a75027/Desktop/compsci 760/datasets/O+/cluster_6_5759.BMP,ok,0.7456512944983819,74.56512944983818,False,normal,96,103,7373,9888,O+/cluster_6_5759.BMP,O+
/Users/a75027/Desktop/compsci 760/datasets/O+/cluster_6_5766.BMP,ok,0.7827669902912622,78.27669902912622,False,normal,96,103,7740,9888,O+/cluster_6_5766.BMP,O+
/Users/a75027/Desktop/compsci 760/datasets/O+/cluster_6_5771.BMP,ok,0.889967637540453,88.9967637540453,False,normal,96,103,8800,9888,O+/cluster_6_5771.BMP,O+
/Users/a75027/Desktop/compsci 760/datasets/O+/cluster_6_578.BMP,ok,0.6631270226537217,66.31270226537217,False,normal,96,103,6557,9888,O+/cluster_6_578.BMP,O+
/Users/a75027/Desktop/compsci 760/datasets/O+/cluster_6_5781.BMP,ok,0.7217839805825242,72.17839805825243,False,normal,96,103,7137,9888,O+/cluster_6_5781.BMP,O+
/Users/a75027/Desktop/compsci 760/datasets/O+/cluster_6_5788.BMP,ok,0.7672936893203883,76.72936893203884,False,normal,96,103,7587,9888,O+/cluster_6_5788.BMP,O+
/Users/a75027/Desktop/compsci 760/datasets/O+/cluster_6_5805.BMP,ok,0.821703074433657,82.1703074433657,False,normal,96,103,8125,9888,O+/cluster_6_5805.BMP,O+
/Users/a75027/Desktop/compsci 760/datasets/O+/cluster_6_5815.BMP,ok,0.7632483818770227,76.32483818770227,False,normal,96,103,7547,9888,O+/cluster_6_5815.BMP,O+
/Users/a75027/Desktop/compsci 760/datasets/O+/cluster_6_582.BMP,ok,0.7724514563106796,77.24514563106796,False,normal,96,103,7638,9888,O+/cluster_6_582.BMP,O+
/Users/a75027/Desktop/compsci 760/datasets/O+/cluster_6_5825.BMP,ok,0.82959142394822,82.95914239482201,False,normal,96,103,8203,9888,O+/cluster_6_5825.BMP,O+
/Users/a75027/Desktop/compsci 760/datasets/O+/cluster_6_5830.BMP,ok,0.7713389967637541,77.1338996763754,False,normal,96,103,7627,9888,O+/cluster_6_5830.BMP,O+
/Users/a75027/Desktop/compsci 760/datasets/O+/cluster_6_5833.BMP,ok,0.8152305825242718,81.52305825242718,False,normal,96,103,8061,9888,O+/cluster_6_5833.BMP,O+
/Users/a75027/Desktop/compsci 760/datasets/O+/cluster_6_5839.BMP,ok,0.7620347896440129,76.2034789644013,False,normal,96,103,7535,9888,O+/cluster_6_5839.BMP,O+
/Users/a75027/Desktop/compsci 760/datasets/O+/cluster_6_5851.BMP,ok,0.7515169902912622,75.15169902912622,False,normal,96,103,7431,9888,O+/cluster_6_5851.BMP,O+
/Users/a75027/Desktop/compsci 760/datasets/O+/cluster_6_5858.BMP,ok,0.7596076051779935,75.96076051779936,False,normal,96,103,7511,9888,O+/cluster_6_5858.BMP,O+
/Users/a75027/Desktop/compsci 760/datasets/O+/cluster_6_5862.BMP,ok,0.7598098705501618,75.98098705501619,False,normal,96,103,7513,9888,O+/cluster_6_5862.BMP,O+
/Users/a75027/Desktop/compsci 760/datasets/O+/cluster_6_5864.BMP,ok,0.7793284789644013,77.93284789644012,False,normal,96,103,7706,9888,O+/cluster_6_5864.BMP,O+
/Users/a75027/Desktop/compsci 760/datasets/O+/cluster_6_5872.BMP,ok,0.7680016181229773,76.80016181229773,False,normal,96,103,7594,9888,O+/cluster_6_5872.BMP,O+
/Users/a75027/Desktop/compsci 760/datasets/O+/cluster_6_5874.BMP,ok,0.8494134304207119,84.9413430420712,False,normal,96,103,8399,9888,O+/cluster_6_5874.BMP,O+
/Users/a75027/Desktop/compsci 760/datasets/O+/cluster_6_5876.BMP,ok,0.747168284789644,74.7168284789644,False,normal,96,103,7388,9888,O+/cluster_6_5876.BMP,O+
/Users/a75027/Desktop/compsci 760/datasets/O+/cluster_6_59.BMP,ok,0.7779126213592233,77.79126213592234,False,normal,96,103,7692,9888,O+/cluster_6_59.BMP,O+
/Users/a75027/Desktop/compsci 760/datasets/O+/cluster_6_5908.BMP,ok,0.7950040453074434,79.50040453074433,False,normal,96,103,7861,9888,O+/cluster_6_5908.BMP,O+
/Users/a75027/Desktop/compsci 760/datasets/O+/cluster_6_5916.BMP,ok,0.7735639158576052,77.35639158576052,False,normal,96,103,7649,9888,O+/cluster_6_5916.BMP,O+
/Users/a75027/Desktop/compsci 760/datasets/O+/cluster_6_5921.BMP,ok,0.7075242718446602,70.75242718446601,False,normal,96,103,6996,9888,O+/cluster_6_5921.BMP,O+
/Users/a75027/Desktop/compsci 760/datasets/O+/cluster_6_5924.BMP,ok,0.7809466019417476,78.09466019417476,False,normal,96,103,7722,9888,O+/cluster_6_5924.BMP,O+
/Users/a75027/Desktop/compsci 760/datasets/O+/cluster_6_5931.BMP,ok,0.7046925566343042,70.46925566343042,False,normal,96,103,6968,9888,O+/cluster_6_5931.BMP,O+
/Users/a75027/Desktop/compsci 760/datasets/O+/cluster_6_5936.BMP,ok,0.7292677993527508,72.92677993527508,False,normal,96,103,7211,9888,O+/cluster_6_5936.BMP,O+
/Users/a75027/Desktop/compsci 760/datasets/O+/cluster_6_5939.BMP,ok,0.8376820388349514,83.76820388349515,False,normal,96,103,8283,9888,O+/cluster_6_5939.BMP,O+
/Users/a75027/Desktop/compsci 760/datasets/O+/cluster_6_594.BMP,ok,0.7648665048543689,76.4866504854369,False,normal,96,103,7563,9888,O+/cluster_6_594.BMP,O+
/Users/a75027/Desktop/compsci 760/datasets/O+/cluster_6_5948.BMP,ok,0.8789441747572816,87.89441747572816,False,normal,96,103,8691,9888,O+/cluster_6_5948.BMP,O+
/Users/a75027/Desktop/compsci 760/datasets/O+/cluster_6_5964.BMP,ok,0.7402912621359223,74.02912621359224,False,normal,96,103,7320,9888,O+/cluster_6_5964.BMP,O+
/Users/a75027/Desktop/compsci 760/datasets/O+/cluster_6_5966.BMP,ok,0.7406957928802589,74.06957928802589,False,normal,96,103,7324,9888,O+/cluster_6_5966.BMP,O+
/Users/a75027/Desktop/compsci 760/datasets/O+/cluster_6_5977.BMP,ok,0.8986650485436893,89.86650485436894,False,normal,96,103,8886,9888,O+/cluster_6_5977.BMP,O+
/Users/a75027/Desktop/compsci 760/datasets/O+/cluster_6_5983.BMP,ok,0.7987459546925566,79.87459546925567,False,normal,96,103,7898,9888,O+/cluster_6_5983.BMP,O+
/Users/a75027/Desktop/compsci 760/datasets/O+/cluster_6_5987.BMP,ok,0.7803398058252428,78.03398058252428,False,normal,96,103,7716,9888,O+/cluster_6_5987.BMP,O+
/Users/a75027/Desktop/compsci 760/datasets/O+/cluster_6_5989.BMP,ok,0.7017597087378641,70.17597087378641,False,normal,96,103,6939,9888,O+/cluster_6_5989.BMP,O+
/Users/a75027/Desktop/compsci 760/datasets/O+/cluster_6_5994.BMP,ok,0.8633697411003236,86.33697411003236,False,normal,96,103,8537,9888,O+/cluster_6_5994.BMP,O+
/Users/a75027/Desktop/compsci 760/datasets/O+/cluster_6_602.BMP,ok,0.7635517799352751,76.35517799352752,False,normal,96,103,7550,9888,O+/cluster_6_602.BMP,O+
/Users/a75027/Desktop/compsci 760/datasets/O+/cluster_6_622.BMP,ok,0.8914846278317152,89.14846278317152,False,normal,96,103,8815,9888,O+/cluster_6_622.BMP,O+
/Users/a75027/Desktop/compsci 760/datasets/O+/cluster_6_623.BMP,ok,0.7591019417475728,75.91019417475728,False,normal,96,103,7506,9888,O+/cluster_6_623.BMP,O+
/Users/a75027/Desktop/compsci 760/datasets/O+/cluster_6_626.BMP,ok,0.7704288025889967,77.04288025889967,False,normal,96,103,7618,9888,O+/cluster_6_626.BMP,O+
/Users/a75027/Desktop/compsci 760/datasets/O+/cluster_6_64.BMP,ok,0.693871359223301,69.3871359223301,False,normal,96,103,6861,9888,O+/cluster_6_64.BMP,O+
/Users/a75027/Desktop/compsci 760/datasets/O+/cluster_6_642.BMP,ok,0.7558656957928802,75.58656957928802,False,normal,96,103,7474,9888,O+/cluster_6_642.BMP,O+
/Users/a75027/Desktop/compsci 760/datasets/O+/cluster_6_655.BMP,ok,0.6680825242718447,66.80825242718447,False,normal,96,103,6606,9888,O+/cluster_6_655.BMP,O+
/Users/a75027/Desktop/compsci 760/datasets/O+/cluster_6_661.BMP,ok,0.7782160194174758,77.82160194174757,False,normal,96,103,7695,9888,O+/cluster_6_661.BMP,O+
/Users/a75027/Desktop/compsci 760/datasets/O+/cluster_6_665.BMP,ok,0.866504854368932,86.6504854368932,False,normal,96,103,8568,9888,O+/cluster_6_665.BMP,O+
/Users/a75027/Desktop/compsci 760/datasets/O+/cluster_6_671.BMP,ok,0.7815533980582524,78.15533980582524,False,normal,96,103,7728,9888,O+/cluster_6_671.BMP,O+
/Users/a75027/Desktop/compsci 760/datasets/O+/cluster_6_679.BMP,ok,0.7964199029126213,79.64199029126213,False,normal,96,103,7875,9888,O+/cluster_6_679.BMP,O+
/Users/a75027/Desktop/compsci 760/datasets/O+/cluster_6_684.BMP,ok,0.8893608414239482,88.93608414239482,False,normal,96,103,8794,9888,O+/cluster_6_684.BMP,O+
/Users/a75027/Desktop/compsci 760/datasets/O+/cluster_6_689.BMP,ok,0.8252427184466019,82.52427184466019,False,normal,96,103,8160,9888,O+/cluster_6_689.BMP,O+
/Users/a75027/Desktop/compsci 760/datasets/O+/cluster_6_69.BMP,ok,0.8925970873786407,89.25970873786407,False,normal,96,103,8826,9888,O+/cluster_6_69.BMP,O+
/Users/a75027/Desktop/compsci 760/datasets/O+/cluster_6_70.BMP,ok,0.8432443365695793,84.32443365695794,False,normal,96,103,8338,9888,O+/cluster_6_70.BMP,O+
/Users/a75027/Desktop/compsci 760/datasets/O+/cluster_6_709.BMP,ok,0.75707928802589,75.707928802589,False,normal,96,103,7486,9888,O+/cluster_6_709.BMP,O+
/Users/a75027/Desktop/compsci 760/datasets/O+/cluster_6_717.BMP,ok,0.8212985436893204,82.12985436893204,False,normal,96,103,8121,9888,O+/cluster_6_717.BMP,O+
/Users/a75027/Desktop/compsci 760/datasets/O+/cluster_6_720.BMP,ok,0.6757776601966081,67.57776601966081,False,normal,241,298,48533,71818,O+/cluster_6_720.BMP,O+
/Users/a75027/Desktop/compsci 760/datasets/O+/cluster_6_724.BMP,ok,1.0,100.0,True,coverage_too_high,96,103,9888,9888,O+/cluster_6_724.BMP,O+
/Users/a75027/Desktop/compsci 760/datasets/O+/cluster_6_732.BMP,ok,0.8248381877022654,82.48381877022653,False,normal,96,103,8156,9888,O+/cluster_6_732.BMP,O+
/Users/a75027/Desktop/compsci 760/datasets/O+/cluster_6_734.BMP,ok,0.7732605177993528,77.32605177993528,False,normal,96,103,7646,9888,O+/cluster_6_734.BMP,O+
/Users/a75027/Desktop/compsci 760/datasets/O+/cluster_6_752.BMP,ok,0.7730582524271845,77.30582524271846,False,normal,96,103,7644,9888,O+/cluster_6_752.BMP,O+
/Users/a75027/Desktop/compsci 760/datasets/O+/cluster_6_762.BMP,ok,0.7473705501618123,74.73705501618123,False,normal,96,103,7390,9888,O+/cluster_6_762.BMP,O+
/Users/a75027/Desktop/compsci 760/datasets/O+/cluster_6_771.BMP,ok,0.7318972491909385,73.18972491909385,False,normal,96,103,7237,9888,O+/cluster_6_771.BMP,O+
/Users/a75027/Desktop/compsci 760/datasets/O+/cluster_6_773.BMP,ok,0.8159385113268608,81.59385113268608,False,normal,96,103,8068,9888,O+/cluster_6_773.BMP,O+
/Users/a75027/Desktop/compsci 760/datasets/O+/cluster_6_774.BMP,ok,0.7660800970873787,76.60800970873787,False,normal,96,103,7575,9888,O+/cluster_6_774.BMP,O+
/Users/a75027/Desktop/compsci 760/datasets/O+/cluster_6_784.BMP,ok,0.7355380258899676,73.55380258899676,False,normal,96,103,7273,9888,O+/cluster_6_784.BMP,O+
/Users/a75027/Desktop/compsci 760/datasets/O+/cluster_6_794.BMP,ok,0.3289846278317152,32.898462783171524,False,normal,96,103,3253,9888,O+/cluster_6_794.BMP,O+
/Users/a75027/Desktop/compsci 760/datasets/O+/cluster_6_797.BMP,ok,0.7851941747572816,78.51941747572816,False,normal,96,103,7764,9888,O+/cluster_6_797.BMP,O+
/Users/a75027/Desktop/compsci 760/datasets/O+/cluster_6_799.BMP,ok,0.7567758899676376,75.67758899676376,False,normal,96,103,7483,9888,O+/cluster_6_799.BMP,O+
/Users/a75027/Desktop/compsci 760/datasets/O+/cluster_6_803.BMP,ok,0.6171116504854369,61.71116504854369,False,normal,96,103,6102,9888,O+/cluster_6_803.BMP,O+
/Users/a75027/Desktop/compsci 760/datasets/O+/cluster_6_804.BMP,ok,0.761326860841424,76.13268608414239,False,normal,96,103,7528,9888,O+/cluster_6_804.BMP,O+
/Users/a75027/Desktop/compsci 760/datasets/O+/cluster_6_808.BMP,ok,0.7959142394822006,79.59142394822007,False,normal,96,103,7870,9888,O+/cluster_6_808.BMP,O+
/Users/a75027/Desktop/compsci 760/datasets/O+/cluster_6_812.BMP,ok,0.7285598705501618,72.85598705501619,False,normal,96,103,7204,9888,O+/cluster_6_812.BMP,O+
/Users/a75027/Desktop/compsci 760/datasets/O+/cluster_6_813.BMP,ok,0.8957322006472492,89.57322006472492,False,normal,96,103,8857,9888,O+/cluster_6_813.BMP,O+
/Users/a75027/Desktop/compsci 760/datasets/O+/cluster_6_837.BMP,ok,0.7704288025889967,77.04288025889967,False,normal,96,103,7618,9888,O+/cluster_6_837.BMP,O+
/Users/a75027/Desktop/compsci 760/datasets/O+/cluster_6_839.BMP,ok,0.7544498381877023,75.44498381877023,False,normal,96,103,7460,9888,O+/cluster_6_839.BMP,O+
/Users/a75027/Desktop/compsci 760/datasets/O+/cluster_6_843.BMP,ok,0.8408171521035599,84.081715210356,False,normal,96,103,8314,9888,O+/cluster_6_843.BMP,O+
/Users/a75027/Desktop/compsci 760/datasets/O+/cluster_6_844.BMP,ok,0.7295711974110033,72.95711974110033,False,normal,96,103,7214,9888,O+/cluster_6_844.BMP,O+
/Users/a75027/Desktop/compsci 760/datasets/O+/cluster_6_850.BMP,ok,0.763450647249191,76.3450647249191,False,normal,96,103,7549,9888,O+/cluster_6_850.BMP,O+
/Users/a75027/Desktop/compsci 760/datasets/O+/cluster_6_855.BMP,ok,0.8605380258899676,86.05380258899676,False,normal,96,103,8509,9888,O+/cluster_6_855.BMP,O+
/Users/a75027/Desktop/compsci 760/datasets/O+/cluster_6_856.BMP,ok,0.6922532362459547,69.22532362459548,False,normal,96,103,6845,9888,O+/cluster_6_856.BMP,O+
/Users/a75027/Desktop/compsci 760/datasets/O+/cluster_6_858.BMP,ok,0.7871156957928802,78.71156957928802,False,normal,96,103,7783,9888,O+/cluster_6_858.BMP,O+
/Users/a75027/Desktop/compsci 760/datasets/O+/cluster_6_861.BMP,ok,0.8419296116504854,84.19296116504854,False,normal,96,103,8325,9888,O+/cluster_6_861.BMP,O+
/Users/a75027/Desktop/compsci 760/datasets/O+/cluster_6_885.BMP,ok,0.8310072815533981,83.10072815533981,False,normal,96,103,8217,9888,O+/cluster_6_885.BMP,O+
/Users/a75027/Desktop/compsci 760/datasets/O+/cluster_6_893.BMP,ok,0.747876213592233,74.7876213592233,False,normal,96,103,7395,9888,O+/cluster_6_893.BMP,O+
/Users/a75027/Desktop/compsci 760/datasets/O+/cluster_6_902.BMP,ok,0.750707928802589,75.07079288025889,False,normal,96,103,7423,9888,O+/cluster_6_902.BMP,O+
/Users/a75027/Desktop/compsci 760/datasets/O+/cluster_6_911.BMP,ok,0.7943972491909385,79.43972491909385,False,normal,96,103,7855,9888,O+/cluster_6_911.BMP,O+
/Users/a75027/Desktop/compsci 760/datasets/O+/cluster_6_932.BMP,ok,0.8427386731391586,84.27386731391586,False,normal,96,103,8333,9888,O+/cluster_6_932.BMP,O+
/Users/a75027/Desktop/compsci 760/datasets/O+/cluster_6_935.BMP,ok,0.7263349514563107,72.63349514563106,False,normal,96,103,7182,9888,O+/cluster_6_935.BMP,O+
/Users/a75027/Desktop/compsci 760/datasets/O+/cluster_6_937.BMP,ok,0.772754854368932,77.2754854368932,False,normal,96,103,7641,9888,O+/cluster_6_937.BMP,O+
/Users/a75027/Desktop/compsci 760/datasets/O+/cluster_6_941.BMP,ok,0.803296925566343,80.3296925566343,False,normal,96,103,7943,9888,O+/cluster_6_941.BMP,O+
/Users/a75027/Desktop/compsci 760/datasets/O+/cluster_6_954.BMP,ok,0.8467839805825242,84.67839805825243,False,normal,96,103,8373,9888,O+/cluster_6_954.BMP,O+
/Users/a75027/Desktop/compsci 760/datasets/O+/cluster_6_971.BMP,ok,0.7202669902912622,72.02669902912622,False,normal,96,103,7122,9888,O+/cluster_6_971.BMP,O+
/Users/a75027/Desktop/compsci 760/datasets/O+/cluster_6_975.BMP,ok,0.7302791262135923,73.02791262135922,False,normal,96,103,7221,9888,O+/cluster_6_975.BMP,O+
/Users/a75027/Desktop/compsci 760/datasets/O+/cluster_6_978.BMP,ok,0.8036003236245954,80.36003236245955,False,normal,96,103,7946,9888,O+/cluster_6_978.BMP,O+
/Users/a75027/Desktop/compsci 760/datasets/O+/cluster_6_981.BMP,ok,0.8607402912621359,86.07402912621359,False,normal,96,103,8511,9888,O+/cluster_6_981.BMP,O+
/Users/a75027/Desktop/compsci 760/datasets/O+/cluster_6_990.BMP,ok,0.8639765372168284,86.39765372168284,False,normal,96,103,8543,9888,O+/cluster_6_990.BMP,O+
/Users/a75027/Desktop/compsci 760/datasets/O-/cluster_7_1002.BMP,ok,0.6356205965078393,63.56205965078393,False,normal,241,298,45649,71818,O-/cluster_7_1002.BMP,O-
/Users/a75027/Desktop/compsci 760/datasets/O-/cluster_7_1014.BMP,ok,0.7185477346278317,71.85477346278317,False,normal,96,103,7105,9888,O-/cluster_7_1014.BMP,O-
/Users/a75027/Desktop/compsci 760/datasets/O-/cluster_7_1028.BMP,ok,0.7692152103559871,76.9215210355987,False,normal,96,103,7606,9888,O-/cluster_7_1028.BMP,O-
/Users/a75027/Desktop/compsci 760/datasets/O-/cluster_7_1037.BMP,ok,0.7703276699029126,77.03276699029125,False,normal,96,103,7617,9888,O-/cluster_7_1037.BMP,O-
/Users/a75027/Desktop/compsci 760/datasets/O-/cluster_7_1040.BMP,ok,0.6109053440641622,61.09053440641622,False,normal,241,298,43874,71818,O-/cluster_7_1040.BMP,O-
/Users/a75027/Desktop/compsci 760/datasets/O-/cluster_7_1043.BMP,ok,0.7731593851132686,77.31593851132686,False,normal,96,103,7645,9888,O-/cluster_7_1043.BMP,O-
/Users/a75027/Desktop/compsci 760/datasets/O-/cluster_7_1046.BMP,ok,0.7953074433656958,79.53074433656958,False,normal,96,103,7864,9888,O-/cluster_7_1046.BMP,O-
/Users/a75027/Desktop/compsci 760/datasets/O-/cluster_7_1047.BMP,ok,0.44002831715210355,44.002831715210355,False,normal,96,103,4351,9888,O-/cluster_7_1047.BMP,O-
/Users/a75027/Desktop/compsci 760/datasets/O-/cluster_7_1061.BMP,ok,0.7064118122977346,70.64118122977347,False,normal,96,103,6985,9888,O-/cluster_7_1061.BMP,O-
/Users/a75027/Desktop/compsci 760/datasets/O-/cluster_7_1091.BMP,ok,0.7952063106796117,79.52063106796116,False,normal,96,103,7863,9888,O-/cluster_7_1091.BMP,O-
/Users/a75027/Desktop/compsci 760/datasets/O-/cluster_7_1099.BMP,ok,0.6579692556634305,65.79692556634305,False,normal,96,103,6506,9888,O-/cluster_7_1099.BMP,O-
/Users/a75027/Desktop/compsci 760/datasets/O-/cluster_7_1104.BMP,ok,0.6809263754045307,68.09263754045307,False,normal,96,103,6733,9888,O-/cluster_7_1104.BMP,O-
/Users/a75027/Desktop/compsci 760/datasets/O-/cluster_7_112.BMP,ok,0.7443365695792881,74.4336569579288,False,normal,96,103,7360,9888,O-/cluster_7_112.BMP,O-
/Users/a75027/Desktop/compsci 760/datasets/O-/cluster_7_1120.BMP,ok,0.6609021035598706,66.09021035598705,False,normal,96,103,6535,9888,O-/cluster_7_1120.BMP,O-
/Users/a75027/Desktop/compsci 760/datasets/O-/cluster_7_1121.BMP,ok,0.6566545307443366,65.66545307443366,False,normal,96,103,6493,9888,O-/cluster_7_1121.BMP,O-
/Users/a75027/Desktop/compsci 760/datasets/O-/cluster_7_1127.BMP,ok,0.8086569579288025,80.86569579288026,False,normal,96,103,7996,9888,O-/cluster_7_1127.BMP,O-
/Users/a75027/Desktop/compsci 760/datasets/O-/cluster_7_1129.BMP,ok,0.6695995145631068,66.95995145631069,False,normal,96,103,6621,9888,O-/cluster_7_1129.BMP,O-
/Users/a75027/Desktop/compsci 760/datasets/O-/cluster_7_1131.BMP,ok,0.6373381877022654,63.733818770226534,False,normal,96,103,6302,9888,O-/cluster_7_1131.BMP,O-
/Users/a75027/Desktop/compsci 760/datasets/O-/cluster_7_114.BMP,ok,0.7181432038834952,71.81432038834951,False,normal,96,103,7101,9888,O-/cluster_7_114.BMP,O-
/Users/a75027/Desktop/compsci 760/datasets/O-/cluster_7_1144.BMP,ok,0.7360436893203883,73.60436893203884,False,normal,96,103,7278,9888,O-/cluster_7_1144.BMP,O-
/Users/a75027/Desktop/compsci 760/datasets/O-/cluster_7_1151.BMP,ok,0.7179409385113269,71.79409385113269,False,normal,96,103,7099,9888,O-/cluster_7_1151.BMP,O-
/Users/a75027/Desktop/compsci 760/datasets/O-/cluster_7_1173.BMP,ok,0.708029935275081,70.8029935275081,False,normal,96,103,7001,9888,O-/cluster_7_1173.BMP,O-
/Users/a75027/Desktop/compsci 760/datasets/O-/cluster_7_1177.BMP,ok,0.7041868932038835,70.41868932038835,False,normal,96,103,6963,9888,O-/cluster_7_1177.BMP,O-
/Users/a75027/Desktop/compsci 760/datasets/O-/cluster_7_1180.BMP,ok,0.6592839805825242,65.92839805825243,False,normal,96,103,6519,9888,O-/cluster_7_1180.BMP,O-
/Users/a75027/Desktop/compsci 760/datasets/O-/cluster_7_1200.BMP,ok,0.6962985436893204,69.62985436893204,False,normal,96,103,6885,9888,O-/cluster_7_1200.BMP,O-
/Users/a75027/Desktop/compsci 760/datasets/O-/cluster_7_1203.BMP,ok,0.7665857605177994,76.65857605177993,False,normal,96,103,7580,9888,O-/cluster_7_1203.BMP,O-
/Users/a75027/Desktop/compsci 760/datasets/O-/cluster_7_1207.BMP,ok,0.7590008090614887,75.90008090614887,False,normal,96,103,7505,9888,O-/cluster_7_1207.BMP,O-
/Users/a75027/Desktop/compsci 760/datasets/O-/cluster_7_1216.BMP,ok,0.6828478964401294,68.28478964401295,False,normal,96,103,6752,9888,O-/cluster_7_1216.BMP,O-
/Users/a75027/Desktop/compsci 760/datasets/O-/cluster_7_1223.BMP,ok,0.7523260517799353,75.23260517799353,False,normal,96,103,7439,9888,O-/cluster_7_1223.BMP,O-
/Users/a75027/Desktop/compsci 760/datasets/O-/cluster_7_1224.BMP,ok,0.8894619741100324,88.94619741100324,False,normal,96,103,8795,9888,O-/cluster_7_1224.BMP,O-
/Users/a75027/Desktop/compsci 760/datasets/O-/cluster_7_1233.BMP,ok,0.7325040453074434,73.25040453074433,False,normal,96,103,7243,9888,O-/cluster_7_1233.BMP,O-
/Users/a75027/Desktop/compsci 760/datasets/O-/cluster_7_1234.BMP,ok,0.6516990291262136,65.16990291262135,False,normal,96,103,6444,9888,O-/cluster_7_1234.BMP,O-
/Users/a75027/Desktop/compsci 760/datasets/O-/cluster_7_1235.BMP,ok,0.7242111650485437,72.42111650485437,False,normal,96,103,7161,9888,O-/cluster_7_1235.BMP,O-
/Users/a75027/Desktop/compsci 760/datasets/O-/cluster_7_1244.BMP,ok,0.5378236245954693,53.78236245954693,False,normal,96,103,5318,9888,O-/cluster_7_1244.BMP,O-
/Users/a75027/Desktop/compsci 760/datasets/O-/cluster_7_1263.BMP,ok,0.6620145631067961,66.2014563106796,False,normal,96,103,6546,9888,O-/cluster_7_1263.BMP,O-
/Users/a75027/Desktop/compsci 760/datasets/O-/cluster_7_1273.BMP,ok,0.7437297734627831,74.37297734627832,False,normal,96,103,7354,9888,O-/cluster_7_1273.BMP,O-
/Users/a75027/Desktop/compsci 760/datasets/O-/cluster_7_1292.BMP,ok,0.8577063106796117,85.77063106796116,False,normal,96,103,8481,9888,O-/cluster_7_1292.BMP,O-
/Users/a75027/Desktop/compsci 760/datasets/O-/cluster_7_1306.BMP,ok,0.7064118122977346,70.64118122977347,False,normal,96,103,6985,9888,O-/cluster_7_1306.BMP,O-
/Users/a75027/Desktop/compsci 760/datasets/O-/cluster_7_1312.BMP,ok,0.6975121359223301,69.75121359223301,False,normal,96,103,6897,9888,O-/cluster_7_1312.BMP,O-
/Users/a75027/Desktop/compsci 760/datasets/O-/cluster_7_1313.BMP,ok,0.6855784789644013,68.55784789644012,False,normal,96,103,6779,9888,O-/cluster_7_1313.BMP,O-
/Users/a75027/Desktop/compsci 760/datasets/O-/cluster_7_1321.BMP,ok,0.6483616504854369,64.83616504854369,False,normal,96,103,6411,9888,O-/cluster_7_1321.BMP,O-
/Users/a75027/Desktop/compsci 760/datasets/O-/cluster_7_1334.BMP,ok,0.6533171521035599,65.331715210356,False,normal,96,103,6460,9888,O-/cluster_7_1334.BMP,O-
/Users/a75027/Desktop/compsci 760/datasets/O-/cluster_7_1335.BMP,ok,0.7314927184466019,73.14927184466019,False,normal,96,103,7233,9888,O-/cluster_7_1335.BMP,O-
/Users/a75027/Desktop/compsci 760/datasets/O-/cluster_7_1338.BMP,ok,0.743628640776699,74.3628640776699,False,normal,96,103,7353,9888,O-/cluster_7_1338.BMP,O-
/Users/a75027/Desktop/compsci 760/datasets/O-/cluster_7_1343.BMP,ok,0.6496763754045307,64.96763754045307,False,normal,96,103,6424,9888,O-/cluster_7_1343.BMP,O-
/Users/a75027/Desktop/compsci 760/datasets/O-/cluster_7_1346.BMP,ok,0.7963187702265372,79.63187702265373,False,normal,96,103,7874,9888,O-/cluster_7_1346.BMP,O-
/Users/a75027/Desktop/compsci 760/datasets/O-/cluster_7_1352.BMP,ok,0.6366302588996764,63.66302588996764,False,normal,96,103,6295,9888,O-/cluster_7_1352.BMP,O-
/Users/a75027/Desktop/compsci 760/datasets/O-/cluster_7_1357.BMP,ok,0.7262338187702265,72.62338187702265,False,normal,96,103,7181,9888,O-/cluster_7_1357.BMP,O-
/Users/a75027/Desktop/compsci 760/datasets/O-/cluster_7_1358.BMP,ok,0.7490898058252428,74.90898058252428,False,normal,96,103,7407,9888,O-/cluster_7_1358.BMP,O-
/Users/a75027/Desktop/compsci 760/datasets/O-/cluster_7_1380.BMP,ok,0.6747572815533981,67.47572815533981,False,normal,96,103,6672,9888,O-/cluster_7_1380.BMP,O-
/Users/a75027/Desktop/compsci 760/datasets/O-/cluster_7_1392.BMP,ok,0.7222896440129449,72.22896440129449,False,normal,96,103,7142,9888,O-/cluster_7_1392.BMP,O-
/Users/a75027/Desktop/compsci 760/datasets/O-/cluster_7_1406.BMP,ok,0.6787014563106796,67.87014563106796,False,normal,96,103,6711,9888,O-/cluster_7_1406.BMP,O-
/Users/a75027/Desktop/compsci 760/datasets/O-/cluster_7_1408.BMP,ok,0.7019619741100324,70.19619741100324,False,normal,96,103,6941,9888,O-/cluster_7_1408.BMP,O-
/Users/a75027/Desktop/compsci 760/datasets/O-/cluster_7_141.BMP,ok,0.5868729773462783,58.68729773462783,False,normal,96,103,5803,9888,O-/cluster_7_141.BMP,O-
/Users/a75027/Desktop/compsci 760/datasets/O-/cluster_7_1418.BMP,ok,0.6565533980582524,65.65533980582524,False,normal,96,103,6492,9888,O-/cluster_7_1418.BMP,O-
/Users/a75027/Desktop/compsci 760/datasets/O-/cluster_7_1441.BMP,ok,0.7302791262135923,73.02791262135922,False,normal,96,103,7221,9888,O-/cluster_7_1441.BMP,O-
/Users/a75027/Desktop/compsci 760/datasets/O-/cluster_7_1443.BMP,ok,0.7487864077669902,74.87864077669903,False,normal,96,103,7404,9888,O-/cluster_7_1443.BMP,O-
/Users/a75027/Desktop/compsci 760/datasets/O-/cluster_7_1453.BMP,ok,0.6622168284789643,66.22168284789643,False,normal,96,103,6548,9888,O-/cluster_7_1453.BMP,O-
/Users/a75027/Desktop/compsci 760/datasets/O-/cluster_7_1468.BMP,ok,0.6596885113268608,65.96885113268608,False,normal,96,103,6523,9888,O-/cluster_7_1468.BMP,O-
/Users/a75027/Desktop/compsci 760/datasets/O-/cluster_7_1477.BMP,ok,0.7807443365695793,78.07443365695794,False,normal,96,103,7720,9888,O-/cluster_7_1477.BMP,O-
/Users/a75027/Desktop/compsci 760/datasets/O-/cluster_7_148.BMP,ok,0.85082928802589,85.082928802589,False,normal,96,103,8413,9888,O-/cluster_7_148.BMP,O-
/Users/a75027/Desktop/compsci 760/datasets/O-/cluster_7_1487.BMP,ok,0.7650687702265372,76.50687702265373,False,normal,96,103,7565,9888,O-/cluster_7_1487.BMP,O-
/Users/a75027/Desktop/compsci 760/datasets/O-/cluster_7_1489.BMP,ok,0.7069174757281553,70.69174757281553,False,normal,96,103,6990,9888,O-/cluster_7_1489.BMP,O-
/Users/a75027/Desktop/compsci 760/datasets/O-/cluster_7_1493.BMP,ok,0.7071197411003236,70.71197411003236,False,normal,96,103,6992,9888,O-/cluster_7_1493.BMP,O-
/Users/a75027/Desktop/compsci 760/datasets/O-/cluster_7_1497.BMP,ok,0.6865898058252428,68.65898058252428,False,normal,96,103,6789,9888,O-/cluster_7_1497.BMP,O-
/Users/a75027/Desktop/compsci 760/datasets/O-/cluster_7_1498.BMP,ok,0.777002427184466,77.7002427184466,False,normal,96,103,7683,9888,O-/cluster_7_1498.BMP,O-
/Users/a75027/Desktop/compsci 760/datasets/O-/cluster_7_1499.BMP,ok,1.0,100.0,True,coverage_too_high,96,103,9888,9888,O-/cluster_7_1499.BMP,O-
/Users/a75027/Desktop/compsci 760/datasets/O-/cluster_7_1504.BMP,ok,0.7364482200647249,73.64482200647248,False,normal,96,103,7282,9888,O-/cluster_7_1504.BMP,O-
/Users/a75027/Desktop/compsci 760/datasets/O-/cluster_7_1508.BMP,ok,0.6933656957928802,69.33656957928802,False,normal,96,103,6856,9888,O-/cluster_7_1508.BMP,O-
/Users/a75027/Desktop/compsci 760/datasets/O-/cluster_7_1520.BMP,ok,0.7317961165048543,73.17961165048543,False,normal,96,103,7236,9888,O-/cluster_7_1520.BMP,O-
/Users/a75027/Desktop/compsci 760/datasets/O-/cluster_7_1523.BMP,ok,0.8190736245954693,81.90736245954693,False,normal,96,103,8099,9888,O-/cluster_7_1523.BMP,O-
/Users/a75027/Desktop/compsci 760/datasets/O-/cluster_7_1541.BMP,ok,0.7781148867313916,77.81148867313917,False,normal,96,103,7694,9888,O-/cluster_7_1541.BMP,O-
/Users/a75027/Desktop/compsci 760/datasets/O-/cluster_7_1546.BMP,ok,0.7505056634304207,75.05056634304206,False,normal,96,103,7421,9888,O-/cluster_7_1546.BMP,O-
/Users/a75027/Desktop/compsci 760/datasets/O-/cluster_7_1547.BMP,ok,0.8561893203883495,85.61893203883496,False,normal,96,103,8466,9888,O-/cluster_7_1547.BMP,O-
/Users/a75027/Desktop/compsci 760/datasets/O-/cluster_7_1552.BMP,ok,0.6855784789644013,68.55784789644012,False,normal,96,103,6779,9888,O-/cluster_7_1552.BMP,O-
/Users/a75027/Desktop/compsci 760/datasets/O-/cluster_7_1568.BMP,ok,0.7423139158576052,74.23139158576052,False,normal,96,103,7340,9888,O-/cluster_7_1568.BMP,O-
/Users/a75027/Desktop/compsci 760/datasets/O-/cluster_7_1574.BMP,ok,0.7600121359223301,76.00121359223301,False,normal,96,103,7515,9888,O-/cluster_7_1574.BMP,O-
/Users/a75027/Desktop/compsci 760/datasets/O-/cluster_7_1580.BMP,ok,0.8131067961165048,81.31067961165049,False,normal,96,103,8040,9888,O-/cluster_7_1580.BMP,O-
/Users/a75027/Desktop/compsci 760/datasets/O-/cluster_7_1584.BMP,ok,0.8074433656957929,80.74433656957929,False,normal,96,103,7984,9888,O-/cluster_7_1584.BMP,O-
/Users/a75027/Desktop/compsci 760/datasets/O-/cluster_7_1586.BMP,ok,0.7362459546925566,73.62459546925567,False,normal,96,103,7280,9888,O-/cluster_7_1586.BMP,O-
/Users/a75027/Desktop/compsci 760/datasets/O-/cluster_7_1590.BMP,ok,0.8950242718446602,89.50242718446601,False,normal,96,103,8850,9888,O-/cluster_7_1590.BMP,O-
/Users/a75027/Desktop/compsci 760/datasets/O-/cluster_7_1591.BMP,ok,0.6922532362459547,69.22532362459548,False,normal,96,103,6845,9888,O-/cluster_7_1591.BMP,O-
/Users/a75027/Desktop/compsci 760/datasets/O-/cluster_7_1592.BMP,ok,0.6617111650485437,66.17111650485437,False,normal,96,103,6543,9888,O-/cluster_7_1592.BMP,O-
/Users/a75027/Desktop/compsci 760/datasets/O-/cluster_7_1594.BMP,ok,0.7027710355987055,70.27710355987054,False,normal,96,103,6949,9888,O-/cluster_7_1594.BMP,O-
/Users/a75027/Desktop/compsci 760/datasets/O-/cluster_7_1596.BMP,ok,0.7002427184466019,70.02427184466019,False,normal,96,103,6924,9888,O-/cluster_7_1596.BMP,O-
/Users/a75027/Desktop/compsci 760/datasets/O-/cluster_7_1610.BMP,ok,0.7303802588996764,73.03802588996764,False,normal,96,103,7222,9888,O-/cluster_7_1610.BMP,O-
/Users/a75027/Desktop/compsci 760/datasets/O-/cluster_7_1628.BMP,ok,0.7520226537216829,75.20226537216828,False,normal,96,103,7436,9888,O-/cluster_7_1628.BMP,O-
/Users/a75027/Desktop/compsci 760/datasets/O-/cluster_7_1635.BMP,ok,0.6488673139158576,64.88673139158576,False,normal,96,103,6416,9888,O-/cluster_7_1635.BMP,O-
/Users/a75027/Desktop/compsci 760/datasets/O-/cluster_7_1638.BMP,ok,0.6966019417475728,69.66019417475728,False,normal,96,103,6888,9888,O-/cluster_7_1638.BMP,O-
/Users/a75027/Desktop/compsci 760/datasets/O-/cluster_7_1641.BMP,ok,0.5384304207119741,53.84304207119741,False,normal,96,103,5324,9888,O-/cluster_7_1641.BMP,O-
/Users/a75027/Desktop/compsci 760/datasets/O-/cluster_7_1643.BMP,ok,0.7108616504854369,71.08616504854369,False,normal,96,103,7029,9888,O-/cluster_7_1643.BMP,O-
/Users/a75027/Desktop/compsci 760/datasets/O-/cluster_7_1657.BMP,ok,0.6474514563106796,64.74514563106796,False,normal,96,103,6402,9888,O-/cluster_7_1657.BMP,O-
/Users/a75027/Desktop/compsci 760/datasets/O-/cluster_7_1662.BMP,ok,0.7381674757281553,73.81674757281553,False,normal,96,103,7299,9888,O-/cluster_7_1662.BMP,O-
/Users/a75027/Desktop/compsci 760/datasets/O-/cluster_7_1678.BMP,ok,0.7829692556634305,78.29692556634305,False,normal,96,103,7742,9888,O-/cluster_7_1678.BMP,O-
/Users/a75027/Desktop/compsci 760/datasets/O-/cluster_7_1683.BMP,ok,0.6367313915857605,63.673139158576056,False,normal,96,103,6296,9888,O-/cluster_7_1683.BMP,O-
/Users/a75027/Desktop/compsci 760/datasets/O-/cluster_7_170.BMP,ok,0.8359627831715211,83.59627831715211,False,normal,96,103,8266,9888,O-/cluster_7_170.BMP,O-
/Users/a75027/Desktop/compsci 760/datasets/O-/cluster_7_1707.BMP,ok,0.660497572815534,66.0497572815534,False,normal,96,103,6531,9888,O-/cluster_7_1707.BMP,O-
/Users/a75027/Desktop/compsci 760/datasets/O-/cluster_7_1725.BMP,ok,0.6482605177993528,64.82605177993528,False,normal,96,103,6410,9888,O-/cluster_7_1725.BMP,O-
/Users/a75027/Desktop/compsci 760/datasets/O-/cluster_7_1728.BMP,ok,0.6514967637540453,65.14967637540452,False,normal,96,103,6442,9888,O-/cluster_7_1728.BMP,O-
/Users/a75027/Desktop/compsci 760/datasets/O-/cluster_7_173.BMP,ok,0.7188511326860841,71.88511326860841,False,normal,96,103,7108,9888,O-/cluster_7_173.BMP,O-
/Users/a75027/Desktop/compsci 760/datasets/O-/cluster_7_1742.BMP,ok,0.6048745954692557,60.48745954692557,False,normal,96,103,5981,9888,O-/cluster_7_1742.BMP,O-
/Users/a75027/Desktop/compsci 760/datasets/O-/cluster_7_1743.BMP,ok,0.7266383495145631,72.66383495145631,False,normal,96,103,7185,9888,O-/cluster_7_1743.BMP,O-
/Users/a75027/Desktop/compsci 760/datasets/O-/cluster_7_1748.BMP,ok,0.8645833333333334,86.45833333333334,False,normal,96,103,8549,9888,O-/cluster_7_1748.BMP,O-
/Users/a75027/Desktop/compsci 760/datasets/O-/cluster_7_1749.BMP,ok,0.7089401294498382,70.89401294498381,False,normal,96,103,7010,9888,O-/cluster_7_1749.BMP,O-
/Users/a75027/Desktop/compsci 760/datasets/O-/cluster_7_1759.BMP,ok,0.6799150485436893,67.99150485436894,False,normal,96,103,6723,9888,O-/cluster_7_1759.BMP,O-
/Users/a75027/Desktop/compsci 760/datasets/O-/cluster_7_1765.BMP,ok,0.828782362459547,82.8782362459547,False,normal,96,103,8195,9888,O-/cluster_7_1765.BMP,O-
/Users/a75027/Desktop/compsci 760/datasets/O-/cluster_7_1770.BMP,ok,0.6869943365695793,68.69943365695794,False,normal,96,103,6793,9888,O-/cluster_7_1770.BMP,O-
/Users/a75027/Desktop/compsci 760/datasets/O-/cluster_7_1775.BMP,ok,0.6755663430420712,67.55663430420712,False,normal,96,103,6680,9888,O-/cluster_7_1775.BMP,O-
/Users/a75027/Desktop/compsci 760/datasets/O-/cluster_7_1780.BMP,ok,0.7264360841423948,72.64360841423948,False,normal,96,103,7183,9888,O-/cluster_7_1780.BMP,O-
/Users/a75027/Desktop/compsci 760/datasets/O-/cluster_7_1795.BMP,ok,0.6552386731391586,65.52386731391586,False,normal,96,103,6479,9888,O-/cluster_7_1795.BMP,O-
/Users/a75027/Desktop/compsci 760/datasets/O-/cluster_7_1805.BMP,ok,0.7792273462783171,77.92273462783172,False,normal,96,103,7705,9888,O-/cluster_7_1805.BMP,O-
/Users/a75027/Desktop/compsci 760/datasets/O-/cluster_7_1819.BMP,ok,0.6596885113268608,65.96885113268608,False,normal,96,103,6523,9888,O-/cluster_7_1819.BMP,O-
/Users/a75027/Desktop/compsci 760/datasets/O-/cluster_7_1821.BMP,ok,0.8049150485436893,80.49150485436894,False,normal,96,103,7959,9888,O-/cluster_7_1821.BMP,O-
/Users/a75027/Desktop/compsci 760/datasets/O-/cluster_7_1822.BMP,ok,0.6610032362459547,66.10032362459548,False,normal,96,103,6536,9888,O-/cluster_7_1822.BMP,O-
/Users/a75027/Desktop/compsci 760/datasets/O-/cluster_7_1823.BMP,ok,0.7687095469255664,76.87095469255664,False,normal,96,103,7601,9888,O-/cluster_7_1823.BMP,O-
/Users/a75027/Desktop/compsci 760/datasets/O-/cluster_7_1841.BMP,ok,0.7509101941747572,75.09101941747572,False,normal,96,103,7425,9888,O-/cluster_7_1841.BMP,O-
/Users/a75027/Desktop/compsci 760/datasets/O-/cluster_7_1847.BMP,ok,0.6898260517799353,68.98260517799353,False,normal,96,103,6821,9888,O-/cluster_7_1847.BMP,O-
/Users/a75027/Desktop/compsci 760/datasets/O-/cluster_7_1849.BMP,ok,0.7088389967637541,70.8838996763754,False,normal,96,103,7009,9888,O-/cluster_7_1849.BMP,O-
/Users/a75027/Desktop/compsci 760/datasets/O-/cluster_7_1850.BMP,ok,0.7532362459546925,75.32362459546925,False,normal,96,103,7448,9888,O-/cluster_7_1850.BMP,O-
/Users/a75027/Desktop/compsci 760/datasets/O-/cluster_7_1852.BMP,ok,0.7505056634304207,75.05056634304206,False,normal,96,103,7421,9888,O-/cluster_7_1852.BMP,O-
/Users/a75027/Desktop/compsci 760/datasets/O-/cluster_7_1857.BMP,ok,0.727245145631068,72.7245145631068,False,normal,96,103,7191,9888,O-/cluster_7_1857.BMP,O-
/Users/a75027/Desktop/compsci 760/datasets/O-/cluster_7_1864.BMP,ok,0.6619134304207119,66.1913430420712,False,normal,96,103,6545,9888,O-/cluster_7_1864.BMP,O-
/Users/a75027/Desktop/compsci 760/datasets/O-/cluster_7_1873.BMP,ok,0.7936893203883495,79.36893203883496,False,normal,96,103,7848,9888,O-/cluster_7_1873.BMP,O-
/Users/a75027/Desktop/compsci 760/datasets/O-/cluster_7_188.BMP,ok,0.6535194174757282,65.35194174757282,False,normal,96,103,6462,9888,O-/cluster_7_188.BMP,O-
/Users/a75027/Desktop/compsci 760/datasets/O-/cluster_7_1887.BMP,ok,0.8583131067961165,85.83131067961165,False,normal,96,103,8487,9888,O-/cluster_7_1887.BMP,O-
/Users/a75027/Desktop/compsci 760/datasets/O-/cluster_7_189.BMP,ok,0.7432241100323624,74.32241100323624,False,normal,96,103,7349,9888,O-/cluster_7_189.BMP,O-
/Users/a75027/Desktop/compsci 760/datasets/O-/cluster_7_1895.BMP,ok,0.7238066343042071,72.38066343042071,False,normal,96,103,7157,9888,O-/cluster_7_1895.BMP,O-
/Users/a75027/Desktop/compsci 760/datasets/O-/cluster_7_1902.BMP,ok,0.8108818770226537,81.08818770226537,False,normal,96,103,8018,9888,O-/cluster_7_1902.BMP,O-
/Users/a75027/Desktop/compsci 760/datasets/O-/cluster_7_1903.BMP,ok,0.7467637540453075,74.67637540453075,False,normal,96,103,7384,9888,O-/cluster_7_1903.BMP,O-
/Users/a75027/Desktop/compsci 760/datasets/O-/cluster_7_1921.BMP,ok,0.786205501618123,78.6205501618123,False,normal,96,103,7774,9888,O-/cluster_7_1921.BMP,O-
/Users/a75027/Desktop/compsci 760/datasets/O-/cluster_7_1923.BMP,ok,0.5497572815533981,54.97572815533981,False,normal,96,103,5436,9888,O-/cluster_7_1923.BMP,O-
/Users/a75027/Desktop/compsci 760/datasets/O-/cluster_7_1927.BMP,ok,0.671217637540453,67.1217637540453,False,normal,96,103,6637,9888,O-/cluster_7_1927.BMP,O-
/Users/a75027/Desktop/compsci 760/datasets/O-/cluster_7_1932.BMP,ok,0.7195590614886731,71.95590614886731,False,normal,96,103,7115,9888,O-/cluster_7_1932.BMP,O-
/Users/a75027/Desktop/compsci 760/datasets/O-/cluster_7_1944.BMP,ok,0.6915453074433657,69.15453074433657,False,normal,96,103,6838,9888,O-/cluster_7_1944.BMP,O-
/Users/a75027/Desktop/compsci 760/datasets/O-/cluster_7_1945.BMP,ok,0.8063309061488673,80.63309061488673,False,normal,96,103,7973,9888,O-/cluster_7_1945.BMP,O-
/Users/a75027/Desktop/compsci 760/datasets/O-/cluster_7_1946.BMP,ok,0.7418082524271845,74.18082524271846,False,normal,96,103,7335,9888,O-/cluster_7_1946.BMP,O-
/Users/a75027/Desktop/compsci 760/datasets/O-/cluster_7_1952.BMP,ok,0.6788025889967637,67.88025889967638,False,normal,96,103,6712,9888,O-/cluster_7_1952.BMP,O-
/Users/a75027/Desktop/compsci 760/datasets/O-/cluster_7_1957.BMP,ok,0.7288632686084142,72.88632686084142,False,normal,96,103,7207,9888,O-/cluster_7_1957.BMP,O-
/Users/a75027/Desktop/compsci 760/datasets/O-/cluster_7_1961.BMP,ok,0.7168284789644013,71.68284789644012,False,normal,96,103,7088,9888,O-/cluster_7_1961.BMP,O-
/Users/a75027/Desktop/compsci 760/datasets/O-/cluster_7_1962.BMP,ok,0.7590008090614887,75.90008090614887,False,normal,96,103,7505,9888,O-/cluster_7_1962.BMP,O-
/Users/a75027/Desktop/compsci 760/datasets/O-/cluster_7_1963.BMP,ok,0.7612257281553398,76.12257281553399,False,normal,96,103,7527,9888,O-/cluster_7_1963.BMP,O-
/Users/a75027/Desktop/compsci 760/datasets/O-/cluster_7_1964.BMP,ok,0.7141990291262136,71.41990291262135,False,normal,96,103,7062,9888,O-/cluster_7_1964.BMP,O-
/Users/a75027/Desktop/compsci 760/datasets/O-/cluster_7_1975.BMP,ok,0.770529935275081,77.0529935275081,False,normal,96,103,7619,9888,O-/cluster_7_1975.BMP,O-
/Users/a75027/Desktop/compsci 760/datasets/O-/cluster_7_1978.BMP,ok,0.7379652103559871,73.7965210355987,False,normal,96,103,7297,9888,O-/cluster_7_1978.BMP,O-
/Users/a75027/Desktop/compsci 760/datasets/O-/cluster_7_2.BMP,ok,0.5341418585869838,53.41418585869838,False,normal,241,298,38361,71818,O-/cluster_7_2.BMP,O-
/Users/a75027/Desktop/compsci 760/datasets/O-/cluster_7_2010.BMP,ok,0.4543891585760518,45.43891585760518,False,normal,96,103,4493,9888,O-/cluster_7_2010.BMP,O-
/Users/a75027/Desktop/compsci 760/datasets/O-/cluster_7_2022.BMP,ok,0.7643608414239482,76.43608414239482,False,normal,96,103,7558,9888,O-/cluster_7_2022.BMP,O-
/Users/a75027/Desktop/compsci 760/datasets/O-/cluster_7_2023.BMP,ok,0.816747572815534,81.6747572815534,False,normal,96,103,8076,9888,O-/cluster_7_2023.BMP,O-
/Users/a75027/Desktop/compsci 760/datasets/O-/cluster_7_203.BMP,ok,0.7645631067961165,76.45631067961165,False,normal,96,103,7560,9888,O-/cluster_7_203.BMP,O-
/Users/a75027/Desktop/compsci 760/datasets/O-/cluster_7_2047.BMP,ok,0.4485234627831715,44.85234627831715,False,normal,96,103,4435,9888,O-/cluster_7_2047.BMP,O-
/Users/a75027/Desktop/compsci 760/datasets/O-/cluster_7_2050.BMP,ok,0.7871156957928802,78.71156957928802,False,normal,96,103,7783,9888,O-/cluster_7_2050.BMP,O-
/Users/a75027/Desktop/compsci 760/datasets/O-/cluster_7_2058.BMP,ok,0.7007483818770227,70.07483818770227,False,normal,96,103,6929,9888,O-/cluster_7_2058.BMP,O-
/Users/a75027/Desktop/compsci 760/datasets/O-/cluster_7_2060.BMP,ok,0.698220064724919,69.8220064724919,False,normal,96,103,6904,9888,O-/cluster_7_2060.BMP,O-
/Users/a75027/Desktop/compsci 760/datasets/O-/cluster_7_2061.BMP,ok,0.7582928802588996,75.82928802588997,False,normal,96,103,7498,9888,O-/cluster_7_2061.BMP,O-
/Users/a75027/Desktop/compsci 760/datasets/O-/cluster_7_2071.BMP,ok,0.7675970873786407,76.75970873786407,False,normal,96,103,7590,9888,O-/cluster_7_2071.BMP,O-
/Users/a75027/Desktop/compsci 760/datasets/O-/cluster_7_21.BMP,ok,0.7714401294498382,77.14401294498381,False,normal,96,103,7628,9888,O-/cluster_7_21.BMP,O-
/Users/a75027/Desktop/compsci 760/datasets/O-/cluster_7_2105.BMP,ok,0.6637890222506893,66.37890222506893,False,normal,241,298,47672,71818,O-/cluster_7_2105.BMP,O-
/Users/a75027/Desktop/compsci 760/datasets/O-/cluster_7_2134.BMP,ok,0.762843851132686,76.2843851132686,False,normal,96,103,7543,9888,O-/cluster_7_2134.BMP,O-
/Users/a75027/Desktop/compsci 760/datasets/O-/cluster_7_2139.BMP,ok,0.7858009708737864,78.58009708737865,False,normal,96,103,7770,9888,O-/cluster_7_2139.BMP,O-
/Users/a75027/Desktop/compsci 760/datasets/O-/cluster_7_2151.BMP,ok,0.7266383495145631,72.66383495145631,False,normal,96,103,7185,9888,O-/cluster_7_2151.BMP,O-
/Users/a75027/Desktop/compsci 760/datasets/O-/cluster_7_2153.BMP,ok,0.7202669902912622,72.02669902912622,False,normal,96,103,7122,9888,O-/cluster_7_2153.BMP,O-
/Users/a75027/Desktop/compsci 760/datasets/O-/cluster_7_2157.BMP,ok,0.7150080906148867,71.50080906148867,False,normal,96,103,7070,9888,O-/cluster_7_2157.BMP,O-
/Users/a75027/Desktop/compsci 760/datasets/O-/cluster_7_2159.BMP,ok,0.7333131067961165,73.33131067961165,False,normal,96,103,7251,9888,O-/cluster_7_2159.BMP,O-
/Users/a75027/Desktop/compsci 760/datasets/O-/cluster_7_2172.BMP,ok,0.6410800970873787,64.10800970873787,False,normal,96,103,6339,9888,O-/cluster_7_2172.BMP,O-
/Users/a75027/Desktop/compsci 760/datasets/O-/cluster_7_2196.BMP,ok,0.7694174757281553,76.94174757281553,False,normal,96,103,7608,9888,O-/cluster_7_2196.BMP,O-
/Users/a75027/Desktop/compsci 760/datasets/O-/cluster_7_2200.BMP,ok,0.7411003236245954,74.11003236245955,False,normal,96,103,7328,9888,O-/cluster_7_2200.BMP,O-
/Users/a75027/Desktop/compsci 760/datasets/O-/cluster_7_2203.BMP,ok,0.686084142394822,68.6084142394822,False,normal,96,103,6784,9888,O-/cluster_7_2203.BMP,O-
/Users/a75027/Desktop/compsci 760/datasets/O-/cluster_7_2204.BMP,ok,0.7239077669902912,72.39077669902912,False,normal,96,103,7158,9888,O-/cluster_7_2204.BMP,O-
/Users/a75027/Desktop/compsci 760/datasets/O-/cluster_7_2219.BMP,ok,0.7238066343042071,72.38066343042071,False,normal,96,103,7157,9888,O-/cluster_7_2219.BMP,O-
/Users/a75027/Desktop/compsci 760/datasets/O-/cluster_7_2224.BMP,ok,0.7776092233009708,77.76092233009709,False,normal,96,103,7689,9888,O-/cluster_7_2224.BMP,O-
/Users/a75027/Desktop/compsci 760/datasets/O-/cluster_7_2238.BMP,ok,0.8125,81.25,False,normal,96,103,8034,9888,O-/cluster_7_2238.BMP,O-
/Users/a75027/Desktop/compsci 760/datasets/O-/cluster_7_2241.BMP,ok,0.6453276699029126,64.53276699029125,False,normal,96,103,6381,9888,O-/cluster_7_2241.BMP,O-
/Users/a75027/Desktop/compsci 760/datasets/O-/cluster_7_2246.BMP,ok,0.7122775080906149,71.22775080906149,False,normal,96,103,7043,9888,O-/cluster_7_2246.BMP,O-
/Users/a75027/Desktop/compsci 760/datasets/O-/cluster_7_2247.BMP,ok,0.6435072815533981,64.35072815533981,False,normal,96,103,6363,9888,O-/cluster_7_2247.BMP,O-
/Users/a75027/Desktop/compsci 760/datasets/O-/cluster_7_2248.BMP,ok,0.6977144012944984,69.77144012944983,False,normal,96,103,6899,9888,O-/cluster_7_2248.BMP,O-
/Users/a75027/Desktop/compsci 760/datasets/O-/cluster_7_2251.BMP,ok,0.7355380258899676,73.55380258899676,False,normal,96,103,7273,9888,O-/cluster_7_2251.BMP,O-
/Users/a75027/Desktop/compsci 760/datasets/O-/cluster_7_2270.BMP,ok,0.7827669902912622,78.27669902912622,False,normal,96,103,7740,9888,O-/cluster_7_2270.BMP,O-
/Users/a75027/Desktop/compsci 760/datasets/O-/cluster_7_2271.BMP,ok,0.6714199029126213,67.14199029126213,False,normal,96,103,6639,9888,O-/cluster_7_2271.BMP,O-
/Users/a75027/Desktop/compsci 760/datasets/O-/cluster_7_2272.BMP,ok,0.7882281553398058,78.82281553398059,False,normal,96,103,7794,9888,O-/cluster_7_2272.BMP,O-
/Users/a75027/Desktop/compsci 760/datasets/O-/cluster_7_2273.BMP,ok,0.6711165048543689,67.1116504854369,False,normal,96,103,6636,9888,O-/cluster_7_2273.BMP,O-
/Users/a75027/Desktop/compsci 760/datasets/O-/cluster_7_2275.BMP,ok,0.7468648867313916,74.68648867313917,False,normal,96,103,7385,9888,O-/cluster_7_2275.BMP,O-
/Users/a75027/Desktop/compsci 760/datasets/O-/cluster_7_228.BMP,ok,0.8312095469255664,83.12095469255664,False,normal,96,103,8219,9888,O-/cluster_7_228.BMP,O-
/Users/a75027/Desktop/compsci 760/datasets/O-/cluster_7_2280.BMP,ok,0.6408778317152104,64.08778317152104,False,normal,96,103,6337,9888,O-/cluster_7_2280.BMP,O-
/Users/a75027/Desktop/compsci 760/datasets/O-/cluster_7_2282.BMP,ok,0.7610234627831716,76.10234627831716,False,normal,96,103,7525,9888,O-/cluster_7_2282.BMP,O-
/Users/a75027/Desktop/compsci 760/datasets/O-/cluster_7_2290.BMP,ok,0.6720266990291263,67.20266990291263,False,normal,96,103,6645,9888,O-/cluster_7_2290.BMP,O-
/Users/a75027/Desktop/compsci 760/datasets/O-/cluster_7_2300.BMP,ok,0.7269417475728155,72.69417475728154,False,normal,96,103,7188,9888,O-/cluster_7_2300.BMP,O-
/Users/a75027/Desktop/compsci 760/datasets/O-/cluster_7_2305.BMP,ok,0.6650485436893204,66.50485436893204,False,normal,96,103,6576,9888,O-/cluster_7_2305.BMP,O-
/Users/a75027/Desktop/compsci 760/datasets/O-/cluster_7_2306.BMP,ok,0.6779935275080906,67.79935275080906,False,normal,96,103,6704,9888,O-/cluster_7_2306.BMP,O-
/Users/a75027/Desktop/compsci 760/datasets/O-/cluster_7_2316.BMP,ok,0.6789037216828478,67.89037216828478,False,normal,96,103,6713,9888,O-/cluster_7_2316.BMP,O-
/Users/a75027/Desktop/compsci 760/datasets/O-/cluster_7_2317.BMP,ok,0.7057038834951457,70.57038834951457,False,normal,96,103,6978,9888,O-/cluster_7_2317.BMP,O-
/Users/a75027/Desktop/compsci 760/datasets/O-/cluster_7_2331.BMP,ok,0.7866100323624595,78.66100323624595,False,normal,96,103,7778,9888,O-/cluster_7_2331.BMP,O-
/Users/a75027/Desktop/compsci 760/datasets/O-/cluster_7_2332.BMP,ok,0.6907362459546925,69.07362459546925,False,normal,96,103,6830,9888,O-/cluster_7_2332.BMP,O-
/Users/a75027/Desktop/compsci 760/datasets/O-/cluster_7_2338.BMP,ok,0.6893203883495146,68.93203883495146,False,normal,96,103,6816,9888,O-/cluster_7_2338.BMP,O-
/Users/a75027/Desktop/compsci 760/datasets/O-/cluster_7_2379.BMP,ok,0.6551375404530745,65.51375404530745,False,normal,96,103,6478,9888,O-/cluster_7_2379.BMP,O-
/Users/a75027/Desktop/compsci 760/datasets/O-/cluster_7_238.BMP,ok,0.7636529126213593,76.36529126213593,False,normal,96,103,7551,9888,O-/cluster_7_238.BMP,O-
/Users/a75027/Desktop/compsci 760/datasets/O-/cluster_7_239.BMP,ok,0.7126820388349514,71.26820388349515,False,normal,96,103,7047,9888,O-/cluster_7_239.BMP,O-
/Users/a75027/Desktop/compsci 760/datasets/O-/cluster_7_2391.BMP,ok,0.7343244336569579,73.43244336569579,False,normal,96,103,7261,9888,O-/cluster_7_2391.BMP,O-
/Users/a75027/Desktop/compsci 760/datasets/O-/cluster_7_2395.BMP,ok,0.6473503236245954,64.73503236245955,False,normal,96,103,6401,9888,O-/cluster_7_2395.BMP,O-
/Users/a75027/Desktop/compsci 760/datasets/O-/cluster_7_2398.BMP,ok,0.7420105177993528,74.20105177993528,False,normal,96,103,7337,9888,O-/cluster_7_2398.BMP,O-
/Users/a75027/Desktop/compsci 760/datasets/O-/cluster_7_24.BMP,ok,0.6010315533980582,60.103155339805824,False,normal,96,103,5943,9888,O-/cluster_7_24.BMP,O-
/Users/a75027/Desktop/compsci 760/datasets/O-/cluster_7_2463.BMP,ok,0.7157160194174758,71.57160194174757,False,normal,96,103,7077,9888,O-/cluster_7_2463.BMP,O-
/Users/a75027/Desktop/compsci 760/datasets/O-/cluster_7_2465.BMP,ok,0.6591828478964401,65.918284789644,False,normal,96,103,6518,9888,O-/cluster_7_2465.BMP,O-
/Users/a75027/Desktop/compsci 760/datasets/O-/cluster_7_247.BMP,ok,0.727245145631068,72.7245145631068,False,normal,96,103,7191,9888,O-/cluster_7_247.BMP,O-
/Users/a75027/Desktop/compsci 760/datasets/O-/cluster_7_2482.BMP,ok,0.6698017799352751,66.98017799352752,False,normal,96,103,6623,9888,O-/cluster_7_2482.BMP,O-
/Users/a75027/Desktop/compsci 760/datasets/O-/cluster_7_2494.BMP,ok,0.730076860841424,73.00768608414239,False,normal,96,103,7219,9888,O-/cluster_7_2494.BMP,O-
/Users/a75027/Desktop/compsci 760/datasets/O-/cluster_7_2496.BMP,ok,0.6589805825242718,65.89805825242718,False,normal,96,103,6516,9888,O-/cluster_7_2496.BMP,O-
/Users/a75027/Desktop/compsci 760/datasets/O-/cluster_7_250.BMP,ok,0.7385720064724919,73.85720064724919,False,normal,96,103,7303,9888,O-/cluster_7_250.BMP,O-
/Users/a75027/Desktop/compsci 760/datasets/O-/cluster_7_2504.BMP,ok,0.7797330097087378,77.97330097087378,False,normal,96,103,7710,9888,O-/cluster_7_2504.BMP,O-
/Users/a75027/Desktop/compsci 760/datasets/O-/cluster_7_2529.BMP,ok,0.6634304207119741,66.34304207119742,False,normal,96,103,6560,9888,O-/cluster_7_2529.BMP,O-
/Users/a75027/Desktop/compsci 760/datasets/O-/cluster_7_2540.BMP,ok,0.7233009708737864,72.33009708737865,False,normal,96,103,7152,9888,O-/cluster_7_2540.BMP,O-
/Users/a75027/Desktop/compsci 760/datasets/O-/cluster_7_256.BMP,ok,0.7027710355987055,70.27710355987054,False,normal,96,103,6949,9888,O-/cluster_7_256.BMP,O-
/Users/a75027/Desktop/compsci 760/datasets/O-/cluster_7_2572.BMP,ok,0.6460355987055016,64.60355987055017,False,normal,96,103,6388,9888,O-/cluster_7_2572.BMP,O-
/Users/a75027/Desktop/compsci 760/datasets/O-/cluster_7_2574.BMP,ok,0.6670711974110033,66.70711974110033,False,normal,96,103,6596,9888,O-/cluster_7_2574.BMP,O-
/Users/a75027/Desktop/compsci 760/datasets/O-/cluster_7_2588.BMP,ok,0.7971278317152104,79.71278317152104,False,normal,96,103,7882,9888,O-/cluster_7_2588.BMP,O-
/Users/a75027/Desktop/compsci 760/datasets/O-/cluster_7_2597.BMP,ok,0.705299352750809,70.5299352750809,False,normal,96,103,6974,9888,O-/cluster_7_2597.BMP,O-
/Users/a75027/Desktop/compsci 760/datasets/O-/cluster_7_260.BMP,ok,0.5956715210355987,59.56715210355987,False,normal,96,103,5890,9888,O-/cluster_7_260.BMP,O-
/Users/a75027/Desktop/compsci 760/datasets/O-/cluster_7_261.BMP,ok,0.6606998381877023,66.06998381877023,False,normal,96,103,6533,9888,O-/cluster_7_261.BMP,O-
/Users/a75027/Desktop/compsci 760/datasets/O-/cluster_7_2610.BMP,ok,0.688207928802589,68.82079288025889,False,normal,96,103,6805,9888,O-/cluster_7_2610.BMP,O-
/Users/a75027/Desktop/compsci 760/datasets/O-/cluster_7_2632.BMP,ok,0.6024474110032363,60.24474110032363,False,normal,96,103,5957,9888,O-/cluster_7_2632.BMP,O-
/Users/a75027/Desktop/compsci 760/datasets/O-/cluster_7_2634.BMP,ok,0.685376213592233,68.5376213592233,False,normal,96,103,6777,9888,O-/cluster_7_2634.BMP,O-
/Users/a75027/Desktop/compsci 760/datasets/O-/cluster_7_2636.BMP,ok,0.7444377022653722,74.44377022653723,False,normal,96,103,7361,9888,O-/cluster_7_2636.BMP,O-
/Users/a75027/Desktop/compsci 760/datasets/O-/cluster_7_2655.BMP,ok,0.6756674757281553,67.56674757281553,False,normal,96,103,6681,9888,O-/cluster_7_2655.BMP,O-
/Users/a75027/Desktop/compsci 760/datasets/O-/cluster_7_2665.BMP,ok,0.6879045307443366,68.79045307443366,False,normal,96,103,6802,9888,O-/cluster_7_2665.BMP,O-
/Users/a75027/Desktop/compsci 760/datasets/O-/cluster_7_2687.BMP,ok,0.6920509708737864,69.20509708737865,False,normal,96,103,6843,9888,O-/cluster_7_2687.BMP,O-
/Users/a75027/Desktop/compsci 760/datasets/O-/cluster_7_269.BMP,ok,0.7729571197411004,77.29571197411003,False,normal,96,103,7643,9888,O-/cluster_7_269.BMP,O-
/Users/a75027/Desktop/compsci 760/datasets/O-/cluster_7_2691.BMP,ok,0.6683859223300971,66.8385922330097,False,normal,96,103,6609,9888,O-/cluster_7_2691.BMP,O-
/Users/a75027/Desktop/compsci 760/datasets/O-/cluster_7_2697.BMP,ok,0.7671925566343042,76.71925566343042,False,normal,96,103,7586,9888,O-/cluster_7_2697.BMP,O-
/Users/a75027/Desktop/compsci 760/datasets/O-/cluster_7_2701.BMP,ok,0.6237864077669902,62.37864077669902,False,normal,96,103,6168,9888,O-/cluster_7_2701.BMP,O-
/Users/a75027/Desktop/compsci 760/datasets/O-/cluster_7_2713.BMP,ok,0.6658576051779935,66.58576051779936,False,normal,96,103,6584,9888,O-/cluster_7_2713.BMP,O-
/Users/a75027/Desktop/compsci 760/datasets/O-/cluster_7_2717.BMP,ok,0.6839603559870551,68.39603559870551,False,normal,96,103,6763,9888,O-/cluster_7_2717.BMP,O-
/Users/a75027/Desktop/compsci 760/datasets/O-/cluster_7_2732.BMP,ok,0.7445388349514563,74.45388349514563,False,normal,96,103,7362,9888,O-/cluster_7_2732.BMP,O-
/Users/a75027/Desktop/compsci 760/datasets/O-/cluster_7_2738.BMP,ok,0.5740291262135923,57.40291262135923,False,normal,96,103,5676,9888,O-/cluster_7_2738.BMP,O-
/Users/a75027/Desktop/compsci 760/datasets/O-/cluster_7_275.BMP,ok,0.7015574433656958,70.15574433656958,False,normal,96,103,6937,9888,O-/cluster_7_275.BMP,O-
/Users/a75027/Desktop/compsci 760/datasets/O-/cluster_7_2760.BMP,ok,0.7160194174757282,71.60194174757282,False,normal,96,103,7080,9888,O-/cluster_7_2760.BMP,O-
/Users/a75027/Desktop/compsci 760/datasets/O-/cluster_7_2761.BMP,ok,0.7165250809061489,71.65250809061489,False,normal,96,103,7085,9888,O-/cluster_7_2761.BMP,O-
/Users/a75027/Desktop/compsci 760/datasets/O-/cluster_7_2765.BMP,ok,0.6002224919093851,60.02224919093852,False,normal,96,103,5935,9888,O-/cluster_7_2765.BMP,O-
/Users/a75027/Desktop/compsci 760/datasets/O-/cluster_7_2772.BMP,ok,0.7168284789644013,71.68284789644012,False,normal,96,103,7088,9888,O-/cluster_7_2772.BMP,O-
/Users/a75027/Desktop/compsci 760/datasets/O-/cluster_7_2774.BMP,ok,0.6493729773462783,64.93729773462783,False,normal,96,103,6421,9888,O-/cluster_7_2774.BMP,O-
/Users/a75027/Desktop/compsci 760/datasets/O-/cluster_7_2780.BMP,ok,0.6481593851132686,64.81593851132686,False,normal,96,103,6409,9888,O-/cluster_7_2780.BMP,O-
/Users/a75027/Desktop/compsci 760/datasets/O-/cluster_7_2802.BMP,ok,0.7880258899676376,78.80258899676376,False,normal,96,103,7792,9888,O-/cluster_7_2802.BMP,O-
/Users/a75027/Desktop/compsci 760/datasets/O-/cluster_7_2805.BMP,ok,0.7320995145631068,73.20995145631069,False,normal,96,103,7239,9888,O-/cluster_7_2805.BMP,O-
/Users/a75027/Desktop/compsci 760/datasets/O-/cluster_7_2808.BMP,ok,0.8354571197411004,83.54571197411003,False,normal,96,103,8261,9888,O-/cluster_7_2808.BMP,O-
/Users/a75027/Desktop/compsci 760/datasets/O-/cluster_7_2809.BMP,ok,0.7240088996763754,72.40088996763754,False,normal,96,103,7159,9888,O-/cluster_7_2809.BMP,O-
/Users/a75027/Desktop/compsci 760/datasets/O-/cluster_7_2829.BMP,ok,0.781957928802589,78.19579288025889,False,normal,96,103,7732,9888,O-/cluster_7_2829.BMP,O-
/Users/a75027/Desktop/compsci 760/datasets/O-/cluster_7_283.BMP,ok,0.7203681229773463,72.03681229773463,False,normal,96,103,7123,9888,O-/cluster_7_283.BMP,O-
/Users/a75027/Desktop/compsci 760/datasets/O-/cluster_7_2832.BMP,ok,0.7917677993527508,79.17677993527508,False,normal,96,103,7829,9888,O-/cluster_7_2832.BMP,O-
/Users/a75027/Desktop/compsci 760/datasets/O-/cluster_7_2838.BMP,ok,0.77417071197411,77.417071197411,False,normal,96,103,7655,9888,O-/cluster_7_2838.BMP,O-
/Users/a75027/Desktop/compsci 760/datasets/O-/cluster_7_2847.BMP,ok,0.7018608414239482,70.18608414239482,False,normal,96,103,6940,9888,O-/cluster_7_2847.BMP,O-
/Users/a75027/Desktop/compsci 760/datasets/O-/cluster_7_285.BMP,ok,0.7591019417475728,75.91019417475728,False,normal,96,103,7506,9888,O-/cluster_7_285.BMP,O-
/Users/a75027/Desktop/compsci 760/datasets/O-/cluster_7_2852.BMP,ok,0.8361650485436893,83.61650485436894,False,normal,96,103,8268,9888,O-/cluster_7_2852.BMP,O-
/Users/a75027/Desktop/compsci 760/datasets/O-/cluster_7_2859.BMP,ok,0.7378640776699029,73.7864077669903,False,normal,96,103,7296,9888,O-/cluster_7_2859.BMP,O-
/Users/a75027/Desktop/compsci 760/datasets/O-/cluster_7_2862.BMP,ok,0.6799150485436893,67.99150485436894,False,normal,96,103,6723,9888,O-/cluster_7_2862.BMP,O-
/Users/a75027/Desktop/compsci 760/datasets/O-/cluster_7_2870.BMP,ok,0.6932645631067961,69.3264563106796,False,normal,96,103,6855,9888,O-/cluster_7_2870.BMP,O-
/Users/a75027/Desktop/compsci 760/datasets/O-/cluster_7_2873.BMP,ok,0.7594053398058253,75.94053398058253,False,normal,96,103,7509,9888,O-/cluster_7_2873.BMP,O-
/Users/a75027/Desktop/compsci 760/datasets/O-/cluster_7_2878.BMP,ok,0.6870954692556634,68.70954692556634,False,normal,96,103,6794,9888,O-/cluster_7_2878.BMP,O-
/Users/a75027/Desktop/compsci 760/datasets/O-/cluster_7_2881.BMP,ok,0.7601132686084142,76.01132686084142,False,normal,96,103,7516,9888,O-/cluster_7_2881.BMP,O-
/Users/a75027/Desktop/compsci 760/datasets/O-/cluster_7_2891.BMP,ok,0.6528114886731392,65.28114886731392,False,normal,96,103,6455,9888,O-/cluster_7_2891.BMP,O-
/Users/a75027/Desktop/compsci 760/datasets/O-/cluster_7_2906.BMP,ok,0.8733818770226537,87.33818770226537,False,normal,96,103,8636,9888,O-/cluster_7_2906.BMP,O-
/Users/a75027/Desktop/compsci 760/datasets/O-/cluster_7_2908.BMP,ok,0.692455501618123,69.2455501618123,False,normal,96,103,6847,9888,O-/cluster_7_2908.BMP,O-
/Users/a75027/Desktop/compsci 760/datasets/O-/cluster_7_2916.BMP,ok,0.8533576051779935,85.33576051779936,False,normal,96,103,8438,9888,O-/cluster_7_2916.BMP,O-
/Users/a75027/Desktop/compsci 760/datasets/O-/cluster_7_2948.BMP,ok,0.29095873786407767,29.095873786407765,False,normal,96,103,2877,9888,O-/cluster_7_2948.BMP,O-
/Users/a75027/Desktop/compsci 760/datasets/O-/cluster_7_2962.BMP,ok,0.6451254045307443,64.51254045307444,False,normal,96,103,6379,9888,O-/cluster_7_2962.BMP,O-
/Users/a75027/Desktop/compsci 760/datasets/O-/cluster_7_2982.BMP,ok,0.7941949838187702,79.41949838187702,False,normal,96,103,7853,9888,O-/cluster_7_2982.BMP,O-
/Users/a75027/Desktop/compsci 760/datasets/O-/cluster_7_2987.BMP,ok,0.7213794498381877,72.13794498381877,False,normal,96,103,7133,9888,O-/cluster_7_2987.BMP,O-
/Users/a75027/Desktop/compsci 760/datasets/O-/cluster_7_2990.BMP,ok,0.7974312297734628,79.74312297734627,False,normal,96,103,7885,9888,O-/cluster_7_2990.BMP,O-
/Users/a75027/Desktop/compsci 760/datasets/O-/cluster_7_2991.BMP,ok,0.6636326860841424,66.36326860841424,False,normal,96,103,6562,9888,O-/cluster_7_2991.BMP,O-
/Users/a75027/Desktop/compsci 760/datasets/O-/cluster_7_2992.BMP,ok,0.8128033980582524,81.28033980582524,False,normal,96,103,8037,9888,O-/cluster_7_2992.BMP,O-
/Users/a75027/Desktop/compsci 760/datasets/O-/cluster_7_3005.BMP,ok,0.7211771844660194,72.11771844660194,False,normal,96,103,7131,9888,O-/cluster_7_3005.BMP,O-
/Users/a75027/Desktop/compsci 760/datasets/O-/cluster_7_3014.BMP,ok,0.6605987055016181,66.05987055016182,False,normal,96,103,6532,9888,O-/cluster_7_3014.BMP,O-
/Users/a75027/Desktop/compsci 760/datasets/O-/cluster_7_3016.BMP,ok,0.6170105177993528,61.70105177993528,False,normal,96,103,6101,9888,O-/cluster_7_3016.BMP,O-
/Users/a75027/Desktop/compsci 760/datasets/O-/cluster_7_3019.BMP,ok,0.7465614886731392,74.65614886731392,False,normal,96,103,7382,9888,O-/cluster_7_3019.BMP,O-
/Users/a75027/Desktop/compsci 760/datasets/O-/cluster_7_302.BMP,ok,0.22845873786407767,22.845873786407765,False,normal,96,103,2259,9888,O-/cluster_7_302.BMP,O-
/Users/a75027/Desktop/compsci 760/datasets/O-/cluster_7_3026.BMP,ok,0.6875,68.75,False,normal,96,103,6798,9888,O-/cluster_7_3026.BMP,O-
/Users/a75027/Desktop/compsci 760/datasets/O-/cluster_7_3033.BMP,ok,0.7382686084142395,73.82686084142395,False,normal,96,103,7300,9888,O-/cluster_7_3033.BMP,O-
/Users/a75027/Desktop/compsci 760/datasets/O-/cluster_7_3035.BMP,ok,0.7150080906148867,71.50080906148867,False,normal,96,103,7070,9888,O-/cluster_7_3035.BMP,O-
/Users/a75027/Desktop/compsci 760/datasets/O-/cluster_7_3037.BMP,ok,0.7617313915857605,76.17313915857605,False,normal,96,103,7532,9888,O-/cluster_7_3037.BMP,O-
/Users/a75027/Desktop/compsci 760/datasets/O-/cluster_7_3038.BMP,ok,0.6892192556634305,68.92192556634305,False,normal,96,103,6815,9888,O-/cluster_7_3038.BMP,O-
/Users/a75027/Desktop/compsci 760/datasets/O-/cluster_7_3046.BMP,ok,0.6728357605177994,67.28357605177993,False,normal,96,103,6653,9888,O-/cluster_7_3046.BMP,O-
/Users/a75027/Desktop/compsci 760/datasets/O-/cluster_7_3049.BMP,ok,0.7105582524271845,71.05582524271846,False,normal,96,103,7026,9888,O-/cluster_7_3049.BMP,O-
/Users/a75027/Desktop/compsci 760/datasets/O-/cluster_7_3054.BMP,ok,0.6663632686084142,66.63632686084142,False,normal,96,103,6589,9888,O-/cluster_7_3054.BMP,O-
/Users/a75027/Desktop/compsci 760/datasets/O-/cluster_7_3079.BMP,ok,0.7017597087378641,70.17597087378641,False,normal,96,103,6939,9888,O-/cluster_7_3079.BMP,O-
/Users/a75027/Desktop/compsci 760/datasets/O-/cluster_7_309.BMP,ok,0.7348300970873787,73.48300970873787,False,normal,96,103,7266,9888,O-/cluster_7_309.BMP,O-
/Users/a75027/Desktop/compsci 760/datasets/O-/cluster_7_3091.BMP,ok,0.8252427184466019,82.52427184466019,False,normal,96,103,8160,9888,O-/cluster_7_3091.BMP,O-
/Users/a75027/Desktop/compsci 760/datasets/O-/cluster_7_311.BMP,ok,0.7541464401294499,75.41464401294499,False,normal,96,103,7457,9888,O-/cluster_7_311.BMP,O-
/Users/a75027/Desktop/compsci 760/datasets/O-/cluster_7_3111.BMP,ok,0.76709142394822,76.70914239482201,False,normal,96,103,7585,9888,O-/cluster_7_3111.BMP,O-
/Users/a75027/Desktop/compsci 760/datasets/O-/cluster_7_3115.BMP,ok,0.7427184466019418,74.27184466019418,False,normal,96,103,7344,9888,O-/cluster_7_3115.BMP,O-
/Users/a75027/Desktop/compsci 760/datasets/O-/cluster_7_3123.BMP,ok,0.7206715210355987,72.06715210355988,False,normal,96,103,7126,9888,O-/cluster_7_3123.BMP,O-
/Users/a75027/Desktop/compsci 760/datasets/O-/cluster_7_3133.BMP,ok,0.669700647249191,66.9700647249191,False,normal,96,103,6622,9888,O-/cluster_7_3133.BMP,O-
/Users/a75027/Desktop/compsci 760/datasets/O-/cluster_7_3137.BMP,ok,0.6094255663430421,60.94255663430421,False,normal,96,103,6026,9888,O-/cluster_7_3137.BMP,O-
/Users/a75027/Desktop/compsci 760/datasets/O-/cluster_7_3139.BMP,ok,0.7719457928802589,77.19457928802589,False,normal,96,103,7633,9888,O-/cluster_7_3139.BMP,O-
/Users/a75027/Desktop/compsci 760/datasets/O-/cluster_7_3155.BMP,ok,0.7915655339805825,79.15655339805825,False,normal,96,103,7827,9888,O-/cluster_7_3155.BMP,O-
/Users/a75027/Desktop/compsci 760/datasets/O-/cluster_7_3162.BMP,ok,0.6878033980582524,68.78033980582524,False,normal,96,103,6801,9888,O-/cluster_7_3162.BMP,O-
/Users/a75027/Desktop/compsci 760/datasets/O-/cluster_7_3171.BMP,ok,0.6949838187702265,69.49838187702265,False,normal,96,103,6872,9888,O-/cluster_7_3171.BMP,O-
/Users/a75027/Desktop/compsci 760/datasets/O-/cluster_7_3178.BMP,ok,0.6691949838187702,66.91949838187702,False,normal,96,103,6617,9888,O-/cluster_7_3178.BMP,O-
/Users/a75027/Desktop/compsci 760/datasets/O-/cluster_7_3186.BMP,ok,0.7193567961165048,71.93567961165049,False,normal,96,103,7113,9888,O-/cluster_7_3186.BMP,O-
/Users/a75027/Desktop/compsci 760/datasets/O-/cluster_7_3193.BMP,ok,0.6703074433656958,67.03074433656958,False,normal,96,103,6628,9888,O-/cluster_7_3193.BMP,O-
/Users/a75027/Desktop/compsci 760/datasets/O-/cluster_7_3200.BMP,ok,0.684668284789644,68.4668284789644,False,normal,96,103,6770,9888,O-/cluster_7_3200.BMP,O-
/Users/a75027/Desktop/compsci 760/datasets/O-/cluster_7_3202.BMP,ok,0.7048948220064725,70.48948220064725,False,normal,96,103,6970,9888,O-/cluster_7_3202.BMP,O-
/Users/a75027/Desktop/compsci 760/datasets/O-/cluster_7_3211.BMP,ok,0.6508899676375405,65.08899676375405,False,normal,96,103,6436,9888,O-/cluster_7_3211.BMP,O-
/Users/a75027/Desktop/compsci 760/datasets/O-/cluster_7_3214.BMP,ok,0.7090412621359223,70.90412621359224,False,normal,96,103,7011,9888,O-/cluster_7_3214.BMP,O-
/Users/a75027/Desktop/compsci 760/datasets/O-/cluster_7_3215.BMP,ok,0.7532362459546925,75.32362459546925,False,normal,96,103,7448,9888,O-/cluster_7_3215.BMP,O-
/Users/a75027/Desktop/compsci 760/datasets/O-/cluster_7_322.BMP,ok,0.7466626213592233,74.66626213592234,False,normal,96,103,7383,9888,O-/cluster_7_322.BMP,O-
/Users/a75027/Desktop/compsci 760/datasets/O-/cluster_7_3236.BMP,ok,0.7629449838187702,76.29449838187702,False,normal,96,103,7544,9888,O-/cluster_7_3236.BMP,O-
/Users/a75027/Desktop/compsci 760/datasets/O-/cluster_7_3244.BMP,ok,0.7623381877022654,76.23381877022653,False,normal,96,103,7538,9888,O-/cluster_7_3244.BMP,O-
/Users/a75027/Desktop/compsci 760/datasets/O-/cluster_7_3252.BMP,ok,0.7283576051779935,72.83576051779936,False,normal,96,103,7202,9888,O-/cluster_7_3252.BMP,O-
/Users/a75027/Desktop/compsci 760/datasets/O-/cluster_7_326.BMP,ok,0.7353357605177994,73.53357605177993,False,normal,96,103,7271,9888,O-/cluster_7_326.BMP,O-
/Users/a75027/Desktop/compsci 760/datasets/O-/cluster_7_3276.BMP,ok,0.7651699029126213,76.51699029126213,False,normal,96,103,7566,9888,O-/cluster_7_3276.BMP,O-
/Users/a75027/Desktop/compsci 760/datasets/O-/cluster_7_33.BMP,ok,0.5481391585760518,54.81391585760518,False,normal,96,103,5420,9888,O-/cluster_7_33.BMP,O-
/Users/a75027/Desktop/compsci 760/datasets/O-/cluster_7_3305.BMP,ok,0.7566747572815534,75.66747572815534,False,normal,96,103,7482,9888,O-/cluster_7_3305.BMP,O-
/Users/a75027/Desktop/compsci 760/datasets/O-/cluster_7_3318.BMP,ok,0.7967233009708737,79.67233009708737,False,normal,96,103,7878,9888,O-/cluster_7_3318.BMP,O-
/Users/a75027/Desktop/compsci 760/datasets/O-/cluster_7_3328.BMP,ok,0.7568770226537217,75.68770226537217,False,normal,96,103,7484,9888,O-/cluster_7_3328.BMP,O-
/Users/a75027/Desktop/compsci 760/datasets/O-/cluster_7_3330.BMP,ok,0.7344255663430421,73.44255663430421,False,normal,96,103,7262,9888,O-/cluster_7_3330.BMP,O-
/Users/a75027/Desktop/compsci 760/datasets/O-/cluster_7_3332.BMP,ok,0.7297734627831716,72.97734627831716,False,normal,96,103,7216,9888,O-/cluster_7_3332.BMP,O-
/Users/a75027/Desktop/compsci 760/datasets/O-/cluster_7_3340.BMP,ok,0.5997660753571528,59.976607535715274,False,normal,241,298,43074,71818,O-/cluster_7_3340.BMP,O-
/Users/a75027/Desktop/compsci 760/datasets/O-/cluster_7_3363.BMP,ok,0.6486650485436893,64.86650485436894,False,normal,96,103,6414,9888,O-/cluster_7_3363.BMP,O-
/Users/a75027/Desktop/compsci 760/datasets/O-/cluster_7_3364.BMP,ok,0.7246156957928802,72.46156957928802,False,normal,96,103,7165,9888,O-/cluster_7_3364.BMP,O-
/Users/a75027/Desktop/compsci 760/datasets/O-/cluster_7_3378.BMP,ok,0.731593851132686,73.1593851132686,False,normal,96,103,7234,9888,O-/cluster_7_3378.BMP,O-
/Users/a75027/Desktop/compsci 760/datasets/O-/cluster_7_3384.BMP,ok,0.764967637540453,76.4967637540453,False,normal,96,103,7564,9888,O-/cluster_7_3384.BMP,O-
/Users/a75027/Desktop/compsci 760/datasets/O-/cluster_7_3391.BMP,ok,0.7626415857605178,76.26415857605178,False,normal,96,103,7541,9888,O-/cluster_7_3391.BMP,O-
/Users/a75027/Desktop/compsci 760/datasets/O-/cluster_7_3392.BMP,ok,0.716626213592233,71.6626213592233,False,normal,96,103,7086,9888,O-/cluster_7_3392.BMP,O-
/Users/a75027/Desktop/compsci 760/datasets/O-/cluster_7_3405.BMP,ok,0.7401901294498382,74.01901294498381,False,normal,96,103,7319,9888,O-/cluster_7_3405.BMP,O-
/Users/a75027/Desktop/compsci 760/datasets/O-/cluster_7_3406.BMP,ok,0.6920509708737864,69.20509708737865,False,normal,96,103,6843,9888,O-/cluster_7_3406.BMP,O-
/Users/a75027/Desktop/compsci 760/datasets/O-/cluster_7_3412.BMP,ok,0.6995347896440129,69.9534789644013,False,normal,96,103,6917,9888,O-/cluster_7_3412.BMP,O-
/Users/a75027/Desktop/compsci 760/datasets/O-/cluster_7_3413.BMP,ok,0.7332119741100324,73.32119741100324,False,normal,96,103,7250,9888,O-/cluster_7_3413.BMP,O-
/Users/a75027/Desktop/compsci 760/datasets/O-/cluster_7_342.BMP,ok,0.7610234627831716,76.10234627831716,False,normal,96,103,7525,9888,O-/cluster_7_342.BMP,O-
/Users/a75027/Desktop/compsci 760/datasets/O-/cluster_7_3428.BMP,ok,0.6940736245954693,69.40736245954693,False,normal,96,103,6863,9888,O-/cluster_7_3428.BMP,O-
/Users/a75027/Desktop/compsci 760/datasets/O-/cluster_7_3434.BMP,ok,0.2696197411003236,26.96197411003236,False,normal,96,103,2666,9888,O-/cluster_7_3434.BMP,O-
/Users/a75027/Desktop/compsci 760/datasets/O-/cluster_7_3463.BMP,ok,0.8068365695792881,80.6836569579288,False,normal,96,103,7978,9888,O-/cluster_7_3463.BMP,O-
/Users/a75027/Desktop/compsci 760/datasets/O-/cluster_7_3479.BMP,ok,0.7099514563106796,70.99514563106796,False,normal,96,103,7020,9888,O-/cluster_7_3479.BMP,O-
/Users/a75027/Desktop/compsci 760/datasets/O-/cluster_7_3484.BMP,ok,0.7556634304207119,75.5663430420712,False,normal,96,103,7472,9888,O-/cluster_7_3484.BMP,O-
/Users/a75027/Desktop/compsci 760/datasets/O-/cluster_7_35.BMP,ok,0.7739684466019418,77.39684466019418,False,normal,96,103,7653,9888,O-/cluster_7_35.BMP,O-
/Users/a75027/Desktop/compsci 760/datasets/O-/cluster_7_350.BMP,ok,0.7931836569579288,79.31836569579288,False,normal,96,103,7843,9888,O-/cluster_7_350.BMP,O-
/Users/a75027/Desktop/compsci 760/datasets/O-/cluster_7_3503.BMP,ok,0.6799150485436893,67.99150485436894,False,normal,96,103,6723,9888,O-/cluster_7_3503.BMP,O-
/Users/a75027/Desktop/compsci 760/datasets/O-/cluster_7_3510.BMP,ok,0.6549352750809061,65.49352750809061,False,normal,96,103,6476,9888,O-/cluster_7_3510.BMP,O-
/Users/a75027/Desktop/compsci 760/datasets/O-/cluster_7_3514.BMP,ok,0.743628640776699,74.3628640776699,False,normal,96,103,7353,9888,O-/cluster_7_3514.BMP,O-
/Users/a75027/Desktop/compsci 760/datasets/O-/cluster_7_3527.BMP,ok,0.702467637540453,70.2467637540453,False,normal,96,103,6946,9888,O-/cluster_7_3527.BMP,O-
/Users/a75027/Desktop/compsci 760/datasets/O-/cluster_7_3531.BMP,ok,0.7567758899676376,75.67758899676376,False,normal,96,103,7483,9888,O-/cluster_7_3531.BMP,O-
/Users/a75027/Desktop/compsci 760/datasets/O-/cluster_7_3534.BMP,ok,0.7374595469255664,73.74595469255664,False,normal,96,103,7292,9888,O-/cluster_7_3534.BMP,O-
/Users/a75027/Desktop/compsci 760/datasets/O-/cluster_7_3545.BMP,ok,0.739279935275081,73.9279935275081,False,normal,96,103,7310,9888,O-/cluster_7_3545.BMP,O-
/Users/a75027/Desktop/compsci 760/datasets/O-/cluster_7_3548.BMP,ok,0.6975121359223301,69.75121359223301,False,normal,96,103,6897,9888,O-/cluster_7_3548.BMP,O-
/Users/a75027/Desktop/compsci 760/datasets/O-/cluster_7_3549.BMP,ok,0.6577669902912622,65.77669902912622,False,normal,96,103,6504,9888,O-/cluster_7_3549.BMP,O-
/Users/a75027/Desktop/compsci 760/datasets/O-/cluster_7_3557.BMP,ok,0.7734627831715211,77.34627831715211,False,normal,96,103,7648,9888,O-/cluster_7_3557.BMP,O-
/Users/a75027/Desktop/compsci 760/datasets/O-/cluster_7_3567.BMP,ok,0.7065129449838188,70.65129449838187,False,normal,96,103,6986,9888,O-/cluster_7_3567.BMP,O-
/Users/a75027/Desktop/compsci 760/datasets/O-/cluster_7_3593.BMP,ok,0.7593042071197411,75.93042071197411,False,normal,96,103,7508,9888,O-/cluster_7_3593.BMP,O-
/Users/a75027/Desktop/compsci 760/datasets/O-/cluster_7_3598.BMP,ok,0.683252427184466,68.3252427184466,False,normal,96,103,6756,9888,O-/cluster_7_3598.BMP,O-
/Users/a75027/Desktop/compsci 760/datasets/O-/cluster_7_3602.BMP,ok,0.7587985436893204,75.87985436893204,False,normal,96,103,7503,9888,O-/cluster_7_3602.BMP,O-
/Users/a75027/Desktop/compsci 760/datasets/O-/cluster_7_3603.BMP,ok,0.7150080906148867,71.50080906148867,False,normal,96,103,7070,9888,O-/cluster_7_3603.BMP,O-
/Users/a75027/Desktop/compsci 760/datasets/O-/cluster_7_3609.BMP,ok,0.7573826860841424,75.73826860841424,False,normal,96,103,7489,9888,O-/cluster_7_3609.BMP,O-
/Users/a75027/Desktop/compsci 760/datasets/O-/cluster_7_3616.BMP,ok,0.6655542071197411,66.55542071197411,False,normal,96,103,6581,9888,O-/cluster_7_3616.BMP,O-
/Users/a75027/Desktop/compsci 760/datasets/O-/cluster_7_3628.BMP,ok,0.6923543689320388,69.23543689320388,False,normal,96,103,6846,9888,O-/cluster_7_3628.BMP,O-
/Users/a75027/Desktop/compsci 760/datasets/O-/cluster_7_3631.BMP,ok,0.7757888349514563,77.57888349514563,False,normal,96,103,7671,9888,O-/cluster_7_3631.BMP,O-
/Users/a75027/Desktop/compsci 760/datasets/O-/cluster_7_3636.BMP,ok,0.7008495145631068,70.08495145631069,False,normal,96,103,6930,9888,O-/cluster_7_3636.BMP,O-
/Users/a75027/Desktop/compsci 760/datasets/O-/cluster_7_3637.BMP,ok,0.7725525889967637,77.25525889967638,False,normal,96,103,7639,9888,O-/cluster_7_3637.BMP,O-
/Users/a75027/Desktop/compsci 760/datasets/O-/cluster_7_3641.BMP,ok,0.7015574433656958,70.15574433656958,False,normal,96,103,6937,9888,O-/cluster_7_3641.BMP,O-
/Users/a75027/Desktop/compsci 760/datasets/O-/cluster_7_3646.BMP,ok,0.6927588996763754,69.27588996763754,False,normal,96,103,6850,9888,O-/cluster_7_3646.BMP,O-
/Users/a75027/Desktop/compsci 760/datasets/O-/cluster_7_3657.BMP,ok,0.7424150485436893,74.24150485436894,False,normal,96,103,7341,9888,O-/cluster_7_3657.BMP,O-
/Users/a75027/Desktop/compsci 760/datasets/O-/cluster_7_3658.BMP,ok,0.772046925566343,77.2046925566343,False,normal,96,103,7634,9888,O-/cluster_7_3658.BMP,O-
/Users/a75027/Desktop/compsci 760/datasets/O-/cluster_7_3671.BMP,ok,0.6672734627831716,66.72734627831716,False,normal,96,103,6598,9888,O-/cluster_7_3671.BMP,O-
/Users/a75027/Desktop/compsci 760/datasets/O-/cluster_7_3722.BMP,ok,0.7828681229773463,78.28681229773463,False,normal,96,103,7741,9888,O-/cluster_7_3722.BMP,O-
/Users/a75027/Desktop/compsci 760/datasets/O-/cluster_7_373.BMP,ok,0.7075242718446602,70.75242718446601,False,normal,96,103,6996,9888,O-/cluster_7_373.BMP,O-
/Users/a75027/Desktop/compsci 760/datasets/O-/cluster_7_3742.BMP,ok,0.6671723300970874,66.71723300970875,False,normal,96,103,6597,9888,O-/cluster_7_3742.BMP,O-
/Users/a75027/Desktop/compsci 760/datasets/O-/cluster_7_3744.BMP,ok,0.6878033980582524,68.78033980582524,False,normal,96,103,6801,9888,O-/cluster_7_3744.BMP,O-
/Users/a75027/Desktop/compsci 760/datasets/O-/cluster_7_3757.BMP,ok,0.6480582524271845,64.80582524271846,False,normal,96,103,6408,9888,O-/cluster_7_3757.BMP,O-
/Users/a75027/Desktop/compsci 760/datasets/O-/cluster_7_3762.BMP,ok,0.6706108414239482,67.06108414239482,False,normal,96,103,6631,9888,O-/cluster_7_3762.BMP,O-
/Users/a75027/Desktop/compsci 760/datasets/O-/cluster_7_3765.BMP,ok,0.6566545307443366,65.66545307443366,False,normal,96,103,6493,9888,O-/cluster_7_3765.BMP,O-
/Users/a75027/Desktop/compsci 760/datasets/O-/cluster_7_3768.BMP,ok,0.7239077669902912,72.39077669902912,False,normal,96,103,7158,9888,O-/cluster_7_3768.BMP,O-
/Users/a75027/Desktop/compsci 760/datasets/O-/cluster_7_3773.BMP,ok,0.8269619741100324,82.69619741100324,False,normal,96,103,8177,9888,O-/cluster_7_3773.BMP,O-
/Users/a75027/Desktop/compsci 760/datasets/O-/cluster_7_3775.BMP,ok,0.686792071197411,68.67920711974111,False,normal,96,103,6791,9888,O-/cluster_7_3775.BMP,O-
/Users/a75027/Desktop/compsci 760/datasets/O-/cluster_7_378.BMP,ok,0.6912419093851133,69.12419093851133,False,normal,96,103,6835,9888,O-/cluster_7_378.BMP,O-
/Users/a75027/Desktop/compsci 760/datasets/O-/cluster_7_3782.BMP,ok,0.6817354368932039,68.1735436893204,False,normal,96,103,6741,9888,O-/cluster_7_3782.BMP,O-
/Users/a75027/Desktop/compsci 760/datasets/O-/cluster_7_3792.BMP,ok,0.6442152103559871,64.4215210355987,False,normal,96,103,6370,9888,O-/cluster_7_3792.BMP,O-
/Users/a75027/Desktop/compsci 760/datasets/O-/cluster_7_38.BMP,ok,0.6834546925566343,68.34546925566343,False,normal,96,103,6758,9888,O-/cluster_7_38.BMP,O-
/Users/a75027/Desktop/compsci 760/datasets/O-/cluster_7_3800.BMP,ok,0.801779935275081,80.1779935275081,False,normal,96,103,7928,9888,O-/cluster_7_3800.BMP,O-
/Users/a75027/Desktop/compsci 760/datasets/O-/cluster_7_3815.BMP,ok,0.6163025889967637,61.63025889967637,False,normal,96,103,6094,9888,O-/cluster_7_3815.BMP,O-
/Users/a75027/Desktop/compsci 760/datasets/O-/cluster_7_3821.BMP,ok,0.6902305825242718,69.02305825242718,False,normal,96,103,6825,9888,O-/cluster_7_3821.BMP,O-
/Users/a75027/Desktop/compsci 760/datasets/O-/cluster_7_3835.BMP,ok,0.7790250809061489,77.90250809061489,False,normal,96,103,7703,9888,O-/cluster_7_3835.BMP,O-
/Users/a75027/Desktop/compsci 760/datasets/O-/cluster_7_3836.BMP,ok,0.8447613268608414,84.47613268608414,False,normal,96,103,8353,9888,O-/cluster_7_3836.BMP,O-
/Users/a75027/Desktop/compsci 760/datasets/O-/cluster_7_3845.BMP,ok,0.6871966019417476,68.71966019417476,False,normal,96,103,6795,9888,O-/cluster_7_3845.BMP,O-
/Users/a75027/Desktop/compsci 760/datasets/O-/cluster_7_3853.BMP,ok,0.7483818770226537,74.83818770226537,False,normal,96,103,7400,9888,O-/cluster_7_3853.BMP,O-
/Users/a75027/Desktop/compsci 760/datasets/O-/cluster_7_3871.BMP,ok,0.7689118122977346,76.89118122977347,False,normal,96,103,7603,9888,O-/cluster_7_3871.BMP,O-
/Users/a75027/Desktop/compsci 760/datasets/O-/cluster_7_3874.BMP,ok,0.7039846278317152,70.39846278317152,False,normal,96,103,6961,9888,O-/cluster_7_3874.BMP,O-
/Users/a75027/Desktop/compsci 760/datasets/O-/cluster_7_3878.BMP,ok,0.738673139158576,73.86731391585761,False,normal,96,103,7304,9888,O-/cluster_7_3878.BMP,O-
/Users/a75027/Desktop/compsci 760/datasets/O-/cluster_7_3879.BMP,ok,0.6744538834951457,67.44538834951457,False,normal,96,103,6669,9888,O-/cluster_7_3879.BMP,O-
/Users/a75027/Desktop/compsci 760/datasets/O-/cluster_7_3889.BMP,ok,0.6849716828478964,68.49716828478964,False,normal,96,103,6773,9888,O-/cluster_7_3889.BMP,O-
/Users/a75027/Desktop/compsci 760/datasets/O-/cluster_7_3894.BMP,ok,0.72582928802589,72.582928802589,False,normal,96,103,7177,9888,O-/cluster_7_3894.BMP,O-
/Users/a75027/Desktop/compsci 760/datasets/O-/cluster_7_3899.BMP,ok,0.7084344660194175,70.84344660194175,False,normal,96,103,7005,9888,O-/cluster_7_3899.BMP,O-
/Users/a75027/Desktop/compsci 760/datasets/O-/cluster_7_390.BMP,ok,0.7378640776699029,73.7864077669903,False,normal,96,103,7296,9888,O-/cluster_7_390.BMP,O-
/Users/a75027/Desktop/compsci 760/datasets/O-/cluster_7_391.BMP,ok,0.6700040453074434,67.00040453074433,False,normal,96,103,6625,9888,O-/cluster_7_391.BMP,O-
/Users/a75027/Desktop/compsci 760/datasets/O-/cluster_7_3910.BMP,ok,0.6325849514563107,63.258495145631066,False,normal,96,103,6255,9888,O-/cluster_7_3910.BMP,O-
/Users/a75027/Desktop/compsci 760/datasets/O-/cluster_7_3919.BMP,ok,0.6572613268608414,65.72613268608414,False,normal,96,103,6499,9888,O-/cluster_7_3919.BMP,O-
/Users/a75027/Desktop/compsci 760/datasets/O-/cluster_7_3951.BMP,ok,0.7276496763754046,72.76496763754045,False,normal,96,103,7195,9888,O-/cluster_7_3951.BMP,O-
/Users/a75027/Desktop/compsci 760/datasets/O-/cluster_7_3953.BMP,ok,0.7716423948220065,77.16423948220064,False,normal,96,103,7630,9888,O-/cluster_7_3953.BMP,O-
/Users/a75027/Desktop/compsci 760/datasets/O-/cluster_7_3963.BMP,ok,0.6328883495145631,63.28883495145631,False,normal,96,103,6258,9888,O-/cluster_7_3963.BMP,O-
/Users/a75027/Desktop/compsci 760/datasets/O-/cluster_7_3965.BMP,ok,0.6717233009708737,67.17233009708737,False,normal,96,103,6642,9888,O-/cluster_7_3965.BMP,O-
/Users/a75027/Desktop/compsci 760/datasets/O-/cluster_7_3966.BMP,ok,0.7030744336569579,70.30744336569579,False,normal,96,103,6952,9888,O-/cluster_7_3966.BMP,O-
/Users/a75027/Desktop/compsci 760/datasets/O-/cluster_7_3985.BMP,ok,0.7164239482200647,71.64239482200647,False,normal,96,103,7084,9888,O-/cluster_7_3985.BMP,O-
/Users/a75027/Desktop/compsci 760/datasets/O-/cluster_7_3987.BMP,ok,0.8275687702265372,82.75687702265373,False,normal,96,103,8183,9888,O-/cluster_7_3987.BMP,O-
/Users/a75027/Desktop/compsci 760/datasets/O-/cluster_7_399.BMP,ok,0.7296723300970874,72.96723300970875,False,normal,96,103,7215,9888,O-/cluster_7_399.BMP,O-
/Users/a75027/Desktop/compsci 760/datasets/O-/cluster_7_3999.BMP,ok,0.2631472491909385,26.31472491909385,False,normal,96,103,2602,9888,O-/cluster_7_3999.BMP,O-
/Users/a75027/Desktop/compsci 760/datasets/O-/cluster_7_4034.BMP,ok,0.7676982200647249,76.76982200647248,False,normal,96,103,7591,9888,O-/cluster_7_4034.BMP,O-
/Users/a75027/Desktop/compsci 760/datasets/O-/cluster_7_4036.BMP,ok,0.6916464401294499,69.16464401294499,False,normal,96,103,6839,9888,O-/cluster_7_4036.BMP,O-
/Users/a75027/Desktop/compsci 760/datasets/O-/cluster_7_404.BMP,ok,0.6921521035598706,69.21521035598705,False,normal,96,103,6844,9888,O-/cluster_7_404.BMP,O-
/Users/a75027/Desktop/compsci 760/datasets/O-/cluster_7_4046.BMP,ok,0.6222694174757282,62.226941747572816,False,normal,96,103,6153,9888,O-/cluster_7_4046.BMP,O-
/Users/a75027/Desktop/compsci 760/datasets/O-/cluster_7_4053.BMP,ok,0.7186488673139159,71.86488673139159,False,normal,96,103,7106,9888,O-/cluster_7_4053.BMP,O-
/Users/a75027/Desktop/compsci 760/datasets/O-/cluster_7_4060.BMP,ok,0.7310881877022654,73.10881877022653,False,normal,96,103,7229,9888,O-/cluster_7_4060.BMP,O-
/Users/a75027/Desktop/compsci 760/datasets/O-/cluster_7_4061.BMP,ok,0.6784991909385113,67.84991909385113,False,normal,96,103,6709,9888,O-/cluster_7_4061.BMP,O-
/Users/a75027/Desktop/compsci 760/datasets/O-/cluster_7_4067.BMP,ok,0.8701456310679612,87.01456310679612,False,normal,96,103,8604,9888,O-/cluster_7_4067.BMP,O-
/Users/a75027/Desktop/compsci 760/datasets/O-/cluster_7_407.BMP,ok,0.7248179611650486,72.48179611650485,False,normal,96,103,7167,9888,O-/cluster_7_407.BMP,O-
/Users/a75027/Desktop/compsci 760/datasets/O-/cluster_7_4081.BMP,ok,0.7766990291262136,77.66990291262135,False,normal,96,103,7680,9888,O-/cluster_7_4081.BMP,O-
/Users/a75027/Desktop/compsci 760/datasets/O-/cluster_7_4090.BMP,ok,0.8313106796116505,83.13106796116504,False,normal,96,103,8220,9888,O-/cluster_7_4090.BMP,O-
/Users/a75027/Desktop/compsci 760/datasets/O-/cluster_7_4107.BMP,ok,0.6496763754045307,64.96763754045307,False,normal,96,103,6424,9888,O-/cluster_7_4107.BMP,O-
/Users/a75027/Desktop/compsci 760/datasets/O-/cluster_7_4111.BMP,ok,0.7401901294498382,74.01901294498381,False,normal,96,103,7319,9888,O-/cluster_7_4111.BMP,O-
/Users/a75027/Desktop/compsci 760/datasets/O-/cluster_7_4114.BMP,ok,0.6879045307443366,68.79045307443366,False,normal,96,103,6802,9888,O-/cluster_7_4114.BMP,O-
/Users/a75027/Desktop/compsci 760/datasets/O-/cluster_7_4118.BMP,ok,0.7372572815533981,73.72572815533981,False,normal,96,103,7290,9888,O-/cluster_7_4118.BMP,O-
/Users/a75027/Desktop/compsci 760/datasets/O-/cluster_7_4129.BMP,ok,0.2273462783171521,22.73462783171521,False,normal,96,103,2248,9888,O-/cluster_7_4129.BMP,O-
/Users/a75027/Desktop/compsci 760/datasets/O-/cluster_7_413.BMP,ok,0.7618325242718447,76.18325242718447,False,normal,96,103,7533,9888,O-/cluster_7_413.BMP,O-
/Users/a75027/Desktop/compsci 760/datasets/O-/cluster_7_4131.BMP,ok,0.7184466019417476,71.84466019417476,False,normal,96,103,7104,9888,O-/cluster_7_4131.BMP,O-
/Users/a75027/Desktop/compsci 760/datasets/O-/cluster_7_4132.BMP,ok,0.7028721682847896,70.28721682847896,False,normal,96,103,6950,9888,O-/cluster_7_4132.BMP,O-
/Users/a75027/Desktop/compsci 760/datasets/O-/cluster_7_4133.BMP,ok,0.6345064724919094,63.450647249190936,False,normal,96,103,6274,9888,O-/cluster_7_4133.BMP,O-
/Users/a75027/Desktop/compsci 760/datasets/O-/cluster_7_4139.BMP,ok,0.7503033980582524,75.03033980582524,False,normal,96,103,7419,9888,O-/cluster_7_4139.BMP,O-
/Users/a75027/Desktop/compsci 760/datasets/O-/cluster_7_414.BMP,ok,0.7543487055016181,75.43487055016182,False,normal,96,103,7459,9888,O-/cluster_7_414.BMP,O-
/Users/a75027/Desktop/compsci 760/datasets/O-/cluster_7_4149.BMP,ok,0.7054004854368932,70.54004854368931,False,normal,96,103,6975,9888,O-/cluster_7_4149.BMP,O-
/Users/a75027/Desktop/compsci 760/datasets/O-/cluster_7_4161.BMP,ok,0.7411003236245954,74.11003236245955,False,normal,96,103,7328,9888,O-/cluster_7_4161.BMP,O-
/Users/a75027/Desktop/compsci 760/datasets/O-/cluster_7_4166.BMP,ok,0.809668284789644,80.9668284789644,False,normal,96,103,8006,9888,O-/cluster_7_4166.BMP,O-
/Users/a75027/Desktop/compsci 760/datasets/O-/cluster_7_4171.BMP,ok,0.7165250809061489,71.65250809061489,False,normal,96,103,7085,9888,O-/cluster_7_4171.BMP,O-
/Users/a75027/Desktop/compsci 760/datasets/O-/cluster_7_4179.BMP,ok,0.7405946601941747,74.05946601941747,False,normal,96,103,7323,9888,O-/cluster_7_4179.BMP,O-
/Users/a75027/Desktop/compsci 760/datasets/O-/cluster_7_4186.BMP,ok,0.7834749190938511,78.34749190938511,False,normal,96,103,7747,9888,O-/cluster_7_4186.BMP,O-
/Users/a75027/Desktop/compsci 760/datasets/O-/cluster_7_4193.BMP,ok,0.7105582524271845,71.05582524271846,False,normal,96,103,7026,9888,O-/cluster_7_4193.BMP,O-
/Users/a75027/Desktop/compsci 760/datasets/O-/cluster_7_4199.BMP,ok,0.7659789644012945,76.59789644012946,False,normal,96,103,7574,9888,O-/cluster_7_4199.BMP,O-
/Users/a75027/Desktop/compsci 760/datasets/O-/cluster_7_4203.BMP,ok,0.7094457928802589,70.94457928802589,False,normal,96,103,7015,9888,O-/cluster_7_4203.BMP,O-
/Users/a75027/Desktop/compsci 760/datasets/O-/cluster_7_4219.BMP,ok,0.6595873786407767,65.95873786407766,False,normal,96,103,6522,9888,O-/cluster_7_4219.BMP,O-
/Users/a75027/Desktop/compsci 760/datasets/O-/cluster_7_4232.BMP,ok,0.717334142394822,71.7334142394822,False,normal,96,103,7093,9888,O-/cluster_7_4232.BMP,O-
/Users/a75027/Desktop/compsci 760/datasets/O-/cluster_7_4235.BMP,ok,0.7689118122977346,76.89118122977347,False,normal,96,103,7603,9888,O-/cluster_7_4235.BMP,O-
/Users/a75027/Desktop/compsci 760/datasets/O-/cluster_7_4236.BMP,ok,0.7734627831715211,77.34627831715211,False,normal,96,103,7648,9888,O-/cluster_7_4236.BMP,O-
/Users/a75027/Desktop/compsci 760/datasets/O-/cluster_7_4239.BMP,ok,0.6439118122977346,64.39118122977347,False,normal,96,103,6367,9888,O-/cluster_7_4239.BMP,O-
/Users/a75027/Desktop/compsci 760/datasets/O-/cluster_7_4265.BMP,ok,0.7645631067961165,76.45631067961165,False,normal,96,103,7560,9888,O-/cluster_7_4265.BMP,O-
/Users/a75027/Desktop/compsci 760/datasets/O-/cluster_7_429.BMP,ok,0.7105582524271845,71.05582524271846,False,normal,96,103,7026,9888,O-/cluster_7_429.BMP,O-
/Users/a75027/Desktop/compsci 760/datasets/O-/cluster_7_4293.BMP,ok,0.7175364077669902,71.75364077669903,False,normal,96,103,7095,9888,O-/cluster_7_4293.BMP,O-
/Users/a75027/Desktop/compsci 760/datasets/O-/cluster_7_4295.BMP,ok,0.7538430420711975,75.38430420711974,False,normal,96,103,7454,9888,O-/cluster_7_4295.BMP,O-
/Users/a75027/Desktop/compsci 760/datasets/O-/cluster_7_430.BMP,ok,0.7136933656957929,71.36933656957929,False,normal,96,103,7057,9888,O-/cluster_7_430.BMP,O-
/Users/a75027/Desktop/compsci 760/datasets/O-/cluster_7_4301.BMP,ok,0.7871156957928802,78.71156957928802,False,normal,96,103,7783,9888,O-/cluster_7_4301.BMP,O-
/Users/a75027/Desktop/compsci 760/datasets/O-/cluster_7_4309.BMP,ok,0.832423139158576,83.24231391585761,False,normal,96,103,8231,9888,O-/cluster_7_4309.BMP,O-
/Users/a75027/Desktop/compsci 760/datasets/O-/cluster_7_4311.BMP,ok,0.7577872168284789,75.77872168284789,False,normal,96,103,7493,9888,O-/cluster_7_4311.BMP,O-
/Users/a75027/Desktop/compsci 760/datasets/O-/cluster_7_4313.BMP,ok,0.7557645631067961,75.5764563106796,False,normal,96,103,7473,9888,O-/cluster_7_4313.BMP,O-
/Users/a75027/Desktop/compsci 760/datasets/O-/cluster_7_4324.BMP,ok,0.49302184466019416,49.30218446601942,False,normal,96,103,4875,9888,O-/cluster_7_4324.BMP,O-
/Users/a75027/Desktop/compsci 760/datasets/O-/cluster_7_4325.BMP,ok,0.7186488673139159,71.86488673139159,False,normal,96,103,7106,9888,O-/cluster_7_4325.BMP,O-
/Users/a75027/Desktop/compsci 760/datasets/O-/cluster_7_433.BMP,ok,0.7483818770226537,74.83818770226537,False,normal,96,103,7400,9888,O-/cluster_7_433.BMP,O-
/Users/a75027/Desktop/compsci 760/datasets/O-/cluster_7_4341.BMP,ok,0.7603155339805825,76.03155339805825,False,normal,96,103,7518,9888,O-/cluster_7_4341.BMP,O-
/Users/a75027/Desktop/compsci 760/datasets/O-/cluster_7_4346.BMP,ok,0.7157160194174758,71.57160194174757,False,normal,96,103,7077,9888,O-/cluster_7_4346.BMP,O-
/Users/a75027/Desktop/compsci 760/datasets/O-/cluster_7_4348.BMP,ok,0.6980177993527508,69.80177993527508,False,normal,96,103,6902,9888,O-/cluster_7_4348.BMP,O-
/Users/a75027/Desktop/compsci 760/datasets/O-/cluster_7_4353.BMP,ok,0.8948220064724919,89.48220064724919,False,normal,96,103,8848,9888,O-/cluster_7_4353.BMP,O-
/Users/a75027/Desktop/compsci 760/datasets/O-/cluster_7_4361.BMP,ok,0.5883899676375405,58.83899676375405,False,normal,96,103,5818,9888,O-/cluster_7_4361.BMP,O-
/Users/a75027/Desktop/compsci 760/datasets/O-/cluster_7_437.BMP,ok,0.7174352750809061,71.74352750809061,False,normal,96,103,7094,9888,O-/cluster_7_437.BMP,O-
/Users/a75027/Desktop/compsci 760/datasets/O-/cluster_7_440.BMP,ok,0.700343851132686,70.0343851132686,False,normal,96,103,6925,9888,O-/cluster_7_440.BMP,O-
/Users/a75027/Desktop/compsci 760/datasets/O-/cluster_7_4404.BMP,ok,0.7368527508090615,73.68527508090615,False,normal,96,103,7286,9888,O-/cluster_7_4404.BMP,O-
/Users/a75027/Desktop/compsci 760/datasets/O-/cluster_7_4410.BMP,ok,0.8252427184466019,82.52427184466019,False,normal,96,103,8160,9888,O-/cluster_7_4410.BMP,O-
/Users/a75027/Desktop/compsci 760/datasets/O-/cluster_7_4414.BMP,ok,0.776294498381877,77.6294498381877,False,normal,96,103,7676,9888,O-/cluster_7_4414.BMP,O-
/Users/a75027/Desktop/compsci 760/datasets/O-/cluster_7_4416.BMP,ok,0.774878640776699,77.4878640776699,False,normal,96,103,7662,9888,O-/cluster_7_4416.BMP,O-
/Users/a75027/Desktop/compsci 760/datasets/O-/cluster_7_442.BMP,ok,0.6940736245954693,69.40736245954693,False,normal,96,103,6863,9888,O-/cluster_7_442.BMP,O-
/Users/a75027/Desktop/compsci 760/datasets/O-/cluster_7_4420.BMP,ok,0.664745145631068,66.4745145631068,False,normal,96,103,6573,9888,O-/cluster_7_4420.BMP,O-
/Users/a75027/Desktop/compsci 760/datasets/O-/cluster_7_4425.BMP,ok,0.727245145631068,72.7245145631068,False,normal,96,103,7191,9888,O-/cluster_7_4425.BMP,O-
/Users/a75027/Desktop/compsci 760/datasets/O-/cluster_7_443.BMP,ok,0.7619336569579288,76.19336569579288,False,normal,96,103,7534,9888,O-/cluster_7_443.BMP,O-
/Users/a75027/Desktop/compsci 760/datasets/O-/cluster_7_4431.BMP,ok,0.7941949838187702,79.41949838187702,False,normal,96,103,7853,9888,O-/cluster_7_4431.BMP,O-
/Users/a75027/Desktop/compsci 760/datasets/O-/cluster_7_4436.BMP,ok,0.75,75.0,False,normal,96,103,7416,9888,O-/cluster_7_4436.BMP,O-
/Users/a75027/Desktop/compsci 760/datasets/O-/cluster_7_4438.BMP,ok,0.7164239482200647,71.64239482200647,False,normal,96,103,7084,9888,O-/cluster_7_4438.BMP,O-
/Users/a75027/Desktop/compsci 760/datasets/O-/cluster_7_4445.BMP,ok,0.7150080906148867,71.50080906148867,False,normal,96,103,7070,9888,O-/cluster_7_4445.BMP,O-
/Users/a75027/Desktop/compsci 760/datasets/O-/cluster_7_4448.BMP,ok,0.7519215210355987,75.19215210355988,False,normal,96,103,7435,9888,O-/cluster_7_4448.BMP,O-
/Users/a75027/Desktop/compsci 760/datasets/O-/cluster_7_4452.BMP,ok,0.22744741100323623,22.744741100323623,False,normal,96,103,2249,9888,O-/cluster_7_4452.BMP,O-
/Users/a75027/Desktop/compsci 760/datasets/O-/cluster_7_4460.BMP,ok,0.6599919093851133,65.99919093851133,False,normal,96,103,6526,9888,O-/cluster_7_4460.BMP,O-
/Users/a75027/Desktop/compsci 760/datasets/O-/cluster_7_4462.BMP,ok,0.7571804207119741,75.71804207119742,False,normal,96,103,7487,9888,O-/cluster_7_4462.BMP,O-
/Users/a75027/Desktop/compsci 760/datasets/O-/cluster_7_4473.BMP,ok,0.7033778317152104,70.33778317152104,False,normal,96,103,6955,9888,O-/cluster_7_4473.BMP,O-
/Users/a75027/Desktop/compsci 760/datasets/O-/cluster_7_4497.BMP,ok,0.7524271844660194,75.24271844660194,False,normal,96,103,7440,9888,O-/cluster_7_4497.BMP,O-
/Users/a75027/Desktop/compsci 760/datasets/O-/cluster_7_4507.BMP,ok,0.8131067961165048,81.31067961165049,False,normal,96,103,8040,9888,O-/cluster_7_4507.BMP,O-
/Users/a75027/Desktop/compsci 760/datasets/O-/cluster_7_4517.BMP,ok,0.8135113268608414,81.35113268608414,False,normal,96,103,8044,9888,O-/cluster_7_4517.BMP,O-
/Users/a75027/Desktop/compsci 760/datasets/O-/cluster_7_452.BMP,ok,0.7175364077669902,71.75364077669903,False,normal,96,103,7095,9888,O-/cluster_7_452.BMP,O-
/Users/a75027/Desktop/compsci 760/datasets/O-/cluster_7_4522.BMP,ok,0.6349110032362459,63.49110032362459,False,normal,96,103,6278,9888,O-/cluster_7_4522.BMP,O-
/Users/a75027/Desktop/compsci 760/datasets/O-/cluster_7_4525.BMP,ok,0.7604166666666666,76.04166666666666,False,normal,96,103,7519,9888,O-/cluster_7_4525.BMP,O-
/Users/a75027/Desktop/compsci 760/datasets/O-/cluster_7_4530.BMP,ok,0.6262135922330098,62.62135922330098,False,normal,96,103,6192,9888,O-/cluster_7_4530.BMP,O-
/Users/a75027/Desktop/compsci 760/datasets/O-/cluster_7_4536.BMP,ok,0.6372370550161812,63.72370550161812,False,normal,96,103,6301,9888,O-/cluster_7_4536.BMP,O-
/Users/a75027/Desktop/compsci 760/datasets/O-/cluster_7_4538.BMP,ok,0.7433252427184466,74.33252427184466,False,normal,96,103,7350,9888,O-/cluster_7_4538.BMP,O-
/Users/a75027/Desktop/compsci 760/datasets/O-/cluster_7_4544.BMP,ok,0.6329894822006472,63.29894822006472,False,normal,96,103,6259,9888,O-/cluster_7_4544.BMP,O-
/Users/a75027/Desktop/compsci 760/datasets/O-/cluster_7_4556.BMP,ok,0.5927386731391586,59.273867313915865,False,normal,96,103,5861,9888,O-/cluster_7_4556.BMP,O-
/Users/a75027/Desktop/compsci 760/datasets/O-/cluster_7_4565.BMP,ok,0.7726537216828478,77.26537216828478,False,normal,96,103,7640,9888,O-/cluster_7_4565.BMP,O-
/Users/a75027/Desktop/compsci 760/datasets/O-/cluster_7_4583.BMP,ok,0.7463592233009708,74.63592233009709,False,normal,96,103,7380,9888,O-/cluster_7_4583.BMP,O-
/Users/a75027/Desktop/compsci 760/datasets/O-/cluster_7_4586.BMP,ok,0.6288430420711975,62.88430420711975,False,normal,96,103,6218,9888,O-/cluster_7_4586.BMP,O-
/Users/a75027/Desktop/compsci 760/datasets/O-/cluster_7_4588.BMP,ok,0.7564724919093851,75.64724919093851,False,normal,96,103,7480,9888,O-/cluster_7_4588.BMP,O-
/Users/a75027/Desktop/compsci 760/datasets/O-/cluster_7_4599.BMP,ok,0.6991302588996764,69.91302588996764,False,normal,96,103,6913,9888,O-/cluster_7_4599.BMP,O-
/Users/a75027/Desktop/compsci 760/datasets/O-/cluster_7_460.BMP,ok,0.6837580906148867,68.37580906148867,False,normal,96,103,6761,9888,O-/cluster_7_460.BMP,O-
/Users/a75027/Desktop/compsci 760/datasets/O-/cluster_7_4605.BMP,ok,0.820995145631068,82.0995145631068,False,normal,96,103,8118,9888,O-/cluster_7_4605.BMP,O-
/Users/a75027/Desktop/compsci 760/datasets/O-/cluster_7_4610.BMP,ok,0.779834142394822,77.9834142394822,False,normal,96,103,7711,9888,O-/cluster_7_4610.BMP,O-
/Users/a75027/Desktop/compsci 760/datasets/O-/cluster_7_4614.BMP,ok,0.7920711974110033,79.20711974110033,False,normal,96,103,7832,9888,O-/cluster_7_4614.BMP,O-
/Users/a75027/Desktop/compsci 760/datasets/O-/cluster_7_4620.BMP,ok,0.6955906148867314,69.55906148867314,False,normal,96,103,6878,9888,O-/cluster_7_4620.BMP,O-
/Users/a75027/Desktop/compsci 760/datasets/O-/cluster_7_4639.BMP,ok,0.8687297734627831,86.87297734627832,False,normal,96,103,8590,9888,O-/cluster_7_4639.BMP,O-
/Users/a75027/Desktop/compsci 760/datasets/O-/cluster_7_4666.BMP,ok,0.7221885113268608,72.21885113268608,False,normal,96,103,7141,9888,O-/cluster_7_4666.BMP,O-
/Users/a75027/Desktop/compsci 760/datasets/O-/cluster_7_4698.BMP,ok,0.6054813915857605,60.548139158576056,False,normal,96,103,5987,9888,O-/cluster_7_4698.BMP,O-
/Users/a75027/Desktop/compsci 760/datasets/O-/cluster_7_4710.BMP,ok,0.8102750809061489,81.02750809061489,False,normal,96,103,8012,9888,O-/cluster_7_4710.BMP,O-
/Users/a75027/Desktop/compsci 760/datasets/O-/cluster_7_4715.BMP,ok,0.7104571197411004,71.04571197411003,False,normal,96,103,7025,9888,O-/cluster_7_4715.BMP,O-
/Users/a75027/Desktop/compsci 760/datasets/O-/cluster_7_4719.BMP,ok,0.7296723300970874,72.96723300970875,False,normal,96,103,7215,9888,O-/cluster_7_4719.BMP,O-
/Users/a75027/Desktop/compsci 760/datasets/O-/cluster_7_4722.BMP,ok,0.7855987055016181,78.55987055016182,False,normal,96,103,7768,9888,O-/cluster_7_4722.BMP,O-
/Users/a75027/Desktop/compsci 760/datasets/O-/cluster_7_4737.BMP,ok,0.790453074433657,79.0453074433657,False,normal,96,103,7816,9888,O-/cluster_7_4737.BMP,O-
/Users/a75027/Desktop/compsci 760/datasets/O-/cluster_7_4739.BMP,ok,0.8225121359223301,82.25121359223301,False,normal,96,103,8133,9888,O-/cluster_7_4739.BMP,O-
/Users/a75027/Desktop/compsci 760/datasets/O-/cluster_7_4749.BMP,ok,0.7534385113268608,75.34385113268608,False,normal,96,103,7450,9888,O-/cluster_7_4749.BMP,O-
/Users/a75027/Desktop/compsci 760/datasets/O-/cluster_7_4771.BMP,ok,0.6769822006472492,67.69822006472492,False,normal,96,103,6694,9888,O-/cluster_7_4771.BMP,O-
/Users/a75027/Desktop/compsci 760/datasets/O-/cluster_7_4776.BMP,ok,0.7285598705501618,72.85598705501619,False,normal,96,103,7204,9888,O-/cluster_7_4776.BMP,O-
/Users/a75027/Desktop/compsci 760/datasets/O-/cluster_7_4778.BMP,ok,0.6775889967637541,67.7588996763754,False,normal,96,103,6700,9888,O-/cluster_7_4778.BMP,O-
/Users/a75027/Desktop/compsci 760/datasets/O-/cluster_7_4784.BMP,ok,0.6829490291262136,68.29490291262135,False,normal,96,103,6753,9888,O-/cluster_7_4784.BMP,O-
/Users/a75027/Desktop/compsci 760/datasets/O-/cluster_7_4793.BMP,ok,0.7603107855969256,76.03107855969256,False,normal,241,298,54604,71818,O-/cluster_7_4793.BMP,O-
/Users/a75027/Desktop/compsci 760/datasets/O-/cluster_7_4796.BMP,ok,0.5773665048543689,57.73665048543689,False,normal,96,103,5709,9888,O-/cluster_7_4796.BMP,O-
/Users/a75027/Desktop/compsci 760/datasets/O-/cluster_7_48.BMP,ok,0.5998179611650486,59.98179611650486,False,normal,96,103,5931,9888,O-/cluster_7_48.BMP,O-
/Users/a75027/Desktop/compsci 760/datasets/O-/cluster_7_4825.BMP,ok,0.8280744336569579,82.80744336569579,False,normal,96,103,8188,9888,O-/cluster_7_4825.BMP,O-
/Users/a75027/Desktop/compsci 760/datasets/O-/cluster_7_483.BMP,ok,0.6463389967637541,64.6338996763754,False,normal,96,103,6391,9888,O-/cluster_7_483.BMP,O-
/Users/a75027/Desktop/compsci 760/datasets/O-/cluster_7_4836.BMP,ok,0.7327063106796117,73.27063106796116,False,normal,96,103,7245,9888,O-/cluster_7_4836.BMP,O-
/Users/a75027/Desktop/compsci 760/datasets/O-/cluster_7_4847.BMP,ok,0.8288834951456311,82.8883495145631,False,normal,96,103,8196,9888,O-/cluster_7_4847.BMP,O-
/Users/a75027/Desktop/compsci 760/datasets/O-/cluster_7_4858.BMP,ok,0.7848907766990292,78.48907766990291,False,normal,96,103,7761,9888,O-/cluster_7_4858.BMP,O-
/Users/a75027/Desktop/compsci 760/datasets/O-/cluster_7_489.BMP,ok,0.7292677993527508,72.92677993527508,False,normal,96,103,7211,9888,O-/cluster_7_489.BMP,O-
/Users/a75027/Desktop/compsci 760/datasets/O-/cluster_7_4918.BMP,ok,0.6659587378640777,66.59587378640776,False,normal,96,103,6585,9888,O-/cluster_7_4918.BMP,O-
/Users/a75027/Desktop/compsci 760/datasets/O-/cluster_7_4921.BMP,ok,0.6430016181229773,64.30016181229773,False,normal,96,103,6358,9888,O-/cluster_7_4921.BMP,O-
/Users/a75027/Desktop/compsci 760/datasets/O-/cluster_7_4923.BMP,ok,0.7591019417475728,75.91019417475728,False,normal,96,103,7506,9888,O-/cluster_7_4923.BMP,O-
/Users/a75027/Desktop/compsci 760/datasets/O-/cluster_7_4929.BMP,ok,0.6883650338355287,68.83650338355287,False,normal,241,298,49437,71818,O-/cluster_7_4929.BMP,O-
/Users/a75027/Desktop/compsci 760/datasets/O-/cluster_7_493.BMP,ok,0.7531351132686084,75.31351132686083,False,normal,96,103,7447,9888,O-/cluster_7_493.BMP,O-
/Users/a75027/Desktop/compsci 760/datasets/O-/cluster_7_4939.BMP,ok,0.8018810679611651,80.18810679611651,False,normal,96,103,7929,9888,O-/cluster_7_4939.BMP,O-
/Users/a75027/Desktop/compsci 760/datasets/O-/cluster_7_4950.BMP,ok,0.7269417475728155,72.69417475728154,False,normal,96,103,7188,9888,O-/cluster_7_4950.BMP,O-
/Users/a75027/Desktop/compsci 760/datasets/O-/cluster_7_4954.BMP,ok,0.7726537216828478,77.26537216828478,False,normal,96,103,7640,9888,O-/cluster_7_4954.BMP,O-
/Users/a75027/Desktop/compsci 760/datasets/O-/cluster_7_4977.BMP,ok,0.7501011326860841,75.01011326860841,False,normal,96,103,7417,9888,O-/cluster_7_4977.BMP,O-
/Users/a75027/Desktop/compsci 760/datasets/O-/cluster_7_4979.BMP,ok,0.7261326860841424,72.61326860841424,False,normal,96,103,7180,9888,O-/cluster_7_4979.BMP,O-
/Users/a75027/Desktop/compsci 760/datasets/O-/cluster_7_4983.BMP,ok,0.8536610032362459,85.3661003236246,False,normal,96,103,8441,9888,O-/cluster_7_4983.BMP,O-
/Users/a75027/Desktop/compsci 760/datasets/O-/cluster_7_4987.BMP,ok,0.7878236245954693,78.78236245954693,False,normal,96,103,7790,9888,O-/cluster_7_4987.BMP,O-
/Users/a75027/Desktop/compsci 760/datasets/O-/cluster_7_499.BMP,ok,0.7285598705501618,72.85598705501619,False,normal,96,103,7204,9888,O-/cluster_7_499.BMP,O-
/Users/a75027/Desktop/compsci 760/datasets/O-/cluster_7_4995.BMP,ok,0.6237864077669902,62.37864077669902,False,normal,96,103,6168,9888,O-/cluster_7_4995.BMP,O-
/Users/a75027/Desktop/compsci 760/datasets/O-/cluster_7_5021.BMP,ok,0.6366302588996764,63.66302588996764,False,normal,96,103,6295,9888,O-/cluster_7_5021.BMP,O-
/Users/a75027/Desktop/compsci 760/datasets/O-/cluster_7_5022.BMP,ok,0.5902103559870551,59.02103559870551,False,normal,96,103,5836,9888,O-/cluster_7_5022.BMP,O-
/Users/a75027/Desktop/compsci 760/datasets/O-/cluster_7_5034.BMP,ok,0.8363673139158576,83.63673139158576,False,normal,96,103,8270,9888,O-/cluster_7_5034.BMP,O-
/Users/a75027/Desktop/compsci 760/datasets/O-/cluster_7_5036.BMP,ok,0.6367313915857605,63.673139158576056,False,normal,96,103,6296,9888,O-/cluster_7_5036.BMP,O-
/Users/a75027/Desktop/compsci 760/datasets/O-/cluster_7_5040.BMP,ok,0.6941747572815534,69.41747572815534,False,normal,96,103,6864,9888,O-/cluster_7_5040.BMP,O-
/Users/a75027/Desktop/compsci 760/datasets/O-/cluster_7_5056.BMP,ok,0.7191545307443366,71.91545307443366,False,normal,96,103,7111,9888,O-/cluster_7_5056.BMP,O-
/Users/a75027/Desktop/compsci 760/datasets/O-/cluster_7_5059.BMP,ok,0.6503843042071198,65.03843042071198,False,normal,96,103,6431,9888,O-/cluster_7_5059.BMP,O-
/Users/a75027/Desktop/compsci 760/datasets/O-/cluster_7_5068.BMP,ok,0.6323826860841424,63.23826860841424,False,normal,96,103,6253,9888,O-/cluster_7_5068.BMP,O-
/Users/a75027/Desktop/compsci 760/datasets/O-/cluster_7_5080.BMP,ok,0.7902508090614887,79.02508090614887,False,normal,96,103,7814,9888,O-/cluster_7_5080.BMP,O-
/Users/a75027/Desktop/compsci 760/datasets/O-/cluster_7_511.BMP,ok,0.8812702265372169,88.12702265372168,False,normal,96,103,8714,9888,O-/cluster_7_511.BMP,O-
/Users/a75027/Desktop/compsci 760/datasets/O-/cluster_7_5111.BMP,ok,0.6247977346278317,62.47977346278317,False,normal,96,103,6178,9888,O-/cluster_7_5111.BMP,O-
/Users/a75027/Desktop/compsci 760/datasets/O-/cluster_7_5113.BMP,ok,0.7035800970873787,70.35800970873787,False,normal,96,103,6957,9888,O-/cluster_7_5113.BMP,O-
/Users/a75027/Desktop/compsci 760/datasets/O-/cluster_7_5132.BMP,ok,0.8212985436893204,82.12985436893204,False,normal,96,103,8121,9888,O-/cluster_7_5132.BMP,O-
/Users/a75027/Desktop/compsci 760/datasets/O-/cluster_7_5133.BMP,ok,0.6639360841423948,66.39360841423948,False,normal,96,103,6565,9888,O-/cluster_7_5133.BMP,O-
/Users/a75027/Desktop/compsci 760/datasets/O-/cluster_7_5150.BMP,ok,0.5377224919093851,53.77224919093852,False,normal,96,103,5317,9888,O-/cluster_7_5150.BMP,O-
/Users/a75027/Desktop/compsci 760/datasets/O-/cluster_7_5154.BMP,ok,0.5246763754045307,52.46763754045307,False,normal,96,103,5188,9888,O-/cluster_7_5154.BMP,O-
/Users/a75027/Desktop/compsci 760/datasets/O-/cluster_7_5157.BMP,ok,0.7438309061488673,74.38309061488673,False,normal,96,103,7355,9888,O-/cluster_7_5157.BMP,O-
/Users/a75027/Desktop/compsci 760/datasets/O-/cluster_7_5159.BMP,ok,0.7178398058252428,71.78398058252428,False,normal,96,103,7098,9888,O-/cluster_7_5159.BMP,O-
/Users/a75027/Desktop/compsci 760/datasets/O-/cluster_7_519.BMP,ok,0.7181208053691275,71.81208053691275,False,normal,241,298,51574,71818,O-/cluster_7_519.BMP,O-
/Users/a75027/Desktop/compsci 760/datasets/O-/cluster_7_5207.BMP,ok,0.7035800970873787,70.35800970873787,False,normal,96,103,6957,9888,O-/cluster_7_5207.BMP,O-
/Users/a75027/Desktop/compsci 760/datasets/O-/cluster_7_5237.BMP,ok,0.7522249190938511,75.22249190938511,False,normal,96,103,7438,9888,O-/cluster_7_5237.BMP,O-
/Users/a75027/Desktop/compsci 760/datasets/O-/cluster_7_5242.BMP,ok,0.7725525889967637,77.25525889967638,False,normal,96,103,7639,9888,O-/cluster_7_5242.BMP,O-
/Users/a75027/Desktop/compsci 760/datasets/O-/cluster_7_5300.BMP,ok,0.7127831715210357,71.27831715210357,False,normal,96,103,7048,9888,O-/cluster_7_5300.BMP,O-
/Users/a75027/Desktop/compsci 760/datasets/O-/cluster_7_5303.BMP,ok,0.7588996763754046,75.88996763754045,False,normal,96,103,7504,9888,O-/cluster_7_5303.BMP,O-
/Users/a75027/Desktop/compsci 760/datasets/O-/cluster_7_5304.BMP,ok,0.7603155339805825,76.03155339805825,False,normal,96,103,7518,9888,O-/cluster_7_5304.BMP,O-
/Users/a75027/Desktop/compsci 760/datasets/O-/cluster_7_5311.BMP,ok,0.722997572815534,72.2997572815534,False,normal,96,103,7149,9888,O-/cluster_7_5311.BMP,O-
/Users/a75027/Desktop/compsci 760/datasets/O-/cluster_7_5315.BMP,ok,0.8358616504854369,83.58616504854369,False,normal,96,103,8265,9888,O-/cluster_7_5315.BMP,O-
/Users/a75027/Desktop/compsci 760/datasets/O-/cluster_7_5320.BMP,ok,0.7343244336569579,73.43244336569579,False,normal,96,103,7261,9888,O-/cluster_7_5320.BMP,O-
/Users/a75027/Desktop/compsci 760/datasets/O-/cluster_7_5325.BMP,ok,0.7317961165048543,73.17961165048543,False,normal,96,103,7236,9888,O-/cluster_7_5325.BMP,O-
/Users/a75027/Desktop/compsci 760/datasets/O-/cluster_7_5326.BMP,ok,0.7827669902912622,78.27669902912622,False,normal,96,103,7740,9888,O-/cluster_7_5326.BMP,O-
/Users/a75027/Desktop/compsci 760/datasets/O-/cluster_7_5328.BMP,ok,0.7248179611650486,72.48179611650485,False,normal,96,103,7167,9888,O-/cluster_7_5328.BMP,O-
/Users/a75027/Desktop/compsci 760/datasets/O-/cluster_7_5351.BMP,ok,0.7519215210355987,75.19215210355988,False,normal,96,103,7435,9888,O-/cluster_7_5351.BMP,O-
/Users/a75027/Desktop/compsci 760/datasets/O-/cluster_7_538.BMP,ok,0.676173139158576,67.61731391585761,False,normal,96,103,6686,9888,O-/cluster_7_538.BMP,O-
/Users/a75027/Desktop/compsci 760/datasets/O-/cluster_7_5380.BMP,ok,0.6596885113268608,65.96885113268608,False,normal,96,103,6523,9888,O-/cluster_7_5380.BMP,O-
/Users/a75027/Desktop/compsci 760/datasets/O-/cluster_7_5391.BMP,ok,0.6789037216828478,67.89037216828478,False,normal,96,103,6713,9888,O-/cluster_7_5391.BMP,O-
/Users/a75027/Desktop/compsci 760/datasets/O-/cluster_7_541.BMP,ok,0.6943770226537217,69.43770226537217,False,normal,96,103,6866,9888,O-/cluster_7_541.BMP,O-
/Users/a75027/Desktop/compsci 760/datasets/O-/cluster_7_5412.BMP,ok,0.6979166666666666,69.79166666666666,False,normal,96,103,6901,9888,O-/cluster_7_5412.BMP,O-
/Users/a75027/Desktop/compsci 760/datasets/O-/cluster_7_5415.BMP,ok,0.6474514563106796,64.74514563106796,False,normal,96,103,6402,9888,O-/cluster_7_5415.BMP,O-
/Users/a75027/Desktop/compsci 760/datasets/O-/cluster_7_5419.BMP,ok,0.7250202265372169,72.50202265372168,False,normal,96,103,7169,9888,O-/cluster_7_5419.BMP,O-
/Users/a75027/Desktop/compsci 760/datasets/O-/cluster_7_5429.BMP,ok,0.6893203883495146,68.93203883495146,False,normal,96,103,6816,9888,O-/cluster_7_5429.BMP,O-
/Users/a75027/Desktop/compsci 760/datasets/O-/cluster_7_5439.BMP,ok,0.6765776699029126,67.65776699029125,False,normal,96,103,6690,9888,O-/cluster_7_5439.BMP,O-
/Users/a75027/Desktop/compsci 760/datasets/O-/cluster_7_5447.BMP,ok,0.6109053440641622,61.09053440641622,False,normal,241,298,43874,71818,O-/cluster_7_5447.BMP,O-
/Users/a75027/Desktop/compsci 760/datasets/O-/cluster_7_5457.BMP,ok,0.7323017799352751,73.23017799352752,False,normal,96,103,7241,9888,O-/cluster_7_5457.BMP,O-
/Users/a75027/Desktop/compsci 760/datasets/O-/cluster_7_5470.BMP,ok,0.7661812297734628,76.61812297734627,False,normal,96,103,7576,9888,O-/cluster_7_5470.BMP,O-
/Users/a75027/Desktop/compsci 760/datasets/O-/cluster_7_549.BMP,ok,0.7312904530744336,73.12904530744336,False,normal,96,103,7231,9888,O-/cluster_7_549.BMP,O-
/Users/a75027/Desktop/compsci 760/datasets/O-/cluster_7_5494.BMP,ok,0.7212783171521036,72.12783171521036,False,normal,96,103,7132,9888,O-/cluster_7_5494.BMP,O-
/Users/a75027/Desktop/compsci 760/datasets/O-/cluster_7_5500.BMP,ok,0.7326051779935275,73.26051779935275,False,normal,96,103,7244,9888,O-/cluster_7_5500.BMP,O-
/Users/a75027/Desktop/compsci 760/datasets/O-/cluster_7_552.BMP,ok,0.847997572815534,84.7997572815534,False,normal,96,103,8385,9888,O-/cluster_7_552.BMP,O-
/Users/a75027/Desktop/compsci 760/datasets/O-/cluster_7_5528.BMP,ok,0.7020631067961165,70.20631067961165,False,normal,96,103,6942,9888,O-/cluster_7_5528.BMP,O-
/Users/a75027/Desktop/compsci 760/datasets/O-/cluster_7_5544.BMP,ok,0.7219862459546925,72.19862459546925,False,normal,96,103,7139,9888,O-/cluster_7_5544.BMP,O-
/Users/a75027/Desktop/compsci 760/datasets/O-/cluster_7_5548.BMP,ok,0.6440129449838188,64.40129449838187,False,normal,96,103,6368,9888,O-/cluster_7_5548.BMP,O-
/Users/a75027/Desktop/compsci 760/datasets/O-/cluster_7_5555.BMP,ok,0.6859830097087378,68.59830097087378,False,normal,96,103,6783,9888,O-/cluster_7_5555.BMP,O-
/Users/a75027/Desktop/compsci 760/datasets/O-/cluster_7_5557.BMP,ok,0.7779126213592233,77.79126213592234,False,normal,96,103,7692,9888,O-/cluster_7_5557.BMP,O-
/Users/a75027/Desktop/compsci 760/datasets/O-/cluster_7_5558.BMP,ok,0.7855987055016181,78.55987055016182,False,normal,96,103,7768,9888,O-/cluster_7_5558.BMP,O-
/Users/a75027/Desktop/compsci 760/datasets/O-/cluster_7_5572.BMP,ok,0.721581715210356,72.1581715210356,False,normal,96,103,7135,9888,O-/cluster_7_5572.BMP,O-
/Users/a75027/Desktop/compsci 760/datasets/O-/cluster_7_5584.BMP,ok,0.6944781553398058,69.44781553398059,False,normal,96,103,6867,9888,O-/cluster_7_5584.BMP,O-
/Users/a75027/Desktop/compsci 760/datasets/O-/cluster_7_5585.BMP,ok,0.6657564724919094,66.57564724919094,False,normal,96,103,6583,9888,O-/cluster_7_5585.BMP,O-
/Users/a75027/Desktop/compsci 760/datasets/O-/cluster_7_5588.BMP,ok,0.761326860841424,76.13268608414239,False,normal,96,103,7528,9888,O-/cluster_7_5588.BMP,O-
/Users/a75027/Desktop/compsci 760/datasets/O-/cluster_7_5610.BMP,ok,0.7317961165048543,73.17961165048543,False,normal,96,103,7236,9888,O-/cluster_7_5610.BMP,O-
/Users/a75027/Desktop/compsci 760/datasets/O-/cluster_7_5615.BMP,ok,0.7169296116504854,71.69296116504854,False,normal,96,103,7089,9888,O-/cluster_7_5615.BMP,O-
/Users/a75027/Desktop/compsci 760/datasets/O-/cluster_7_5617.BMP,ok,0.7007483818770227,70.07483818770227,False,normal,96,103,6929,9888,O-/cluster_7_5617.BMP,O-
/Users/a75027/Desktop/compsci 760/datasets/O-/cluster_7_562.BMP,ok,0.7217839805825242,72.17839805825243,False,normal,96,103,7137,9888,O-/cluster_7_562.BMP,O-
/Users/a75027/Desktop/compsci 760/datasets/O-/cluster_7_5648.BMP,ok,0.7377629449838188,73.77629449838187,False,normal,96,103,7295,9888,O-/cluster_7_5648.BMP,O-
/Users/a75027/Desktop/compsci 760/datasets/O-/cluster_7_5655.BMP,ok,1.0,100.0,True,coverage_too_high,96,103,9888,9888,O-/cluster_7_5655.BMP,O-
/Users/a75027/Desktop/compsci 760/datasets/O-/cluster_7_5656.BMP,ok,0.754247572815534,75.4247572815534,False,normal,96,103,7458,9888,O-/cluster_7_5656.BMP,O-
/Users/a75027/Desktop/compsci 760/datasets/O-/cluster_7_5664.BMP,ok,0.6496763754045307,64.96763754045307,False,normal,96,103,6424,9888,O-/cluster_7_5664.BMP,O-
/Users/a75027/Desktop/compsci 760/datasets/O-/cluster_7_5684.BMP,ok,0.6738470873786407,67.38470873786407,False,normal,96,103,6663,9888,O-/cluster_7_5684.BMP,O-
/Users/a75027/Desktop/compsci 760/datasets/O-/cluster_7_5696.BMP,ok,0.7458535598705501,74.58535598705501,False,normal,96,103,7375,9888,O-/cluster_7_5696.BMP,O-
/Users/a75027/Desktop/compsci 760/datasets/O-/cluster_7_57.BMP,ok,0.7517192556634305,75.17192556634305,False,normal,96,103,7433,9888,O-/cluster_7_57.BMP,O-
/Users/a75027/Desktop/compsci 760/datasets/O-/cluster_7_5700.BMP,ok,0.7290655339805825,72.90655339805825,False,normal,96,103,7209,9888,O-/cluster_7_5700.BMP,O-
/Users/a75027/Desktop/compsci 760/datasets/O-/cluster_7_571.BMP,ok,0.7696197411003236,76.96197411003236,False,normal,96,103,7610,9888,O-/cluster_7_571.BMP,O-
/Users/a75027/Desktop/compsci 760/datasets/O-/cluster_7_5719.BMP,ok,0.723705501618123,72.3705501618123,False,normal,96,103,7156,9888,O-/cluster_7_5719.BMP,O-
/Users/a75027/Desktop/compsci 760/datasets/O-/cluster_7_5727.BMP,ok,0.7412014563106796,74.12014563106796,False,normal,96,103,7329,9888,O-/cluster_7_5727.BMP,O-
/Users/a75027/Desktop/compsci 760/datasets/O-/cluster_7_5729.BMP,ok,0.7190533980582524,71.90533980582524,False,normal,96,103,7110,9888,O-/cluster_7_5729.BMP,O-
/Users/a75027/Desktop/compsci 760/datasets/O-/cluster_7_5748.BMP,ok,0.8293891585760518,82.93891585760518,False,normal,96,103,8201,9888,O-/cluster_7_5748.BMP,O-
/Users/a75027/Desktop/compsci 760/datasets/O-/cluster_7_5753.BMP,ok,0.6695995145631068,66.95995145631069,False,normal,96,103,6621,9888,O-/cluster_7_5753.BMP,O-
/Users/a75027/Desktop/compsci 760/datasets/O-/cluster_7_5758.BMP,ok,0.700950647249191,70.0950647249191,False,normal,96,103,6931,9888,O-/cluster_7_5758.BMP,O-
/Users/a75027/Desktop/compsci 760/datasets/O-/cluster_7_5772.BMP,ok,0.7627427184466019,76.27427184466019,False,normal,96,103,7542,9888,O-/cluster_7_5772.BMP,O-
/Users/a75027/Desktop/compsci 760/datasets/O-/cluster_7_5773.BMP,ok,0.7245145631067961,72.4514563106796,False,normal,96,103,7164,9888,O-/cluster_7_5773.BMP,O-
/Users/a75027/Desktop/compsci 760/datasets/O-/cluster_7_5776.BMP,ok,0.6915453074433657,69.15453074433657,False,normal,96,103,6838,9888,O-/cluster_7_5776.BMP,O-
/Users/a75027/Desktop/compsci 760/datasets/O-/cluster_7_5791.BMP,ok,0.7190533980582524,71.90533980582524,False,normal,96,103,7110,9888,O-/cluster_7_5791.BMP,O-
/Users/a75027/Desktop/compsci 760/datasets/O-/cluster_7_5793.BMP,ok,0.7648665048543689,76.4866504854369,False,normal,96,103,7563,9888,O-/cluster_7_5793.BMP,O-
/Users/a75027/Desktop/compsci 760/datasets/O-/cluster_7_5795.BMP,ok,0.8114886731391586,81.14886731391586,False,normal,96,103,8024,9888,O-/cluster_7_5795.BMP,O-
/Users/a75027/Desktop/compsci 760/datasets/O-/cluster_7_580.BMP,ok,0.6991302588996764,69.91302588996764,False,normal,96,103,6913,9888,O-/cluster_7_580.BMP,O-
/Users/a75027/Desktop/compsci 760/datasets/O-/cluster_7_5826.BMP,ok,0.8598300970873787,85.98300970873787,False,normal,96,103,8502,9888,O-/cluster_7_5826.BMP,O-
/Users/a75027/Desktop/compsci 760/datasets/O-/cluster_7_5829.BMP,ok,0.6640372168284789,66.40372168284789,False,normal,96,103,6566,9888,O-/cluster_7_5829.BMP,O-
/Users/a75027/Desktop/compsci 760/datasets/O-/cluster_7_5831.BMP,ok,0.7334142394822006,73.34142394822007,False,normal,96,103,7252,9888,O-/cluster_7_5831.BMP,O-
/Users/a75027/Desktop/compsci 760/datasets/O-/cluster_7_5837.BMP,ok,0.7031755663430421,70.31755663430421,False,normal,96,103,6953,9888,O-/cluster_7_5837.BMP,O-
/Users/a75027/Desktop/compsci 760/datasets/O-/cluster_7_5846.BMP,ok,0.7887338187702265,78.87338187702265,False,normal,96,103,7799,9888,O-/cluster_7_5846.BMP,O-
/Users/a75027/Desktop/compsci 760/datasets/O-/cluster_7_5853.BMP,ok,0.7582928802588996,75.82928802588997,False,normal,96,103,7498,9888,O-/cluster_7_5853.BMP,O-
/Users/a75027/Desktop/compsci 760/datasets/O-/cluster_7_5855.BMP,ok,0.7169296116504854,71.69296116504854,False,normal,96,103,7089,9888,O-/cluster_7_5855.BMP,O-
/Users/a75027/Desktop/compsci 760/datasets/O-/cluster_7_5859.BMP,ok,0.8041059870550162,80.41059870550163,False,normal,96,103,7951,9888,O-/cluster_7_5859.BMP,O-
/Users/a75027/Desktop/compsci 760/datasets/O-/cluster_7_5863.BMP,ok,0.727953074433657,72.7953074433657,False,normal,96,103,7198,9888,O-/cluster_7_5863.BMP,O-
/Users/a75027/Desktop/compsci 760/datasets/O-/cluster_7_5866.BMP,ok,0.7261326860841424,72.61326860841424,False,normal,96,103,7180,9888,O-/cluster_7_5866.BMP,O-
/Users/a75027/Desktop/compsci 760/datasets/O-/cluster_7_5867.BMP,ok,0.7577872168284789,75.77872168284789,False,normal,96,103,7493,9888,O-/cluster_7_5867.BMP,O-
/Users/a75027/Desktop/compsci 760/datasets/O-/cluster_7_5879.BMP,ok,0.7779126213592233,77.79126213592234,False,normal,96,103,7692,9888,O-/cluster_7_5879.BMP,O-
/Users/a75027/Desktop/compsci 760/datasets/O-/cluster_7_5889.BMP,ok,0.6580703883495146,65.80703883495146,False,normal,96,103,6507,9888,O-/cluster_7_5889.BMP,O-
/Users/a75027/Desktop/compsci 760/datasets/O-/cluster_7_5893.BMP,ok,0.7900485436893204,79.00485436893204,False,normal,96,103,7812,9888,O-/cluster_7_5893.BMP,O-
/Users/a75027/Desktop/compsci 760/datasets/O-/cluster_7_5899.BMP,ok,0.7645631067961165,76.45631067961165,False,normal,96,103,7560,9888,O-/cluster_7_5899.BMP,O-
/Users/a75027/Desktop/compsci 760/datasets/O-/cluster_7_5900.BMP,ok,0.7860032362459547,78.60032362459548,False,normal,96,103,7772,9888,O-/cluster_7_5900.BMP,O-
/Users/a75027/Desktop/compsci 760/datasets/O-/cluster_7_5906.BMP,ok,0.7202669902912622,72.02669902912622,False,normal,96,103,7122,9888,O-/cluster_7_5906.BMP,O-
/Users/a75027/Desktop/compsci 760/datasets/O-/cluster_7_591.BMP,ok,0.6435072815533981,64.35072815533981,False,normal,96,103,6363,9888,O-/cluster_7_591.BMP,O-
/Users/a75027/Desktop/compsci 760/datasets/O-/cluster_7_5912.BMP,ok,0.7027710355987055,70.27710355987054,False,normal,96,103,6949,9888,O-/cluster_7_5912.BMP,O-
/Users/a75027/Desktop/compsci 760/datasets/O-/cluster_7_5914.BMP,ok,0.5096076051779935,50.96076051779935,False,normal,96,103,5039,9888,O-/cluster_7_5914.BMP,O-
/Users/a75027/Desktop/compsci 760/datasets/O-/cluster_7_5932.BMP,ok,0.7099514563106796,70.99514563106796,False,normal,96,103,7020,9888,O-/cluster_7_5932.BMP,O-
/Users/a75027/Desktop/compsci 760/datasets/O-/cluster_7_5934.BMP,ok,0.8294902912621359,82.94902912621359,False,normal,96,103,8202,9888,O-/cluster_7_5934.BMP,O-
/Users/a75027/Desktop/compsci 760/datasets/O-/cluster_7_5940.BMP,ok,0.7077265372168284,70.77265372168284,False,normal,96,103,6998,9888,O-/cluster_7_5940.BMP,O-
/Users/a75027/Desktop/compsci 760/datasets/O-/cluster_7_5942.BMP,ok,0.8066343042071198,80.66343042071198,False,normal,96,103,7976,9888,O-/cluster_7_5942.BMP,O-
/Users/a75027/Desktop/compsci 760/datasets/O-/cluster_7_5943.BMP,ok,0.7525283171521036,75.25283171521036,False,normal,96,103,7441,9888,O-/cluster_7_5943.BMP,O-
/Users/a75027/Desktop/compsci 760/datasets/O-/cluster_7_5944.BMP,ok,0.3014765372168285,30.14765372168285,False,normal,96,103,2981,9888,O-/cluster_7_5944.BMP,O-
/Users/a75027/Desktop/compsci 760/datasets/O-/cluster_7_5952.BMP,ok,0.6995347896440129,69.9534789644013,False,normal,96,103,6917,9888,O-/cluster_7_5952.BMP,O-
/Users/a75027/Desktop/compsci 760/datasets/O-/cluster_7_5958.BMP,ok,0.7661812297734628,76.61812297734627,False,normal,96,103,7576,9888,O-/cluster_7_5958.BMP,O-
/Users/a75027/Desktop/compsci 760/datasets/O-/cluster_7_5959.BMP,ok,0.6750606796116505,67.50606796116504,False,normal,96,103,6675,9888,O-/cluster_7_5959.BMP,O-
/Users/a75027/Desktop/compsci 760/datasets/O-/cluster_7_5960.BMP,ok,0.7493932038834952,74.93932038834951,False,normal,96,103,7410,9888,O-/cluster_7_5960.BMP,O-
/Users/a75027/Desktop/compsci 760/datasets/O-/cluster_7_5962.BMP,ok,0.6262135922330098,62.62135922330098,False,normal,96,103,6192,9888,O-/cluster_7_5962.BMP,O-
/Users/a75027/Desktop/compsci 760/datasets/O-/cluster_7_5965.BMP,ok,0.6830501618122977,68.30501618122977,False,normal,96,103,6754,9888,O-/cluster_7_5965.BMP,O-
/Users/a75027/Desktop/compsci 760/datasets/O-/cluster_7_5967.BMP,ok,0.23584142394822005,23.584142394822006,False,normal,96,103,2332,9888,O-/cluster_7_5967.BMP,O-
/Users/a75027/Desktop/compsci 760/datasets/O-/cluster_7_5969.BMP,ok,0.8368729773462783,83.68729773462783,False,normal,96,103,8275,9888,O-/cluster_7_5969.BMP,O-
/Users/a75027/Desktop/compsci 760/datasets/O-/cluster_7_5975.BMP,ok,0.6545307443365695,65.45307443365695,False,normal,96,103,6472,9888,O-/cluster_7_5975.BMP,O-
/Users/a75027/Desktop/compsci 760/datasets/O-/cluster_7_5976.BMP,ok,0.7393810679611651,73.93810679611651,False,normal,96,103,7311,9888,O-/cluster_7_5976.BMP,O-
/Users/a75027/Desktop/compsci 760/datasets/O-/cluster_7_5979.BMP,ok,0.7066140776699029,70.6614077669903,False,normal,96,103,6987,9888,O-/cluster_7_5979.BMP,O-
/Users/a75027/Desktop/compsci 760/datasets/O-/cluster_7_5986.BMP,ok,0.584546925566343,58.4546925566343,False,normal,96,103,5780,9888,O-/cluster_7_5986.BMP,O-
/Users/a75027/Desktop/compsci 760/datasets/O-/cluster_7_604.BMP,ok,0.6965008090614887,69.65008090614887,False,normal,96,103,6887,9888,O-/cluster_7_604.BMP,O-
/Users/a75027/Desktop/compsci 760/datasets/O-/cluster_7_607.BMP,ok,0.6505865695792881,65.0586569579288,False,normal,96,103,6433,9888,O-/cluster_7_607.BMP,O-
/Users/a75027/Desktop/compsci 760/datasets/O-/cluster_7_610.BMP,ok,0.8486043689320388,84.86043689320388,False,normal,96,103,8391,9888,O-/cluster_7_610.BMP,O-
/Users/a75027/Desktop/compsci 760/datasets/O-/cluster_7_612.BMP,ok,0.6629247572815534,66.29247572815534,False,normal,96,103,6555,9888,O-/cluster_7_612.BMP,O-
/Users/a75027/Desktop/compsci 760/datasets/O-/cluster_7_625.BMP,ok,0.23341423948220064,23.341423948220065,False,normal,96,103,2308,9888,O-/cluster_7_625.BMP,O-
/Users/a75027/Desktop/compsci 760/datasets/O-/cluster_7_631.BMP,ok,0.6858818770226537,68.58818770226537,False,normal,96,103,6782,9888,O-/cluster_7_631.BMP,O-
/Users/a75027/Desktop/compsci 760/datasets/O-/cluster_7_636.BMP,ok,0.7654733009708737,76.54733009708737,False,normal,96,103,7569,9888,O-/cluster_7_636.BMP,O-
/Users/a75027/Desktop/compsci 760/datasets/O-/cluster_7_643.BMP,ok,0.4664239482200647,46.64239482200647,False,normal,96,103,4612,9888,O-/cluster_7_643.BMP,O-
/Users/a75027/Desktop/compsci 760/datasets/O-/cluster_7_649.BMP,ok,0.7191545307443366,71.91545307443366,False,normal,96,103,7111,9888,O-/cluster_7_649.BMP,O-
/Users/a75027/Desktop/compsci 760/datasets/O-/cluster_7_65.BMP,ok,0.69457928802589,69.457928802589,False,normal,96,103,6868,9888,O-/cluster_7_65.BMP,O-
/Users/a75027/Desktop/compsci 760/datasets/O-/cluster_7_653.BMP,ok,1.0,100.0,True,coverage_too_high,96,103,9888,9888,O-/cluster_7_653.BMP,O-
/Users/a75027/Desktop/compsci 760/datasets/O-/cluster_7_654.BMP,ok,0.7714401294498382,77.14401294498381,False,normal,96,103,7628,9888,O-/cluster_7_654.BMP,O-
/Users/a75027/Desktop/compsci 760/datasets/O-/cluster_7_664.BMP,ok,0.7985436893203883,79.85436893203884,False,normal,96,103,7896,9888,O-/cluster_7_664.BMP,O-
/Users/a75027/Desktop/compsci 760/datasets/O-/cluster_7_666.BMP,ok,0.6883090614886731,68.83090614886731,False,normal,96,103,6806,9888,O-/cluster_7_666.BMP,O-
/Users/a75027/Desktop/compsci 760/datasets/O-/cluster_7_668.BMP,ok,0.7015574433656958,70.15574433656958,False,normal,96,103,6937,9888,O-/cluster_7_668.BMP,O-
/Users/a75027/Desktop/compsci 760/datasets/O-/cluster_7_677.BMP,ok,0.7233009708737864,72.33009708737865,False,normal,96,103,7152,9888,O-/cluster_7_677.BMP,O-
/Users/a75027/Desktop/compsci 760/datasets/O-/cluster_7_68.BMP,ok,0.7743729773462783,77.43729773462783,False,normal,96,103,7657,9888,O-/cluster_7_68.BMP,O-
/Users/a75027/Desktop/compsci 760/datasets/O-/cluster_7_691.BMP,ok,0.7108616504854369,71.08616504854369,False,normal,96,103,7029,9888,O-/cluster_7_691.BMP,O-
/Users/a75027/Desktop/compsci 760/datasets/O-/cluster_7_697.BMP,ok,0.589406555459634,58.9406555459634,False,normal,241,298,42330,71818,O-/cluster_7_697.BMP,O-
/Users/a75027/Desktop/compsci 760/datasets/O-/cluster_7_702.BMP,ok,0.7585962783171522,75.85962783171522,False,normal,96,103,7501,9888,O-/cluster_7_702.BMP,O-
/Users/a75027/Desktop/compsci 760/datasets/O-/cluster_7_712.BMP,ok,0.7870145631067961,78.7014563106796,False,normal,96,103,7782,9888,O-/cluster_7_712.BMP,O-
/Users/a75027/Desktop/compsci 760/datasets/O-/cluster_7_715.BMP,ok,0.7105582524271845,71.05582524271846,False,normal,96,103,7026,9888,O-/cluster_7_715.BMP,O-
/Users/a75027/Desktop/compsci 760/datasets/O-/cluster_7_729.BMP,ok,0.7593042071197411,75.93042071197411,False,normal,96,103,7508,9888,O-/cluster_7_729.BMP,O-
/Users/a75027/Desktop/compsci 760/datasets/O-/cluster_7_740.BMP,ok,0.7976334951456311,79.7633495145631,False,normal,96,103,7887,9888,O-/cluster_7_740.BMP,O-
/Users/a75027/Desktop/compsci 760/datasets/O-/cluster_7_75.BMP,ok,0.7974312297734628,79.74312297734627,False,normal,96,103,7885,9888,O-/cluster_7_75.BMP,O-
/Users/a75027/Desktop/compsci 760/datasets/O-/cluster_7_750.BMP,ok,0.7167273462783171,71.67273462783172,False,normal,96,103,7087,9888,O-/cluster_7_750.BMP,O-
/Users/a75027/Desktop/compsci 760/datasets/O-/cluster_7_759.BMP,ok,0.7168284789644013,71.68284789644012,False,normal,96,103,7088,9888,O-/cluster_7_759.BMP,O-
/Users/a75027/Desktop/compsci 760/datasets/O-/cluster_7_779.BMP,ok,0.6901294498381877,69.01294498381877,False,normal,96,103,6824,9888,O-/cluster_7_779.BMP,O-
/Users/a75027/Desktop/compsci 760/datasets/O-/cluster_7_783.BMP,ok,0.7797330097087378,77.97330097087378,False,normal,96,103,7710,9888,O-/cluster_7_783.BMP,O-
/Users/a75027/Desktop/compsci 760/datasets/O-/cluster_7_789.BMP,ok,0.703782362459547,70.3782362459547,False,normal,96,103,6959,9888,O-/cluster_7_789.BMP,O-
/Users/a75027/Desktop/compsci 760/datasets/O-/cluster_7_79.BMP,ok,0.7623381877022654,76.23381877022653,False,normal,96,103,7538,9888,O-/cluster_7_79.BMP,O-
/Users/a75027/Desktop/compsci 760/datasets/O-/cluster_7_796.BMP,ok,0.7635517799352751,76.35517799352752,False,normal,96,103,7550,9888,O-/cluster_7_796.BMP,O-
/Users/a75027/Desktop/compsci 760/datasets/O-/cluster_7_809.BMP,ok,0.8111852750809061,81.11852750809061,False,normal,96,103,8021,9888,O-/cluster_7_809.BMP,O-
/Users/a75027/Desktop/compsci 760/datasets/O-/cluster_7_816.BMP,ok,0.7177386731391586,71.77386731391586,False,normal,96,103,7097,9888,O-/cluster_7_816.BMP,O-
/Users/a75027/Desktop/compsci 760/datasets/O-/cluster_7_822.BMP,ok,0.7185477346278317,71.85477346278317,False,normal,96,103,7105,9888,O-/cluster_7_822.BMP,O-
/Users/a75027/Desktop/compsci 760/datasets/O-/cluster_7_828.BMP,ok,0.7918689320388349,79.18689320388349,False,normal,96,103,7830,9888,O-/cluster_7_828.BMP,O-
/Users/a75027/Desktop/compsci 760/datasets/O-/cluster_7_831.BMP,ok,0.7172330097087378,71.72330097087378,False,normal,96,103,7092,9888,O-/cluster_7_831.BMP,O-
/Users/a75027/Desktop/compsci 760/datasets/O-/cluster_7_842.BMP,ok,0.772754854368932,77.2754854368932,False,normal,96,103,7641,9888,O-/cluster_7_842.BMP,O-
/Users/a75027/Desktop/compsci 760/datasets/O-/cluster_7_845.BMP,ok,0.470873786407767,47.0873786407767,False,normal,96,103,4656,9888,O-/cluster_7_845.BMP,O-
/Users/a75027/Desktop/compsci 760/datasets/O-/cluster_7_847.BMP,ok,0.6013349514563107,60.133495145631066,False,normal,96,103,5946,9888,O-/cluster_7_847.BMP,O-
/Users/a75027/Desktop/compsci 760/datasets/O-/cluster_7_85.BMP,ok,0.7646642394822006,76.46642394822007,False,normal,96,103,7561,9888,O-/cluster_7_85.BMP,O-
/Users/a75027/Desktop/compsci 760/datasets/O-/cluster_7_863.BMP,ok,0.6751618122977346,67.51618122977347,False,normal,96,103,6676,9888,O-/cluster_7_863.BMP,O-
/Users/a75027/Desktop/compsci 760/datasets/O-/cluster_7_869.BMP,ok,0.6522046925566343,65.22046925566343,False,normal,96,103,6449,9888,O-/cluster_7_869.BMP,O-
/Users/a75027/Desktop/compsci 760/datasets/O-/cluster_7_870.BMP,ok,0.6963996763754046,69.63996763754045,False,normal,96,103,6886,9888,O-/cluster_7_870.BMP,O-
/Users/a75027/Desktop/compsci 760/datasets/O-/cluster_7_88.BMP,ok,0.6751618122977346,67.51618122977347,False,normal,96,103,6676,9888,O-/cluster_7_88.BMP,O-
/Users/a75027/Desktop/compsci 760/datasets/O-/cluster_7_897.BMP,ok,0.7437297734627831,74.37297734627832,False,normal,96,103,7354,9888,O-/cluster_7_897.BMP,O-
/Users/a75027/Desktop/compsci 760/datasets/O-/cluster_7_9.BMP,ok,0.6546318770226537,65.46318770226537,False,normal,96,103,6473,9888,O-/cluster_7_9.BMP,O-
/Users/a75027/Desktop/compsci 760/datasets/O-/cluster_7_900.BMP,ok,0.7433252427184466,74.33252427184466,False,normal,96,103,7350,9888,O-/cluster_7_900.BMP,O-
/Users/a75027/Desktop/compsci 760/datasets/O-/cluster_7_91.BMP,ok,0.6011326860841424,60.11326860841424,False,normal,96,103,5944,9888,O-/cluster_7_91.BMP,O-
/Users/a75027/Desktop/compsci 760/datasets/O-/cluster_7_910.BMP,ok,0.7552588996763754,75.52588996763754,False,normal,96,103,7468,9888,O-/cluster_7_910.BMP,O-
/Users/a75027/Desktop/compsci 760/datasets/O-/cluster_7_918.BMP,ok,0.6190331715210357,61.90331715210357,False,normal,96,103,6121,9888,O-/cluster_7_918.BMP,O-
/Users/a75027/Desktop/compsci 760/datasets/O-/cluster_7_926.BMP,ok,0.7964199029126213,79.64199029126213,False,normal,96,103,7875,9888,O-/cluster_7_926.BMP,O-
/Users/a75027/Desktop/compsci 760/datasets/O-/cluster_7_936.BMP,ok,0.6810275080906149,68.10275080906149,False,normal,96,103,6734,9888,O-/cluster_7_936.BMP,O-
/Users/a75027/Desktop/compsci 760/datasets/O-/cluster_7_938.BMP,ok,0.715918284789644,71.5918284789644,False,normal,96,103,7079,9888,O-/cluster_7_938.BMP,O-
/Users/a75027/Desktop/compsci 760/datasets/O-/cluster_7_957.BMP,ok,0.749292071197411,74.92920711974111,False,normal,96,103,7409,9888,O-/cluster_7_957.BMP,O-
/Users/a75027/Desktop/compsci 760/datasets/O-/cluster_7_964.BMP,ok,0.6871966019417476,68.71966019417476,False,normal,96,103,6795,9888,O-/cluster_7_964.BMP,O-
/Users/a75027/Desktop/compsci 760/datasets/O-/cluster_7_977.BMP,ok,0.6443163430420712,64.43163430420712,False,normal,96,103,6371,9888,O-/cluster_7_977.BMP,O-
/Users/a75027/Desktop/compsci 760/datasets/O-/cluster_7_979.BMP,ok,0.6781957928802589,67.81957928802589,False,normal,96,103,6706,9888,O-/cluster_7_979.BMP,O-
/Users/a75027/Desktop/compsci 760/datasets/O-/cluster_7_985.BMP,ok,0.7230987055016181,72.30987055016182,False,normal,96,103,7150,9888,O-/cluster_7_985.BMP,O-
/Users/a75027/Desktop/compsci 760/datasets/O-/cluster_7_998.BMP,ok,0.6735436893203883,67.35436893203884,False,normal,96,103,6660,9888,O-/cluster_7_998.BMP,O-
/Users/a75027/Desktop/compsci 760/datasets/O-/cluster_7_999.BMP,ok,0.7438309061488673,74.38309061488673,False,normal,96,103,7355,9888,O-/cluster_7_999.BMP,O-
